Model,Sample_ID,Test_Index,Token_Index,Token_ID,Raw_Token,Token,Is_Special_Token,Emotion,SHAP_Value,Abs_SHAP,Base_Value,Model_Probability,Threshold,True_Label,Predicted_Label,SHAP_Max_Evals,XAI_Inference
ClinicalBERT,107a0dj,667,0,101,[CLS],,True,anger,0.0058486859779804945,0.0058486859779804945,0.4220624268054962,0.18731588125228882,0.34,0,0,600,FP32-token-IDs
ClinicalBERT,107a0dj,667,0,101,[CLS],,True,brain dysfunction (forget),-0.002457483671605587,0.002457483671605587,0.31252521276474,0.48225727677345276,0.34,1,1,600,FP32-token-IDs
ClinicalBERT,107a0dj,667,0,101,[CLS],,True,emptiness,0.01123345596715808,0.01123345596715808,0.19043175876140594,0.22272080183029175,0.34,0,0,600,FP32-token-IDs
ClinicalBERT,107a0dj,667,0,101,[CLS],,True,hopelessness,0.005874720402061939,0.005874720402061939,0.37155136466026306,0.938017725944519,0.34,1,1,600,FP32-token-IDs
ClinicalBERT,107a0dj,667,0,101,[CLS],,True,loneliness,0.004643963300623,0.004643963300623,0.21522760391235352,0.03840150684118271,0.34,0,0,600,FP32-token-IDs
ClinicalBERT,107a0dj,667,0,101,[CLS],,True,sadness,0.007758366409689188,0.007758366409689188,0.36865028738975525,0.8193396329879761,0.34,1,1,600,FP32-token-IDs
ClinicalBERT,107a0dj,667,0,101,[CLS],,True,suicide intent,0.0061212084256112576,0.0061212084256112576,0.16446495056152344,0.11454345285892487,0.34,0,0,600,FP32-token-IDs
ClinicalBERT,107a0dj,667,0,101,[CLS],,True,worthlessness,0.006827143486589193,0.006827143486589193,0.3376464545726776,0.8355488777160645,0.34,1,1,600,FP32-token-IDs
ClinicalBERT,107a0dj,667,1,1169,can,can,False,anger,0.0058486859779804945,0.0058486859779804945,0.4220624268054962,0.18731588125228882,0.34,0,0,600,FP32-token-IDs
ClinicalBERT,107a0dj,667,1,1169,can,can,False,brain dysfunction (forget),-0.002457483671605587,0.002457483671605587,0.31252521276474,0.48225727677345276,0.34,1,1,600,FP32-token-IDs
ClinicalBERT,107a0dj,667,1,1169,can,can,False,emptiness,0.01123345596715808,0.01123345596715808,0.19043175876140594,0.22272080183029175,0.34,0,0,600,FP32-token-IDs
ClinicalBERT,107a0dj,667,1,1169,can,can,False,hopelessness,0.005874720402061939,0.005874720402061939,0.37155136466026306,0.938017725944519,0.34,1,1,600,FP32-token-IDs
ClinicalBERT,107a0dj,667,1,1169,can,can,False,loneliness,0.004643963300623,0.004643963300623,0.21522760391235352,0.03840150684118271,0.34,0,0,600,FP32-token-IDs
ClinicalBERT,107a0dj,667,1,1169,can,can,False,sadness,0.007758366409689188,0.007758366409689188,0.36865028738975525,0.8193396329879761,0.34,1,1,600,FP32-token-IDs
ClinicalBERT,107a0dj,667,1,1169,can,can,False,suicide intent,0.0061212084256112576,0.0061212084256112576,0.16446495056152344,0.11454345285892487,0.34,0,0,600,FP32-token-IDs
ClinicalBERT,107a0dj,667,1,1169,can,can,False,worthlessness,0.006827143486589193,0.006827143486589193,0.3376464545726776,0.8355488777160645,0.34,1,1,600,FP32-token-IDs
ClinicalBERT,107a0dj,667,2,7560,depression,depression,False,anger,-0.19524909532628953,0.19524909532628953,0.4220624268054962,0.18731588125228882,0.34,0,0,600,FP32-token-IDs
ClinicalBERT,107a0dj,667,2,7560,depression,depression,False,brain dysfunction (forget),-0.0159451887011528,0.0159451887011528,0.31252521276474,0.48225727677345276,0.34,1,1,600,FP32-token-IDs
ClinicalBERT,107a0dj,667,2,7560,depression,depression,False,emptiness,0.010983907734043896,0.010983907734043896,0.19043175876140594,0.22272080183029175,0.34,0,0,600,FP32-token-IDs
ClinicalBERT,107a0dj,667,2,7560,depression,depression,False,hopelessness,0.07418184168636799,0.07418184168636799,0.37155136466026306,0.938017725944519,0.34,1,1,600,FP32-token-IDs
ClinicalBERT,107a0dj,667,2,7560,depression,depression,False,loneliness,-0.04560867277905345,0.04560867277905345,0.21522760391235352,0.03840150684118271,0.34,0,0,600,FP32-token-IDs
ClinicalBERT,107a0dj,667,2,7560,depression,depression,False,sadness,0.10317513346672058,0.10317513346672058,0.36865028738975525,0.8193396329879761,0.34,1,1,600,FP32-token-IDs
ClinicalBERT,107a0dj,667,2,7560,depression,depression,False,suicide intent,0.048101900960318744,0.048101900960318744,0.16446495056152344,0.11454345285892487,0.34,0,0,600,FP32-token-IDs
ClinicalBERT,107a0dj,667,2,7560,depression,depression,False,worthlessness,0.028267269488424063,0.028267269488424063,0.3376464545726776,0.8355488777160645,0.34,1,1,600,FP32-token-IDs
ClinicalBERT,107a0dj,667,3,1294,make,make,False,anger,0.016028276877477765,0.016028276877477765,0.4220624268054962,0.18731588125228882,0.34,0,0,600,FP32-token-IDs
ClinicalBERT,107a0dj,667,3,1294,make,make,False,brain dysfunction (forget),0.012255948036909103,0.012255948036909103,0.31252521276474,0.48225727677345276,0.34,1,1,600,FP32-token-IDs
ClinicalBERT,107a0dj,667,3,1294,make,make,False,emptiness,-0.024028943036682904,0.024028943036682904,0.19043175876140594,0.22272080183029175,0.34,0,0,600,FP32-token-IDs
ClinicalBERT,107a0dj,667,3,1294,make,make,False,hopelessness,0.008148102089762688,0.008148102089762688,0.37155136466026306,0.938017725944519,0.34,1,1,600,FP32-token-IDs
ClinicalBERT,107a0dj,667,3,1294,make,make,False,loneliness,-0.02154651703312993,0.02154651703312993,0.21522760391235352,0.03840150684118271,0.34,0,0,600,FP32-token-IDs
ClinicalBERT,107a0dj,667,3,1294,make,make,False,sadness,-0.0024254443123936653,0.0024254443123936653,0.36865028738975525,0.8193396329879761,0.34,1,1,600,FP32-token-IDs
ClinicalBERT,107a0dj,667,3,1294,make,make,False,suicide intent,-0.007605750462971628,0.007605750462971628,0.16446495056152344,0.11454345285892487,0.34,0,0,600,FP32-token-IDs
ClinicalBERT,107a0dj,667,3,1294,make,make,False,worthlessness,0.007595899980515242,0.007595899980515242,0.3376464545726776,0.8355488777160645,0.34,1,1,600,FP32-token-IDs
ClinicalBERT,107a0dj,667,4,1128,you,you,False,anger,0.011694281827658415,0.011694281827658415,0.4220624268054962,0.18731588125228882,0.34,0,0,600,FP32-token-IDs
ClinicalBERT,107a0dj,667,4,1128,you,you,False,brain dysfunction (forget),0.007181225344538689,0.007181225344538689,0.31252521276474,0.48225727677345276,0.34,1,1,600,FP32-token-IDs
ClinicalBERT,107a0dj,667,4,1128,you,you,False,emptiness,0.004307195854683717,0.004307195854683717,0.19043175876140594,0.22272080183029175,0.34,0,0,600,FP32-token-IDs
ClinicalBERT,107a0dj,667,4,1128,you,you,False,hopelessness,0.0024176745985945063,0.0024176745985945063,0.37155136466026306,0.938017725944519,0.34,1,1,600,FP32-token-IDs
ClinicalBERT,107a0dj,667,4,1128,you,you,False,loneliness,0.0034826326688441136,0.0034826326688441136,0.21522760391235352,0.03840150684118271,0.34,0,0,600,FP32-token-IDs
ClinicalBERT,107a0dj,667,4,1128,you,you,False,sadness,0.0002413283412655195,0.0002413283412655195,0.36865028738975525,0.8193396329879761,0.34,1,1,600,FP32-token-IDs
ClinicalBERT,107a0dj,667,4,1128,you,you,False,suicide intent,0.0012370701491211853,0.0012370701491211853,0.16446495056152344,0.11454345285892487,0.34,0,0,600,FP32-token-IDs
ClinicalBERT,107a0dj,667,4,1128,you,you,False,worthlessness,0.003881532698869705,0.003881532698869705,0.3376464545726776,0.8355488777160645,0.34,1,1,600,FP32-token-IDs
ClinicalBERT,107a0dj,667,5,14908,dumb,dumb,False,anger,0.016208548564463854,0.016208548564463854,0.4220624268054962,0.18731588125228882,0.34,0,0,600,FP32-token-IDs
ClinicalBERT,107a0dj,667,5,14908,dumb,dumb,False,brain dysfunction (forget),0.020556973293423653,0.020556973293423653,0.31252521276474,0.48225727677345276,0.34,1,1,600,FP32-token-IDs
ClinicalBERT,107a0dj,667,5,14908,dumb,dumb,False,emptiness,0.021237599042554695,0.021237599042554695,0.19043175876140594,0.22272080183029175,0.34,0,0,600,FP32-token-IDs
ClinicalBERT,107a0dj,667,5,14908,dumb,dumb,False,hopelessness,0.0032942503069837885,0.0032942503069837885,0.37155136466026306,0.938017725944519,0.34,1,1,600,FP32-token-IDs
ClinicalBERT,107a0dj,667,5,14908,dumb,dumb,False,loneliness,0.00961634642832602,0.00961634642832602,0.21522760391235352,0.03840150684118271,0.34,0,0,600,FP32-token-IDs
ClinicalBERT,107a0dj,667,5,14908,dumb,dumb,False,sadness,0.0002882893507679304,0.0002882893507679304,0.36865028738975525,0.8193396329879761,0.34,1,1,600,FP32-token-IDs
ClinicalBERT,107a0dj,667,5,14908,dumb,dumb,False,suicide intent,0.006345329068911573,0.006345329068911573,0.16446495056152344,0.11454345285892487,0.34,0,0,600,FP32-token-IDs
ClinicalBERT,107a0dj,667,5,14908,dumb,dumb,False,worthlessness,0.007406067103147507,0.007406067103147507,0.3376464545726776,0.8355488777160645,0.34,1,1,600,FP32-token-IDs
ClinicalBERT,107a0dj,667,6,136,?,?,False,anger,-0.004042183049023151,0.004042183049023151,0.4220624268054962,0.18731588125228882,0.34,0,0,600,FP32-token-IDs
ClinicalBERT,107a0dj,667,6,136,?,?,False,brain dysfunction (forget),-0.00521148182451725,0.00521148182451725,0.31252521276474,0.48225727677345276,0.34,1,1,600,FP32-token-IDs
ClinicalBERT,107a0dj,667,6,136,?,?,False,emptiness,-0.008319522875050703,0.008319522875050703,0.19043175876140594,0.22272080183029175,0.34,0,0,600,FP32-token-IDs
ClinicalBERT,107a0dj,667,6,136,?,?,False,hopelessness,0.001821437229712804,0.001821437229712804,0.37155136466026306,0.938017725944519,0.34,1,1,600,FP32-token-IDs
ClinicalBERT,107a0dj,667,6,136,?,?,False,loneliness,-0.005470932422516246,0.005470932422516246,0.21522760391235352,0.03840150684118271,0.34,0,0,600,FP32-token-IDs
ClinicalBERT,107a0dj,667,6,136,?,?,False,sadness,-0.0017275108645359676,0.0017275108645359676,0.36865028738975525,0.8193396329879761,0.34,1,1,600,FP32-token-IDs
ClinicalBERT,107a0dj,667,6,136,?,?,False,suicide intent,-0.008910981627802054,0.008910981627802054,0.16446495056152344,0.11454345285892487,0.34,0,0,600,FP32-token-IDs
ClinicalBERT,107a0dj,667,6,136,?,?,False,worthlessness,0.0019052773714065552,0.0019052773714065552,0.3376464545726776,0.8355488777160645,0.34,1,1,600,FP32-token-IDs
ClinicalBERT,107a0dj,667,7,108,#,#,False,anger,-0.007079013170570963,0.007079013170570963,0.4220624268054962,0.18731588125228882,0.34,0,0,600,FP32-token-IDs
ClinicalBERT,107a0dj,667,7,108,#,#,False,brain dysfunction (forget),-0.0020399593955112826,0.0020399593955112826,0.31252521276474,0.48225727677345276,0.34,1,1,600,FP32-token-IDs
ClinicalBERT,107a0dj,667,7,108,#,#,False,emptiness,-0.01982676276626686,0.01982676276626686,0.19043175876140594,0.22272080183029175,0.34,0,0,600,FP32-token-IDs
ClinicalBERT,107a0dj,667,7,108,#,#,False,hopelessness,0.0018639674979365533,0.0018639674979365533,0.37155136466026306,0.938017725944519,0.34,1,1,600,FP32-token-IDs
ClinicalBERT,107a0dj,667,7,108,#,#,False,loneliness,-0.012513788074203249,0.012513788074203249,0.21522760391235352,0.03840150684118271,0.34,0,0,600,FP32-token-IDs
ClinicalBERT,107a0dj,667,7,108,#,#,False,sadness,-0.0012063087843772438,0.0012063087843772438,0.36865028738975525,0.8193396329879761,0.34,1,1,600,FP32-token-IDs
ClinicalBERT,107a0dj,667,7,108,#,#,False,suicide intent,-0.011902638432931982,0.011902638432931982,0.16446495056152344,0.11454345285892487,0.34,0,0,600,FP32-token-IDs
ClinicalBERT,107a0dj,667,7,108,#,#,False,worthlessness,1.2222780949539512e-05,1.2222780949539512e-05,0.3376464545726776,0.8355488777160645,0.34,1,1,600,FP32-token-IDs
ClinicalBERT,107a0dj,667,8,108,#,#,False,anger,-0.007079013170570963,0.007079013170570963,0.4220624268054962,0.18731588125228882,0.34,0,0,600,FP32-token-IDs
ClinicalBERT,107a0dj,667,8,108,#,#,False,brain dysfunction (forget),-0.0020399593955112826,0.0020399593955112826,0.31252521276474,0.48225727677345276,0.34,1,1,600,FP32-token-IDs
ClinicalBERT,107a0dj,667,8,108,#,#,False,emptiness,-0.01982676276626686,0.01982676276626686,0.19043175876140594,0.22272080183029175,0.34,0,0,600,FP32-token-IDs
ClinicalBERT,107a0dj,667,8,108,#,#,False,hopelessness,0.0018639674979365533,0.0018639674979365533,0.37155136466026306,0.938017725944519,0.34,1,1,600,FP32-token-IDs
ClinicalBERT,107a0dj,667,8,108,#,#,False,loneliness,-0.012513788074203249,0.012513788074203249,0.21522760391235352,0.03840150684118271,0.34,0,0,600,FP32-token-IDs
ClinicalBERT,107a0dj,667,8,108,#,#,False,sadness,-0.0012063087843772438,0.0012063087843772438,0.36865028738975525,0.8193396329879761,0.34,1,1,600,FP32-token-IDs
ClinicalBERT,107a0dj,667,8,108,#,#,False,suicide intent,-0.011902638432931982,0.011902638432931982,0.16446495056152344,0.11454345285892487,0.34,0,0,600,FP32-token-IDs
ClinicalBERT,107a0dj,667,8,108,#,#,False,worthlessness,1.2222780949539512e-05,1.2222780949539512e-05,0.3376464545726776,0.8355488777160645,0.34,1,1,600,FP32-token-IDs
ClinicalBERT,107a0dj,667,9,108,#,#,False,anger,0.0003205938135377234,0.0003205938135377234,0.4220624268054962,0.18731588125228882,0.34,0,0,600,FP32-token-IDs
ClinicalBERT,107a0dj,667,9,108,#,#,False,brain dysfunction (forget),0.001588637733625041,0.001588637733625041,0.31252521276474,0.48225727677345276,0.34,1,1,600,FP32-token-IDs
ClinicalBERT,107a0dj,667,9,108,#,#,False,emptiness,-0.006776102042446533,0.006776102042446533,0.19043175876140594,0.22272080183029175,0.34,0,0,600,FP32-token-IDs
ClinicalBERT,107a0dj,667,9,108,#,#,False,hopelessness,0.0033369277241743272,0.0033369277241743272,0.37155136466026306,0.938017725944519,0.34,1,1,600,FP32-token-IDs
ClinicalBERT,107a0dj,667,9,108,#,#,False,loneliness,-0.008196712361596938,0.008196712361596938,0.21522760391235352,0.03840150684118271,0.34,0,0,600,FP32-token-IDs
ClinicalBERT,107a0dj,667,9,108,#,#,False,sadness,0.002766101440000865,0.002766101440000865,0.36865028738975525,0.8193396329879761,0.34,1,1,600,FP32-token-IDs
ClinicalBERT,107a0dj,667,9,108,#,#,False,suicide intent,-0.007284774748970651,0.007284774748970651,0.16446495056152344,0.11454345285892487,0.34,0,0,600,FP32-token-IDs
ClinicalBERT,107a0dj,667,9,108,#,#,False,worthlessness,0.004110435127384133,0.004110435127384133,0.3376464545726776,0.8355488777160645,0.34,1,1,600,FP32-token-IDs
ClinicalBERT,107a0dj,667,10,1176,like,like,False,anger,0.0003205938135377234,0.0003205938135377234,0.4220624268054962,0.18731588125228882,0.34,0,0,600,FP32-token-IDs
ClinicalBERT,107a0dj,667,10,1176,like,like,False,brain dysfunction (forget),0.001588637733625041,0.001588637733625041,0.31252521276474,0.48225727677345276,0.34,1,1,600,FP32-token-IDs
ClinicalBERT,107a0dj,667,10,1176,like,like,False,emptiness,-0.006776102042446533,0.006776102042446533,0.19043175876140594,0.22272080183029175,0.34,0,0,600,FP32-token-IDs
ClinicalBERT,107a0dj,667,10,1176,like,like,False,hopelessness,0.0033369277241743272,0.0033369277241743272,0.37155136466026306,0.938017725944519,0.34,1,1,600,FP32-token-IDs
ClinicalBERT,107a0dj,667,10,1176,like,like,False,loneliness,-0.008196712361596938,0.008196712361596938,0.21522760391235352,0.03840150684118271,0.34,0,0,600,FP32-token-IDs
ClinicalBERT,107a0dj,667,10,1176,like,like,False,sadness,0.002766101440000865,0.002766101440000865,0.36865028738975525,0.8193396329879761,0.34,1,1,600,FP32-token-IDs
ClinicalBERT,107a0dj,667,10,1176,like,like,False,suicide intent,-0.007284774748970651,0.007284774748970651,0.16446495056152344,0.11454345285892487,0.34,0,0,600,FP32-token-IDs
ClinicalBERT,107a0dj,667,10,1176,like,like,False,worthlessness,0.004110435127384133,0.004110435127384133,0.3376464545726776,0.8355488777160645,0.34,1,1,600,FP32-token-IDs
ClinicalBERT,107a0dj,667,11,1142,this,this,False,anger,-0.006986074325525098,0.006986074325525098,0.4220624268054962,0.18731588125228882,0.34,0,0,600,FP32-token-IDs
ClinicalBERT,107a0dj,667,11,1142,this,this,False,brain dysfunction (forget),0.0008266081360893116,0.0008266081360893116,0.31252521276474,0.48225727677345276,0.34,1,1,600,FP32-token-IDs
ClinicalBERT,107a0dj,667,11,1142,this,this,False,emptiness,0.010843965023135145,0.010843965023135145,0.19043175876140594,0.22272080183029175,0.34,0,0,600,FP32-token-IDs
ClinicalBERT,107a0dj,667,11,1142,this,this,False,hopelessness,0.003701942051864333,0.003701942051864333,0.37155136466026306,0.938017725944519,0.34,1,1,600,FP32-token-IDs
ClinicalBERT,107a0dj,667,11,1142,this,this,False,loneliness,0.00499342987831268,0.00499342987831268,0.21522760391235352,0.03840150684118271,0.34,0,0,600,FP32-token-IDs
ClinicalBERT,107a0dj,667,11,1142,this,this,False,sadness,0.006447024043235513,0.006447024043235513,0.36865028738975525,0.8193396329879761,0.34,1,1,600,FP32-token-IDs
ClinicalBERT,107a0dj,667,11,1142,this,this,False,suicide intent,0.003392316108672983,0.003392316108672983,0.16446495056152344,0.11454345285892487,0.34,0,0,600,FP32-token-IDs
ClinicalBERT,107a0dj,667,11,1142,this,this,False,worthlessness,0.0037198959953255125,0.0037198959953255125,0.3376464545726776,0.8355488777160645,0.34,1,1,600,FP32-token-IDs
ClinicalBERT,107a0dj,667,12,2296,feeling,feeling,False,anger,-0.006986074325525098,0.006986074325525098,0.4220624268054962,0.18731588125228882,0.34,0,0,600,FP32-token-IDs
ClinicalBERT,107a0dj,667,12,2296,feeling,feeling,False,brain dysfunction (forget),0.0008266081360893116,0.0008266081360893116,0.31252521276474,0.48225727677345276,0.34,1,1,600,FP32-token-IDs
ClinicalBERT,107a0dj,667,12,2296,feeling,feeling,False,emptiness,0.010843965023135145,0.010843965023135145,0.19043175876140594,0.22272080183029175,0.34,0,0,600,FP32-token-IDs
ClinicalBERT,107a0dj,667,12,2296,feeling,feeling,False,hopelessness,0.003701942051864333,0.003701942051864333,0.37155136466026306,0.938017725944519,0.34,1,1,600,FP32-token-IDs
ClinicalBERT,107a0dj,667,12,2296,feeling,feeling,False,loneliness,0.00499342987831268,0.00499342987831268,0.21522760391235352,0.03840150684118271,0.34,0,0,600,FP32-token-IDs
ClinicalBERT,107a0dj,667,12,2296,feeling,feeling,False,sadness,0.006447024043235513,0.006447024043235513,0.36865028738975525,0.8193396329879761,0.34,1,1,600,FP32-token-IDs
ClinicalBERT,107a0dj,667,12,2296,feeling,feeling,False,suicide intent,0.003392316108672983,0.003392316108672983,0.16446495056152344,0.11454345285892487,0.34,0,0,600,FP32-token-IDs
ClinicalBERT,107a0dj,667,12,2296,feeling,feeling,False,worthlessness,0.0037198959953255125,0.0037198959953255125,0.3376464545726776,0.8355488777160645,0.34,1,1,600,FP32-token-IDs
ClinicalBERT,107a0dj,667,13,8186,hasn,hasn,False,anger,-0.005464640001042021,0.005464640001042021,0.4220624268054962,0.18731588125228882,0.34,0,0,600,FP32-token-IDs
ClinicalBERT,107a0dj,667,13,8186,hasn,hasn,False,brain dysfunction (forget),0.0016495940689411428,0.0016495940689411428,0.31252521276474,0.48225727677345276,0.34,1,1,600,FP32-token-IDs
ClinicalBERT,107a0dj,667,13,8186,hasn,hasn,False,emptiness,0.009886251327892144,0.009886251327892144,0.19043175876140594,0.22272080183029175,0.34,0,0,600,FP32-token-IDs
ClinicalBERT,107a0dj,667,13,8186,hasn,hasn,False,hopelessness,0.0035739362653758795,0.0035739362653758795,0.37155136466026306,0.938017725944519,0.34,1,1,600,FP32-token-IDs
ClinicalBERT,107a0dj,667,13,8186,hasn,hasn,False,loneliness,0.004536941963144475,0.004536941963144475,0.21522760391235352,0.03840150684118271,0.34,0,0,600,FP32-token-IDs
ClinicalBERT,107a0dj,667,13,8186,hasn,hasn,False,sadness,0.0057501929708653025,0.0057501929708653025,0.36865028738975525,0.8193396329879761,0.34,1,1,600,FP32-token-IDs
ClinicalBERT,107a0dj,667,13,8186,hasn,hasn,False,suicide intent,0.0037433241752700673,0.0037433241752700673,0.16446495056152344,0.11454345285892487,0.34,0,0,600,FP32-token-IDs
ClinicalBERT,107a0dj,667,13,8186,hasn,hasn,False,worthlessness,0.0036046119199858776,0.0036046119199858776,0.3376464545726776,0.8355488777160645,0.34,1,1,600,FP32-token-IDs
ClinicalBERT,107a0dj,667,14,112,',',False,anger,-0.005464640001042021,0.005464640001042021,0.4220624268054962,0.18731588125228882,0.34,0,0,600,FP32-token-IDs
ClinicalBERT,107a0dj,667,14,112,',',False,brain dysfunction (forget),0.0016495940689411428,0.0016495940689411428,0.31252521276474,0.48225727677345276,0.34,1,1,600,FP32-token-IDs
ClinicalBERT,107a0dj,667,14,112,',',False,emptiness,0.009886251327892144,0.009886251327892144,0.19043175876140594,0.22272080183029175,0.34,0,0,600,FP32-token-IDs
ClinicalBERT,107a0dj,667,14,112,',',False,hopelessness,0.0035739362653758795,0.0035739362653758795,0.37155136466026306,0.938017725944519,0.34,1,1,600,FP32-token-IDs
ClinicalBERT,107a0dj,667,14,112,',',False,loneliness,0.004536941963144475,0.004536941963144475,0.21522760391235352,0.03840150684118271,0.34,0,0,600,FP32-token-IDs
ClinicalBERT,107a0dj,667,14,112,',',False,sadness,0.0057501929708653025,0.0057501929708653025,0.36865028738975525,0.8193396329879761,0.34,1,1,600,FP32-token-IDs
ClinicalBERT,107a0dj,667,14,112,',',False,suicide intent,0.0037433241752700673,0.0037433241752700673,0.16446495056152344,0.11454345285892487,0.34,0,0,600,FP32-token-IDs
ClinicalBERT,107a0dj,667,14,112,',',False,worthlessness,0.0036046119199858776,0.0036046119199858776,0.3376464545726776,0.8355488777160645,0.34,1,1,600,FP32-token-IDs
ClinicalBERT,107a0dj,667,15,189,t,t,False,anger,-0.005464640001042021,0.005464640001042021,0.4220624268054962,0.18731588125228882,0.34,0,0,600,FP32-token-IDs
ClinicalBERT,107a0dj,667,15,189,t,t,False,brain dysfunction (forget),0.0016495940689411428,0.0016495940689411428,0.31252521276474,0.48225727677345276,0.34,1,1,600,FP32-token-IDs
ClinicalBERT,107a0dj,667,15,189,t,t,False,emptiness,0.009886251327892144,0.009886251327892144,0.19043175876140594,0.22272080183029175,0.34,0,0,600,FP32-token-IDs
ClinicalBERT,107a0dj,667,15,189,t,t,False,hopelessness,0.0035739362653758795,0.0035739362653758795,0.37155136466026306,0.938017725944519,0.34,1,1,600,FP32-token-IDs
ClinicalBERT,107a0dj,667,15,189,t,t,False,loneliness,0.004536941963144475,0.004536941963144475,0.21522760391235352,0.03840150684118271,0.34,0,0,600,FP32-token-IDs
ClinicalBERT,107a0dj,667,15,189,t,t,False,sadness,0.0057501929708653025,0.0057501929708653025,0.36865028738975525,0.8193396329879761,0.34,1,1,600,FP32-token-IDs
ClinicalBERT,107a0dj,667,15,189,t,t,False,suicide intent,0.0037433241752700673,0.0037433241752700673,0.16446495056152344,0.11454345285892487,0.34,0,0,600,FP32-token-IDs
ClinicalBERT,107a0dj,667,15,189,t,t,False,worthlessness,0.0036046119199858776,0.0036046119199858776,0.3376464545726776,0.8355488777160645,0.34,1,1,600,FP32-token-IDs
ClinicalBERT,107a0dj,667,16,1151,been,been,False,anger,-0.0070304640879233675,0.0070304640879233675,0.4220624268054962,0.18731588125228882,0.34,0,0,600,FP32-token-IDs
ClinicalBERT,107a0dj,667,16,1151,been,been,False,brain dysfunction (forget),-0.009701911204804977,0.009701911204804977,0.31252521276474,0.48225727677345276,0.34,1,1,600,FP32-token-IDs
ClinicalBERT,107a0dj,667,16,1151,been,been,False,emptiness,-0.015790967658783,0.015790967658783,0.19043175876140594,0.22272080183029175,0.34,0,0,600,FP32-token-IDs
ClinicalBERT,107a0dj,667,16,1151,been,been,False,hopelessness,0.0011462909169495106,0.0011462909169495106,0.37155136466026306,0.938017725944519,0.34,1,1,600,FP32-token-IDs
ClinicalBERT,107a0dj,667,16,1151,been,been,False,loneliness,-0.011629564998050531,0.011629564998050531,0.21522760391235352,0.03840150684118271,0.34,0,0,600,FP32-token-IDs
ClinicalBERT,107a0dj,667,16,1151,been,been,False,sadness,0.0019622482359409332,0.0019622482359409332,0.36865028738975525,0.8193396329879761,0.34,1,1,600,FP32-token-IDs
ClinicalBERT,107a0dj,667,16,1151,been,been,False,suicide intent,-0.006638758971045415,0.006638758971045415,0.16446495056152344,0.11454345285892487,0.34,0,0,600,FP32-token-IDs
ClinicalBERT,107a0dj,667,16,1151,been,been,False,worthlessness,-0.0010550711303949356,0.0010550711303949356,0.3376464545726776,0.8355488777160645,0.34,1,1,600,FP32-token-IDs
ClinicalBERT,107a0dj,667,17,6434,terrible,terrible,False,anger,-0.0070304640879233675,0.0070304640879233675,0.4220624268054962,0.18731588125228882,0.34,0,0,600,FP32-token-IDs
ClinicalBERT,107a0dj,667,17,6434,terrible,terrible,False,brain dysfunction (forget),-0.009701911204804977,0.009701911204804977,0.31252521276474,0.48225727677345276,0.34,1,1,600,FP32-token-IDs
ClinicalBERT,107a0dj,667,17,6434,terrible,terrible,False,emptiness,-0.015790967658783,0.015790967658783,0.19043175876140594,0.22272080183029175,0.34,0,0,600,FP32-token-IDs
ClinicalBERT,107a0dj,667,17,6434,terrible,terrible,False,hopelessness,0.0011462909169495106,0.0011462909169495106,0.37155136466026306,0.938017725944519,0.34,1,1,600,FP32-token-IDs
ClinicalBERT,107a0dj,667,17,6434,terrible,terrible,False,loneliness,-0.011629564998050531,0.011629564998050531,0.21522760391235352,0.03840150684118271,0.34,0,0,600,FP32-token-IDs
ClinicalBERT,107a0dj,667,17,6434,terrible,terrible,False,sadness,0.0019622482359409332,0.0019622482359409332,0.36865028738975525,0.8193396329879761,0.34,1,1,600,FP32-token-IDs
ClinicalBERT,107a0dj,667,17,6434,terrible,terrible,False,suicide intent,-0.006638758971045415,0.006638758971045415,0.16446495056152344,0.11454345285892487,0.34,0,0,600,FP32-token-IDs
ClinicalBERT,107a0dj,667,17,6434,terrible,terrible,False,worthlessness,-0.0010550711303949356,0.0010550711303949356,0.3376464545726776,0.8355488777160645,0.34,1,1,600,FP32-token-IDs
ClinicalBERT,107a0dj,667,18,1640,already,already,False,anger,-0.0070304640879233675,0.0070304640879233675,0.4220624268054962,0.18731588125228882,0.34,0,0,600,FP32-token-IDs
ClinicalBERT,107a0dj,667,18,1640,already,already,False,brain dysfunction (forget),-0.009701911204804977,0.009701911204804977,0.31252521276474,0.48225727677345276,0.34,1,1,600,FP32-token-IDs
ClinicalBERT,107a0dj,667,18,1640,already,already,False,emptiness,-0.015790967658783,0.015790967658783,0.19043175876140594,0.22272080183029175,0.34,0,0,600,FP32-token-IDs
ClinicalBERT,107a0dj,667,18,1640,already,already,False,hopelessness,0.0011462909169495106,0.0011462909169495106,0.37155136466026306,0.938017725944519,0.34,1,1,600,FP32-token-IDs
ClinicalBERT,107a0dj,667,18,1640,already,already,False,loneliness,-0.011629564998050531,0.011629564998050531,0.21522760391235352,0.03840150684118271,0.34,0,0,600,FP32-token-IDs
ClinicalBERT,107a0dj,667,18,1640,already,already,False,sadness,0.0019622482359409332,0.0019622482359409332,0.36865028738975525,0.8193396329879761,0.34,1,1,600,FP32-token-IDs
ClinicalBERT,107a0dj,667,18,1640,already,already,False,suicide intent,-0.006638758971045415,0.006638758971045415,0.16446495056152344,0.11454345285892487,0.34,0,0,600,FP32-token-IDs
ClinicalBERT,107a0dj,667,18,1640,already,already,False,worthlessness,-0.0010550711303949356,0.0010550711303949356,0.3376464545726776,0.8355488777160645,0.34,1,1,600,FP32-token-IDs
ClinicalBERT,107a0dj,667,19,117,",",",",False,anger,-0.007688959129154682,0.007688959129154682,0.4220624268054962,0.18731588125228882,0.34,0,0,600,FP32-token-IDs
ClinicalBERT,107a0dj,667,19,117,",",",",False,brain dysfunction (forget),-0.000449527520686388,0.000449527520686388,0.31252521276474,0.48225727677345276,0.34,1,1,600,FP32-token-IDs
ClinicalBERT,107a0dj,667,19,117,",",",",False,emptiness,0.0011714848224073648,0.0011714848224073648,0.19043175876140594,0.22272080183029175,0.34,0,0,600,FP32-token-IDs
ClinicalBERT,107a0dj,667,19,117,",",",",False,hopelessness,-0.0009577847085893154,0.0009577847085893154,0.37155136466026306,0.938017725944519,0.34,1,1,600,FP32-token-IDs
ClinicalBERT,107a0dj,667,19,117,",",",",False,loneliness,-0.003425195813179016,0.003425195813179016,0.21522760391235352,0.03840150684118271,0.34,0,0,600,FP32-token-IDs
ClinicalBERT,107a0dj,667,19,117,",",",",False,sadness,0.0018601641058921814,0.0018601641058921814,0.36865028738975525,0.8193396329879761,0.34,1,1,600,FP32-token-IDs
ClinicalBERT,107a0dj,667,19,117,",",",",False,suicide intent,-0.0015716161578893661,0.0015716161578893661,0.16446495056152344,0.11454345285892487,0.34,0,0,600,FP32-token-IDs
ClinicalBERT,107a0dj,667,19,117,",",",",False,worthlessness,-0.0005491655319929123,0.0005491655319929123,0.3376464545726776,0.8355488777160645,0.34,1,1,600,FP32-token-IDs
ClinicalBERT,107a0dj,667,20,178,i,i,False,anger,0.006407842629899581,0.006407842629899581,0.4220624268054962,0.18731588125228882,0.34,0,0,600,FP32-token-IDs
ClinicalBERT,107a0dj,667,20,178,i,i,False,brain dysfunction (forget),0.011002728311965863,0.011002728311965863,0.31252521276474,0.48225727677345276,0.34,1,1,600,FP32-token-IDs
ClinicalBERT,107a0dj,667,20,178,i,i,False,emptiness,0.009934402645255129,0.009934402645255129,0.19043175876140594,0.22272080183029175,0.34,0,0,600,FP32-token-IDs
ClinicalBERT,107a0dj,667,20,178,i,i,False,hopelessness,0.0056808041719098885,0.0056808041719098885,0.37155136466026306,0.938017725944519,0.34,1,1,600,FP32-token-IDs
ClinicalBERT,107a0dj,667,20,178,i,i,False,loneliness,0.0047532920803253845,0.0047532920803253845,0.21522760391235352,0.03840150684118271,0.34,0,0,600,FP32-token-IDs
ClinicalBERT,107a0dj,667,20,178,i,i,False,sadness,0.0024424092223246895,0.0024424092223246895,0.36865028738975525,0.8193396329879761,0.34,1,1,600,FP32-token-IDs
ClinicalBERT,107a0dj,667,20,178,i,i,False,suicide intent,0.0068064712220802905,0.0068064712220802905,0.16446495056152344,0.11454345285892487,0.34,0,0,600,FP32-token-IDs
ClinicalBERT,107a0dj,667,20,178,i,i,False,worthlessness,0.0098547101020813,0.0098547101020813,0.3376464545726776,0.8355488777160645,0.34,1,1,600,FP32-token-IDs
ClinicalBERT,107a0dj,667,21,1631,feel,feel,False,anger,0.006407842629899581,0.006407842629899581,0.4220624268054962,0.18731588125228882,0.34,0,0,600,FP32-token-IDs
ClinicalBERT,107a0dj,667,21,1631,feel,feel,False,brain dysfunction (forget),0.011002728311965863,0.011002728311965863,0.31252521276474,0.48225727677345276,0.34,1,1,600,FP32-token-IDs
ClinicalBERT,107a0dj,667,21,1631,feel,feel,False,emptiness,0.009934402645255129,0.009934402645255129,0.19043175876140594,0.22272080183029175,0.34,0,0,600,FP32-token-IDs
ClinicalBERT,107a0dj,667,21,1631,feel,feel,False,hopelessness,0.0056808041719098885,0.0056808041719098885,0.37155136466026306,0.938017725944519,0.34,1,1,600,FP32-token-IDs
ClinicalBERT,107a0dj,667,21,1631,feel,feel,False,loneliness,0.0047532920803253845,0.0047532920803253845,0.21522760391235352,0.03840150684118271,0.34,0,0,600,FP32-token-IDs
ClinicalBERT,107a0dj,667,21,1631,feel,feel,False,sadness,0.0024424092223246895,0.0024424092223246895,0.36865028738975525,0.8193396329879761,0.34,1,1,600,FP32-token-IDs
ClinicalBERT,107a0dj,667,21,1631,feel,feel,False,suicide intent,0.0068064712220802905,0.0068064712220802905,0.16446495056152344,0.11454345285892487,0.34,0,0,600,FP32-token-IDs
ClinicalBERT,107a0dj,667,21,1631,feel,feel,False,worthlessness,0.0098547101020813,0.0098547101020813,0.3376464545726776,0.8355488777160645,0.34,1,1,600,FP32-token-IDs
ClinicalBERT,107a0dj,667,22,2423,completely,completely,False,anger,0.007189781839648882,0.007189781839648882,0.4220624268054962,0.18731588125228882,0.34,0,0,600,FP32-token-IDs
ClinicalBERT,107a0dj,667,22,2423,completely,completely,False,brain dysfunction (forget),0.016882725432515146,0.016882725432515146,0.31252521276474,0.48225727677345276,0.34,1,1,600,FP32-token-IDs
ClinicalBERT,107a0dj,667,22,2423,completely,completely,False,emptiness,0.008116310415789486,0.008116310415789486,0.19043175876140594,0.22272080183029175,0.34,0,0,600,FP32-token-IDs
ClinicalBERT,107a0dj,667,22,2423,completely,completely,False,hopelessness,0.005435408589740595,0.005435408589740595,0.37155136466026306,0.938017725944519,0.34,1,1,600,FP32-token-IDs
ClinicalBERT,107a0dj,667,22,2423,completely,completely,False,loneliness,4.1164581974347404e-05,4.1164581974347404e-05,0.21522760391235352,0.03840150684118271,0.34,0,0,600,FP32-token-IDs
ClinicalBERT,107a0dj,667,22,2423,completely,completely,False,sadness,0.00015766322612762452,0.00015766322612762452,0.36865028738975525,0.8193396329879761,0.34,1,1,600,FP32-token-IDs
ClinicalBERT,107a0dj,667,22,2423,completely,completely,False,suicide intent,0.002746707402790586,0.002746707402790586,0.16446495056152344,0.11454345285892487,0.34,0,0,600,FP32-token-IDs
ClinicalBERT,107a0dj,667,22,2423,completely,completely,False,worthlessness,0.010150346346199513,0.010150346346199513,0.3376464545726776,0.8355488777160645,0.34,1,1,600,FP32-token-IDs
ClinicalBERT,107a0dj,667,23,4736,stupid,stupid,False,anger,0.007189781839648882,0.007189781839648882,0.4220624268054962,0.18731588125228882,0.34,0,0,600,FP32-token-IDs
ClinicalBERT,107a0dj,667,23,4736,stupid,stupid,False,brain dysfunction (forget),0.016882725432515146,0.016882725432515146,0.31252521276474,0.48225727677345276,0.34,1,1,600,FP32-token-IDs
ClinicalBERT,107a0dj,667,23,4736,stupid,stupid,False,emptiness,0.008116310415789486,0.008116310415789486,0.19043175876140594,0.22272080183029175,0.34,0,0,600,FP32-token-IDs
ClinicalBERT,107a0dj,667,23,4736,stupid,stupid,False,hopelessness,0.005435408589740595,0.005435408589740595,0.37155136466026306,0.938017725944519,0.34,1,1,600,FP32-token-IDs
ClinicalBERT,107a0dj,667,23,4736,stupid,stupid,False,loneliness,4.1164581974347404e-05,4.1164581974347404e-05,0.21522760391235352,0.03840150684118271,0.34,0,0,600,FP32-token-IDs
ClinicalBERT,107a0dj,667,23,4736,stupid,stupid,False,sadness,0.00015766322612762452,0.00015766322612762452,0.36865028738975525,0.8193396329879761,0.34,1,1,600,FP32-token-IDs
ClinicalBERT,107a0dj,667,23,4736,stupid,stupid,False,suicide intent,0.002746707402790586,0.002746707402790586,0.16446495056152344,0.11454345285892487,0.34,0,0,600,FP32-token-IDs
ClinicalBERT,107a0dj,667,23,4736,stupid,stupid,False,worthlessness,0.010150346346199513,0.010150346346199513,0.3376464545726776,0.8355488777160645,0.34,1,1,600,FP32-token-IDs
ClinicalBERT,107a0dj,667,24,1208,now,now,False,anger,0.007189781839648882,0.007189781839648882,0.4220624268054962,0.18731588125228882,0.34,0,0,600,FP32-token-IDs
ClinicalBERT,107a0dj,667,24,1208,now,now,False,brain dysfunction (forget),0.016882725432515146,0.016882725432515146,0.31252521276474,0.48225727677345276,0.34,1,1,600,FP32-token-IDs
ClinicalBERT,107a0dj,667,24,1208,now,now,False,emptiness,0.008116310415789486,0.008116310415789486,0.19043175876140594,0.22272080183029175,0.34,0,0,600,FP32-token-IDs
ClinicalBERT,107a0dj,667,24,1208,now,now,False,hopelessness,0.005435408589740595,0.005435408589740595,0.37155136466026306,0.938017725944519,0.34,1,1,600,FP32-token-IDs
ClinicalBERT,107a0dj,667,24,1208,now,now,False,loneliness,4.1164581974347404e-05,4.1164581974347404e-05,0.21522760391235352,0.03840150684118271,0.34,0,0,600,FP32-token-IDs
ClinicalBERT,107a0dj,667,24,1208,now,now,False,sadness,0.00015766322612762452,0.00015766322612762452,0.36865028738975525,0.8193396329879761,0.34,1,1,600,FP32-token-IDs
ClinicalBERT,107a0dj,667,24,1208,now,now,False,suicide intent,0.002746707402790586,0.002746707402790586,0.16446495056152344,0.11454345285892487,0.34,0,0,600,FP32-token-IDs
ClinicalBERT,107a0dj,667,24,1208,now,now,False,worthlessness,0.010150346346199513,0.010150346346199513,0.3376464545726776,0.8355488777160645,0.34,1,1,600,FP32-token-IDs
ClinicalBERT,107a0dj,667,25,117,",",",",False,anger,0.00030927437668045376,0.00030927437668045376,0.4220624268054962,0.18731588125228882,0.34,0,0,600,FP32-token-IDs
ClinicalBERT,107a0dj,667,25,117,",",",",False,brain dysfunction (forget),0.0031930465872089067,0.0031930465872089067,0.31252521276474,0.48225727677345276,0.34,1,1,600,FP32-token-IDs
ClinicalBERT,107a0dj,667,25,117,",",",",False,emptiness,0.0018153390071044366,0.0018153390071044366,0.19043175876140594,0.22272080183029175,0.34,0,0,600,FP32-token-IDs
ClinicalBERT,107a0dj,667,25,117,",",",",False,hopelessness,0.0039582469811042156,0.0039582469811042156,0.37155136466026306,0.938017725944519,0.34,1,1,600,FP32-token-IDs
ClinicalBERT,107a0dj,667,25,117,",",",",False,loneliness,0.0013320048650105796,0.0013320048650105796,0.21522760391235352,0.03840150684118271,0.34,0,0,600,FP32-token-IDs
ClinicalBERT,107a0dj,667,25,117,",",",",False,sadness,0.001412158211072286,0.001412158211072286,0.36865028738975525,0.8193396329879761,0.34,1,1,600,FP32-token-IDs
ClinicalBERT,107a0dj,667,25,117,",",",",False,suicide intent,-0.003184362780302763,0.003184362780302763,0.16446495056152344,0.11454345285892487,0.34,0,0,600,FP32-token-IDs
ClinicalBERT,107a0dj,667,25,117,",",",",False,worthlessness,0.004413505084812641,0.004413505084812641,0.3376464545726776,0.8355488777160645,0.34,1,1,600,FP32-token-IDs
ClinicalBERT,107a0dj,667,26,178,i,i,False,anger,-2.5939859915524716e-05,2.5939859915524716e-05,0.4220624268054962,0.18731588125228882,0.34,0,0,600,FP32-token-IDs
ClinicalBERT,107a0dj,667,26,178,i,i,False,brain dysfunction (forget),-0.0015248473733663558,0.0015248473733663558,0.31252521276474,0.48225727677345276,0.34,1,1,600,FP32-token-IDs
ClinicalBERT,107a0dj,667,26,178,i,i,False,emptiness,0.0020102156326174737,0.0020102156326174737,0.19043175876140594,0.22272080183029175,0.34,0,0,600,FP32-token-IDs
ClinicalBERT,107a0dj,667,26,178,i,i,False,hopelessness,0.002469682181254029,0.002469682181254029,0.37155136466026306,0.938017725944519,0.34,1,1,600,FP32-token-IDs
ClinicalBERT,107a0dj,667,26,178,i,i,False,loneliness,0.0006433941889554262,0.0006433941889554262,0.21522760391235352,0.03840150684118271,0.34,0,0,600,FP32-token-IDs
ClinicalBERT,107a0dj,667,26,178,i,i,False,sadness,0.003964811563491821,0.003964811563491821,0.36865028738975525,0.8193396329879761,0.34,1,1,600,FP32-token-IDs
ClinicalBERT,107a0dj,667,26,178,i,i,False,suicide intent,0.0013250430580228566,0.0013250430580228566,0.16446495056152344,0.11454345285892487,0.34,0,0,600,FP32-token-IDs
ClinicalBERT,107a0dj,667,26,178,i,i,False,worthlessness,0.002766858786344528,0.002766858786344528,0.3376464545726776,0.8355488777160645,0.34,1,1,600,FP32-token-IDs
ClinicalBERT,107a0dj,667,27,1215,used,used,False,anger,-2.5939859915524716e-05,2.5939859915524716e-05,0.4220624268054962,0.18731588125228882,0.34,0,0,600,FP32-token-IDs
ClinicalBERT,107a0dj,667,27,1215,used,used,False,brain dysfunction (forget),-0.0015248473733663558,0.0015248473733663558,0.31252521276474,0.48225727677345276,0.34,1,1,600,FP32-token-IDs
ClinicalBERT,107a0dj,667,27,1215,used,used,False,emptiness,0.0020102156326174737,0.0020102156326174737,0.19043175876140594,0.22272080183029175,0.34,0,0,600,FP32-token-IDs
ClinicalBERT,107a0dj,667,27,1215,used,used,False,hopelessness,0.002469682181254029,0.002469682181254029,0.37155136466026306,0.938017725944519,0.34,1,1,600,FP32-token-IDs
ClinicalBERT,107a0dj,667,27,1215,used,used,False,loneliness,0.0006433941889554262,0.0006433941889554262,0.21522760391235352,0.03840150684118271,0.34,0,0,600,FP32-token-IDs
ClinicalBERT,107a0dj,667,27,1215,used,used,False,sadness,0.003964811563491821,0.003964811563491821,0.36865028738975525,0.8193396329879761,0.34,1,1,600,FP32-token-IDs
ClinicalBERT,107a0dj,667,27,1215,used,used,False,suicide intent,0.0013250430580228566,0.0013250430580228566,0.16446495056152344,0.11454345285892487,0.34,0,0,600,FP32-token-IDs
ClinicalBERT,107a0dj,667,27,1215,used,used,False,worthlessness,0.002766858786344528,0.002766858786344528,0.3376464545726776,0.8355488777160645,0.34,1,1,600,FP32-token-IDs
ClinicalBERT,107a0dj,667,28,1106,to,to,False,anger,-2.5939859915524716e-05,2.5939859915524716e-05,0.4220624268054962,0.18731588125228882,0.34,0,0,600,FP32-token-IDs
ClinicalBERT,107a0dj,667,28,1106,to,to,False,brain dysfunction (forget),-0.0015248473733663558,0.0015248473733663558,0.31252521276474,0.48225727677345276,0.34,1,1,600,FP32-token-IDs
ClinicalBERT,107a0dj,667,28,1106,to,to,False,emptiness,0.0020102156326174737,0.0020102156326174737,0.19043175876140594,0.22272080183029175,0.34,0,0,600,FP32-token-IDs
ClinicalBERT,107a0dj,667,28,1106,to,to,False,hopelessness,0.002469682181254029,0.002469682181254029,0.37155136466026306,0.938017725944519,0.34,1,1,600,FP32-token-IDs
ClinicalBERT,107a0dj,667,28,1106,to,to,False,loneliness,0.0006433941889554262,0.0006433941889554262,0.21522760391235352,0.03840150684118271,0.34,0,0,600,FP32-token-IDs
ClinicalBERT,107a0dj,667,28,1106,to,to,False,sadness,0.003964811563491821,0.003964811563491821,0.36865028738975525,0.8193396329879761,0.34,1,1,600,FP32-token-IDs
ClinicalBERT,107a0dj,667,28,1106,to,to,False,suicide intent,0.0013250430580228566,0.0013250430580228566,0.16446495056152344,0.11454345285892487,0.34,0,0,600,FP32-token-IDs
ClinicalBERT,107a0dj,667,28,1106,to,to,False,worthlessness,0.002766858786344528,0.002766858786344528,0.3376464545726776,0.8355488777160645,0.34,1,1,600,FP32-token-IDs
ClinicalBERT,107a0dj,667,29,1129,be,be,False,anger,-2.5939859915524716e-05,2.5939859915524716e-05,0.4220624268054962,0.18731588125228882,0.34,0,0,600,FP32-token-IDs
ClinicalBERT,107a0dj,667,29,1129,be,be,False,brain dysfunction (forget),-0.0015248473733663558,0.0015248473733663558,0.31252521276474,0.48225727677345276,0.34,1,1,600,FP32-token-IDs
ClinicalBERT,107a0dj,667,29,1129,be,be,False,emptiness,0.0020102156326174737,0.0020102156326174737,0.19043175876140594,0.22272080183029175,0.34,0,0,600,FP32-token-IDs
ClinicalBERT,107a0dj,667,29,1129,be,be,False,hopelessness,0.002469682181254029,0.002469682181254029,0.37155136466026306,0.938017725944519,0.34,1,1,600,FP32-token-IDs
ClinicalBERT,107a0dj,667,29,1129,be,be,False,loneliness,0.0006433941889554262,0.0006433941889554262,0.21522760391235352,0.03840150684118271,0.34,0,0,600,FP32-token-IDs
ClinicalBERT,107a0dj,667,29,1129,be,be,False,sadness,0.003964811563491821,0.003964811563491821,0.36865028738975525,0.8193396329879761,0.34,1,1,600,FP32-token-IDs
ClinicalBERT,107a0dj,667,29,1129,be,be,False,suicide intent,0.0013250430580228566,0.0013250430580228566,0.16446495056152344,0.11454345285892487,0.34,0,0,600,FP32-token-IDs
ClinicalBERT,107a0dj,667,29,1129,be,be,False,worthlessness,0.002766858786344528,0.002766858786344528,0.3376464545726776,0.8355488777160645,0.34,1,1,600,FP32-token-IDs
ClinicalBERT,107a0dj,667,30,1103,the,the,False,anger,-0.0035450384253636,0.0035450384253636,0.4220624268054962,0.18731588125228882,0.34,0,0,600,FP32-token-IDs
ClinicalBERT,107a0dj,667,30,1103,the,the,False,brain dysfunction (forget),-0.007228118429581325,0.007228118429581325,0.31252521276474,0.48225727677345276,0.34,1,1,600,FP32-token-IDs
ClinicalBERT,107a0dj,667,30,1103,the,the,False,emptiness,-0.0066101569527139276,0.0066101569527139276,0.19043175876140594,0.22272080183029175,0.34,0,0,600,FP32-token-IDs
ClinicalBERT,107a0dj,667,30,1103,the,the,False,hopelessness,0.0015301590474943322,0.0015301590474943322,0.37155136466026306,0.938017725944519,0.34,1,1,600,FP32-token-IDs
ClinicalBERT,107a0dj,667,30,1103,the,the,False,loneliness,-0.0035292244593923294,0.0035292244593923294,0.21522760391235352,0.03840150684118271,0.34,0,0,600,FP32-token-IDs
ClinicalBERT,107a0dj,667,30,1103,the,the,False,sadness,0.002420076976219813,0.002420076976219813,0.36865028738975525,0.8193396329879761,0.34,1,1,600,FP32-token-IDs
ClinicalBERT,107a0dj,667,30,1103,the,the,False,suicide intent,-0.005441855359822512,0.005441855359822512,0.16446495056152344,0.11454345285892487,0.34,0,0,600,FP32-token-IDs
ClinicalBERT,107a0dj,667,30,1103,the,the,False,worthlessness,-0.0007701352859536806,0.0007701352859536806,0.3376464545726776,0.8355488777160645,0.34,1,1,600,FP32-token-IDs
ClinicalBERT,107a0dj,667,31,1436,best,best,False,anger,-0.0035450384253636,0.0035450384253636,0.4220624268054962,0.18731588125228882,0.34,0,0,600,FP32-token-IDs
ClinicalBERT,107a0dj,667,31,1436,best,best,False,brain dysfunction (forget),-0.007228118429581325,0.007228118429581325,0.31252521276474,0.48225727677345276,0.34,1,1,600,FP32-token-IDs
ClinicalBERT,107a0dj,667,31,1436,best,best,False,emptiness,-0.0066101569527139276,0.0066101569527139276,0.19043175876140594,0.22272080183029175,0.34,0,0,600,FP32-token-IDs
ClinicalBERT,107a0dj,667,31,1436,best,best,False,hopelessness,0.0015301590474943322,0.0015301590474943322,0.37155136466026306,0.938017725944519,0.34,1,1,600,FP32-token-IDs
ClinicalBERT,107a0dj,667,31,1436,best,best,False,loneliness,-0.0035292244593923294,0.0035292244593923294,0.21522760391235352,0.03840150684118271,0.34,0,0,600,FP32-token-IDs
ClinicalBERT,107a0dj,667,31,1436,best,best,False,sadness,0.002420076976219813,0.002420076976219813,0.36865028738975525,0.8193396329879761,0.34,1,1,600,FP32-token-IDs
ClinicalBERT,107a0dj,667,31,1436,best,best,False,suicide intent,-0.005441855359822512,0.005441855359822512,0.16446495056152344,0.11454345285892487,0.34,0,0,600,FP32-token-IDs
ClinicalBERT,107a0dj,667,31,1436,best,best,False,worthlessness,-0.0007701352859536806,0.0007701352859536806,0.3376464545726776,0.8355488777160645,0.34,1,1,600,FP32-token-IDs
ClinicalBERT,107a0dj,667,32,1107,in,in,False,anger,-0.0035450384253636,0.0035450384253636,0.4220624268054962,0.18731588125228882,0.34,0,0,600,FP32-token-IDs
ClinicalBERT,107a0dj,667,32,1107,in,in,False,brain dysfunction (forget),-0.007228118429581324,0.007228118429581324,0.31252521276474,0.48225727677345276,0.34,1,1,600,FP32-token-IDs
ClinicalBERT,107a0dj,667,32,1107,in,in,False,emptiness,-0.0066101569527139276,0.0066101569527139276,0.19043175876140594,0.22272080183029175,0.34,0,0,600,FP32-token-IDs
ClinicalBERT,107a0dj,667,32,1107,in,in,False,hopelessness,0.001530159047494332,0.001530159047494332,0.37155136466026306,0.938017725944519,0.34,1,1,600,FP32-token-IDs
ClinicalBERT,107a0dj,667,32,1107,in,in,False,loneliness,-0.003529224459392329,0.003529224459392329,0.21522760391235352,0.03840150684118271,0.34,0,0,600,FP32-token-IDs
ClinicalBERT,107a0dj,667,32,1107,in,in,False,sadness,0.002420076976219813,0.002420076976219813,0.36865028738975525,0.8193396329879761,0.34,1,1,600,FP32-token-IDs
ClinicalBERT,107a0dj,667,32,1107,in,in,False,suicide intent,-0.005441855359822512,0.005441855359822512,0.16446495056152344,0.11454345285892487,0.34,0,0,600,FP32-token-IDs
ClinicalBERT,107a0dj,667,32,1107,in,in,False,worthlessness,-0.0007701352859536807,0.0007701352859536807,0.3376464545726776,0.8355488777160645,0.34,1,1,600,FP32-token-IDs
ClinicalBERT,107a0dj,667,33,1139,my,my,False,anger,-0.0035450384253636,0.0035450384253636,0.4220624268054962,0.18731588125228882,0.34,0,0,600,FP32-token-IDs
ClinicalBERT,107a0dj,667,33,1139,my,my,False,brain dysfunction (forget),-0.007228118429581324,0.007228118429581324,0.31252521276474,0.48225727677345276,0.34,1,1,600,FP32-token-IDs
ClinicalBERT,107a0dj,667,33,1139,my,my,False,emptiness,-0.0066101569527139276,0.0066101569527139276,0.19043175876140594,0.22272080183029175,0.34,0,0,600,FP32-token-IDs
ClinicalBERT,107a0dj,667,33,1139,my,my,False,hopelessness,0.001530159047494332,0.001530159047494332,0.37155136466026306,0.938017725944519,0.34,1,1,600,FP32-token-IDs
ClinicalBERT,107a0dj,667,33,1139,my,my,False,loneliness,-0.003529224459392329,0.003529224459392329,0.21522760391235352,0.03840150684118271,0.34,0,0,600,FP32-token-IDs
ClinicalBERT,107a0dj,667,33,1139,my,my,False,sadness,0.002420076976219813,0.002420076976219813,0.36865028738975525,0.8193396329879761,0.34,1,1,600,FP32-token-IDs
ClinicalBERT,107a0dj,667,33,1139,my,my,False,suicide intent,-0.005441855359822512,0.005441855359822512,0.16446495056152344,0.11454345285892487,0.34,0,0,600,FP32-token-IDs
ClinicalBERT,107a0dj,667,33,1139,my,my,False,worthlessness,-0.0007701352859536807,0.0007701352859536807,0.3376464545726776,0.8355488777160645,0.34,1,1,600,FP32-token-IDs
ClinicalBERT,107a0dj,667,34,1705,class,class,False,anger,-0.0035450384253636,0.0035450384253636,0.4220624268054962,0.18731588125228882,0.34,0,0,600,FP32-token-IDs
ClinicalBERT,107a0dj,667,34,1705,class,class,False,brain dysfunction (forget),-0.007228118429581324,0.007228118429581324,0.31252521276474,0.48225727677345276,0.34,1,1,600,FP32-token-IDs
ClinicalBERT,107a0dj,667,34,1705,class,class,False,emptiness,-0.0066101569527139276,0.0066101569527139276,0.19043175876140594,0.22272080183029175,0.34,0,0,600,FP32-token-IDs
ClinicalBERT,107a0dj,667,34,1705,class,class,False,hopelessness,0.001530159047494332,0.001530159047494332,0.37155136466026306,0.938017725944519,0.34,1,1,600,FP32-token-IDs
ClinicalBERT,107a0dj,667,34,1705,class,class,False,loneliness,-0.003529224459392329,0.003529224459392329,0.21522760391235352,0.03840150684118271,0.34,0,0,600,FP32-token-IDs
ClinicalBERT,107a0dj,667,34,1705,class,class,False,sadness,0.002420076976219813,0.002420076976219813,0.36865028738975525,0.8193396329879761,0.34,1,1,600,FP32-token-IDs
ClinicalBERT,107a0dj,667,34,1705,class,class,False,suicide intent,-0.005441855359822512,0.005441855359822512,0.16446495056152344,0.11454345285892487,0.34,0,0,600,FP32-token-IDs
ClinicalBERT,107a0dj,667,34,1705,class,class,False,worthlessness,-0.0007701352859536807,0.0007701352859536807,0.3376464545726776,0.8355488777160645,0.34,1,1,600,FP32-token-IDs
ClinicalBERT,107a0dj,667,35,117,",",",",False,anger,-0.003760534827597439,0.003760534827597439,0.4220624268054962,0.18731588125228882,0.34,0,0,600,FP32-token-IDs
ClinicalBERT,107a0dj,667,35,117,",",",",False,brain dysfunction (forget),-0.007526372621456782,0.007526372621456782,0.31252521276474,0.48225727677345276,0.34,1,1,600,FP32-token-IDs
ClinicalBERT,107a0dj,667,35,117,",",",",False,emptiness,-0.00649346689072748,0.00649346689072748,0.19043175876140594,0.22272080183029175,0.34,0,0,600,FP32-token-IDs
ClinicalBERT,107a0dj,667,35,117,",",",",False,hopelessness,0.0016097379537920158,0.0016097379537920158,0.37155136466026306,0.938017725944519,0.34,1,1,600,FP32-token-IDs
ClinicalBERT,107a0dj,667,35,117,",",",",False,loneliness,-0.003657853424859544,0.003657853424859544,0.21522760391235352,0.03840150684118271,0.34,0,0,600,FP32-token-IDs
ClinicalBERT,107a0dj,667,35,117,",",",",False,sadness,0.002551427731911341,0.002551427731911341,0.36865028738975525,0.8193396329879761,0.34,1,1,600,FP32-token-IDs
ClinicalBERT,107a0dj,667,35,117,",",",",False,suicide intent,-0.005568675789982081,0.005568675789982081,0.16446495056152344,0.11454345285892487,0.34,0,0,600,FP32-token-IDs
ClinicalBERT,107a0dj,667,35,117,",",",",False,worthlessness,-0.0004883815223972003,0.0004883815223972003,0.3376464545726776,0.8355488777160645,0.34,1,1,600,FP32-token-IDs
ClinicalBERT,107a0dj,667,36,178,i,i,False,anger,-0.0022638735827058554,0.0022638735827058554,0.4220624268054962,0.18731588125228882,0.34,0,0,600,FP32-token-IDs
ClinicalBERT,107a0dj,667,36,178,i,i,False,brain dysfunction (forget),0.002196330577135086,0.002196330577135086,0.31252521276474,0.48225727677345276,0.34,1,1,600,FP32-token-IDs
ClinicalBERT,107a0dj,667,36,178,i,i,False,emptiness,-0.0016041889321058989,0.0016041889321058989,0.19043175876140594,0.22272080183029175,0.34,0,0,600,FP32-token-IDs
ClinicalBERT,107a0dj,667,36,178,i,i,False,hopelessness,0.00019699102267622948,0.00019699102267622948,0.37155136466026306,0.938017725944519,0.34,1,1,600,FP32-token-IDs
ClinicalBERT,107a0dj,667,36,178,i,i,False,loneliness,-0.0006802461575716734,0.0006802461575716734,0.21522760391235352,0.03840150684118271,0.34,0,0,600,FP32-token-IDs
ClinicalBERT,107a0dj,667,36,178,i,i,False,sadness,0.0006706798449158669,0.0006706798449158669,0.36865028738975525,0.8193396329879761,0.34,1,1,600,FP32-token-IDs
ClinicalBERT,107a0dj,667,36,178,i,i,False,suicide intent,-0.0006403051083907485,0.0006403051083907485,0.16446495056152344,0.11454345285892487,0.34,0,0,600,FP32-token-IDs
ClinicalBERT,107a0dj,667,36,178,i,i,False,worthlessness,-0.0005615195259451866,0.0005615195259451866,0.3376464545726776,0.8355488777160645,0.34,1,1,600,FP32-token-IDs
ClinicalBERT,107a0dj,667,37,1215,used,used,False,anger,-0.0022638735827058554,0.0022638735827058554,0.4220624268054962,0.18731588125228882,0.34,0,0,600,FP32-token-IDs
ClinicalBERT,107a0dj,667,37,1215,used,used,False,brain dysfunction (forget),0.002196330577135086,0.002196330577135086,0.31252521276474,0.48225727677345276,0.34,1,1,600,FP32-token-IDs
ClinicalBERT,107a0dj,667,37,1215,used,used,False,emptiness,-0.0016041889321058989,0.0016041889321058989,0.19043175876140594,0.22272080183029175,0.34,0,0,600,FP32-token-IDs
ClinicalBERT,107a0dj,667,37,1215,used,used,False,hopelessness,0.00019699102267622948,0.00019699102267622948,0.37155136466026306,0.938017725944519,0.34,1,1,600,FP32-token-IDs
ClinicalBERT,107a0dj,667,37,1215,used,used,False,loneliness,-0.0006802461575716734,0.0006802461575716734,0.21522760391235352,0.03840150684118271,0.34,0,0,600,FP32-token-IDs
ClinicalBERT,107a0dj,667,37,1215,used,used,False,sadness,0.0006706798449158669,0.0006706798449158669,0.36865028738975525,0.8193396329879761,0.34,1,1,600,FP32-token-IDs
ClinicalBERT,107a0dj,667,37,1215,used,used,False,suicide intent,-0.0006403051083907485,0.0006403051083907485,0.16446495056152344,0.11454345285892487,0.34,0,0,600,FP32-token-IDs
ClinicalBERT,107a0dj,667,37,1215,used,used,False,worthlessness,-0.0005615195259451866,0.0005615195259451866,0.3376464545726776,0.8355488777160645,0.34,1,1,600,FP32-token-IDs
ClinicalBERT,107a0dj,667,38,1106,to,to,False,anger,-0.003380803158506751,0.003380803158506751,0.4220624268054962,0.18731588125228882,0.34,0,0,600,FP32-token-IDs
ClinicalBERT,107a0dj,667,38,1106,to,to,False,brain dysfunction (forget),0.0018999185413122177,0.0018999185413122177,0.31252521276474,0.48225727677345276,0.34,1,1,600,FP32-token-IDs
ClinicalBERT,107a0dj,667,38,1106,to,to,False,emptiness,-0.0054977813269943,0.0054977813269943,0.19043175876140594,0.22272080183029175,0.34,0,0,600,FP32-token-IDs
ClinicalBERT,107a0dj,667,38,1106,to,to,False,hopelessness,-0.0004015122540295124,0.0004015122540295124,0.37155136466026306,0.938017725944519,0.34,1,1,600,FP32-token-IDs
ClinicalBERT,107a0dj,667,38,1106,to,to,False,loneliness,-0.0035836496390402317,0.0035836496390402317,0.21522760391235352,0.03840150684118271,0.34,0,0,600,FP32-token-IDs
ClinicalBERT,107a0dj,667,38,1106,to,to,False,sadness,-0.0011614160612225533,0.0011614160612225533,0.36865028738975525,0.8193396329879761,0.34,1,1,600,FP32-token-IDs
ClinicalBERT,107a0dj,667,38,1106,to,to,False,suicide intent,-0.0021526849595829844,0.0021526849595829844,0.16446495056152344,0.11454345285892487,0.34,0,0,600,FP32-token-IDs
ClinicalBERT,107a0dj,667,38,1106,to,to,False,worthlessness,-0.0016421349719166756,0.0016421349719166756,0.3376464545726776,0.8355488777160645,0.34,1,1,600,FP32-token-IDs
ClinicalBERT,107a0dj,667,39,9474,solve,solve,False,anger,-0.003380803158506751,0.003380803158506751,0.4220624268054962,0.18731588125228882,0.34,0,0,600,FP32-token-IDs
ClinicalBERT,107a0dj,667,39,9474,solve,solve,False,brain dysfunction (forget),0.0018999185413122177,0.0018999185413122177,0.31252521276474,0.48225727677345276,0.34,1,1,600,FP32-token-IDs
ClinicalBERT,107a0dj,667,39,9474,solve,solve,False,emptiness,-0.0054977813269943,0.0054977813269943,0.19043175876140594,0.22272080183029175,0.34,0,0,600,FP32-token-IDs
ClinicalBERT,107a0dj,667,39,9474,solve,solve,False,hopelessness,-0.0004015122540295124,0.0004015122540295124,0.37155136466026306,0.938017725944519,0.34,1,1,600,FP32-token-IDs
ClinicalBERT,107a0dj,667,39,9474,solve,solve,False,loneliness,-0.0035836496390402317,0.0035836496390402317,0.21522760391235352,0.03840150684118271,0.34,0,0,600,FP32-token-IDs
ClinicalBERT,107a0dj,667,39,9474,solve,solve,False,sadness,-0.0011614160612225533,0.0011614160612225533,0.36865028738975525,0.8193396329879761,0.34,1,1,600,FP32-token-IDs
ClinicalBERT,107a0dj,667,39,9474,solve,solve,False,suicide intent,-0.0021526849595829844,0.0021526849595829844,0.16446495056152344,0.11454345285892487,0.34,0,0,600,FP32-token-IDs
ClinicalBERT,107a0dj,667,39,9474,solve,solve,False,worthlessness,-0.0016421349719166756,0.0016421349719166756,0.3376464545726776,0.8355488777160645,0.34,1,1,600,FP32-token-IDs
ClinicalBERT,107a0dj,667,40,12523,math,math,False,anger,-0.0037146040537793723,0.0037146040537793723,0.4220624268054962,0.18731588125228882,0.34,0,0,600,FP32-token-IDs
ClinicalBERT,107a0dj,667,40,12523,math,math,False,brain dysfunction (forget),0.005477202025109104,0.005477202025109104,0.31252521276474,0.48225727677345276,0.34,1,1,600,FP32-token-IDs
ClinicalBERT,107a0dj,667,40,12523,math,math,False,emptiness,-0.004521149027693484,0.004521149027693484,0.19043175876140594,0.22272080183029175,0.34,0,0,600,FP32-token-IDs
ClinicalBERT,107a0dj,667,40,12523,math,math,False,hopelessness,0.0011531518040491001,0.0011531518040491001,0.37155136466026306,0.938017725944519,0.34,1,1,600,FP32-token-IDs
ClinicalBERT,107a0dj,667,40,12523,math,math,False,loneliness,-0.004518842865114233,0.004518842865114233,0.21522760391235352,0.03840150684118271,0.34,0,0,600,FP32-token-IDs
ClinicalBERT,107a0dj,667,40,12523,math,math,False,sadness,-0.0022019971095557722,0.0022019971095557722,0.36865028738975525,0.8193396329879761,0.34,1,1,600,FP32-token-IDs
ClinicalBERT,107a0dj,667,40,12523,math,math,False,suicide intent,-0.004717329417222312,0.004717329417222312,0.16446495056152344,0.11454345285892487,0.34,0,0,600,FP32-token-IDs
ClinicalBERT,107a0dj,667,40,12523,math,math,False,worthlessness,-0.00026853778399527073,0.00026853778399527073,0.3376464545726776,0.8355488777160645,0.34,1,1,600,FP32-token-IDs
ClinicalBERT,107a0dj,667,41,2645,problems,problems,False,anger,-0.0037146040537793723,0.0037146040537793723,0.4220624268054962,0.18731588125228882,0.34,0,0,600,FP32-token-IDs
ClinicalBERT,107a0dj,667,41,2645,problems,problems,False,brain dysfunction (forget),0.005477202025109104,0.005477202025109104,0.31252521276474,0.48225727677345276,0.34,1,1,600,FP32-token-IDs
ClinicalBERT,107a0dj,667,41,2645,problems,problems,False,emptiness,-0.004521149027693484,0.004521149027693484,0.19043175876140594,0.22272080183029175,0.34,0,0,600,FP32-token-IDs
ClinicalBERT,107a0dj,667,41,2645,problems,problems,False,hopelessness,0.0011531518040491001,0.0011531518040491001,0.37155136466026306,0.938017725944519,0.34,1,1,600,FP32-token-IDs
ClinicalBERT,107a0dj,667,41,2645,problems,problems,False,loneliness,-0.004518842865114233,0.004518842865114233,0.21522760391235352,0.03840150684118271,0.34,0,0,600,FP32-token-IDs
ClinicalBERT,107a0dj,667,41,2645,problems,problems,False,sadness,-0.0022019971095557722,0.0022019971095557722,0.36865028738975525,0.8193396329879761,0.34,1,1,600,FP32-token-IDs
ClinicalBERT,107a0dj,667,41,2645,problems,problems,False,suicide intent,-0.004717329417222312,0.004717329417222312,0.16446495056152344,0.11454345285892487,0.34,0,0,600,FP32-token-IDs
ClinicalBERT,107a0dj,667,41,2645,problems,problems,False,worthlessness,-0.00026853778399527073,0.00026853778399527073,0.3376464545726776,0.8355488777160645,0.34,1,1,600,FP32-token-IDs
ClinicalBERT,107a0dj,667,42,1107,in,in,False,anger,-0.0037146040537793723,0.0037146040537793723,0.4220624268054962,0.18731588125228882,0.34,0,0,600,FP32-token-IDs
ClinicalBERT,107a0dj,667,42,1107,in,in,False,brain dysfunction (forget),0.005477202025109104,0.005477202025109104,0.31252521276474,0.48225727677345276,0.34,1,1,600,FP32-token-IDs
ClinicalBERT,107a0dj,667,42,1107,in,in,False,emptiness,-0.004521149027693484,0.004521149027693484,0.19043175876140594,0.22272080183029175,0.34,0,0,600,FP32-token-IDs
ClinicalBERT,107a0dj,667,42,1107,in,in,False,hopelessness,0.0011531518040491001,0.0011531518040491001,0.37155136466026306,0.938017725944519,0.34,1,1,600,FP32-token-IDs
ClinicalBERT,107a0dj,667,42,1107,in,in,False,loneliness,-0.004518842865114233,0.004518842865114233,0.21522760391235352,0.03840150684118271,0.34,0,0,600,FP32-token-IDs
ClinicalBERT,107a0dj,667,42,1107,in,in,False,sadness,-0.0022019971095557722,0.0022019971095557722,0.36865028738975525,0.8193396329879761,0.34,1,1,600,FP32-token-IDs
ClinicalBERT,107a0dj,667,42,1107,in,in,False,suicide intent,-0.004717329417222312,0.004717329417222312,0.16446495056152344,0.11454345285892487,0.34,0,0,600,FP32-token-IDs
ClinicalBERT,107a0dj,667,42,1107,in,in,False,worthlessness,-0.00026853778399527073,0.00026853778399527073,0.3376464545726776,0.8355488777160645,0.34,1,1,600,FP32-token-IDs
ClinicalBERT,107a0dj,667,43,1139,my,my,False,anger,-0.0037146040537793723,0.0037146040537793723,0.4220624268054962,0.18731588125228882,0.34,0,0,600,FP32-token-IDs
ClinicalBERT,107a0dj,667,43,1139,my,my,False,brain dysfunction (forget),0.005477202025109104,0.005477202025109104,0.31252521276474,0.48225727677345276,0.34,1,1,600,FP32-token-IDs
ClinicalBERT,107a0dj,667,43,1139,my,my,False,emptiness,-0.004521149027693484,0.004521149027693484,0.19043175876140594,0.22272080183029175,0.34,0,0,600,FP32-token-IDs
ClinicalBERT,107a0dj,667,43,1139,my,my,False,hopelessness,0.0011531518040491001,0.0011531518040491001,0.37155136466026306,0.938017725944519,0.34,1,1,600,FP32-token-IDs
ClinicalBERT,107a0dj,667,43,1139,my,my,False,loneliness,-0.004518842865114233,0.004518842865114233,0.21522760391235352,0.03840150684118271,0.34,0,0,600,FP32-token-IDs
ClinicalBERT,107a0dj,667,43,1139,my,my,False,sadness,-0.0022019971095557722,0.0022019971095557722,0.36865028738975525,0.8193396329879761,0.34,1,1,600,FP32-token-IDs
ClinicalBERT,107a0dj,667,43,1139,my,my,False,suicide intent,-0.004717329417222312,0.004717329417222312,0.16446495056152344,0.11454345285892487,0.34,0,0,600,FP32-token-IDs
ClinicalBERT,107a0dj,667,43,1139,my,my,False,worthlessness,-0.00026853778399527073,0.00026853778399527073,0.3376464545726776,0.8355488777160645,0.34,1,1,600,FP32-token-IDs
ClinicalBERT,107a0dj,667,44,1714,free,free,False,anger,-0.004479454852463234,0.004479454852463234,0.4220624268054962,0.18731588125228882,0.34,0,0,600,FP32-token-IDs
ClinicalBERT,107a0dj,667,44,1714,free,free,False,brain dysfunction (forget),0.004318602516182831,0.004318602516182831,0.31252521276474,0.48225727677345276,0.34,1,1,600,FP32-token-IDs
ClinicalBERT,107a0dj,667,44,1714,free,free,False,emptiness,0.0006475921143733319,0.0006475921143733319,0.19043175876140594,0.22272080183029175,0.34,0,0,600,FP32-token-IDs
ClinicalBERT,107a0dj,667,44,1714,free,free,False,hopelessness,0.0016845367582780976,0.0016845367582780976,0.37155136466026306,0.938017725944519,0.34,1,1,600,FP32-token-IDs
ClinicalBERT,107a0dj,667,44,1714,free,free,False,loneliness,0.0003849643038674479,0.0003849643038674479,0.21522760391235352,0.03840150684118271,0.34,0,0,600,FP32-token-IDs
ClinicalBERT,107a0dj,667,44,1714,free,free,False,sadness,-0.0011886887341028168,0.0011886887341028168,0.36865028738975525,0.8193396329879761,0.34,1,1,600,FP32-token-IDs
ClinicalBERT,107a0dj,667,44,1714,free,free,False,suicide intent,-0.0038613440868045606,0.0038613440868045606,0.16446495056152344,0.11454345285892487,0.34,0,0,600,FP32-token-IDs
ClinicalBERT,107a0dj,667,44,1714,free,free,False,worthlessness,0.000614293230076631,0.000614293230076631,0.3376464545726776,0.8355488777160645,0.34,1,1,600,FP32-token-IDs
ClinicalBERT,107a0dj,667,45,1159,time,time,False,anger,-0.004479454852463234,0.004479454852463234,0.4220624268054962,0.18731588125228882,0.34,0,0,600,FP32-token-IDs
ClinicalBERT,107a0dj,667,45,1159,time,time,False,brain dysfunction (forget),0.004318602516182831,0.004318602516182831,0.31252521276474,0.48225727677345276,0.34,1,1,600,FP32-token-IDs
ClinicalBERT,107a0dj,667,45,1159,time,time,False,emptiness,0.0006475921143733319,0.0006475921143733319,0.19043175876140594,0.22272080183029175,0.34,0,0,600,FP32-token-IDs
ClinicalBERT,107a0dj,667,45,1159,time,time,False,hopelessness,0.0016845367582780976,0.0016845367582780976,0.37155136466026306,0.938017725944519,0.34,1,1,600,FP32-token-IDs
ClinicalBERT,107a0dj,667,45,1159,time,time,False,loneliness,0.0003849643038674479,0.0003849643038674479,0.21522760391235352,0.03840150684118271,0.34,0,0,600,FP32-token-IDs
ClinicalBERT,107a0dj,667,45,1159,time,time,False,sadness,-0.0011886887341028168,0.0011886887341028168,0.36865028738975525,0.8193396329879761,0.34,1,1,600,FP32-token-IDs
ClinicalBERT,107a0dj,667,45,1159,time,time,False,suicide intent,-0.0038613440868045606,0.0038613440868045606,0.16446495056152344,0.11454345285892487,0.34,0,0,600,FP32-token-IDs
ClinicalBERT,107a0dj,667,45,1159,time,time,False,worthlessness,0.000614293230076631,0.000614293230076631,0.3376464545726776,0.8355488777160645,0.34,1,1,600,FP32-token-IDs
ClinicalBERT,107a0dj,667,46,117,",",",",False,anger,-0.004479454852463234,0.004479454852463234,0.4220624268054962,0.18731588125228882,0.34,0,0,600,FP32-token-IDs
ClinicalBERT,107a0dj,667,46,117,",",",",False,brain dysfunction (forget),0.004318602516182831,0.004318602516182831,0.31252521276474,0.48225727677345276,0.34,1,1,600,FP32-token-IDs
ClinicalBERT,107a0dj,667,46,117,",",",",False,emptiness,0.0006475921143733319,0.0006475921143733319,0.19043175876140594,0.22272080183029175,0.34,0,0,600,FP32-token-IDs
ClinicalBERT,107a0dj,667,46,117,",",",",False,hopelessness,0.0016845367582780976,0.0016845367582780976,0.37155136466026306,0.938017725944519,0.34,1,1,600,FP32-token-IDs
ClinicalBERT,107a0dj,667,46,117,",",",",False,loneliness,0.0003849643038674479,0.0003849643038674479,0.21522760391235352,0.03840150684118271,0.34,0,0,600,FP32-token-IDs
ClinicalBERT,107a0dj,667,46,117,",",",",False,sadness,-0.0011886887341028168,0.0011886887341028168,0.36865028738975525,0.8193396329879761,0.34,1,1,600,FP32-token-IDs
ClinicalBERT,107a0dj,667,46,117,",",",",False,suicide intent,-0.0038613440868045606,0.0038613440868045606,0.16446495056152344,0.11454345285892487,0.34,0,0,600,FP32-token-IDs
ClinicalBERT,107a0dj,667,46,117,",",",",False,worthlessness,0.000614293230076631,0.000614293230076631,0.3376464545726776,0.8355488777160645,0.34,1,1,600,FP32-token-IDs
ClinicalBERT,107a0dj,667,47,1208,now,now,False,anger,-0.002376434626057744,0.002376434626057744,0.4220624268054962,0.18731588125228882,0.34,0,0,600,FP32-token-IDs
ClinicalBERT,107a0dj,667,47,1208,now,now,False,brain dysfunction (forget),-1.2305798009037971e-05,1.2305798009037971e-05,0.31252521276474,0.48225727677345276,0.34,1,1,600,FP32-token-IDs
ClinicalBERT,107a0dj,667,47,1208,now,now,False,emptiness,0.0026998674729838967,0.0026998674729838967,0.19043175876140594,0.22272080183029175,0.34,0,0,600,FP32-token-IDs
ClinicalBERT,107a0dj,667,47,1208,now,now,False,hopelessness,0.004667948000133038,0.004667948000133038,0.37155136466026306,0.938017725944519,0.34,1,1,600,FP32-token-IDs
ClinicalBERT,107a0dj,667,47,1208,now,now,False,loneliness,0.0011943086865358055,0.0011943086865358055,0.21522760391235352,0.03840150684118271,0.34,0,0,600,FP32-token-IDs
ClinicalBERT,107a0dj,667,47,1208,now,now,False,sadness,0.005358701338991523,0.005358701338991523,0.36865028738975525,0.8193396329879761,0.34,1,1,600,FP32-token-IDs
ClinicalBERT,107a0dj,667,47,1208,now,now,False,suicide intent,0.00013743358431383967,0.00013743358431383967,0.16446495056152344,0.11454345285892487,0.34,0,0,600,FP32-token-IDs
ClinicalBERT,107a0dj,667,47,1208,now,now,False,worthlessness,0.003726437920704484,0.003726437920704484,0.3376464545726776,0.8355488777160645,0.34,1,1,600,FP32-token-IDs
ClinicalBERT,107a0dj,667,48,178,i,i,False,anger,-0.002376434626057744,0.002376434626057744,0.4220624268054962,0.18731588125228882,0.34,0,0,600,FP32-token-IDs
ClinicalBERT,107a0dj,667,48,178,i,i,False,brain dysfunction (forget),-1.2305798009037971e-05,1.2305798009037971e-05,0.31252521276474,0.48225727677345276,0.34,1,1,600,FP32-token-IDs
ClinicalBERT,107a0dj,667,48,178,i,i,False,emptiness,0.0026998674729838967,0.0026998674729838967,0.19043175876140594,0.22272080183029175,0.34,0,0,600,FP32-token-IDs
ClinicalBERT,107a0dj,667,48,178,i,i,False,hopelessness,0.004667948000133038,0.004667948000133038,0.37155136466026306,0.938017725944519,0.34,1,1,600,FP32-token-IDs
ClinicalBERT,107a0dj,667,48,178,i,i,False,loneliness,0.0011943086865358055,0.0011943086865358055,0.21522760391235352,0.03840150684118271,0.34,0,0,600,FP32-token-IDs
ClinicalBERT,107a0dj,667,48,178,i,i,False,sadness,0.005358701338991523,0.005358701338991523,0.36865028738975525,0.8193396329879761,0.34,1,1,600,FP32-token-IDs
ClinicalBERT,107a0dj,667,48,178,i,i,False,suicide intent,0.00013743358431383967,0.00013743358431383967,0.16446495056152344,0.11454345285892487,0.34,0,0,600,FP32-token-IDs
ClinicalBERT,107a0dj,667,48,178,i,i,False,worthlessness,0.003726437920704484,0.003726437920704484,0.3376464545726776,0.8355488777160645,0.34,1,1,600,FP32-token-IDs
ClinicalBERT,107a0dj,667,49,1631,feel,feel,False,anger,-0.002376434626057744,0.002376434626057744,0.4220624268054962,0.18731588125228882,0.34,0,0,600,FP32-token-IDs
ClinicalBERT,107a0dj,667,49,1631,feel,feel,False,brain dysfunction (forget),-1.2305798009037971e-05,1.2305798009037971e-05,0.31252521276474,0.48225727677345276,0.34,1,1,600,FP32-token-IDs
ClinicalBERT,107a0dj,667,49,1631,feel,feel,False,emptiness,0.0026998674729838967,0.0026998674729838967,0.19043175876140594,0.22272080183029175,0.34,0,0,600,FP32-token-IDs
ClinicalBERT,107a0dj,667,49,1631,feel,feel,False,hopelessness,0.004667948000133038,0.004667948000133038,0.37155136466026306,0.938017725944519,0.34,1,1,600,FP32-token-IDs
ClinicalBERT,107a0dj,667,49,1631,feel,feel,False,loneliness,0.0011943086865358055,0.0011943086865358055,0.21522760391235352,0.03840150684118271,0.34,0,0,600,FP32-token-IDs
ClinicalBERT,107a0dj,667,49,1631,feel,feel,False,sadness,0.005358701338991523,0.005358701338991523,0.36865028738975525,0.8193396329879761,0.34,1,1,600,FP32-token-IDs
ClinicalBERT,107a0dj,667,49,1631,feel,feel,False,suicide intent,0.00013743358431383967,0.00013743358431383967,0.16446495056152344,0.11454345285892487,0.34,0,0,600,FP32-token-IDs
ClinicalBERT,107a0dj,667,49,1631,feel,feel,False,worthlessness,0.003726437920704484,0.003726437920704484,0.3376464545726776,0.8355488777160645,0.34,1,1,600,FP32-token-IDs
ClinicalBERT,107a0dj,667,50,1176,like,like,False,anger,-0.002376434626057744,0.002376434626057744,0.4220624268054962,0.18731588125228882,0.34,0,0,600,FP32-token-IDs
ClinicalBERT,107a0dj,667,50,1176,like,like,False,brain dysfunction (forget),-1.2305798009037971e-05,1.2305798009037971e-05,0.31252521276474,0.48225727677345276,0.34,1,1,600,FP32-token-IDs
ClinicalBERT,107a0dj,667,50,1176,like,like,False,emptiness,0.0026998674729838967,0.0026998674729838967,0.19043175876140594,0.22272080183029175,0.34,0,0,600,FP32-token-IDs
ClinicalBERT,107a0dj,667,50,1176,like,like,False,hopelessness,0.004667948000133038,0.004667948000133038,0.37155136466026306,0.938017725944519,0.34,1,1,600,FP32-token-IDs
ClinicalBERT,107a0dj,667,50,1176,like,like,False,loneliness,0.0011943086865358055,0.0011943086865358055,0.21522760391235352,0.03840150684118271,0.34,0,0,600,FP32-token-IDs
ClinicalBERT,107a0dj,667,50,1176,like,like,False,sadness,0.005358701338991523,0.005358701338991523,0.36865028738975525,0.8193396329879761,0.34,1,1,600,FP32-token-IDs
ClinicalBERT,107a0dj,667,50,1176,like,like,False,suicide intent,0.00013743358431383967,0.00013743358431383967,0.16446495056152344,0.11454345285892487,0.34,0,0,600,FP32-token-IDs
ClinicalBERT,107a0dj,667,50,1176,like,like,False,worthlessness,0.003726437920704484,0.003726437920704484,0.3376464545726776,0.8355488777160645,0.34,1,1,600,FP32-token-IDs
ClinicalBERT,107a0dj,667,51,178,i,i,False,anger,-0.0015846106689423323,0.0015846106689423323,0.4220624268054962,0.18731588125228882,0.34,0,0,600,FP32-token-IDs
ClinicalBERT,107a0dj,667,51,178,i,i,False,brain dysfunction (forget),0.0008775985334068537,0.0008775985334068537,0.31252521276474,0.48225727677345276,0.34,1,1,600,FP32-token-IDs
ClinicalBERT,107a0dj,667,51,178,i,i,False,emptiness,-0.0014403335517272353,0.0014403335517272353,0.19043175876140594,0.22272080183029175,0.34,0,0,600,FP32-token-IDs
ClinicalBERT,107a0dj,667,51,178,i,i,False,hopelessness,0.002741181291639805,0.002741181291639805,0.37155136466026306,0.938017725944519,0.34,1,1,600,FP32-token-IDs
ClinicalBERT,107a0dj,667,51,178,i,i,False,loneliness,-0.0008344158413819969,0.0008344158413819969,0.21522760391235352,0.03840150684118271,0.34,0,0,600,FP32-token-IDs
ClinicalBERT,107a0dj,667,51,178,i,i,False,sadness,0.0029346372466534376,0.0029346372466534376,0.36865028738975525,0.8193396329879761,0.34,1,1,600,FP32-token-IDs
ClinicalBERT,107a0dj,667,51,178,i,i,False,suicide intent,-0.00013382738688960671,0.00013382738688960671,0.16446495056152344,0.11454345285892487,0.34,0,0,600,FP32-token-IDs
ClinicalBERT,107a0dj,667,51,178,i,i,False,worthlessness,0.0009029202628880739,0.0009029202628880739,0.3376464545726776,0.8355488777160645,0.34,1,1,600,FP32-token-IDs
ClinicalBERT,107a0dj,667,52,112,',',False,anger,-0.0015846106689423323,0.0015846106689423323,0.4220624268054962,0.18731588125228882,0.34,0,0,600,FP32-token-IDs
ClinicalBERT,107a0dj,667,52,112,',',False,brain dysfunction (forget),0.0008775985334068537,0.0008775985334068537,0.31252521276474,0.48225727677345276,0.34,1,1,600,FP32-token-IDs
ClinicalBERT,107a0dj,667,52,112,',',False,emptiness,-0.0014403335517272353,0.0014403335517272353,0.19043175876140594,0.22272080183029175,0.34,0,0,600,FP32-token-IDs
ClinicalBERT,107a0dj,667,52,112,',',False,hopelessness,0.002741181291639805,0.002741181291639805,0.37155136466026306,0.938017725944519,0.34,1,1,600,FP32-token-IDs
ClinicalBERT,107a0dj,667,52,112,',',False,loneliness,-0.0008344158413819969,0.0008344158413819969,0.21522760391235352,0.03840150684118271,0.34,0,0,600,FP32-token-IDs
ClinicalBERT,107a0dj,667,52,112,',',False,sadness,0.0029346372466534376,0.0029346372466534376,0.36865028738975525,0.8193396329879761,0.34,1,1,600,FP32-token-IDs
ClinicalBERT,107a0dj,667,52,112,',',False,suicide intent,-0.00013382738688960671,0.00013382738688960671,0.16446495056152344,0.11454345285892487,0.34,0,0,600,FP32-token-IDs
ClinicalBERT,107a0dj,667,52,112,',',False,worthlessness,0.0009029202628880739,0.0009029202628880739,0.3376464545726776,0.8355488777160645,0.34,1,1,600,FP32-token-IDs
ClinicalBERT,107a0dj,667,53,182,m,m,False,anger,-0.0015846106689423323,0.0015846106689423323,0.4220624268054962,0.18731588125228882,0.34,0,0,600,FP32-token-IDs
ClinicalBERT,107a0dj,667,53,182,m,m,False,brain dysfunction (forget),0.0008775985334068537,0.0008775985334068537,0.31252521276474,0.48225727677345276,0.34,1,1,600,FP32-token-IDs
ClinicalBERT,107a0dj,667,53,182,m,m,False,emptiness,-0.0014403335517272353,0.0014403335517272353,0.19043175876140594,0.22272080183029175,0.34,0,0,600,FP32-token-IDs
ClinicalBERT,107a0dj,667,53,182,m,m,False,hopelessness,0.002741181291639805,0.002741181291639805,0.37155136466026306,0.938017725944519,0.34,1,1,600,FP32-token-IDs
ClinicalBERT,107a0dj,667,53,182,m,m,False,loneliness,-0.0008344158413819969,0.0008344158413819969,0.21522760391235352,0.03840150684118271,0.34,0,0,600,FP32-token-IDs
ClinicalBERT,107a0dj,667,53,182,m,m,False,sadness,0.0029346372466534376,0.0029346372466534376,0.36865028738975525,0.8193396329879761,0.34,1,1,600,FP32-token-IDs
ClinicalBERT,107a0dj,667,53,182,m,m,False,suicide intent,-0.00013382738688960671,0.00013382738688960671,0.16446495056152344,0.11454345285892487,0.34,0,0,600,FP32-token-IDs
ClinicalBERT,107a0dj,667,53,182,m,m,False,worthlessness,0.0009029202628880739,0.0009029202628880739,0.3376464545726776,0.8355488777160645,0.34,1,1,600,FP32-token-IDs
ClinicalBERT,107a0dj,667,54,1198,just,just,False,anger,-0.0015846106689423323,0.0015846106689423323,0.4220624268054962,0.18731588125228882,0.34,0,0,600,FP32-token-IDs
ClinicalBERT,107a0dj,667,54,1198,just,just,False,brain dysfunction (forget),0.0008775985334068537,0.0008775985334068537,0.31252521276474,0.48225727677345276,0.34,1,1,600,FP32-token-IDs
ClinicalBERT,107a0dj,667,54,1198,just,just,False,emptiness,-0.0014403335517272353,0.0014403335517272353,0.19043175876140594,0.22272080183029175,0.34,0,0,600,FP32-token-IDs
ClinicalBERT,107a0dj,667,54,1198,just,just,False,hopelessness,0.002741181291639805,0.002741181291639805,0.37155136466026306,0.938017725944519,0.34,1,1,600,FP32-token-IDs
ClinicalBERT,107a0dj,667,54,1198,just,just,False,loneliness,-0.0008344158413819969,0.0008344158413819969,0.21522760391235352,0.03840150684118271,0.34,0,0,600,FP32-token-IDs
ClinicalBERT,107a0dj,667,54,1198,just,just,False,sadness,0.0029346372466534376,0.0029346372466534376,0.36865028738975525,0.8193396329879761,0.34,1,1,600,FP32-token-IDs
ClinicalBERT,107a0dj,667,54,1198,just,just,False,suicide intent,-0.00013382738688960671,0.00013382738688960671,0.16446495056152344,0.11454345285892487,0.34,0,0,600,FP32-token-IDs
ClinicalBERT,107a0dj,667,54,1198,just,just,False,worthlessness,0.0009029202628880739,0.0009029202628880739,0.3376464545726776,0.8355488777160645,0.34,1,1,600,FP32-token-IDs
ClinicalBERT,107a0dj,667,55,4736,stupid,stupid,False,anger,0.001055189814323034,0.001055189814323034,0.4220624268054962,0.18731588125228882,0.34,0,0,600,FP32-token-IDs
ClinicalBERT,107a0dj,667,55,4736,stupid,stupid,False,brain dysfunction (forget),0.0017311094352641168,0.0017311094352641168,0.31252521276474,0.48225727677345276,0.34,1,1,600,FP32-token-IDs
ClinicalBERT,107a0dj,667,55,4736,stupid,stupid,False,emptiness,0.0010469560660660647,0.0010469560660660647,0.19043175876140594,0.22272080183029175,0.34,0,0,600,FP32-token-IDs
ClinicalBERT,107a0dj,667,55,4736,stupid,stupid,False,hopelessness,0.006257545394011033,0.006257545394011033,0.37155136466026306,0.938017725944519,0.34,1,1,600,FP32-token-IDs
ClinicalBERT,107a0dj,667,55,4736,stupid,stupid,False,loneliness,-0.0008550153370612325,0.0008550153370612325,0.21522760391235352,0.03840150684118271,0.34,0,0,600,FP32-token-IDs
ClinicalBERT,107a0dj,667,55,4736,stupid,stupid,False,sadness,0.00385303708175436,0.00385303708175436,0.36865028738975525,0.8193396329879761,0.34,1,1,600,FP32-token-IDs
ClinicalBERT,107a0dj,667,55,4736,stupid,stupid,False,suicide intent,-0.0011129756428253574,0.0011129756428253574,0.16446495056152344,0.11454345285892487,0.34,0,0,600,FP32-token-IDs
ClinicalBERT,107a0dj,667,55,4736,stupid,stupid,False,worthlessness,0.006934275958113946,0.006934275958113946,0.3376464545726776,0.8355488777160645,0.34,1,1,600,FP32-token-IDs
ClinicalBERT,107a0dj,667,56,1176,like,like,False,anger,0.001055189814323034,0.001055189814323034,0.4220624268054962,0.18731588125228882,0.34,0,0,600,FP32-token-IDs
ClinicalBERT,107a0dj,667,56,1176,like,like,False,brain dysfunction (forget),0.0017311094352641168,0.0017311094352641168,0.31252521276474,0.48225727677345276,0.34,1,1,600,FP32-token-IDs
ClinicalBERT,107a0dj,667,56,1176,like,like,False,emptiness,0.0010469560660660647,0.0010469560660660647,0.19043175876140594,0.22272080183029175,0.34,0,0,600,FP32-token-IDs
ClinicalBERT,107a0dj,667,56,1176,like,like,False,hopelessness,0.006257545394011033,0.006257545394011033,0.37155136466026306,0.938017725944519,0.34,1,1,600,FP32-token-IDs
ClinicalBERT,107a0dj,667,56,1176,like,like,False,loneliness,-0.0008550153370612325,0.0008550153370612325,0.21522760391235352,0.03840150684118271,0.34,0,0,600,FP32-token-IDs
ClinicalBERT,107a0dj,667,56,1176,like,like,False,sadness,0.00385303708175436,0.00385303708175436,0.36865028738975525,0.8193396329879761,0.34,1,1,600,FP32-token-IDs
ClinicalBERT,107a0dj,667,56,1176,like,like,False,suicide intent,-0.0011129756428253574,0.0011129756428253574,0.16446495056152344,0.11454345285892487,0.34,0,0,600,FP32-token-IDs
ClinicalBERT,107a0dj,667,56,1176,like,like,False,worthlessness,0.006934275958113946,0.006934275958113946,0.3376464545726776,0.8355488777160645,0.34,1,1,600,FP32-token-IDs
ClinicalBERT,107a0dj,667,57,178,i,i,False,anger,0.001055189814323034,0.001055189814323034,0.4220624268054962,0.18731588125228882,0.34,0,0,600,FP32-token-IDs
ClinicalBERT,107a0dj,667,57,178,i,i,False,brain dysfunction (forget),0.0017311094352641168,0.0017311094352641168,0.31252521276474,0.48225727677345276,0.34,1,1,600,FP32-token-IDs
ClinicalBERT,107a0dj,667,57,178,i,i,False,emptiness,0.0010469560660660647,0.0010469560660660647,0.19043175876140594,0.22272080183029175,0.34,0,0,600,FP32-token-IDs
ClinicalBERT,107a0dj,667,57,178,i,i,False,hopelessness,0.006257545394011033,0.006257545394011033,0.37155136466026306,0.938017725944519,0.34,1,1,600,FP32-token-IDs
ClinicalBERT,107a0dj,667,57,178,i,i,False,loneliness,-0.0008550153370612325,0.0008550153370612325,0.21522760391235352,0.03840150684118271,0.34,0,0,600,FP32-token-IDs
ClinicalBERT,107a0dj,667,57,178,i,i,False,sadness,0.00385303708175436,0.00385303708175436,0.36865028738975525,0.8193396329879761,0.34,1,1,600,FP32-token-IDs
ClinicalBERT,107a0dj,667,57,178,i,i,False,suicide intent,-0.0011129756428253574,0.0011129756428253574,0.16446495056152344,0.11454345285892487,0.34,0,0,600,FP32-token-IDs
ClinicalBERT,107a0dj,667,57,178,i,i,False,worthlessness,0.006934275958113946,0.006934275958113946,0.3376464545726776,0.8355488777160645,0.34,1,1,600,FP32-token-IDs
ClinicalBERT,107a0dj,667,58,1169,can,can,False,anger,0.001055189814323034,0.001055189814323034,0.4220624268054962,0.18731588125228882,0.34,0,0,600,FP32-token-IDs
ClinicalBERT,107a0dj,667,58,1169,can,can,False,brain dysfunction (forget),0.0017311094352641168,0.0017311094352641168,0.31252521276474,0.48225727677345276,0.34,1,1,600,FP32-token-IDs
ClinicalBERT,107a0dj,667,58,1169,can,can,False,emptiness,0.0010469560660660647,0.0010469560660660647,0.19043175876140594,0.22272080183029175,0.34,0,0,600,FP32-token-IDs
ClinicalBERT,107a0dj,667,58,1169,can,can,False,hopelessness,0.006257545394011033,0.006257545394011033,0.37155136466026306,0.938017725944519,0.34,1,1,600,FP32-token-IDs
ClinicalBERT,107a0dj,667,58,1169,can,can,False,loneliness,-0.0008550153370612325,0.0008550153370612325,0.21522760391235352,0.03840150684118271,0.34,0,0,600,FP32-token-IDs
ClinicalBERT,107a0dj,667,58,1169,can,can,False,sadness,0.00385303708175436,0.00385303708175436,0.36865028738975525,0.8193396329879761,0.34,1,1,600,FP32-token-IDs
ClinicalBERT,107a0dj,667,58,1169,can,can,False,suicide intent,-0.0011129756428253574,0.0011129756428253574,0.16446495056152344,0.11454345285892487,0.34,0,0,600,FP32-token-IDs
ClinicalBERT,107a0dj,667,58,1169,can,can,False,worthlessness,0.006934275958113946,0.006934275958113946,0.3376464545726776,0.8355488777160645,0.34,1,1,600,FP32-token-IDs
ClinicalBERT,107a0dj,667,59,112,',',False,anger,0.001055189814323034,0.001055189814323034,0.4220624268054962,0.18731588125228882,0.34,0,0,600,FP32-token-IDs
ClinicalBERT,107a0dj,667,59,112,',',False,brain dysfunction (forget),0.0017311094352641168,0.0017311094352641168,0.31252521276474,0.48225727677345276,0.34,1,1,600,FP32-token-IDs
ClinicalBERT,107a0dj,667,59,112,',',False,emptiness,0.0010469560660660647,0.0010469560660660647,0.19043175876140594,0.22272080183029175,0.34,0,0,600,FP32-token-IDs
ClinicalBERT,107a0dj,667,59,112,',',False,hopelessness,0.006257545394011033,0.006257545394011033,0.37155136466026306,0.938017725944519,0.34,1,1,600,FP32-token-IDs
ClinicalBERT,107a0dj,667,59,112,',',False,loneliness,-0.0008550153370612325,0.0008550153370612325,0.21522760391235352,0.03840150684118271,0.34,0,0,600,FP32-token-IDs
ClinicalBERT,107a0dj,667,59,112,',',False,sadness,0.00385303708175436,0.00385303708175436,0.36865028738975525,0.8193396329879761,0.34,1,1,600,FP32-token-IDs
ClinicalBERT,107a0dj,667,59,112,',',False,suicide intent,-0.0011129756428253574,0.0011129756428253574,0.16446495056152344,0.11454345285892487,0.34,0,0,600,FP32-token-IDs
ClinicalBERT,107a0dj,667,59,112,',',False,worthlessness,0.006934275958113946,0.006934275958113946,0.3376464545726776,0.8355488777160645,0.34,1,1,600,FP32-token-IDs
ClinicalBERT,107a0dj,667,60,189,t,t,False,anger,0.001055189814323034,0.001055189814323034,0.4220624268054962,0.18731588125228882,0.34,0,0,600,FP32-token-IDs
ClinicalBERT,107a0dj,667,60,189,t,t,False,brain dysfunction (forget),0.0017311094352641168,0.0017311094352641168,0.31252521276474,0.48225727677345276,0.34,1,1,600,FP32-token-IDs
ClinicalBERT,107a0dj,667,60,189,t,t,False,emptiness,0.0010469560660660647,0.0010469560660660647,0.19043175876140594,0.22272080183029175,0.34,0,0,600,FP32-token-IDs
ClinicalBERT,107a0dj,667,60,189,t,t,False,hopelessness,0.006257545394011033,0.006257545394011033,0.37155136466026306,0.938017725944519,0.34,1,1,600,FP32-token-IDs
ClinicalBERT,107a0dj,667,60,189,t,t,False,loneliness,-0.0008550153370612325,0.0008550153370612325,0.21522760391235352,0.03840150684118271,0.34,0,0,600,FP32-token-IDs
ClinicalBERT,107a0dj,667,60,189,t,t,False,sadness,0.00385303708175436,0.00385303708175436,0.36865028738975525,0.8193396329879761,0.34,1,1,600,FP32-token-IDs
ClinicalBERT,107a0dj,667,60,189,t,t,False,suicide intent,-0.0011129756428253574,0.0011129756428253574,0.16446495056152344,0.11454345285892487,0.34,0,0,600,FP32-token-IDs
ClinicalBERT,107a0dj,667,60,189,t,t,False,worthlessness,0.006934275958113946,0.006934275958113946,0.3376464545726776,0.8355488777160645,0.34,1,1,600,FP32-token-IDs
ClinicalBERT,107a0dj,667,61,9474,solve,solve,False,anger,-0.005695844417089944,0.005695844417089944,0.4220624268054962,0.18731588125228882,0.34,0,0,600,FP32-token-IDs
ClinicalBERT,107a0dj,667,61,9474,solve,solve,False,brain dysfunction (forget),0.00020417682621832737,0.00020417682621832737,0.31252521276474,0.48225727677345276,0.34,1,1,600,FP32-token-IDs
ClinicalBERT,107a0dj,667,61,9474,solve,solve,False,emptiness,-0.0015732680708374623,0.0015732680708374623,0.19043175876140594,0.22272080183029175,0.34,0,0,600,FP32-token-IDs
ClinicalBERT,107a0dj,667,61,9474,solve,solve,False,hopelessness,0.00155927171255206,0.00155927171255206,0.37155136466026306,0.938017725944519,0.34,1,1,600,FP32-token-IDs
ClinicalBERT,107a0dj,667,61,9474,solve,solve,False,loneliness,-0.0016363522749148554,0.0016363522749148554,0.21522760391235352,0.03840150684118271,0.34,0,0,600,FP32-token-IDs
ClinicalBERT,107a0dj,667,61,9474,solve,solve,False,sadness,0.0009239932808738488,0.0009239932808738488,0.36865028738975525,0.8193396329879761,0.34,1,1,600,FP32-token-IDs
ClinicalBERT,107a0dj,667,61,9474,solve,solve,False,suicide intent,-0.004006485922958006,0.004006485922958006,0.16446495056152344,0.11454345285892487,0.34,0,0,600,FP32-token-IDs
ClinicalBERT,107a0dj,667,61,9474,solve,solve,False,worthlessness,0.0007765592884395149,0.0007765592884395149,0.3376464545726776,0.8355488777160645,0.34,1,1,600,FP32-token-IDs
ClinicalBERT,107a0dj,667,62,2645,problems,problems,False,anger,-0.005695844417089944,0.005695844417089944,0.4220624268054962,0.18731588125228882,0.34,0,0,600,FP32-token-IDs
ClinicalBERT,107a0dj,667,62,2645,problems,problems,False,brain dysfunction (forget),0.00020417682621832737,0.00020417682621832737,0.31252521276474,0.48225727677345276,0.34,1,1,600,FP32-token-IDs
ClinicalBERT,107a0dj,667,62,2645,problems,problems,False,emptiness,-0.0015732680708374623,0.0015732680708374623,0.19043175876140594,0.22272080183029175,0.34,0,0,600,FP32-token-IDs
ClinicalBERT,107a0dj,667,62,2645,problems,problems,False,hopelessness,0.00155927171255206,0.00155927171255206,0.37155136466026306,0.938017725944519,0.34,1,1,600,FP32-token-IDs
ClinicalBERT,107a0dj,667,62,2645,problems,problems,False,loneliness,-0.0016363522749148554,0.0016363522749148554,0.21522760391235352,0.03840150684118271,0.34,0,0,600,FP32-token-IDs
ClinicalBERT,107a0dj,667,62,2645,problems,problems,False,sadness,0.0009239932808738488,0.0009239932808738488,0.36865028738975525,0.8193396329879761,0.34,1,1,600,FP32-token-IDs
ClinicalBERT,107a0dj,667,62,2645,problems,problems,False,suicide intent,-0.004006485922958006,0.004006485922958006,0.16446495056152344,0.11454345285892487,0.34,0,0,600,FP32-token-IDs
ClinicalBERT,107a0dj,667,62,2645,problems,problems,False,worthlessness,0.0007765592884395149,0.0007765592884395149,0.3376464545726776,0.8355488777160645,0.34,1,1,600,FP32-token-IDs
ClinicalBERT,107a0dj,667,63,1176,like,like,False,anger,-0.005695844417089944,0.005695844417089944,0.4220624268054962,0.18731588125228882,0.34,0,0,600,FP32-token-IDs
ClinicalBERT,107a0dj,667,63,1176,like,like,False,brain dysfunction (forget),0.00020417682621832737,0.00020417682621832737,0.31252521276474,0.48225727677345276,0.34,1,1,600,FP32-token-IDs
ClinicalBERT,107a0dj,667,63,1176,like,like,False,emptiness,-0.0015732680708374623,0.0015732680708374623,0.19043175876140594,0.22272080183029175,0.34,0,0,600,FP32-token-IDs
ClinicalBERT,107a0dj,667,63,1176,like,like,False,hopelessness,0.00155927171255206,0.00155927171255206,0.37155136466026306,0.938017725944519,0.34,1,1,600,FP32-token-IDs
ClinicalBERT,107a0dj,667,63,1176,like,like,False,loneliness,-0.0016363522749148554,0.0016363522749148554,0.21522760391235352,0.03840150684118271,0.34,0,0,600,FP32-token-IDs
ClinicalBERT,107a0dj,667,63,1176,like,like,False,sadness,0.0009239932808738488,0.0009239932808738488,0.36865028738975525,0.8193396329879761,0.34,1,1,600,FP32-token-IDs
ClinicalBERT,107a0dj,667,63,1176,like,like,False,suicide intent,-0.004006485922958006,0.004006485922958006,0.16446495056152344,0.11454345285892487,0.34,0,0,600,FP32-token-IDs
ClinicalBERT,107a0dj,667,63,1176,like,like,False,worthlessness,0.0007765592884395149,0.0007765592884395149,0.3376464545726776,0.8355488777160645,0.34,1,1,600,FP32-token-IDs
ClinicalBERT,107a0dj,667,64,178,i,i,False,anger,-0.005695844417089944,0.005695844417089944,0.4220624268054962,0.18731588125228882,0.34,0,0,600,FP32-token-IDs
ClinicalBERT,107a0dj,667,64,178,i,i,False,brain dysfunction (forget),0.00020417682621832737,0.00020417682621832737,0.31252521276474,0.48225727677345276,0.34,1,1,600,FP32-token-IDs
ClinicalBERT,107a0dj,667,64,178,i,i,False,emptiness,-0.0015732680708374623,0.0015732680708374623,0.19043175876140594,0.22272080183029175,0.34,0,0,600,FP32-token-IDs
ClinicalBERT,107a0dj,667,64,178,i,i,False,hopelessness,0.00155927171255206,0.00155927171255206,0.37155136466026306,0.938017725944519,0.34,1,1,600,FP32-token-IDs
ClinicalBERT,107a0dj,667,64,178,i,i,False,loneliness,-0.0016363522749148554,0.0016363522749148554,0.21522760391235352,0.03840150684118271,0.34,0,0,600,FP32-token-IDs
ClinicalBERT,107a0dj,667,64,178,i,i,False,sadness,0.0009239932808738488,0.0009239932808738488,0.36865028738975525,0.8193396329879761,0.34,1,1,600,FP32-token-IDs
ClinicalBERT,107a0dj,667,64,178,i,i,False,suicide intent,-0.004006485922958006,0.004006485922958006,0.16446495056152344,0.11454345285892487,0.34,0,0,600,FP32-token-IDs
ClinicalBERT,107a0dj,667,64,178,i,i,False,worthlessness,0.0007765592884395149,0.0007765592884395149,0.3376464545726776,0.8355488777160645,0.34,1,1,600,FP32-token-IDs
ClinicalBERT,107a0dj,667,65,1215,used,used,False,anger,-0.005695844417089944,0.005695844417089944,0.4220624268054962,0.18731588125228882,0.34,0,0,600,FP32-token-IDs
ClinicalBERT,107a0dj,667,65,1215,used,used,False,brain dysfunction (forget),0.00020417682621832737,0.00020417682621832737,0.31252521276474,0.48225727677345276,0.34,1,1,600,FP32-token-IDs
ClinicalBERT,107a0dj,667,65,1215,used,used,False,emptiness,-0.001573268070837462,0.001573268070837462,0.19043175876140594,0.22272080183029175,0.34,0,0,600,FP32-token-IDs
ClinicalBERT,107a0dj,667,65,1215,used,used,False,hopelessness,0.00155927171255206,0.00155927171255206,0.37155136466026306,0.938017725944519,0.34,1,1,600,FP32-token-IDs
ClinicalBERT,107a0dj,667,65,1215,used,used,False,loneliness,-0.0016363522749148554,0.0016363522749148554,0.21522760391235352,0.03840150684118271,0.34,0,0,600,FP32-token-IDs
ClinicalBERT,107a0dj,667,65,1215,used,used,False,sadness,0.0009239932808738487,0.0009239932808738487,0.36865028738975525,0.8193396329879761,0.34,1,1,600,FP32-token-IDs
ClinicalBERT,107a0dj,667,65,1215,used,used,False,suicide intent,-0.004006485922958006,0.004006485922958006,0.16446495056152344,0.11454345285892487,0.34,0,0,600,FP32-token-IDs
ClinicalBERT,107a0dj,667,65,1215,used,used,False,worthlessness,0.0007765592884395149,0.0007765592884395149,0.3376464545726776,0.8355488777160645,0.34,1,1,600,FP32-token-IDs
ClinicalBERT,107a0dj,667,66,1106,to,to,False,anger,-0.005695844417089944,0.005695844417089944,0.4220624268054962,0.18731588125228882,0.34,0,0,600,FP32-token-IDs
ClinicalBERT,107a0dj,667,66,1106,to,to,False,brain dysfunction (forget),0.00020417682621832737,0.00020417682621832737,0.31252521276474,0.48225727677345276,0.34,1,1,600,FP32-token-IDs
ClinicalBERT,107a0dj,667,66,1106,to,to,False,emptiness,-0.001573268070837462,0.001573268070837462,0.19043175876140594,0.22272080183029175,0.34,0,0,600,FP32-token-IDs
ClinicalBERT,107a0dj,667,66,1106,to,to,False,hopelessness,0.00155927171255206,0.00155927171255206,0.37155136466026306,0.938017725944519,0.34,1,1,600,FP32-token-IDs
ClinicalBERT,107a0dj,667,66,1106,to,to,False,loneliness,-0.0016363522749148554,0.0016363522749148554,0.21522760391235352,0.03840150684118271,0.34,0,0,600,FP32-token-IDs
ClinicalBERT,107a0dj,667,66,1106,to,to,False,sadness,0.0009239932808738487,0.0009239932808738487,0.36865028738975525,0.8193396329879761,0.34,1,1,600,FP32-token-IDs
ClinicalBERT,107a0dj,667,66,1106,to,to,False,suicide intent,-0.004006485922958006,0.004006485922958006,0.16446495056152344,0.11454345285892487,0.34,0,0,600,FP32-token-IDs
ClinicalBERT,107a0dj,667,66,1106,to,to,False,worthlessness,0.0007765592884395149,0.0007765592884395149,0.3376464545726776,0.8355488777160645,0.34,1,1,600,FP32-token-IDs
ClinicalBERT,107a0dj,667,67,119,.,.,False,anger,-0.005695844417089944,0.005695844417089944,0.4220624268054962,0.18731588125228882,0.34,0,0,600,FP32-token-IDs
ClinicalBERT,107a0dj,667,67,119,.,.,False,brain dysfunction (forget),0.00020417682621832737,0.00020417682621832737,0.31252521276474,0.48225727677345276,0.34,1,1,600,FP32-token-IDs
ClinicalBERT,107a0dj,667,67,119,.,.,False,emptiness,-0.001573268070837462,0.001573268070837462,0.19043175876140594,0.22272080183029175,0.34,0,0,600,FP32-token-IDs
ClinicalBERT,107a0dj,667,67,119,.,.,False,hopelessness,0.00155927171255206,0.00155927171255206,0.37155136466026306,0.938017725944519,0.34,1,1,600,FP32-token-IDs
ClinicalBERT,107a0dj,667,67,119,.,.,False,loneliness,-0.0016363522749148554,0.0016363522749148554,0.21522760391235352,0.03840150684118271,0.34,0,0,600,FP32-token-IDs
ClinicalBERT,107a0dj,667,67,119,.,.,False,sadness,0.0009239932808738487,0.0009239932808738487,0.36865028738975525,0.8193396329879761,0.34,1,1,600,FP32-token-IDs
ClinicalBERT,107a0dj,667,67,119,.,.,False,suicide intent,-0.004006485922958006,0.004006485922958006,0.16446495056152344,0.11454345285892487,0.34,0,0,600,FP32-token-IDs
ClinicalBERT,107a0dj,667,67,119,.,.,False,worthlessness,0.0007765592884395149,0.0007765592884395149,0.3376464545726776,0.8355488777160645,0.34,1,1,600,FP32-token-IDs
ClinicalBERT,107a0dj,667,68,1122,it,it,False,anger,0.0014302288808931524,0.0014302288808931524,0.4220624268054962,0.18731588125228882,0.34,0,0,600,FP32-token-IDs
ClinicalBERT,107a0dj,667,68,1122,it,it,False,brain dysfunction (forget),0.003663618475771867,0.003663618475771867,0.31252521276474,0.48225727677345276,0.34,1,1,600,FP32-token-IDs
ClinicalBERT,107a0dj,667,68,1122,it,it,False,emptiness,-0.0026519601636279663,0.0026519601636279663,0.19043175876140594,0.22272080183029175,0.34,0,0,600,FP32-token-IDs
ClinicalBERT,107a0dj,667,68,1122,it,it,False,hopelessness,0.008355908024196442,0.008355908024196442,0.37155136466026306,0.938017725944519,0.34,1,1,600,FP32-token-IDs
ClinicalBERT,107a0dj,667,68,1122,it,it,False,loneliness,-0.003488469787183791,0.003488469787183791,0.21522760391235352,0.03840150684118271,0.34,0,0,600,FP32-token-IDs
ClinicalBERT,107a0dj,667,68,1122,it,it,False,sadness,0.003945920741758667,0.003945920741758667,0.36865028738975525,0.8193396329879761,0.34,1,1,600,FP32-token-IDs
ClinicalBERT,107a0dj,667,68,1122,it,it,False,suicide intent,0.00011577168166135938,0.00011577168166135938,0.16446495056152344,0.11454345285892487,0.34,0,0,600,FP32-token-IDs
ClinicalBERT,107a0dj,667,68,1122,it,it,False,worthlessness,0.008431452657812491,0.008431452657812491,0.3376464545726776,0.8355488777160645,0.34,1,1,600,FP32-token-IDs
ClinicalBERT,107a0dj,667,69,22797,sucks,sucks,False,anger,0.0014302288808931524,0.0014302288808931524,0.4220624268054962,0.18731588125228882,0.34,0,0,600,FP32-token-IDs
ClinicalBERT,107a0dj,667,69,22797,sucks,sucks,False,brain dysfunction (forget),0.003663618475771867,0.003663618475771867,0.31252521276474,0.48225727677345276,0.34,1,1,600,FP32-token-IDs
ClinicalBERT,107a0dj,667,69,22797,sucks,sucks,False,emptiness,-0.0026519601636279663,0.0026519601636279663,0.19043175876140594,0.22272080183029175,0.34,0,0,600,FP32-token-IDs
ClinicalBERT,107a0dj,667,69,22797,sucks,sucks,False,hopelessness,0.008355908024196442,0.008355908024196442,0.37155136466026306,0.938017725944519,0.34,1,1,600,FP32-token-IDs
ClinicalBERT,107a0dj,667,69,22797,sucks,sucks,False,loneliness,-0.003488469787183791,0.003488469787183791,0.21522760391235352,0.03840150684118271,0.34,0,0,600,FP32-token-IDs
ClinicalBERT,107a0dj,667,69,22797,sucks,sucks,False,sadness,0.003945920741758667,0.003945920741758667,0.36865028738975525,0.8193396329879761,0.34,1,1,600,FP32-token-IDs
ClinicalBERT,107a0dj,667,69,22797,sucks,sucks,False,suicide intent,0.00011577168166135938,0.00011577168166135938,0.16446495056152344,0.11454345285892487,0.34,0,0,600,FP32-token-IDs
ClinicalBERT,107a0dj,667,69,22797,sucks,sucks,False,worthlessness,0.008431452657812491,0.008431452657812491,0.3376464545726776,0.8355488777160645,0.34,1,1,600,FP32-token-IDs
ClinicalBERT,107a0dj,667,70,178,i,i,False,anger,0.0014302288808931524,0.0014302288808931524,0.4220624268054962,0.18731588125228882,0.34,0,0,600,FP32-token-IDs
ClinicalBERT,107a0dj,667,70,178,i,i,False,brain dysfunction (forget),0.003663618475771867,0.003663618475771867,0.31252521276474,0.48225727677345276,0.34,1,1,600,FP32-token-IDs
ClinicalBERT,107a0dj,667,70,178,i,i,False,emptiness,-0.0026519601636279663,0.0026519601636279663,0.19043175876140594,0.22272080183029175,0.34,0,0,600,FP32-token-IDs
ClinicalBERT,107a0dj,667,70,178,i,i,False,hopelessness,0.008355908024196442,0.008355908024196442,0.37155136466026306,0.938017725944519,0.34,1,1,600,FP32-token-IDs
ClinicalBERT,107a0dj,667,70,178,i,i,False,loneliness,-0.003488469787183791,0.003488469787183791,0.21522760391235352,0.03840150684118271,0.34,0,0,600,FP32-token-IDs
ClinicalBERT,107a0dj,667,70,178,i,i,False,sadness,0.003945920741758667,0.003945920741758667,0.36865028738975525,0.8193396329879761,0.34,1,1,600,FP32-token-IDs
ClinicalBERT,107a0dj,667,70,178,i,i,False,suicide intent,0.00011577168166135938,0.00011577168166135938,0.16446495056152344,0.11454345285892487,0.34,0,0,600,FP32-token-IDs
ClinicalBERT,107a0dj,667,70,178,i,i,False,worthlessness,0.008431452657812491,0.008431452657812491,0.3376464545726776,0.8355488777160645,0.34,1,1,600,FP32-token-IDs
ClinicalBERT,107a0dj,667,71,1712,keep,keep,False,anger,0.0014302288808931524,0.0014302288808931524,0.4220624268054962,0.18731588125228882,0.34,0,0,600,FP32-token-IDs
ClinicalBERT,107a0dj,667,71,1712,keep,keep,False,brain dysfunction (forget),0.003663618475771867,0.003663618475771867,0.31252521276474,0.48225727677345276,0.34,1,1,600,FP32-token-IDs
ClinicalBERT,107a0dj,667,71,1712,keep,keep,False,emptiness,-0.0026519601636279663,0.0026519601636279663,0.19043175876140594,0.22272080183029175,0.34,0,0,600,FP32-token-IDs
ClinicalBERT,107a0dj,667,71,1712,keep,keep,False,hopelessness,0.008355908024196442,0.008355908024196442,0.37155136466026306,0.938017725944519,0.34,1,1,600,FP32-token-IDs
ClinicalBERT,107a0dj,667,71,1712,keep,keep,False,loneliness,-0.003488469787183791,0.003488469787183791,0.21522760391235352,0.03840150684118271,0.34,0,0,600,FP32-token-IDs
ClinicalBERT,107a0dj,667,71,1712,keep,keep,False,sadness,0.003945920741758667,0.003945920741758667,0.36865028738975525,0.8193396329879761,0.34,1,1,600,FP32-token-IDs
ClinicalBERT,107a0dj,667,71,1712,keep,keep,False,suicide intent,0.00011577168166135938,0.00011577168166135938,0.16446495056152344,0.11454345285892487,0.34,0,0,600,FP32-token-IDs
ClinicalBERT,107a0dj,667,71,1712,keep,keep,False,worthlessness,0.008431452657812491,0.008431452657812491,0.3376464545726776,0.8355488777160645,0.34,1,1,600,FP32-token-IDs
ClinicalBERT,107a0dj,667,72,2422,thinking,thinking,False,anger,4.667934710876295e-05,4.667934710876295e-05,0.4220624268054962,0.18731588125228882,0.34,0,0,600,FP32-token-IDs
ClinicalBERT,107a0dj,667,72,2422,thinking,thinking,False,brain dysfunction (forget),0.004550537219844185,0.004550537219844185,0.31252521276474,0.48225727677345276,0.34,1,1,600,FP32-token-IDs
ClinicalBERT,107a0dj,667,72,2422,thinking,thinking,False,emptiness,-0.0033653918474626085,0.0033653918474626085,0.19043175876140594,0.22272080183029175,0.34,0,0,600,FP32-token-IDs
ClinicalBERT,107a0dj,667,72,2422,thinking,thinking,False,hopelessness,0.007091780587171133,0.007091780587171133,0.37155136466026306,0.938017725944519,0.34,1,1,600,FP32-token-IDs
ClinicalBERT,107a0dj,667,72,2422,thinking,thinking,False,loneliness,-0.003625588293429106,0.003625588293429106,0.21522760391235352,0.03840150684118271,0.34,0,0,600,FP32-token-IDs
ClinicalBERT,107a0dj,667,72,2422,thinking,thinking,False,sadness,0.0025419056272277464,0.0025419056272277464,0.36865028738975525,0.8193396329879761,0.34,1,1,600,FP32-token-IDs
ClinicalBERT,107a0dj,667,72,2422,thinking,thinking,False,suicide intent,-0.0010870323547771056,0.0010870323547771056,0.16446495056152344,0.11454345285892487,0.34,0,0,600,FP32-token-IDs
ClinicalBERT,107a0dj,667,72,2422,thinking,thinking,False,worthlessness,0.0071446731274660965,0.0071446731274660965,0.3376464545726776,0.8355488777160645,0.34,1,1,600,FP32-token-IDs
ClinicalBERT,107a0dj,667,73,1164,about,about,False,anger,4.667934710876295e-05,4.667934710876295e-05,0.4220624268054962,0.18731588125228882,0.34,0,0,600,FP32-token-IDs
ClinicalBERT,107a0dj,667,73,1164,about,about,False,brain dysfunction (forget),0.004550537219844185,0.004550537219844185,0.31252521276474,0.48225727677345276,0.34,1,1,600,FP32-token-IDs
ClinicalBERT,107a0dj,667,73,1164,about,about,False,emptiness,-0.0033653918474626085,0.0033653918474626085,0.19043175876140594,0.22272080183029175,0.34,0,0,600,FP32-token-IDs
ClinicalBERT,107a0dj,667,73,1164,about,about,False,hopelessness,0.007091780587171133,0.007091780587171133,0.37155136466026306,0.938017725944519,0.34,1,1,600,FP32-token-IDs
ClinicalBERT,107a0dj,667,73,1164,about,about,False,loneliness,-0.003625588293429106,0.003625588293429106,0.21522760391235352,0.03840150684118271,0.34,0,0,600,FP32-token-IDs
ClinicalBERT,107a0dj,667,73,1164,about,about,False,sadness,0.0025419056272277464,0.0025419056272277464,0.36865028738975525,0.8193396329879761,0.34,1,1,600,FP32-token-IDs
ClinicalBERT,107a0dj,667,73,1164,about,about,False,suicide intent,-0.0010870323547771056,0.0010870323547771056,0.16446495056152344,0.11454345285892487,0.34,0,0,600,FP32-token-IDs
ClinicalBERT,107a0dj,667,73,1164,about,about,False,worthlessness,0.0071446731274660965,0.0071446731274660965,0.3376464545726776,0.8355488777160645,0.34,1,1,600,FP32-token-IDs
ClinicalBERT,107a0dj,667,74,4736,stupid,stupid,False,anger,4.667934710876295e-05,4.667934710876295e-05,0.4220624268054962,0.18731588125228882,0.34,0,0,600,FP32-token-IDs
ClinicalBERT,107a0dj,667,74,4736,stupid,stupid,False,brain dysfunction (forget),0.004550537219844185,0.004550537219844185,0.31252521276474,0.48225727677345276,0.34,1,1,600,FP32-token-IDs
ClinicalBERT,107a0dj,667,74,4736,stupid,stupid,False,emptiness,-0.0033653918474626085,0.0033653918474626085,0.19043175876140594,0.22272080183029175,0.34,0,0,600,FP32-token-IDs
ClinicalBERT,107a0dj,667,74,4736,stupid,stupid,False,hopelessness,0.007091780587171133,0.007091780587171133,0.37155136466026306,0.938017725944519,0.34,1,1,600,FP32-token-IDs
ClinicalBERT,107a0dj,667,74,4736,stupid,stupid,False,loneliness,-0.003625588293429106,0.003625588293429106,0.21522760391235352,0.03840150684118271,0.34,0,0,600,FP32-token-IDs
ClinicalBERT,107a0dj,667,74,4736,stupid,stupid,False,sadness,0.0025419056272277464,0.0025419056272277464,0.36865028738975525,0.8193396329879761,0.34,1,1,600,FP32-token-IDs
ClinicalBERT,107a0dj,667,74,4736,stupid,stupid,False,suicide intent,-0.0010870323547771056,0.0010870323547771056,0.16446495056152344,0.11454345285892487,0.34,0,0,600,FP32-token-IDs
ClinicalBERT,107a0dj,667,74,4736,stupid,stupid,False,worthlessness,0.0071446731274660965,0.0071446731274660965,0.3376464545726776,0.8355488777160645,0.34,1,1,600,FP32-token-IDs
ClinicalBERT,107a0dj,667,75,1614,things,things,False,anger,4.667934710876295e-05,4.667934710876295e-05,0.4220624268054962,0.18731588125228882,0.34,0,0,600,FP32-token-IDs
ClinicalBERT,107a0dj,667,75,1614,things,things,False,brain dysfunction (forget),0.004550537219844185,0.004550537219844185,0.31252521276474,0.48225727677345276,0.34,1,1,600,FP32-token-IDs
ClinicalBERT,107a0dj,667,75,1614,things,things,False,emptiness,-0.0033653918474626085,0.0033653918474626085,0.19043175876140594,0.22272080183029175,0.34,0,0,600,FP32-token-IDs
ClinicalBERT,107a0dj,667,75,1614,things,things,False,hopelessness,0.007091780587171133,0.007091780587171133,0.37155136466026306,0.938017725944519,0.34,1,1,600,FP32-token-IDs
ClinicalBERT,107a0dj,667,75,1614,things,things,False,loneliness,-0.003625588293429106,0.003625588293429106,0.21522760391235352,0.03840150684118271,0.34,0,0,600,FP32-token-IDs
ClinicalBERT,107a0dj,667,75,1614,things,things,False,sadness,0.0025419056272277464,0.0025419056272277464,0.36865028738975525,0.8193396329879761,0.34,1,1,600,FP32-token-IDs
ClinicalBERT,107a0dj,667,75,1614,things,things,False,suicide intent,-0.0010870323547771056,0.0010870323547771056,0.16446495056152344,0.11454345285892487,0.34,0,0,600,FP32-token-IDs
ClinicalBERT,107a0dj,667,75,1614,things,things,False,worthlessness,0.0071446731274660965,0.0071446731274660965,0.3376464545726776,0.8355488777160645,0.34,1,1,600,FP32-token-IDs
ClinicalBERT,107a0dj,667,76,1176,like,like,False,anger,0.0030437487105910597,0.0030437487105910597,0.4220624268054962,0.18731588125228882,0.34,0,0,600,FP32-token-IDs
ClinicalBERT,107a0dj,667,76,1176,like,like,False,brain dysfunction (forget),-0.0020468638421824344,0.0020468638421824344,0.31252521276474,0.48225727677345276,0.34,1,1,600,FP32-token-IDs
ClinicalBERT,107a0dj,667,76,1176,like,like,False,emptiness,-0.0032581065602314014,0.0032581065602314014,0.19043175876140594,0.22272080183029175,0.34,0,0,600,FP32-token-IDs
ClinicalBERT,107a0dj,667,76,1176,like,like,False,hopelessness,0.0024978608107910708,0.0024978608107910708,0.37155136466026306,0.938017725944519,0.34,1,1,600,FP32-token-IDs
ClinicalBERT,107a0dj,667,76,1176,like,like,False,loneliness,7.461233494373469e-05,7.461233494373469e-05,0.21522760391235352,0.03840150684118271,0.34,0,0,600,FP32-token-IDs
ClinicalBERT,107a0dj,667,76,1176,like,like,False,sadness,-0.0006021082544556031,0.0006021082544556031,0.36865028738975525,0.8193396329879761,0.34,1,1,600,FP32-token-IDs
ClinicalBERT,107a0dj,667,76,1176,like,like,False,suicide intent,-0.008281672719973498,0.008281672719973498,0.16446495056152344,0.11454345285892487,0.34,0,0,600,FP32-token-IDs
ClinicalBERT,107a0dj,667,76,1176,like,like,False,worthlessness,0.0031518905710142394,0.0031518905710142394,0.3376464545726776,0.8355488777160645,0.34,1,1,600,FP32-token-IDs
ClinicalBERT,107a0dj,667,77,2673,sex,sex,False,anger,0.0030437487105910597,0.0030437487105910597,0.4220624268054962,0.18731588125228882,0.34,0,0,600,FP32-token-IDs
ClinicalBERT,107a0dj,667,77,2673,sex,sex,False,brain dysfunction (forget),-0.0020468638421824344,0.0020468638421824344,0.31252521276474,0.48225727677345276,0.34,1,1,600,FP32-token-IDs
ClinicalBERT,107a0dj,667,77,2673,sex,sex,False,emptiness,-0.0032581065602314014,0.0032581065602314014,0.19043175876140594,0.22272080183029175,0.34,0,0,600,FP32-token-IDs
ClinicalBERT,107a0dj,667,77,2673,sex,sex,False,hopelessness,0.0024978608107910708,0.0024978608107910708,0.37155136466026306,0.938017725944519,0.34,1,1,600,FP32-token-IDs
ClinicalBERT,107a0dj,667,77,2673,sex,sex,False,loneliness,7.461233494373469e-05,7.461233494373469e-05,0.21522760391235352,0.03840150684118271,0.34,0,0,600,FP32-token-IDs
ClinicalBERT,107a0dj,667,77,2673,sex,sex,False,sadness,-0.0006021082544556031,0.0006021082544556031,0.36865028738975525,0.8193396329879761,0.34,1,1,600,FP32-token-IDs
ClinicalBERT,107a0dj,667,77,2673,sex,sex,False,suicide intent,-0.008281672719973498,0.008281672719973498,0.16446495056152344,0.11454345285892487,0.34,0,0,600,FP32-token-IDs
ClinicalBERT,107a0dj,667,77,2673,sex,sex,False,worthlessness,0.0031518905710142394,0.0031518905710142394,0.3376464545726776,0.8355488777160645,0.34,1,1,600,FP32-token-IDs
ClinicalBERT,107a0dj,667,78,1155,all,all,False,anger,0.0019580411032224312,0.0019580411032224312,0.4220624268054962,0.18731588125228882,0.34,0,0,600,FP32-token-IDs
ClinicalBERT,107a0dj,667,78,1155,all,all,False,brain dysfunction (forget),-0.0006203686961760889,0.0006203686961760889,0.31252521276474,0.48225727677345276,0.34,1,1,600,FP32-token-IDs
ClinicalBERT,107a0dj,667,78,1155,all,all,False,emptiness,-0.0022374069759956536,0.0022374069759956536,0.19043175876140594,0.22272080183029175,0.34,0,0,600,FP32-token-IDs
ClinicalBERT,107a0dj,667,78,1155,all,all,False,hopelessness,0.0022337664444095047,0.0022337664444095047,0.37155136466026306,0.938017725944519,0.34,1,1,600,FP32-token-IDs
ClinicalBERT,107a0dj,667,78,1155,all,all,False,loneliness,2.2525908067249306e-05,2.2525908067249306e-05,0.21522760391235352,0.03840150684118271,0.34,0,0,600,FP32-token-IDs
ClinicalBERT,107a0dj,667,78,1155,all,all,False,sadness,-0.0005656494591862729,0.0005656494591862729,0.36865028738975525,0.8193396329879761,0.34,1,1,600,FP32-token-IDs
ClinicalBERT,107a0dj,667,78,1155,all,all,False,suicide intent,-0.0054281300954663984,0.0054281300954663984,0.16446495056152344,0.11454345285892487,0.34,0,0,600,FP32-token-IDs
ClinicalBERT,107a0dj,667,78,1155,all,all,False,worthlessness,0.00245931921287989,0.00245931921287989,0.3376464545726776,0.8355488777160645,0.34,1,1,600,FP32-token-IDs
ClinicalBERT,107a0dj,667,79,1103,the,the,False,anger,0.0019580411032224312,0.0019580411032224312,0.4220624268054962,0.18731588125228882,0.34,0,0,600,FP32-token-IDs
ClinicalBERT,107a0dj,667,79,1103,the,the,False,brain dysfunction (forget),-0.0006203686961760889,0.0006203686961760889,0.31252521276474,0.48225727677345276,0.34,1,1,600,FP32-token-IDs
ClinicalBERT,107a0dj,667,79,1103,the,the,False,emptiness,-0.0022374069759956536,0.0022374069759956536,0.19043175876140594,0.22272080183029175,0.34,0,0,600,FP32-token-IDs
ClinicalBERT,107a0dj,667,79,1103,the,the,False,hopelessness,0.0022337664444095047,0.0022337664444095047,0.37155136466026306,0.938017725944519,0.34,1,1,600,FP32-token-IDs
ClinicalBERT,107a0dj,667,79,1103,the,the,False,loneliness,2.2525908067249306e-05,2.2525908067249306e-05,0.21522760391235352,0.03840150684118271,0.34,0,0,600,FP32-token-IDs
ClinicalBERT,107a0dj,667,79,1103,the,the,False,sadness,-0.0005656494591862729,0.0005656494591862729,0.36865028738975525,0.8193396329879761,0.34,1,1,600,FP32-token-IDs
ClinicalBERT,107a0dj,667,79,1103,the,the,False,suicide intent,-0.0054281300954663984,0.0054281300954663984,0.16446495056152344,0.11454345285892487,0.34,0,0,600,FP32-token-IDs
ClinicalBERT,107a0dj,667,79,1103,the,the,False,worthlessness,0.00245931921287989,0.00245931921287989,0.3376464545726776,0.8355488777160645,0.34,1,1,600,FP32-token-IDs
ClinicalBERT,107a0dj,667,80,1159,time,time,False,anger,0.0019580411032224312,0.0019580411032224312,0.4220624268054962,0.18731588125228882,0.34,0,0,600,FP32-token-IDs
ClinicalBERT,107a0dj,667,80,1159,time,time,False,brain dysfunction (forget),-0.0006203686961760889,0.0006203686961760889,0.31252521276474,0.48225727677345276,0.34,1,1,600,FP32-token-IDs
ClinicalBERT,107a0dj,667,80,1159,time,time,False,emptiness,-0.0022374069759956536,0.0022374069759956536,0.19043175876140594,0.22272080183029175,0.34,0,0,600,FP32-token-IDs
ClinicalBERT,107a0dj,667,80,1159,time,time,False,hopelessness,0.0022337664444095047,0.0022337664444095047,0.37155136466026306,0.938017725944519,0.34,1,1,600,FP32-token-IDs
ClinicalBERT,107a0dj,667,80,1159,time,time,False,loneliness,2.2525908067249306e-05,2.2525908067249306e-05,0.21522760391235352,0.03840150684118271,0.34,0,0,600,FP32-token-IDs
ClinicalBERT,107a0dj,667,80,1159,time,time,False,sadness,-0.0005656494591862729,0.0005656494591862729,0.36865028738975525,0.8193396329879761,0.34,1,1,600,FP32-token-IDs
ClinicalBERT,107a0dj,667,80,1159,time,time,False,suicide intent,-0.0054281300954663984,0.0054281300954663984,0.16446495056152344,0.11454345285892487,0.34,0,0,600,FP32-token-IDs
ClinicalBERT,107a0dj,667,80,1159,time,time,False,worthlessness,0.00245931921287989,0.00245931921287989,0.3376464545726776,0.8355488777160645,0.34,1,1,600,FP32-token-IDs
ClinicalBERT,107a0dj,667,81,1105,and,and,False,anger,-0.0009533057920634747,0.0009533057920634747,0.4220624268054962,0.18731588125228882,0.34,0,0,600,FP32-token-IDs
ClinicalBERT,107a0dj,667,81,1105,and,and,False,brain dysfunction (forget),0.004295182600617409,0.004295182600617409,0.31252521276474,0.48225727677345276,0.34,1,1,600,FP32-token-IDs
ClinicalBERT,107a0dj,667,81,1105,and,and,False,emptiness,0.002115441020578146,0.002115441020578146,0.19043175876140594,0.22272080183029175,0.34,0,0,600,FP32-token-IDs
ClinicalBERT,107a0dj,667,81,1105,and,and,False,hopelessness,0.003068007715046406,0.003068007715046406,0.37155136466026306,0.938017725944519,0.34,1,1,600,FP32-token-IDs
ClinicalBERT,107a0dj,667,81,1105,and,and,False,loneliness,0.0004742589080706239,0.0004742589080706239,0.21522760391235352,0.03840150684118271,0.34,0,0,600,FP32-token-IDs
ClinicalBERT,107a0dj,667,81,1105,and,and,False,sadness,0.0013433683663606644,0.0013433683663606644,0.36865028738975525,0.8193396329879761,0.34,1,1,600,FP32-token-IDs
ClinicalBERT,107a0dj,667,81,1105,and,and,False,suicide intent,0.0007549635600298643,0.0007549635600298643,0.16446495056152344,0.11454345285892487,0.34,0,0,600,FP32-token-IDs
ClinicalBERT,107a0dj,667,81,1105,and,and,False,worthlessness,0.0028636762872338295,0.0028636762872338295,0.3376464545726776,0.8355488777160645,0.34,1,1,600,FP32-token-IDs
ClinicalBERT,107a0dj,667,82,178,i,i,False,anger,-0.0009533057920634747,0.0009533057920634747,0.4220624268054962,0.18731588125228882,0.34,0,0,600,FP32-token-IDs
ClinicalBERT,107a0dj,667,82,178,i,i,False,brain dysfunction (forget),0.004295182600617409,0.004295182600617409,0.31252521276474,0.48225727677345276,0.34,1,1,600,FP32-token-IDs
ClinicalBERT,107a0dj,667,82,178,i,i,False,emptiness,0.002115441020578146,0.002115441020578146,0.19043175876140594,0.22272080183029175,0.34,0,0,600,FP32-token-IDs
ClinicalBERT,107a0dj,667,82,178,i,i,False,hopelessness,0.003068007715046406,0.003068007715046406,0.37155136466026306,0.938017725944519,0.34,1,1,600,FP32-token-IDs
ClinicalBERT,107a0dj,667,82,178,i,i,False,loneliness,0.0004742589080706239,0.0004742589080706239,0.21522760391235352,0.03840150684118271,0.34,0,0,600,FP32-token-IDs
ClinicalBERT,107a0dj,667,82,178,i,i,False,sadness,0.0013433683663606644,0.0013433683663606644,0.36865028738975525,0.8193396329879761,0.34,1,1,600,FP32-token-IDs
ClinicalBERT,107a0dj,667,82,178,i,i,False,suicide intent,0.0007549635600298643,0.0007549635600298643,0.16446495056152344,0.11454345285892487,0.34,0,0,600,FP32-token-IDs
ClinicalBERT,107a0dj,667,82,178,i,i,False,worthlessness,0.0028636762872338295,0.0028636762872338295,0.3376464545726776,0.8355488777160645,0.34,1,1,600,FP32-token-IDs
ClinicalBERT,107a0dj,667,83,1274,don,don,False,anger,-0.0009533057920634746,0.0009533057920634746,0.4220624268054962,0.18731588125228882,0.34,0,0,600,FP32-token-IDs
ClinicalBERT,107a0dj,667,83,1274,don,don,False,brain dysfunction (forget),0.004295182600617409,0.004295182600617409,0.31252521276474,0.48225727677345276,0.34,1,1,600,FP32-token-IDs
ClinicalBERT,107a0dj,667,83,1274,don,don,False,emptiness,0.002115441020578146,0.002115441020578146,0.19043175876140594,0.22272080183029175,0.34,0,0,600,FP32-token-IDs
ClinicalBERT,107a0dj,667,83,1274,don,don,False,hopelessness,0.0030680077150464055,0.0030680077150464055,0.37155136466026306,0.938017725944519,0.34,1,1,600,FP32-token-IDs
ClinicalBERT,107a0dj,667,83,1274,don,don,False,loneliness,0.0004742589080706239,0.0004742589080706239,0.21522760391235352,0.03840150684118271,0.34,0,0,600,FP32-token-IDs
ClinicalBERT,107a0dj,667,83,1274,don,don,False,sadness,0.0013433683663606644,0.0013433683663606644,0.36865028738975525,0.8193396329879761,0.34,1,1,600,FP32-token-IDs
ClinicalBERT,107a0dj,667,83,1274,don,don,False,suicide intent,0.0007549635600298644,0.0007549635600298644,0.16446495056152344,0.11454345285892487,0.34,0,0,600,FP32-token-IDs
ClinicalBERT,107a0dj,667,83,1274,don,don,False,worthlessness,0.0028636762872338295,0.0028636762872338295,0.3376464545726776,0.8355488777160645,0.34,1,1,600,FP32-token-IDs
ClinicalBERT,107a0dj,667,84,112,',',False,anger,-0.0009533057920634746,0.0009533057920634746,0.4220624268054962,0.18731588125228882,0.34,0,0,600,FP32-token-IDs
ClinicalBERT,107a0dj,667,84,112,',',False,brain dysfunction (forget),0.004295182600617409,0.004295182600617409,0.31252521276474,0.48225727677345276,0.34,1,1,600,FP32-token-IDs
ClinicalBERT,107a0dj,667,84,112,',',False,emptiness,0.002115441020578146,0.002115441020578146,0.19043175876140594,0.22272080183029175,0.34,0,0,600,FP32-token-IDs
ClinicalBERT,107a0dj,667,84,112,',',False,hopelessness,0.0030680077150464055,0.0030680077150464055,0.37155136466026306,0.938017725944519,0.34,1,1,600,FP32-token-IDs
ClinicalBERT,107a0dj,667,84,112,',',False,loneliness,0.0004742589080706239,0.0004742589080706239,0.21522760391235352,0.03840150684118271,0.34,0,0,600,FP32-token-IDs
ClinicalBERT,107a0dj,667,84,112,',',False,sadness,0.0013433683663606644,0.0013433683663606644,0.36865028738975525,0.8193396329879761,0.34,1,1,600,FP32-token-IDs
ClinicalBERT,107a0dj,667,84,112,',',False,suicide intent,0.0007549635600298644,0.0007549635600298644,0.16446495056152344,0.11454345285892487,0.34,0,0,600,FP32-token-IDs
ClinicalBERT,107a0dj,667,84,112,',',False,worthlessness,0.0028636762872338295,0.0028636762872338295,0.3376464545726776,0.8355488777160645,0.34,1,1,600,FP32-token-IDs
ClinicalBERT,107a0dj,667,85,189,t,t,False,anger,-0.0009533057920634746,0.0009533057920634746,0.4220624268054962,0.18731588125228882,0.34,0,0,600,FP32-token-IDs
ClinicalBERT,107a0dj,667,85,189,t,t,False,brain dysfunction (forget),0.004295182600617409,0.004295182600617409,0.31252521276474,0.48225727677345276,0.34,1,1,600,FP32-token-IDs
ClinicalBERT,107a0dj,667,85,189,t,t,False,emptiness,0.002115441020578146,0.002115441020578146,0.19043175876140594,0.22272080183029175,0.34,0,0,600,FP32-token-IDs
ClinicalBERT,107a0dj,667,85,189,t,t,False,hopelessness,0.0030680077150464055,0.0030680077150464055,0.37155136466026306,0.938017725944519,0.34,1,1,600,FP32-token-IDs
ClinicalBERT,107a0dj,667,85,189,t,t,False,loneliness,0.0004742589080706239,0.0004742589080706239,0.21522760391235352,0.03840150684118271,0.34,0,0,600,FP32-token-IDs
ClinicalBERT,107a0dj,667,85,189,t,t,False,sadness,0.0013433683663606644,0.0013433683663606644,0.36865028738975525,0.8193396329879761,0.34,1,1,600,FP32-token-IDs
ClinicalBERT,107a0dj,667,85,189,t,t,False,suicide intent,0.0007549635600298644,0.0007549635600298644,0.16446495056152344,0.11454345285892487,0.34,0,0,600,FP32-token-IDs
ClinicalBERT,107a0dj,667,85,189,t,t,False,worthlessness,0.0028636762872338295,0.0028636762872338295,0.3376464545726776,0.8355488777160645,0.34,1,1,600,FP32-token-IDs
ClinicalBERT,107a0dj,667,86,1221,know,know,False,anger,-0.0023239596746861936,0.0023239596746861936,0.4220624268054962,0.18731588125228882,0.34,0,0,600,FP32-token-IDs
ClinicalBERT,107a0dj,667,86,1221,know,know,False,brain dysfunction (forget),0.003977705165743828,0.003977705165743828,0.31252521276474,0.48225727677345276,0.34,1,1,600,FP32-token-IDs
ClinicalBERT,107a0dj,667,86,1221,know,know,False,emptiness,0.0010168074630200862,0.0010168074630200862,0.19043175876140594,0.22272080183029175,0.34,0,0,600,FP32-token-IDs
ClinicalBERT,107a0dj,667,86,1221,know,know,False,hopelessness,0.0034348683431744574,0.0034348683431744574,0.37155136466026306,0.938017725944519,0.34,1,1,600,FP32-token-IDs
ClinicalBERT,107a0dj,667,86,1221,know,know,False,loneliness,-0.0009234248893335462,0.0009234248893335462,0.21522760391235352,0.03840150684118271,0.34,0,0,600,FP32-token-IDs
ClinicalBERT,107a0dj,667,86,1221,know,know,False,sadness,0.0010960277169942856,0.0010960277169942856,0.36865028738975525,0.8193396329879761,0.34,1,1,600,FP32-token-IDs
ClinicalBERT,107a0dj,667,86,1221,know,know,False,suicide intent,0.0007591288071125746,0.0007591288071125746,0.16446495056152344,0.11454345285892487,0.34,0,0,600,FP32-token-IDs
ClinicalBERT,107a0dj,667,86,1221,know,know,False,worthlessness,0.002951015718281269,0.002951015718281269,0.3376464545726776,0.8355488777160645,0.34,1,1,600,FP32-token-IDs
ClinicalBERT,107a0dj,667,87,1184,what,what,False,anger,-0.0023239596746861936,0.0023239596746861936,0.4220624268054962,0.18731588125228882,0.34,0,0,600,FP32-token-IDs
ClinicalBERT,107a0dj,667,87,1184,what,what,False,brain dysfunction (forget),0.003977705165743828,0.003977705165743828,0.31252521276474,0.48225727677345276,0.34,1,1,600,FP32-token-IDs
ClinicalBERT,107a0dj,667,87,1184,what,what,False,emptiness,0.0010168074630200862,0.0010168074630200862,0.19043175876140594,0.22272080183029175,0.34,0,0,600,FP32-token-IDs
ClinicalBERT,107a0dj,667,87,1184,what,what,False,hopelessness,0.0034348683431744574,0.0034348683431744574,0.37155136466026306,0.938017725944519,0.34,1,1,600,FP32-token-IDs
ClinicalBERT,107a0dj,667,87,1184,what,what,False,loneliness,-0.0009234248893335462,0.0009234248893335462,0.21522760391235352,0.03840150684118271,0.34,0,0,600,FP32-token-IDs
ClinicalBERT,107a0dj,667,87,1184,what,what,False,sadness,0.0010960277169942856,0.0010960277169942856,0.36865028738975525,0.8193396329879761,0.34,1,1,600,FP32-token-IDs
ClinicalBERT,107a0dj,667,87,1184,what,what,False,suicide intent,0.0007591288071125746,0.0007591288071125746,0.16446495056152344,0.11454345285892487,0.34,0,0,600,FP32-token-IDs
ClinicalBERT,107a0dj,667,87,1184,what,what,False,worthlessness,0.002951015718281269,0.002951015718281269,0.3376464545726776,0.8355488777160645,0.34,1,1,600,FP32-token-IDs
ClinicalBERT,107a0dj,667,88,1106,to,to,False,anger,-0.0023239596746861936,0.0023239596746861936,0.4220624268054962,0.18731588125228882,0.34,0,0,600,FP32-token-IDs
ClinicalBERT,107a0dj,667,88,1106,to,to,False,brain dysfunction (forget),0.003977705165743828,0.003977705165743828,0.31252521276474,0.48225727677345276,0.34,1,1,600,FP32-token-IDs
ClinicalBERT,107a0dj,667,88,1106,to,to,False,emptiness,0.0010168074630200862,0.0010168074630200862,0.19043175876140594,0.22272080183029175,0.34,0,0,600,FP32-token-IDs
ClinicalBERT,107a0dj,667,88,1106,to,to,False,hopelessness,0.0034348683431744574,0.0034348683431744574,0.37155136466026306,0.938017725944519,0.34,1,1,600,FP32-token-IDs
ClinicalBERT,107a0dj,667,88,1106,to,to,False,loneliness,-0.0009234248893335462,0.0009234248893335462,0.21522760391235352,0.03840150684118271,0.34,0,0,600,FP32-token-IDs
ClinicalBERT,107a0dj,667,88,1106,to,to,False,sadness,0.0010960277169942856,0.0010960277169942856,0.36865028738975525,0.8193396329879761,0.34,1,1,600,FP32-token-IDs
ClinicalBERT,107a0dj,667,88,1106,to,to,False,suicide intent,0.0007591288071125746,0.0007591288071125746,0.16446495056152344,0.11454345285892487,0.34,0,0,600,FP32-token-IDs
ClinicalBERT,107a0dj,667,88,1106,to,to,False,worthlessness,0.002951015718281269,0.002951015718281269,0.3376464545726776,0.8355488777160645,0.34,1,1,600,FP32-token-IDs
ClinicalBERT,107a0dj,667,89,1202,do,do,False,anger,-0.0023239596746861936,0.0023239596746861936,0.4220624268054962,0.18731588125228882,0.34,0,0,600,FP32-token-IDs
ClinicalBERT,107a0dj,667,89,1202,do,do,False,brain dysfunction (forget),0.003977705165743828,0.003977705165743828,0.31252521276474,0.48225727677345276,0.34,1,1,600,FP32-token-IDs
ClinicalBERT,107a0dj,667,89,1202,do,do,False,emptiness,0.0010168074630200862,0.0010168074630200862,0.19043175876140594,0.22272080183029175,0.34,0,0,600,FP32-token-IDs
ClinicalBERT,107a0dj,667,89,1202,do,do,False,hopelessness,0.0034348683431744574,0.0034348683431744574,0.37155136466026306,0.938017725944519,0.34,1,1,600,FP32-token-IDs
ClinicalBERT,107a0dj,667,89,1202,do,do,False,loneliness,-0.0009234248893335462,0.0009234248893335462,0.21522760391235352,0.03840150684118271,0.34,0,0,600,FP32-token-IDs
ClinicalBERT,107a0dj,667,89,1202,do,do,False,sadness,0.0010960277169942856,0.0010960277169942856,0.36865028738975525,0.8193396329879761,0.34,1,1,600,FP32-token-IDs
ClinicalBERT,107a0dj,667,89,1202,do,do,False,suicide intent,0.0007591288071125746,0.0007591288071125746,0.16446495056152344,0.11454345285892487,0.34,0,0,600,FP32-token-IDs
ClinicalBERT,107a0dj,667,89,1202,do,do,False,worthlessness,0.002951015718281269,0.002951015718281269,0.3376464545726776,0.8355488777160645,0.34,1,1,600,FP32-token-IDs
ClinicalBERT,107a0dj,667,90,117,",",",",False,anger,-0.0023239596746861936,0.0023239596746861936,0.4220624268054962,0.18731588125228882,0.34,0,0,600,FP32-token-IDs
ClinicalBERT,107a0dj,667,90,117,",",",",False,brain dysfunction (forget),0.003977705165743828,0.003977705165743828,0.31252521276474,0.48225727677345276,0.34,1,1,600,FP32-token-IDs
ClinicalBERT,107a0dj,667,90,117,",",",",False,emptiness,0.0010168074630200862,0.0010168074630200862,0.19043175876140594,0.22272080183029175,0.34,0,0,600,FP32-token-IDs
ClinicalBERT,107a0dj,667,90,117,",",",",False,hopelessness,0.0034348683431744574,0.0034348683431744574,0.37155136466026306,0.938017725944519,0.34,1,1,600,FP32-token-IDs
ClinicalBERT,107a0dj,667,90,117,",",",",False,loneliness,-0.0009234248893335462,0.0009234248893335462,0.21522760391235352,0.03840150684118271,0.34,0,0,600,FP32-token-IDs
ClinicalBERT,107a0dj,667,90,117,",",",",False,sadness,0.0010960277169942856,0.0010960277169942856,0.36865028738975525,0.8193396329879761,0.34,1,1,600,FP32-token-IDs
ClinicalBERT,107a0dj,667,90,117,",",",",False,suicide intent,0.0007591288071125746,0.0007591288071125746,0.16446495056152344,0.11454345285892487,0.34,0,0,600,FP32-token-IDs
ClinicalBERT,107a0dj,667,90,117,",",",",False,worthlessness,0.002951015718281269,0.002951015718281269,0.3376464545726776,0.8355488777160645,0.34,1,1,600,FP32-token-IDs
ClinicalBERT,107a0dj,667,91,1122,it,it,False,anger,0.0006136874047418436,0.0006136874047418436,0.4220624268054962,0.18731588125228882,0.34,0,0,600,FP32-token-IDs
ClinicalBERT,107a0dj,667,91,1122,it,it,False,brain dysfunction (forget),0.0005790277694662411,0.0005790277694662411,0.31252521276474,0.48225727677345276,0.34,1,1,600,FP32-token-IDs
ClinicalBERT,107a0dj,667,91,1122,it,it,False,emptiness,0.0006726082259168227,0.0006726082259168227,0.19043175876140594,0.22272080183029175,0.34,0,0,600,FP32-token-IDs
ClinicalBERT,107a0dj,667,91,1122,it,it,False,hopelessness,0.0058470543784399824,0.0058470543784399824,0.37155136466026306,0.938017725944519,0.34,1,1,600,FP32-token-IDs
ClinicalBERT,107a0dj,667,91,1122,it,it,False,loneliness,-0.0006189822840193908,0.0006189822840193908,0.21522760391235352,0.03840150684118271,0.34,0,0,600,FP32-token-IDs
ClinicalBERT,107a0dj,667,91,1122,it,it,False,sadness,0.003192782091597716,0.003192782091597716,0.36865028738975525,0.8193396329879761,0.34,1,1,600,FP32-token-IDs
ClinicalBERT,107a0dj,667,91,1122,it,it,False,suicide intent,-0.003643798447834949,0.003643798447834949,0.16446495056152344,0.11454345285892487,0.34,0,0,600,FP32-token-IDs
ClinicalBERT,107a0dj,667,91,1122,it,it,False,worthlessness,0.006008319091051817,0.006008319091051817,0.3376464545726776,0.8355488777160645,0.34,1,1,600,FP32-token-IDs
ClinicalBERT,107a0dj,667,92,112,',',False,anger,0.0006136874047418436,0.0006136874047418436,0.4220624268054962,0.18731588125228882,0.34,0,0,600,FP32-token-IDs
ClinicalBERT,107a0dj,667,92,112,',',False,brain dysfunction (forget),0.0005790277694662411,0.0005790277694662411,0.31252521276474,0.48225727677345276,0.34,1,1,600,FP32-token-IDs
ClinicalBERT,107a0dj,667,92,112,',',False,emptiness,0.0006726082259168227,0.0006726082259168227,0.19043175876140594,0.22272080183029175,0.34,0,0,600,FP32-token-IDs
ClinicalBERT,107a0dj,667,92,112,',',False,hopelessness,0.0058470543784399824,0.0058470543784399824,0.37155136466026306,0.938017725944519,0.34,1,1,600,FP32-token-IDs
ClinicalBERT,107a0dj,667,92,112,',',False,loneliness,-0.0006189822840193908,0.0006189822840193908,0.21522760391235352,0.03840150684118271,0.34,0,0,600,FP32-token-IDs
ClinicalBERT,107a0dj,667,92,112,',',False,sadness,0.003192782091597716,0.003192782091597716,0.36865028738975525,0.8193396329879761,0.34,1,1,600,FP32-token-IDs
ClinicalBERT,107a0dj,667,92,112,',',False,suicide intent,-0.003643798447834949,0.003643798447834949,0.16446495056152344,0.11454345285892487,0.34,0,0,600,FP32-token-IDs
ClinicalBERT,107a0dj,667,92,112,',',False,worthlessness,0.006008319091051817,0.006008319091051817,0.3376464545726776,0.8355488777160645,0.34,1,1,600,FP32-token-IDs
ClinicalBERT,107a0dj,667,93,188,s,s,False,anger,7.716550802191102e-05,7.716550802191102e-05,0.4220624268054962,0.18731588125228882,0.34,0,0,600,FP32-token-IDs
ClinicalBERT,107a0dj,667,93,188,s,s,False,brain dysfunction (forget),-0.0001021201411883037,0.0001021201411883037,0.31252521276474,0.48225727677345276,0.34,1,1,600,FP32-token-IDs
ClinicalBERT,107a0dj,667,93,188,s,s,False,emptiness,0.0006988410217066605,0.0006988410217066605,0.19043175876140594,0.22272080183029175,0.34,0,0,600,FP32-token-IDs
ClinicalBERT,107a0dj,667,93,188,s,s,False,hopelessness,0.005472407986720403,0.005472407986720403,0.37155136466026306,0.938017725944519,0.34,1,1,600,FP32-token-IDs
ClinicalBERT,107a0dj,667,93,188,s,s,False,loneliness,-0.00021192935916284722,0.00021192935916284722,0.21522760391235352,0.03840150684118271,0.34,0,0,600,FP32-token-IDs
ClinicalBERT,107a0dj,667,93,188,s,s,False,sadness,0.002803900899986426,0.002803900899986426,0.36865028738975525,0.8193396329879761,0.34,1,1,600,FP32-token-IDs
ClinicalBERT,107a0dj,667,93,188,s,s,False,suicide intent,-0.003071539957697193,0.003071539957697193,0.16446495056152344,0.11454345285892487,0.34,0,0,600,FP32-token-IDs
ClinicalBERT,107a0dj,667,93,188,s,s,False,worthlessness,0.005452651530504227,0.005452651530504227,0.3376464545726776,0.8355488777160645,0.34,1,1,600,FP32-token-IDs
ClinicalBERT,107a0dj,667,94,1176,like,like,False,anger,0.00038531096652150154,0.00038531096652150154,0.4220624268054962,0.18731588125228882,0.34,0,0,600,FP32-token-IDs
ClinicalBERT,107a0dj,667,94,1176,like,like,False,brain dysfunction (forget),0.0015572949002186458,0.0015572949002186458,0.31252521276474,0.48225727677345276,0.34,1,1,600,FP32-token-IDs
ClinicalBERT,107a0dj,667,94,1176,like,like,False,emptiness,0.002576598897576332,0.002576598897576332,0.19043175876140594,0.22272080183029175,0.34,0,0,600,FP32-token-IDs
ClinicalBERT,107a0dj,667,94,1176,like,like,False,hopelessness,0.006084713153541088,0.006084713153541088,0.37155136466026306,0.938017725944519,0.34,1,1,600,FP32-token-IDs
ClinicalBERT,107a0dj,667,94,1176,like,like,False,loneliness,0.0005093793539951245,0.0005093793539951245,0.21522760391235352,0.03840150684118271,0.34,0,0,600,FP32-token-IDs
ClinicalBERT,107a0dj,667,94,1176,like,like,False,sadness,0.003538112776974837,0.003538112776974837,0.36865028738975525,0.8193396329879761,0.34,1,1,600,FP32-token-IDs
ClinicalBERT,107a0dj,667,94,1176,like,like,False,suicide intent,-0.001841032411903143,0.001841032411903143,0.16446495056152344,0.11454345285892487,0.34,0,0,600,FP32-token-IDs
ClinicalBERT,107a0dj,667,94,1176,like,like,False,worthlessness,0.006587548491855462,0.006587548491855462,0.3376464545726776,0.8355488777160645,0.34,1,1,600,FP32-token-IDs
ClinicalBERT,107a0dj,667,95,178,i,i,False,anger,0.00038531096652150154,0.00038531096652150154,0.4220624268054962,0.18731588125228882,0.34,0,0,600,FP32-token-IDs
ClinicalBERT,107a0dj,667,95,178,i,i,False,brain dysfunction (forget),0.0015572949002186458,0.0015572949002186458,0.31252521276474,0.48225727677345276,0.34,1,1,600,FP32-token-IDs
ClinicalBERT,107a0dj,667,95,178,i,i,False,emptiness,0.002576598897576332,0.002576598897576332,0.19043175876140594,0.22272080183029175,0.34,0,0,600,FP32-token-IDs
ClinicalBERT,107a0dj,667,95,178,i,i,False,hopelessness,0.006084713153541088,0.006084713153541088,0.37155136466026306,0.938017725944519,0.34,1,1,600,FP32-token-IDs
ClinicalBERT,107a0dj,667,95,178,i,i,False,loneliness,0.0005093793539951245,0.0005093793539951245,0.21522760391235352,0.03840150684118271,0.34,0,0,600,FP32-token-IDs
ClinicalBERT,107a0dj,667,95,178,i,i,False,sadness,0.003538112776974837,0.003538112776974837,0.36865028738975525,0.8193396329879761,0.34,1,1,600,FP32-token-IDs
ClinicalBERT,107a0dj,667,95,178,i,i,False,suicide intent,-0.001841032411903143,0.001841032411903143,0.16446495056152344,0.11454345285892487,0.34,0,0,600,FP32-token-IDs
ClinicalBERT,107a0dj,667,95,178,i,i,False,worthlessness,0.006587548491855462,0.006587548491855462,0.3376464545726776,0.8355488777160645,0.34,1,1,600,FP32-token-IDs
ClinicalBERT,107a0dj,667,96,112,',',False,anger,0.00038531096652150154,0.00038531096652150154,0.4220624268054962,0.18731588125228882,0.34,0,0,600,FP32-token-IDs
ClinicalBERT,107a0dj,667,96,112,',',False,brain dysfunction (forget),0.0015572949002186458,0.0015572949002186458,0.31252521276474,0.48225727677345276,0.34,1,1,600,FP32-token-IDs
ClinicalBERT,107a0dj,667,96,112,',',False,emptiness,0.002576598897576332,0.002576598897576332,0.19043175876140594,0.22272080183029175,0.34,0,0,600,FP32-token-IDs
ClinicalBERT,107a0dj,667,96,112,',',False,hopelessness,0.006084713153541088,0.006084713153541088,0.37155136466026306,0.938017725944519,0.34,1,1,600,FP32-token-IDs
ClinicalBERT,107a0dj,667,96,112,',',False,loneliness,0.0005093793539951245,0.0005093793539951245,0.21522760391235352,0.03840150684118271,0.34,0,0,600,FP32-token-IDs
ClinicalBERT,107a0dj,667,96,112,',',False,sadness,0.003538112776974837,0.003538112776974837,0.36865028738975525,0.8193396329879761,0.34,1,1,600,FP32-token-IDs
ClinicalBERT,107a0dj,667,96,112,',',False,suicide intent,-0.001841032411903143,0.001841032411903143,0.16446495056152344,0.11454345285892487,0.34,0,0,600,FP32-token-IDs
ClinicalBERT,107a0dj,667,96,112,',',False,worthlessness,0.006587548491855462,0.006587548491855462,0.3376464545726776,0.8355488777160645,0.34,1,1,600,FP32-token-IDs
ClinicalBERT,107a0dj,667,97,182,m,m,False,anger,0.0036262365627206033,0.0036262365627206033,0.4220624268054962,0.18731588125228882,0.34,0,0,600,FP32-token-IDs
ClinicalBERT,107a0dj,667,97,182,m,m,False,brain dysfunction (forget),0.004091098438948393,0.004091098438948393,0.31252521276474,0.48225727677345276,0.34,1,1,600,FP32-token-IDs
ClinicalBERT,107a0dj,667,97,182,m,m,False,emptiness,0.005091319002935456,0.005091319002935456,0.19043175876140594,0.22272080183029175,0.34,0,0,600,FP32-token-IDs
ClinicalBERT,107a0dj,667,97,182,m,m,False,hopelessness,0.004682376566860411,0.004682376566860411,0.37155136466026306,0.938017725944519,0.34,1,1,600,FP32-token-IDs
ClinicalBERT,107a0dj,667,97,182,m,m,False,loneliness,0.0015995872801997596,0.0015995872801997596,0.21522760391235352,0.03840150684118271,0.34,0,0,600,FP32-token-IDs
ClinicalBERT,107a0dj,667,97,182,m,m,False,sadness,0.003147503826767206,0.003147503826767206,0.36865028738975525,0.8193396329879761,0.34,1,1,600,FP32-token-IDs
ClinicalBERT,107a0dj,667,97,182,m,m,False,suicide intent,-0.0013052906142547727,0.0013052906142547727,0.16446495056152344,0.11454345285892487,0.34,0,0,600,FP32-token-IDs
ClinicalBERT,107a0dj,667,97,182,m,m,False,worthlessness,0.006891711045884424,0.006891711045884424,0.3376464545726776,0.8355488777160645,0.34,1,1,600,FP32-token-IDs
ClinicalBERT,107a0dj,667,98,1185,no,no,False,anger,0.0036262365627206033,0.0036262365627206033,0.4220624268054962,0.18731588125228882,0.34,0,0,600,FP32-token-IDs
ClinicalBERT,107a0dj,667,98,1185,no,no,False,brain dysfunction (forget),0.004091098438948393,0.004091098438948393,0.31252521276474,0.48225727677345276,0.34,1,1,600,FP32-token-IDs
ClinicalBERT,107a0dj,667,98,1185,no,no,False,emptiness,0.005091319002935456,0.005091319002935456,0.19043175876140594,0.22272080183029175,0.34,0,0,600,FP32-token-IDs
ClinicalBERT,107a0dj,667,98,1185,no,no,False,hopelessness,0.004682376566860411,0.004682376566860411,0.37155136466026306,0.938017725944519,0.34,1,1,600,FP32-token-IDs
ClinicalBERT,107a0dj,667,98,1185,no,no,False,loneliness,0.0015995872801997596,0.0015995872801997596,0.21522760391235352,0.03840150684118271,0.34,0,0,600,FP32-token-IDs
ClinicalBERT,107a0dj,667,98,1185,no,no,False,sadness,0.003147503826767206,0.003147503826767206,0.36865028738975525,0.8193396329879761,0.34,1,1,600,FP32-token-IDs
ClinicalBERT,107a0dj,667,98,1185,no,no,False,suicide intent,-0.0013052906142547727,0.0013052906142547727,0.16446495056152344,0.11454345285892487,0.34,0,0,600,FP32-token-IDs
ClinicalBERT,107a0dj,667,98,1185,no,no,False,worthlessness,0.006891711045884424,0.006891711045884424,0.3376464545726776,0.8355488777160645,0.34,1,1,600,FP32-token-IDs
ClinicalBERT,107a0dj,667,99,2039,longer,longer,False,anger,0.0038313845741666025,0.0038313845741666025,0.4220624268054962,0.18731588125228882,0.34,0,0,600,FP32-token-IDs
ClinicalBERT,107a0dj,667,99,2039,longer,longer,False,brain dysfunction (forget),0.0037308656610548496,0.0037308656610548496,0.31252521276474,0.48225727677345276,0.34,1,1,600,FP32-token-IDs
ClinicalBERT,107a0dj,667,99,2039,longer,longer,False,emptiness,0.004193307974168824,0.004193307974168824,0.19043175876140594,0.22272080183029175,0.34,0,0,600,FP32-token-IDs
ClinicalBERT,107a0dj,667,99,2039,longer,longer,False,hopelessness,0.004640679392549727,0.004640679392549727,0.37155136466026306,0.938017725944519,0.34,1,1,600,FP32-token-IDs
ClinicalBERT,107a0dj,667,99,2039,longer,longer,False,loneliness,0.0010173325556226904,0.0010173325556226904,0.21522760391235352,0.03840150684118271,0.34,0,0,600,FP32-token-IDs
ClinicalBERT,107a0dj,667,99,2039,longer,longer,False,sadness,0.0030299494974315166,0.0030299494974315166,0.36865028738975525,0.8193396329879761,0.34,1,1,600,FP32-token-IDs
ClinicalBERT,107a0dj,667,99,2039,longer,longer,False,suicide intent,-0.001935536158271134,0.001935536158271134,0.16446495056152344,0.11454345285892487,0.34,0,0,600,FP32-token-IDs
ClinicalBERT,107a0dj,667,99,2039,longer,longer,False,worthlessness,0.00684587134876185,0.00684587134876185,0.3376464545726776,0.8355488777160645,0.34,1,1,600,FP32-token-IDs
ClinicalBERT,107a0dj,667,100,6866,smart,smart,False,anger,0.0038313845741666025,0.0038313845741666025,0.4220624268054962,0.18731588125228882,0.34,0,0,600,FP32-token-IDs
ClinicalBERT,107a0dj,667,100,6866,smart,smart,False,brain dysfunction (forget),0.0037308656610548496,0.0037308656610548496,0.31252521276474,0.48225727677345276,0.34,1,1,600,FP32-token-IDs
ClinicalBERT,107a0dj,667,100,6866,smart,smart,False,emptiness,0.004193307974168824,0.004193307974168824,0.19043175876140594,0.22272080183029175,0.34,0,0,600,FP32-token-IDs
ClinicalBERT,107a0dj,667,100,6866,smart,smart,False,hopelessness,0.004640679392549727,0.004640679392549727,0.37155136466026306,0.938017725944519,0.34,1,1,600,FP32-token-IDs
ClinicalBERT,107a0dj,667,100,6866,smart,smart,False,loneliness,0.0010173325556226904,0.0010173325556226904,0.21522760391235352,0.03840150684118271,0.34,0,0,600,FP32-token-IDs
ClinicalBERT,107a0dj,667,100,6866,smart,smart,False,sadness,0.0030299494974315166,0.0030299494974315166,0.36865028738975525,0.8193396329879761,0.34,1,1,600,FP32-token-IDs
ClinicalBERT,107a0dj,667,100,6866,smart,smart,False,suicide intent,-0.001935536158271134,0.001935536158271134,0.16446495056152344,0.11454345285892487,0.34,0,0,600,FP32-token-IDs
ClinicalBERT,107a0dj,667,100,6866,smart,smart,False,worthlessness,0.00684587134876185,0.00684587134876185,0.3376464545726776,0.8355488777160645,0.34,1,1,600,FP32-token-IDs
ClinicalBERT,107a0dj,667,101,1142,this,this,False,anger,0.009180563815041547,0.009180563815041547,0.4220624268054962,0.18731588125228882,0.34,0,0,600,FP32-token-IDs
ClinicalBERT,107a0dj,667,101,1142,this,this,False,brain dysfunction (forget),0.0013975892215967178,0.0013975892215967178,0.31252521276474,0.48225727677345276,0.34,1,1,600,FP32-token-IDs
ClinicalBERT,107a0dj,667,101,1142,this,this,False,emptiness,0.002574534809941219,0.002574534809941219,0.19043175876140594,0.22272080183029175,0.34,0,0,600,FP32-token-IDs
ClinicalBERT,107a0dj,667,101,1142,this,this,False,hopelessness,0.007896649004477594,0.007896649004477594,0.37155136466026306,0.938017725944519,0.34,1,1,600,FP32-token-IDs
ClinicalBERT,107a0dj,667,101,1142,this,this,False,loneliness,0.0007282992837847108,0.0007282992837847108,0.21522760391235352,0.03840150684118271,0.34,0,0,600,FP32-token-IDs
ClinicalBERT,107a0dj,667,101,1142,this,this,False,sadness,0.005266161542385817,0.005266161542385817,0.36865028738975525,0.8193396329879761,0.34,1,1,600,FP32-token-IDs
ClinicalBERT,107a0dj,667,101,1142,this,this,False,suicide intent,0.0009659887757152319,0.0009659887757152319,0.16446495056152344,0.11454345285892487,0.34,0,0,600,FP32-token-IDs
ClinicalBERT,107a0dj,667,101,1142,this,this,False,worthlessness,0.009562435130485231,0.009562435130485231,0.3376464545726776,0.8355488777160645,0.34,1,1,600,FP32-token-IDs
ClinicalBERT,107a0dj,667,102,1110,is,is,False,anger,0.009180563815041547,0.009180563815041547,0.4220624268054962,0.18731588125228882,0.34,0,0,600,FP32-token-IDs
ClinicalBERT,107a0dj,667,102,1110,is,is,False,brain dysfunction (forget),0.0013975892215967178,0.0013975892215967178,0.31252521276474,0.48225727677345276,0.34,1,1,600,FP32-token-IDs
ClinicalBERT,107a0dj,667,102,1110,is,is,False,emptiness,0.002574534809941219,0.002574534809941219,0.19043175876140594,0.22272080183029175,0.34,0,0,600,FP32-token-IDs
ClinicalBERT,107a0dj,667,102,1110,is,is,False,hopelessness,0.007896649004477594,0.007896649004477594,0.37155136466026306,0.938017725944519,0.34,1,1,600,FP32-token-IDs
ClinicalBERT,107a0dj,667,102,1110,is,is,False,loneliness,0.0007282992837847108,0.0007282992837847108,0.21522760391235352,0.03840150684118271,0.34,0,0,600,FP32-token-IDs
ClinicalBERT,107a0dj,667,102,1110,is,is,False,sadness,0.005266161542385817,0.005266161542385817,0.36865028738975525,0.8193396329879761,0.34,1,1,600,FP32-token-IDs
ClinicalBERT,107a0dj,667,102,1110,is,is,False,suicide intent,0.0009659887757152319,0.0009659887757152319,0.16446495056152344,0.11454345285892487,0.34,0,0,600,FP32-token-IDs
ClinicalBERT,107a0dj,667,102,1110,is,is,False,worthlessness,0.009562435130485231,0.009562435130485231,0.3376464545726776,0.8355488777160645,0.34,1,1,600,FP32-token-IDs
ClinicalBERT,107a0dj,667,103,1177,so,so,False,anger,0.009180563815041547,0.009180563815041547,0.4220624268054962,0.18731588125228882,0.34,0,0,600,FP32-token-IDs
ClinicalBERT,107a0dj,667,103,1177,so,so,False,brain dysfunction (forget),0.0013975892215967178,0.0013975892215967178,0.31252521276474,0.48225727677345276,0.34,1,1,600,FP32-token-IDs
ClinicalBERT,107a0dj,667,103,1177,so,so,False,emptiness,0.002574534809941219,0.002574534809941219,0.19043175876140594,0.22272080183029175,0.34,0,0,600,FP32-token-IDs
ClinicalBERT,107a0dj,667,103,1177,so,so,False,hopelessness,0.007896649004477594,0.007896649004477594,0.37155136466026306,0.938017725944519,0.34,1,1,600,FP32-token-IDs
ClinicalBERT,107a0dj,667,103,1177,so,so,False,loneliness,0.0007282992837847108,0.0007282992837847108,0.21522760391235352,0.03840150684118271,0.34,0,0,600,FP32-token-IDs
ClinicalBERT,107a0dj,667,103,1177,so,so,False,sadness,0.005266161542385817,0.005266161542385817,0.36865028738975525,0.8193396329879761,0.34,1,1,600,FP32-token-IDs
ClinicalBERT,107a0dj,667,103,1177,so,so,False,suicide intent,0.0009659887757152319,0.0009659887757152319,0.16446495056152344,0.11454345285892487,0.34,0,0,600,FP32-token-IDs
ClinicalBERT,107a0dj,667,103,1177,so,so,False,worthlessness,0.009562435130485231,0.009562435130485231,0.3376464545726776,0.8355488777160645,0.34,1,1,600,FP32-token-IDs
ClinicalBERT,107a0dj,667,104,17111,unfair,unfair,False,anger,0.009180563815041547,0.009180563815041547,0.4220624268054962,0.18731588125228882,0.34,0,0,600,FP32-token-IDs
ClinicalBERT,107a0dj,667,104,17111,unfair,unfair,False,brain dysfunction (forget),0.0013975892215967178,0.0013975892215967178,0.31252521276474,0.48225727677345276,0.34,1,1,600,FP32-token-IDs
ClinicalBERT,107a0dj,667,104,17111,unfair,unfair,False,emptiness,0.002574534809941219,0.002574534809941219,0.19043175876140594,0.22272080183029175,0.34,0,0,600,FP32-token-IDs
ClinicalBERT,107a0dj,667,104,17111,unfair,unfair,False,hopelessness,0.007896649004477594,0.007896649004477594,0.37155136466026306,0.938017725944519,0.34,1,1,600,FP32-token-IDs
ClinicalBERT,107a0dj,667,104,17111,unfair,unfair,False,loneliness,0.0007282992837847108,0.0007282992837847108,0.21522760391235352,0.03840150684118271,0.34,0,0,600,FP32-token-IDs
ClinicalBERT,107a0dj,667,104,17111,unfair,unfair,False,sadness,0.005266161542385817,0.005266161542385817,0.36865028738975525,0.8193396329879761,0.34,1,1,600,FP32-token-IDs
ClinicalBERT,107a0dj,667,104,17111,unfair,unfair,False,suicide intent,0.0009659887757152319,0.0009659887757152319,0.16446495056152344,0.11454345285892487,0.34,0,0,600,FP32-token-IDs
ClinicalBERT,107a0dj,667,104,17111,unfair,unfair,False,worthlessness,0.009562435130485231,0.009562435130485231,0.3376464545726776,0.8355488777160645,0.34,1,1,600,FP32-token-IDs
ClinicalBERT,107a0dj,667,105,117,",",",",False,anger,0.007414238724029725,0.007414238724029725,0.4220624268054962,0.18731588125228882,0.34,0,0,600,FP32-token-IDs
ClinicalBERT,107a0dj,667,105,117,",",",",False,brain dysfunction (forget),0.0026424936950206757,0.0026424936950206757,0.31252521276474,0.48225727677345276,0.34,1,1,600,FP32-token-IDs
ClinicalBERT,107a0dj,667,105,117,",",",",False,emptiness,0.0014690389649735557,0.0014690389649735557,0.19043175876140594,0.22272080183029175,0.34,0,0,600,FP32-token-IDs
ClinicalBERT,107a0dj,667,105,117,",",",",False,hopelessness,0.007149935286078188,0.007149935286078188,0.37155136466026306,0.938017725944519,0.34,1,1,600,FP32-token-IDs
ClinicalBERT,107a0dj,667,105,117,",",",",False,loneliness,0.0005008222897433573,0.0005008222897433573,0.21522760391235352,0.03840150684118271,0.34,0,0,600,FP32-token-IDs
ClinicalBERT,107a0dj,667,105,117,",",",",False,sadness,0.004399944469332695,0.004399944469332695,0.36865028738975525,0.8193396329879761,0.34,1,1,600,FP32-token-IDs
ClinicalBERT,107a0dj,667,105,117,",",",",False,suicide intent,0.0012326178140938282,0.0012326178140938282,0.16446495056152344,0.11454345285892487,0.34,0,0,600,FP32-token-IDs
ClinicalBERT,107a0dj,667,105,117,",",",",False,worthlessness,0.00810492251896196,0.00810492251896196,0.3376464545726776,0.8355488777160645,0.34,1,1,600,FP32-token-IDs
ClinicalBERT,107a0dj,667,106,1614,things,things,False,anger,-0.007275735636034774,0.007275735636034774,0.4220624268054962,0.18731588125228882,0.34,0,0,600,FP32-token-IDs
ClinicalBERT,107a0dj,667,106,1614,things,things,False,brain dysfunction (forget),-0.0020481182210561302,0.0020481182210561302,0.31252521276474,0.48225727677345276,0.34,1,1,600,FP32-token-IDs
ClinicalBERT,107a0dj,667,106,1614,things,things,False,emptiness,-0.004593397490680218,0.004593397490680218,0.19043175876140594,0.22272080183029175,0.34,0,0,600,FP32-token-IDs
ClinicalBERT,107a0dj,667,106,1614,things,things,False,hopelessness,0.002740883346026142,0.002740883346026142,0.37155136466026306,0.938017725944519,0.34,1,1,600,FP32-token-IDs
ClinicalBERT,107a0dj,667,106,1614,things,things,False,loneliness,-0.004889683730046575,0.004889683730046575,0.21522760391235352,0.03840150684118271,0.34,0,0,600,FP32-token-IDs
ClinicalBERT,107a0dj,667,106,1614,things,things,False,sadness,0.0014023231342434883,0.0014023231342434883,0.36865028738975525,0.8193396329879761,0.34,1,1,600,FP32-token-IDs
ClinicalBERT,107a0dj,667,106,1614,things,things,False,suicide intent,-0.007387646700307313,0.007387646700307313,0.16446495056152344,0.11454345285892487,0.34,0,0,600,FP32-token-IDs
ClinicalBERT,107a0dj,667,106,1614,things,things,False,worthlessness,0.0015655231869055165,0.0015655231869055165,0.3376464545726776,0.8355488777160645,0.34,1,1,600,FP32-token-IDs
ClinicalBERT,107a0dj,667,107,1127,were,were,False,anger,-0.007275735636034774,0.007275735636034774,0.4220624268054962,0.18731588125228882,0.34,0,0,600,FP32-token-IDs
ClinicalBERT,107a0dj,667,107,1127,were,were,False,brain dysfunction (forget),-0.0020481182210561302,0.0020481182210561302,0.31252521276474,0.48225727677345276,0.34,1,1,600,FP32-token-IDs
ClinicalBERT,107a0dj,667,107,1127,were,were,False,emptiness,-0.004593397490680218,0.004593397490680218,0.19043175876140594,0.22272080183029175,0.34,0,0,600,FP32-token-IDs
ClinicalBERT,107a0dj,667,107,1127,were,were,False,hopelessness,0.002740883346026142,0.002740883346026142,0.37155136466026306,0.938017725944519,0.34,1,1,600,FP32-token-IDs
ClinicalBERT,107a0dj,667,107,1127,were,were,False,loneliness,-0.004889683730046575,0.004889683730046575,0.21522760391235352,0.03840150684118271,0.34,0,0,600,FP32-token-IDs
ClinicalBERT,107a0dj,667,107,1127,were,were,False,sadness,0.0014023231342434883,0.0014023231342434883,0.36865028738975525,0.8193396329879761,0.34,1,1,600,FP32-token-IDs
ClinicalBERT,107a0dj,667,107,1127,were,were,False,suicide intent,-0.007387646700307313,0.007387646700307313,0.16446495056152344,0.11454345285892487,0.34,0,0,600,FP32-token-IDs
ClinicalBERT,107a0dj,667,107,1127,were,were,False,worthlessness,0.0015655231869055165,0.0015655231869055165,0.3376464545726776,0.8355488777160645,0.34,1,1,600,FP32-token-IDs
ClinicalBERT,107a0dj,667,108,1640,already,already,False,anger,-0.006987922967204617,0.006987922967204617,0.4220624268054962,0.18731588125228882,0.34,0,0,600,FP32-token-IDs
ClinicalBERT,107a0dj,667,108,1640,already,already,False,brain dysfunction (forget),-0.00024479506019916804,0.00024479506019916804,0.31252521276474,0.48225727677345276,0.34,1,1,600,FP32-token-IDs
ClinicalBERT,107a0dj,667,108,1640,already,already,False,emptiness,-0.005619738716632128,0.005619738716632128,0.19043175876140594,0.22272080183029175,0.34,0,0,600,FP32-token-IDs
ClinicalBERT,107a0dj,667,108,1640,already,already,False,hopelessness,0.002506853158896168,0.002506853158896168,0.37155136466026306,0.938017725944519,0.34,1,1,600,FP32-token-IDs
ClinicalBERT,107a0dj,667,108,1640,already,already,False,loneliness,-0.0055966878329248475,0.0055966878329248475,0.21522760391235352,0.03840150684118271,0.34,0,0,600,FP32-token-IDs
ClinicalBERT,107a0dj,667,108,1640,already,already,False,sadness,0.0010998817160725594,0.0010998817160725594,0.36865028738975525,0.8193396329879761,0.34,1,1,600,FP32-token-IDs
ClinicalBERT,107a0dj,667,108,1640,already,already,False,suicide intent,-0.006907951778783981,0.006907951778783981,0.16446495056152344,0.11454345285892487,0.34,0,0,600,FP32-token-IDs
ClinicalBERT,107a0dj,667,108,1640,already,already,False,worthlessness,0.001250394361300601,0.001250394361300601,0.3376464545726776,0.8355488777160645,0.34,1,1,600,FP32-token-IDs
ClinicalBERT,107a0dj,667,109,2213,bad,bad,False,anger,-0.006987922967204617,0.006987922967204617,0.4220624268054962,0.18731588125228882,0.34,0,0,600,FP32-token-IDs
ClinicalBERT,107a0dj,667,109,2213,bad,bad,False,brain dysfunction (forget),-0.00024479506019916804,0.00024479506019916804,0.31252521276474,0.48225727677345276,0.34,1,1,600,FP32-token-IDs
ClinicalBERT,107a0dj,667,109,2213,bad,bad,False,emptiness,-0.005619738716632128,0.005619738716632128,0.19043175876140594,0.22272080183029175,0.34,0,0,600,FP32-token-IDs
ClinicalBERT,107a0dj,667,109,2213,bad,bad,False,hopelessness,0.002506853158896168,0.002506853158896168,0.37155136466026306,0.938017725944519,0.34,1,1,600,FP32-token-IDs
ClinicalBERT,107a0dj,667,109,2213,bad,bad,False,loneliness,-0.0055966878329248475,0.0055966878329248475,0.21522760391235352,0.03840150684118271,0.34,0,0,600,FP32-token-IDs
ClinicalBERT,107a0dj,667,109,2213,bad,bad,False,sadness,0.0010998817160725594,0.0010998817160725594,0.36865028738975525,0.8193396329879761,0.34,1,1,600,FP32-token-IDs
ClinicalBERT,107a0dj,667,109,2213,bad,bad,False,suicide intent,-0.006907951778783981,0.006907951778783981,0.16446495056152344,0.11454345285892487,0.34,0,0,600,FP32-token-IDs
ClinicalBERT,107a0dj,667,109,2213,bad,bad,False,worthlessness,0.001250394361300601,0.001250394361300601,0.3376464545726776,0.8355488777160645,0.34,1,1,600,FP32-token-IDs
ClinicalBERT,107a0dj,667,110,1105,and,and,False,anger,-0.0025128354111479388,0.0025128354111479388,0.4220624268054962,0.18731588125228882,0.34,0,0,600,FP32-token-IDs
ClinicalBERT,107a0dj,667,110,1105,and,and,False,brain dysfunction (forget),0.0010920602414343093,0.0010920602414343093,0.31252521276474,0.48225727677345276,0.34,1,1,600,FP32-token-IDs
ClinicalBERT,107a0dj,667,110,1105,and,and,False,emptiness,-0.004087629821151495,0.004087629821151495,0.19043175876140594,0.22272080183029175,0.34,0,0,600,FP32-token-IDs
ClinicalBERT,107a0dj,667,110,1105,and,and,False,hopelessness,0.0013457964484890302,0.0013457964484890302,0.37155136466026306,0.938017725944519,0.34,1,1,600,FP32-token-IDs
ClinicalBERT,107a0dj,667,110,1105,and,and,False,loneliness,-0.003825493327652415,0.003825493327652415,0.21522760391235352,0.03840150684118271,0.34,0,0,600,FP32-token-IDs
ClinicalBERT,107a0dj,667,110,1105,and,and,False,sadness,0.00019295811653137208,0.00019295811653137208,0.36865028738975525,0.8193396329879761,0.34,1,1,600,FP32-token-IDs
ClinicalBERT,107a0dj,667,110,1105,and,and,False,suicide intent,-0.0035884312871429657,0.0035884312871429657,0.16446495056152344,0.11454345285892487,0.34,0,0,600,FP32-token-IDs
ClinicalBERT,107a0dj,667,110,1105,and,and,False,worthlessness,0.0007388975678218736,0.0007388975678218736,0.3376464545726776,0.8355488777160645,0.34,1,1,600,FP32-token-IDs
ClinicalBERT,107a0dj,667,111,1208,now,now,False,anger,-0.0025128354111479388,0.0025128354111479388,0.4220624268054962,0.18731588125228882,0.34,0,0,600,FP32-token-IDs
ClinicalBERT,107a0dj,667,111,1208,now,now,False,brain dysfunction (forget),0.0010920602414343093,0.0010920602414343093,0.31252521276474,0.48225727677345276,0.34,1,1,600,FP32-token-IDs
ClinicalBERT,107a0dj,667,111,1208,now,now,False,emptiness,-0.004087629821151495,0.004087629821151495,0.19043175876140594,0.22272080183029175,0.34,0,0,600,FP32-token-IDs
ClinicalBERT,107a0dj,667,111,1208,now,now,False,hopelessness,0.0013457964484890302,0.0013457964484890302,0.37155136466026306,0.938017725944519,0.34,1,1,600,FP32-token-IDs
ClinicalBERT,107a0dj,667,111,1208,now,now,False,loneliness,-0.003825493327652415,0.003825493327652415,0.21522760391235352,0.03840150684118271,0.34,0,0,600,FP32-token-IDs
ClinicalBERT,107a0dj,667,111,1208,now,now,False,sadness,0.00019295811653137208,0.00019295811653137208,0.36865028738975525,0.8193396329879761,0.34,1,1,600,FP32-token-IDs
ClinicalBERT,107a0dj,667,111,1208,now,now,False,suicide intent,-0.0035884312871429657,0.0035884312871429657,0.16446495056152344,0.11454345285892487,0.34,0,0,600,FP32-token-IDs
ClinicalBERT,107a0dj,667,111,1208,now,now,False,worthlessness,0.0007388975678218736,0.0007388975678218736,0.3376464545726776,0.8355488777160645,0.34,1,1,600,FP32-token-IDs
ClinicalBERT,107a0dj,667,112,1122,it,it,False,anger,-0.0027300390828814774,0.0027300390828814774,0.4220624268054962,0.18731588125228882,0.34,0,0,600,FP32-token-IDs
ClinicalBERT,107a0dj,667,112,1122,it,it,False,brain dysfunction (forget),-4.096010492907603e-05,4.096010492907603e-05,0.31252521276474,0.48225727677345276,0.34,1,1,600,FP32-token-IDs
ClinicalBERT,107a0dj,667,112,1122,it,it,False,emptiness,-0.0017938501512010895,0.0017938501512010895,0.19043175876140594,0.22272080183029175,0.34,0,0,600,FP32-token-IDs
ClinicalBERT,107a0dj,667,112,1122,it,it,False,hopelessness,0.002064098852376143,0.002064098852376143,0.37155136466026306,0.938017725944519,0.34,1,1,600,FP32-token-IDs
ClinicalBERT,107a0dj,667,112,1122,it,it,False,loneliness,-0.0033215305845563613,0.0033215305845563613,0.21522760391235352,0.03840150684118271,0.34,0,0,600,FP32-token-IDs
ClinicalBERT,107a0dj,667,112,1122,it,it,False,sadness,0.0009230038772026698,0.0009230038772026698,0.36865028738975525,0.8193396329879761,0.34,1,1,600,FP32-token-IDs
ClinicalBERT,107a0dj,667,112,1122,it,it,False,suicide intent,-0.0055503274055404795,0.0055503274055404795,0.16446495056152344,0.11454345285892487,0.34,0,0,600,FP32-token-IDs
ClinicalBERT,107a0dj,667,112,1122,it,it,False,worthlessness,0.00282594830625587,0.00282594830625587,0.3376464545726776,0.8355488777160645,0.34,1,1,600,FP32-token-IDs
ClinicalBERT,107a0dj,667,113,112,',',False,anger,-0.0027300390828814774,0.0027300390828814774,0.4220624268054962,0.18731588125228882,0.34,0,0,600,FP32-token-IDs
ClinicalBERT,107a0dj,667,113,112,',',False,brain dysfunction (forget),-4.096010492907603e-05,4.096010492907603e-05,0.31252521276474,0.48225727677345276,0.34,1,1,600,FP32-token-IDs
ClinicalBERT,107a0dj,667,113,112,',',False,emptiness,-0.0017938501512010895,0.0017938501512010895,0.19043175876140594,0.22272080183029175,0.34,0,0,600,FP32-token-IDs
ClinicalBERT,107a0dj,667,113,112,',',False,hopelessness,0.002064098852376143,0.002064098852376143,0.37155136466026306,0.938017725944519,0.34,1,1,600,FP32-token-IDs
ClinicalBERT,107a0dj,667,113,112,',',False,loneliness,-0.0033215305845563613,0.0033215305845563613,0.21522760391235352,0.03840150684118271,0.34,0,0,600,FP32-token-IDs
ClinicalBERT,107a0dj,667,113,112,',',False,sadness,0.0009230038772026698,0.0009230038772026698,0.36865028738975525,0.8193396329879761,0.34,1,1,600,FP32-token-IDs
ClinicalBERT,107a0dj,667,113,112,',',False,suicide intent,-0.0055503274055404795,0.0055503274055404795,0.16446495056152344,0.11454345285892487,0.34,0,0,600,FP32-token-IDs
ClinicalBERT,107a0dj,667,113,112,',',False,worthlessness,0.00282594830625587,0.00282594830625587,0.3376464545726776,0.8355488777160645,0.34,1,1,600,FP32-token-IDs
ClinicalBERT,107a0dj,667,114,188,s,s,False,anger,-0.0027300390828814774,0.0027300390828814774,0.4220624268054962,0.18731588125228882,0.34,0,0,600,FP32-token-IDs
ClinicalBERT,107a0dj,667,114,188,s,s,False,brain dysfunction (forget),-4.096010492907603e-05,4.096010492907603e-05,0.31252521276474,0.48225727677345276,0.34,1,1,600,FP32-token-IDs
ClinicalBERT,107a0dj,667,114,188,s,s,False,emptiness,-0.0017938501512010895,0.0017938501512010895,0.19043175876140594,0.22272080183029175,0.34,0,0,600,FP32-token-IDs
ClinicalBERT,107a0dj,667,114,188,s,s,False,hopelessness,0.002064098852376143,0.002064098852376143,0.37155136466026306,0.938017725944519,0.34,1,1,600,FP32-token-IDs
ClinicalBERT,107a0dj,667,114,188,s,s,False,loneliness,-0.0033215305845563613,0.0033215305845563613,0.21522760391235352,0.03840150684118271,0.34,0,0,600,FP32-token-IDs
ClinicalBERT,107a0dj,667,114,188,s,s,False,sadness,0.0009230038772026698,0.0009230038772026698,0.36865028738975525,0.8193396329879761,0.34,1,1,600,FP32-token-IDs
ClinicalBERT,107a0dj,667,114,188,s,s,False,suicide intent,-0.0055503274055404795,0.0055503274055404795,0.16446495056152344,0.11454345285892487,0.34,0,0,600,FP32-token-IDs
ClinicalBERT,107a0dj,667,114,188,s,s,False,worthlessness,0.00282594830625587,0.00282594830625587,0.3376464545726776,0.8355488777160645,0.34,1,1,600,FP32-token-IDs
ClinicalBERT,107a0dj,667,115,1176,like,like,False,anger,-0.003513385857721525,0.003513385857721525,0.4220624268054962,0.18731588125228882,0.34,0,0,600,FP32-token-IDs
ClinicalBERT,107a0dj,667,115,1176,like,like,False,brain dysfunction (forget),0.00212790012093527,0.00212790012093527,0.31252521276474,0.48225727677345276,0.34,1,1,600,FP32-token-IDs
ClinicalBERT,107a0dj,667,115,1176,like,like,False,emptiness,0.003084433314922665,0.003084433314922665,0.19043175876140594,0.22272080183029175,0.34,0,0,600,FP32-token-IDs
ClinicalBERT,107a0dj,667,115,1176,like,like,False,hopelessness,0.0014278831825192486,0.0014278831825192486,0.37155136466026306,0.938017725944519,0.34,1,1,600,FP32-token-IDs
ClinicalBERT,107a0dj,667,115,1176,like,like,False,loneliness,-0.00035884627972596457,0.00035884627972596457,0.21522760391235352,0.03840150684118271,0.34,0,0,600,FP32-token-IDs
ClinicalBERT,107a0dj,667,115,1176,like,like,False,sadness,0.0013460802313472544,0.0013460802313472544,0.36865028738975525,0.8193396329879761,0.34,1,1,600,FP32-token-IDs
ClinicalBERT,107a0dj,667,115,1176,like,like,False,suicide intent,-0.015336033513969076,0.015336033513969076,0.16446495056152344,0.11454345285892487,0.34,0,0,600,FP32-token-IDs
ClinicalBERT,107a0dj,667,115,1176,like,like,False,worthlessness,0.0028110017800437553,0.0028110017800437553,0.3376464545726776,0.8355488777160645,0.34,1,1,600,FP32-token-IDs
ClinicalBERT,107a0dj,667,116,1330,another,another,False,anger,-0.003513385857721525,0.003513385857721525,0.4220624268054962,0.18731588125228882,0.34,0,0,600,FP32-token-IDs
ClinicalBERT,107a0dj,667,116,1330,another,another,False,brain dysfunction (forget),0.00212790012093527,0.00212790012093527,0.31252521276474,0.48225727677345276,0.34,1,1,600,FP32-token-IDs
ClinicalBERT,107a0dj,667,116,1330,another,another,False,emptiness,0.003084433314922665,0.003084433314922665,0.19043175876140594,0.22272080183029175,0.34,0,0,600,FP32-token-IDs
ClinicalBERT,107a0dj,667,116,1330,another,another,False,hopelessness,0.0014278831825192486,0.0014278831825192486,0.37155136466026306,0.938017725944519,0.34,1,1,600,FP32-token-IDs
ClinicalBERT,107a0dj,667,116,1330,another,another,False,loneliness,-0.00035884627972596457,0.00035884627972596457,0.21522760391235352,0.03840150684118271,0.34,0,0,600,FP32-token-IDs
ClinicalBERT,107a0dj,667,116,1330,another,another,False,sadness,0.0013460802313472544,0.0013460802313472544,0.36865028738975525,0.8193396329879761,0.34,1,1,600,FP32-token-IDs
ClinicalBERT,107a0dj,667,116,1330,another,another,False,suicide intent,-0.015336033513969076,0.015336033513969076,0.16446495056152344,0.11454345285892487,0.34,0,0,600,FP32-token-IDs
ClinicalBERT,107a0dj,667,116,1330,another,another,False,worthlessness,0.0028110017800437553,0.0028110017800437553,0.3376464545726776,0.8355488777160645,0.34,1,1,600,FP32-token-IDs
ClinicalBERT,107a0dj,667,117,1226,part,part,False,anger,-0.0034464749873482758,0.0034464749873482758,0.4220624268054962,0.18731588125228882,0.34,0,0,600,FP32-token-IDs
ClinicalBERT,107a0dj,667,117,1226,part,part,False,brain dysfunction (forget),-3.2960104623011056e-05,3.2960104623011056e-05,0.31252521276474,0.48225727677345276,0.34,1,1,600,FP32-token-IDs
ClinicalBERT,107a0dj,667,117,1226,part,part,False,emptiness,0.005199183294150447,0.005199183294150447,0.19043175876140594,0.22272080183029175,0.34,0,0,600,FP32-token-IDs
ClinicalBERT,107a0dj,667,117,1226,part,part,False,hopelessness,0.002498344418459705,0.002498344418459705,0.37155136466026306,0.938017725944519,0.34,1,1,600,FP32-token-IDs
ClinicalBERT,107a0dj,667,117,1226,part,part,False,loneliness,-4.8074879617031124e-05,4.8074879617031124e-05,0.21522760391235352,0.03840150684118271,0.34,0,0,600,FP32-token-IDs
ClinicalBERT,107a0dj,667,117,1226,part,part,False,sadness,0.0025985014092709336,0.0025985014092709336,0.36865028738975525,0.8193396329879761,0.34,1,1,600,FP32-token-IDs
ClinicalBERT,107a0dj,667,117,1226,part,part,False,suicide intent,-0.014786873569911612,0.014786873569911612,0.16446495056152344,0.11454345285892487,0.34,0,0,600,FP32-token-IDs
ClinicalBERT,107a0dj,667,117,1226,part,part,False,worthlessness,0.005111792291115438,0.005111792291115438,0.3376464545726776,0.8355488777160645,0.34,1,1,600,FP32-token-IDs
ClinicalBERT,107a0dj,667,118,1104,of,of,False,anger,-0.0034464749873482758,0.0034464749873482758,0.4220624268054962,0.18731588125228882,0.34,0,0,600,FP32-token-IDs
ClinicalBERT,107a0dj,667,118,1104,of,of,False,brain dysfunction (forget),-3.2960104623011056e-05,3.2960104623011056e-05,0.31252521276474,0.48225727677345276,0.34,1,1,600,FP32-token-IDs
ClinicalBERT,107a0dj,667,118,1104,of,of,False,emptiness,0.005199183294150447,0.005199183294150447,0.19043175876140594,0.22272080183029175,0.34,0,0,600,FP32-token-IDs
ClinicalBERT,107a0dj,667,118,1104,of,of,False,hopelessness,0.002498344418459705,0.002498344418459705,0.37155136466026306,0.938017725944519,0.34,1,1,600,FP32-token-IDs
ClinicalBERT,107a0dj,667,118,1104,of,of,False,loneliness,-4.8074879617031124e-05,4.8074879617031124e-05,0.21522760391235352,0.03840150684118271,0.34,0,0,600,FP32-token-IDs
ClinicalBERT,107a0dj,667,118,1104,of,of,False,sadness,0.0025985014092709336,0.0025985014092709336,0.36865028738975525,0.8193396329879761,0.34,1,1,600,FP32-token-IDs
ClinicalBERT,107a0dj,667,118,1104,of,of,False,suicide intent,-0.014786873569911612,0.014786873569911612,0.16446495056152344,0.11454345285892487,0.34,0,0,600,FP32-token-IDs
ClinicalBERT,107a0dj,667,118,1104,of,of,False,worthlessness,0.005111792291115438,0.005111792291115438,0.3376464545726776,0.8355488777160645,0.34,1,1,600,FP32-token-IDs
ClinicalBERT,107a0dj,667,119,1143,me,me,False,anger,0.018746192910752836,0.018746192910752836,0.4220624268054962,0.18731588125228882,0.34,0,0,600,FP32-token-IDs
ClinicalBERT,107a0dj,667,119,1143,me,me,False,brain dysfunction (forget),-0.00019434891596791307,0.00019434891596791307,0.31252521276474,0.48225727677345276,0.34,1,1,600,FP32-token-IDs
ClinicalBERT,107a0dj,667,119,1143,me,me,False,emptiness,0.024324766254895144,0.024324766254895144,0.19043175876140594,0.22272080183029175,0.34,0,0,600,FP32-token-IDs
ClinicalBERT,107a0dj,667,119,1143,me,me,False,hopelessness,0.022638562734105756,0.022638562734105756,0.37155136466026306,0.938017725944519,0.34,1,1,600,FP32-token-IDs
ClinicalBERT,107a0dj,667,119,1143,me,me,False,loneliness,0.013750621652607584,0.013750621652607584,0.21522760391235352,0.03840150684118271,0.34,0,0,600,FP32-token-IDs
ClinicalBERT,107a0dj,667,119,1143,me,me,False,sadness,0.030587086819910576,0.030587086819910576,0.36865028738975525,0.8193396329879761,0.34,1,1,600,FP32-token-IDs
ClinicalBERT,107a0dj,667,119,1143,me,me,False,suicide intent,0.0596446624313969,0.0596446624313969,0.16446495056152344,0.11454345285892487,0.34,0,0,600,FP32-token-IDs
ClinicalBERT,107a0dj,667,119,1143,me,me,False,worthlessness,0.014825032646989538,0.014825032646989538,0.3376464545726776,0.8355488777160645,0.34,1,1,600,FP32-token-IDs
ClinicalBERT,107a0dj,667,120,1452,died,died,False,anger,0.024087834515653196,0.024087834515653196,0.4220624268054962,0.18731588125228882,0.34,0,0,600,FP32-token-IDs
ClinicalBERT,107a0dj,667,120,1452,died,died,False,brain dysfunction (forget),-0.004765554852340193,0.004765554852340193,0.31252521276474,0.48225727677345276,0.34,1,1,600,FP32-token-IDs
ClinicalBERT,107a0dj,667,120,1452,died,died,False,emptiness,0.03927077668430727,0.03927077668430727,0.19043175876140594,0.22272080183029175,0.34,0,0,600,FP32-token-IDs
ClinicalBERT,107a0dj,667,120,1452,died,died,False,hopelessness,0.0401752867203738,0.0401752867203738,0.37155136466026306,0.938017725944519,0.34,1,1,600,FP32-token-IDs
ClinicalBERT,107a0dj,667,120,1452,died,died,False,loneliness,0.024009931436185503,0.024009931436185503,0.21522760391235352,0.03840150684118271,0.34,0,0,600,FP32-token-IDs
ClinicalBERT,107a0dj,667,120,1452,died,died,False,sadness,0.0612198918991323,0.0612198918991323,0.36865028738975525,0.8193396329879761,0.34,1,1,600,FP32-token-IDs
ClinicalBERT,107a0dj,667,120,1452,died,died,False,suicide intent,0.10913824698045141,0.10913824698045141,0.16446495056152344,0.11454345285892487,0.34,0,0,600,FP32-token-IDs
ClinicalBERT,107a0dj,667,120,1452,died,died,False,worthlessness,0.02227229214761229,0.02227229214761229,0.3376464545726776,0.8355488777160645,0.34,1,1,600,FP32-token-IDs
ClinicalBERT,107a0dj,667,121,102,[SEP],,True,anger,0.007278444821990672,0.007278444821990672,0.4220624268054962,0.18731588125228882,0.34,0,0,600,FP32-token-IDs
ClinicalBERT,107a0dj,667,121,102,[SEP],,True,brain dysfunction (forget),0.0006747401230746791,0.0006747401230746791,0.31252521276474,0.48225727677345276,0.34,1,1,600,FP32-token-IDs
ClinicalBERT,107a0dj,667,121,102,[SEP],,True,emptiness,0.004558056138367171,0.004558056138367171,0.19043175876140594,0.22272080183029175,0.34,0,0,600,FP32-token-IDs
ClinicalBERT,107a0dj,667,121,102,[SEP],,True,hopelessness,0.006874711385795048,0.006874711385795048,0.37155136466026306,0.938017725944519,0.34,1,1,600,FP32-token-IDs
ClinicalBERT,107a0dj,667,121,102,[SEP],,True,loneliness,0.0013126657688103261,0.0013126657688103261,0.21522760391235352,0.03840150684118271,0.34,0,0,600,FP32-token-IDs
ClinicalBERT,107a0dj,667,121,102,[SEP],,True,sadness,0.007198766472616366,0.007198766472616366,0.36865028738975525,0.8193396329879761,0.34,1,1,600,FP32-token-IDs
ClinicalBERT,107a0dj,667,121,102,[SEP],,True,suicide intent,0.010385448933534679,0.010385448933534679,0.16446495056152344,0.11454345285892487,0.34,0,0,600,FP32-token-IDs
ClinicalBERT,107a0dj,667,121,102,[SEP],,True,worthlessness,0.004532907246833756,0.004532907246833756,0.3376464545726776,0.8355488777160645,0.34,1,1,600,FP32-token-IDs
