Model,Sample_ID,Test_Index,Token_Index,Token_ID,Raw_Token,Token,Is_Special_Token,Emotion,SHAP_Value,Abs_SHAP,Base_Value,Model_Probability,Threshold,True_Label,Predicted_Label,SHAP_Max_Evals,XAI_Inference
ClinicalBERT,d0judl,497,0,101,[CLS],,True,anger,1.5020486898720264e-06,1.5020486898720264e-06,0.3762655258178711,0.2548178732395172,0.34,1,0,605,FP32-token-IDs
ClinicalBERT,d0judl,497,0,101,[CLS],,True,brain dysfunction (forget),-0.0029148771427571774,0.0029148771427571774,0.28944262862205505,0.10743621736764908,0.34,0,0,605,FP32-token-IDs
ClinicalBERT,d0judl,497,0,101,[CLS],,True,emptiness,0.0067701980588026345,0.0067701980588026345,0.24809464812278748,0.6140236258506775,0.34,1,1,605,FP32-token-IDs
ClinicalBERT,d0judl,497,0,101,[CLS],,True,hopelessness,0.002522506518289447,0.002522506518289447,0.4362408518791199,0.9561159014701843,0.34,1,1,605,FP32-token-IDs
ClinicalBERT,d0judl,497,0,101,[CLS],,True,loneliness,0.010177467251196504,0.010177467251196504,0.2951934039592743,0.806180477142334,0.34,1,1,605,FP32-token-IDs
ClinicalBERT,d0judl,497,0,101,[CLS],,True,sadness,0.0027278766501694918,0.0027278766501694918,0.41675707697868347,0.9700830578804016,0.34,1,1,605,FP32-token-IDs
ClinicalBERT,d0judl,497,0,101,[CLS],,True,suicide intent,-0.00253583522135159,0.00253583522135159,0.18940040469169617,0.026107339188456535,0.34,0,0,605,FP32-token-IDs
ClinicalBERT,d0judl,497,0,101,[CLS],,True,worthlessness,0.003436416620388627,0.003436416620388627,0.37746235728263855,0.7499178647994995,0.34,1,1,605,FP32-token-IDs
ClinicalBERT,d0judl,497,1,1674,does,does,False,anger,1.5020486898720264e-06,1.5020486898720264e-06,0.3762655258178711,0.2548178732395172,0.34,1,0,605,FP32-token-IDs
ClinicalBERT,d0judl,497,1,1674,does,does,False,brain dysfunction (forget),-0.0029148771427571774,0.0029148771427571774,0.28944262862205505,0.10743621736764908,0.34,0,0,605,FP32-token-IDs
ClinicalBERT,d0judl,497,1,1674,does,does,False,emptiness,0.0067701980588026345,0.0067701980588026345,0.24809464812278748,0.6140236258506775,0.34,1,1,605,FP32-token-IDs
ClinicalBERT,d0judl,497,1,1674,does,does,False,hopelessness,0.002522506518289447,0.002522506518289447,0.4362408518791199,0.9561159014701843,0.34,1,1,605,FP32-token-IDs
ClinicalBERT,d0judl,497,1,1674,does,does,False,loneliness,0.010177467251196504,0.010177467251196504,0.2951934039592743,0.806180477142334,0.34,1,1,605,FP32-token-IDs
ClinicalBERT,d0judl,497,1,1674,does,does,False,sadness,0.0027278766501694918,0.0027278766501694918,0.41675707697868347,0.9700830578804016,0.34,1,1,605,FP32-token-IDs
ClinicalBERT,d0judl,497,1,1674,does,does,False,suicide intent,-0.00253583522135159,0.00253583522135159,0.18940040469169617,0.026107339188456535,0.34,0,0,605,FP32-token-IDs
ClinicalBERT,d0judl,497,1,1674,does,does,False,worthlessness,0.003436416620388627,0.003436416620388627,0.37746235728263855,0.7499178647994995,0.34,1,1,605,FP32-token-IDs
ClinicalBERT,d0judl,497,2,2256,anyone,anyone,False,anger,1.5020486898720264e-06,1.5020486898720264e-06,0.3762655258178711,0.2548178732395172,0.34,1,0,605,FP32-token-IDs
ClinicalBERT,d0judl,497,2,2256,anyone,anyone,False,brain dysfunction (forget),-0.0029148771427571774,0.0029148771427571774,0.28944262862205505,0.10743621736764908,0.34,0,0,605,FP32-token-IDs
ClinicalBERT,d0judl,497,2,2256,anyone,anyone,False,emptiness,0.0067701980588026345,0.0067701980588026345,0.24809464812278748,0.6140236258506775,0.34,1,1,605,FP32-token-IDs
ClinicalBERT,d0judl,497,2,2256,anyone,anyone,False,hopelessness,0.002522506518289447,0.002522506518289447,0.4362408518791199,0.9561159014701843,0.34,1,1,605,FP32-token-IDs
ClinicalBERT,d0judl,497,2,2256,anyone,anyone,False,loneliness,0.010177467251196504,0.010177467251196504,0.2951934039592743,0.806180477142334,0.34,1,1,605,FP32-token-IDs
ClinicalBERT,d0judl,497,2,2256,anyone,anyone,False,sadness,0.0027278766501694918,0.0027278766501694918,0.41675707697868347,0.9700830578804016,0.34,1,1,605,FP32-token-IDs
ClinicalBERT,d0judl,497,2,2256,anyone,anyone,False,suicide intent,-0.00253583522135159,0.00253583522135159,0.18940040469169617,0.026107339188456535,0.34,0,0,605,FP32-token-IDs
ClinicalBERT,d0judl,497,2,2256,anyone,anyone,False,worthlessness,0.003436416620388627,0.003436416620388627,0.37746235728263855,0.7499178647994995,0.34,1,1,605,FP32-token-IDs
ClinicalBERT,d0judl,497,3,1950,else,else,False,anger,1.5020486898720264e-06,1.5020486898720264e-06,0.3762655258178711,0.2548178732395172,0.34,1,0,605,FP32-token-IDs
ClinicalBERT,d0judl,497,3,1950,else,else,False,brain dysfunction (forget),-0.0029148771427571774,0.0029148771427571774,0.28944262862205505,0.10743621736764908,0.34,0,0,605,FP32-token-IDs
ClinicalBERT,d0judl,497,3,1950,else,else,False,emptiness,0.0067701980588026345,0.0067701980588026345,0.24809464812278748,0.6140236258506775,0.34,1,1,605,FP32-token-IDs
ClinicalBERT,d0judl,497,3,1950,else,else,False,hopelessness,0.002522506518289447,0.002522506518289447,0.4362408518791199,0.9561159014701843,0.34,1,1,605,FP32-token-IDs
ClinicalBERT,d0judl,497,3,1950,else,else,False,loneliness,0.010177467251196504,0.010177467251196504,0.2951934039592743,0.806180477142334,0.34,1,1,605,FP32-token-IDs
ClinicalBERT,d0judl,497,3,1950,else,else,False,sadness,0.0027278766501694918,0.0027278766501694918,0.41675707697868347,0.9700830578804016,0.34,1,1,605,FP32-token-IDs
ClinicalBERT,d0judl,497,3,1950,else,else,False,suicide intent,-0.00253583522135159,0.00253583522135159,0.18940040469169617,0.026107339188456535,0.34,0,0,605,FP32-token-IDs
ClinicalBERT,d0judl,497,3,1950,else,else,False,worthlessness,0.003436416620388627,0.003436416620388627,0.37746235728263855,0.7499178647994995,0.34,1,1,605,FP32-token-IDs
ClinicalBERT,d0judl,497,4,1243,get,get,False,anger,-0.0004936621407978237,0.0004936621407978237,0.3762655258178711,0.2548178732395172,0.34,1,0,605,FP32-token-IDs
ClinicalBERT,d0judl,497,4,1243,get,get,False,brain dysfunction (forget),-0.0038588439347222447,0.0038588439347222447,0.28944262862205505,0.10743621736764908,0.34,0,0,605,FP32-token-IDs
ClinicalBERT,d0judl,497,4,1243,get,get,False,emptiness,-0.0033439371618442237,0.0033439371618442237,0.24809464812278748,0.6140236258506775,0.34,1,1,605,FP32-token-IDs
ClinicalBERT,d0judl,497,4,1243,get,get,False,hopelessness,0.0014987781178206205,0.0014987781178206205,0.4362408518791199,0.9561159014701843,0.34,1,1,605,FP32-token-IDs
ClinicalBERT,d0judl,497,4,1243,get,get,False,loneliness,-0.001067920820787549,0.001067920820787549,0.2951934039592743,0.806180477142334,0.34,1,1,605,FP32-token-IDs
ClinicalBERT,d0judl,497,4,1243,get,get,False,sadness,0.0017562501598149538,0.0017562501598149538,0.41675707697868347,0.9700830578804016,0.34,1,1,605,FP32-token-IDs
ClinicalBERT,d0judl,497,4,1243,get,get,False,suicide intent,-0.003248952118156012,0.003248952118156012,0.18940040469169617,0.026107339188456535,0.34,0,0,605,FP32-token-IDs
ClinicalBERT,d0judl,497,4,1243,get,get,False,worthlessness,0.000816017622128129,0.000816017622128129,0.37746235728263855,0.7499178647994995,0.34,1,1,605,FP32-token-IDs
ClinicalBERT,d0judl,497,5,8504,uncomfortable,uncomfortable,False,anger,-0.0004936621407978237,0.0004936621407978237,0.3762655258178711,0.2548178732395172,0.34,1,0,605,FP32-token-IDs
ClinicalBERT,d0judl,497,5,8504,uncomfortable,uncomfortable,False,brain dysfunction (forget),-0.0038588439347222447,0.0038588439347222447,0.28944262862205505,0.10743621736764908,0.34,0,0,605,FP32-token-IDs
ClinicalBERT,d0judl,497,5,8504,uncomfortable,uncomfortable,False,emptiness,-0.0033439371618442237,0.0033439371618442237,0.24809464812278748,0.6140236258506775,0.34,1,1,605,FP32-token-IDs
ClinicalBERT,d0judl,497,5,8504,uncomfortable,uncomfortable,False,hopelessness,0.0014987781178206205,0.0014987781178206205,0.4362408518791199,0.9561159014701843,0.34,1,1,605,FP32-token-IDs
ClinicalBERT,d0judl,497,5,8504,uncomfortable,uncomfortable,False,loneliness,-0.001067920820787549,0.001067920820787549,0.2951934039592743,0.806180477142334,0.34,1,1,605,FP32-token-IDs
ClinicalBERT,d0judl,497,5,8504,uncomfortable,uncomfortable,False,sadness,0.0017562501598149538,0.0017562501598149538,0.41675707697868347,0.9700830578804016,0.34,1,1,605,FP32-token-IDs
ClinicalBERT,d0judl,497,5,8504,uncomfortable,uncomfortable,False,suicide intent,-0.003248952118156012,0.003248952118156012,0.18940040469169617,0.026107339188456535,0.34,0,0,605,FP32-token-IDs
ClinicalBERT,d0judl,497,5,8504,uncomfortable,uncomfortable,False,worthlessness,0.000816017622128129,0.000816017622128129,0.37746235728263855,0.7499178647994995,0.34,1,1,605,FP32-token-IDs
ClinicalBERT,d0judl,497,6,1165,when,when,False,anger,-0.0004936621407978237,0.0004936621407978237,0.3762655258178711,0.2548178732395172,0.34,1,0,605,FP32-token-IDs
ClinicalBERT,d0judl,497,6,1165,when,when,False,brain dysfunction (forget),-0.0038588439347222447,0.0038588439347222447,0.28944262862205505,0.10743621736764908,0.34,0,0,605,FP32-token-IDs
ClinicalBERT,d0judl,497,6,1165,when,when,False,emptiness,-0.0033439371618442237,0.0033439371618442237,0.24809464812278748,0.6140236258506775,0.34,1,1,605,FP32-token-IDs
ClinicalBERT,d0judl,497,6,1165,when,when,False,hopelessness,0.0014987781178206205,0.0014987781178206205,0.4362408518791199,0.9561159014701843,0.34,1,1,605,FP32-token-IDs
ClinicalBERT,d0judl,497,6,1165,when,when,False,loneliness,-0.001067920820787549,0.001067920820787549,0.2951934039592743,0.806180477142334,0.34,1,1,605,FP32-token-IDs
ClinicalBERT,d0judl,497,6,1165,when,when,False,sadness,0.0017562501598149538,0.0017562501598149538,0.41675707697868347,0.9700830578804016,0.34,1,1,605,FP32-token-IDs
ClinicalBERT,d0judl,497,6,1165,when,when,False,suicide intent,-0.003248952118156012,0.003248952118156012,0.18940040469169617,0.026107339188456535,0.34,0,0,605,FP32-token-IDs
ClinicalBERT,d0judl,497,6,1165,when,when,False,worthlessness,0.000816017622128129,0.000816017622128129,0.37746235728263855,0.7499178647994995,0.34,1,1,605,FP32-token-IDs
ClinicalBERT,d0judl,497,7,1234,people,people,False,anger,-0.0004936621407978237,0.0004936621407978237,0.3762655258178711,0.2548178732395172,0.34,1,0,605,FP32-token-IDs
ClinicalBERT,d0judl,497,7,1234,people,people,False,brain dysfunction (forget),-0.0038588439347222447,0.0038588439347222447,0.28944262862205505,0.10743621736764908,0.34,0,0,605,FP32-token-IDs
ClinicalBERT,d0judl,497,7,1234,people,people,False,emptiness,-0.0033439371618442237,0.0033439371618442237,0.24809464812278748,0.6140236258506775,0.34,1,1,605,FP32-token-IDs
ClinicalBERT,d0judl,497,7,1234,people,people,False,hopelessness,0.0014987781178206205,0.0014987781178206205,0.4362408518791199,0.9561159014701843,0.34,1,1,605,FP32-token-IDs
ClinicalBERT,d0judl,497,7,1234,people,people,False,loneliness,-0.001067920820787549,0.001067920820787549,0.2951934039592743,0.806180477142334,0.34,1,1,605,FP32-token-IDs
ClinicalBERT,d0judl,497,7,1234,people,people,False,sadness,0.0017562501598149538,0.0017562501598149538,0.41675707697868347,0.9700830578804016,0.34,1,1,605,FP32-token-IDs
ClinicalBERT,d0judl,497,7,1234,people,people,False,suicide intent,-0.003248952118156012,0.003248952118156012,0.18940040469169617,0.026107339188456535,0.34,0,0,605,FP32-token-IDs
ClinicalBERT,d0judl,497,7,1234,people,people,False,worthlessness,0.000816017622128129,0.000816017622128129,0.37746235728263855,0.7499178647994995,0.34,1,1,605,FP32-token-IDs
ClinicalBERT,d0judl,497,8,1202,do,do,False,anger,-0.0033778020064346493,0.0033778020064346493,0.3762655258178711,0.2548178732395172,0.34,1,0,605,FP32-token-IDs
ClinicalBERT,d0judl,497,8,1202,do,do,False,brain dysfunction (forget),-0.00024254225427284832,0.00024254225427284832,0.28944262862205505,0.10743621736764908,0.34,0,0,605,FP32-token-IDs
ClinicalBERT,d0judl,497,8,1202,do,do,False,emptiness,0.0014573855441994965,0.0014573855441994965,0.24809464812278748,0.6140236258506775,0.34,1,1,605,FP32-token-IDs
ClinicalBERT,d0judl,497,8,1202,do,do,False,hopelessness,0.002810394065454602,0.002810394065454602,0.4362408518791199,0.9561159014701843,0.34,1,1,605,FP32-token-IDs
ClinicalBERT,d0judl,497,8,1202,do,do,False,loneliness,0.00021288881544023752,0.00021288881544023752,0.2951934039592743,0.806180477142334,0.34,1,1,605,FP32-token-IDs
ClinicalBERT,d0judl,497,8,1202,do,do,False,sadness,0.001563021307811141,0.001563021307811141,0.41675707697868347,0.9700830578804016,0.34,1,1,605,FP32-token-IDs
ClinicalBERT,d0judl,497,8,1202,do,do,False,suicide intent,-0.0028999408081290313,0.0028999408081290313,0.18940040469169617,0.026107339188456535,0.34,0,0,605,FP32-token-IDs
ClinicalBERT,d0judl,497,8,1202,do,do,False,worthlessness,0.0028871641028672458,0.0028871641028672458,0.37746235728263855,0.7499178647994995,0.34,1,1,605,FP32-token-IDs
ClinicalBERT,d0judl,497,9,3505,nice,nice,False,anger,-0.0033778020064346493,0.0033778020064346493,0.3762655258178711,0.2548178732395172,0.34,1,0,605,FP32-token-IDs
ClinicalBERT,d0judl,497,9,3505,nice,nice,False,brain dysfunction (forget),-0.00024254225427284832,0.00024254225427284832,0.28944262862205505,0.10743621736764908,0.34,0,0,605,FP32-token-IDs
ClinicalBERT,d0judl,497,9,3505,nice,nice,False,emptiness,0.0014573855441994965,0.0014573855441994965,0.24809464812278748,0.6140236258506775,0.34,1,1,605,FP32-token-IDs
ClinicalBERT,d0judl,497,9,3505,nice,nice,False,hopelessness,0.002810394065454602,0.002810394065454602,0.4362408518791199,0.9561159014701843,0.34,1,1,605,FP32-token-IDs
ClinicalBERT,d0judl,497,9,3505,nice,nice,False,loneliness,0.00021288881544023752,0.00021288881544023752,0.2951934039592743,0.806180477142334,0.34,1,1,605,FP32-token-IDs
ClinicalBERT,d0judl,497,9,3505,nice,nice,False,sadness,0.001563021307811141,0.001563021307811141,0.41675707697868347,0.9700830578804016,0.34,1,1,605,FP32-token-IDs
ClinicalBERT,d0judl,497,9,3505,nice,nice,False,suicide intent,-0.0028999408081290313,0.0028999408081290313,0.18940040469169617,0.026107339188456535,0.34,0,0,605,FP32-token-IDs
ClinicalBERT,d0judl,497,9,3505,nice,nice,False,worthlessness,0.0028871641028672458,0.0028871641028672458,0.37746235728263855,0.7499178647994995,0.34,1,1,605,FP32-token-IDs
ClinicalBERT,d0judl,497,10,1614,things,things,False,anger,-0.0033778020064346493,0.0033778020064346493,0.3762655258178711,0.2548178732395172,0.34,1,0,605,FP32-token-IDs
ClinicalBERT,d0judl,497,10,1614,things,things,False,brain dysfunction (forget),-0.00024254225427284832,0.00024254225427284832,0.28944262862205505,0.10743621736764908,0.34,0,0,605,FP32-token-IDs
ClinicalBERT,d0judl,497,10,1614,things,things,False,emptiness,0.0014573855441994965,0.0014573855441994965,0.24809464812278748,0.6140236258506775,0.34,1,1,605,FP32-token-IDs
ClinicalBERT,d0judl,497,10,1614,things,things,False,hopelessness,0.002810394065454602,0.002810394065454602,0.4362408518791199,0.9561159014701843,0.34,1,1,605,FP32-token-IDs
ClinicalBERT,d0judl,497,10,1614,things,things,False,loneliness,0.00021288881544023752,0.00021288881544023752,0.2951934039592743,0.806180477142334,0.34,1,1,605,FP32-token-IDs
ClinicalBERT,d0judl,497,10,1614,things,things,False,sadness,0.001563021307811141,0.001563021307811141,0.41675707697868347,0.9700830578804016,0.34,1,1,605,FP32-token-IDs
ClinicalBERT,d0judl,497,10,1614,things,things,False,suicide intent,-0.0028999408081290313,0.0028999408081290313,0.18940040469169617,0.026107339188456535,0.34,0,0,605,FP32-token-IDs
ClinicalBERT,d0judl,497,10,1614,things,things,False,worthlessness,0.0028871641028672458,0.0028871641028672458,0.37746235728263855,0.7499178647994995,0.34,1,1,605,FP32-token-IDs
ClinicalBERT,d0judl,497,11,1111,for,for,False,anger,-0.0033778020064346493,0.0033778020064346493,0.3762655258178711,0.2548178732395172,0.34,1,0,605,FP32-token-IDs
ClinicalBERT,d0judl,497,11,1111,for,for,False,brain dysfunction (forget),-0.00024254225427284832,0.00024254225427284832,0.28944262862205505,0.10743621736764908,0.34,0,0,605,FP32-token-IDs
ClinicalBERT,d0judl,497,11,1111,for,for,False,emptiness,0.0014573855441994965,0.0014573855441994965,0.24809464812278748,0.6140236258506775,0.34,1,1,605,FP32-token-IDs
ClinicalBERT,d0judl,497,11,1111,for,for,False,hopelessness,0.002810394065454602,0.002810394065454602,0.4362408518791199,0.9561159014701843,0.34,1,1,605,FP32-token-IDs
ClinicalBERT,d0judl,497,11,1111,for,for,False,loneliness,0.00021288881544023752,0.00021288881544023752,0.2951934039592743,0.806180477142334,0.34,1,1,605,FP32-token-IDs
ClinicalBERT,d0judl,497,11,1111,for,for,False,sadness,0.001563021307811141,0.001563021307811141,0.41675707697868347,0.9700830578804016,0.34,1,1,605,FP32-token-IDs
ClinicalBERT,d0judl,497,11,1111,for,for,False,suicide intent,-0.0028999408081290313,0.0028999408081290313,0.18940040469169617,0.026107339188456535,0.34,0,0,605,FP32-token-IDs
ClinicalBERT,d0judl,497,11,1111,for,for,False,worthlessness,0.0028871641028672458,0.0028871641028672458,0.37746235728263855,0.7499178647994995,0.34,1,1,605,FP32-token-IDs
ClinicalBERT,d0judl,497,12,1128,you,you,False,anger,0.022851593738111357,0.022851593738111357,0.3762655258178711,0.2548178732395172,0.34,1,0,605,FP32-token-IDs
ClinicalBERT,d0judl,497,12,1128,you,you,False,brain dysfunction (forget),0.0031969380720208085,0.0031969380720208085,0.28944262862205505,0.10743621736764908,0.34,0,0,605,FP32-token-IDs
ClinicalBERT,d0judl,497,12,1128,you,you,False,emptiness,-2.6911178914209264e-05,2.6911178914209264e-05,0.24809464812278748,0.6140236258506775,0.34,1,1,605,FP32-token-IDs
ClinicalBERT,d0judl,497,12,1128,you,you,False,hopelessness,0.007463253568857908,0.007463253568857908,0.4362408518791199,0.9561159014701843,0.34,1,1,605,FP32-token-IDs
ClinicalBERT,d0judl,497,12,1128,you,you,False,loneliness,0.0032356508852293088,0.0032356508852293088,0.2951934039592743,0.806180477142334,0.34,1,1,605,FP32-token-IDs
ClinicalBERT,d0judl,497,12,1128,you,you,False,sadness,0.002901584499826034,0.002901584499826034,0.41675707697868347,0.9700830578804016,0.34,1,1,605,FP32-token-IDs
ClinicalBERT,d0judl,497,12,1128,you,you,False,suicide intent,0.0019515981703686215,0.0019515981703686215,0.18940040469169617,0.026107339188456535,0.34,0,0,605,FP32-token-IDs
ClinicalBERT,d0judl,497,12,1128,you,you,False,worthlessness,0.009815545969953139,0.009815545969953139,0.37746235728263855,0.7499178647994995,0.34,1,1,605,FP32-token-IDs
ClinicalBERT,d0judl,497,13,1272,because,because,False,anger,0.022851593738111357,0.022851593738111357,0.3762655258178711,0.2548178732395172,0.34,1,0,605,FP32-token-IDs
ClinicalBERT,d0judl,497,13,1272,because,because,False,brain dysfunction (forget),0.0031969380720208085,0.0031969380720208085,0.28944262862205505,0.10743621736764908,0.34,0,0,605,FP32-token-IDs
ClinicalBERT,d0judl,497,13,1272,because,because,False,emptiness,-2.6911178914209264e-05,2.6911178914209264e-05,0.24809464812278748,0.6140236258506775,0.34,1,1,605,FP32-token-IDs
ClinicalBERT,d0judl,497,13,1272,because,because,False,hopelessness,0.007463253568857908,0.007463253568857908,0.4362408518791199,0.9561159014701843,0.34,1,1,605,FP32-token-IDs
ClinicalBERT,d0judl,497,13,1272,because,because,False,loneliness,0.0032356508852293088,0.0032356508852293088,0.2951934039592743,0.806180477142334,0.34,1,1,605,FP32-token-IDs
ClinicalBERT,d0judl,497,13,1272,because,because,False,sadness,0.002901584499826034,0.002901584499826034,0.41675707697868347,0.9700830578804016,0.34,1,1,605,FP32-token-IDs
ClinicalBERT,d0judl,497,13,1272,because,because,False,suicide intent,0.0019515981703686215,0.0019515981703686215,0.18940040469169617,0.026107339188456535,0.34,0,0,605,FP32-token-IDs
ClinicalBERT,d0judl,497,13,1272,because,because,False,worthlessness,0.009815545969953139,0.009815545969953139,0.37746235728263855,0.7499178647994995,0.34,1,1,605,FP32-token-IDs
ClinicalBERT,d0judl,497,14,1128,you,you,False,anger,0.022851593738111357,0.022851593738111357,0.3762655258178711,0.2548178732395172,0.34,1,0,605,FP32-token-IDs
ClinicalBERT,d0judl,497,14,1128,you,you,False,brain dysfunction (forget),0.003196938072020809,0.003196938072020809,0.28944262862205505,0.10743621736764908,0.34,0,0,605,FP32-token-IDs
ClinicalBERT,d0judl,497,14,1128,you,you,False,emptiness,-2.6911178914209264e-05,2.6911178914209264e-05,0.24809464812278748,0.6140236258506775,0.34,1,1,605,FP32-token-IDs
ClinicalBERT,d0judl,497,14,1128,you,you,False,hopelessness,0.007463253568857908,0.007463253568857908,0.4362408518791199,0.9561159014701843,0.34,1,1,605,FP32-token-IDs
ClinicalBERT,d0judl,497,14,1128,you,you,False,loneliness,0.003235650885229309,0.003235650885229309,0.2951934039592743,0.806180477142334,0.34,1,1,605,FP32-token-IDs
ClinicalBERT,d0judl,497,14,1128,you,you,False,sadness,0.002901584499826034,0.002901584499826034,0.41675707697868347,0.9700830578804016,0.34,1,1,605,FP32-token-IDs
ClinicalBERT,d0judl,497,14,1128,you,you,False,suicide intent,0.0019515981703686215,0.0019515981703686215,0.18940040469169617,0.026107339188456535,0.34,0,0,605,FP32-token-IDs
ClinicalBERT,d0judl,497,14,1128,you,you,False,worthlessness,0.009815545969953139,0.009815545969953139,0.37746235728263855,0.7499178647994995,0.34,1,1,605,FP32-token-IDs
ClinicalBERT,d0judl,497,15,4819,hate,hate,False,anger,0.022851593738111357,0.022851593738111357,0.3762655258178711,0.2548178732395172,0.34,1,0,605,FP32-token-IDs
ClinicalBERT,d0judl,497,15,4819,hate,hate,False,brain dysfunction (forget),0.003196938072020809,0.003196938072020809,0.28944262862205505,0.10743621736764908,0.34,0,0,605,FP32-token-IDs
ClinicalBERT,d0judl,497,15,4819,hate,hate,False,emptiness,-2.6911178914209264e-05,2.6911178914209264e-05,0.24809464812278748,0.6140236258506775,0.34,1,1,605,FP32-token-IDs
ClinicalBERT,d0judl,497,15,4819,hate,hate,False,hopelessness,0.007463253568857908,0.007463253568857908,0.4362408518791199,0.9561159014701843,0.34,1,1,605,FP32-token-IDs
ClinicalBERT,d0judl,497,15,4819,hate,hate,False,loneliness,0.003235650885229309,0.003235650885229309,0.2951934039592743,0.806180477142334,0.34,1,1,605,FP32-token-IDs
ClinicalBERT,d0judl,497,15,4819,hate,hate,False,sadness,0.002901584499826034,0.002901584499826034,0.41675707697868347,0.9700830578804016,0.34,1,1,605,FP32-token-IDs
ClinicalBERT,d0judl,497,15,4819,hate,hate,False,suicide intent,0.0019515981703686215,0.0019515981703686215,0.18940040469169617,0.026107339188456535,0.34,0,0,605,FP32-token-IDs
ClinicalBERT,d0judl,497,15,4819,hate,hate,False,worthlessness,0.009815545969953139,0.009815545969953139,0.37746235728263855,0.7499178647994995,0.34,1,1,605,FP32-token-IDs
ClinicalBERT,d0judl,497,16,3739,yourself,yourself,False,anger,0.022851593738111357,0.022851593738111357,0.3762655258178711,0.2548178732395172,0.34,1,0,605,FP32-token-IDs
ClinicalBERT,d0judl,497,16,3739,yourself,yourself,False,brain dysfunction (forget),0.003196938072020809,0.003196938072020809,0.28944262862205505,0.10743621736764908,0.34,0,0,605,FP32-token-IDs
ClinicalBERT,d0judl,497,16,3739,yourself,yourself,False,emptiness,-2.6911178914209264e-05,2.6911178914209264e-05,0.24809464812278748,0.6140236258506775,0.34,1,1,605,FP32-token-IDs
ClinicalBERT,d0judl,497,16,3739,yourself,yourself,False,hopelessness,0.007463253568857908,0.007463253568857908,0.4362408518791199,0.9561159014701843,0.34,1,1,605,FP32-token-IDs
ClinicalBERT,d0judl,497,16,3739,yourself,yourself,False,loneliness,0.003235650885229309,0.003235650885229309,0.2951934039592743,0.806180477142334,0.34,1,1,605,FP32-token-IDs
ClinicalBERT,d0judl,497,16,3739,yourself,yourself,False,sadness,0.002901584499826034,0.002901584499826034,0.41675707697868347,0.9700830578804016,0.34,1,1,605,FP32-token-IDs
ClinicalBERT,d0judl,497,16,3739,yourself,yourself,False,suicide intent,0.0019515981703686215,0.0019515981703686215,0.18940040469169617,0.026107339188456535,0.34,0,0,605,FP32-token-IDs
ClinicalBERT,d0judl,497,16,3739,yourself,yourself,False,worthlessness,0.009815545969953139,0.009815545969953139,0.37746235728263855,0.7499178647994995,0.34,1,1,605,FP32-token-IDs
ClinicalBERT,d0judl,497,17,136,?,?,False,anger,0.012334504110428196,0.012334504110428196,0.3762655258178711,0.2548178732395172,0.34,1,0,605,FP32-token-IDs
ClinicalBERT,d0judl,497,17,136,?,?,False,brain dysfunction (forget),0.0030327103721598785,0.0030327103721598785,0.28944262862205505,0.10743621736764908,0.34,0,0,605,FP32-token-IDs
ClinicalBERT,d0judl,497,17,136,?,?,False,emptiness,0.00036251222870002187,0.00036251222870002187,0.24809464812278748,0.6140236258506775,0.34,1,1,605,FP32-token-IDs
ClinicalBERT,d0judl,497,17,136,?,?,False,hopelessness,0.007256975304335355,0.007256975304335355,0.4362408518791199,0.9561159014701843,0.34,1,1,605,FP32-token-IDs
ClinicalBERT,d0judl,497,17,136,?,?,False,loneliness,0.002167451273029049,0.002167451273029049,0.2951934039592743,0.806180477142334,0.34,1,1,605,FP32-token-IDs
ClinicalBERT,d0judl,497,17,136,?,?,False,sadness,0.0016673257884879905,0.0016673257884879905,0.41675707697868347,0.9700830578804016,0.34,1,1,605,FP32-token-IDs
ClinicalBERT,d0judl,497,17,136,?,?,False,suicide intent,0.0003112449524148057,0.0003112449524148057,0.18940040469169617,0.026107339188456535,0.34,0,0,605,FP32-token-IDs
ClinicalBERT,d0judl,497,17,136,?,?,False,worthlessness,0.009179189273466667,0.009179189273466667,0.37746235728263855,0.7499178647994995,0.34,1,1,605,FP32-token-IDs
ClinicalBERT,d0judl,497,18,108,#,#,False,anger,0.0021082009937215063,0.0021082009937215063,0.3762655258178711,0.2548178732395172,0.34,1,0,605,FP32-token-IDs
ClinicalBERT,d0judl,497,18,108,#,#,False,brain dysfunction (forget),-0.0031873379068981323,0.0031873379068981323,0.28944262862205505,0.10743621736764908,0.34,0,0,605,FP32-token-IDs
ClinicalBERT,d0judl,497,18,108,#,#,False,emptiness,0.0034189696224140266,0.0034189696224140266,0.24809464812278748,0.6140236258506775,0.34,1,1,605,FP32-token-IDs
ClinicalBERT,d0judl,497,18,108,#,#,False,hopelessness,0.001492256232138191,0.001492256232138191,0.4362408518791199,0.9561159014701843,0.34,1,1,605,FP32-token-IDs
ClinicalBERT,d0judl,497,18,108,#,#,False,loneliness,0.008900659790794765,0.008900659790794765,0.2951934039592743,0.806180477142334,0.34,1,1,605,FP32-token-IDs
ClinicalBERT,d0judl,497,18,108,#,#,False,sadness,0.003735710184888116,0.003735710184888116,0.41675707697868347,0.9700830578804016,0.34,1,1,605,FP32-token-IDs
ClinicalBERT,d0judl,497,18,108,#,#,False,suicide intent,0.00012966405172067292,0.00012966405172067292,0.18940040469169617,0.026107339188456535,0.34,0,0,605,FP32-token-IDs
ClinicalBERT,d0judl,497,18,108,#,#,False,worthlessness,-0.0021036460530012846,0.0021036460530012846,0.37746235728263855,0.7499178647994995,0.34,1,1,605,FP32-token-IDs
ClinicalBERT,d0judl,497,19,108,#,#,False,anger,0.0021082009937215063,0.0021082009937215063,0.3762655258178711,0.2548178732395172,0.34,1,0,605,FP32-token-IDs
ClinicalBERT,d0judl,497,19,108,#,#,False,brain dysfunction (forget),-0.0031873379068981323,0.0031873379068981323,0.28944262862205505,0.10743621736764908,0.34,0,0,605,FP32-token-IDs
ClinicalBERT,d0judl,497,19,108,#,#,False,emptiness,0.0034189696224140266,0.0034189696224140266,0.24809464812278748,0.6140236258506775,0.34,1,1,605,FP32-token-IDs
ClinicalBERT,d0judl,497,19,108,#,#,False,hopelessness,0.001492256232138191,0.001492256232138191,0.4362408518791199,0.9561159014701843,0.34,1,1,605,FP32-token-IDs
ClinicalBERT,d0judl,497,19,108,#,#,False,loneliness,0.008900659790794765,0.008900659790794765,0.2951934039592743,0.806180477142334,0.34,1,1,605,FP32-token-IDs
ClinicalBERT,d0judl,497,19,108,#,#,False,sadness,0.003735710184888116,0.003735710184888116,0.41675707697868347,0.9700830578804016,0.34,1,1,605,FP32-token-IDs
ClinicalBERT,d0judl,497,19,108,#,#,False,suicide intent,0.00012966405172067292,0.00012966405172067292,0.18940040469169617,0.026107339188456535,0.34,0,0,605,FP32-token-IDs
ClinicalBERT,d0judl,497,19,108,#,#,False,worthlessness,-0.0021036460530012846,0.0021036460530012846,0.37746235728263855,0.7499178647994995,0.34,1,1,605,FP32-token-IDs
ClinicalBERT,d0judl,497,20,108,#,#,False,anger,0.0021082009937215063,0.0021082009937215063,0.3762655258178711,0.2548178732395172,0.34,1,0,605,FP32-token-IDs
ClinicalBERT,d0judl,497,20,108,#,#,False,brain dysfunction (forget),-0.0031873379068981323,0.0031873379068981323,0.28944262862205505,0.10743621736764908,0.34,0,0,605,FP32-token-IDs
ClinicalBERT,d0judl,497,20,108,#,#,False,emptiness,0.0034189696224140266,0.0034189696224140266,0.24809464812278748,0.6140236258506775,0.34,1,1,605,FP32-token-IDs
ClinicalBERT,d0judl,497,20,108,#,#,False,hopelessness,0.001492256232138191,0.001492256232138191,0.4362408518791199,0.9561159014701843,0.34,1,1,605,FP32-token-IDs
ClinicalBERT,d0judl,497,20,108,#,#,False,loneliness,0.008900659790794765,0.008900659790794765,0.2951934039592743,0.806180477142334,0.34,1,1,605,FP32-token-IDs
ClinicalBERT,d0judl,497,20,108,#,#,False,sadness,0.003735710184888116,0.003735710184888116,0.41675707697868347,0.9700830578804016,0.34,1,1,605,FP32-token-IDs
ClinicalBERT,d0judl,497,20,108,#,#,False,suicide intent,0.00012966405172067292,0.00012966405172067292,0.18940040469169617,0.026107339188456535,0.34,0,0,605,FP32-token-IDs
ClinicalBERT,d0judl,497,20,108,#,#,False,worthlessness,-0.0021036460530012846,0.0021036460530012846,0.37746235728263855,0.7499178647994995,0.34,1,1,605,FP32-token-IDs
ClinicalBERT,d0judl,497,21,8128,yesterday,yesterday,False,anger,0.0021082009937215063,0.0021082009937215063,0.3762655258178711,0.2548178732395172,0.34,1,0,605,FP32-token-IDs
ClinicalBERT,d0judl,497,21,8128,yesterday,yesterday,False,brain dysfunction (forget),-0.0031873379068981323,0.0031873379068981323,0.28944262862205505,0.10743621736764908,0.34,0,0,605,FP32-token-IDs
ClinicalBERT,d0judl,497,21,8128,yesterday,yesterday,False,emptiness,0.0034189696224140266,0.0034189696224140266,0.24809464812278748,0.6140236258506775,0.34,1,1,605,FP32-token-IDs
ClinicalBERT,d0judl,497,21,8128,yesterday,yesterday,False,hopelessness,0.001492256232138191,0.001492256232138191,0.4362408518791199,0.9561159014701843,0.34,1,1,605,FP32-token-IDs
ClinicalBERT,d0judl,497,21,8128,yesterday,yesterday,False,loneliness,0.008900659790794765,0.008900659790794765,0.2951934039592743,0.806180477142334,0.34,1,1,605,FP32-token-IDs
ClinicalBERT,d0judl,497,21,8128,yesterday,yesterday,False,sadness,0.003735710184888116,0.003735710184888116,0.41675707697868347,0.9700830578804016,0.34,1,1,605,FP32-token-IDs
ClinicalBERT,d0judl,497,21,8128,yesterday,yesterday,False,suicide intent,0.00012966405172067292,0.00012966405172067292,0.18940040469169617,0.026107339188456535,0.34,0,0,605,FP32-token-IDs
ClinicalBERT,d0judl,497,21,8128,yesterday,yesterday,False,worthlessness,-0.0021036460530012846,0.0021036460530012846,0.37746235728263855,0.7499178647994995,0.34,1,1,605,FP32-token-IDs
ClinicalBERT,d0judl,497,22,1108,was,was,False,anger,0.0023302703796486773,0.0023302703796486773,0.3762655258178711,0.2548178732395172,0.34,1,0,605,FP32-token-IDs
ClinicalBERT,d0judl,497,22,1108,was,was,False,brain dysfunction (forget),-1.7484084569982104e-05,1.7484084569982104e-05,0.28944262862205505,0.10743621736764908,0.34,0,0,605,FP32-token-IDs
ClinicalBERT,d0judl,497,22,1108,was,was,False,emptiness,0.01345157593355647,0.01345157593355647,0.24809464812278748,0.6140236258506775,0.34,1,1,605,FP32-token-IDs
ClinicalBERT,d0judl,497,22,1108,was,was,False,hopelessness,0.002418394444421643,0.002418394444421643,0.4362408518791199,0.9561159014701843,0.34,1,1,605,FP32-token-IDs
ClinicalBERT,d0judl,497,22,1108,was,was,False,loneliness,0.01912950900095027,0.01912950900095027,0.2951934039592743,0.806180477142334,0.34,1,1,605,FP32-token-IDs
ClinicalBERT,d0judl,497,22,1108,was,was,False,sadness,0.004088103865450692,0.004088103865450692,0.41675707697868347,0.9700830578804016,0.34,1,1,605,FP32-token-IDs
ClinicalBERT,d0judl,497,22,1108,was,was,False,suicide intent,0.0009374351980763355,0.0009374351980763355,0.18940040469169617,0.026107339188456535,0.34,0,0,605,FP32-token-IDs
ClinicalBERT,d0judl,497,22,1108,was,was,False,worthlessness,0.001525215416525801,0.001525215416525801,0.37746235728263855,0.7499178647994995,0.34,1,1,605,FP32-token-IDs
ClinicalBERT,d0judl,497,23,1139,my,my,False,anger,0.0023302703796486773,0.0023302703796486773,0.3762655258178711,0.2548178732395172,0.34,1,0,605,FP32-token-IDs
ClinicalBERT,d0judl,497,23,1139,my,my,False,brain dysfunction (forget),-1.7484084569982104e-05,1.7484084569982104e-05,0.28944262862205505,0.10743621736764908,0.34,0,0,605,FP32-token-IDs
ClinicalBERT,d0judl,497,23,1139,my,my,False,emptiness,0.01345157593355647,0.01345157593355647,0.24809464812278748,0.6140236258506775,0.34,1,1,605,FP32-token-IDs
ClinicalBERT,d0judl,497,23,1139,my,my,False,hopelessness,0.002418394444421643,0.002418394444421643,0.4362408518791199,0.9561159014701843,0.34,1,1,605,FP32-token-IDs
ClinicalBERT,d0judl,497,23,1139,my,my,False,loneliness,0.01912950900095027,0.01912950900095027,0.2951934039592743,0.806180477142334,0.34,1,1,605,FP32-token-IDs
ClinicalBERT,d0judl,497,23,1139,my,my,False,sadness,0.004088103865450692,0.004088103865450692,0.41675707697868347,0.9700830578804016,0.34,1,1,605,FP32-token-IDs
ClinicalBERT,d0judl,497,23,1139,my,my,False,suicide intent,0.0009374351980763355,0.0009374351980763355,0.18940040469169617,0.026107339188456535,0.34,0,0,605,FP32-token-IDs
ClinicalBERT,d0judl,497,23,1139,my,my,False,worthlessness,0.001525215416525801,0.001525215416525801,0.37746235728263855,0.7499178647994995,0.34,1,1,605,FP32-token-IDs
ClinicalBERT,d0judl,497,24,5913,birthday,birthday,False,anger,0.0023302703796486773,0.0023302703796486773,0.3762655258178711,0.2548178732395172,0.34,1,0,605,FP32-token-IDs
ClinicalBERT,d0judl,497,24,5913,birthday,birthday,False,brain dysfunction (forget),-1.7484084569982104e-05,1.7484084569982104e-05,0.28944262862205505,0.10743621736764908,0.34,0,0,605,FP32-token-IDs
ClinicalBERT,d0judl,497,24,5913,birthday,birthday,False,emptiness,0.01345157593355647,0.01345157593355647,0.24809464812278748,0.6140236258506775,0.34,1,1,605,FP32-token-IDs
ClinicalBERT,d0judl,497,24,5913,birthday,birthday,False,hopelessness,0.002418394444421643,0.002418394444421643,0.4362408518791199,0.9561159014701843,0.34,1,1,605,FP32-token-IDs
ClinicalBERT,d0judl,497,24,5913,birthday,birthday,False,loneliness,0.01912950900095027,0.01912950900095027,0.2951934039592743,0.806180477142334,0.34,1,1,605,FP32-token-IDs
ClinicalBERT,d0judl,497,24,5913,birthday,birthday,False,sadness,0.004088103865450692,0.004088103865450692,0.41675707697868347,0.9700830578804016,0.34,1,1,605,FP32-token-IDs
ClinicalBERT,d0judl,497,24,5913,birthday,birthday,False,suicide intent,0.0009374351980763355,0.0009374351980763355,0.18940040469169617,0.026107339188456535,0.34,0,0,605,FP32-token-IDs
ClinicalBERT,d0judl,497,24,5913,birthday,birthday,False,worthlessness,0.001525215416525801,0.001525215416525801,0.37746235728263855,0.7499178647994995,0.34,1,1,605,FP32-token-IDs
ClinicalBERT,d0judl,497,25,1105,and,and,False,anger,-0.003547408165306681,0.003547408165306681,0.3762655258178711,0.2548178732395172,0.34,1,0,605,FP32-token-IDs
ClinicalBERT,d0judl,497,25,1105,and,and,False,brain dysfunction (forget),-0.0028637769994222457,0.0028637769994222457,0.28944262862205505,0.10743621736764908,0.34,0,0,605,FP32-token-IDs
ClinicalBERT,d0judl,497,25,1105,and,and,False,emptiness,-0.004702055283511678,0.004702055283511678,0.24809464812278748,0.6140236258506775,0.34,1,1,605,FP32-token-IDs
ClinicalBERT,d0judl,497,25,1105,and,and,False,hopelessness,-0.0039368811477389605,0.0039368811477389605,0.4362408518791199,0.9561159014701843,0.34,1,1,605,FP32-token-IDs
ClinicalBERT,d0judl,497,25,1105,and,and,False,loneliness,-0.001952582905586395,0.001952582905586395,0.2951934039592743,0.806180477142334,0.34,1,1,605,FP32-token-IDs
ClinicalBERT,d0judl,497,25,1105,and,and,False,sadness,-0.00011191096725977128,0.00011191096725977128,0.41675707697868347,0.9700830578804016,0.34,1,1,605,FP32-token-IDs
ClinicalBERT,d0judl,497,25,1105,and,and,False,suicide intent,-0.003016727278009057,0.003016727278009057,0.18940040469169617,0.026107339188456535,0.34,0,0,605,FP32-token-IDs
ClinicalBERT,d0judl,497,25,1105,and,and,False,worthlessness,-0.008491636124543017,0.008491636124543017,0.37746235728263855,0.7499178647994995,0.34,1,1,605,FP32-token-IDs
ClinicalBERT,d0judl,497,26,1139,my,my,False,anger,-0.003547408165306681,0.003547408165306681,0.3762655258178711,0.2548178732395172,0.34,1,0,605,FP32-token-IDs
ClinicalBERT,d0judl,497,26,1139,my,my,False,brain dysfunction (forget),-0.0028637769994222457,0.0028637769994222457,0.28944262862205505,0.10743621736764908,0.34,0,0,605,FP32-token-IDs
ClinicalBERT,d0judl,497,26,1139,my,my,False,emptiness,-0.004702055283511678,0.004702055283511678,0.24809464812278748,0.6140236258506775,0.34,1,1,605,FP32-token-IDs
ClinicalBERT,d0judl,497,26,1139,my,my,False,hopelessness,-0.0039368811477389605,0.0039368811477389605,0.4362408518791199,0.9561159014701843,0.34,1,1,605,FP32-token-IDs
ClinicalBERT,d0judl,497,26,1139,my,my,False,loneliness,-0.001952582905586395,0.001952582905586395,0.2951934039592743,0.806180477142334,0.34,1,1,605,FP32-token-IDs
ClinicalBERT,d0judl,497,26,1139,my,my,False,sadness,-0.00011191096725977128,0.00011191096725977128,0.41675707697868347,0.9700830578804016,0.34,1,1,605,FP32-token-IDs
ClinicalBERT,d0judl,497,26,1139,my,my,False,suicide intent,-0.003016727278009057,0.003016727278009057,0.18940040469169617,0.026107339188456535,0.34,0,0,605,FP32-token-IDs
ClinicalBERT,d0judl,497,26,1139,my,my,False,worthlessness,-0.008491636124543017,0.008491636124543017,0.37746235728263855,0.7499178647994995,0.34,1,1,605,FP32-token-IDs
ClinicalBERT,d0judl,497,27,13991,cow,cow,False,anger,-0.0035474081653066804,0.0035474081653066804,0.3762655258178711,0.2548178732395172,0.34,1,0,605,FP32-token-IDs
ClinicalBERT,d0judl,497,27,13991,cow,cow,False,brain dysfunction (forget),-0.0028637769994222452,0.0028637769994222452,0.28944262862205505,0.10743621736764908,0.34,0,0,605,FP32-token-IDs
ClinicalBERT,d0judl,497,27,13991,cow,cow,False,emptiness,-0.004702055283511679,0.004702055283511679,0.24809464812278748,0.6140236258506775,0.34,1,1,605,FP32-token-IDs
ClinicalBERT,d0judl,497,27,13991,cow,cow,False,hopelessness,-0.0039368811477389605,0.0039368811477389605,0.4362408518791199,0.9561159014701843,0.34,1,1,605,FP32-token-IDs
ClinicalBERT,d0judl,497,27,13991,cow,cow,False,loneliness,-0.0019525829055863952,0.0019525829055863952,0.2951934039592743,0.806180477142334,0.34,1,1,605,FP32-token-IDs
ClinicalBERT,d0judl,497,27,13991,cow,cow,False,sadness,-0.00011191096725977129,0.00011191096725977129,0.41675707697868347,0.9700830578804016,0.34,1,1,605,FP32-token-IDs
ClinicalBERT,d0judl,497,27,13991,cow,cow,False,suicide intent,-0.003016727278009057,0.003016727278009057,0.18940040469169617,0.026107339188456535,0.34,0,0,605,FP32-token-IDs
ClinicalBERT,d0judl,497,27,13991,cow,cow,False,worthlessness,-0.008491636124543017,0.008491636124543017,0.37746235728263855,0.7499178647994995,0.34,1,1,605,FP32-token-IDs
ClinicalBERT,d0judl,497,28,1766,##or,or,False,anger,-0.0035474081653066804,0.0035474081653066804,0.3762655258178711,0.2548178732395172,0.34,1,0,605,FP32-token-IDs
ClinicalBERT,d0judl,497,28,1766,##or,or,False,brain dysfunction (forget),-0.0028637769994222452,0.0028637769994222452,0.28944262862205505,0.10743621736764908,0.34,0,0,605,FP32-token-IDs
ClinicalBERT,d0judl,497,28,1766,##or,or,False,emptiness,-0.004702055283511679,0.004702055283511679,0.24809464812278748,0.6140236258506775,0.34,1,1,605,FP32-token-IDs
ClinicalBERT,d0judl,497,28,1766,##or,or,False,hopelessness,-0.0039368811477389605,0.0039368811477389605,0.4362408518791199,0.9561159014701843,0.34,1,1,605,FP32-token-IDs
ClinicalBERT,d0judl,497,28,1766,##or,or,False,loneliness,-0.0019525829055863952,0.0019525829055863952,0.2951934039592743,0.806180477142334,0.34,1,1,605,FP32-token-IDs
ClinicalBERT,d0judl,497,28,1766,##or,or,False,sadness,-0.00011191096725977129,0.00011191096725977129,0.41675707697868347,0.9700830578804016,0.34,1,1,605,FP32-token-IDs
ClinicalBERT,d0judl,497,28,1766,##or,or,False,suicide intent,-0.003016727278009057,0.003016727278009057,0.18940040469169617,0.026107339188456535,0.34,0,0,605,FP32-token-IDs
ClinicalBERT,d0judl,497,28,1766,##or,or,False,worthlessness,-0.008491636124543017,0.008491636124543017,0.37746235728263855,0.7499178647994995,0.34,1,1,605,FP32-token-IDs
ClinicalBERT,d0judl,497,29,8811,##kers,kers,False,anger,-0.0035474081653066804,0.0035474081653066804,0.3762655258178711,0.2548178732395172,0.34,1,0,605,FP32-token-IDs
ClinicalBERT,d0judl,497,29,8811,##kers,kers,False,brain dysfunction (forget),-0.0028637769994222452,0.0028637769994222452,0.28944262862205505,0.10743621736764908,0.34,0,0,605,FP32-token-IDs
ClinicalBERT,d0judl,497,29,8811,##kers,kers,False,emptiness,-0.004702055283511679,0.004702055283511679,0.24809464812278748,0.6140236258506775,0.34,1,1,605,FP32-token-IDs
ClinicalBERT,d0judl,497,29,8811,##kers,kers,False,hopelessness,-0.0039368811477389605,0.0039368811477389605,0.4362408518791199,0.9561159014701843,0.34,1,1,605,FP32-token-IDs
ClinicalBERT,d0judl,497,29,8811,##kers,kers,False,loneliness,-0.0019525829055863952,0.0019525829055863952,0.2951934039592743,0.806180477142334,0.34,1,1,605,FP32-token-IDs
ClinicalBERT,d0judl,497,29,8811,##kers,kers,False,sadness,-0.00011191096725977129,0.00011191096725977129,0.41675707697868347,0.9700830578804016,0.34,1,1,605,FP32-token-IDs
ClinicalBERT,d0judl,497,29,8811,##kers,kers,False,suicide intent,-0.003016727278009057,0.003016727278009057,0.18940040469169617,0.026107339188456535,0.34,0,0,605,FP32-token-IDs
ClinicalBERT,d0judl,497,29,8811,##kers,kers,False,worthlessness,-0.008491636124543017,0.008491636124543017,0.37746235728263855,0.7499178647994995,0.34,1,1,605,FP32-token-IDs
ClinicalBERT,d0judl,497,30,1400,got,got,False,anger,-0.0035474081653066813,0.0035474081653066813,0.3762655258178711,0.2548178732395172,0.34,1,0,605,FP32-token-IDs
ClinicalBERT,d0judl,497,30,1400,got,got,False,brain dysfunction (forget),-0.002863776999422246,0.002863776999422246,0.28944262862205505,0.10743621736764908,0.34,0,0,605,FP32-token-IDs
ClinicalBERT,d0judl,497,30,1400,got,got,False,emptiness,-0.004702055283511679,0.004702055283511679,0.24809464812278748,0.6140236258506775,0.34,1,1,605,FP32-token-IDs
ClinicalBERT,d0judl,497,30,1400,got,got,False,hopelessness,-0.00393688114773896,0.00393688114773896,0.4362408518791199,0.9561159014701843,0.34,1,1,605,FP32-token-IDs
ClinicalBERT,d0judl,497,30,1400,got,got,False,loneliness,-0.0019525829055863947,0.0019525829055863947,0.2951934039592743,0.806180477142334,0.34,1,1,605,FP32-token-IDs
ClinicalBERT,d0judl,497,30,1400,got,got,False,sadness,-0.00011191096725977129,0.00011191096725977129,0.41675707697868347,0.9700830578804016,0.34,1,1,605,FP32-token-IDs
ClinicalBERT,d0judl,497,30,1400,got,got,False,suicide intent,-0.003016727278009057,0.003016727278009057,0.18940040469169617,0.026107339188456535,0.34,0,0,605,FP32-token-IDs
ClinicalBERT,d0judl,497,30,1400,got,got,False,worthlessness,-0.008491636124543019,0.008491636124543019,0.37746235728263855,0.7499178647994995,0.34,1,1,605,FP32-token-IDs
ClinicalBERT,d0judl,497,31,1143,me,me,False,anger,-0.0035474081653066813,0.0035474081653066813,0.3762655258178711,0.2548178732395172,0.34,1,0,605,FP32-token-IDs
ClinicalBERT,d0judl,497,31,1143,me,me,False,brain dysfunction (forget),-0.002863776999422246,0.002863776999422246,0.28944262862205505,0.10743621736764908,0.34,0,0,605,FP32-token-IDs
ClinicalBERT,d0judl,497,31,1143,me,me,False,emptiness,-0.004702055283511679,0.004702055283511679,0.24809464812278748,0.6140236258506775,0.34,1,1,605,FP32-token-IDs
ClinicalBERT,d0judl,497,31,1143,me,me,False,hopelessness,-0.00393688114773896,0.00393688114773896,0.4362408518791199,0.9561159014701843,0.34,1,1,605,FP32-token-IDs
ClinicalBERT,d0judl,497,31,1143,me,me,False,loneliness,-0.0019525829055863947,0.0019525829055863947,0.2951934039592743,0.806180477142334,0.34,1,1,605,FP32-token-IDs
ClinicalBERT,d0judl,497,31,1143,me,me,False,sadness,-0.00011191096725977129,0.00011191096725977129,0.41675707697868347,0.9700830578804016,0.34,1,1,605,FP32-token-IDs
ClinicalBERT,d0judl,497,31,1143,me,me,False,suicide intent,-0.003016727278009057,0.003016727278009057,0.18940040469169617,0.026107339188456535,0.34,0,0,605,FP32-token-IDs
ClinicalBERT,d0judl,497,31,1143,me,me,False,worthlessness,-0.008491636124543019,0.008491636124543019,0.37746235728263855,0.7499178647994995,0.34,1,1,605,FP32-token-IDs
ClinicalBERT,d0judl,497,32,18621,cookies,cookies,False,anger,-0.0035474081653066813,0.0035474081653066813,0.3762655258178711,0.2548178732395172,0.34,1,0,605,FP32-token-IDs
ClinicalBERT,d0judl,497,32,18621,cookies,cookies,False,brain dysfunction (forget),-0.002863776999422246,0.002863776999422246,0.28944262862205505,0.10743621736764908,0.34,0,0,605,FP32-token-IDs
ClinicalBERT,d0judl,497,32,18621,cookies,cookies,False,emptiness,-0.004702055283511679,0.004702055283511679,0.24809464812278748,0.6140236258506775,0.34,1,1,605,FP32-token-IDs
ClinicalBERT,d0judl,497,32,18621,cookies,cookies,False,hopelessness,-0.00393688114773896,0.00393688114773896,0.4362408518791199,0.9561159014701843,0.34,1,1,605,FP32-token-IDs
ClinicalBERT,d0judl,497,32,18621,cookies,cookies,False,loneliness,-0.0019525829055863947,0.0019525829055863947,0.2951934039592743,0.806180477142334,0.34,1,1,605,FP32-token-IDs
ClinicalBERT,d0judl,497,32,18621,cookies,cookies,False,sadness,-0.00011191096725977129,0.00011191096725977129,0.41675707697868347,0.9700830578804016,0.34,1,1,605,FP32-token-IDs
ClinicalBERT,d0judl,497,32,18621,cookies,cookies,False,suicide intent,-0.003016727278009057,0.003016727278009057,0.18940040469169617,0.026107339188456535,0.34,0,0,605,FP32-token-IDs
ClinicalBERT,d0judl,497,32,18621,cookies,cookies,False,worthlessness,-0.008491636124543019,0.008491636124543019,0.37746235728263855,0.7499178647994995,0.34,1,1,605,FP32-token-IDs
ClinicalBERT,d0judl,497,33,1105,and,and,False,anger,-0.003547408165306681,0.003547408165306681,0.3762655258178711,0.2548178732395172,0.34,1,0,605,FP32-token-IDs
ClinicalBERT,d0judl,497,33,1105,and,and,False,brain dysfunction (forget),-0.0028637769994222457,0.0028637769994222457,0.28944262862205505,0.10743621736764908,0.34,0,0,605,FP32-token-IDs
ClinicalBERT,d0judl,497,33,1105,and,and,False,emptiness,-0.004702055283511679,0.004702055283511679,0.24809464812278748,0.6140236258506775,0.34,1,1,605,FP32-token-IDs
ClinicalBERT,d0judl,497,33,1105,and,and,False,hopelessness,-0.00393688114773896,0.00393688114773896,0.4362408518791199,0.9561159014701843,0.34,1,1,605,FP32-token-IDs
ClinicalBERT,d0judl,497,33,1105,and,and,False,loneliness,-0.001952582905586395,0.001952582905586395,0.2951934039592743,0.806180477142334,0.34,1,1,605,FP32-token-IDs
ClinicalBERT,d0judl,497,33,1105,and,and,False,sadness,-0.00011191096725977129,0.00011191096725977129,0.41675707697868347,0.9700830578804016,0.34,1,1,605,FP32-token-IDs
ClinicalBERT,d0judl,497,33,1105,and,and,False,suicide intent,-0.003016727278009057,0.003016727278009057,0.18940040469169617,0.026107339188456535,0.34,0,0,605,FP32-token-IDs
ClinicalBERT,d0judl,497,33,1105,and,and,False,worthlessness,-0.008491636124543019,0.008491636124543019,0.37746235728263855,0.7499178647994995,0.34,1,1,605,FP32-token-IDs
ClinicalBERT,d0judl,497,34,170,a,a,False,anger,-0.0009543510774771371,0.0009543510774771371,0.3762655258178711,0.2548178732395172,0.34,1,0,605,FP32-token-IDs
ClinicalBERT,d0judl,497,34,170,a,a,False,brain dysfunction (forget),-0.005771648358657128,0.005771648358657128,0.28944262862205505,0.10743621736764908,0.34,0,0,605,FP32-token-IDs
ClinicalBERT,d0judl,497,34,170,a,a,False,emptiness,0.0043983170245256685,0.0043983170245256685,0.24809464812278748,0.6140236258506775,0.34,1,1,605,FP32-token-IDs
ClinicalBERT,d0judl,497,34,170,a,a,False,hopelessness,0.0013087038985557025,0.0013087038985557025,0.4362408518791199,0.9561159014701843,0.34,1,1,605,FP32-token-IDs
ClinicalBERT,d0judl,497,34,170,a,a,False,loneliness,0.011652813538805477,0.011652813538805477,0.2951934039592743,0.806180477142334,0.34,1,1,605,FP32-token-IDs
ClinicalBERT,d0judl,497,34,170,a,a,False,sadness,0.005505786613664693,0.005505786613664693,0.41675707697868347,0.9700830578804016,0.34,1,1,605,FP32-token-IDs
ClinicalBERT,d0judl,497,34,170,a,a,False,suicide intent,-0.0019184405811958844,0.0019184405811958844,0.18940040469169617,0.026107339188456535,0.34,0,0,605,FP32-token-IDs
ClinicalBERT,d0judl,497,34,170,a,a,False,worthlessness,-0.0030502260973056155,0.0030502260973056155,0.37746235728263855,0.7499178647994995,0.34,1,1,605,FP32-token-IDs
ClinicalBERT,d0judl,497,35,2337,couple,couple,False,anger,-0.0009543510774771371,0.0009543510774771371,0.3762655258178711,0.2548178732395172,0.34,1,0,605,FP32-token-IDs
ClinicalBERT,d0judl,497,35,2337,couple,couple,False,brain dysfunction (forget),-0.005771648358657128,0.005771648358657128,0.28944262862205505,0.10743621736764908,0.34,0,0,605,FP32-token-IDs
ClinicalBERT,d0judl,497,35,2337,couple,couple,False,emptiness,0.0043983170245256685,0.0043983170245256685,0.24809464812278748,0.6140236258506775,0.34,1,1,605,FP32-token-IDs
ClinicalBERT,d0judl,497,35,2337,couple,couple,False,hopelessness,0.0013087038985557025,0.0013087038985557025,0.4362408518791199,0.9561159014701843,0.34,1,1,605,FP32-token-IDs
ClinicalBERT,d0judl,497,35,2337,couple,couple,False,loneliness,0.011652813538805477,0.011652813538805477,0.2951934039592743,0.806180477142334,0.34,1,1,605,FP32-token-IDs
ClinicalBERT,d0judl,497,35,2337,couple,couple,False,sadness,0.005505786613664693,0.005505786613664693,0.41675707697868347,0.9700830578804016,0.34,1,1,605,FP32-token-IDs
ClinicalBERT,d0judl,497,35,2337,couple,couple,False,suicide intent,-0.0019184405811958844,0.0019184405811958844,0.18940040469169617,0.026107339188456535,0.34,0,0,605,FP32-token-IDs
ClinicalBERT,d0judl,497,35,2337,couple,couple,False,worthlessness,-0.0030502260973056155,0.0030502260973056155,0.37746235728263855,0.7499178647994995,0.34,1,1,605,FP32-token-IDs
ClinicalBERT,d0judl,497,36,2053,friends,friends,False,anger,-0.0009543510774771371,0.0009543510774771371,0.3762655258178711,0.2548178732395172,0.34,1,0,605,FP32-token-IDs
ClinicalBERT,d0judl,497,36,2053,friends,friends,False,brain dysfunction (forget),-0.005771648358657128,0.005771648358657128,0.28944262862205505,0.10743621736764908,0.34,0,0,605,FP32-token-IDs
ClinicalBERT,d0judl,497,36,2053,friends,friends,False,emptiness,0.0043983170245256685,0.0043983170245256685,0.24809464812278748,0.6140236258506775,0.34,1,1,605,FP32-token-IDs
ClinicalBERT,d0judl,497,36,2053,friends,friends,False,hopelessness,0.0013087038985557025,0.0013087038985557025,0.4362408518791199,0.9561159014701843,0.34,1,1,605,FP32-token-IDs
ClinicalBERT,d0judl,497,36,2053,friends,friends,False,loneliness,0.011652813538805477,0.011652813538805477,0.2951934039592743,0.806180477142334,0.34,1,1,605,FP32-token-IDs
ClinicalBERT,d0judl,497,36,2053,friends,friends,False,sadness,0.005505786613664693,0.005505786613664693,0.41675707697868347,0.9700830578804016,0.34,1,1,605,FP32-token-IDs
ClinicalBERT,d0judl,497,36,2053,friends,friends,False,suicide intent,-0.0019184405811958844,0.0019184405811958844,0.18940040469169617,0.026107339188456535,0.34,0,0,605,FP32-token-IDs
ClinicalBERT,d0judl,497,36,2053,friends,friends,False,worthlessness,-0.0030502260973056155,0.0030502260973056155,0.37746235728263855,0.7499178647994995,0.34,1,1,605,FP32-token-IDs
ClinicalBERT,d0judl,497,37,1261,took,took,False,anger,-0.0009543510774771371,0.0009543510774771371,0.3762655258178711,0.2548178732395172,0.34,1,0,605,FP32-token-IDs
ClinicalBERT,d0judl,497,37,1261,took,took,False,brain dysfunction (forget),-0.005771648358657128,0.005771648358657128,0.28944262862205505,0.10743621736764908,0.34,0,0,605,FP32-token-IDs
ClinicalBERT,d0judl,497,37,1261,took,took,False,emptiness,0.0043983170245256685,0.0043983170245256685,0.24809464812278748,0.6140236258506775,0.34,1,1,605,FP32-token-IDs
ClinicalBERT,d0judl,497,37,1261,took,took,False,hopelessness,0.0013087038985557025,0.0013087038985557025,0.4362408518791199,0.9561159014701843,0.34,1,1,605,FP32-token-IDs
ClinicalBERT,d0judl,497,37,1261,took,took,False,loneliness,0.011652813538805477,0.011652813538805477,0.2951934039592743,0.806180477142334,0.34,1,1,605,FP32-token-IDs
ClinicalBERT,d0judl,497,37,1261,took,took,False,sadness,0.005505786613664693,0.005505786613664693,0.41675707697868347,0.9700830578804016,0.34,1,1,605,FP32-token-IDs
ClinicalBERT,d0judl,497,37,1261,took,took,False,suicide intent,-0.0019184405811958844,0.0019184405811958844,0.18940040469169617,0.026107339188456535,0.34,0,0,605,FP32-token-IDs
ClinicalBERT,d0judl,497,37,1261,took,took,False,worthlessness,-0.0030502260973056155,0.0030502260973056155,0.37746235728263855,0.7499178647994995,0.34,1,1,605,FP32-token-IDs
ClinicalBERT,d0judl,497,38,1143,me,me,False,anger,-0.003684837619463603,0.003684837619463603,0.3762655258178711,0.2548178732395172,0.34,1,0,605,FP32-token-IDs
ClinicalBERT,d0judl,497,38,1143,me,me,False,brain dysfunction (forget),-0.0021577066845364042,0.0021577066845364042,0.28944262862205505,0.10743621736764908,0.34,0,0,605,FP32-token-IDs
ClinicalBERT,d0judl,497,38,1143,me,me,False,emptiness,0.004578576092090872,0.004578576092090872,0.24809464812278748,0.6140236258506775,0.34,1,1,605,FP32-token-IDs
ClinicalBERT,d0judl,497,38,1143,me,me,False,hopelessness,0.00013625911540455287,0.00013625911540455287,0.4362408518791199,0.9561159014701843,0.34,1,1,605,FP32-token-IDs
ClinicalBERT,d0judl,497,38,1143,me,me,False,loneliness,0.008073667053961092,0.008073667053961092,0.2951934039592743,0.806180477142334,0.34,1,1,605,FP32-token-IDs
ClinicalBERT,d0judl,497,38,1143,me,me,False,sadness,0.0037823573789662786,0.0037823573789662786,0.41675707697868347,0.9700830578804016,0.34,1,1,605,FP32-token-IDs
ClinicalBERT,d0judl,497,38,1143,me,me,False,suicide intent,0.00019579866073197788,0.00019579866073197788,0.18940040469169617,0.026107339188456535,0.34,0,0,605,FP32-token-IDs
ClinicalBERT,d0judl,497,38,1143,me,me,False,worthlessness,-0.003926175584395727,0.003926175584395727,0.37746235728263855,0.7499178647994995,0.34,1,1,605,FP32-token-IDs
ClinicalBERT,d0judl,497,39,1149,out,out,False,anger,-0.003684837619463603,0.003684837619463603,0.3762655258178711,0.2548178732395172,0.34,1,0,605,FP32-token-IDs
ClinicalBERT,d0judl,497,39,1149,out,out,False,brain dysfunction (forget),-0.0021577066845364042,0.0021577066845364042,0.28944262862205505,0.10743621736764908,0.34,0,0,605,FP32-token-IDs
ClinicalBERT,d0judl,497,39,1149,out,out,False,emptiness,0.004578576092090872,0.004578576092090872,0.24809464812278748,0.6140236258506775,0.34,1,1,605,FP32-token-IDs
ClinicalBERT,d0judl,497,39,1149,out,out,False,hopelessness,0.00013625911540455287,0.00013625911540455287,0.4362408518791199,0.9561159014701843,0.34,1,1,605,FP32-token-IDs
ClinicalBERT,d0judl,497,39,1149,out,out,False,loneliness,0.008073667053961092,0.008073667053961092,0.2951934039592743,0.806180477142334,0.34,1,1,605,FP32-token-IDs
ClinicalBERT,d0judl,497,39,1149,out,out,False,sadness,0.0037823573789662786,0.0037823573789662786,0.41675707697868347,0.9700830578804016,0.34,1,1,605,FP32-token-IDs
ClinicalBERT,d0judl,497,39,1149,out,out,False,suicide intent,0.00019579866073197788,0.00019579866073197788,0.18940040469169617,0.026107339188456535,0.34,0,0,605,FP32-token-IDs
ClinicalBERT,d0judl,497,39,1149,out,out,False,worthlessness,-0.003926175584395727,0.003926175584395727,0.37746235728263855,0.7499178647994995,0.34,1,1,605,FP32-token-IDs
ClinicalBERT,d0judl,497,40,1106,to,to,False,anger,-0.003684837619463603,0.003684837619463603,0.3762655258178711,0.2548178732395172,0.34,1,0,605,FP32-token-IDs
ClinicalBERT,d0judl,497,40,1106,to,to,False,brain dysfunction (forget),-0.0021577066845364042,0.0021577066845364042,0.28944262862205505,0.10743621736764908,0.34,0,0,605,FP32-token-IDs
ClinicalBERT,d0judl,497,40,1106,to,to,False,emptiness,0.004578576092090872,0.004578576092090872,0.24809464812278748,0.6140236258506775,0.34,1,1,605,FP32-token-IDs
ClinicalBERT,d0judl,497,40,1106,to,to,False,hopelessness,0.00013625911540455287,0.00013625911540455287,0.4362408518791199,0.9561159014701843,0.34,1,1,605,FP32-token-IDs
ClinicalBERT,d0judl,497,40,1106,to,to,False,loneliness,0.008073667053961092,0.008073667053961092,0.2951934039592743,0.806180477142334,0.34,1,1,605,FP32-token-IDs
ClinicalBERT,d0judl,497,40,1106,to,to,False,sadness,0.0037823573789662786,0.0037823573789662786,0.41675707697868347,0.9700830578804016,0.34,1,1,605,FP32-token-IDs
ClinicalBERT,d0judl,497,40,1106,to,to,False,suicide intent,0.00019579866073197788,0.00019579866073197788,0.18940040469169617,0.026107339188456535,0.34,0,0,605,FP32-token-IDs
ClinicalBERT,d0judl,497,40,1106,to,to,False,worthlessness,-0.003926175584395727,0.003926175584395727,0.37746235728263855,0.7499178647994995,0.34,1,1,605,FP32-token-IDs
ClinicalBERT,d0judl,497,41,5953,lunch,lunch,False,anger,-0.003684837619463603,0.003684837619463603,0.3762655258178711,0.2548178732395172,0.34,1,0,605,FP32-token-IDs
ClinicalBERT,d0judl,497,41,5953,lunch,lunch,False,brain dysfunction (forget),-0.0021577066845364042,0.0021577066845364042,0.28944262862205505,0.10743621736764908,0.34,0,0,605,FP32-token-IDs
ClinicalBERT,d0judl,497,41,5953,lunch,lunch,False,emptiness,0.004578576092090872,0.004578576092090872,0.24809464812278748,0.6140236258506775,0.34,1,1,605,FP32-token-IDs
ClinicalBERT,d0judl,497,41,5953,lunch,lunch,False,hopelessness,0.00013625911540455287,0.00013625911540455287,0.4362408518791199,0.9561159014701843,0.34,1,1,605,FP32-token-IDs
ClinicalBERT,d0judl,497,41,5953,lunch,lunch,False,loneliness,0.008073667053961092,0.008073667053961092,0.2951934039592743,0.806180477142334,0.34,1,1,605,FP32-token-IDs
ClinicalBERT,d0judl,497,41,5953,lunch,lunch,False,sadness,0.0037823573789662786,0.0037823573789662786,0.41675707697868347,0.9700830578804016,0.34,1,1,605,FP32-token-IDs
ClinicalBERT,d0judl,497,41,5953,lunch,lunch,False,suicide intent,0.00019579866073197788,0.00019579866073197788,0.18940040469169617,0.026107339188456535,0.34,0,0,605,FP32-token-IDs
ClinicalBERT,d0judl,497,41,5953,lunch,lunch,False,worthlessness,-0.003926175584395727,0.003926175584395727,0.37746235728263855,0.7499178647994995,0.34,1,1,605,FP32-token-IDs
ClinicalBERT,d0judl,497,42,119,.,.,False,anger,-0.003684837619463603,0.003684837619463603,0.3762655258178711,0.2548178732395172,0.34,1,0,605,FP32-token-IDs
ClinicalBERT,d0judl,497,42,119,.,.,False,brain dysfunction (forget),-0.0021577066845364042,0.0021577066845364042,0.28944262862205505,0.10743621736764908,0.34,0,0,605,FP32-token-IDs
ClinicalBERT,d0judl,497,42,119,.,.,False,emptiness,0.004578576092090872,0.004578576092090872,0.24809464812278748,0.6140236258506775,0.34,1,1,605,FP32-token-IDs
ClinicalBERT,d0judl,497,42,119,.,.,False,hopelessness,0.00013625911540455287,0.00013625911540455287,0.4362408518791199,0.9561159014701843,0.34,1,1,605,FP32-token-IDs
ClinicalBERT,d0judl,497,42,119,.,.,False,loneliness,0.008073667053961092,0.008073667053961092,0.2951934039592743,0.806180477142334,0.34,1,1,605,FP32-token-IDs
ClinicalBERT,d0judl,497,42,119,.,.,False,sadness,0.0037823573789662786,0.0037823573789662786,0.41675707697868347,0.9700830578804016,0.34,1,1,605,FP32-token-IDs
ClinicalBERT,d0judl,497,42,119,.,.,False,suicide intent,0.00019579866073197788,0.00019579866073197788,0.18940040469169617,0.026107339188456535,0.34,0,0,605,FP32-token-IDs
ClinicalBERT,d0judl,497,42,119,.,.,False,worthlessness,-0.003926175584395727,0.003926175584395727,0.37746235728263855,0.7499178647994995,0.34,1,1,605,FP32-token-IDs
ClinicalBERT,d0judl,497,43,178,i,i,False,anger,0.00212481544048597,0.00212481544048597,0.3762655258178711,0.2548178732395172,0.34,1,0,605,FP32-token-IDs
ClinicalBERT,d0judl,497,43,178,i,i,False,brain dysfunction (forget),0.010268231571759455,0.010268231571759455,0.28944262862205505,0.10743621736764908,0.34,0,0,605,FP32-token-IDs
ClinicalBERT,d0judl,497,43,178,i,i,False,emptiness,0.021561686168962087,0.021561686168962087,0.24809464812278748,0.6140236258506775,0.34,1,1,605,FP32-token-IDs
ClinicalBERT,d0judl,497,43,178,i,i,False,hopelessness,0.009717406937852502,0.009717406937852502,0.4362408518791199,0.9561159014701843,0.34,1,1,605,FP32-token-IDs
ClinicalBERT,d0judl,497,43,178,i,i,False,loneliness,0.012687201810946975,0.012687201810946975,0.2951934039592743,0.806180477142334,0.34,1,1,605,FP32-token-IDs
ClinicalBERT,d0judl,497,43,178,i,i,False,sadness,0.004163504622948284,0.004163504622948284,0.41675707697868347,0.9700830578804016,0.34,1,1,605,FP32-token-IDs
ClinicalBERT,d0judl,497,43,178,i,i,False,suicide intent,0.0003832978887098412,0.0003832978887098412,0.18940040469169617,0.026107339188456535,0.34,0,0,605,FP32-token-IDs
ClinicalBERT,d0judl,497,43,178,i,i,False,worthlessness,0.020057996726021744,0.020057996726021744,0.37746235728263855,0.7499178647994995,0.34,1,1,605,FP32-token-IDs
ClinicalBERT,d0judl,497,44,1631,feel,feel,False,anger,0.00212481544048597,0.00212481544048597,0.3762655258178711,0.2548178732395172,0.34,1,0,605,FP32-token-IDs
ClinicalBERT,d0judl,497,44,1631,feel,feel,False,brain dysfunction (forget),0.010268231571759455,0.010268231571759455,0.28944262862205505,0.10743621736764908,0.34,0,0,605,FP32-token-IDs
ClinicalBERT,d0judl,497,44,1631,feel,feel,False,emptiness,0.021561686168962087,0.021561686168962087,0.24809464812278748,0.6140236258506775,0.34,1,1,605,FP32-token-IDs
ClinicalBERT,d0judl,497,44,1631,feel,feel,False,hopelessness,0.009717406937852502,0.009717406937852502,0.4362408518791199,0.9561159014701843,0.34,1,1,605,FP32-token-IDs
ClinicalBERT,d0judl,497,44,1631,feel,feel,False,loneliness,0.012687201810946975,0.012687201810946975,0.2951934039592743,0.806180477142334,0.34,1,1,605,FP32-token-IDs
ClinicalBERT,d0judl,497,44,1631,feel,feel,False,sadness,0.004163504622948284,0.004163504622948284,0.41675707697868347,0.9700830578804016,0.34,1,1,605,FP32-token-IDs
ClinicalBERT,d0judl,497,44,1631,feel,feel,False,suicide intent,0.0003832978887098412,0.0003832978887098412,0.18940040469169617,0.026107339188456535,0.34,0,0,605,FP32-token-IDs
ClinicalBERT,d0judl,497,44,1631,feel,feel,False,worthlessness,0.020057996726021744,0.020057996726021744,0.37746235728263855,0.7499178647994995,0.34,1,1,605,FP32-token-IDs
ClinicalBERT,d0judl,497,45,14908,dumb,dumb,False,anger,0.00212481544048597,0.00212481544048597,0.3762655258178711,0.2548178732395172,0.34,1,0,605,FP32-token-IDs
ClinicalBERT,d0judl,497,45,14908,dumb,dumb,False,brain dysfunction (forget),0.010268231571759455,0.010268231571759455,0.28944262862205505,0.10743621736764908,0.34,0,0,605,FP32-token-IDs
ClinicalBERT,d0judl,497,45,14908,dumb,dumb,False,emptiness,0.021561686168962087,0.021561686168962087,0.24809464812278748,0.6140236258506775,0.34,1,1,605,FP32-token-IDs
ClinicalBERT,d0judl,497,45,14908,dumb,dumb,False,hopelessness,0.009717406937852502,0.009717406937852502,0.4362408518791199,0.9561159014701843,0.34,1,1,605,FP32-token-IDs
ClinicalBERT,d0judl,497,45,14908,dumb,dumb,False,loneliness,0.012687201810946975,0.012687201810946975,0.2951934039592743,0.806180477142334,0.34,1,1,605,FP32-token-IDs
ClinicalBERT,d0judl,497,45,14908,dumb,dumb,False,sadness,0.004163504622948284,0.004163504622948284,0.41675707697868347,0.9700830578804016,0.34,1,1,605,FP32-token-IDs
ClinicalBERT,d0judl,497,45,14908,dumb,dumb,False,suicide intent,0.0003832978887098412,0.0003832978887098412,0.18940040469169617,0.026107339188456535,0.34,0,0,605,FP32-token-IDs
ClinicalBERT,d0judl,497,45,14908,dumb,dumb,False,worthlessness,0.020057996726021744,0.020057996726021744,0.37746235728263855,0.7499178647994995,0.34,1,1,605,FP32-token-IDs
ClinicalBERT,d0judl,497,46,120,/,/,False,anger,0.00212481544048597,0.00212481544048597,0.3762655258178711,0.2548178732395172,0.34,1,0,605,FP32-token-IDs
ClinicalBERT,d0judl,497,46,120,/,/,False,brain dysfunction (forget),0.010268231571759455,0.010268231571759455,0.28944262862205505,0.10743621736764908,0.34,0,0,605,FP32-token-IDs
ClinicalBERT,d0judl,497,46,120,/,/,False,emptiness,0.021561686168962087,0.021561686168962087,0.24809464812278748,0.6140236258506775,0.34,1,1,605,FP32-token-IDs
ClinicalBERT,d0judl,497,46,120,/,/,False,hopelessness,0.009717406937852502,0.009717406937852502,0.4362408518791199,0.9561159014701843,0.34,1,1,605,FP32-token-IDs
ClinicalBERT,d0judl,497,46,120,/,/,False,loneliness,0.012687201810946975,0.012687201810946975,0.2951934039592743,0.806180477142334,0.34,1,1,605,FP32-token-IDs
ClinicalBERT,d0judl,497,46,120,/,/,False,sadness,0.004163504622948284,0.004163504622948284,0.41675707697868347,0.9700830578804016,0.34,1,1,605,FP32-token-IDs
ClinicalBERT,d0judl,497,46,120,/,/,False,suicide intent,0.0003832978887098412,0.0003832978887098412,0.18940040469169617,0.026107339188456535,0.34,0,0,605,FP32-token-IDs
ClinicalBERT,d0judl,497,46,120,/,/,False,worthlessness,0.020057996726021744,0.020057996726021744,0.37746235728263855,0.7499178647994995,0.34,1,1,605,FP32-token-IDs
ClinicalBERT,d0judl,497,47,8362,un,un,False,anger,0.0022896639599751393,0.0022896639599751393,0.3762655258178711,0.2548178732395172,0.34,1,0,605,FP32-token-IDs
ClinicalBERT,d0judl,497,47,8362,un,un,False,brain dysfunction (forget),0.006457628953145244,0.006457628953145244,0.28944262862205505,0.10743621736764908,0.34,0,0,605,FP32-token-IDs
ClinicalBERT,d0judl,497,47,8362,un,un,False,emptiness,0.010705353213080134,0.010705353213080134,0.24809464812278748,0.6140236258506775,0.34,1,1,605,FP32-token-IDs
ClinicalBERT,d0judl,497,47,8362,un,un,False,hopelessness,0.008529084967449307,0.008529084967449307,0.4362408518791199,0.9561159014701843,0.34,1,1,605,FP32-token-IDs
ClinicalBERT,d0judl,497,47,8362,un,un,False,loneliness,0.00716694999853364,0.00716694999853364,0.2951934039592743,0.806180477142334,0.34,1,1,605,FP32-token-IDs
ClinicalBERT,d0judl,497,47,8362,un,un,False,sadness,0.003405030395907278,0.003405030395907278,0.41675707697868347,0.9700830578804016,0.34,1,1,605,FP32-token-IDs
ClinicalBERT,d0judl,497,47,8362,un,un,False,suicide intent,-0.0010578763126082216,0.0010578763126082216,0.18940040469169617,0.026107339188456535,0.34,0,0,605,FP32-token-IDs
ClinicalBERT,d0judl,497,47,8362,un,un,False,worthlessness,0.014634688841537215,0.014634688841537215,0.37746235728263855,0.7499178647994995,0.34,1,1,605,FP32-token-IDs
ClinicalBERT,d0judl,497,48,14867,##gra,gra,False,anger,0.0022896639599751393,0.0022896639599751393,0.3762655258178711,0.2548178732395172,0.34,1,0,605,FP32-token-IDs
ClinicalBERT,d0judl,497,48,14867,##gra,gra,False,brain dysfunction (forget),0.006457628953145244,0.006457628953145244,0.28944262862205505,0.10743621736764908,0.34,0,0,605,FP32-token-IDs
ClinicalBERT,d0judl,497,48,14867,##gra,gra,False,emptiness,0.010705353213080134,0.010705353213080134,0.24809464812278748,0.6140236258506775,0.34,1,1,605,FP32-token-IDs
ClinicalBERT,d0judl,497,48,14867,##gra,gra,False,hopelessness,0.008529084967449307,0.008529084967449307,0.4362408518791199,0.9561159014701843,0.34,1,1,605,FP32-token-IDs
ClinicalBERT,d0judl,497,48,14867,##gra,gra,False,loneliness,0.00716694999853364,0.00716694999853364,0.2951934039592743,0.806180477142334,0.34,1,1,605,FP32-token-IDs
ClinicalBERT,d0judl,497,48,14867,##gra,gra,False,sadness,0.003405030395907278,0.003405030395907278,0.41675707697868347,0.9700830578804016,0.34,1,1,605,FP32-token-IDs
ClinicalBERT,d0judl,497,48,14867,##gra,gra,False,suicide intent,-0.0010578763126082216,0.0010578763126082216,0.18940040469169617,0.026107339188456535,0.34,0,0,605,FP32-token-IDs
ClinicalBERT,d0judl,497,48,14867,##gra,gra,False,worthlessness,0.014634688841537215,0.014634688841537215,0.37746235728263855,0.7499178647994995,0.34,1,1,605,FP32-token-IDs
ClinicalBERT,d0judl,497,49,1566,##te,te,False,anger,0.0022896639599751393,0.0022896639599751393,0.3762655258178711,0.2548178732395172,0.34,1,0,605,FP32-token-IDs
ClinicalBERT,d0judl,497,49,1566,##te,te,False,brain dysfunction (forget),0.006457628953145244,0.006457628953145244,0.28944262862205505,0.10743621736764908,0.34,0,0,605,FP32-token-IDs
ClinicalBERT,d0judl,497,49,1566,##te,te,False,emptiness,0.010705353213080134,0.010705353213080134,0.24809464812278748,0.6140236258506775,0.34,1,1,605,FP32-token-IDs
ClinicalBERT,d0judl,497,49,1566,##te,te,False,hopelessness,0.008529084967449307,0.008529084967449307,0.4362408518791199,0.9561159014701843,0.34,1,1,605,FP32-token-IDs
ClinicalBERT,d0judl,497,49,1566,##te,te,False,loneliness,0.00716694999853364,0.00716694999853364,0.2951934039592743,0.806180477142334,0.34,1,1,605,FP32-token-IDs
ClinicalBERT,d0judl,497,49,1566,##te,te,False,sadness,0.003405030395907278,0.003405030395907278,0.41675707697868347,0.9700830578804016,0.34,1,1,605,FP32-token-IDs
ClinicalBERT,d0judl,497,49,1566,##te,te,False,suicide intent,-0.0010578763126082216,0.0010578763126082216,0.18940040469169617,0.026107339188456535,0.34,0,0,605,FP32-token-IDs
ClinicalBERT,d0judl,497,49,1566,##te,te,False,worthlessness,0.014634688841537215,0.014634688841537215,0.37746235728263855,0.7499178647994995,0.34,1,1,605,FP32-token-IDs
ClinicalBERT,d0judl,497,50,2365,##ful,ful,False,anger,0.0022896639599751393,0.0022896639599751393,0.3762655258178711,0.2548178732395172,0.34,1,0,605,FP32-token-IDs
ClinicalBERT,d0judl,497,50,2365,##ful,ful,False,brain dysfunction (forget),0.006457628953145244,0.006457628953145244,0.28944262862205505,0.10743621736764908,0.34,0,0,605,FP32-token-IDs
ClinicalBERT,d0judl,497,50,2365,##ful,ful,False,emptiness,0.010705353213080134,0.010705353213080134,0.24809464812278748,0.6140236258506775,0.34,1,1,605,FP32-token-IDs
ClinicalBERT,d0judl,497,50,2365,##ful,ful,False,hopelessness,0.008529084967449307,0.008529084967449307,0.4362408518791199,0.9561159014701843,0.34,1,1,605,FP32-token-IDs
ClinicalBERT,d0judl,497,50,2365,##ful,ful,False,loneliness,0.00716694999853364,0.00716694999853364,0.2951934039592743,0.806180477142334,0.34,1,1,605,FP32-token-IDs
ClinicalBERT,d0judl,497,50,2365,##ful,ful,False,sadness,0.003405030395907278,0.003405030395907278,0.41675707697868347,0.9700830578804016,0.34,1,1,605,FP32-token-IDs
ClinicalBERT,d0judl,497,50,2365,##ful,ful,False,suicide intent,-0.0010578763126082216,0.0010578763126082216,0.18940040469169617,0.026107339188456535,0.34,0,0,605,FP32-token-IDs
ClinicalBERT,d0judl,497,50,2365,##ful,ful,False,worthlessness,0.014634688841537215,0.014634688841537215,0.37746235728263855,0.7499178647994995,0.34,1,1,605,FP32-token-IDs
ClinicalBERT,d0judl,497,51,1111,for,for,False,anger,-0.01081837928459908,0.01081837928459908,0.3762655258178711,0.2548178732395172,0.34,1,0,605,FP32-token-IDs
ClinicalBERT,d0judl,497,51,1111,for,for,False,brain dysfunction (forget),-0.0017528329944560446,0.0017528329944560446,0.28944262862205505,0.10743621736764908,0.34,0,0,605,FP32-token-IDs
ClinicalBERT,d0judl,497,51,1111,for,for,False,emptiness,-0.0006540436315565155,0.0006540436315565155,0.24809464812278748,0.6140236258506775,0.34,1,1,605,FP32-token-IDs
ClinicalBERT,d0judl,497,51,1111,for,for,False,hopelessness,0.000593699561432004,0.000593699561432004,0.4362408518791199,0.9561159014701843,0.34,1,1,605,FP32-token-IDs
ClinicalBERT,d0judl,497,51,1111,for,for,False,loneliness,-0.00034473477146373347,0.00034473477146373347,0.2951934039592743,0.806180477142334,0.34,1,1,605,FP32-token-IDs
ClinicalBERT,d0judl,497,51,1111,for,for,False,sadness,0.0027850775728718593,0.0027850775728718593,0.41675707697868347,0.9700830578804016,0.34,1,1,605,FP32-token-IDs
ClinicalBERT,d0judl,497,51,1111,for,for,False,suicide intent,-0.004021785304268213,0.004021785304268213,0.18940040469169617,0.026107339188456535,0.34,0,0,605,FP32-token-IDs
ClinicalBERT,d0judl,497,51,1111,for,for,False,worthlessness,-0.003491189735583388,0.003491189735583388,0.37746235728263855,0.7499178647994995,0.34,1,1,605,FP32-token-IDs
ClinicalBERT,d0judl,497,52,2296,feeling,feeling,False,anger,-0.01081837928459908,0.01081837928459908,0.3762655258178711,0.2548178732395172,0.34,1,0,605,FP32-token-IDs
ClinicalBERT,d0judl,497,52,2296,feeling,feeling,False,brain dysfunction (forget),-0.0017528329944560446,0.0017528329944560446,0.28944262862205505,0.10743621736764908,0.34,0,0,605,FP32-token-IDs
ClinicalBERT,d0judl,497,52,2296,feeling,feeling,False,emptiness,-0.0006540436315565155,0.0006540436315565155,0.24809464812278748,0.6140236258506775,0.34,1,1,605,FP32-token-IDs
ClinicalBERT,d0judl,497,52,2296,feeling,feeling,False,hopelessness,0.000593699561432004,0.000593699561432004,0.4362408518791199,0.9561159014701843,0.34,1,1,605,FP32-token-IDs
ClinicalBERT,d0judl,497,52,2296,feeling,feeling,False,loneliness,-0.00034473477146373347,0.00034473477146373347,0.2951934039592743,0.806180477142334,0.34,1,1,605,FP32-token-IDs
ClinicalBERT,d0judl,497,52,2296,feeling,feeling,False,sadness,0.0027850775728718593,0.0027850775728718593,0.41675707697868347,0.9700830578804016,0.34,1,1,605,FP32-token-IDs
ClinicalBERT,d0judl,497,52,2296,feeling,feeling,False,suicide intent,-0.004021785304268213,0.004021785304268213,0.18940040469169617,0.026107339188456535,0.34,0,0,605,FP32-token-IDs
ClinicalBERT,d0judl,497,52,2296,feeling,feeling,False,worthlessness,-0.003491189735583388,0.003491189735583388,0.37746235728263855,0.7499178647994995,0.34,1,1,605,FP32-token-IDs
ClinicalBERT,d0judl,497,53,1142,this,this,False,anger,-0.01081837928459908,0.01081837928459908,0.3762655258178711,0.2548178732395172,0.34,1,0,605,FP32-token-IDs
ClinicalBERT,d0judl,497,53,1142,this,this,False,brain dysfunction (forget),-0.0017528329944560446,0.0017528329944560446,0.28944262862205505,0.10743621736764908,0.34,0,0,605,FP32-token-IDs
ClinicalBERT,d0judl,497,53,1142,this,this,False,emptiness,-0.0006540436315565155,0.0006540436315565155,0.24809464812278748,0.6140236258506775,0.34,1,1,605,FP32-token-IDs
ClinicalBERT,d0judl,497,53,1142,this,this,False,hopelessness,0.000593699561432004,0.000593699561432004,0.4362408518791199,0.9561159014701843,0.34,1,1,605,FP32-token-IDs
ClinicalBERT,d0judl,497,53,1142,this,this,False,loneliness,-0.00034473477146373347,0.00034473477146373347,0.2951934039592743,0.806180477142334,0.34,1,1,605,FP32-token-IDs
ClinicalBERT,d0judl,497,53,1142,this,this,False,sadness,0.0027850775728718593,0.0027850775728718593,0.41675707697868347,0.9700830578804016,0.34,1,1,605,FP32-token-IDs
ClinicalBERT,d0judl,497,53,1142,this,this,False,suicide intent,-0.004021785304268213,0.004021785304268213,0.18940040469169617,0.026107339188456535,0.34,0,0,605,FP32-token-IDs
ClinicalBERT,d0judl,497,53,1142,this,this,False,worthlessness,-0.003491189735583388,0.003491189735583388,0.37746235728263855,0.7499178647994995,0.34,1,1,605,FP32-token-IDs
ClinicalBERT,d0judl,497,54,1236,way,way,False,anger,-0.01081837928459908,0.01081837928459908,0.3762655258178711,0.2548178732395172,0.34,1,0,605,FP32-token-IDs
ClinicalBERT,d0judl,497,54,1236,way,way,False,brain dysfunction (forget),-0.0017528329944560446,0.0017528329944560446,0.28944262862205505,0.10743621736764908,0.34,0,0,605,FP32-token-IDs
ClinicalBERT,d0judl,497,54,1236,way,way,False,emptiness,-0.0006540436315565155,0.0006540436315565155,0.24809464812278748,0.6140236258506775,0.34,1,1,605,FP32-token-IDs
ClinicalBERT,d0judl,497,54,1236,way,way,False,hopelessness,0.000593699561432004,0.000593699561432004,0.4362408518791199,0.9561159014701843,0.34,1,1,605,FP32-token-IDs
ClinicalBERT,d0judl,497,54,1236,way,way,False,loneliness,-0.00034473477146373347,0.00034473477146373347,0.2951934039592743,0.806180477142334,0.34,1,1,605,FP32-token-IDs
ClinicalBERT,d0judl,497,54,1236,way,way,False,sadness,0.0027850775728718593,0.0027850775728718593,0.41675707697868347,0.9700830578804016,0.34,1,1,605,FP32-token-IDs
ClinicalBERT,d0judl,497,54,1236,way,way,False,suicide intent,-0.004021785304268213,0.004021785304268213,0.18940040469169617,0.026107339188456535,0.34,0,0,605,FP32-token-IDs
ClinicalBERT,d0judl,497,54,1236,way,way,False,worthlessness,-0.003491189735583388,0.003491189735583388,0.37746235728263855,0.7499178647994995,0.34,1,1,605,FP32-token-IDs
ClinicalBERT,d0judl,497,55,117,",",",",False,anger,-0.009504772192583635,0.009504772192583635,0.3762655258178711,0.2548178732395172,0.34,1,0,605,FP32-token-IDs
ClinicalBERT,d0judl,497,55,117,",",",",False,brain dysfunction (forget),-0.001861515283011473,0.001861515283011473,0.28944262862205505,0.10743621736764908,0.34,0,0,605,FP32-token-IDs
ClinicalBERT,d0judl,497,55,117,",",",",False,emptiness,0.00010916974682074327,0.00010916974682074327,0.24809464812278748,0.6140236258506775,0.34,1,1,605,FP32-token-IDs
ClinicalBERT,d0judl,497,55,117,",",",",False,hopelessness,0.0012455375865101815,0.0012455375865101815,0.4362408518791199,0.9561159014701843,0.34,1,1,605,FP32-token-IDs
ClinicalBERT,d0judl,497,55,117,",",",",False,loneliness,0.000535730139997143,0.000535730139997143,0.2951934039592743,0.806180477142334,0.34,1,1,605,FP32-token-IDs
ClinicalBERT,d0judl,497,55,117,",",",",False,sadness,0.0029437602712557866,0.0029437602712557866,0.41675707697868347,0.9700830578804016,0.34,1,1,605,FP32-token-IDs
ClinicalBERT,d0judl,497,55,117,",",",",False,suicide intent,-0.004024738331701463,0.004024738331701463,0.18940040469169617,0.026107339188456535,0.34,0,0,605,FP32-token-IDs
ClinicalBERT,d0judl,497,55,117,",",",",False,worthlessness,-0.0019764827421078317,0.0019764827421078317,0.37746235728263855,0.7499178647994995,0.34,1,1,605,FP32-token-IDs
ClinicalBERT,d0judl,497,56,1133,but,but,False,anger,-0.0017268730371835686,0.0017268730371835686,0.3762655258178711,0.2548178732395172,0.34,1,0,605,FP32-token-IDs
ClinicalBERT,d0judl,497,56,1133,but,but,False,brain dysfunction (forget),-0.0049892923757729555,0.0049892923757729555,0.28944262862205505,0.10743621736764908,0.34,0,0,605,FP32-token-IDs
ClinicalBERT,d0judl,497,56,1133,but,but,False,emptiness,-0.007382679001856891,0.007382679001856891,0.24809464812278748,0.6140236258506775,0.34,1,1,605,FP32-token-IDs
ClinicalBERT,d0judl,497,56,1133,but,but,False,hopelessness,0.0011713745427273567,0.0011713745427273567,0.4362408518791199,0.9561159014701843,0.34,1,1,605,FP32-token-IDs
ClinicalBERT,d0judl,497,56,1133,but,but,False,loneliness,-0.006178041482492099,0.006178041482492099,0.2951934039592743,0.806180477142334,0.34,1,1,605,FP32-token-IDs
ClinicalBERT,d0judl,497,56,1133,but,but,False,sadness,0.002457310070121099,0.002457310070121099,0.41675707697868347,0.9700830578804016,0.34,1,1,605,FP32-token-IDs
ClinicalBERT,d0judl,497,56,1133,but,but,False,suicide intent,-0.0033275826892349867,0.0033275826892349867,0.18940040469169617,0.026107339188456535,0.34,0,0,605,FP32-token-IDs
ClinicalBERT,d0judl,497,56,1133,but,but,False,worthlessness,-0.0010898191481828689,0.0010898191481828689,0.37746235728263855,0.7499178647994995,0.34,1,1,605,FP32-token-IDs
ClinicalBERT,d0judl,497,57,1122,it,it,False,anger,-0.0017268730371835686,0.0017268730371835686,0.3762655258178711,0.2548178732395172,0.34,1,0,605,FP32-token-IDs
ClinicalBERT,d0judl,497,57,1122,it,it,False,brain dysfunction (forget),-0.0049892923757729555,0.0049892923757729555,0.28944262862205505,0.10743621736764908,0.34,0,0,605,FP32-token-IDs
ClinicalBERT,d0judl,497,57,1122,it,it,False,emptiness,-0.007382679001856891,0.007382679001856891,0.24809464812278748,0.6140236258506775,0.34,1,1,605,FP32-token-IDs
ClinicalBERT,d0judl,497,57,1122,it,it,False,hopelessness,0.0011713745427273567,0.0011713745427273567,0.4362408518791199,0.9561159014701843,0.34,1,1,605,FP32-token-IDs
ClinicalBERT,d0judl,497,57,1122,it,it,False,loneliness,-0.006178041482492099,0.006178041482492099,0.2951934039592743,0.806180477142334,0.34,1,1,605,FP32-token-IDs
ClinicalBERT,d0judl,497,57,1122,it,it,False,sadness,0.002457310070121099,0.002457310070121099,0.41675707697868347,0.9700830578804016,0.34,1,1,605,FP32-token-IDs
ClinicalBERT,d0judl,497,57,1122,it,it,False,suicide intent,-0.0033275826892349867,0.0033275826892349867,0.18940040469169617,0.026107339188456535,0.34,0,0,605,FP32-token-IDs
ClinicalBERT,d0judl,497,57,1122,it,it,False,worthlessness,-0.0010898191481828689,0.0010898191481828689,0.37746235728263855,0.7499178647994995,0.34,1,1,605,FP32-token-IDs
ClinicalBERT,d0judl,497,58,1579,always,always,False,anger,-0.0017268730371835686,0.0017268730371835686,0.3762655258178711,0.2548178732395172,0.34,1,0,605,FP32-token-IDs
ClinicalBERT,d0judl,497,58,1579,always,always,False,brain dysfunction (forget),-0.0049892923757729555,0.0049892923757729555,0.28944262862205505,0.10743621736764908,0.34,0,0,605,FP32-token-IDs
ClinicalBERT,d0judl,497,58,1579,always,always,False,emptiness,-0.007382679001856891,0.007382679001856891,0.24809464812278748,0.6140236258506775,0.34,1,1,605,FP32-token-IDs
ClinicalBERT,d0judl,497,58,1579,always,always,False,hopelessness,0.0011713745427273567,0.0011713745427273567,0.4362408518791199,0.9561159014701843,0.34,1,1,605,FP32-token-IDs
ClinicalBERT,d0judl,497,58,1579,always,always,False,loneliness,-0.006178041482492099,0.006178041482492099,0.2951934039592743,0.806180477142334,0.34,1,1,605,FP32-token-IDs
ClinicalBERT,d0judl,497,58,1579,always,always,False,sadness,0.002457310070121099,0.002457310070121099,0.41675707697868347,0.9700830578804016,0.34,1,1,605,FP32-token-IDs
ClinicalBERT,d0judl,497,58,1579,always,always,False,suicide intent,-0.0033275826892349867,0.0033275826892349867,0.18940040469169617,0.026107339188456535,0.34,0,0,605,FP32-token-IDs
ClinicalBERT,d0judl,497,58,1579,always,always,False,worthlessness,-0.0010898191481828689,0.0010898191481828689,0.37746235728263855,0.7499178647994995,0.34,1,1,605,FP32-token-IDs
ClinicalBERT,d0judl,497,59,2228,makes,makes,False,anger,-0.0017268730371835686,0.0017268730371835686,0.3762655258178711,0.2548178732395172,0.34,1,0,605,FP32-token-IDs
ClinicalBERT,d0judl,497,59,2228,makes,makes,False,brain dysfunction (forget),-0.0049892923757729555,0.0049892923757729555,0.28944262862205505,0.10743621736764908,0.34,0,0,605,FP32-token-IDs
ClinicalBERT,d0judl,497,59,2228,makes,makes,False,emptiness,-0.007382679001856891,0.007382679001856891,0.24809464812278748,0.6140236258506775,0.34,1,1,605,FP32-token-IDs
ClinicalBERT,d0judl,497,59,2228,makes,makes,False,hopelessness,0.0011713745427273567,0.0011713745427273567,0.4362408518791199,0.9561159014701843,0.34,1,1,605,FP32-token-IDs
ClinicalBERT,d0judl,497,59,2228,makes,makes,False,loneliness,-0.006178041482492099,0.006178041482492099,0.2951934039592743,0.806180477142334,0.34,1,1,605,FP32-token-IDs
ClinicalBERT,d0judl,497,59,2228,makes,makes,False,sadness,0.002457310070121099,0.002457310070121099,0.41675707697868347,0.9700830578804016,0.34,1,1,605,FP32-token-IDs
ClinicalBERT,d0judl,497,59,2228,makes,makes,False,suicide intent,-0.0033275826892349867,0.0033275826892349867,0.18940040469169617,0.026107339188456535,0.34,0,0,605,FP32-token-IDs
ClinicalBERT,d0judl,497,59,2228,makes,makes,False,worthlessness,-0.0010898191481828689,0.0010898191481828689,0.37746235728263855,0.7499178647994995,0.34,1,1,605,FP32-token-IDs
ClinicalBERT,d0judl,497,60,1143,me,me,False,anger,-0.0017268730371835686,0.0017268730371835686,0.3762655258178711,0.2548178732395172,0.34,1,0,605,FP32-token-IDs
ClinicalBERT,d0judl,497,60,1143,me,me,False,brain dysfunction (forget),-0.0049892923757729555,0.0049892923757729555,0.28944262862205505,0.10743621736764908,0.34,0,0,605,FP32-token-IDs
ClinicalBERT,d0judl,497,60,1143,me,me,False,emptiness,-0.007382679001856891,0.007382679001856891,0.24809464812278748,0.6140236258506775,0.34,1,1,605,FP32-token-IDs
ClinicalBERT,d0judl,497,60,1143,me,me,False,hopelessness,0.0011713745427273567,0.0011713745427273567,0.4362408518791199,0.9561159014701843,0.34,1,1,605,FP32-token-IDs
ClinicalBERT,d0judl,497,60,1143,me,me,False,loneliness,-0.006178041482492099,0.006178041482492099,0.2951934039592743,0.806180477142334,0.34,1,1,605,FP32-token-IDs
ClinicalBERT,d0judl,497,60,1143,me,me,False,sadness,0.002457310070121099,0.002457310070121099,0.41675707697868347,0.9700830578804016,0.34,1,1,605,FP32-token-IDs
ClinicalBERT,d0judl,497,60,1143,me,me,False,suicide intent,-0.0033275826892349867,0.0033275826892349867,0.18940040469169617,0.026107339188456535,0.34,0,0,605,FP32-token-IDs
ClinicalBERT,d0judl,497,60,1143,me,me,False,worthlessness,-0.0010898191481828689,0.0010898191481828689,0.37746235728263855,0.7499178647994995,0.34,1,1,605,FP32-token-IDs
ClinicalBERT,d0judl,497,61,8504,uncomfortable,uncomfortable,False,anger,-0.0019628122958931186,0.0019628122958931186,0.3762655258178711,0.2548178732395172,0.34,1,0,605,FP32-token-IDs
ClinicalBERT,d0judl,497,61,8504,uncomfortable,uncomfortable,False,brain dysfunction (forget),-0.004111149111792209,0.004111149111792209,0.28944262862205505,0.10743621736764908,0.34,0,0,605,FP32-token-IDs
ClinicalBERT,d0judl,497,61,8504,uncomfortable,uncomfortable,False,emptiness,-0.005373816534374205,0.005373816534374205,0.24809464812278748,0.6140236258506775,0.34,1,1,605,FP32-token-IDs
ClinicalBERT,d0judl,497,61,8504,uncomfortable,uncomfortable,False,hopelessness,0.001427882805555349,0.001427882805555349,0.4362408518791199,0.9561159014701843,0.34,1,1,605,FP32-token-IDs
ClinicalBERT,d0judl,497,61,8504,uncomfortable,uncomfortable,False,loneliness,-0.005025450587420473,0.005025450587420473,0.2951934039592743,0.806180477142334,0.34,1,1,605,FP32-token-IDs
ClinicalBERT,d0judl,497,61,8504,uncomfortable,uncomfortable,False,sadness,0.002684689962142517,0.002684689962142517,0.41675707697868347,0.9700830578804016,0.34,1,1,605,FP32-token-IDs
ClinicalBERT,d0judl,497,61,8504,uncomfortable,uncomfortable,False,suicide intent,-0.0030021144848433323,0.0030021144848433323,0.18940040469169617,0.026107339188456535,0.34,0,0,605,FP32-token-IDs
ClinicalBERT,d0judl,497,61,8504,uncomfortable,uncomfortable,False,worthlessness,-8.176174014806747e-05,8.176174014806747e-05,0.37746235728263855,0.7499178647994995,0.34,1,1,605,FP32-token-IDs
ClinicalBERT,d0judl,497,62,1165,when,when,False,anger,-0.0019628122958931186,0.0019628122958931186,0.3762655258178711,0.2548178732395172,0.34,1,0,605,FP32-token-IDs
ClinicalBERT,d0judl,497,62,1165,when,when,False,brain dysfunction (forget),-0.004111149111792209,0.004111149111792209,0.28944262862205505,0.10743621736764908,0.34,0,0,605,FP32-token-IDs
ClinicalBERT,d0judl,497,62,1165,when,when,False,emptiness,-0.005373816534374205,0.005373816534374205,0.24809464812278748,0.6140236258506775,0.34,1,1,605,FP32-token-IDs
ClinicalBERT,d0judl,497,62,1165,when,when,False,hopelessness,0.001427882805555349,0.001427882805555349,0.4362408518791199,0.9561159014701843,0.34,1,1,605,FP32-token-IDs
ClinicalBERT,d0judl,497,62,1165,when,when,False,loneliness,-0.005025450587420473,0.005025450587420473,0.2951934039592743,0.806180477142334,0.34,1,1,605,FP32-token-IDs
ClinicalBERT,d0judl,497,62,1165,when,when,False,sadness,0.002684689962142517,0.002684689962142517,0.41675707697868347,0.9700830578804016,0.34,1,1,605,FP32-token-IDs
ClinicalBERT,d0judl,497,62,1165,when,when,False,suicide intent,-0.0030021144848433323,0.0030021144848433323,0.18940040469169617,0.026107339188456535,0.34,0,0,605,FP32-token-IDs
ClinicalBERT,d0judl,497,62,1165,when,when,False,worthlessness,-8.176174014806747e-05,8.176174014806747e-05,0.37746235728263855,0.7499178647994995,0.34,1,1,605,FP32-token-IDs
ClinicalBERT,d0judl,497,63,1234,people,people,False,anger,-0.0019628122958931186,0.0019628122958931186,0.3762655258178711,0.2548178732395172,0.34,1,0,605,FP32-token-IDs
ClinicalBERT,d0judl,497,63,1234,people,people,False,brain dysfunction (forget),-0.004111149111792209,0.004111149111792209,0.28944262862205505,0.10743621736764908,0.34,0,0,605,FP32-token-IDs
ClinicalBERT,d0judl,497,63,1234,people,people,False,emptiness,-0.005373816534374205,0.005373816534374205,0.24809464812278748,0.6140236258506775,0.34,1,1,605,FP32-token-IDs
ClinicalBERT,d0judl,497,63,1234,people,people,False,hopelessness,0.001427882805555349,0.001427882805555349,0.4362408518791199,0.9561159014701843,0.34,1,1,605,FP32-token-IDs
ClinicalBERT,d0judl,497,63,1234,people,people,False,loneliness,-0.005025450587420473,0.005025450587420473,0.2951934039592743,0.806180477142334,0.34,1,1,605,FP32-token-IDs
ClinicalBERT,d0judl,497,63,1234,people,people,False,sadness,0.002684689962142517,0.002684689962142517,0.41675707697868347,0.9700830578804016,0.34,1,1,605,FP32-token-IDs
ClinicalBERT,d0judl,497,63,1234,people,people,False,suicide intent,-0.0030021144848433323,0.0030021144848433323,0.18940040469169617,0.026107339188456535,0.34,0,0,605,FP32-token-IDs
ClinicalBERT,d0judl,497,63,1234,people,people,False,worthlessness,-8.176174014806747e-05,8.176174014806747e-05,0.37746235728263855,0.7499178647994995,0.34,1,1,605,FP32-token-IDs
ClinicalBERT,d0judl,497,64,1202,do,do,False,anger,-0.0019628122958931186,0.0019628122958931186,0.3762655258178711,0.2548178732395172,0.34,1,0,605,FP32-token-IDs
ClinicalBERT,d0judl,497,64,1202,do,do,False,brain dysfunction (forget),-0.004111149111792209,0.004111149111792209,0.28944262862205505,0.10743621736764908,0.34,0,0,605,FP32-token-IDs
ClinicalBERT,d0judl,497,64,1202,do,do,False,emptiness,-0.005373816534374205,0.005373816534374205,0.24809464812278748,0.6140236258506775,0.34,1,1,605,FP32-token-IDs
ClinicalBERT,d0judl,497,64,1202,do,do,False,hopelessness,0.001427882805555349,0.001427882805555349,0.4362408518791199,0.9561159014701843,0.34,1,1,605,FP32-token-IDs
ClinicalBERT,d0judl,497,64,1202,do,do,False,loneliness,-0.005025450587420473,0.005025450587420473,0.2951934039592743,0.806180477142334,0.34,1,1,605,FP32-token-IDs
ClinicalBERT,d0judl,497,64,1202,do,do,False,sadness,0.002684689962142517,0.002684689962142517,0.41675707697868347,0.9700830578804016,0.34,1,1,605,FP32-token-IDs
ClinicalBERT,d0judl,497,64,1202,do,do,False,suicide intent,-0.0030021144848433323,0.0030021144848433323,0.18940040469169617,0.026107339188456535,0.34,0,0,605,FP32-token-IDs
ClinicalBERT,d0judl,497,64,1202,do,do,False,worthlessness,-8.176174014806747e-05,8.176174014806747e-05,0.37746235728263855,0.7499178647994995,0.34,1,1,605,FP32-token-IDs
ClinicalBERT,d0judl,497,65,3505,nice,nice,False,anger,-0.004383089087371316,0.004383089087371316,0.3762655258178711,0.2548178732395172,0.34,1,0,605,FP32-token-IDs
ClinicalBERT,d0judl,497,65,3505,nice,nice,False,brain dysfunction (forget),-0.0034338389124189106,0.0034338389124189106,0.28944262862205505,0.10743621736764908,0.34,0,0,605,FP32-token-IDs
ClinicalBERT,d0judl,497,65,3505,nice,nice,False,emptiness,-0.002665376037891422,0.002665376037891422,0.24809464812278748,0.6140236258506775,0.34,1,1,605,FP32-token-IDs
ClinicalBERT,d0judl,497,65,3505,nice,nice,False,hopelessness,-0.0004994584513562066,0.0004994584513562066,0.4362408518791199,0.9561159014701843,0.34,1,1,605,FP32-token-IDs
ClinicalBERT,d0judl,497,65,3505,nice,nice,False,loneliness,-0.00018416427608047205,0.00018416427608047205,0.2951934039592743,0.806180477142334,0.34,1,1,605,FP32-token-IDs
ClinicalBERT,d0judl,497,65,3505,nice,nice,False,sadness,0.001193506909268243,0.001193506909268243,0.41675707697868347,0.9700830578804016,0.34,1,1,605,FP32-token-IDs
ClinicalBERT,d0judl,497,65,3505,nice,nice,False,suicide intent,-0.0033339785295538604,0.0033339785295538604,0.18940040469169617,0.026107339188456535,0.34,0,0,605,FP32-token-IDs
ClinicalBERT,d0judl,497,65,3505,nice,nice,False,worthlessness,-0.004429979249835014,0.004429979249835014,0.37746235728263855,0.7499178647994995,0.34,1,1,605,FP32-token-IDs
ClinicalBERT,d0judl,497,66,1614,things,things,False,anger,-0.004383089087371316,0.004383089087371316,0.3762655258178711,0.2548178732395172,0.34,1,0,605,FP32-token-IDs
ClinicalBERT,d0judl,497,66,1614,things,things,False,brain dysfunction (forget),-0.0034338389124189106,0.0034338389124189106,0.28944262862205505,0.10743621736764908,0.34,0,0,605,FP32-token-IDs
ClinicalBERT,d0judl,497,66,1614,things,things,False,emptiness,-0.002665376037891422,0.002665376037891422,0.24809464812278748,0.6140236258506775,0.34,1,1,605,FP32-token-IDs
ClinicalBERT,d0judl,497,66,1614,things,things,False,hopelessness,-0.0004994584513562066,0.0004994584513562066,0.4362408518791199,0.9561159014701843,0.34,1,1,605,FP32-token-IDs
ClinicalBERT,d0judl,497,66,1614,things,things,False,loneliness,-0.00018416427608047205,0.00018416427608047205,0.2951934039592743,0.806180477142334,0.34,1,1,605,FP32-token-IDs
ClinicalBERT,d0judl,497,66,1614,things,things,False,sadness,0.001193506909268243,0.001193506909268243,0.41675707697868347,0.9700830578804016,0.34,1,1,605,FP32-token-IDs
ClinicalBERT,d0judl,497,66,1614,things,things,False,suicide intent,-0.0033339785295538604,0.0033339785295538604,0.18940040469169617,0.026107339188456535,0.34,0,0,605,FP32-token-IDs
ClinicalBERT,d0judl,497,66,1614,things,things,False,worthlessness,-0.004429979249835014,0.004429979249835014,0.37746235728263855,0.7499178647994995,0.34,1,1,605,FP32-token-IDs
ClinicalBERT,d0judl,497,67,1111,for,for,False,anger,-0.004383089087371316,0.004383089087371316,0.3762655258178711,0.2548178732395172,0.34,1,0,605,FP32-token-IDs
ClinicalBERT,d0judl,497,67,1111,for,for,False,brain dysfunction (forget),-0.0034338389124189106,0.0034338389124189106,0.28944262862205505,0.10743621736764908,0.34,0,0,605,FP32-token-IDs
ClinicalBERT,d0judl,497,67,1111,for,for,False,emptiness,-0.002665376037891422,0.002665376037891422,0.24809464812278748,0.6140236258506775,0.34,1,1,605,FP32-token-IDs
ClinicalBERT,d0judl,497,67,1111,for,for,False,hopelessness,-0.0004994584513562066,0.0004994584513562066,0.4362408518791199,0.9561159014701843,0.34,1,1,605,FP32-token-IDs
ClinicalBERT,d0judl,497,67,1111,for,for,False,loneliness,-0.00018416427608047205,0.00018416427608047205,0.2951934039592743,0.806180477142334,0.34,1,1,605,FP32-token-IDs
ClinicalBERT,d0judl,497,67,1111,for,for,False,sadness,0.001193506909268243,0.001193506909268243,0.41675707697868347,0.9700830578804016,0.34,1,1,605,FP32-token-IDs
ClinicalBERT,d0judl,497,67,1111,for,for,False,suicide intent,-0.0033339785295538604,0.0033339785295538604,0.18940040469169617,0.026107339188456535,0.34,0,0,605,FP32-token-IDs
ClinicalBERT,d0judl,497,67,1111,for,for,False,worthlessness,-0.004429979249835014,0.004429979249835014,0.37746235728263855,0.7499178647994995,0.34,1,1,605,FP32-token-IDs
ClinicalBERT,d0judl,497,68,1143,me,me,False,anger,-0.004383089087371316,0.004383089087371316,0.3762655258178711,0.2548178732395172,0.34,1,0,605,FP32-token-IDs
ClinicalBERT,d0judl,497,68,1143,me,me,False,brain dysfunction (forget),-0.0034338389124189106,0.0034338389124189106,0.28944262862205505,0.10743621736764908,0.34,0,0,605,FP32-token-IDs
ClinicalBERT,d0judl,497,68,1143,me,me,False,emptiness,-0.002665376037891422,0.002665376037891422,0.24809464812278748,0.6140236258506775,0.34,1,1,605,FP32-token-IDs
ClinicalBERT,d0judl,497,68,1143,me,me,False,hopelessness,-0.0004994584513562066,0.0004994584513562066,0.4362408518791199,0.9561159014701843,0.34,1,1,605,FP32-token-IDs
ClinicalBERT,d0judl,497,68,1143,me,me,False,loneliness,-0.00018416427608047205,0.00018416427608047205,0.2951934039592743,0.806180477142334,0.34,1,1,605,FP32-token-IDs
ClinicalBERT,d0judl,497,68,1143,me,me,False,sadness,0.001193506909268243,0.001193506909268243,0.41675707697868347,0.9700830578804016,0.34,1,1,605,FP32-token-IDs
ClinicalBERT,d0judl,497,68,1143,me,me,False,suicide intent,-0.0033339785295538604,0.0033339785295538604,0.18940040469169617,0.026107339188456535,0.34,0,0,605,FP32-token-IDs
ClinicalBERT,d0judl,497,68,1143,me,me,False,worthlessness,-0.004429979249835014,0.004429979249835014,0.37746235728263855,0.7499178647994995,0.34,1,1,605,FP32-token-IDs
ClinicalBERT,d0judl,497,69,119,.,.,False,anger,-0.004383089087371316,0.004383089087371316,0.3762655258178711,0.2548178732395172,0.34,1,0,605,FP32-token-IDs
ClinicalBERT,d0judl,497,69,119,.,.,False,brain dysfunction (forget),-0.0034338389124189106,0.0034338389124189106,0.28944262862205505,0.10743621736764908,0.34,0,0,605,FP32-token-IDs
ClinicalBERT,d0judl,497,69,119,.,.,False,emptiness,-0.002665376037891422,0.002665376037891422,0.24809464812278748,0.6140236258506775,0.34,1,1,605,FP32-token-IDs
ClinicalBERT,d0judl,497,69,119,.,.,False,hopelessness,-0.0004994584513562066,0.0004994584513562066,0.4362408518791199,0.9561159014701843,0.34,1,1,605,FP32-token-IDs
ClinicalBERT,d0judl,497,69,119,.,.,False,loneliness,-0.00018416427608047205,0.00018416427608047205,0.2951934039592743,0.806180477142334,0.34,1,1,605,FP32-token-IDs
ClinicalBERT,d0judl,497,69,119,.,.,False,sadness,0.001193506909268243,0.001193506909268243,0.41675707697868347,0.9700830578804016,0.34,1,1,605,FP32-token-IDs
ClinicalBERT,d0judl,497,69,119,.,.,False,suicide intent,-0.0033339785295538604,0.0033339785295538604,0.18940040469169617,0.026107339188456535,0.34,0,0,605,FP32-token-IDs
ClinicalBERT,d0judl,497,69,119,.,.,False,worthlessness,-0.004429979249835014,0.004429979249835014,0.37746235728263855,0.7499178647994995,0.34,1,1,605,FP32-token-IDs
ClinicalBERT,d0judl,497,70,178,i,i,False,anger,0.0010128923588328892,0.0010128923588328892,0.3762655258178711,0.2548178732395172,0.34,1,0,605,FP32-token-IDs
ClinicalBERT,d0judl,497,70,178,i,i,False,brain dysfunction (forget),0.0030310500911178272,0.0030310500911178272,0.28944262862205505,0.10743621736764908,0.34,0,0,605,FP32-token-IDs
ClinicalBERT,d0judl,497,70,178,i,i,False,emptiness,0.010566927854799561,0.010566927854799561,0.24809464812278748,0.6140236258506775,0.34,1,1,605,FP32-token-IDs
ClinicalBERT,d0judl,497,70,178,i,i,False,hopelessness,0.005531026878290706,0.005531026878290706,0.4362408518791199,0.9561159014701843,0.34,1,1,605,FP32-token-IDs
ClinicalBERT,d0judl,497,70,178,i,i,False,loneliness,0.009576998353521857,0.009576998353521857,0.2951934039592743,0.806180477142334,0.34,1,1,605,FP32-token-IDs
ClinicalBERT,d0judl,497,70,178,i,i,False,sadness,0.004457657173689868,0.004457657173689868,0.41675707697868347,0.9700830578804016,0.34,1,1,605,FP32-token-IDs
ClinicalBERT,d0judl,497,70,178,i,i,False,suicide intent,0.0028006499705952592,0.0028006499705952592,0.18940040469169617,0.026107339188456535,0.34,0,0,605,FP32-token-IDs
ClinicalBERT,d0judl,497,70,178,i,i,False,worthlessness,0.007389688476299247,0.007389688476299247,0.37746235728263855,0.7499178647994995,0.34,1,1,605,FP32-token-IDs
ClinicalBERT,d0judl,497,71,1274,don,don,False,anger,0.0010128923588328892,0.0010128923588328892,0.3762655258178711,0.2548178732395172,0.34,1,0,605,FP32-token-IDs
ClinicalBERT,d0judl,497,71,1274,don,don,False,brain dysfunction (forget),0.0030310500911178272,0.0030310500911178272,0.28944262862205505,0.10743621736764908,0.34,0,0,605,FP32-token-IDs
ClinicalBERT,d0judl,497,71,1274,don,don,False,emptiness,0.010566927854799561,0.010566927854799561,0.24809464812278748,0.6140236258506775,0.34,1,1,605,FP32-token-IDs
ClinicalBERT,d0judl,497,71,1274,don,don,False,hopelessness,0.005531026878290706,0.005531026878290706,0.4362408518791199,0.9561159014701843,0.34,1,1,605,FP32-token-IDs
ClinicalBERT,d0judl,497,71,1274,don,don,False,loneliness,0.009576998353521857,0.009576998353521857,0.2951934039592743,0.806180477142334,0.34,1,1,605,FP32-token-IDs
ClinicalBERT,d0judl,497,71,1274,don,don,False,sadness,0.004457657173689868,0.004457657173689868,0.41675707697868347,0.9700830578804016,0.34,1,1,605,FP32-token-IDs
ClinicalBERT,d0judl,497,71,1274,don,don,False,suicide intent,0.0028006499705952592,0.0028006499705952592,0.18940040469169617,0.026107339188456535,0.34,0,0,605,FP32-token-IDs
ClinicalBERT,d0judl,497,71,1274,don,don,False,worthlessness,0.007389688476299246,0.007389688476299246,0.37746235728263855,0.7499178647994995,0.34,1,1,605,FP32-token-IDs
ClinicalBERT,d0judl,497,72,112,',',False,anger,0.0010128923588328892,0.0010128923588328892,0.3762655258178711,0.2548178732395172,0.34,1,0,605,FP32-token-IDs
ClinicalBERT,d0judl,497,72,112,',',False,brain dysfunction (forget),0.0030310500911178272,0.0030310500911178272,0.28944262862205505,0.10743621736764908,0.34,0,0,605,FP32-token-IDs
ClinicalBERT,d0judl,497,72,112,',',False,emptiness,0.010566927854799561,0.010566927854799561,0.24809464812278748,0.6140236258506775,0.34,1,1,605,FP32-token-IDs
ClinicalBERT,d0judl,497,72,112,',',False,hopelessness,0.005531026878290706,0.005531026878290706,0.4362408518791199,0.9561159014701843,0.34,1,1,605,FP32-token-IDs
ClinicalBERT,d0judl,497,72,112,',',False,loneliness,0.009576998353521857,0.009576998353521857,0.2951934039592743,0.806180477142334,0.34,1,1,605,FP32-token-IDs
ClinicalBERT,d0judl,497,72,112,',',False,sadness,0.004457657173689868,0.004457657173689868,0.41675707697868347,0.9700830578804016,0.34,1,1,605,FP32-token-IDs
ClinicalBERT,d0judl,497,72,112,',',False,suicide intent,0.0028006499705952592,0.0028006499705952592,0.18940040469169617,0.026107339188456535,0.34,0,0,605,FP32-token-IDs
ClinicalBERT,d0judl,497,72,112,',',False,worthlessness,0.007389688476299246,0.007389688476299246,0.37746235728263855,0.7499178647994995,0.34,1,1,605,FP32-token-IDs
ClinicalBERT,d0judl,497,73,189,t,t,False,anger,0.0010128923588328892,0.0010128923588328892,0.3762655258178711,0.2548178732395172,0.34,1,0,605,FP32-token-IDs
ClinicalBERT,d0judl,497,73,189,t,t,False,brain dysfunction (forget),0.0030310500911178272,0.0030310500911178272,0.28944262862205505,0.10743621736764908,0.34,0,0,605,FP32-token-IDs
ClinicalBERT,d0judl,497,73,189,t,t,False,emptiness,0.010566927854799561,0.010566927854799561,0.24809464812278748,0.6140236258506775,0.34,1,1,605,FP32-token-IDs
ClinicalBERT,d0judl,497,73,189,t,t,False,hopelessness,0.005531026878290706,0.005531026878290706,0.4362408518791199,0.9561159014701843,0.34,1,1,605,FP32-token-IDs
ClinicalBERT,d0judl,497,73,189,t,t,False,loneliness,0.009576998353521857,0.009576998353521857,0.2951934039592743,0.806180477142334,0.34,1,1,605,FP32-token-IDs
ClinicalBERT,d0judl,497,73,189,t,t,False,sadness,0.004457657173689868,0.004457657173689868,0.41675707697868347,0.9700830578804016,0.34,1,1,605,FP32-token-IDs
ClinicalBERT,d0judl,497,73,189,t,t,False,suicide intent,0.0028006499705952592,0.0028006499705952592,0.18940040469169617,0.026107339188456535,0.34,0,0,605,FP32-token-IDs
ClinicalBERT,d0judl,497,73,189,t,t,False,worthlessness,0.007389688476299246,0.007389688476299246,0.37746235728263855,0.7499178647994995,0.34,1,1,605,FP32-token-IDs
ClinicalBERT,d0judl,497,74,1631,feel,feel,False,anger,-0.002653302658452756,0.002653302658452756,0.3762655258178711,0.2548178732395172,0.34,1,0,605,FP32-token-IDs
ClinicalBERT,d0judl,497,74,1631,feel,feel,False,brain dysfunction (forget),-0.00014434175940954835,0.00014434175940954835,0.28944262862205505,0.10743621736764908,0.34,0,0,605,FP32-token-IDs
ClinicalBERT,d0judl,497,74,1631,feel,feel,False,emptiness,0.012053575170122916,0.012053575170122916,0.24809464812278748,0.6140236258506775,0.34,1,1,605,FP32-token-IDs
ClinicalBERT,d0judl,497,74,1631,feel,feel,False,hopelessness,0.006308744092368417,0.006308744092368417,0.4362408518791199,0.9561159014701843,0.34,1,1,605,FP32-token-IDs
ClinicalBERT,d0judl,497,74,1631,feel,feel,False,loneliness,0.009584194752905104,0.009584194752905104,0.2951934039592743,0.806180477142334,0.34,1,1,605,FP32-token-IDs
ClinicalBERT,d0judl,497,74,1631,feel,feel,False,sadness,0.005775197823014525,0.005775197823014525,0.41675707697868347,0.9700830578804016,0.34,1,1,605,FP32-token-IDs
ClinicalBERT,d0judl,497,74,1631,feel,feel,False,suicide intent,0.0003029663028428331,0.0003029663028428331,0.18940040469169617,0.026107339188456535,0.34,0,0,605,FP32-token-IDs
ClinicalBERT,d0judl,497,74,1631,feel,feel,False,worthlessness,0.00928630408210059,0.00928630408210059,0.37746235728263855,0.7499178647994995,0.34,1,1,605,FP32-token-IDs
ClinicalBERT,d0judl,497,75,1176,like,like,False,anger,-0.002653302658452756,0.002653302658452756,0.3762655258178711,0.2548178732395172,0.34,1,0,605,FP32-token-IDs
ClinicalBERT,d0judl,497,75,1176,like,like,False,brain dysfunction (forget),-0.00014434175940954835,0.00014434175940954835,0.28944262862205505,0.10743621736764908,0.34,0,0,605,FP32-token-IDs
ClinicalBERT,d0judl,497,75,1176,like,like,False,emptiness,0.012053575170122916,0.012053575170122916,0.24809464812278748,0.6140236258506775,0.34,1,1,605,FP32-token-IDs
ClinicalBERT,d0judl,497,75,1176,like,like,False,hopelessness,0.006308744092368417,0.006308744092368417,0.4362408518791199,0.9561159014701843,0.34,1,1,605,FP32-token-IDs
ClinicalBERT,d0judl,497,75,1176,like,like,False,loneliness,0.009584194752905104,0.009584194752905104,0.2951934039592743,0.806180477142334,0.34,1,1,605,FP32-token-IDs
ClinicalBERT,d0judl,497,75,1176,like,like,False,sadness,0.005775197823014525,0.005775197823014525,0.41675707697868347,0.9700830578804016,0.34,1,1,605,FP32-token-IDs
ClinicalBERT,d0judl,497,75,1176,like,like,False,suicide intent,0.0003029663028428331,0.0003029663028428331,0.18940040469169617,0.026107339188456535,0.34,0,0,605,FP32-token-IDs
ClinicalBERT,d0judl,497,75,1176,like,like,False,worthlessness,0.00928630408210059,0.00928630408210059,0.37746235728263855,0.7499178647994995,0.34,1,1,605,FP32-token-IDs
ClinicalBERT,d0judl,497,76,178,i,i,False,anger,-0.0013557863369998006,0.0013557863369998006,0.3762655258178711,0.2548178732395172,0.34,1,0,605,FP32-token-IDs
ClinicalBERT,d0judl,497,76,178,i,i,False,brain dysfunction (forget),0.000610534506591244,0.000610534506591244,0.28944262862205505,0.10743621736764908,0.34,0,0,605,FP32-token-IDs
ClinicalBERT,d0judl,497,76,178,i,i,False,emptiness,0.016233973163697454,0.016233973163697454,0.24809464812278748,0.6140236258506775,0.34,1,1,605,FP32-token-IDs
ClinicalBERT,d0judl,497,76,178,i,i,False,hopelessness,0.007262160277201069,0.007262160277201069,0.4362408518791199,0.9561159014701843,0.34,1,1,605,FP32-token-IDs
ClinicalBERT,d0judl,497,76,178,i,i,False,loneliness,0.012388972182654672,0.012388972182654672,0.2951934039592743,0.806180477142334,0.34,1,1,605,FP32-token-IDs
ClinicalBERT,d0judl,497,76,178,i,i,False,sadness,0.005832894187834528,0.005832894187834528,0.41675707697868347,0.9700830578804016,0.34,1,1,605,FP32-token-IDs
ClinicalBERT,d0judl,497,76,178,i,i,False,suicide intent,0.0005705203822193046,0.0005705203822193046,0.18940040469169617,0.026107339188456535,0.34,0,0,605,FP32-token-IDs
ClinicalBERT,d0judl,497,76,178,i,i,False,worthlessness,0.012854546774178743,0.012854546774178743,0.37746235728263855,0.7499178647994995,0.34,1,1,605,FP32-token-IDs
ClinicalBERT,d0judl,497,77,10026,deserve,deserve,False,anger,-0.0013557863369998006,0.0013557863369998006,0.3762655258178711,0.2548178732395172,0.34,1,0,605,FP32-token-IDs
ClinicalBERT,d0judl,497,77,10026,deserve,deserve,False,brain dysfunction (forget),0.000610534506591244,0.000610534506591244,0.28944262862205505,0.10743621736764908,0.34,0,0,605,FP32-token-IDs
ClinicalBERT,d0judl,497,77,10026,deserve,deserve,False,emptiness,0.016233973163697454,0.016233973163697454,0.24809464812278748,0.6140236258506775,0.34,1,1,605,FP32-token-IDs
ClinicalBERT,d0judl,497,77,10026,deserve,deserve,False,hopelessness,0.007262160277201069,0.007262160277201069,0.4362408518791199,0.9561159014701843,0.34,1,1,605,FP32-token-IDs
ClinicalBERT,d0judl,497,77,10026,deserve,deserve,False,loneliness,0.012388972182654672,0.012388972182654672,0.2951934039592743,0.806180477142334,0.34,1,1,605,FP32-token-IDs
ClinicalBERT,d0judl,497,77,10026,deserve,deserve,False,sadness,0.005832894187834528,0.005832894187834528,0.41675707697868347,0.9700830578804016,0.34,1,1,605,FP32-token-IDs
ClinicalBERT,d0judl,497,77,10026,deserve,deserve,False,suicide intent,0.0005705203822193046,0.0005705203822193046,0.18940040469169617,0.026107339188456535,0.34,0,0,605,FP32-token-IDs
ClinicalBERT,d0judl,497,77,10026,deserve,deserve,False,worthlessness,0.012854546774178743,0.012854546774178743,0.37746235728263855,0.7499178647994995,0.34,1,1,605,FP32-token-IDs
ClinicalBERT,d0judl,497,78,1625,anything,anything,False,anger,-0.0013557863369998006,0.0013557863369998006,0.3762655258178711,0.2548178732395172,0.34,1,0,605,FP32-token-IDs
ClinicalBERT,d0judl,497,78,1625,anything,anything,False,brain dysfunction (forget),0.000610534506591244,0.000610534506591244,0.28944262862205505,0.10743621736764908,0.34,0,0,605,FP32-token-IDs
ClinicalBERT,d0judl,497,78,1625,anything,anything,False,emptiness,0.016233973163697454,0.016233973163697454,0.24809464812278748,0.6140236258506775,0.34,1,1,605,FP32-token-IDs
ClinicalBERT,d0judl,497,78,1625,anything,anything,False,hopelessness,0.007262160277201069,0.007262160277201069,0.4362408518791199,0.9561159014701843,0.34,1,1,605,FP32-token-IDs
ClinicalBERT,d0judl,497,78,1625,anything,anything,False,loneliness,0.012388972182654672,0.012388972182654672,0.2951934039592743,0.806180477142334,0.34,1,1,605,FP32-token-IDs
ClinicalBERT,d0judl,497,78,1625,anything,anything,False,sadness,0.005832894187834528,0.005832894187834528,0.41675707697868347,0.9700830578804016,0.34,1,1,605,FP32-token-IDs
ClinicalBERT,d0judl,497,78,1625,anything,anything,False,suicide intent,0.0005705203822193046,0.0005705203822193046,0.18940040469169617,0.026107339188456535,0.34,0,0,605,FP32-token-IDs
ClinicalBERT,d0judl,497,78,1625,anything,anything,False,worthlessness,0.012854546774178743,0.012854546774178743,0.37746235728263855,0.7499178647994995,0.34,1,1,605,FP32-token-IDs
ClinicalBERT,d0judl,497,79,1105,and,and,False,anger,0.002995765876237368,0.002995765876237368,0.3762655258178711,0.2548178732395172,0.34,1,0,605,FP32-token-IDs
ClinicalBERT,d0judl,497,79,1105,and,and,False,brain dysfunction (forget),-0.0012324899848624082,0.0012324899848624082,0.28944262862205505,0.10743621736764908,0.34,0,0,605,FP32-token-IDs
ClinicalBERT,d0judl,497,79,1105,and,and,False,emptiness,-0.003665921901221991,0.003665921901221991,0.24809464812278748,0.6140236258506775,0.34,1,1,605,FP32-token-IDs
ClinicalBERT,d0judl,497,79,1105,and,and,False,hopelessness,0.0005789734341465591,0.0005789734341465591,0.4362408518791199,0.9561159014701843,0.34,1,1,605,FP32-token-IDs
ClinicalBERT,d0judl,497,79,1105,and,and,False,loneliness,2.9300223104655743e-05,2.9300223104655743e-05,0.2951934039592743,0.806180477142334,0.34,1,1,605,FP32-token-IDs
ClinicalBERT,d0judl,497,79,1105,and,and,False,sadness,0.001561959784706695,0.001561959784706695,0.41675707697868347,0.9700830578804016,0.34,1,1,605,FP32-token-IDs
ClinicalBERT,d0judl,497,79,1105,and,and,False,suicide intent,-0.0024021975601627083,0.0024021975601627083,0.18940040469169617,0.026107339188456535,0.34,0,0,605,FP32-token-IDs
ClinicalBERT,d0judl,497,79,1105,and,and,False,worthlessness,-0.0020088753867240853,0.0020088753867240853,0.37746235728263855,0.7499178647994995,0.34,1,1,605,FP32-token-IDs
ClinicalBERT,d0judl,497,80,1103,the,the,False,anger,0.002995765876237368,0.002995765876237368,0.3762655258178711,0.2548178732395172,0.34,1,0,605,FP32-token-IDs
ClinicalBERT,d0judl,497,80,1103,the,the,False,brain dysfunction (forget),-0.0012324899848624082,0.0012324899848624082,0.28944262862205505,0.10743621736764908,0.34,0,0,605,FP32-token-IDs
ClinicalBERT,d0judl,497,80,1103,the,the,False,emptiness,-0.003665921901221991,0.003665921901221991,0.24809464812278748,0.6140236258506775,0.34,1,1,605,FP32-token-IDs
ClinicalBERT,d0judl,497,80,1103,the,the,False,hopelessness,0.0005789734341465591,0.0005789734341465591,0.4362408518791199,0.9561159014701843,0.34,1,1,605,FP32-token-IDs
ClinicalBERT,d0judl,497,80,1103,the,the,False,loneliness,2.9300223104655743e-05,2.9300223104655743e-05,0.2951934039592743,0.806180477142334,0.34,1,1,605,FP32-token-IDs
ClinicalBERT,d0judl,497,80,1103,the,the,False,sadness,0.001561959784706695,0.001561959784706695,0.41675707697868347,0.9700830578804016,0.34,1,1,605,FP32-token-IDs
ClinicalBERT,d0judl,497,80,1103,the,the,False,suicide intent,-0.0024021975601627083,0.0024021975601627083,0.18940040469169617,0.026107339188456535,0.34,0,0,605,FP32-token-IDs
ClinicalBERT,d0judl,497,80,1103,the,the,False,worthlessness,-0.0020088753867240853,0.0020088753867240853,0.37746235728263855,0.7499178647994995,0.34,1,1,605,FP32-token-IDs
ClinicalBERT,d0judl,497,81,4453,recognition,recognition,False,anger,0.002995765876237368,0.002995765876237368,0.3762655258178711,0.2548178732395172,0.34,1,0,605,FP32-token-IDs
ClinicalBERT,d0judl,497,81,4453,recognition,recognition,False,brain dysfunction (forget),-0.0012324899848624082,0.0012324899848624082,0.28944262862205505,0.10743621736764908,0.34,0,0,605,FP32-token-IDs
ClinicalBERT,d0judl,497,81,4453,recognition,recognition,False,emptiness,-0.003665921901221991,0.003665921901221991,0.24809464812278748,0.6140236258506775,0.34,1,1,605,FP32-token-IDs
ClinicalBERT,d0judl,497,81,4453,recognition,recognition,False,hopelessness,0.0005789734341465591,0.0005789734341465591,0.4362408518791199,0.9561159014701843,0.34,1,1,605,FP32-token-IDs
ClinicalBERT,d0judl,497,81,4453,recognition,recognition,False,loneliness,2.9300223104655743e-05,2.9300223104655743e-05,0.2951934039592743,0.806180477142334,0.34,1,1,605,FP32-token-IDs
ClinicalBERT,d0judl,497,81,4453,recognition,recognition,False,sadness,0.001561959784706695,0.001561959784706695,0.41675707697868347,0.9700830578804016,0.34,1,1,605,FP32-token-IDs
ClinicalBERT,d0judl,497,81,4453,recognition,recognition,False,suicide intent,-0.0024021975601627083,0.0024021975601627083,0.18940040469169617,0.026107339188456535,0.34,0,0,605,FP32-token-IDs
ClinicalBERT,d0judl,497,81,4453,recognition,recognition,False,worthlessness,-0.0020088753867240853,0.0020088753867240853,0.37746235728263855,0.7499178647994995,0.34,1,1,605,FP32-token-IDs
ClinicalBERT,d0judl,497,82,2228,makes,makes,False,anger,0.002995765876237368,0.002995765876237368,0.3762655258178711,0.2548178732395172,0.34,1,0,605,FP32-token-IDs
ClinicalBERT,d0judl,497,82,2228,makes,makes,False,brain dysfunction (forget),-0.0012324899848624082,0.0012324899848624082,0.28944262862205505,0.10743621736764908,0.34,0,0,605,FP32-token-IDs
ClinicalBERT,d0judl,497,82,2228,makes,makes,False,emptiness,-0.003665921901221991,0.003665921901221991,0.24809464812278748,0.6140236258506775,0.34,1,1,605,FP32-token-IDs
ClinicalBERT,d0judl,497,82,2228,makes,makes,False,hopelessness,0.0005789734341465591,0.0005789734341465591,0.4362408518791199,0.9561159014701843,0.34,1,1,605,FP32-token-IDs
ClinicalBERT,d0judl,497,82,2228,makes,makes,False,loneliness,2.9300223104655743e-05,2.9300223104655743e-05,0.2951934039592743,0.806180477142334,0.34,1,1,605,FP32-token-IDs
ClinicalBERT,d0judl,497,82,2228,makes,makes,False,sadness,0.001561959784706695,0.001561959784706695,0.41675707697868347,0.9700830578804016,0.34,1,1,605,FP32-token-IDs
ClinicalBERT,d0judl,497,82,2228,makes,makes,False,suicide intent,-0.0024021975601627083,0.0024021975601627083,0.18940040469169617,0.026107339188456535,0.34,0,0,605,FP32-token-IDs
ClinicalBERT,d0judl,497,82,2228,makes,makes,False,worthlessness,-0.0020088753867240853,0.0020088753867240853,0.37746235728263855,0.7499178647994995,0.34,1,1,605,FP32-token-IDs
ClinicalBERT,d0judl,497,83,1143,me,me,False,anger,0.002995765876237368,0.002995765876237368,0.3762655258178711,0.2548178732395172,0.34,1,0,605,FP32-token-IDs
ClinicalBERT,d0judl,497,83,1143,me,me,False,brain dysfunction (forget),-0.0012324899848624082,0.0012324899848624082,0.28944262862205505,0.10743621736764908,0.34,0,0,605,FP32-token-IDs
ClinicalBERT,d0judl,497,83,1143,me,me,False,emptiness,-0.003665921901221991,0.003665921901221991,0.24809464812278748,0.6140236258506775,0.34,1,1,605,FP32-token-IDs
ClinicalBERT,d0judl,497,83,1143,me,me,False,hopelessness,0.0005789734341465591,0.0005789734341465591,0.4362408518791199,0.9561159014701843,0.34,1,1,605,FP32-token-IDs
ClinicalBERT,d0judl,497,83,1143,me,me,False,loneliness,2.9300223104655743e-05,2.9300223104655743e-05,0.2951934039592743,0.806180477142334,0.34,1,1,605,FP32-token-IDs
ClinicalBERT,d0judl,497,83,1143,me,me,False,sadness,0.001561959784706695,0.001561959784706695,0.41675707697868347,0.9700830578804016,0.34,1,1,605,FP32-token-IDs
ClinicalBERT,d0judl,497,83,1143,me,me,False,suicide intent,-0.0024021975601627083,0.0024021975601627083,0.18940040469169617,0.026107339188456535,0.34,0,0,605,FP32-token-IDs
ClinicalBERT,d0judl,497,83,1143,me,me,False,worthlessness,-0.0020088753867240853,0.0020088753867240853,0.37746235728263855,0.7499178647994995,0.34,1,1,605,FP32-token-IDs
ClinicalBERT,d0judl,497,84,172,c,c,False,anger,0.0029957658762373683,0.0029957658762373683,0.3762655258178711,0.2548178732395172,0.34,1,0,605,FP32-token-IDs
ClinicalBERT,d0judl,497,84,172,c,c,False,brain dysfunction (forget),-0.0012324899848624087,0.0012324899848624087,0.28944262862205505,0.10743621736764908,0.34,0,0,605,FP32-token-IDs
ClinicalBERT,d0judl,497,84,172,c,c,False,emptiness,-0.0036659219012219915,0.0036659219012219915,0.24809464812278748,0.6140236258506775,0.34,1,1,605,FP32-token-IDs
ClinicalBERT,d0judl,497,84,172,c,c,False,hopelessness,0.0005789734341465591,0.0005789734341465591,0.4362408518791199,0.9561159014701843,0.34,1,1,605,FP32-token-IDs
ClinicalBERT,d0judl,497,84,172,c,c,False,loneliness,2.9300223104655743e-05,2.9300223104655743e-05,0.2951934039592743,0.806180477142334,0.34,1,1,605,FP32-token-IDs
ClinicalBERT,d0judl,497,84,172,c,c,False,sadness,0.0015619597847066952,0.0015619597847066952,0.41675707697868347,0.9700830578804016,0.34,1,1,605,FP32-token-IDs
ClinicalBERT,d0judl,497,84,172,c,c,False,suicide intent,-0.002402197560162708,0.002402197560162708,0.18940040469169617,0.026107339188456535,0.34,0,0,605,FP32-token-IDs
ClinicalBERT,d0judl,497,84,172,c,c,False,worthlessness,-0.0020088753867240853,0.0020088753867240853,0.37746235728263855,0.7499178647994995,0.34,1,1,605,FP32-token-IDs
ClinicalBERT,d0judl,497,85,3384,##ring,ring,False,anger,0.0029957658762373683,0.0029957658762373683,0.3762655258178711,0.2548178732395172,0.34,1,0,605,FP32-token-IDs
ClinicalBERT,d0judl,497,85,3384,##ring,ring,False,brain dysfunction (forget),-0.0012324899848624087,0.0012324899848624087,0.28944262862205505,0.10743621736764908,0.34,0,0,605,FP32-token-IDs
ClinicalBERT,d0judl,497,85,3384,##ring,ring,False,emptiness,-0.0036659219012219915,0.0036659219012219915,0.24809464812278748,0.6140236258506775,0.34,1,1,605,FP32-token-IDs
ClinicalBERT,d0judl,497,85,3384,##ring,ring,False,hopelessness,0.0005789734341465591,0.0005789734341465591,0.4362408518791199,0.9561159014701843,0.34,1,1,605,FP32-token-IDs
ClinicalBERT,d0judl,497,85,3384,##ring,ring,False,loneliness,2.9300223104655743e-05,2.9300223104655743e-05,0.2951934039592743,0.806180477142334,0.34,1,1,605,FP32-token-IDs
ClinicalBERT,d0judl,497,85,3384,##ring,ring,False,sadness,0.0015619597847066952,0.0015619597847066952,0.41675707697868347,0.9700830578804016,0.34,1,1,605,FP32-token-IDs
ClinicalBERT,d0judl,497,85,3384,##ring,ring,False,suicide intent,-0.002402197560162708,0.002402197560162708,0.18940040469169617,0.026107339188456535,0.34,0,0,605,FP32-token-IDs
ClinicalBERT,d0judl,497,85,3384,##ring,ring,False,worthlessness,-0.0020088753867240853,0.0020088753867240853,0.37746235728263855,0.7499178647994995,0.34,1,1,605,FP32-token-IDs
ClinicalBERT,d0judl,497,86,1162,##e,e,False,anger,0.0029957658762373683,0.0029957658762373683,0.3762655258178711,0.2548178732395172,0.34,1,0,605,FP32-token-IDs
ClinicalBERT,d0judl,497,86,1162,##e,e,False,brain dysfunction (forget),-0.0012324899848624087,0.0012324899848624087,0.28944262862205505,0.10743621736764908,0.34,0,0,605,FP32-token-IDs
ClinicalBERT,d0judl,497,86,1162,##e,e,False,emptiness,-0.0036659219012219915,0.0036659219012219915,0.24809464812278748,0.6140236258506775,0.34,1,1,605,FP32-token-IDs
ClinicalBERT,d0judl,497,86,1162,##e,e,False,hopelessness,0.0005789734341465591,0.0005789734341465591,0.4362408518791199,0.9561159014701843,0.34,1,1,605,FP32-token-IDs
ClinicalBERT,d0judl,497,86,1162,##e,e,False,loneliness,2.9300223104655743e-05,2.9300223104655743e-05,0.2951934039592743,0.806180477142334,0.34,1,1,605,FP32-token-IDs
ClinicalBERT,d0judl,497,86,1162,##e,e,False,sadness,0.0015619597847066952,0.0015619597847066952,0.41675707697868347,0.9700830578804016,0.34,1,1,605,FP32-token-IDs
ClinicalBERT,d0judl,497,86,1162,##e,e,False,suicide intent,-0.002402197560162708,0.002402197560162708,0.18940040469169617,0.026107339188456535,0.34,0,0,605,FP32-token-IDs
ClinicalBERT,d0judl,497,86,1162,##e,e,False,worthlessness,-0.0020088753867240853,0.0020088753867240853,0.37746235728263855,0.7499178647994995,0.34,1,1,605,FP32-token-IDs
ClinicalBERT,d0judl,497,87,1272,because,because,False,anger,0.0029957658762373683,0.0029957658762373683,0.3762655258178711,0.2548178732395172,0.34,1,0,605,FP32-token-IDs
ClinicalBERT,d0judl,497,87,1272,because,because,False,brain dysfunction (forget),-0.0012324899848624084,0.0012324899848624084,0.28944262862205505,0.10743621736764908,0.34,0,0,605,FP32-token-IDs
ClinicalBERT,d0judl,497,87,1272,because,because,False,emptiness,-0.003665921901221991,0.003665921901221991,0.24809464812278748,0.6140236258506775,0.34,1,1,605,FP32-token-IDs
ClinicalBERT,d0judl,497,87,1272,because,because,False,hopelessness,0.0005789734341465591,0.0005789734341465591,0.4362408518791199,0.9561159014701843,0.34,1,1,605,FP32-token-IDs
ClinicalBERT,d0judl,497,87,1272,because,because,False,loneliness,2.9300223104655743e-05,2.9300223104655743e-05,0.2951934039592743,0.806180477142334,0.34,1,1,605,FP32-token-IDs
ClinicalBERT,d0judl,497,87,1272,because,because,False,sadness,0.0015619597847066952,0.0015619597847066952,0.41675707697868347,0.9700830578804016,0.34,1,1,605,FP32-token-IDs
ClinicalBERT,d0judl,497,87,1272,because,because,False,suicide intent,-0.0024021975601627083,0.0024021975601627083,0.18940040469169617,0.026107339188456535,0.34,0,0,605,FP32-token-IDs
ClinicalBERT,d0judl,497,87,1272,because,because,False,worthlessness,-0.0020088753867240853,0.0020088753867240853,0.37746235728263855,0.7499178647994995,0.34,1,1,605,FP32-token-IDs
ClinicalBERT,d0judl,497,88,178,i,i,False,anger,0.0029957658762373683,0.0029957658762373683,0.3762655258178711,0.2548178732395172,0.34,1,0,605,FP32-token-IDs
ClinicalBERT,d0judl,497,88,178,i,i,False,brain dysfunction (forget),-0.0012324899848624084,0.0012324899848624084,0.28944262862205505,0.10743621736764908,0.34,0,0,605,FP32-token-IDs
ClinicalBERT,d0judl,497,88,178,i,i,False,emptiness,-0.003665921901221991,0.003665921901221991,0.24809464812278748,0.6140236258506775,0.34,1,1,605,FP32-token-IDs
ClinicalBERT,d0judl,497,88,178,i,i,False,hopelessness,0.0005789734341465591,0.0005789734341465591,0.4362408518791199,0.9561159014701843,0.34,1,1,605,FP32-token-IDs
ClinicalBERT,d0judl,497,88,178,i,i,False,loneliness,2.9300223104655743e-05,2.9300223104655743e-05,0.2951934039592743,0.806180477142334,0.34,1,1,605,FP32-token-IDs
ClinicalBERT,d0judl,497,88,178,i,i,False,sadness,0.0015619597847066952,0.0015619597847066952,0.41675707697868347,0.9700830578804016,0.34,1,1,605,FP32-token-IDs
ClinicalBERT,d0judl,497,88,178,i,i,False,suicide intent,-0.0024021975601627083,0.0024021975601627083,0.18940040469169617,0.026107339188456535,0.34,0,0,605,FP32-token-IDs
ClinicalBERT,d0judl,497,88,178,i,i,False,worthlessness,-0.0020088753867240853,0.0020088753867240853,0.37746235728263855,0.7499178647994995,0.34,1,1,605,FP32-token-IDs
ClinicalBERT,d0judl,497,89,1198,just,just,False,anger,0.0029957658762373683,0.0029957658762373683,0.3762655258178711,0.2548178732395172,0.34,1,0,605,FP32-token-IDs
ClinicalBERT,d0judl,497,89,1198,just,just,False,brain dysfunction (forget),-0.0012324899848624084,0.0012324899848624084,0.28944262862205505,0.10743621736764908,0.34,0,0,605,FP32-token-IDs
ClinicalBERT,d0judl,497,89,1198,just,just,False,emptiness,-0.003665921901221991,0.003665921901221991,0.24809464812278748,0.6140236258506775,0.34,1,1,605,FP32-token-IDs
ClinicalBERT,d0judl,497,89,1198,just,just,False,hopelessness,0.0005789734341465591,0.0005789734341465591,0.4362408518791199,0.9561159014701843,0.34,1,1,605,FP32-token-IDs
ClinicalBERT,d0judl,497,89,1198,just,just,False,loneliness,2.9300223104655743e-05,2.9300223104655743e-05,0.2951934039592743,0.806180477142334,0.34,1,1,605,FP32-token-IDs
ClinicalBERT,d0judl,497,89,1198,just,just,False,sadness,0.0015619597847066952,0.0015619597847066952,0.41675707697868347,0.9700830578804016,0.34,1,1,605,FP32-token-IDs
ClinicalBERT,d0judl,497,89,1198,just,just,False,suicide intent,-0.0024021975601627083,0.0024021975601627083,0.18940040469169617,0.026107339188456535,0.34,0,0,605,FP32-token-IDs
ClinicalBERT,d0judl,497,89,1198,just,just,False,worthlessness,-0.0020088753867240853,0.0020088753867240853,0.37746235728263855,0.7499178647994995,0.34,1,1,605,FP32-token-IDs
ClinicalBERT,d0judl,497,90,1138,have,have,False,anger,0.0029957658762373683,0.0029957658762373683,0.3762655258178711,0.2548178732395172,0.34,1,0,605,FP32-token-IDs
ClinicalBERT,d0judl,497,90,1138,have,have,False,brain dysfunction (forget),-0.0012324899848624084,0.0012324899848624084,0.28944262862205505,0.10743621736764908,0.34,0,0,605,FP32-token-IDs
ClinicalBERT,d0judl,497,90,1138,have,have,False,emptiness,-0.003665921901221991,0.003665921901221991,0.24809464812278748,0.6140236258506775,0.34,1,1,605,FP32-token-IDs
ClinicalBERT,d0judl,497,90,1138,have,have,False,hopelessness,0.0005789734341465591,0.0005789734341465591,0.4362408518791199,0.9561159014701843,0.34,1,1,605,FP32-token-IDs
ClinicalBERT,d0judl,497,90,1138,have,have,False,loneliness,2.9300223104655743e-05,2.9300223104655743e-05,0.2951934039592743,0.806180477142334,0.34,1,1,605,FP32-token-IDs
ClinicalBERT,d0judl,497,90,1138,have,have,False,sadness,0.0015619597847066952,0.0015619597847066952,0.41675707697868347,0.9700830578804016,0.34,1,1,605,FP32-token-IDs
ClinicalBERT,d0judl,497,90,1138,have,have,False,suicide intent,-0.0024021975601627083,0.0024021975601627083,0.18940040469169617,0.026107339188456535,0.34,0,0,605,FP32-token-IDs
ClinicalBERT,d0judl,497,90,1138,have,have,False,worthlessness,-0.0020088753867240853,0.0020088753867240853,0.37746235728263855,0.7499178647994995,0.34,1,1,605,FP32-token-IDs
ClinicalBERT,d0judl,497,91,1177,so,so,False,anger,-0.012256984726291262,0.012256984726291262,0.3762655258178711,0.2548178732395172,0.34,1,0,605,FP32-token-IDs
ClinicalBERT,d0judl,497,91,1177,so,so,False,brain dysfunction (forget),-0.00360108607210555,0.00360108607210555,0.28944262862205505,0.10743621736764908,0.34,0,0,605,FP32-token-IDs
ClinicalBERT,d0judl,497,91,1177,so,so,False,emptiness,0.004096348066656689,0.004096348066656689,0.24809464812278748,0.6140236258506775,0.34,1,1,605,FP32-token-IDs
ClinicalBERT,d0judl,497,91,1177,so,so,False,hopelessness,0.003537240917829419,0.003537240917829419,0.4362408518791199,0.9561159014701843,0.34,1,1,605,FP32-token-IDs
ClinicalBERT,d0judl,497,91,1177,so,so,False,loneliness,0.006692108914389142,0.006692108914389142,0.2951934039592743,0.806180477142334,0.34,1,1,605,FP32-token-IDs
ClinicalBERT,d0judl,497,91,1177,so,so,False,sadness,0.006781751146414002,0.006781751146414002,0.41675707697868347,0.9700830578804016,0.34,1,1,605,FP32-token-IDs
ClinicalBERT,d0judl,497,91,1177,so,so,False,suicide intent,-0.0038431534501837737,0.0038431534501837737,0.18940040469169617,0.026107339188456535,0.34,0,0,605,FP32-token-IDs
ClinicalBERT,d0judl,497,91,1177,so,so,False,worthlessness,-0.0007403680006098142,0.0007403680006098142,0.37746235728263855,0.7499178647994995,0.34,1,1,605,FP32-token-IDs
ClinicalBERT,d0judl,497,92,1242,many,many,False,anger,-0.012256984726291262,0.012256984726291262,0.3762655258178711,0.2548178732395172,0.34,1,0,605,FP32-token-IDs
ClinicalBERT,d0judl,497,92,1242,many,many,False,brain dysfunction (forget),-0.00360108607210555,0.00360108607210555,0.28944262862205505,0.10743621736764908,0.34,0,0,605,FP32-token-IDs
ClinicalBERT,d0judl,497,92,1242,many,many,False,emptiness,0.004096348066656689,0.004096348066656689,0.24809464812278748,0.6140236258506775,0.34,1,1,605,FP32-token-IDs
ClinicalBERT,d0judl,497,92,1242,many,many,False,hopelessness,0.003537240917829419,0.003537240917829419,0.4362408518791199,0.9561159014701843,0.34,1,1,605,FP32-token-IDs
ClinicalBERT,d0judl,497,92,1242,many,many,False,loneliness,0.006692108914389142,0.006692108914389142,0.2951934039592743,0.806180477142334,0.34,1,1,605,FP32-token-IDs
ClinicalBERT,d0judl,497,92,1242,many,many,False,sadness,0.006781751146414002,0.006781751146414002,0.41675707697868347,0.9700830578804016,0.34,1,1,605,FP32-token-IDs
ClinicalBERT,d0judl,497,92,1242,many,many,False,suicide intent,-0.0038431534501837737,0.0038431534501837737,0.18940040469169617,0.026107339188456535,0.34,0,0,605,FP32-token-IDs
ClinicalBERT,d0judl,497,92,1242,many,many,False,worthlessness,-0.0007403680006098142,0.0007403680006098142,0.37746235728263855,0.7499178647994995,0.34,1,1,605,FP32-token-IDs
ClinicalBERT,d0judl,497,93,4366,negative,negative,False,anger,-0.012256984726291262,0.012256984726291262,0.3762655258178711,0.2548178732395172,0.34,1,0,605,FP32-token-IDs
ClinicalBERT,d0judl,497,93,4366,negative,negative,False,brain dysfunction (forget),-0.00360108607210555,0.00360108607210555,0.28944262862205505,0.10743621736764908,0.34,0,0,605,FP32-token-IDs
ClinicalBERT,d0judl,497,93,4366,negative,negative,False,emptiness,0.004096348066656689,0.004096348066656689,0.24809464812278748,0.6140236258506775,0.34,1,1,605,FP32-token-IDs
ClinicalBERT,d0judl,497,93,4366,negative,negative,False,hopelessness,0.003537240917829419,0.003537240917829419,0.4362408518791199,0.9561159014701843,0.34,1,1,605,FP32-token-IDs
ClinicalBERT,d0judl,497,93,4366,negative,negative,False,loneliness,0.006692108914389142,0.006692108914389142,0.2951934039592743,0.806180477142334,0.34,1,1,605,FP32-token-IDs
ClinicalBERT,d0judl,497,93,4366,negative,negative,False,sadness,0.006781751146414002,0.006781751146414002,0.41675707697868347,0.9700830578804016,0.34,1,1,605,FP32-token-IDs
ClinicalBERT,d0judl,497,93,4366,negative,negative,False,suicide intent,-0.0038431534501837737,0.0038431534501837737,0.18940040469169617,0.026107339188456535,0.34,0,0,605,FP32-token-IDs
ClinicalBERT,d0judl,497,93,4366,negative,negative,False,worthlessness,-0.0007403680006098142,0.0007403680006098142,0.37746235728263855,0.7499178647994995,0.34,1,1,605,FP32-token-IDs
ClinicalBERT,d0judl,497,94,4681,feelings,feelings,False,anger,-0.012256984726291262,0.012256984726291262,0.3762655258178711,0.2548178732395172,0.34,1,0,605,FP32-token-IDs
ClinicalBERT,d0judl,497,94,4681,feelings,feelings,False,brain dysfunction (forget),-0.00360108607210555,0.00360108607210555,0.28944262862205505,0.10743621736764908,0.34,0,0,605,FP32-token-IDs
ClinicalBERT,d0judl,497,94,4681,feelings,feelings,False,emptiness,0.004096348066656689,0.004096348066656689,0.24809464812278748,0.6140236258506775,0.34,1,1,605,FP32-token-IDs
ClinicalBERT,d0judl,497,94,4681,feelings,feelings,False,hopelessness,0.003537240917829419,0.003537240917829419,0.4362408518791199,0.9561159014701843,0.34,1,1,605,FP32-token-IDs
ClinicalBERT,d0judl,497,94,4681,feelings,feelings,False,loneliness,0.006692108914389142,0.006692108914389142,0.2951934039592743,0.806180477142334,0.34,1,1,605,FP32-token-IDs
ClinicalBERT,d0judl,497,94,4681,feelings,feelings,False,sadness,0.006781751146414002,0.006781751146414002,0.41675707697868347,0.9700830578804016,0.34,1,1,605,FP32-token-IDs
ClinicalBERT,d0judl,497,94,4681,feelings,feelings,False,suicide intent,-0.0038431534501837737,0.0038431534501837737,0.18940040469169617,0.026107339188456535,0.34,0,0,605,FP32-token-IDs
ClinicalBERT,d0judl,497,94,4681,feelings,feelings,False,worthlessness,-0.0007403680006098142,0.0007403680006098142,0.37746235728263855,0.7499178647994995,0.34,1,1,605,FP32-token-IDs
ClinicalBERT,d0judl,497,95,1164,about,about,False,anger,-0.007318913578907761,0.007318913578907761,0.3762655258178711,0.2548178732395172,0.34,1,0,605,FP32-token-IDs
ClinicalBERT,d0judl,497,95,1164,about,about,False,brain dysfunction (forget),-0.0024795076832581395,0.0024795076832581395,0.28944262862205505,0.10743621736764908,0.34,0,0,605,FP32-token-IDs
ClinicalBERT,d0judl,497,95,1164,about,about,False,emptiness,0.00401332541275536,0.00401332541275536,0.24809464812278748,0.6140236258506775,0.34,1,1,605,FP32-token-IDs
ClinicalBERT,d0judl,497,95,1164,about,about,False,hopelessness,0.004444013674157604,0.004444013674157604,0.4362408518791199,0.9561159014701843,0.34,1,1,605,FP32-token-IDs
ClinicalBERT,d0judl,497,95,1164,about,about,False,loneliness,0.0026912408481751166,0.0026912408481751166,0.2951934039592743,0.806180477142334,0.34,1,1,605,FP32-token-IDs
ClinicalBERT,d0judl,497,95,1164,about,about,False,sadness,0.006745810321716588,0.006745810321716588,0.41675707697868347,0.9700830578804016,0.34,1,1,605,FP32-token-IDs
ClinicalBERT,d0judl,497,95,1164,about,about,False,suicide intent,-0.0034816742376926214,0.0034816742376926214,0.18940040469169617,0.026107339188456535,0.34,0,0,605,FP32-token-IDs
ClinicalBERT,d0judl,497,95,1164,about,about,False,worthlessness,0.003090722055727602,0.003090722055727602,0.37746235728263855,0.7499178647994995,0.34,1,1,605,FP32-token-IDs
ClinicalBERT,d0judl,497,96,1991,myself,myself,False,anger,-0.007318913578907761,0.007318913578907761,0.3762655258178711,0.2548178732395172,0.34,1,0,605,FP32-token-IDs
ClinicalBERT,d0judl,497,96,1991,myself,myself,False,brain dysfunction (forget),-0.0024795076832581395,0.0024795076832581395,0.28944262862205505,0.10743621736764908,0.34,0,0,605,FP32-token-IDs
ClinicalBERT,d0judl,497,96,1991,myself,myself,False,emptiness,0.00401332541275536,0.00401332541275536,0.24809464812278748,0.6140236258506775,0.34,1,1,605,FP32-token-IDs
ClinicalBERT,d0judl,497,96,1991,myself,myself,False,hopelessness,0.004444013674157604,0.004444013674157604,0.4362408518791199,0.9561159014701843,0.34,1,1,605,FP32-token-IDs
ClinicalBERT,d0judl,497,96,1991,myself,myself,False,loneliness,0.0026912408481751166,0.0026912408481751166,0.2951934039592743,0.806180477142334,0.34,1,1,605,FP32-token-IDs
ClinicalBERT,d0judl,497,96,1991,myself,myself,False,sadness,0.006745810321716588,0.006745810321716588,0.41675707697868347,0.9700830578804016,0.34,1,1,605,FP32-token-IDs
ClinicalBERT,d0judl,497,96,1991,myself,myself,False,suicide intent,-0.0034816742376926214,0.0034816742376926214,0.18940040469169617,0.026107339188456535,0.34,0,0,605,FP32-token-IDs
ClinicalBERT,d0judl,497,96,1991,myself,myself,False,worthlessness,0.003090722055727602,0.003090722055727602,0.37746235728263855,0.7499178647994995,0.34,1,1,605,FP32-token-IDs
ClinicalBERT,d0judl,497,97,119,.,.,False,anger,-0.007318913578907761,0.007318913578907761,0.3762655258178711,0.2548178732395172,0.34,1,0,605,FP32-token-IDs
ClinicalBERT,d0judl,497,97,119,.,.,False,brain dysfunction (forget),-0.0024795076832581395,0.0024795076832581395,0.28944262862205505,0.10743621736764908,0.34,0,0,605,FP32-token-IDs
ClinicalBERT,d0judl,497,97,119,.,.,False,emptiness,0.00401332541275536,0.00401332541275536,0.24809464812278748,0.6140236258506775,0.34,1,1,605,FP32-token-IDs
ClinicalBERT,d0judl,497,97,119,.,.,False,hopelessness,0.004444013674157604,0.004444013674157604,0.4362408518791199,0.9561159014701843,0.34,1,1,605,FP32-token-IDs
ClinicalBERT,d0judl,497,97,119,.,.,False,loneliness,0.0026912408481751166,0.0026912408481751166,0.2951934039592743,0.806180477142334,0.34,1,1,605,FP32-token-IDs
ClinicalBERT,d0judl,497,97,119,.,.,False,sadness,0.006745810321716588,0.006745810321716588,0.41675707697868347,0.9700830578804016,0.34,1,1,605,FP32-token-IDs
ClinicalBERT,d0judl,497,97,119,.,.,False,suicide intent,-0.0034816742376926214,0.0034816742376926214,0.18940040469169617,0.026107339188456535,0.34,0,0,605,FP32-token-IDs
ClinicalBERT,d0judl,497,97,119,.,.,False,worthlessness,0.003090722055727602,0.003090722055727602,0.37746235728263855,0.7499178647994995,0.34,1,1,605,FP32-token-IDs
ClinicalBERT,d0judl,497,98,1176,like,like,False,anger,0.0001574428752064705,0.0001574428752064705,0.3762655258178711,0.2548178732395172,0.34,1,0,605,FP32-token-IDs
ClinicalBERT,d0judl,497,98,1176,like,like,False,brain dysfunction (forget),0.0020114866783842444,0.0020114866783842444,0.28944262862205505,0.10743621736764908,0.34,0,0,605,FP32-token-IDs
ClinicalBERT,d0judl,497,98,1176,like,like,False,emptiness,-0.004904231114778668,0.004904231114778668,0.24809464812278748,0.6140236258506775,0.34,1,1,605,FP32-token-IDs
ClinicalBERT,d0judl,497,98,1176,like,like,False,hopelessness,0.003995072096586227,0.003995072096586227,0.4362408518791199,0.9561159014701843,0.34,1,1,605,FP32-token-IDs
ClinicalBERT,d0judl,497,98,1176,like,like,False,loneliness,-0.005423243244877085,0.005423243244877085,0.2951934039592743,0.806180477142334,0.34,1,1,605,FP32-token-IDs
ClinicalBERT,d0judl,497,98,1176,like,like,False,sadness,0.003779789200052619,0.003779789200052619,0.41675707697868347,0.9700830578804016,0.34,1,1,605,FP32-token-IDs
ClinicalBERT,d0judl,497,98,1176,like,like,False,suicide intent,-0.0003262967147747986,0.0003262967147747986,0.18940040469169617,0.026107339188456535,0.34,0,0,605,FP32-token-IDs
ClinicalBERT,d0judl,497,98,1176,like,like,False,worthlessness,0.005091289756819606,0.005091289756819606,0.37746235728263855,0.7499178647994995,0.34,1,1,605,FP32-token-IDs
ClinicalBERT,d0judl,497,99,178,i,i,False,anger,0.0001574428752064705,0.0001574428752064705,0.3762655258178711,0.2548178732395172,0.34,1,0,605,FP32-token-IDs
ClinicalBERT,d0judl,497,99,178,i,i,False,brain dysfunction (forget),0.0020114866783842444,0.0020114866783842444,0.28944262862205505,0.10743621736764908,0.34,0,0,605,FP32-token-IDs
ClinicalBERT,d0judl,497,99,178,i,i,False,emptiness,-0.004904231114778668,0.004904231114778668,0.24809464812278748,0.6140236258506775,0.34,1,1,605,FP32-token-IDs
ClinicalBERT,d0judl,497,99,178,i,i,False,hopelessness,0.003995072096586227,0.003995072096586227,0.4362408518791199,0.9561159014701843,0.34,1,1,605,FP32-token-IDs
ClinicalBERT,d0judl,497,99,178,i,i,False,loneliness,-0.005423243244877085,0.005423243244877085,0.2951934039592743,0.806180477142334,0.34,1,1,605,FP32-token-IDs
ClinicalBERT,d0judl,497,99,178,i,i,False,sadness,0.003779789200052619,0.003779789200052619,0.41675707697868347,0.9700830578804016,0.34,1,1,605,FP32-token-IDs
ClinicalBERT,d0judl,497,99,178,i,i,False,suicide intent,-0.0003262967147747986,0.0003262967147747986,0.18940040469169617,0.026107339188456535,0.34,0,0,605,FP32-token-IDs
ClinicalBERT,d0judl,497,99,178,i,i,False,worthlessness,0.005091289756819606,0.005091289756819606,0.37746235728263855,0.7499178647994995,0.34,1,1,605,FP32-token-IDs
ClinicalBERT,d0judl,497,100,1198,just,just,False,anger,0.0014037666842341423,0.0014037666842341423,0.3762655258178711,0.2548178732395172,0.34,1,0,605,FP32-token-IDs
ClinicalBERT,d0judl,497,100,1198,just,just,False,brain dysfunction (forget),0.0017659538425505161,0.0017659538425505161,0.28944262862205505,0.10743621736764908,0.34,0,0,605,FP32-token-IDs
ClinicalBERT,d0judl,497,100,1198,just,just,False,emptiness,-0.0053903633379377425,0.0053903633379377425,0.24809464812278748,0.6140236258506775,0.34,1,1,605,FP32-token-IDs
ClinicalBERT,d0judl,497,100,1198,just,just,False,hopelessness,0.004088224843144417,0.004088224843144417,0.4362408518791199,0.9561159014701843,0.34,1,1,605,FP32-token-IDs
ClinicalBERT,d0judl,497,100,1198,just,just,False,loneliness,-0.005638034170260653,0.005638034170260653,0.2951934039592743,0.806180477142334,0.34,1,1,605,FP32-token-IDs
ClinicalBERT,d0judl,497,100,1198,just,just,False,sadness,0.003970901248976588,0.003970901248976588,0.41675707697868347,0.9700830578804016,0.34,1,1,605,FP32-token-IDs
ClinicalBERT,d0judl,497,100,1198,just,just,False,suicide intent,-0.00026341723423684016,0.00026341723423684016,0.18940040469169617,0.026107339188456535,0.34,0,0,605,FP32-token-IDs
ClinicalBERT,d0judl,497,100,1198,just,just,False,worthlessness,0.005125922849401832,0.005125922849401832,0.37746235728263855,0.7499178647994995,0.34,1,1,605,FP32-token-IDs
ClinicalBERT,d0judl,497,101,1328,want,want,False,anger,0.0014037666842341423,0.0014037666842341423,0.3762655258178711,0.2548178732395172,0.34,1,0,605,FP32-token-IDs
ClinicalBERT,d0judl,497,101,1328,want,want,False,brain dysfunction (forget),0.0017659538425505161,0.0017659538425505161,0.28944262862205505,0.10743621736764908,0.34,0,0,605,FP32-token-IDs
ClinicalBERT,d0judl,497,101,1328,want,want,False,emptiness,-0.0053903633379377425,0.0053903633379377425,0.24809464812278748,0.6140236258506775,0.34,1,1,605,FP32-token-IDs
ClinicalBERT,d0judl,497,101,1328,want,want,False,hopelessness,0.004088224843144417,0.004088224843144417,0.4362408518791199,0.9561159014701843,0.34,1,1,605,FP32-token-IDs
ClinicalBERT,d0judl,497,101,1328,want,want,False,loneliness,-0.005638034170260653,0.005638034170260653,0.2951934039592743,0.806180477142334,0.34,1,1,605,FP32-token-IDs
ClinicalBERT,d0judl,497,101,1328,want,want,False,sadness,0.003970901248976588,0.003970901248976588,0.41675707697868347,0.9700830578804016,0.34,1,1,605,FP32-token-IDs
ClinicalBERT,d0judl,497,101,1328,want,want,False,suicide intent,-0.00026341723423684016,0.00026341723423684016,0.18940040469169617,0.026107339188456535,0.34,0,0,605,FP32-token-IDs
ClinicalBERT,d0judl,497,101,1328,want,want,False,worthlessness,0.005125922849401832,0.005125922849401832,0.37746235728263855,0.7499178647994995,0.34,1,1,605,FP32-token-IDs
ClinicalBERT,d0judl,497,102,1106,to,to,False,anger,-0.004665727843530476,0.004665727843530476,0.3762655258178711,0.2548178732395172,0.34,1,0,605,FP32-token-IDs
ClinicalBERT,d0judl,497,102,1106,to,to,False,brain dysfunction (forget),-0.0018815243383869529,0.0018815243383869529,0.28944262862205505,0.10743621736764908,0.34,0,0,605,FP32-token-IDs
ClinicalBERT,d0judl,497,102,1106,to,to,False,emptiness,0.005538326717214659,0.005538326717214659,0.24809464812278748,0.6140236258506775,0.34,1,1,605,FP32-token-IDs
ClinicalBERT,d0judl,497,102,1106,to,to,False,hopelessness,-0.0002067340537905693,0.0002067340537905693,0.4362408518791199,0.9561159014701843,0.34,1,1,605,FP32-token-IDs
ClinicalBERT,d0judl,497,102,1106,to,to,False,loneliness,0.008788135251961648,0.008788135251961648,0.2951934039592743,0.806180477142334,0.34,1,1,605,FP32-token-IDs
ClinicalBERT,d0judl,497,102,1106,to,to,False,sadness,0.000859767897054553,0.000859767897054553,0.41675707697868347,0.9700830578804016,0.34,1,1,605,FP32-token-IDs
ClinicalBERT,d0judl,497,102,1106,to,to,False,suicide intent,-0.0007053862573229708,0.0007053862573229708,0.18940040469169617,0.026107339188456535,0.34,0,0,605,FP32-token-IDs
ClinicalBERT,d0judl,497,102,1106,to,to,False,worthlessness,-0.006658830912783742,0.006658830912783742,0.37746235728263855,0.7499178647994995,0.34,1,1,605,FP32-token-IDs
ClinicalBERT,d0judl,497,103,1129,be,be,False,anger,-0.004665727843530476,0.004665727843530476,0.3762655258178711,0.2548178732395172,0.34,1,0,605,FP32-token-IDs
ClinicalBERT,d0judl,497,103,1129,be,be,False,brain dysfunction (forget),-0.0018815243383869529,0.0018815243383869529,0.28944262862205505,0.10743621736764908,0.34,0,0,605,FP32-token-IDs
ClinicalBERT,d0judl,497,103,1129,be,be,False,emptiness,0.005538326717214659,0.005538326717214659,0.24809464812278748,0.6140236258506775,0.34,1,1,605,FP32-token-IDs
ClinicalBERT,d0judl,497,103,1129,be,be,False,hopelessness,-0.0002067340537905693,0.0002067340537905693,0.4362408518791199,0.9561159014701843,0.34,1,1,605,FP32-token-IDs
ClinicalBERT,d0judl,497,103,1129,be,be,False,loneliness,0.008788135251961648,0.008788135251961648,0.2951934039592743,0.806180477142334,0.34,1,1,605,FP32-token-IDs
ClinicalBERT,d0judl,497,103,1129,be,be,False,sadness,0.000859767897054553,0.000859767897054553,0.41675707697868347,0.9700830578804016,0.34,1,1,605,FP32-token-IDs
ClinicalBERT,d0judl,497,103,1129,be,be,False,suicide intent,-0.0007053862573229708,0.0007053862573229708,0.18940040469169617,0.026107339188456535,0.34,0,0,605,FP32-token-IDs
ClinicalBERT,d0judl,497,103,1129,be,be,False,worthlessness,-0.006658830912783742,0.006658830912783742,0.37746235728263855,0.7499178647994995,0.34,1,1,605,FP32-token-IDs
ClinicalBERT,d0judl,497,104,1286,left,left,False,anger,0.007858849712647498,0.007858849712647498,0.3762655258178711,0.2548178732395172,0.34,1,0,605,FP32-token-IDs
ClinicalBERT,d0judl,497,104,1286,left,left,False,brain dysfunction (forget),0.00347635691286996,0.00347635691286996,0.28944262862205505,0.10743621736764908,0.34,0,0,605,FP32-token-IDs
ClinicalBERT,d0judl,497,104,1286,left,left,False,emptiness,0.004891359276371077,0.004891359276371077,0.24809464812278748,0.6140236258506775,0.34,1,1,605,FP32-token-IDs
ClinicalBERT,d0judl,497,104,1286,left,left,False,hopelessness,0.006873218342661858,0.006873218342661858,0.4362408518791199,0.9561159014701843,0.34,1,1,605,FP32-token-IDs
ClinicalBERT,d0judl,497,104,1286,left,left,False,loneliness,0.007178216706961393,0.007178216706961393,0.2951934039592743,0.806180477142334,0.34,1,1,605,FP32-token-IDs
ClinicalBERT,d0judl,497,104,1286,left,left,False,sadness,0.0049351046327501535,0.0049351046327501535,0.41675707697868347,0.9700830578804016,0.34,1,1,605,FP32-token-IDs
ClinicalBERT,d0judl,497,104,1286,left,left,False,suicide intent,0.00034997317561646923,0.00034997317561646923,0.18940040469169617,0.026107339188456535,0.34,0,0,605,FP32-token-IDs
ClinicalBERT,d0judl,497,104,1286,left,left,False,worthlessness,0.008825018303468823,0.008825018303468823,0.37746235728263855,0.7499178647994995,0.34,1,1,605,FP32-token-IDs
ClinicalBERT,d0judl,497,105,2041,alone,alone,False,anger,-0.01499423326458782,0.01499423326458782,0.3762655258178711,0.2548178732395172,0.34,1,0,605,FP32-token-IDs
ClinicalBERT,d0judl,497,105,2041,alone,alone,False,brain dysfunction (forget),-0.004904213186819106,0.004904213186819106,0.28944262862205505,0.10743621736764908,0.34,0,0,605,FP32-token-IDs
ClinicalBERT,d0judl,497,105,2041,alone,alone,False,emptiness,0.2214535315579269,0.2214535315579269,0.24809464812278748,0.6140236258506775,0.34,1,1,605,FP32-token-IDs
ClinicalBERT,d0judl,497,105,2041,alone,alone,False,hopelessness,0.021409254521131516,0.021409254521131516,0.4362408518791199,0.9561159014701843,0.34,1,1,605,FP32-token-IDs
ClinicalBERT,d0judl,497,105,2041,alone,alone,False,loneliness,0.3333977536531165,0.3333977536531165,0.2951934039592743,0.806180477142334,0.34,1,1,605,FP32-token-IDs
ClinicalBERT,d0judl,497,105,2041,alone,alone,False,sadness,0.02589633991010487,0.02589633991010487,0.41675707697868347,0.9700830578804016,0.34,1,1,605,FP32-token-IDs
ClinicalBERT,d0judl,497,105,2041,alone,alone,False,suicide intent,0.0018619834372657351,0.0018619834372657351,0.18940040469169617,0.026107339188456535,0.34,0,0,605,FP32-token-IDs
ClinicalBERT,d0judl,497,105,2041,alone,alone,False,worthlessness,0.0174290353897959,0.0174290353897959,0.37746235728263855,0.7499178647994995,0.34,1,1,605,FP32-token-IDs
ClinicalBERT,d0judl,497,106,1106,to,to,False,anger,0.05983418974016483,0.05983418974016483,0.3762655258178711,0.2548178732395172,0.34,1,0,605,FP32-token-IDs
ClinicalBERT,d0judl,497,106,1106,to,to,False,brain dysfunction (forget),0.0029000709919879833,0.0029000709919879833,0.28944262862205505,0.10743621736764908,0.34,0,0,605,FP32-token-IDs
ClinicalBERT,d0judl,497,106,1106,to,to,False,emptiness,-0.014756532562508558,0.014756532562508558,0.24809464812278748,0.6140236258506775,0.34,1,1,605,FP32-token-IDs
ClinicalBERT,d0judl,497,106,1106,to,to,False,hopelessness,0.019519588847955068,0.019519588847955068,0.4362408518791199,0.9561159014701843,0.34,1,1,605,FP32-token-IDs
ClinicalBERT,d0judl,497,106,1106,to,to,False,loneliness,-0.011796244901294509,0.011796244901294509,0.2951934039592743,0.806180477142334,0.34,1,1,605,FP32-token-IDs
ClinicalBERT,d0judl,497,106,1106,to,to,False,sadness,0.004599405452609062,0.004599405452609062,0.41675707697868347,0.9700830578804016,0.34,1,1,605,FP32-token-IDs
ClinicalBERT,d0judl,497,106,1106,to,to,False,suicide intent,0.0048921791897252355,0.0048921791897252355,0.18940040469169617,0.026107339188456535,0.34,0,0,605,FP32-token-IDs
ClinicalBERT,d0judl,497,106,1106,to,to,False,worthlessness,0.029247416509315373,0.029247416509315373,0.37746235728263855,0.7499178647994995,0.34,1,1,605,FP32-token-IDs
ClinicalBERT,d0judl,497,107,4819,hate,hate,False,anger,0.0677677486363488,0.0677677486363488,0.3762655258178711,0.2548178732395172,0.34,1,0,605,FP32-token-IDs
ClinicalBERT,d0judl,497,107,4819,hate,hate,False,brain dysfunction (forget),0.003629451400289933,0.003629451400289933,0.28944262862205505,0.10743621736764908,0.34,0,0,605,FP32-token-IDs
ClinicalBERT,d0judl,497,107,4819,hate,hate,False,emptiness,-0.014908391227557634,0.014908391227557634,0.24809464812278748,0.6140236258506775,0.34,1,1,605,FP32-token-IDs
ClinicalBERT,d0judl,497,107,4819,hate,hate,False,hopelessness,0.020016731632252534,0.020016731632252534,0.4362408518791199,0.9561159014701843,0.34,1,1,605,FP32-token-IDs
ClinicalBERT,d0judl,497,107,4819,hate,hate,False,loneliness,-0.011508392767670253,0.011508392767670253,0.2951934039592743,0.806180477142334,0.34,1,1,605,FP32-token-IDs
ClinicalBERT,d0judl,497,107,4819,hate,hate,False,sadness,0.0044710878282785416,0.0044710878282785416,0.41675707697868347,0.9700830578804016,0.34,1,1,605,FP32-token-IDs
ClinicalBERT,d0judl,497,107,4819,hate,hate,False,suicide intent,0.004933291871808857,0.004933291871808857,0.18940040469169617,0.026107339188456535,0.34,0,0,605,FP32-token-IDs
ClinicalBERT,d0judl,497,107,4819,hate,hate,False,worthlessness,0.03195665157400072,0.03195665157400072,0.37746235728263855,0.7499178647994995,0.34,1,1,605,FP32-token-IDs
ClinicalBERT,d0judl,497,108,1917,everything,everything,False,anger,0.019410022464580835,0.019410022464580835,0.3762655258178711,0.2548178732395172,0.34,1,0,605,FP32-token-IDs
ClinicalBERT,d0judl,497,108,1917,everything,everything,False,brain dysfunction (forget),-0.0007728616707026957,0.0007728616707026957,0.28944262862205505,0.10743621736764908,0.34,0,0,605,FP32-token-IDs
ClinicalBERT,d0judl,497,108,1917,everything,everything,False,emptiness,-0.009542610701949646,0.009542610701949646,0.24809464812278748,0.6140236258506775,0.34,1,1,605,FP32-token-IDs
ClinicalBERT,d0judl,497,108,1917,everything,everything,False,hopelessness,0.013293179931739965,0.013293179931739965,0.4362408518791199,0.9561159014701843,0.34,1,1,605,FP32-token-IDs
ClinicalBERT,d0judl,497,108,1917,everything,everything,False,loneliness,-0.008473609201610088,0.008473609201610088,0.2951934039592743,0.806180477142334,0.34,1,1,605,FP32-token-IDs
ClinicalBERT,d0judl,497,108,1917,everything,everything,False,sadness,0.006996842101216316,0.006996842101216316,0.41675707697868347,0.9700830578804016,0.34,1,1,605,FP32-token-IDs
ClinicalBERT,d0judl,497,108,1917,everything,everything,False,suicide intent,0.005076853458012919,0.005076853458012919,0.18940040469169617,0.026107339188456535,0.34,0,0,605,FP32-token-IDs
ClinicalBERT,d0judl,497,108,1917,everything,everything,False,worthlessness,0.009452045677850643,0.009452045677850643,0.37746235728263855,0.7499178647994995,0.34,1,1,605,FP32-token-IDs
ClinicalBERT,d0judl,497,109,1107,in,in,False,anger,0.019410022464580835,0.019410022464580835,0.3762655258178711,0.2548178732395172,0.34,1,0,605,FP32-token-IDs
ClinicalBERT,d0judl,497,109,1107,in,in,False,brain dysfunction (forget),-0.0007728616707026957,0.0007728616707026957,0.28944262862205505,0.10743621736764908,0.34,0,0,605,FP32-token-IDs
ClinicalBERT,d0judl,497,109,1107,in,in,False,emptiness,-0.009542610701949646,0.009542610701949646,0.24809464812278748,0.6140236258506775,0.34,1,1,605,FP32-token-IDs
ClinicalBERT,d0judl,497,109,1107,in,in,False,hopelessness,0.013293179931739965,0.013293179931739965,0.4362408518791199,0.9561159014701843,0.34,1,1,605,FP32-token-IDs
ClinicalBERT,d0judl,497,109,1107,in,in,False,loneliness,-0.008473609201610088,0.008473609201610088,0.2951934039592743,0.806180477142334,0.34,1,1,605,FP32-token-IDs
ClinicalBERT,d0judl,497,109,1107,in,in,False,sadness,0.006996842101216316,0.006996842101216316,0.41675707697868347,0.9700830578804016,0.34,1,1,605,FP32-token-IDs
ClinicalBERT,d0judl,497,109,1107,in,in,False,suicide intent,0.005076853458012919,0.005076853458012919,0.18940040469169617,0.026107339188456535,0.34,0,0,605,FP32-token-IDs
ClinicalBERT,d0judl,497,109,1107,in,in,False,worthlessness,0.009452045677850643,0.009452045677850643,0.37746235728263855,0.7499178647994995,0.34,1,1,605,FP32-token-IDs
ClinicalBERT,d0judl,497,110,3519,peace,peace,False,anger,0.019410022464580835,0.019410022464580835,0.3762655258178711,0.2548178732395172,0.34,1,0,605,FP32-token-IDs
ClinicalBERT,d0judl,497,110,3519,peace,peace,False,brain dysfunction (forget),-0.0007728616707026957,0.0007728616707026957,0.28944262862205505,0.10743621736764908,0.34,0,0,605,FP32-token-IDs
ClinicalBERT,d0judl,497,110,3519,peace,peace,False,emptiness,-0.009542610701949646,0.009542610701949646,0.24809464812278748,0.6140236258506775,0.34,1,1,605,FP32-token-IDs
ClinicalBERT,d0judl,497,110,3519,peace,peace,False,hopelessness,0.013293179931739965,0.013293179931739965,0.4362408518791199,0.9561159014701843,0.34,1,1,605,FP32-token-IDs
ClinicalBERT,d0judl,497,110,3519,peace,peace,False,loneliness,-0.008473609201610088,0.008473609201610088,0.2951934039592743,0.806180477142334,0.34,1,1,605,FP32-token-IDs
ClinicalBERT,d0judl,497,110,3519,peace,peace,False,sadness,0.006996842101216316,0.006996842101216316,0.41675707697868347,0.9700830578804016,0.34,1,1,605,FP32-token-IDs
ClinicalBERT,d0judl,497,110,3519,peace,peace,False,suicide intent,0.005076853458012919,0.005076853458012919,0.18940040469169617,0.026107339188456535,0.34,0,0,605,FP32-token-IDs
ClinicalBERT,d0judl,497,110,3519,peace,peace,False,worthlessness,0.009452045677850643,0.009452045677850643,0.37746235728263855,0.7499178647994995,0.34,1,1,605,FP32-token-IDs
ClinicalBERT,d0judl,497,111,119,.,.,False,anger,-0.002080307186891635,0.002080307186891635,0.3762655258178711,0.2548178732395172,0.34,1,0,605,FP32-token-IDs
ClinicalBERT,d0judl,497,111,119,.,.,False,brain dysfunction (forget),-0.0007757885226358969,0.0007757885226358969,0.28944262862205505,0.10743621736764908,0.34,0,0,605,FP32-token-IDs
ClinicalBERT,d0judl,497,111,119,.,.,False,emptiness,-0.002851095710260173,0.002851095710260173,0.24809464812278748,0.6140236258506775,0.34,1,1,605,FP32-token-IDs
ClinicalBERT,d0judl,497,111,119,.,.,False,hopelessness,0.007327684511741002,0.007327684511741002,0.4362408518791199,0.9561159014701843,0.34,1,1,605,FP32-token-IDs
ClinicalBERT,d0judl,497,111,119,.,.,False,loneliness,-0.008340383452984193,0.008340383452984193,0.2951934039592743,0.806180477142334,0.34,1,1,605,FP32-token-IDs
ClinicalBERT,d0judl,497,111,119,.,.,False,sadness,0.0043424442410469055,0.0043424442410469055,0.41675707697868347,0.9700830578804016,0.34,1,1,605,FP32-token-IDs
ClinicalBERT,d0judl,497,111,119,.,.,False,suicide intent,0.0008534979230413835,0.0008534979230413835,0.18940040469169617,0.026107339188456535,0.34,0,0,605,FP32-token-IDs
ClinicalBERT,d0judl,497,111,119,.,.,False,worthlessness,0.008722588419914246,0.008722588419914246,0.37746235728263855,0.7499178647994995,0.34,1,1,605,FP32-token-IDs
ClinicalBERT,d0judl,497,112,7560,depression,depression,False,anger,-0.04887006875254552,0.04887006875254552,0.3762655258178711,0.2548178732395172,0.34,1,0,605,FP32-token-IDs
ClinicalBERT,d0judl,497,112,7560,depression,depression,False,brain dysfunction (forget),-0.007119873173492538,0.007119873173492538,0.28944262862205505,0.10743621736764908,0.34,0,0,605,FP32-token-IDs
ClinicalBERT,d0judl,497,112,7560,depression,depression,False,emptiness,0.012324198443710693,0.012324198443710693,0.24809464812278748,0.6140236258506775,0.34,1,1,605,FP32-token-IDs
ClinicalBERT,d0judl,497,112,7560,depression,depression,False,hopelessness,0.026693410748107865,0.026693410748107865,0.4362408518791199,0.9561159014701843,0.34,1,1,605,FP32-token-IDs
ClinicalBERT,d0judl,497,112,7560,depression,depression,False,loneliness,-0.016643152002485073,0.016643152002485073,0.2951934039592743,0.806180477142334,0.34,1,1,605,FP32-token-IDs
ClinicalBERT,d0judl,497,112,7560,depression,depression,False,sadness,0.035009330329061915,0.035009330329061915,0.41675707697868347,0.9700830578804016,0.34,1,1,605,FP32-token-IDs
ClinicalBERT,d0judl,497,112,7560,depression,depression,False,suicide intent,0.006138832545151342,0.006138832545151342,0.18940040469169617,0.026107339188456535,0.34,0,0,605,FP32-token-IDs
ClinicalBERT,d0judl,497,112,7560,depression,depression,False,worthlessness,0.017255066922216705,0.017255066922216705,0.37746235728263855,0.7499178647994995,0.34,1,1,605,FP32-token-IDs
ClinicalBERT,d0judl,497,113,1110,is,is,False,anger,-0.04887006875254552,0.04887006875254552,0.3762655258178711,0.2548178732395172,0.34,1,0,605,FP32-token-IDs
ClinicalBERT,d0judl,497,113,1110,is,is,False,brain dysfunction (forget),-0.007119873173492538,0.007119873173492538,0.28944262862205505,0.10743621736764908,0.34,0,0,605,FP32-token-IDs
ClinicalBERT,d0judl,497,113,1110,is,is,False,emptiness,0.012324198443710693,0.012324198443710693,0.24809464812278748,0.6140236258506775,0.34,1,1,605,FP32-token-IDs
ClinicalBERT,d0judl,497,113,1110,is,is,False,hopelessness,0.026693410748107865,0.026693410748107865,0.4362408518791199,0.9561159014701843,0.34,1,1,605,FP32-token-IDs
ClinicalBERT,d0judl,497,113,1110,is,is,False,loneliness,-0.016643152002485073,0.016643152002485073,0.2951934039592743,0.806180477142334,0.34,1,1,605,FP32-token-IDs
ClinicalBERT,d0judl,497,113,1110,is,is,False,sadness,0.035009330329061915,0.035009330329061915,0.41675707697868347,0.9700830578804016,0.34,1,1,605,FP32-token-IDs
ClinicalBERT,d0judl,497,113,1110,is,is,False,suicide intent,0.006138832545151342,0.006138832545151342,0.18940040469169617,0.026107339188456535,0.34,0,0,605,FP32-token-IDs
ClinicalBERT,d0judl,497,113,1110,is,is,False,worthlessness,0.017255066922216705,0.017255066922216705,0.37746235728263855,0.7499178647994995,0.34,1,1,605,FP32-token-IDs
ClinicalBERT,d0judl,497,114,5902,rough,rough,False,anger,-0.04887006875254552,0.04887006875254552,0.3762655258178711,0.2548178732395172,0.34,1,0,605,FP32-token-IDs
ClinicalBERT,d0judl,497,114,5902,rough,rough,False,brain dysfunction (forget),-0.007119873173492538,0.007119873173492538,0.28944262862205505,0.10743621736764908,0.34,0,0,605,FP32-token-IDs
ClinicalBERT,d0judl,497,114,5902,rough,rough,False,emptiness,0.012324198443710693,0.012324198443710693,0.24809464812278748,0.6140236258506775,0.34,1,1,605,FP32-token-IDs
ClinicalBERT,d0judl,497,114,5902,rough,rough,False,hopelessness,0.026693410748107865,0.026693410748107865,0.4362408518791199,0.9561159014701843,0.34,1,1,605,FP32-token-IDs
ClinicalBERT,d0judl,497,114,5902,rough,rough,False,loneliness,-0.016643152002485073,0.016643152002485073,0.2951934039592743,0.806180477142334,0.34,1,1,605,FP32-token-IDs
ClinicalBERT,d0judl,497,114,5902,rough,rough,False,sadness,0.035009330329061915,0.035009330329061915,0.41675707697868347,0.9700830578804016,0.34,1,1,605,FP32-token-IDs
ClinicalBERT,d0judl,497,114,5902,rough,rough,False,suicide intent,0.006138832545151342,0.006138832545151342,0.18940040469169617,0.026107339188456535,0.34,0,0,605,FP32-token-IDs
ClinicalBERT,d0judl,497,114,5902,rough,rough,False,worthlessness,0.017255066922216705,0.017255066922216705,0.37746235728263855,0.7499178647994995,0.34,1,1,605,FP32-token-IDs
ClinicalBERT,d0judl,497,115,119,.,.,False,anger,-0.006214259435761382,0.006214259435761382,0.3762655258178711,0.2548178732395172,0.34,1,0,605,FP32-token-IDs
ClinicalBERT,d0judl,497,115,119,.,.,False,brain dysfunction (forget),-0.0033499701954001052,0.0033499701954001052,0.28944262862205505,0.10743621736764908,0.34,0,0,605,FP32-token-IDs
ClinicalBERT,d0judl,497,115,119,.,.,False,emptiness,-0.0051858879318884155,0.0051858879318884155,0.24809464812278748,0.6140236258506775,0.34,1,1,605,FP32-token-IDs
ClinicalBERT,d0judl,497,115,119,.,.,False,hopelessness,0.01584389763460918,0.01584389763460918,0.4362408518791199,0.9561159014701843,0.34,1,1,605,FP32-token-IDs
ClinicalBERT,d0judl,497,115,119,.,.,False,loneliness,-0.013475589893377302,0.013475589893377302,0.2951934039592743,0.806180477142334,0.34,1,1,605,FP32-token-IDs
ClinicalBERT,d0judl,497,115,119,.,.,False,sadness,0.01742499713277952,0.01742499713277952,0.41675707697868347,0.9700830578804016,0.34,1,1,605,FP32-token-IDs
ClinicalBERT,d0judl,497,115,119,.,.,False,suicide intent,0.0024249135061505844,0.0024249135061505844,0.18940040469169617,0.026107339188456535,0.34,0,0,605,FP32-token-IDs
ClinicalBERT,d0judl,497,115,119,.,.,False,worthlessness,0.0057464422319423065,0.0057464422319423065,0.37746235728263855,0.7499178647994995,0.34,1,1,605,FP32-token-IDs
ClinicalBERT,d0judl,497,116,1674,does,does,False,anger,-0.002284081954382021,0.002284081954382021,0.3762655258178711,0.2548178732395172,0.34,1,0,605,FP32-token-IDs
ClinicalBERT,d0judl,497,116,1674,does,does,False,brain dysfunction (forget),0.0009759503209588493,0.0009759503209588493,0.28944262862205505,0.10743621736764908,0.34,0,0,605,FP32-token-IDs
ClinicalBERT,d0judl,497,116,1674,does,does,False,emptiness,0.006298679069240953,0.006298679069240953,0.24809464812278748,0.6140236258506775,0.34,1,1,605,FP32-token-IDs
ClinicalBERT,d0judl,497,116,1674,does,does,False,hopelessness,0.0028216267161845386,0.0028216267161845386,0.4362408518791199,0.9561159014701843,0.34,1,1,605,FP32-token-IDs
ClinicalBERT,d0judl,497,116,1674,does,does,False,loneliness,0.004278461184267971,0.004278461184267971,0.2951934039592743,0.806180477142334,0.34,1,1,605,FP32-token-IDs
ClinicalBERT,d0judl,497,116,1674,does,does,False,sadness,0.0016796072255578134,0.0016796072255578134,0.41675707697868347,0.9700830578804016,0.34,1,1,605,FP32-token-IDs
ClinicalBERT,d0judl,497,116,1674,does,does,False,suicide intent,-0.0006400425197891498,0.0006400425197891498,0.18940040469169617,0.026107339188456535,0.34,0,0,605,FP32-token-IDs
ClinicalBERT,d0judl,497,116,1674,does,does,False,worthlessness,0.005462435845213083,0.005462435845213083,0.37746235728263855,0.7499178647994995,0.34,1,1,605,FP32-token-IDs
ClinicalBERT,d0judl,497,117,2256,anyone,anyone,False,anger,-0.002284081954382021,0.002284081954382021,0.3762655258178711,0.2548178732395172,0.34,1,0,605,FP32-token-IDs
ClinicalBERT,d0judl,497,117,2256,anyone,anyone,False,brain dysfunction (forget),0.0009759503209588493,0.0009759503209588493,0.28944262862205505,0.10743621736764908,0.34,0,0,605,FP32-token-IDs
ClinicalBERT,d0judl,497,117,2256,anyone,anyone,False,emptiness,0.006298679069240953,0.006298679069240953,0.24809464812278748,0.6140236258506775,0.34,1,1,605,FP32-token-IDs
ClinicalBERT,d0judl,497,117,2256,anyone,anyone,False,hopelessness,0.0028216267161845386,0.0028216267161845386,0.4362408518791199,0.9561159014701843,0.34,1,1,605,FP32-token-IDs
ClinicalBERT,d0judl,497,117,2256,anyone,anyone,False,loneliness,0.004278461184267971,0.004278461184267971,0.2951934039592743,0.806180477142334,0.34,1,1,605,FP32-token-IDs
ClinicalBERT,d0judl,497,117,2256,anyone,anyone,False,sadness,0.0016796072255578134,0.0016796072255578134,0.41675707697868347,0.9700830578804016,0.34,1,1,605,FP32-token-IDs
ClinicalBERT,d0judl,497,117,2256,anyone,anyone,False,suicide intent,-0.0006400425197891498,0.0006400425197891498,0.18940040469169617,0.026107339188456535,0.34,0,0,605,FP32-token-IDs
ClinicalBERT,d0judl,497,117,2256,anyone,anyone,False,worthlessness,0.005462435845213083,0.005462435845213083,0.37746235728263855,0.7499178647994995,0.34,1,1,605,FP32-token-IDs
ClinicalBERT,d0judl,497,118,1950,else,else,False,anger,-0.002284081954382021,0.002284081954382021,0.3762655258178711,0.2548178732395172,0.34,1,0,605,FP32-token-IDs
ClinicalBERT,d0judl,497,118,1950,else,else,False,brain dysfunction (forget),0.0009759503209588493,0.0009759503209588493,0.28944262862205505,0.10743621736764908,0.34,0,0,605,FP32-token-IDs
ClinicalBERT,d0judl,497,118,1950,else,else,False,emptiness,0.006298679069240953,0.006298679069240953,0.24809464812278748,0.6140236258506775,0.34,1,1,605,FP32-token-IDs
ClinicalBERT,d0judl,497,118,1950,else,else,False,hopelessness,0.0028216267161845386,0.0028216267161845386,0.4362408518791199,0.9561159014701843,0.34,1,1,605,FP32-token-IDs
ClinicalBERT,d0judl,497,118,1950,else,else,False,loneliness,0.004278461184267971,0.004278461184267971,0.2951934039592743,0.806180477142334,0.34,1,1,605,FP32-token-IDs
ClinicalBERT,d0judl,497,118,1950,else,else,False,sadness,0.0016796072255578134,0.0016796072255578134,0.41675707697868347,0.9700830578804016,0.34,1,1,605,FP32-token-IDs
ClinicalBERT,d0judl,497,118,1950,else,else,False,suicide intent,-0.0006400425197891498,0.0006400425197891498,0.18940040469169617,0.026107339188456535,0.34,0,0,605,FP32-token-IDs
ClinicalBERT,d0judl,497,118,1950,else,else,False,worthlessness,0.005462435845213083,0.005462435845213083,0.37746235728263855,0.7499178647994995,0.34,1,1,605,FP32-token-IDs
ClinicalBERT,d0judl,497,119,2239,deal,deal,False,anger,-0.002284081954382021,0.002284081954382021,0.3762655258178711,0.2548178732395172,0.34,1,0,605,FP32-token-IDs
ClinicalBERT,d0judl,497,119,2239,deal,deal,False,brain dysfunction (forget),0.0009759503209588493,0.0009759503209588493,0.28944262862205505,0.10743621736764908,0.34,0,0,605,FP32-token-IDs
ClinicalBERT,d0judl,497,119,2239,deal,deal,False,emptiness,0.006298679069240953,0.006298679069240953,0.24809464812278748,0.6140236258506775,0.34,1,1,605,FP32-token-IDs
ClinicalBERT,d0judl,497,119,2239,deal,deal,False,hopelessness,0.0028216267161845386,0.0028216267161845386,0.4362408518791199,0.9561159014701843,0.34,1,1,605,FP32-token-IDs
ClinicalBERT,d0judl,497,119,2239,deal,deal,False,loneliness,0.004278461184267971,0.004278461184267971,0.2951934039592743,0.806180477142334,0.34,1,1,605,FP32-token-IDs
ClinicalBERT,d0judl,497,119,2239,deal,deal,False,sadness,0.0016796072255578134,0.0016796072255578134,0.41675707697868347,0.9700830578804016,0.34,1,1,605,FP32-token-IDs
ClinicalBERT,d0judl,497,119,2239,deal,deal,False,suicide intent,-0.0006400425197891498,0.0006400425197891498,0.18940040469169617,0.026107339188456535,0.34,0,0,605,FP32-token-IDs
ClinicalBERT,d0judl,497,119,2239,deal,deal,False,worthlessness,0.005462435845213083,0.005462435845213083,0.37746235728263855,0.7499178647994995,0.34,1,1,605,FP32-token-IDs
ClinicalBERT,d0judl,497,120,1114,with,with,False,anger,-0.003276284833466916,0.003276284833466916,0.3762655258178711,0.2548178732395172,0.34,1,0,605,FP32-token-IDs
ClinicalBERT,d0judl,497,120,1114,with,with,False,brain dysfunction (forget),0.00012877233350625287,0.00012877233350625287,0.28944262862205505,0.10743621736764908,0.34,0,0,605,FP32-token-IDs
ClinicalBERT,d0judl,497,120,1114,with,with,False,emptiness,0.0011292277549058843,0.0011292277549058843,0.24809464812278748,0.6140236258506775,0.34,1,1,605,FP32-token-IDs
ClinicalBERT,d0judl,497,120,1114,with,with,False,hopelessness,0.0024447196941355088,0.0024447196941355088,0.4362408518791199,0.9561159014701843,0.34,1,1,605,FP32-token-IDs
ClinicalBERT,d0judl,497,120,1114,with,with,False,loneliness,-0.00038087227607541007,0.00038087227607541007,0.2951934039592743,0.806180477142334,0.34,1,1,605,FP32-token-IDs
ClinicalBERT,d0judl,497,120,1114,with,with,False,sadness,0.0016365532694763436,0.0016365532694763436,0.41675707697868347,0.9700830578804016,0.34,1,1,605,FP32-token-IDs
ClinicalBERT,d0judl,497,120,1114,with,with,False,suicide intent,-0.0009167479287915626,0.0009167479287915626,0.18940040469169617,0.026107339188456535,0.34,0,0,605,FP32-token-IDs
ClinicalBERT,d0judl,497,120,1114,with,with,False,worthlessness,0.0032306320449232537,0.0032306320449232537,0.37746235728263855,0.7499178647994995,0.34,1,1,605,FP32-token-IDs
ClinicalBERT,d0judl,497,121,1142,this,this,False,anger,-0.003276284833466916,0.003276284833466916,0.3762655258178711,0.2548178732395172,0.34,1,0,605,FP32-token-IDs
ClinicalBERT,d0judl,497,121,1142,this,this,False,brain dysfunction (forget),0.00012877233350625287,0.00012877233350625287,0.28944262862205505,0.10743621736764908,0.34,0,0,605,FP32-token-IDs
ClinicalBERT,d0judl,497,121,1142,this,this,False,emptiness,0.0011292277549058843,0.0011292277549058843,0.24809464812278748,0.6140236258506775,0.34,1,1,605,FP32-token-IDs
ClinicalBERT,d0judl,497,121,1142,this,this,False,hopelessness,0.0024447196941355088,0.0024447196941355088,0.4362408518791199,0.9561159014701843,0.34,1,1,605,FP32-token-IDs
ClinicalBERT,d0judl,497,121,1142,this,this,False,loneliness,-0.00038087227607541007,0.00038087227607541007,0.2951934039592743,0.806180477142334,0.34,1,1,605,FP32-token-IDs
ClinicalBERT,d0judl,497,121,1142,this,this,False,sadness,0.0016365532694763436,0.0016365532694763436,0.41675707697868347,0.9700830578804016,0.34,1,1,605,FP32-token-IDs
ClinicalBERT,d0judl,497,121,1142,this,this,False,suicide intent,-0.0009167479287915626,0.0009167479287915626,0.18940040469169617,0.026107339188456535,0.34,0,0,605,FP32-token-IDs
ClinicalBERT,d0judl,497,121,1142,this,this,False,worthlessness,0.0032306320449232537,0.0032306320449232537,0.37746235728263855,0.7499178647994995,0.34,1,1,605,FP32-token-IDs
ClinicalBERT,d0judl,497,122,136,?,?,False,anger,-0.003276284833466916,0.003276284833466916,0.3762655258178711,0.2548178732395172,0.34,1,0,605,FP32-token-IDs
ClinicalBERT,d0judl,497,122,136,?,?,False,brain dysfunction (forget),0.00012877233350625287,0.00012877233350625287,0.28944262862205505,0.10743621736764908,0.34,0,0,605,FP32-token-IDs
ClinicalBERT,d0judl,497,122,136,?,?,False,emptiness,0.0011292277549058843,0.0011292277549058843,0.24809464812278748,0.6140236258506775,0.34,1,1,605,FP32-token-IDs
ClinicalBERT,d0judl,497,122,136,?,?,False,hopelessness,0.0024447196941355088,0.0024447196941355088,0.4362408518791199,0.9561159014701843,0.34,1,1,605,FP32-token-IDs
ClinicalBERT,d0judl,497,122,136,?,?,False,loneliness,-0.00038087227607541007,0.00038087227607541007,0.2951934039592743,0.806180477142334,0.34,1,1,605,FP32-token-IDs
ClinicalBERT,d0judl,497,122,136,?,?,False,sadness,0.0016365532694763436,0.0016365532694763436,0.41675707697868347,0.9700830578804016,0.34,1,1,605,FP32-token-IDs
ClinicalBERT,d0judl,497,122,136,?,?,False,suicide intent,-0.0009167479287915626,0.0009167479287915626,0.18940040469169617,0.026107339188456535,0.34,0,0,605,FP32-token-IDs
ClinicalBERT,d0judl,497,122,136,?,?,False,worthlessness,0.0032306320449232537,0.0032306320449232537,0.37746235728263855,0.7499178647994995,0.34,1,1,605,FP32-token-IDs
ClinicalBERT,d0judl,497,123,1293,how,how,False,anger,0.00093460879621229,0.00093460879621229,0.3762655258178711,0.2548178732395172,0.34,1,0,605,FP32-token-IDs
ClinicalBERT,d0judl,497,123,1293,how,how,False,brain dysfunction (forget),-0.0017862233632643307,0.0017862233632643307,0.28944262862205505,0.10743621736764908,0.34,0,0,605,FP32-token-IDs
ClinicalBERT,d0judl,497,123,1293,how,how,False,emptiness,0.00018961885611393627,0.00018961885611393627,0.24809464812278748,0.6140236258506775,0.34,1,1,605,FP32-token-IDs
ClinicalBERT,d0judl,497,123,1293,how,how,False,hopelessness,0.0032327759877911633,0.0032327759877911633,0.4362408518791199,0.9561159014701843,0.34,1,1,605,FP32-token-IDs
ClinicalBERT,d0judl,497,123,1293,how,how,False,loneliness,0.0007462714399610246,0.0007462714399610246,0.2951934039592743,0.806180477142334,0.34,1,1,605,FP32-token-IDs
ClinicalBERT,d0judl,497,123,1293,how,how,False,sadness,0.0027572080226881163,0.0027572080226881163,0.41675707697868347,0.9700830578804016,0.34,1,1,605,FP32-token-IDs
ClinicalBERT,d0judl,497,123,1293,how,how,False,suicide intent,-0.0011450355190650693,0.0011450355190650693,0.18940040469169617,0.026107339188456535,0.34,0,0,605,FP32-token-IDs
ClinicalBERT,d0judl,497,123,1293,how,how,False,worthlessness,0.0038213018727089676,0.0038213018727089676,0.37746235728263855,0.7499178647994995,0.34,1,1,605,FP32-token-IDs
ClinicalBERT,d0judl,497,124,1202,do,do,False,anger,0.00093460879621229,0.00093460879621229,0.3762655258178711,0.2548178732395172,0.34,1,0,605,FP32-token-IDs
ClinicalBERT,d0judl,497,124,1202,do,do,False,brain dysfunction (forget),-0.0017862233632643307,0.0017862233632643307,0.28944262862205505,0.10743621736764908,0.34,0,0,605,FP32-token-IDs
ClinicalBERT,d0judl,497,124,1202,do,do,False,emptiness,0.00018961885611393627,0.00018961885611393627,0.24809464812278748,0.6140236258506775,0.34,1,1,605,FP32-token-IDs
ClinicalBERT,d0judl,497,124,1202,do,do,False,hopelessness,0.0032327759877911633,0.0032327759877911633,0.4362408518791199,0.9561159014701843,0.34,1,1,605,FP32-token-IDs
ClinicalBERT,d0judl,497,124,1202,do,do,False,loneliness,0.0007462714399610246,0.0007462714399610246,0.2951934039592743,0.806180477142334,0.34,1,1,605,FP32-token-IDs
ClinicalBERT,d0judl,497,124,1202,do,do,False,sadness,0.0027572080226881163,0.0027572080226881163,0.41675707697868347,0.9700830578804016,0.34,1,1,605,FP32-token-IDs
ClinicalBERT,d0judl,497,124,1202,do,do,False,suicide intent,-0.0011450355190650693,0.0011450355190650693,0.18940040469169617,0.026107339188456535,0.34,0,0,605,FP32-token-IDs
ClinicalBERT,d0judl,497,124,1202,do,do,False,worthlessness,0.0038213018727089676,0.0038213018727089676,0.37746235728263855,0.7499178647994995,0.34,1,1,605,FP32-token-IDs
ClinicalBERT,d0judl,497,125,1128,you,you,False,anger,0.00093460879621229,0.00093460879621229,0.3762655258178711,0.2548178732395172,0.34,1,0,605,FP32-token-IDs
ClinicalBERT,d0judl,497,125,1128,you,you,False,brain dysfunction (forget),-0.0017862233632643307,0.0017862233632643307,0.28944262862205505,0.10743621736764908,0.34,0,0,605,FP32-token-IDs
ClinicalBERT,d0judl,497,125,1128,you,you,False,emptiness,0.00018961885611393627,0.00018961885611393627,0.24809464812278748,0.6140236258506775,0.34,1,1,605,FP32-token-IDs
ClinicalBERT,d0judl,497,125,1128,you,you,False,hopelessness,0.0032327759877911633,0.0032327759877911633,0.4362408518791199,0.9561159014701843,0.34,1,1,605,FP32-token-IDs
ClinicalBERT,d0judl,497,125,1128,you,you,False,loneliness,0.0007462714399610246,0.0007462714399610246,0.2951934039592743,0.806180477142334,0.34,1,1,605,FP32-token-IDs
ClinicalBERT,d0judl,497,125,1128,you,you,False,sadness,0.0027572080226881163,0.0027572080226881163,0.41675707697868347,0.9700830578804016,0.34,1,1,605,FP32-token-IDs
ClinicalBERT,d0judl,497,125,1128,you,you,False,suicide intent,-0.0011450355190650693,0.0011450355190650693,0.18940040469169617,0.026107339188456535,0.34,0,0,605,FP32-token-IDs
ClinicalBERT,d0judl,497,125,1128,you,you,False,worthlessness,0.0038213018727089676,0.0038213018727089676,0.37746235728263855,0.7499178647994995,0.34,1,1,605,FP32-token-IDs
ClinicalBERT,d0judl,497,126,1243,get,get,False,anger,0.00093460879621229,0.00093460879621229,0.3762655258178711,0.2548178732395172,0.34,1,0,605,FP32-token-IDs
ClinicalBERT,d0judl,497,126,1243,get,get,False,brain dysfunction (forget),-0.0017862233632643307,0.0017862233632643307,0.28944262862205505,0.10743621736764908,0.34,0,0,605,FP32-token-IDs
ClinicalBERT,d0judl,497,126,1243,get,get,False,emptiness,0.00018961885611393627,0.00018961885611393627,0.24809464812278748,0.6140236258506775,0.34,1,1,605,FP32-token-IDs
ClinicalBERT,d0judl,497,126,1243,get,get,False,hopelessness,0.0032327759877911633,0.0032327759877911633,0.4362408518791199,0.9561159014701843,0.34,1,1,605,FP32-token-IDs
ClinicalBERT,d0judl,497,126,1243,get,get,False,loneliness,0.0007462714399610246,0.0007462714399610246,0.2951934039592743,0.806180477142334,0.34,1,1,605,FP32-token-IDs
ClinicalBERT,d0judl,497,126,1243,get,get,False,sadness,0.0027572080226881163,0.0027572080226881163,0.41675707697868347,0.9700830578804016,0.34,1,1,605,FP32-token-IDs
ClinicalBERT,d0judl,497,126,1243,get,get,False,suicide intent,-0.0011450355190650693,0.0011450355190650693,0.18940040469169617,0.026107339188456535,0.34,0,0,605,FP32-token-IDs
ClinicalBERT,d0judl,497,126,1243,get,get,False,worthlessness,0.0038213018727089676,0.0038213018727089676,0.37746235728263855,0.7499178647994995,0.34,1,1,605,FP32-token-IDs
ClinicalBERT,d0judl,497,127,1763,past,past,False,anger,-0.00030248060024210384,0.00030248060024210384,0.3762655258178711,0.2548178732395172,0.34,1,0,605,FP32-token-IDs
ClinicalBERT,d0judl,497,127,1763,past,past,False,brain dysfunction (forget),-0.0014296303104077068,0.0014296303104077068,0.28944262862205505,0.10743621736764908,0.34,0,0,605,FP32-token-IDs
ClinicalBERT,d0judl,497,127,1763,past,past,False,emptiness,-0.002679809240535611,0.002679809240535611,0.24809464812278748,0.6140236258506775,0.34,1,1,605,FP32-token-IDs
ClinicalBERT,d0judl,497,127,1763,past,past,False,hopelessness,0.002597167733169737,0.002597167733169737,0.4362408518791199,0.9561159014701843,0.34,1,1,605,FP32-token-IDs
ClinicalBERT,d0judl,497,127,1763,past,past,False,loneliness,-0.0021268758545851425,0.0021268758545851425,0.2951934039592743,0.806180477142334,0.34,1,1,605,FP32-token-IDs
ClinicalBERT,d0judl,497,127,1763,past,past,False,sadness,0.0023799221075716474,0.0023799221075716474,0.41675707697868347,0.9700830578804016,0.34,1,1,605,FP32-token-IDs
ClinicalBERT,d0judl,497,127,1763,past,past,False,suicide intent,-0.001592027601353558,0.001592027601353558,0.18940040469169617,0.026107339188456535,0.34,0,0,605,FP32-token-IDs
ClinicalBERT,d0judl,497,127,1763,past,past,False,worthlessness,0.0014486944391613914,0.0014486944391613914,0.37746235728263855,0.7499178647994995,0.34,1,1,605,FP32-token-IDs
ClinicalBERT,d0judl,497,128,1122,it,it,False,anger,-0.00030248060024210384,0.00030248060024210384,0.3762655258178711,0.2548178732395172,0.34,1,0,605,FP32-token-IDs
ClinicalBERT,d0judl,497,128,1122,it,it,False,brain dysfunction (forget),-0.0014296303104077068,0.0014296303104077068,0.28944262862205505,0.10743621736764908,0.34,0,0,605,FP32-token-IDs
ClinicalBERT,d0judl,497,128,1122,it,it,False,emptiness,-0.002679809240535611,0.002679809240535611,0.24809464812278748,0.6140236258506775,0.34,1,1,605,FP32-token-IDs
ClinicalBERT,d0judl,497,128,1122,it,it,False,hopelessness,0.002597167733169737,0.002597167733169737,0.4362408518791199,0.9561159014701843,0.34,1,1,605,FP32-token-IDs
ClinicalBERT,d0judl,497,128,1122,it,it,False,loneliness,-0.0021268758545851425,0.0021268758545851425,0.2951934039592743,0.806180477142334,0.34,1,1,605,FP32-token-IDs
ClinicalBERT,d0judl,497,128,1122,it,it,False,sadness,0.0023799221075716474,0.0023799221075716474,0.41675707697868347,0.9700830578804016,0.34,1,1,605,FP32-token-IDs
ClinicalBERT,d0judl,497,128,1122,it,it,False,suicide intent,-0.001592027601353558,0.001592027601353558,0.18940040469169617,0.026107339188456535,0.34,0,0,605,FP32-token-IDs
ClinicalBERT,d0judl,497,128,1122,it,it,False,worthlessness,0.0014486944391613914,0.0014486944391613914,0.37746235728263855,0.7499178647994995,0.34,1,1,605,FP32-token-IDs
ClinicalBERT,d0judl,497,129,136,?,?,False,anger,-0.00030248060024210384,0.00030248060024210384,0.3762655258178711,0.2548178732395172,0.34,1,0,605,FP32-token-IDs
ClinicalBERT,d0judl,497,129,136,?,?,False,brain dysfunction (forget),-0.0014296303104077068,0.0014296303104077068,0.28944262862205505,0.10743621736764908,0.34,0,0,605,FP32-token-IDs
ClinicalBERT,d0judl,497,129,136,?,?,False,emptiness,-0.002679809240535611,0.002679809240535611,0.24809464812278748,0.6140236258506775,0.34,1,1,605,FP32-token-IDs
ClinicalBERT,d0judl,497,129,136,?,?,False,hopelessness,0.002597167733169737,0.002597167733169737,0.4362408518791199,0.9561159014701843,0.34,1,1,605,FP32-token-IDs
ClinicalBERT,d0judl,497,129,136,?,?,False,loneliness,-0.0021268758545851425,0.0021268758545851425,0.2951934039592743,0.806180477142334,0.34,1,1,605,FP32-token-IDs
ClinicalBERT,d0judl,497,129,136,?,?,False,sadness,0.0023799221075716474,0.0023799221075716474,0.41675707697868347,0.9700830578804016,0.34,1,1,605,FP32-token-IDs
ClinicalBERT,d0judl,497,129,136,?,?,False,suicide intent,-0.001592027601353558,0.001592027601353558,0.18940040469169617,0.026107339188456535,0.34,0,0,605,FP32-token-IDs
ClinicalBERT,d0judl,497,129,136,?,?,False,worthlessness,0.0014486944391613914,0.0014486944391613914,0.37746235728263855,0.7499178647994995,0.34,1,1,605,FP32-token-IDs
ClinicalBERT,d0judl,497,130,178,i,i,False,anger,0.002567639535603424,0.002567639535603424,0.3762655258178711,0.2548178732395172,0.34,1,0,605,FP32-token-IDs
ClinicalBERT,d0judl,497,130,178,i,i,False,brain dysfunction (forget),-0.002146045376624291,0.002146045376624291,0.28944262862205505,0.10743621736764908,0.34,0,0,605,FP32-token-IDs
ClinicalBERT,d0judl,497,130,178,i,i,False,emptiness,-0.0009237552100482086,0.0009237552100482086,0.24809464812278748,0.6140236258506775,0.34,1,1,605,FP32-token-IDs
ClinicalBERT,d0judl,497,130,178,i,i,False,hopelessness,0.00115023588296026,0.00115023588296026,0.4362408518791199,0.9561159014701843,0.34,1,1,605,FP32-token-IDs
ClinicalBERT,d0judl,497,130,178,i,i,False,loneliness,-0.0016079089837148786,0.0016079089837148786,0.2951934039592743,0.806180477142334,0.34,1,1,605,FP32-token-IDs
ClinicalBERT,d0judl,497,130,178,i,i,False,sadness,0.001778746567045649,0.001778746567045649,0.41675707697868347,0.9700830578804016,0.34,1,1,605,FP32-token-IDs
ClinicalBERT,d0judl,497,130,178,i,i,False,suicide intent,-0.00025213363793833804,0.00025213363793833804,0.18940040469169617,0.026107339188456535,0.34,0,0,605,FP32-token-IDs
ClinicalBERT,d0judl,497,130,178,i,i,False,worthlessness,0.0015439719815428057,0.0015439719815428057,0.37746235728263855,0.7499178647994995,0.34,1,1,605,FP32-token-IDs
ClinicalBERT,d0judl,497,131,112,',',False,anger,0.002567639535603424,0.002567639535603424,0.3762655258178711,0.2548178732395172,0.34,1,0,605,FP32-token-IDs
ClinicalBERT,d0judl,497,131,112,',',False,brain dysfunction (forget),-0.002146045376624291,0.002146045376624291,0.28944262862205505,0.10743621736764908,0.34,0,0,605,FP32-token-IDs
ClinicalBERT,d0judl,497,131,112,',',False,emptiness,-0.0009237552100482086,0.0009237552100482086,0.24809464812278748,0.6140236258506775,0.34,1,1,605,FP32-token-IDs
ClinicalBERT,d0judl,497,131,112,',',False,hopelessness,0.00115023588296026,0.00115023588296026,0.4362408518791199,0.9561159014701843,0.34,1,1,605,FP32-token-IDs
ClinicalBERT,d0judl,497,131,112,',',False,loneliness,-0.0016079089837148786,0.0016079089837148786,0.2951934039592743,0.806180477142334,0.34,1,1,605,FP32-token-IDs
ClinicalBERT,d0judl,497,131,112,',',False,sadness,0.001778746567045649,0.001778746567045649,0.41675707697868347,0.9700830578804016,0.34,1,1,605,FP32-token-IDs
ClinicalBERT,d0judl,497,131,112,',',False,suicide intent,-0.00025213363793833804,0.00025213363793833804,0.18940040469169617,0.026107339188456535,0.34,0,0,605,FP32-token-IDs
ClinicalBERT,d0judl,497,131,112,',',False,worthlessness,0.0015439719815428057,0.0015439719815428057,0.37746235728263855,0.7499178647994995,0.34,1,1,605,FP32-token-IDs
ClinicalBERT,d0judl,497,132,182,m,m,False,anger,0.002567639535603424,0.002567639535603424,0.3762655258178711,0.2548178732395172,0.34,1,0,605,FP32-token-IDs
ClinicalBERT,d0judl,497,132,182,m,m,False,brain dysfunction (forget),-0.002146045376624291,0.002146045376624291,0.28944262862205505,0.10743621736764908,0.34,0,0,605,FP32-token-IDs
ClinicalBERT,d0judl,497,132,182,m,m,False,emptiness,-0.0009237552100482086,0.0009237552100482086,0.24809464812278748,0.6140236258506775,0.34,1,1,605,FP32-token-IDs
ClinicalBERT,d0judl,497,132,182,m,m,False,hopelessness,0.00115023588296026,0.00115023588296026,0.4362408518791199,0.9561159014701843,0.34,1,1,605,FP32-token-IDs
ClinicalBERT,d0judl,497,132,182,m,m,False,loneliness,-0.0016079089837148786,0.0016079089837148786,0.2951934039592743,0.806180477142334,0.34,1,1,605,FP32-token-IDs
ClinicalBERT,d0judl,497,132,182,m,m,False,sadness,0.001778746567045649,0.001778746567045649,0.41675707697868347,0.9700830578804016,0.34,1,1,605,FP32-token-IDs
ClinicalBERT,d0judl,497,132,182,m,m,False,suicide intent,-0.00025213363793833804,0.00025213363793833804,0.18940040469169617,0.026107339188456535,0.34,0,0,605,FP32-token-IDs
ClinicalBERT,d0judl,497,132,182,m,m,False,worthlessness,0.0015439719815428057,0.0015439719815428057,0.37746235728263855,0.7499178647994995,0.34,1,1,605,FP32-token-IDs
ClinicalBERT,d0judl,497,133,1280,going,going,False,anger,0.002567639535603424,0.002567639535603424,0.3762655258178711,0.2548178732395172,0.34,1,0,605,FP32-token-IDs
ClinicalBERT,d0judl,497,133,1280,going,going,False,brain dysfunction (forget),-0.002146045376624291,0.002146045376624291,0.28944262862205505,0.10743621736764908,0.34,0,0,605,FP32-token-IDs
ClinicalBERT,d0judl,497,133,1280,going,going,False,emptiness,-0.0009237552100482086,0.0009237552100482086,0.24809464812278748,0.6140236258506775,0.34,1,1,605,FP32-token-IDs
ClinicalBERT,d0judl,497,133,1280,going,going,False,hopelessness,0.00115023588296026,0.00115023588296026,0.4362408518791199,0.9561159014701843,0.34,1,1,605,FP32-token-IDs
ClinicalBERT,d0judl,497,133,1280,going,going,False,loneliness,-0.0016079089837148786,0.0016079089837148786,0.2951934039592743,0.806180477142334,0.34,1,1,605,FP32-token-IDs
ClinicalBERT,d0judl,497,133,1280,going,going,False,sadness,0.001778746567045649,0.001778746567045649,0.41675707697868347,0.9700830578804016,0.34,1,1,605,FP32-token-IDs
ClinicalBERT,d0judl,497,133,1280,going,going,False,suicide intent,-0.00025213363793833804,0.00025213363793833804,0.18940040469169617,0.026107339188456535,0.34,0,0,605,FP32-token-IDs
ClinicalBERT,d0judl,497,133,1280,going,going,False,worthlessness,0.0015439719815428057,0.0015439719815428057,0.37746235728263855,0.7499178647994995,0.34,1,1,605,FP32-token-IDs
ClinicalBERT,d0judl,497,134,1106,to,to,False,anger,0.002567639535603424,0.002567639535603424,0.3762655258178711,0.2548178732395172,0.34,1,0,605,FP32-token-IDs
ClinicalBERT,d0judl,497,134,1106,to,to,False,brain dysfunction (forget),-0.002146045376624291,0.002146045376624291,0.28944262862205505,0.10743621736764908,0.34,0,0,605,FP32-token-IDs
ClinicalBERT,d0judl,497,134,1106,to,to,False,emptiness,-0.0009237552100482086,0.0009237552100482086,0.24809464812278748,0.6140236258506775,0.34,1,1,605,FP32-token-IDs
ClinicalBERT,d0judl,497,134,1106,to,to,False,hopelessness,0.00115023588296026,0.00115023588296026,0.4362408518791199,0.9561159014701843,0.34,1,1,605,FP32-token-IDs
ClinicalBERT,d0judl,497,134,1106,to,to,False,loneliness,-0.0016079089837148786,0.0016079089837148786,0.2951934039592743,0.806180477142334,0.34,1,1,605,FP32-token-IDs
ClinicalBERT,d0judl,497,134,1106,to,to,False,sadness,0.001778746567045649,0.001778746567045649,0.41675707697868347,0.9700830578804016,0.34,1,1,605,FP32-token-IDs
ClinicalBERT,d0judl,497,134,1106,to,to,False,suicide intent,-0.00025213363793833804,0.00025213363793833804,0.18940040469169617,0.026107339188456535,0.34,0,0,605,FP32-token-IDs
ClinicalBERT,d0judl,497,134,1106,to,to,False,worthlessness,0.0015439719815428057,0.0015439719815428057,0.37746235728263855,0.7499178647994995,0.34,1,1,605,FP32-token-IDs
ClinicalBERT,d0judl,497,135,2498,bring,bring,False,anger,0.002567639535603424,0.002567639535603424,0.3762655258178711,0.2548178732395172,0.34,1,0,605,FP32-token-IDs
ClinicalBERT,d0judl,497,135,2498,bring,bring,False,brain dysfunction (forget),-0.002146045376624291,0.002146045376624291,0.28944262862205505,0.10743621736764908,0.34,0,0,605,FP32-token-IDs
ClinicalBERT,d0judl,497,135,2498,bring,bring,False,emptiness,-0.0009237552100482086,0.0009237552100482086,0.24809464812278748,0.6140236258506775,0.34,1,1,605,FP32-token-IDs
ClinicalBERT,d0judl,497,135,2498,bring,bring,False,hopelessness,0.00115023588296026,0.00115023588296026,0.4362408518791199,0.9561159014701843,0.34,1,1,605,FP32-token-IDs
ClinicalBERT,d0judl,497,135,2498,bring,bring,False,loneliness,-0.0016079089837148786,0.0016079089837148786,0.2951934039592743,0.806180477142334,0.34,1,1,605,FP32-token-IDs
ClinicalBERT,d0judl,497,135,2498,bring,bring,False,sadness,0.001778746567045649,0.001778746567045649,0.41675707697868347,0.9700830578804016,0.34,1,1,605,FP32-token-IDs
ClinicalBERT,d0judl,497,135,2498,bring,bring,False,suicide intent,-0.00025213363793833804,0.00025213363793833804,0.18940040469169617,0.026107339188456535,0.34,0,0,605,FP32-token-IDs
ClinicalBERT,d0judl,497,135,2498,bring,bring,False,worthlessness,0.0015439719815428057,0.0015439719815428057,0.37746235728263855,0.7499178647994995,0.34,1,1,605,FP32-token-IDs
ClinicalBERT,d0judl,497,136,1122,it,it,False,anger,0.002567639535603424,0.002567639535603424,0.3762655258178711,0.2548178732395172,0.34,1,0,605,FP32-token-IDs
ClinicalBERT,d0judl,497,136,1122,it,it,False,brain dysfunction (forget),-0.002146045376624291,0.002146045376624291,0.28944262862205505,0.10743621736764908,0.34,0,0,605,FP32-token-IDs
ClinicalBERT,d0judl,497,136,1122,it,it,False,emptiness,-0.0009237552100482086,0.0009237552100482086,0.24809464812278748,0.6140236258506775,0.34,1,1,605,FP32-token-IDs
ClinicalBERT,d0judl,497,136,1122,it,it,False,hopelessness,0.00115023588296026,0.00115023588296026,0.4362408518791199,0.9561159014701843,0.34,1,1,605,FP32-token-IDs
ClinicalBERT,d0judl,497,136,1122,it,it,False,loneliness,-0.0016079089837148786,0.0016079089837148786,0.2951934039592743,0.806180477142334,0.34,1,1,605,FP32-token-IDs
ClinicalBERT,d0judl,497,136,1122,it,it,False,sadness,0.001778746567045649,0.001778746567045649,0.41675707697868347,0.9700830578804016,0.34,1,1,605,FP32-token-IDs
ClinicalBERT,d0judl,497,136,1122,it,it,False,suicide intent,-0.00025213363793833804,0.00025213363793833804,0.18940040469169617,0.026107339188456535,0.34,0,0,605,FP32-token-IDs
ClinicalBERT,d0judl,497,136,1122,it,it,False,worthlessness,0.0015439719815428057,0.0015439719815428057,0.37746235728263855,0.7499178647994995,0.34,1,1,605,FP32-token-IDs
ClinicalBERT,d0judl,497,137,1146,up,up,False,anger,0.002567639535603424,0.002567639535603424,0.3762655258178711,0.2548178732395172,0.34,1,0,605,FP32-token-IDs
ClinicalBERT,d0judl,497,137,1146,up,up,False,brain dysfunction (forget),-0.002146045376624291,0.002146045376624291,0.28944262862205505,0.10743621736764908,0.34,0,0,605,FP32-token-IDs
ClinicalBERT,d0judl,497,137,1146,up,up,False,emptiness,-0.0009237552100482086,0.0009237552100482086,0.24809464812278748,0.6140236258506775,0.34,1,1,605,FP32-token-IDs
ClinicalBERT,d0judl,497,137,1146,up,up,False,hopelessness,0.00115023588296026,0.00115023588296026,0.4362408518791199,0.9561159014701843,0.34,1,1,605,FP32-token-IDs
ClinicalBERT,d0judl,497,137,1146,up,up,False,loneliness,-0.0016079089837148786,0.0016079089837148786,0.2951934039592743,0.806180477142334,0.34,1,1,605,FP32-token-IDs
ClinicalBERT,d0judl,497,137,1146,up,up,False,sadness,0.001778746567045649,0.001778746567045649,0.41675707697868347,0.9700830578804016,0.34,1,1,605,FP32-token-IDs
ClinicalBERT,d0judl,497,137,1146,up,up,False,suicide intent,-0.00025213363793833804,0.00025213363793833804,0.18940040469169617,0.026107339188456535,0.34,0,0,605,FP32-token-IDs
ClinicalBERT,d0judl,497,137,1146,up,up,False,worthlessness,0.0015439719815428057,0.0015439719815428057,0.37746235728263855,0.7499178647994995,0.34,1,1,605,FP32-token-IDs
ClinicalBERT,d0judl,497,138,1106,to,to,False,anger,0.0002547498637189468,0.0002547498637189468,0.3762655258178711,0.2548178732395172,0.34,1,0,605,FP32-token-IDs
ClinicalBERT,d0judl,497,138,1106,to,to,False,brain dysfunction (forget),-0.005038168766380598,0.005038168766380598,0.28944262862205505,0.10743621736764908,0.34,0,0,605,FP32-token-IDs
ClinicalBERT,d0judl,497,138,1106,to,to,False,emptiness,-0.0030058555227393904,0.0030058555227393904,0.24809464812278748,0.6140236258506775,0.34,1,1,605,FP32-token-IDs
ClinicalBERT,d0judl,497,138,1106,to,to,False,hopelessness,0.0023514290805906057,0.0023514290805906057,0.4362408518791199,0.9561159014701843,0.34,1,1,605,FP32-token-IDs
ClinicalBERT,d0judl,497,138,1106,to,to,False,loneliness,-0.0012607250828295946,0.0012607250828295946,0.2951934039592743,0.806180477142334,0.34,1,1,605,FP32-token-IDs
ClinicalBERT,d0judl,497,138,1106,to,to,False,sadness,0.003416847282399734,0.003416847282399734,0.41675707697868347,0.9700830578804016,0.34,1,1,605,FP32-token-IDs
ClinicalBERT,d0judl,497,138,1106,to,to,False,suicide intent,-0.0009601954758788148,0.0009601954758788148,0.18940040469169617,0.026107339188456535,0.34,0,0,605,FP32-token-IDs
ClinicalBERT,d0judl,497,138,1106,to,to,False,worthlessness,0.00016467265474299586,0.00016467265474299586,0.37746235728263855,0.7499178647994995,0.34,1,1,605,FP32-token-IDs
ClinicalBERT,d0judl,497,139,1139,my,my,False,anger,0.0002547498637189468,0.0002547498637189468,0.3762655258178711,0.2548178732395172,0.34,1,0,605,FP32-token-IDs
ClinicalBERT,d0judl,497,139,1139,my,my,False,brain dysfunction (forget),-0.005038168766380598,0.005038168766380598,0.28944262862205505,0.10743621736764908,0.34,0,0,605,FP32-token-IDs
ClinicalBERT,d0judl,497,139,1139,my,my,False,emptiness,-0.0030058555227393904,0.0030058555227393904,0.24809464812278748,0.6140236258506775,0.34,1,1,605,FP32-token-IDs
ClinicalBERT,d0judl,497,139,1139,my,my,False,hopelessness,0.0023514290805906057,0.0023514290805906057,0.4362408518791199,0.9561159014701843,0.34,1,1,605,FP32-token-IDs
ClinicalBERT,d0judl,497,139,1139,my,my,False,loneliness,-0.0012607250828295946,0.0012607250828295946,0.2951934039592743,0.806180477142334,0.34,1,1,605,FP32-token-IDs
ClinicalBERT,d0judl,497,139,1139,my,my,False,sadness,0.003416847282399734,0.003416847282399734,0.41675707697868347,0.9700830578804016,0.34,1,1,605,FP32-token-IDs
ClinicalBERT,d0judl,497,139,1139,my,my,False,suicide intent,-0.0009601954758788148,0.0009601954758788148,0.18940040469169617,0.026107339188456535,0.34,0,0,605,FP32-token-IDs
ClinicalBERT,d0judl,497,139,1139,my,my,False,worthlessness,0.00016467265474299586,0.00016467265474299586,0.37746235728263855,0.7499178647994995,0.34,1,1,605,FP32-token-IDs
ClinicalBERT,d0judl,497,140,22573,therapist,therapist,False,anger,0.0002547498637189468,0.0002547498637189468,0.3762655258178711,0.2548178732395172,0.34,1,0,605,FP32-token-IDs
ClinicalBERT,d0judl,497,140,22573,therapist,therapist,False,brain dysfunction (forget),-0.005038168766380598,0.005038168766380598,0.28944262862205505,0.10743621736764908,0.34,0,0,605,FP32-token-IDs
ClinicalBERT,d0judl,497,140,22573,therapist,therapist,False,emptiness,-0.0030058555227393904,0.0030058555227393904,0.24809464812278748,0.6140236258506775,0.34,1,1,605,FP32-token-IDs
ClinicalBERT,d0judl,497,140,22573,therapist,therapist,False,hopelessness,0.0023514290805906057,0.0023514290805906057,0.4362408518791199,0.9561159014701843,0.34,1,1,605,FP32-token-IDs
ClinicalBERT,d0judl,497,140,22573,therapist,therapist,False,loneliness,-0.0012607250828295946,0.0012607250828295946,0.2951934039592743,0.806180477142334,0.34,1,1,605,FP32-token-IDs
ClinicalBERT,d0judl,497,140,22573,therapist,therapist,False,sadness,0.003416847282399734,0.003416847282399734,0.41675707697868347,0.9700830578804016,0.34,1,1,605,FP32-token-IDs
ClinicalBERT,d0judl,497,140,22573,therapist,therapist,False,suicide intent,-0.0009601954758788148,0.0009601954758788148,0.18940040469169617,0.026107339188456535,0.34,0,0,605,FP32-token-IDs
ClinicalBERT,d0judl,497,140,22573,therapist,therapist,False,worthlessness,0.00016467265474299586,0.00016467265474299586,0.37746235728263855,0.7499178647994995,0.34,1,1,605,FP32-token-IDs
ClinicalBERT,d0judl,497,141,1133,but,but,False,anger,0.0002547498637189468,0.0002547498637189468,0.3762655258178711,0.2548178732395172,0.34,1,0,605,FP32-token-IDs
ClinicalBERT,d0judl,497,141,1133,but,but,False,brain dysfunction (forget),-0.005038168766380598,0.005038168766380598,0.28944262862205505,0.10743621736764908,0.34,0,0,605,FP32-token-IDs
ClinicalBERT,d0judl,497,141,1133,but,but,False,emptiness,-0.0030058555227393904,0.0030058555227393904,0.24809464812278748,0.6140236258506775,0.34,1,1,605,FP32-token-IDs
ClinicalBERT,d0judl,497,141,1133,but,but,False,hopelessness,0.0023514290805906057,0.0023514290805906057,0.4362408518791199,0.9561159014701843,0.34,1,1,605,FP32-token-IDs
ClinicalBERT,d0judl,497,141,1133,but,but,False,loneliness,-0.0012607250828295946,0.0012607250828295946,0.2951934039592743,0.806180477142334,0.34,1,1,605,FP32-token-IDs
ClinicalBERT,d0judl,497,141,1133,but,but,False,sadness,0.003416847282399734,0.003416847282399734,0.41675707697868347,0.9700830578804016,0.34,1,1,605,FP32-token-IDs
ClinicalBERT,d0judl,497,141,1133,but,but,False,suicide intent,-0.0009601954758788149,0.0009601954758788149,0.18940040469169617,0.026107339188456535,0.34,0,0,605,FP32-token-IDs
ClinicalBERT,d0judl,497,141,1133,but,but,False,worthlessness,0.00016467265474299586,0.00016467265474299586,0.37746235728263855,0.7499178647994995,0.34,1,1,605,FP32-token-IDs
ClinicalBERT,d0judl,497,142,1108,was,was,False,anger,-0.016978149069473147,0.016978149069473147,0.3762655258178711,0.2548178732395172,0.34,1,0,605,FP32-token-IDs
ClinicalBERT,d0judl,497,142,1108,was,was,False,brain dysfunction (forget),-0.0017776409513317049,0.0017776409513317049,0.28944262862205505,0.10743621736764908,0.34,0,0,605,FP32-token-IDs
ClinicalBERT,d0judl,497,142,1108,was,was,False,emptiness,-0.013242630986496806,0.013242630986496806,0.24809464812278748,0.6140236258506775,0.34,1,1,605,FP32-token-IDs
ClinicalBERT,d0judl,497,142,1108,was,was,False,hopelessness,-0.0033785204868763685,0.0033785204868763685,0.4362408518791199,0.9561159014701843,0.34,1,1,605,FP32-token-IDs
ClinicalBERT,d0judl,497,142,1108,was,was,False,loneliness,-0.0145716950064525,0.0145716950064525,0.2951934039592743,0.806180477142334,0.34,1,1,605,FP32-token-IDs
ClinicalBERT,d0judl,497,142,1108,was,was,False,sadness,-0.0034398739226162434,0.0034398739226162434,0.41675707697868347,0.9700830578804016,0.34,1,1,605,FP32-token-IDs
ClinicalBERT,d0judl,497,142,1108,was,was,False,suicide intent,-0.0038249589561019093,0.0038249589561019093,0.18940040469169617,0.026107339188456535,0.34,0,0,605,FP32-token-IDs
ClinicalBERT,d0judl,497,142,1108,was,was,False,worthlessness,-0.010604835813865066,0.010604835813865066,0.37746235728263855,0.7499178647994995,0.34,1,1,605,FP32-token-IDs
ClinicalBERT,d0judl,497,143,8193,curious,curious,False,anger,-0.016978149069473147,0.016978149069473147,0.3762655258178711,0.2548178732395172,0.34,1,0,605,FP32-token-IDs
ClinicalBERT,d0judl,497,143,8193,curious,curious,False,brain dysfunction (forget),-0.0017776409513317049,0.0017776409513317049,0.28944262862205505,0.10743621736764908,0.34,0,0,605,FP32-token-IDs
ClinicalBERT,d0judl,497,143,8193,curious,curious,False,emptiness,-0.013242630986496806,0.013242630986496806,0.24809464812278748,0.6140236258506775,0.34,1,1,605,FP32-token-IDs
ClinicalBERT,d0judl,497,143,8193,curious,curious,False,hopelessness,-0.0033785204868763685,0.0033785204868763685,0.4362408518791199,0.9561159014701843,0.34,1,1,605,FP32-token-IDs
ClinicalBERT,d0judl,497,143,8193,curious,curious,False,loneliness,-0.0145716950064525,0.0145716950064525,0.2951934039592743,0.806180477142334,0.34,1,1,605,FP32-token-IDs
ClinicalBERT,d0judl,497,143,8193,curious,curious,False,sadness,-0.0034398739226162434,0.0034398739226162434,0.41675707697868347,0.9700830578804016,0.34,1,1,605,FP32-token-IDs
ClinicalBERT,d0judl,497,143,8193,curious,curious,False,suicide intent,-0.0038249589561019093,0.0038249589561019093,0.18940040469169617,0.026107339188456535,0.34,0,0,605,FP32-token-IDs
ClinicalBERT,d0judl,497,143,8193,curious,curious,False,worthlessness,-0.010604835813865066,0.010604835813865066,0.37746235728263855,0.7499178647994995,0.34,1,1,605,FP32-token-IDs
ClinicalBERT,d0judl,497,144,1191,if,if,False,anger,-0.016978149069473147,0.016978149069473147,0.3762655258178711,0.2548178732395172,0.34,1,0,605,FP32-token-IDs
ClinicalBERT,d0judl,497,144,1191,if,if,False,brain dysfunction (forget),-0.0017776409513317049,0.0017776409513317049,0.28944262862205505,0.10743621736764908,0.34,0,0,605,FP32-token-IDs
ClinicalBERT,d0judl,497,144,1191,if,if,False,emptiness,-0.013242630986496806,0.013242630986496806,0.24809464812278748,0.6140236258506775,0.34,1,1,605,FP32-token-IDs
ClinicalBERT,d0judl,497,144,1191,if,if,False,hopelessness,-0.0033785204868763685,0.0033785204868763685,0.4362408518791199,0.9561159014701843,0.34,1,1,605,FP32-token-IDs
ClinicalBERT,d0judl,497,144,1191,if,if,False,loneliness,-0.0145716950064525,0.0145716950064525,0.2951934039592743,0.806180477142334,0.34,1,1,605,FP32-token-IDs
ClinicalBERT,d0judl,497,144,1191,if,if,False,sadness,-0.0034398739226162434,0.0034398739226162434,0.41675707697868347,0.9700830578804016,0.34,1,1,605,FP32-token-IDs
ClinicalBERT,d0judl,497,144,1191,if,if,False,suicide intent,-0.0038249589561019093,0.0038249589561019093,0.18940040469169617,0.026107339188456535,0.34,0,0,605,FP32-token-IDs
ClinicalBERT,d0judl,497,144,1191,if,if,False,worthlessness,-0.010604835813865066,0.010604835813865066,0.37746235728263855,0.7499178647994995,0.34,1,1,605,FP32-token-IDs
ClinicalBERT,d0judl,497,145,1639,others,others,False,anger,-0.016978149069473147,0.016978149069473147,0.3762655258178711,0.2548178732395172,0.34,1,0,605,FP32-token-IDs
ClinicalBERT,d0judl,497,145,1639,others,others,False,brain dysfunction (forget),-0.0017776409513317049,0.0017776409513317049,0.28944262862205505,0.10743621736764908,0.34,0,0,605,FP32-token-IDs
ClinicalBERT,d0judl,497,145,1639,others,others,False,emptiness,-0.013242630986496806,0.013242630986496806,0.24809464812278748,0.6140236258506775,0.34,1,1,605,FP32-token-IDs
ClinicalBERT,d0judl,497,145,1639,others,others,False,hopelessness,-0.0033785204868763685,0.0033785204868763685,0.4362408518791199,0.9561159014701843,0.34,1,1,605,FP32-token-IDs
ClinicalBERT,d0judl,497,145,1639,others,others,False,loneliness,-0.0145716950064525,0.0145716950064525,0.2951934039592743,0.806180477142334,0.34,1,1,605,FP32-token-IDs
ClinicalBERT,d0judl,497,145,1639,others,others,False,sadness,-0.0034398739226162434,0.0034398739226162434,0.41675707697868347,0.9700830578804016,0.34,1,1,605,FP32-token-IDs
ClinicalBERT,d0judl,497,145,1639,others,others,False,suicide intent,-0.0038249589561019093,0.0038249589561019093,0.18940040469169617,0.026107339188456535,0.34,0,0,605,FP32-token-IDs
ClinicalBERT,d0judl,497,145,1639,others,others,False,worthlessness,-0.010604835813865066,0.010604835813865066,0.37746235728263855,0.7499178647994995,0.34,1,1,605,FP32-token-IDs
ClinicalBERT,d0judl,497,146,1631,feel,feel,False,anger,-0.008758124662563205,0.008758124662563205,0.3762655258178711,0.2548178732395172,0.34,1,0,605,FP32-token-IDs
ClinicalBERT,d0judl,497,146,1631,feel,feel,False,brain dysfunction (forget),-0.001631635648664087,0.001631635648664087,0.28944262862205505,0.10743621736764908,0.34,0,0,605,FP32-token-IDs
ClinicalBERT,d0judl,497,146,1631,feel,feel,False,emptiness,0.000809801509603858,0.000809801509603858,0.24809464812278748,0.6140236258506775,0.34,1,1,605,FP32-token-IDs
ClinicalBERT,d0judl,497,146,1631,feel,feel,False,hopelessness,0.004123118938878179,0.004123118938878179,0.4362408518791199,0.9561159014701843,0.34,1,1,605,FP32-token-IDs
ClinicalBERT,d0judl,497,146,1631,feel,feel,False,loneliness,-0.0038711513625457883,0.0038711513625457883,0.2951934039592743,0.806180477142334,0.34,1,1,605,FP32-token-IDs
ClinicalBERT,d0judl,497,146,1631,feel,feel,False,sadness,0.002661291044205427,0.002661291044205427,0.41675707697868347,0.9700830578804016,0.34,1,1,605,FP32-token-IDs
ClinicalBERT,d0judl,497,146,1631,feel,feel,False,suicide intent,-0.002351732808165252,0.002351732808165252,0.18940040469169617,0.026107339188456535,0.34,0,0,605,FP32-token-IDs
ClinicalBERT,d0judl,497,146,1631,feel,feel,False,worthlessness,0.005750969285145402,0.005750969285145402,0.37746235728263855,0.7499178647994995,0.34,1,1,605,FP32-token-IDs
ClinicalBERT,d0judl,497,147,1142,this,this,False,anger,-0.008758124662563205,0.008758124662563205,0.3762655258178711,0.2548178732395172,0.34,1,0,605,FP32-token-IDs
ClinicalBERT,d0judl,497,147,1142,this,this,False,brain dysfunction (forget),-0.001631635648664087,0.001631635648664087,0.28944262862205505,0.10743621736764908,0.34,0,0,605,FP32-token-IDs
ClinicalBERT,d0judl,497,147,1142,this,this,False,emptiness,0.000809801509603858,0.000809801509603858,0.24809464812278748,0.6140236258506775,0.34,1,1,605,FP32-token-IDs
ClinicalBERT,d0judl,497,147,1142,this,this,False,hopelessness,0.004123118938878179,0.004123118938878179,0.4362408518791199,0.9561159014701843,0.34,1,1,605,FP32-token-IDs
ClinicalBERT,d0judl,497,147,1142,this,this,False,loneliness,-0.0038711513625457883,0.0038711513625457883,0.2951934039592743,0.806180477142334,0.34,1,1,605,FP32-token-IDs
ClinicalBERT,d0judl,497,147,1142,this,this,False,sadness,0.002661291044205427,0.002661291044205427,0.41675707697868347,0.9700830578804016,0.34,1,1,605,FP32-token-IDs
ClinicalBERT,d0judl,497,147,1142,this,this,False,suicide intent,-0.002351732808165252,0.002351732808165252,0.18940040469169617,0.026107339188456535,0.34,0,0,605,FP32-token-IDs
ClinicalBERT,d0judl,497,147,1142,this,this,False,worthlessness,0.005750969285145402,0.005750969285145402,0.37746235728263855,0.7499178647994995,0.34,1,1,605,FP32-token-IDs
ClinicalBERT,d0judl,497,148,1236,way,way,False,anger,-0.008758124662563205,0.008758124662563205,0.3762655258178711,0.2548178732395172,0.34,1,0,605,FP32-token-IDs
ClinicalBERT,d0judl,497,148,1236,way,way,False,brain dysfunction (forget),-0.001631635648664087,0.001631635648664087,0.28944262862205505,0.10743621736764908,0.34,0,0,605,FP32-token-IDs
ClinicalBERT,d0judl,497,148,1236,way,way,False,emptiness,0.000809801509603858,0.000809801509603858,0.24809464812278748,0.6140236258506775,0.34,1,1,605,FP32-token-IDs
ClinicalBERT,d0judl,497,148,1236,way,way,False,hopelessness,0.004123118938878179,0.004123118938878179,0.4362408518791199,0.9561159014701843,0.34,1,1,605,FP32-token-IDs
ClinicalBERT,d0judl,497,148,1236,way,way,False,loneliness,-0.0038711513625457883,0.0038711513625457883,0.2951934039592743,0.806180477142334,0.34,1,1,605,FP32-token-IDs
ClinicalBERT,d0judl,497,148,1236,way,way,False,sadness,0.002661291044205427,0.002661291044205427,0.41675707697868347,0.9700830578804016,0.34,1,1,605,FP32-token-IDs
ClinicalBERT,d0judl,497,148,1236,way,way,False,suicide intent,-0.002351732808165252,0.002351732808165252,0.18940040469169617,0.026107339188456535,0.34,0,0,605,FP32-token-IDs
ClinicalBERT,d0judl,497,148,1236,way,way,False,worthlessness,0.005750969285145402,0.005750969285145402,0.37746235728263855,0.7499178647994995,0.34,1,1,605,FP32-token-IDs
ClinicalBERT,d0judl,497,149,119,.,.,False,anger,-0.008758124662563205,0.008758124662563205,0.3762655258178711,0.2548178732395172,0.34,1,0,605,FP32-token-IDs
ClinicalBERT,d0judl,497,149,119,.,.,False,brain dysfunction (forget),-0.001631635648664087,0.001631635648664087,0.28944262862205505,0.10743621736764908,0.34,0,0,605,FP32-token-IDs
ClinicalBERT,d0judl,497,149,119,.,.,False,emptiness,0.000809801509603858,0.000809801509603858,0.24809464812278748,0.6140236258506775,0.34,1,1,605,FP32-token-IDs
ClinicalBERT,d0judl,497,149,119,.,.,False,hopelessness,0.004123118938878179,0.004123118938878179,0.4362408518791199,0.9561159014701843,0.34,1,1,605,FP32-token-IDs
ClinicalBERT,d0judl,497,149,119,.,.,False,loneliness,-0.0038711513625457883,0.0038711513625457883,0.2951934039592743,0.806180477142334,0.34,1,1,605,FP32-token-IDs
ClinicalBERT,d0judl,497,149,119,.,.,False,sadness,0.002661291044205427,0.002661291044205427,0.41675707697868347,0.9700830578804016,0.34,1,1,605,FP32-token-IDs
ClinicalBERT,d0judl,497,149,119,.,.,False,suicide intent,-0.002351732808165252,0.002351732808165252,0.18940040469169617,0.026107339188456535,0.34,0,0,605,FP32-token-IDs
ClinicalBERT,d0judl,497,149,119,.,.,False,worthlessness,0.005750969285145402,0.005750969285145402,0.37746235728263855,0.7499178647994995,0.34,1,1,605,FP32-token-IDs
ClinicalBERT,d0judl,497,150,102,[SEP],,True,anger,4.470348358154297e-08,4.470348358154297e-08,0.3762655258178711,0.2548178732395172,0.34,1,0,605,FP32-token-IDs
ClinicalBERT,d0judl,497,150,102,[SEP],,True,brain dysfunction (forget),-2.7474015951156616e-07,2.7474015951156616e-07,0.28944262862205505,0.10743621736764908,0.34,0,0,605,FP32-token-IDs
ClinicalBERT,d0judl,497,150,102,[SEP],,True,emptiness,-3.9674341678619385e-07,3.9674341678619385e-07,0.24809464812278748,0.6140236258506775,0.34,1,1,605,FP32-token-IDs
ClinicalBERT,d0judl,497,150,102,[SEP],,True,hopelessness,-1.862645149230957e-08,1.862645149230957e-08,0.4362408518791199,0.9561159014701843,0.34,1,1,605,FP32-token-IDs
ClinicalBERT,d0judl,497,150,102,[SEP],,True,loneliness,-4.302710294723511e-07,4.302710294723511e-07,0.2951934039592743,0.806180477142334,0.34,1,1,605,FP32-token-IDs
ClinicalBERT,d0judl,497,150,102,[SEP],,True,sadness,7.450580596923828e-09,7.450580596923828e-09,0.41675707697868347,0.9700830578804016,0.34,1,1,605,FP32-token-IDs
ClinicalBERT,d0judl,497,150,102,[SEP],,True,suicide intent,-1.050066202878952e-07,1.050066202878952e-07,0.18940040469169617,0.026107339188456535,0.34,0,0,605,FP32-token-IDs
ClinicalBERT,d0judl,497,150,102,[SEP],,True,worthlessness,-1.9744038581848145e-07,1.9744038581848145e-07,0.37746235728263855,0.7499178647994995,0.34,1,1,605,FP32-token-IDs
