Model,Sample_ID,Test_Index,Token_Index,Token_ID,Raw_Token,Token,Is_Special_Token,Emotion,SHAP_Value,Abs_SHAP,Base_Value,Model_Probability,Threshold,True_Label,Predicted_Label,SHAP_Max_Evals,XAI_Inference
ClinicalBERT,17a4w6o,605,0,101,[CLS],,True,anger,-0.004566942743787711,0.004566942743787711,0.41402390599250793,0.18097521364688873,0.34,0,0,785,FP32-token-IDs
ClinicalBERT,17a4w6o,605,0,101,[CLS],,True,brain dysfunction (forget),-0.004157046512277289,0.004157046512277289,0.31157273054122925,0.45578429102897644,0.34,1,1,785,FP32-token-IDs
ClinicalBERT,17a4w6o,605,0,101,[CLS],,True,emptiness,6.750234487381851e-05,6.750234487381851e-05,0.2357300966978073,0.976031482219696,0.34,1,1,785,FP32-token-IDs
ClinicalBERT,17a4w6o,605,0,101,[CLS],,True,hopelessness,0.0008226807059889491,0.0008226807059889491,0.43375319242477417,0.9784163236618042,0.34,1,1,785,FP32-token-IDs
ClinicalBERT,17a4w6o,605,0,101,[CLS],,True,loneliness,-0.0009283406067300928,0.0009283406067300928,0.28072866797447205,0.9781886339187622,0.34,1,1,785,FP32-token-IDs
ClinicalBERT,17a4w6o,605,0,101,[CLS],,True,sadness,0.0013273475183682008,0.0013273475183682008,0.3921002149581909,0.9497569799423218,0.34,1,1,785,FP32-token-IDs
ClinicalBERT,17a4w6o,605,0,101,[CLS],,True,suicide intent,-0.005144343901933594,0.005144343901933594,0.18813656270503998,0.7636293768882751,0.34,0,1,785,FP32-token-IDs
ClinicalBERT,17a4w6o,605,0,101,[CLS],,True,worthlessness,0.0010953171771358361,0.0010953171771358361,0.37861868739128113,0.930963933467865,0.34,1,1,785,FP32-token-IDs
ClinicalBERT,17a4w6o,605,1,1103,the,the,False,anger,-0.004566942743787711,0.004566942743787711,0.41402390599250793,0.18097521364688873,0.34,0,0,785,FP32-token-IDs
ClinicalBERT,17a4w6o,605,1,1103,the,the,False,brain dysfunction (forget),-0.004157046512277289,0.004157046512277289,0.31157273054122925,0.45578429102897644,0.34,1,1,785,FP32-token-IDs
ClinicalBERT,17a4w6o,605,1,1103,the,the,False,emptiness,6.750234487381851e-05,6.750234487381851e-05,0.2357300966978073,0.976031482219696,0.34,1,1,785,FP32-token-IDs
ClinicalBERT,17a4w6o,605,1,1103,the,the,False,hopelessness,0.0008226807059889491,0.0008226807059889491,0.43375319242477417,0.9784163236618042,0.34,1,1,785,FP32-token-IDs
ClinicalBERT,17a4w6o,605,1,1103,the,the,False,loneliness,-0.0009283406067300928,0.0009283406067300928,0.28072866797447205,0.9781886339187622,0.34,1,1,785,FP32-token-IDs
ClinicalBERT,17a4w6o,605,1,1103,the,the,False,sadness,0.0013273475183682008,0.0013273475183682008,0.3921002149581909,0.9497569799423218,0.34,1,1,785,FP32-token-IDs
ClinicalBERT,17a4w6o,605,1,1103,the,the,False,suicide intent,-0.005144343901933594,0.005144343901933594,0.18813656270503998,0.7636293768882751,0.34,0,1,785,FP32-token-IDs
ClinicalBERT,17a4w6o,605,1,1103,the,the,False,worthlessness,0.0010953171771358361,0.0010953171771358361,0.37861868739128113,0.930963933467865,0.34,1,1,785,FP32-token-IDs
ClinicalBERT,17a4w6o,605,2,5120,cycle,cycle,False,anger,-0.005813244201073592,0.005813244201073592,0.41402390599250793,0.18097521364688873,0.34,0,0,785,FP32-token-IDs
ClinicalBERT,17a4w6o,605,2,5120,cycle,cycle,False,brain dysfunction (forget),-0.0046511704144491395,0.0046511704144491395,0.31157273054122925,0.45578429102897644,0.34,1,1,785,FP32-token-IDs
ClinicalBERT,17a4w6o,605,2,5120,cycle,cycle,False,emptiness,-0.0012867440554228697,0.0012867440554228697,0.2357300966978073,0.976031482219696,0.34,1,1,785,FP32-token-IDs
ClinicalBERT,17a4w6o,605,2,5120,cycle,cycle,False,hopelessness,0.0006408986466174776,0.0006408986466174776,0.43375319242477417,0.9784163236618042,0.34,1,1,785,FP32-token-IDs
ClinicalBERT,17a4w6o,605,2,5120,cycle,cycle,False,loneliness,-0.0018078090030361307,0.0018078090030361307,0.28072866797447205,0.9781886339187622,0.34,1,1,785,FP32-token-IDs
ClinicalBERT,17a4w6o,605,2,5120,cycle,cycle,False,sadness,0.0012452225624160333,0.0012452225624160333,0.3921002149581909,0.9497569799423218,0.34,1,1,785,FP32-token-IDs
ClinicalBERT,17a4w6o,605,2,5120,cycle,cycle,False,suicide intent,-0.005728965815664692,0.005728965815664692,0.18813656270503998,0.7636293768882751,0.34,0,1,785,FP32-token-IDs
ClinicalBERT,17a4w6o,605,2,5120,cycle,cycle,False,worthlessness,-8.792629126798022e-05,8.792629126798022e-05,0.37861868739128113,0.930963933467865,0.34,1,1,785,FP32-token-IDs
ClinicalBERT,17a4w6o,605,3,3430,continues,continues,False,anger,-0.005813244201073592,0.005813244201073592,0.41402390599250793,0.18097521364688873,0.34,0,0,785,FP32-token-IDs
ClinicalBERT,17a4w6o,605,3,3430,continues,continues,False,brain dysfunction (forget),-0.0046511704144491395,0.0046511704144491395,0.31157273054122925,0.45578429102897644,0.34,1,1,785,FP32-token-IDs
ClinicalBERT,17a4w6o,605,3,3430,continues,continues,False,emptiness,-0.0012867440554228697,0.0012867440554228697,0.2357300966978073,0.976031482219696,0.34,1,1,785,FP32-token-IDs
ClinicalBERT,17a4w6o,605,3,3430,continues,continues,False,hopelessness,0.0006408986466174776,0.0006408986466174776,0.43375319242477417,0.9784163236618042,0.34,1,1,785,FP32-token-IDs
ClinicalBERT,17a4w6o,605,3,3430,continues,continues,False,loneliness,-0.0018078090030361307,0.0018078090030361307,0.28072866797447205,0.9781886339187622,0.34,1,1,785,FP32-token-IDs
ClinicalBERT,17a4w6o,605,3,3430,continues,continues,False,sadness,0.0012452225624160333,0.0012452225624160333,0.3921002149581909,0.9497569799423218,0.34,1,1,785,FP32-token-IDs
ClinicalBERT,17a4w6o,605,3,3430,continues,continues,False,suicide intent,-0.005728965815664692,0.005728965815664692,0.18813656270503998,0.7636293768882751,0.34,0,1,785,FP32-token-IDs
ClinicalBERT,17a4w6o,605,3,3430,continues,continues,False,worthlessness,-8.792629126798022e-05,8.792629126798022e-05,0.37861868739128113,0.930963933467865,0.34,1,1,785,FP32-token-IDs
ClinicalBERT,17a4w6o,605,4,108,#,#,False,anger,-0.0018562539178249124,0.0018562539178249124,0.41402390599250793,0.18097521364688873,0.34,0,0,785,FP32-token-IDs
ClinicalBERT,17a4w6o,605,4,108,#,#,False,brain dysfunction (forget),-0.002490554561282133,0.002490554561282133,0.31157273054122925,0.45578429102897644,0.34,1,1,785,FP32-token-IDs
ClinicalBERT,17a4w6o,605,4,108,#,#,False,emptiness,0.005504843730527858,0.005504843730527858,0.2357300966978073,0.976031482219696,0.34,1,1,785,FP32-token-IDs
ClinicalBERT,17a4w6o,605,4,108,#,#,False,hopelessness,0.0012655565878013514,0.0012655565878013514,0.43375319242477417,0.9784163236618042,0.34,1,1,785,FP32-token-IDs
ClinicalBERT,17a4w6o,605,4,108,#,#,False,loneliness,0.0051805905925182555,0.0051805905925182555,0.28072866797447205,0.9781886339187622,0.34,1,1,785,FP32-token-IDs
ClinicalBERT,17a4w6o,605,4,108,#,#,False,sadness,0.0017269080528965245,0.0017269080528965245,0.3921002149581909,0.9497569799423218,0.34,1,1,785,FP32-token-IDs
ClinicalBERT,17a4w6o,605,4,108,#,#,False,suicide intent,0.0012495530793419133,0.0012495530793419133,0.18813656270503998,0.7636293768882751,0.34,0,1,785,FP32-token-IDs
ClinicalBERT,17a4w6o,605,4,108,#,#,False,worthlessness,0.002153314456537172,0.002153314456537172,0.37861868739128113,0.930963933467865,0.34,1,1,785,FP32-token-IDs
ClinicalBERT,17a4w6o,605,5,108,#,#,False,anger,-0.0018562539178249124,0.0018562539178249124,0.41402390599250793,0.18097521364688873,0.34,0,0,785,FP32-token-IDs
ClinicalBERT,17a4w6o,605,5,108,#,#,False,brain dysfunction (forget),-0.002490554561282133,0.002490554561282133,0.31157273054122925,0.45578429102897644,0.34,1,1,785,FP32-token-IDs
ClinicalBERT,17a4w6o,605,5,108,#,#,False,emptiness,0.005504843730527858,0.005504843730527858,0.2357300966978073,0.976031482219696,0.34,1,1,785,FP32-token-IDs
ClinicalBERT,17a4w6o,605,5,108,#,#,False,hopelessness,0.0012655565878013514,0.0012655565878013514,0.43375319242477417,0.9784163236618042,0.34,1,1,785,FP32-token-IDs
ClinicalBERT,17a4w6o,605,5,108,#,#,False,loneliness,0.0051805905925182555,0.0051805905925182555,0.28072866797447205,0.9781886339187622,0.34,1,1,785,FP32-token-IDs
ClinicalBERT,17a4w6o,605,5,108,#,#,False,sadness,0.0017269080528965245,0.0017269080528965245,0.3921002149581909,0.9497569799423218,0.34,1,1,785,FP32-token-IDs
ClinicalBERT,17a4w6o,605,5,108,#,#,False,suicide intent,0.0012495530793419133,0.0012495530793419133,0.18813656270503998,0.7636293768882751,0.34,0,1,785,FP32-token-IDs
ClinicalBERT,17a4w6o,605,5,108,#,#,False,worthlessness,0.002153314456537172,0.002153314456537172,0.37861868739128113,0.930963933467865,0.34,1,1,785,FP32-token-IDs
ClinicalBERT,17a4w6o,605,6,108,#,#,False,anger,-0.0018562539178249124,0.0018562539178249124,0.41402390599250793,0.18097521364688873,0.34,0,0,785,FP32-token-IDs
ClinicalBERT,17a4w6o,605,6,108,#,#,False,brain dysfunction (forget),-0.002490554561282133,0.002490554561282133,0.31157273054122925,0.45578429102897644,0.34,1,1,785,FP32-token-IDs
ClinicalBERT,17a4w6o,605,6,108,#,#,False,emptiness,0.005504843730527858,0.005504843730527858,0.2357300966978073,0.976031482219696,0.34,1,1,785,FP32-token-IDs
ClinicalBERT,17a4w6o,605,6,108,#,#,False,hopelessness,0.0012655565878013514,0.0012655565878013514,0.43375319242477417,0.9784163236618042,0.34,1,1,785,FP32-token-IDs
ClinicalBERT,17a4w6o,605,6,108,#,#,False,loneliness,0.0051805905925182555,0.0051805905925182555,0.28072866797447205,0.9781886339187622,0.34,1,1,785,FP32-token-IDs
ClinicalBERT,17a4w6o,605,6,108,#,#,False,sadness,0.0017269080528965245,0.0017269080528965245,0.3921002149581909,0.9497569799423218,0.34,1,1,785,FP32-token-IDs
ClinicalBERT,17a4w6o,605,6,108,#,#,False,suicide intent,0.0012495530793419133,0.0012495530793419133,0.18813656270503998,0.7636293768882751,0.34,0,1,785,FP32-token-IDs
ClinicalBERT,17a4w6o,605,6,108,#,#,False,worthlessness,0.002153314456537172,0.002153314456537172,0.37861868739128113,0.930963933467865,0.34,1,1,785,FP32-token-IDs
ClinicalBERT,17a4w6o,605,7,178,i,i,False,anger,-0.0018562539178249124,0.0018562539178249124,0.41402390599250793,0.18097521364688873,0.34,0,0,785,FP32-token-IDs
ClinicalBERT,17a4w6o,605,7,178,i,i,False,brain dysfunction (forget),-0.002490554561282133,0.002490554561282133,0.31157273054122925,0.45578429102897644,0.34,1,1,785,FP32-token-IDs
ClinicalBERT,17a4w6o,605,7,178,i,i,False,emptiness,0.005504843730527858,0.005504843730527858,0.2357300966978073,0.976031482219696,0.34,1,1,785,FP32-token-IDs
ClinicalBERT,17a4w6o,605,7,178,i,i,False,hopelessness,0.0012655565878013514,0.0012655565878013514,0.43375319242477417,0.9784163236618042,0.34,1,1,785,FP32-token-IDs
ClinicalBERT,17a4w6o,605,7,178,i,i,False,loneliness,0.0051805905925182555,0.0051805905925182555,0.28072866797447205,0.9781886339187622,0.34,1,1,785,FP32-token-IDs
ClinicalBERT,17a4w6o,605,7,178,i,i,False,sadness,0.0017269080528965245,0.0017269080528965245,0.3921002149581909,0.9497569799423218,0.34,1,1,785,FP32-token-IDs
ClinicalBERT,17a4w6o,605,7,178,i,i,False,suicide intent,0.0012495530793419133,0.0012495530793419133,0.18813656270503998,0.7636293768882751,0.34,0,1,785,FP32-token-IDs
ClinicalBERT,17a4w6o,605,7,178,i,i,False,worthlessness,0.002153314456537172,0.002153314456537172,0.37861868739128113,0.930963933467865,0.34,1,1,785,FP32-token-IDs
ClinicalBERT,17a4w6o,605,8,1821,am,am,False,anger,-0.0018562539178249126,0.0018562539178249126,0.41402390599250793,0.18097521364688873,0.34,0,0,785,FP32-token-IDs
ClinicalBERT,17a4w6o,605,8,1821,am,am,False,brain dysfunction (forget),-0.002490554561282133,0.002490554561282133,0.31157273054122925,0.45578429102897644,0.34,1,1,785,FP32-token-IDs
ClinicalBERT,17a4w6o,605,8,1821,am,am,False,emptiness,0.005504843730527859,0.005504843730527859,0.2357300966978073,0.976031482219696,0.34,1,1,785,FP32-token-IDs
ClinicalBERT,17a4w6o,605,8,1821,am,am,False,hopelessness,0.0012655565878013514,0.0012655565878013514,0.43375319242477417,0.9784163236618042,0.34,1,1,785,FP32-token-IDs
ClinicalBERT,17a4w6o,605,8,1821,am,am,False,loneliness,0.0051805905925182555,0.0051805905925182555,0.28072866797447205,0.9781886339187622,0.34,1,1,785,FP32-token-IDs
ClinicalBERT,17a4w6o,605,8,1821,am,am,False,sadness,0.0017269080528965243,0.0017269080528965243,0.3921002149581909,0.9497569799423218,0.34,1,1,785,FP32-token-IDs
ClinicalBERT,17a4w6o,605,8,1821,am,am,False,suicide intent,0.001249553079341913,0.001249553079341913,0.18813656270503998,0.7636293768882751,0.34,0,1,785,FP32-token-IDs
ClinicalBERT,17a4w6o,605,8,1821,am,am,False,worthlessness,0.002153314456537172,0.002153314456537172,0.37861868739128113,0.930963933467865,0.34,1,1,785,FP32-token-IDs
ClinicalBERT,17a4w6o,605,9,1303,here,here,False,anger,-0.0018562539178249126,0.0018562539178249126,0.41402390599250793,0.18097521364688873,0.34,0,0,785,FP32-token-IDs
ClinicalBERT,17a4w6o,605,9,1303,here,here,False,brain dysfunction (forget),-0.002490554561282133,0.002490554561282133,0.31157273054122925,0.45578429102897644,0.34,1,1,785,FP32-token-IDs
ClinicalBERT,17a4w6o,605,9,1303,here,here,False,emptiness,0.005504843730527859,0.005504843730527859,0.2357300966978073,0.976031482219696,0.34,1,1,785,FP32-token-IDs
ClinicalBERT,17a4w6o,605,9,1303,here,here,False,hopelessness,0.0012655565878013514,0.0012655565878013514,0.43375319242477417,0.9784163236618042,0.34,1,1,785,FP32-token-IDs
ClinicalBERT,17a4w6o,605,9,1303,here,here,False,loneliness,0.0051805905925182555,0.0051805905925182555,0.28072866797447205,0.9781886339187622,0.34,1,1,785,FP32-token-IDs
ClinicalBERT,17a4w6o,605,9,1303,here,here,False,sadness,0.0017269080528965243,0.0017269080528965243,0.3921002149581909,0.9497569799423218,0.34,1,1,785,FP32-token-IDs
ClinicalBERT,17a4w6o,605,9,1303,here,here,False,suicide intent,0.001249553079341913,0.001249553079341913,0.18813656270503998,0.7636293768882751,0.34,0,1,785,FP32-token-IDs
ClinicalBERT,17a4w6o,605,9,1303,here,here,False,worthlessness,0.002153314456537172,0.002153314456537172,0.37861868739128113,0.930963933467865,0.34,1,1,785,FP32-token-IDs
ClinicalBERT,17a4w6o,605,10,117,",",",",False,anger,-0.0018562539178249126,0.0018562539178249126,0.41402390599250793,0.18097521364688873,0.34,0,0,785,FP32-token-IDs
ClinicalBERT,17a4w6o,605,10,117,",",",",False,brain dysfunction (forget),-0.002490554561282133,0.002490554561282133,0.31157273054122925,0.45578429102897644,0.34,1,1,785,FP32-token-IDs
ClinicalBERT,17a4w6o,605,10,117,",",",",False,emptiness,0.005504843730527859,0.005504843730527859,0.2357300966978073,0.976031482219696,0.34,1,1,785,FP32-token-IDs
ClinicalBERT,17a4w6o,605,10,117,",",",",False,hopelessness,0.0012655565878013514,0.0012655565878013514,0.43375319242477417,0.9784163236618042,0.34,1,1,785,FP32-token-IDs
ClinicalBERT,17a4w6o,605,10,117,",",",",False,loneliness,0.0051805905925182555,0.0051805905925182555,0.28072866797447205,0.9781886339187622,0.34,1,1,785,FP32-token-IDs
ClinicalBERT,17a4w6o,605,10,117,",",",",False,sadness,0.0017269080528965243,0.0017269080528965243,0.3921002149581909,0.9497569799423218,0.34,1,1,785,FP32-token-IDs
ClinicalBERT,17a4w6o,605,10,117,",",",",False,suicide intent,0.001249553079341913,0.001249553079341913,0.18813656270503998,0.7636293768882751,0.34,0,1,785,FP32-token-IDs
ClinicalBERT,17a4w6o,605,10,117,",",",",False,worthlessness,0.002153314456537172,0.002153314456537172,0.37861868739128113,0.930963933467865,0.34,1,1,785,FP32-token-IDs
ClinicalBERT,17a4w6o,605,11,1517,once,once,False,anger,-0.0009956779734541974,0.0009956779734541974,0.41402390599250793,0.18097521364688873,0.34,0,0,785,FP32-token-IDs
ClinicalBERT,17a4w6o,605,11,1517,once,once,False,brain dysfunction (forget),0.002830758923664689,0.002830758923664689,0.31157273054122925,0.45578429102897644,0.34,1,1,785,FP32-token-IDs
ClinicalBERT,17a4w6o,605,11,1517,once,once,False,emptiness,0.0030815944774076343,0.0030815944774076343,0.2357300966978073,0.976031482219696,0.34,1,1,785,FP32-token-IDs
ClinicalBERT,17a4w6o,605,11,1517,once,once,False,hopelessness,0.0014740615151822567,0.0014740615151822567,0.43375319242477417,0.9784163236618042,0.34,1,1,785,FP32-token-IDs
ClinicalBERT,17a4w6o,605,11,1517,once,once,False,loneliness,0.002137357640701036,0.002137357640701036,0.28072866797447205,0.9781886339187622,0.34,1,1,785,FP32-token-IDs
ClinicalBERT,17a4w6o,605,11,1517,once,once,False,sadness,0.0015859894920140505,0.0015859894920140505,0.3921002149581909,0.9497569799423218,0.34,1,1,785,FP32-token-IDs
ClinicalBERT,17a4w6o,605,11,1517,once,once,False,suicide intent,-0.00045879825484007597,0.00045879825484007597,0.18813656270503998,0.7636293768882751,0.34,0,1,785,FP32-token-IDs
ClinicalBERT,17a4w6o,605,11,1517,once,once,False,worthlessness,0.0027918103927125535,0.0027918103927125535,0.37861868739128113,0.930963933467865,0.34,1,1,785,FP32-token-IDs
ClinicalBERT,17a4w6o,605,12,1254,again,again,False,anger,-0.0009956779734541974,0.0009956779734541974,0.41402390599250793,0.18097521364688873,0.34,0,0,785,FP32-token-IDs
ClinicalBERT,17a4w6o,605,12,1254,again,again,False,brain dysfunction (forget),0.002830758923664689,0.002830758923664689,0.31157273054122925,0.45578429102897644,0.34,1,1,785,FP32-token-IDs
ClinicalBERT,17a4w6o,605,12,1254,again,again,False,emptiness,0.0030815944774076343,0.0030815944774076343,0.2357300966978073,0.976031482219696,0.34,1,1,785,FP32-token-IDs
ClinicalBERT,17a4w6o,605,12,1254,again,again,False,hopelessness,0.0014740615151822567,0.0014740615151822567,0.43375319242477417,0.9784163236618042,0.34,1,1,785,FP32-token-IDs
ClinicalBERT,17a4w6o,605,12,1254,again,again,False,loneliness,0.002137357640701036,0.002137357640701036,0.28072866797447205,0.9781886339187622,0.34,1,1,785,FP32-token-IDs
ClinicalBERT,17a4w6o,605,12,1254,again,again,False,sadness,0.0015859894920140505,0.0015859894920140505,0.3921002149581909,0.9497569799423218,0.34,1,1,785,FP32-token-IDs
ClinicalBERT,17a4w6o,605,12,1254,again,again,False,suicide intent,-0.00045879825484007597,0.00045879825484007597,0.18813656270503998,0.7636293768882751,0.34,0,1,785,FP32-token-IDs
ClinicalBERT,17a4w6o,605,12,1254,again,again,False,worthlessness,0.0027918103927125535,0.0027918103927125535,0.37861868739128113,0.930963933467865,0.34,1,1,785,FP32-token-IDs
ClinicalBERT,17a4w6o,605,13,117,",",",",False,anger,-0.0017130878598739705,0.0017130878598739705,0.41402390599250793,0.18097521364688873,0.34,0,0,785,FP32-token-IDs
ClinicalBERT,17a4w6o,605,13,117,",",",",False,brain dysfunction (forget),0.0027216963935643435,0.0027216963935643435,0.31157273054122925,0.45578429102897644,0.34,1,1,785,FP32-token-IDs
ClinicalBERT,17a4w6o,605,13,117,",",",",False,emptiness,0.0026575176743790507,0.0026575176743790507,0.2357300966978073,0.976031482219696,0.34,1,1,785,FP32-token-IDs
ClinicalBERT,17a4w6o,605,13,117,",",",",False,hopelessness,0.0008156104013323784,0.0008156104013323784,0.43375319242477417,0.9784163236618042,0.34,1,1,785,FP32-token-IDs
ClinicalBERT,17a4w6o,605,13,117,",",",",False,loneliness,0.0010262721140558522,0.0010262721140558522,0.28072866797447205,0.9781886339187622,0.34,1,1,785,FP32-token-IDs
ClinicalBERT,17a4w6o,605,13,117,",",",",False,sadness,0.0006578380707651377,0.0006578380707651377,0.3921002149581909,0.9497569799423218,0.34,1,1,785,FP32-token-IDs
ClinicalBERT,17a4w6o,605,13,117,",",",",False,suicide intent,-0.0010473778238520026,0.0010473778238520026,0.18813656270503998,0.7636293768882751,0.34,0,1,785,FP32-token-IDs
ClinicalBERT,17a4w6o,605,13,117,",",",",False,worthlessness,0.001788258630161484,0.001788258630161484,0.37861868739128113,0.930963933467865,0.34,1,1,785,FP32-token-IDs
ClinicalBERT,17a4w6o,605,14,5342,stuck,stuck,False,anger,0.0026968120131641627,0.0026968120131641627,0.41402390599250793,0.18097521364688873,0.34,0,0,785,FP32-token-IDs
ClinicalBERT,17a4w6o,605,14,5342,stuck,stuck,False,brain dysfunction (forget),0.007194464677013457,0.007194464677013457,0.31157273054122925,0.45578429102897644,0.34,1,1,785,FP32-token-IDs
ClinicalBERT,17a4w6o,605,14,5342,stuck,stuck,False,emptiness,0.0038526352727785707,0.0038526352727785707,0.2357300966978073,0.976031482219696,0.34,1,1,785,FP32-token-IDs
ClinicalBERT,17a4w6o,605,14,5342,stuck,stuck,False,hopelessness,0.001120362663641572,0.001120362663641572,0.43375319242477417,0.9784163236618042,0.34,1,1,785,FP32-token-IDs
ClinicalBERT,17a4w6o,605,14,5342,stuck,stuck,False,loneliness,0.0020006123231723905,0.0020006123231723905,0.28072866797447205,0.9781886339187622,0.34,1,1,785,FP32-token-IDs
ClinicalBERT,17a4w6o,605,14,5342,stuck,stuck,False,sadness,0.0007923562545329333,0.0007923562545329333,0.3921002149581909,0.9497569799423218,0.34,1,1,785,FP32-token-IDs
ClinicalBERT,17a4w6o,605,14,5342,stuck,stuck,False,suicide intent,0.0018474007258191703,0.0018474007258191703,0.18813656270503998,0.7636293768882751,0.34,0,1,785,FP32-token-IDs
ClinicalBERT,17a4w6o,605,14,5342,stuck,stuck,False,worthlessness,0.004201455134898424,0.004201455134898424,0.37861868739128113,0.930963933467865,0.34,1,1,785,FP32-token-IDs
ClinicalBERT,17a4w6o,605,15,1113,on,on,False,anger,0.0026968120131641627,0.0026968120131641627,0.41402390599250793,0.18097521364688873,0.34,0,0,785,FP32-token-IDs
ClinicalBERT,17a4w6o,605,15,1113,on,on,False,brain dysfunction (forget),0.007194464677013457,0.007194464677013457,0.31157273054122925,0.45578429102897644,0.34,1,1,785,FP32-token-IDs
ClinicalBERT,17a4w6o,605,15,1113,on,on,False,emptiness,0.0038526352727785707,0.0038526352727785707,0.2357300966978073,0.976031482219696,0.34,1,1,785,FP32-token-IDs
ClinicalBERT,17a4w6o,605,15,1113,on,on,False,hopelessness,0.001120362663641572,0.001120362663641572,0.43375319242477417,0.9784163236618042,0.34,1,1,785,FP32-token-IDs
ClinicalBERT,17a4w6o,605,15,1113,on,on,False,loneliness,0.0020006123231723905,0.0020006123231723905,0.28072866797447205,0.9781886339187622,0.34,1,1,785,FP32-token-IDs
ClinicalBERT,17a4w6o,605,15,1113,on,on,False,sadness,0.0007923562545329333,0.0007923562545329333,0.3921002149581909,0.9497569799423218,0.34,1,1,785,FP32-token-IDs
ClinicalBERT,17a4w6o,605,15,1113,on,on,False,suicide intent,0.0018474007258191703,0.0018474007258191703,0.18813656270503998,0.7636293768882751,0.34,0,1,785,FP32-token-IDs
ClinicalBERT,17a4w6o,605,15,1113,on,on,False,worthlessness,0.004201455134898424,0.004201455134898424,0.37861868739128113,0.930963933467865,0.34,1,1,785,FP32-token-IDs
ClinicalBERT,17a4w6o,605,16,1139,my,my,False,anger,0.0026968120131641627,0.0026968120131641627,0.41402390599250793,0.18097521364688873,0.34,0,0,785,FP32-token-IDs
ClinicalBERT,17a4w6o,605,16,1139,my,my,False,brain dysfunction (forget),0.007194464677013457,0.007194464677013457,0.31157273054122925,0.45578429102897644,0.34,1,1,785,FP32-token-IDs
ClinicalBERT,17a4w6o,605,16,1139,my,my,False,emptiness,0.0038526352727785707,0.0038526352727785707,0.2357300966978073,0.976031482219696,0.34,1,1,785,FP32-token-IDs
ClinicalBERT,17a4w6o,605,16,1139,my,my,False,hopelessness,0.001120362663641572,0.001120362663641572,0.43375319242477417,0.9784163236618042,0.34,1,1,785,FP32-token-IDs
ClinicalBERT,17a4w6o,605,16,1139,my,my,False,loneliness,0.0020006123231723905,0.0020006123231723905,0.28072866797447205,0.9781886339187622,0.34,1,1,785,FP32-token-IDs
ClinicalBERT,17a4w6o,605,16,1139,my,my,False,sadness,0.0007923562545329333,0.0007923562545329333,0.3921002149581909,0.9497569799423218,0.34,1,1,785,FP32-token-IDs
ClinicalBERT,17a4w6o,605,16,1139,my,my,False,suicide intent,0.0018474007258191703,0.0018474007258191703,0.18813656270503998,0.7636293768882751,0.34,0,1,785,FP32-token-IDs
ClinicalBERT,17a4w6o,605,16,1139,my,my,False,worthlessness,0.004201455134898424,0.004201455134898424,0.37861868739128113,0.930963933467865,0.34,1,1,785,FP32-token-IDs
ClinicalBERT,17a4w6o,605,17,1908,bed,bed,False,anger,0.0026968120131641627,0.0026968120131641627,0.41402390599250793,0.18097521364688873,0.34,0,0,785,FP32-token-IDs
ClinicalBERT,17a4w6o,605,17,1908,bed,bed,False,brain dysfunction (forget),0.007194464677013457,0.007194464677013457,0.31157273054122925,0.45578429102897644,0.34,1,1,785,FP32-token-IDs
ClinicalBERT,17a4w6o,605,17,1908,bed,bed,False,emptiness,0.0038526352727785707,0.0038526352727785707,0.2357300966978073,0.976031482219696,0.34,1,1,785,FP32-token-IDs
ClinicalBERT,17a4w6o,605,17,1908,bed,bed,False,hopelessness,0.001120362663641572,0.001120362663641572,0.43375319242477417,0.9784163236618042,0.34,1,1,785,FP32-token-IDs
ClinicalBERT,17a4w6o,605,17,1908,bed,bed,False,loneliness,0.0020006123231723905,0.0020006123231723905,0.28072866797447205,0.9781886339187622,0.34,1,1,785,FP32-token-IDs
ClinicalBERT,17a4w6o,605,17,1908,bed,bed,False,sadness,0.0007923562545329333,0.0007923562545329333,0.3921002149581909,0.9497569799423218,0.34,1,1,785,FP32-token-IDs
ClinicalBERT,17a4w6o,605,17,1908,bed,bed,False,suicide intent,0.0018474007258191703,0.0018474007258191703,0.18813656270503998,0.7636293768882751,0.34,0,1,785,FP32-token-IDs
ClinicalBERT,17a4w6o,605,17,1908,bed,bed,False,worthlessness,0.004201455134898424,0.004201455134898424,0.37861868739128113,0.930963933467865,0.34,1,1,785,FP32-token-IDs
ClinicalBERT,17a4w6o,605,18,119,.,.,False,anger,0.002175866486504674,0.002175866486504674,0.41402390599250793,0.18097521364688873,0.34,0,0,785,FP32-token-IDs
ClinicalBERT,17a4w6o,605,18,119,.,.,False,brain dysfunction (forget),0.004017084604129195,0.004017084604129195,0.31157273054122925,0.45578429102897644,0.34,1,1,785,FP32-token-IDs
ClinicalBERT,17a4w6o,605,18,119,.,.,False,emptiness,0.004228665377013385,0.004228665377013385,0.2357300966978073,0.976031482219696,0.34,1,1,785,FP32-token-IDs
ClinicalBERT,17a4w6o,605,18,119,.,.,False,hopelessness,0.0017854208126664162,0.0017854208126664162,0.43375319242477417,0.9784163236618042,0.34,1,1,785,FP32-token-IDs
ClinicalBERT,17a4w6o,605,18,119,.,.,False,loneliness,0.0030943198362365365,0.0030943198362365365,0.28072866797447205,0.9781886339187622,0.34,1,1,785,FP32-token-IDs
ClinicalBERT,17a4w6o,605,18,119,.,.,False,sadness,0.0017659953329712153,0.0017659953329712153,0.3921002149581909,0.9497569799423218,0.34,1,1,785,FP32-token-IDs
ClinicalBERT,17a4w6o,605,18,119,.,.,False,suicide intent,0.0006313272053375838,0.0006313272053375838,0.18813656270503998,0.7636293768882751,0.34,0,1,785,FP32-token-IDs
ClinicalBERT,17a4w6o,605,18,119,.,.,False,worthlessness,0.005208077235147357,0.005208077235147357,0.37861868739128113,0.930963933467865,0.34,1,1,785,FP32-token-IDs
ClinicalBERT,17a4w6o,605,19,178,i,i,False,anger,-0.008660615395961536,0.008660615395961536,0.41402390599250793,0.18097521364688873,0.34,0,0,785,FP32-token-IDs
ClinicalBERT,17a4w6o,605,19,178,i,i,False,brain dysfunction (forget),-0.0016362430113885137,0.0016362430113885137,0.31157273054122925,0.45578429102897644,0.34,1,1,785,FP32-token-IDs
ClinicalBERT,17a4w6o,605,19,178,i,i,False,emptiness,0.0029198873477677503,0.0029198873477677503,0.2357300966978073,0.976031482219696,0.34,1,1,785,FP32-token-IDs
ClinicalBERT,17a4w6o,605,19,178,i,i,False,hopelessness,-6.269353131453187e-06,6.269353131453187e-06,0.43375319242477417,0.9784163236618042,0.34,1,1,785,FP32-token-IDs
ClinicalBERT,17a4w6o,605,19,178,i,i,False,loneliness,0.004013307961738772,0.004013307961738772,0.28072866797447205,0.9781886339187622,0.34,1,1,785,FP32-token-IDs
ClinicalBERT,17a4w6o,605,19,178,i,i,False,sadness,0.0009622276864118046,0.0009622276864118046,0.3921002149581909,0.9497569799423218,0.34,1,1,785,FP32-token-IDs
ClinicalBERT,17a4w6o,605,19,178,i,i,False,suicide intent,-0.001037750703593095,0.001037750703593095,0.18813656270503998,0.7636293768882751,0.34,0,1,785,FP32-token-IDs
ClinicalBERT,17a4w6o,605,19,178,i,i,False,worthlessness,-0.0018742621048457092,0.0018742621048457092,0.37861868739128113,0.930963933467865,0.34,1,1,785,FP32-token-IDs
ClinicalBERT,17a4w6o,605,20,1198,just,just,False,anger,-0.008660615395961536,0.008660615395961536,0.41402390599250793,0.18097521364688873,0.34,0,0,785,FP32-token-IDs
ClinicalBERT,17a4w6o,605,20,1198,just,just,False,brain dysfunction (forget),-0.0016362430113885137,0.0016362430113885137,0.31157273054122925,0.45578429102897644,0.34,1,1,785,FP32-token-IDs
ClinicalBERT,17a4w6o,605,20,1198,just,just,False,emptiness,0.0029198873477677503,0.0029198873477677503,0.2357300966978073,0.976031482219696,0.34,1,1,785,FP32-token-IDs
ClinicalBERT,17a4w6o,605,20,1198,just,just,False,hopelessness,-6.269353131453187e-06,6.269353131453187e-06,0.43375319242477417,0.9784163236618042,0.34,1,1,785,FP32-token-IDs
ClinicalBERT,17a4w6o,605,20,1198,just,just,False,loneliness,0.004013307961738772,0.004013307961738772,0.28072866797447205,0.9781886339187622,0.34,1,1,785,FP32-token-IDs
ClinicalBERT,17a4w6o,605,20,1198,just,just,False,sadness,0.0009622276864118046,0.0009622276864118046,0.3921002149581909,0.9497569799423218,0.34,1,1,785,FP32-token-IDs
ClinicalBERT,17a4w6o,605,20,1198,just,just,False,suicide intent,-0.001037750703593095,0.001037750703593095,0.18813656270503998,0.7636293768882751,0.34,0,1,785,FP32-token-IDs
ClinicalBERT,17a4w6o,605,20,1198,just,just,False,worthlessness,-0.0018742621048457092,0.0018742621048457092,0.37861868739128113,0.930963933467865,0.34,1,1,785,FP32-token-IDs
ClinicalBERT,17a4w6o,605,21,7994,woke,woke,False,anger,-0.008660615395961536,0.008660615395961536,0.41402390599250793,0.18097521364688873,0.34,0,0,785,FP32-token-IDs
ClinicalBERT,17a4w6o,605,21,7994,woke,woke,False,brain dysfunction (forget),-0.0016362430113885137,0.0016362430113885137,0.31157273054122925,0.45578429102897644,0.34,1,1,785,FP32-token-IDs
ClinicalBERT,17a4w6o,605,21,7994,woke,woke,False,emptiness,0.0029198873477677503,0.0029198873477677503,0.2357300966978073,0.976031482219696,0.34,1,1,785,FP32-token-IDs
ClinicalBERT,17a4w6o,605,21,7994,woke,woke,False,hopelessness,-6.269353131453187e-06,6.269353131453187e-06,0.43375319242477417,0.9784163236618042,0.34,1,1,785,FP32-token-IDs
ClinicalBERT,17a4w6o,605,21,7994,woke,woke,False,loneliness,0.004013307961738772,0.004013307961738772,0.28072866797447205,0.9781886339187622,0.34,1,1,785,FP32-token-IDs
ClinicalBERT,17a4w6o,605,21,7994,woke,woke,False,sadness,0.0009622276864118046,0.0009622276864118046,0.3921002149581909,0.9497569799423218,0.34,1,1,785,FP32-token-IDs
ClinicalBERT,17a4w6o,605,21,7994,woke,woke,False,suicide intent,-0.001037750703593095,0.001037750703593095,0.18813656270503998,0.7636293768882751,0.34,0,1,785,FP32-token-IDs
ClinicalBERT,17a4w6o,605,21,7994,woke,woke,False,worthlessness,-0.0018742621048457092,0.0018742621048457092,0.37861868739128113,0.930963933467865,0.34,1,1,785,FP32-token-IDs
ClinicalBERT,17a4w6o,605,22,1146,up,up,False,anger,-0.008660615395961536,0.008660615395961536,0.41402390599250793,0.18097521364688873,0.34,0,0,785,FP32-token-IDs
ClinicalBERT,17a4w6o,605,22,1146,up,up,False,brain dysfunction (forget),-0.0016362430113885137,0.0016362430113885137,0.31157273054122925,0.45578429102897644,0.34,1,1,785,FP32-token-IDs
ClinicalBERT,17a4w6o,605,22,1146,up,up,False,emptiness,0.0029198873477677503,0.0029198873477677503,0.2357300966978073,0.976031482219696,0.34,1,1,785,FP32-token-IDs
ClinicalBERT,17a4w6o,605,22,1146,up,up,False,hopelessness,-6.269353131453187e-06,6.269353131453187e-06,0.43375319242477417,0.9784163236618042,0.34,1,1,785,FP32-token-IDs
ClinicalBERT,17a4w6o,605,22,1146,up,up,False,loneliness,0.004013307961738772,0.004013307961738772,0.28072866797447205,0.9781886339187622,0.34,1,1,785,FP32-token-IDs
ClinicalBERT,17a4w6o,605,22,1146,up,up,False,sadness,0.0009622276864118046,0.0009622276864118046,0.3921002149581909,0.9497569799423218,0.34,1,1,785,FP32-token-IDs
ClinicalBERT,17a4w6o,605,22,1146,up,up,False,suicide intent,-0.001037750703593095,0.001037750703593095,0.18813656270503998,0.7636293768882751,0.34,0,1,785,FP32-token-IDs
ClinicalBERT,17a4w6o,605,22,1146,up,up,False,worthlessness,-0.0018742621048457092,0.0018742621048457092,0.37861868739128113,0.930963933467865,0.34,1,1,785,FP32-token-IDs
ClinicalBERT,17a4w6o,605,23,1121,from,from,False,anger,-0.003309173902703656,0.003309173902703656,0.41402390599250793,0.18097521364688873,0.34,0,0,785,FP32-token-IDs
ClinicalBERT,17a4w6o,605,23,1121,from,from,False,brain dysfunction (forget),-0.0015383995655510161,0.0015383995655510161,0.31157273054122925,0.45578429102897644,0.34,1,1,785,FP32-token-IDs
ClinicalBERT,17a4w6o,605,23,1121,from,from,False,emptiness,0.0019399710620443028,0.0019399710620443028,0.2357300966978073,0.976031482219696,0.34,1,1,785,FP32-token-IDs
ClinicalBERT,17a4w6o,605,23,1121,from,from,False,hopelessness,0.00023943011959393816,0.00023943011959393816,0.43375319242477417,0.9784163236618042,0.34,1,1,785,FP32-token-IDs
ClinicalBERT,17a4w6o,605,23,1121,from,from,False,loneliness,0.0028344965643352935,0.0028344965643352935,0.28072866797447205,0.9781886339187622,0.34,1,1,785,FP32-token-IDs
ClinicalBERT,17a4w6o,605,23,1121,from,from,False,sadness,0.0013112410075134702,0.0013112410075134702,0.3921002149581909,0.9497569799423218,0.34,1,1,785,FP32-token-IDs
ClinicalBERT,17a4w6o,605,23,1121,from,from,False,suicide intent,-0.0012428301696976026,0.0012428301696976026,0.18813656270503998,0.7636293768882751,0.34,0,1,785,FP32-token-IDs
ClinicalBERT,17a4w6o,605,23,1121,from,from,False,worthlessness,-0.0005984584904379314,0.0005984584904379314,0.37861868739128113,0.930963933467865,0.34,1,1,785,FP32-token-IDs
ClinicalBERT,17a4w6o,605,24,170,a,a,False,anger,-0.003309173902703656,0.003309173902703656,0.41402390599250793,0.18097521364688873,0.34,0,0,785,FP32-token-IDs
ClinicalBERT,17a4w6o,605,24,170,a,a,False,brain dysfunction (forget),-0.0015383995655510161,0.0015383995655510161,0.31157273054122925,0.45578429102897644,0.34,1,1,785,FP32-token-IDs
ClinicalBERT,17a4w6o,605,24,170,a,a,False,emptiness,0.0019399710620443028,0.0019399710620443028,0.2357300966978073,0.976031482219696,0.34,1,1,785,FP32-token-IDs
ClinicalBERT,17a4w6o,605,24,170,a,a,False,hopelessness,0.00023943011959393816,0.00023943011959393816,0.43375319242477417,0.9784163236618042,0.34,1,1,785,FP32-token-IDs
ClinicalBERT,17a4w6o,605,24,170,a,a,False,loneliness,0.0028344965643352935,0.0028344965643352935,0.28072866797447205,0.9781886339187622,0.34,1,1,785,FP32-token-IDs
ClinicalBERT,17a4w6o,605,24,170,a,a,False,sadness,0.0013112410075134702,0.0013112410075134702,0.3921002149581909,0.9497569799423218,0.34,1,1,785,FP32-token-IDs
ClinicalBERT,17a4w6o,605,24,170,a,a,False,suicide intent,-0.0012428301696976026,0.0012428301696976026,0.18813656270503998,0.7636293768882751,0.34,0,1,785,FP32-token-IDs
ClinicalBERT,17a4w6o,605,24,170,a,a,False,worthlessness,-0.0005984584904379314,0.0005984584904379314,0.37861868739128113,0.930963933467865,0.34,1,1,785,FP32-token-IDs
ClinicalBERT,17a4w6o,605,25,129,8,8,False,anger,-0.0033091739027036565,0.0033091739027036565,0.41402390599250793,0.18097521364688873,0.34,0,0,785,FP32-token-IDs
ClinicalBERT,17a4w6o,605,25,129,8,8,False,brain dysfunction (forget),-0.0015383995655510161,0.0015383995655510161,0.31157273054122925,0.45578429102897644,0.34,1,1,785,FP32-token-IDs
ClinicalBERT,17a4w6o,605,25,129,8,8,False,emptiness,0.0019399710620443026,0.0019399710620443026,0.2357300966978073,0.976031482219696,0.34,1,1,785,FP32-token-IDs
ClinicalBERT,17a4w6o,605,25,129,8,8,False,hopelessness,0.00023943011959393816,0.00023943011959393816,0.43375319242477417,0.9784163236618042,0.34,1,1,785,FP32-token-IDs
ClinicalBERT,17a4w6o,605,25,129,8,8,False,loneliness,0.002834496564335294,0.002834496564335294,0.28072866797447205,0.9781886339187622,0.34,1,1,785,FP32-token-IDs
ClinicalBERT,17a4w6o,605,25,129,8,8,False,sadness,0.0013112410075134702,0.0013112410075134702,0.3921002149581909,0.9497569799423218,0.34,1,1,785,FP32-token-IDs
ClinicalBERT,17a4w6o,605,25,129,8,8,False,suicide intent,-0.0012428301696976026,0.0012428301696976026,0.18813656270503998,0.7636293768882751,0.34,0,1,785,FP32-token-IDs
ClinicalBERT,17a4w6o,605,25,129,8,8,False,worthlessness,-0.0005984584904379314,0.0005984584904379314,0.37861868739128113,0.930963933467865,0.34,1,1,785,FP32-token-IDs
ClinicalBERT,17a4w6o,605,26,14640,##hou,hou,False,anger,-0.0033091739027036565,0.0033091739027036565,0.41402390599250793,0.18097521364688873,0.34,0,0,785,FP32-token-IDs
ClinicalBERT,17a4w6o,605,26,14640,##hou,hou,False,brain dysfunction (forget),-0.0015383995655510161,0.0015383995655510161,0.31157273054122925,0.45578429102897644,0.34,1,1,785,FP32-token-IDs
ClinicalBERT,17a4w6o,605,26,14640,##hou,hou,False,emptiness,0.0019399710620443026,0.0019399710620443026,0.2357300966978073,0.976031482219696,0.34,1,1,785,FP32-token-IDs
ClinicalBERT,17a4w6o,605,26,14640,##hou,hou,False,hopelessness,0.00023943011959393816,0.00023943011959393816,0.43375319242477417,0.9784163236618042,0.34,1,1,785,FP32-token-IDs
ClinicalBERT,17a4w6o,605,26,14640,##hou,hou,False,loneliness,0.002834496564335294,0.002834496564335294,0.28072866797447205,0.9781886339187622,0.34,1,1,785,FP32-token-IDs
ClinicalBERT,17a4w6o,605,26,14640,##hou,hou,False,sadness,0.0013112410075134702,0.0013112410075134702,0.3921002149581909,0.9497569799423218,0.34,1,1,785,FP32-token-IDs
ClinicalBERT,17a4w6o,605,26,14640,##hou,hou,False,suicide intent,-0.0012428301696976026,0.0012428301696976026,0.18813656270503998,0.7636293768882751,0.34,0,1,785,FP32-token-IDs
ClinicalBERT,17a4w6o,605,26,14640,##hou,hou,False,worthlessness,-0.0005984584904379314,0.0005984584904379314,0.37861868739128113,0.930963933467865,0.34,1,1,785,FP32-token-IDs
ClinicalBERT,17a4w6o,605,27,1733,##rs,rs,False,anger,-0.0033091739027036565,0.0033091739027036565,0.41402390599250793,0.18097521364688873,0.34,0,0,785,FP32-token-IDs
ClinicalBERT,17a4w6o,605,27,1733,##rs,rs,False,brain dysfunction (forget),-0.0015383995655510161,0.0015383995655510161,0.31157273054122925,0.45578429102897644,0.34,1,1,785,FP32-token-IDs
ClinicalBERT,17a4w6o,605,27,1733,##rs,rs,False,emptiness,0.0019399710620443026,0.0019399710620443026,0.2357300966978073,0.976031482219696,0.34,1,1,785,FP32-token-IDs
ClinicalBERT,17a4w6o,605,27,1733,##rs,rs,False,hopelessness,0.00023943011959393816,0.00023943011959393816,0.43375319242477417,0.9784163236618042,0.34,1,1,785,FP32-token-IDs
ClinicalBERT,17a4w6o,605,27,1733,##rs,rs,False,loneliness,0.002834496564335294,0.002834496564335294,0.28072866797447205,0.9781886339187622,0.34,1,1,785,FP32-token-IDs
ClinicalBERT,17a4w6o,605,27,1733,##rs,rs,False,sadness,0.0013112410075134702,0.0013112410075134702,0.3921002149581909,0.9497569799423218,0.34,1,1,785,FP32-token-IDs
ClinicalBERT,17a4w6o,605,27,1733,##rs,rs,False,suicide intent,-0.0012428301696976026,0.0012428301696976026,0.18813656270503998,0.7636293768882751,0.34,0,1,785,FP32-token-IDs
ClinicalBERT,17a4w6o,605,27,1733,##rs,rs,False,worthlessness,-0.0005984584904379314,0.0005984584904379314,0.37861868739128113,0.930963933467865,0.34,1,1,785,FP32-token-IDs
ClinicalBERT,17a4w6o,605,28,2946,sleep,sleep,False,anger,-0.005589135107584298,0.005589135107584298,0.41402390599250793,0.18097521364688873,0.34,0,0,785,FP32-token-IDs
ClinicalBERT,17a4w6o,605,28,2946,sleep,sleep,False,brain dysfunction (forget),0.009968716697767378,0.009968716697767378,0.31157273054122925,0.45578429102897644,0.34,1,1,785,FP32-token-IDs
ClinicalBERT,17a4w6o,605,28,2946,sleep,sleep,False,emptiness,0.013093121256679297,0.013093121256679297,0.2357300966978073,0.976031482219696,0.34,1,1,785,FP32-token-IDs
ClinicalBERT,17a4w6o,605,28,2946,sleep,sleep,False,hopelessness,0.004892310313880444,0.004892310313880444,0.43375319242477417,0.9784163236618042,0.34,1,1,785,FP32-token-IDs
ClinicalBERT,17a4w6o,605,28,2946,sleep,sleep,False,loneliness,0.00844856589101255,0.00844856589101255,0.28072866797447205,0.9781886339187622,0.34,1,1,785,FP32-token-IDs
ClinicalBERT,17a4w6o,605,28,2946,sleep,sleep,False,sadness,0.0038203326519578697,0.0038203326519578697,0.3921002149581909,0.9497569799423218,0.34,1,1,785,FP32-token-IDs
ClinicalBERT,17a4w6o,605,28,2946,sleep,sleep,False,suicide intent,0.002987297996878624,0.002987297996878624,0.18813656270503998,0.7636293768882751,0.34,0,1,785,FP32-token-IDs
ClinicalBERT,17a4w6o,605,28,2946,sleep,sleep,False,worthlessness,0.007863735221326352,0.007863735221326352,0.37861868739128113,0.930963933467865,0.34,1,1,785,FP32-token-IDs
ClinicalBERT,17a4w6o,605,29,1114,with,with,False,anger,-0.005589135107584298,0.005589135107584298,0.41402390599250793,0.18097521364688873,0.34,0,0,785,FP32-token-IDs
ClinicalBERT,17a4w6o,605,29,1114,with,with,False,brain dysfunction (forget),0.009968716697767378,0.009968716697767378,0.31157273054122925,0.45578429102897644,0.34,1,1,785,FP32-token-IDs
ClinicalBERT,17a4w6o,605,29,1114,with,with,False,emptiness,0.013093121256679297,0.013093121256679297,0.2357300966978073,0.976031482219696,0.34,1,1,785,FP32-token-IDs
ClinicalBERT,17a4w6o,605,29,1114,with,with,False,hopelessness,0.004892310313880444,0.004892310313880444,0.43375319242477417,0.9784163236618042,0.34,1,1,785,FP32-token-IDs
ClinicalBERT,17a4w6o,605,29,1114,with,with,False,loneliness,0.00844856589101255,0.00844856589101255,0.28072866797447205,0.9781886339187622,0.34,1,1,785,FP32-token-IDs
ClinicalBERT,17a4w6o,605,29,1114,with,with,False,sadness,0.0038203326519578697,0.0038203326519578697,0.3921002149581909,0.9497569799423218,0.34,1,1,785,FP32-token-IDs
ClinicalBERT,17a4w6o,605,29,1114,with,with,False,suicide intent,0.002987297996878624,0.002987297996878624,0.18813656270503998,0.7636293768882751,0.34,0,1,785,FP32-token-IDs
ClinicalBERT,17a4w6o,605,29,1114,with,with,False,worthlessness,0.007863735221326352,0.007863735221326352,0.37861868739128113,0.930963933467865,0.34,1,1,785,FP32-token-IDs
ClinicalBERT,17a4w6o,605,30,1185,no,no,False,anger,-0.003312041168101132,0.003312041168101132,0.41402390599250793,0.18097521364688873,0.34,0,0,785,FP32-token-IDs
ClinicalBERT,17a4w6o,605,30,1185,no,no,False,brain dysfunction (forget),0.01198221049271524,0.01198221049271524,0.31157273054122925,0.45578429102897644,0.34,1,1,785,FP32-token-IDs
ClinicalBERT,17a4w6o,605,30,1185,no,no,False,emptiness,0.014835469331592322,0.014835469331592322,0.2357300966978073,0.976031482219696,0.34,1,1,785,FP32-token-IDs
ClinicalBERT,17a4w6o,605,30,1185,no,no,False,hopelessness,0.005373013392090798,0.005373013392090798,0.43375319242477417,0.9784163236618042,0.34,1,1,785,FP32-token-IDs
ClinicalBERT,17a4w6o,605,30,1185,no,no,False,loneliness,0.009294521575793625,0.009294521575793625,0.28072866797447205,0.9781886339187622,0.34,1,1,785,FP32-token-IDs
ClinicalBERT,17a4w6o,605,30,1185,no,no,False,sadness,0.004019660828635097,0.004019660828635097,0.3921002149581909,0.9497569799423218,0.34,1,1,785,FP32-token-IDs
ClinicalBERT,17a4w6o,605,30,1185,no,no,False,suicide intent,0.003708394058048725,0.003708394058048725,0.18813656270503998,0.7636293768882751,0.34,0,1,785,FP32-token-IDs
ClinicalBERT,17a4w6o,605,30,1185,no,no,False,worthlessness,0.010340394824743271,0.010340394824743271,0.37861868739128113,0.930963933467865,0.34,1,1,785,FP32-token-IDs
ClinicalBERT,17a4w6o,605,31,2308,energy,energy,False,anger,-0.003312041168101132,0.003312041168101132,0.41402390599250793,0.18097521364688873,0.34,0,0,785,FP32-token-IDs
ClinicalBERT,17a4w6o,605,31,2308,energy,energy,False,brain dysfunction (forget),0.01198221049271524,0.01198221049271524,0.31157273054122925,0.45578429102897644,0.34,1,1,785,FP32-token-IDs
ClinicalBERT,17a4w6o,605,31,2308,energy,energy,False,emptiness,0.014835469331592322,0.014835469331592322,0.2357300966978073,0.976031482219696,0.34,1,1,785,FP32-token-IDs
ClinicalBERT,17a4w6o,605,31,2308,energy,energy,False,hopelessness,0.005373013392090798,0.005373013392090798,0.43375319242477417,0.9784163236618042,0.34,1,1,785,FP32-token-IDs
ClinicalBERT,17a4w6o,605,31,2308,energy,energy,False,loneliness,0.009294521575793625,0.009294521575793625,0.28072866797447205,0.9781886339187622,0.34,1,1,785,FP32-token-IDs
ClinicalBERT,17a4w6o,605,31,2308,energy,energy,False,sadness,0.004019660828635097,0.004019660828635097,0.3921002149581909,0.9497569799423218,0.34,1,1,785,FP32-token-IDs
ClinicalBERT,17a4w6o,605,31,2308,energy,energy,False,suicide intent,0.003708394058048725,0.003708394058048725,0.18813656270503998,0.7636293768882751,0.34,0,1,785,FP32-token-IDs
ClinicalBERT,17a4w6o,605,31,2308,energy,energy,False,worthlessness,0.010340394824743271,0.010340394824743271,0.37861868739128113,0.930963933467865,0.34,1,1,785,FP32-token-IDs
ClinicalBERT,17a4w6o,605,32,119,.,.,False,anger,0.005780540872365236,0.005780540872365236,0.41402390599250793,0.18097521364688873,0.34,0,0,785,FP32-token-IDs
ClinicalBERT,17a4w6o,605,32,119,.,.,False,brain dysfunction (forget),0.008471158146858216,0.008471158146858216,0.31157273054122925,0.45578429102897644,0.34,1,1,785,FP32-token-IDs
ClinicalBERT,17a4w6o,605,32,119,.,.,False,emptiness,0.0051549369469285015,0.0051549369469285015,0.2357300966978073,0.976031482219696,0.34,1,1,785,FP32-token-IDs
ClinicalBERT,17a4w6o,605,32,119,.,.,False,hopelessness,0.0036902327090501787,0.0036902327090501787,0.43375319242477417,0.9784163236618042,0.34,1,1,785,FP32-token-IDs
ClinicalBERT,17a4w6o,605,32,119,.,.,False,loneliness,0.005096385069191456,0.005096385069191456,0.28072866797447205,0.9781886339187622,0.34,1,1,785,FP32-token-IDs
ClinicalBERT,17a4w6o,605,32,119,.,.,False,sadness,0.002658946625888348,0.002658946625888348,0.3921002149581909,0.9497569799423218,0.34,1,1,785,FP32-token-IDs
ClinicalBERT,17a4w6o,605,32,119,.,.,False,suicide intent,9.111110121011733e-05,9.111110121011733e-05,0.18813656270503998,0.7636293768882751,0.34,0,1,785,FP32-token-IDs
ClinicalBERT,17a4w6o,605,32,119,.,.,False,worthlessness,0.0043846745043993,0.0043846745043993,0.37861868739128113,0.930963933467865,0.34,1,1,785,FP32-token-IDs
ClinicalBERT,17a4w6o,605,33,178,i,i,False,anger,-0.006205505744384771,0.006205505744384771,0.41402390599250793,0.18097521364688873,0.34,0,0,785,FP32-token-IDs
ClinicalBERT,17a4w6o,605,33,178,i,i,False,brain dysfunction (forget),-0.000762227965010838,0.000762227965010838,0.31157273054122925,0.45578429102897644,0.34,1,1,785,FP32-token-IDs
ClinicalBERT,17a4w6o,605,33,178,i,i,False,emptiness,0.005591177953068505,0.005591177953068505,0.2357300966978073,0.976031482219696,0.34,1,1,785,FP32-token-IDs
ClinicalBERT,17a4w6o,605,33,178,i,i,False,hopelessness,0.002177391508170827,0.002177391508170827,0.43375319242477417,0.9784163236618042,0.34,1,1,785,FP32-token-IDs
ClinicalBERT,17a4w6o,605,33,178,i,i,False,loneliness,0.005318257862448015,0.005318257862448015,0.28072866797447205,0.9781886339187622,0.34,1,1,785,FP32-token-IDs
ClinicalBERT,17a4w6o,605,33,178,i,i,False,sadness,0.002719336686740545,0.002719336686740545,0.3921002149581909,0.9497569799423218,0.34,1,1,785,FP32-token-IDs
ClinicalBERT,17a4w6o,605,33,178,i,i,False,suicide intent,-0.001514029784382067,0.001514029784382067,0.18813656270503998,0.7636293768882751,0.34,0,1,785,FP32-token-IDs
ClinicalBERT,17a4w6o,605,33,178,i,i,False,worthlessness,0.002998846202072772,0.002998846202072772,0.37861868739128113,0.930963933467865,0.34,1,1,785,FP32-token-IDs
ClinicalBERT,17a4w6o,605,34,1138,have,have,False,anger,-0.006205505744384771,0.006205505744384771,0.41402390599250793,0.18097521364688873,0.34,0,0,785,FP32-token-IDs
ClinicalBERT,17a4w6o,605,34,1138,have,have,False,brain dysfunction (forget),-0.000762227965010838,0.000762227965010838,0.31157273054122925,0.45578429102897644,0.34,1,1,785,FP32-token-IDs
ClinicalBERT,17a4w6o,605,34,1138,have,have,False,emptiness,0.005591177953068505,0.005591177953068505,0.2357300966978073,0.976031482219696,0.34,1,1,785,FP32-token-IDs
ClinicalBERT,17a4w6o,605,34,1138,have,have,False,hopelessness,0.002177391508170827,0.002177391508170827,0.43375319242477417,0.9784163236618042,0.34,1,1,785,FP32-token-IDs
ClinicalBERT,17a4w6o,605,34,1138,have,have,False,loneliness,0.005318257862448015,0.005318257862448015,0.28072866797447205,0.9781886339187622,0.34,1,1,785,FP32-token-IDs
ClinicalBERT,17a4w6o,605,34,1138,have,have,False,sadness,0.002719336686740545,0.002719336686740545,0.3921002149581909,0.9497569799423218,0.34,1,1,785,FP32-token-IDs
ClinicalBERT,17a4w6o,605,34,1138,have,have,False,suicide intent,-0.001514029784382067,0.001514029784382067,0.18813656270503998,0.7636293768882751,0.34,0,1,785,FP32-token-IDs
ClinicalBERT,17a4w6o,605,34,1138,have,have,False,worthlessness,0.002998846202072772,0.002998846202072772,0.37861868739128113,0.930963933467865,0.34,1,1,785,FP32-token-IDs
ClinicalBERT,17a4w6o,605,35,1185,no,no,False,anger,-0.006205505744384771,0.006205505744384771,0.41402390599250793,0.18097521364688873,0.34,0,0,785,FP32-token-IDs
ClinicalBERT,17a4w6o,605,35,1185,no,no,False,brain dysfunction (forget),-0.000762227965010838,0.000762227965010838,0.31157273054122925,0.45578429102897644,0.34,1,1,785,FP32-token-IDs
ClinicalBERT,17a4w6o,605,35,1185,no,no,False,emptiness,0.005591177953068505,0.005591177953068505,0.2357300966978073,0.976031482219696,0.34,1,1,785,FP32-token-IDs
ClinicalBERT,17a4w6o,605,35,1185,no,no,False,hopelessness,0.002177391508170827,0.002177391508170827,0.43375319242477417,0.9784163236618042,0.34,1,1,785,FP32-token-IDs
ClinicalBERT,17a4w6o,605,35,1185,no,no,False,loneliness,0.005318257862448015,0.005318257862448015,0.28072866797447205,0.9781886339187622,0.34,1,1,785,FP32-token-IDs
ClinicalBERT,17a4w6o,605,35,1185,no,no,False,sadness,0.002719336686740545,0.002719336686740545,0.3921002149581909,0.9497569799423218,0.34,1,1,785,FP32-token-IDs
ClinicalBERT,17a4w6o,605,35,1185,no,no,False,suicide intent,-0.001514029784382067,0.001514029784382067,0.18813656270503998,0.7636293768882751,0.34,0,1,785,FP32-token-IDs
ClinicalBERT,17a4w6o,605,35,1185,no,no,False,worthlessness,0.002998846202072772,0.002998846202072772,0.37861868739128113,0.930963933467865,0.34,1,1,785,FP32-token-IDs
ClinicalBERT,17a4w6o,605,36,4232,desire,desire,False,anger,-0.006205505744384771,0.006205505744384771,0.41402390599250793,0.18097521364688873,0.34,0,0,785,FP32-token-IDs
ClinicalBERT,17a4w6o,605,36,4232,desire,desire,False,brain dysfunction (forget),-0.000762227965010838,0.000762227965010838,0.31157273054122925,0.45578429102897644,0.34,1,1,785,FP32-token-IDs
ClinicalBERT,17a4w6o,605,36,4232,desire,desire,False,emptiness,0.005591177953068505,0.005591177953068505,0.2357300966978073,0.976031482219696,0.34,1,1,785,FP32-token-IDs
ClinicalBERT,17a4w6o,605,36,4232,desire,desire,False,hopelessness,0.002177391508170827,0.002177391508170827,0.43375319242477417,0.9784163236618042,0.34,1,1,785,FP32-token-IDs
ClinicalBERT,17a4w6o,605,36,4232,desire,desire,False,loneliness,0.005318257862448015,0.005318257862448015,0.28072866797447205,0.9781886339187622,0.34,1,1,785,FP32-token-IDs
ClinicalBERT,17a4w6o,605,36,4232,desire,desire,False,sadness,0.002719336686740545,0.002719336686740545,0.3921002149581909,0.9497569799423218,0.34,1,1,785,FP32-token-IDs
ClinicalBERT,17a4w6o,605,36,4232,desire,desire,False,suicide intent,-0.001514029784382067,0.001514029784382067,0.18813656270503998,0.7636293768882751,0.34,0,1,785,FP32-token-IDs
ClinicalBERT,17a4w6o,605,36,4232,desire,desire,False,worthlessness,0.002998846202072772,0.002998846202072772,0.37861868739128113,0.930963933467865,0.34,1,1,785,FP32-token-IDs
ClinicalBERT,17a4w6o,605,37,1106,to,to,False,anger,-0.004860305280255323,0.004860305280255323,0.41402390599250793,0.18097521364688873,0.34,0,0,785,FP32-token-IDs
ClinicalBERT,17a4w6o,605,37,1106,to,to,False,brain dysfunction (forget),-0.0017109774476425216,0.0017109774476425216,0.31157273054122925,0.45578429102897644,0.34,1,1,785,FP32-token-IDs
ClinicalBERT,17a4w6o,605,37,1106,to,to,False,emptiness,0.0034720046572725882,0.0034720046572725882,0.2357300966978073,0.976031482219696,0.34,1,1,785,FP32-token-IDs
ClinicalBERT,17a4w6o,605,37,1106,to,to,False,hopelessness,0.0018379174448041752,0.0018379174448041752,0.43375319242477417,0.9784163236618042,0.34,1,1,785,FP32-token-IDs
ClinicalBERT,17a4w6o,605,37,1106,to,to,False,loneliness,0.0036200009265237227,0.0036200009265237227,0.28072866797447205,0.9781886339187622,0.34,1,1,785,FP32-token-IDs
ClinicalBERT,17a4w6o,605,37,1106,to,to,False,sadness,0.002369040189395574,0.002369040189395574,0.3921002149581909,0.9497569799423218,0.34,1,1,785,FP32-token-IDs
ClinicalBERT,17a4w6o,605,37,1106,to,to,False,suicide intent,-0.0033054939492351636,0.0033054939492351636,0.18813656270503998,0.7636293768882751,0.34,0,1,785,FP32-token-IDs
ClinicalBERT,17a4w6o,605,37,1106,to,to,False,worthlessness,0.001871871846643361,0.001871871846643361,0.37861868739128113,0.930963933467865,0.34,1,1,785,FP32-token-IDs
ClinicalBERT,17a4w6o,605,38,3940,eat,eat,False,anger,-0.004860305280255323,0.004860305280255323,0.41402390599250793,0.18097521364688873,0.34,0,0,785,FP32-token-IDs
ClinicalBERT,17a4w6o,605,38,3940,eat,eat,False,brain dysfunction (forget),-0.0017109774476425216,0.0017109774476425216,0.31157273054122925,0.45578429102897644,0.34,1,1,785,FP32-token-IDs
ClinicalBERT,17a4w6o,605,38,3940,eat,eat,False,emptiness,0.0034720046572725882,0.0034720046572725882,0.2357300966978073,0.976031482219696,0.34,1,1,785,FP32-token-IDs
ClinicalBERT,17a4w6o,605,38,3940,eat,eat,False,hopelessness,0.0018379174448041752,0.0018379174448041752,0.43375319242477417,0.9784163236618042,0.34,1,1,785,FP32-token-IDs
ClinicalBERT,17a4w6o,605,38,3940,eat,eat,False,loneliness,0.0036200009265237227,0.0036200009265237227,0.28072866797447205,0.9781886339187622,0.34,1,1,785,FP32-token-IDs
ClinicalBERT,17a4w6o,605,38,3940,eat,eat,False,sadness,0.002369040189395574,0.002369040189395574,0.3921002149581909,0.9497569799423218,0.34,1,1,785,FP32-token-IDs
ClinicalBERT,17a4w6o,605,38,3940,eat,eat,False,suicide intent,-0.0033054939492351636,0.0033054939492351636,0.18813656270503998,0.7636293768882751,0.34,0,1,785,FP32-token-IDs
ClinicalBERT,17a4w6o,605,38,3940,eat,eat,False,worthlessness,0.001871871846643361,0.001871871846643361,0.37861868739128113,0.930963933467865,0.34,1,1,785,FP32-token-IDs
ClinicalBERT,17a4w6o,605,39,2094,food,food,False,anger,-0.004860305280255323,0.004860305280255323,0.41402390599250793,0.18097521364688873,0.34,0,0,785,FP32-token-IDs
ClinicalBERT,17a4w6o,605,39,2094,food,food,False,brain dysfunction (forget),-0.0017109774476425216,0.0017109774476425216,0.31157273054122925,0.45578429102897644,0.34,1,1,785,FP32-token-IDs
ClinicalBERT,17a4w6o,605,39,2094,food,food,False,emptiness,0.0034720046572725882,0.0034720046572725882,0.2357300966978073,0.976031482219696,0.34,1,1,785,FP32-token-IDs
ClinicalBERT,17a4w6o,605,39,2094,food,food,False,hopelessness,0.0018379174448041752,0.0018379174448041752,0.43375319242477417,0.9784163236618042,0.34,1,1,785,FP32-token-IDs
ClinicalBERT,17a4w6o,605,39,2094,food,food,False,loneliness,0.0036200009265237227,0.0036200009265237227,0.28072866797447205,0.9781886339187622,0.34,1,1,785,FP32-token-IDs
ClinicalBERT,17a4w6o,605,39,2094,food,food,False,sadness,0.002369040189395574,0.002369040189395574,0.3921002149581909,0.9497569799423218,0.34,1,1,785,FP32-token-IDs
ClinicalBERT,17a4w6o,605,39,2094,food,food,False,suicide intent,-0.0033054939492351636,0.0033054939492351636,0.18813656270503998,0.7636293768882751,0.34,0,1,785,FP32-token-IDs
ClinicalBERT,17a4w6o,605,39,2094,food,food,False,worthlessness,0.001871871846643361,0.001871871846643361,0.37861868739128113,0.930963933467865,0.34,1,1,785,FP32-token-IDs
ClinicalBERT,17a4w6o,605,40,1137,or,or,False,anger,-0.004860305280255323,0.004860305280255323,0.41402390599250793,0.18097521364688873,0.34,0,0,785,FP32-token-IDs
ClinicalBERT,17a4w6o,605,40,1137,or,or,False,brain dysfunction (forget),-0.0017109774476425214,0.0017109774476425214,0.31157273054122925,0.45578429102897644,0.34,1,1,785,FP32-token-IDs
ClinicalBERT,17a4w6o,605,40,1137,or,or,False,emptiness,0.0034720046572725882,0.0034720046572725882,0.2357300966978073,0.976031482219696,0.34,1,1,785,FP32-token-IDs
ClinicalBERT,17a4w6o,605,40,1137,or,or,False,hopelessness,0.0018379174448041754,0.0018379174448041754,0.43375319242477417,0.9784163236618042,0.34,1,1,785,FP32-token-IDs
ClinicalBERT,17a4w6o,605,40,1137,or,or,False,loneliness,0.003620000926523723,0.003620000926523723,0.28072866797447205,0.9781886339187622,0.34,1,1,785,FP32-token-IDs
ClinicalBERT,17a4w6o,605,40,1137,or,or,False,sadness,0.002369040189395574,0.002369040189395574,0.3921002149581909,0.9497569799423218,0.34,1,1,785,FP32-token-IDs
ClinicalBERT,17a4w6o,605,40,1137,or,or,False,suicide intent,-0.003305493949235163,0.003305493949235163,0.18813656270503998,0.7636293768882751,0.34,0,1,785,FP32-token-IDs
ClinicalBERT,17a4w6o,605,40,1137,or,or,False,worthlessness,0.001871871846643361,0.001871871846643361,0.37861868739128113,0.930963933467865,0.34,1,1,785,FP32-token-IDs
ClinicalBERT,17a4w6o,605,41,3668,drink,drink,False,anger,-0.006810828902278886,0.006810828902278886,0.41402390599250793,0.18097521364688873,0.34,0,0,785,FP32-token-IDs
ClinicalBERT,17a4w6o,605,41,3668,drink,drink,False,brain dysfunction (forget),0.0017107968416177864,0.0017107968416177864,0.31157273054122925,0.45578429102897644,0.34,1,1,785,FP32-token-IDs
ClinicalBERT,17a4w6o,605,41,3668,drink,drink,False,emptiness,-0.00046433070956757575,0.00046433070956757575,0.2357300966978073,0.976031482219696,0.34,1,1,785,FP32-token-IDs
ClinicalBERT,17a4w6o,605,41,3668,drink,drink,False,hopelessness,-0.0002556289969520135,0.0002556289969520135,0.43375319242477417,0.9784163236618042,0.34,1,1,785,FP32-token-IDs
ClinicalBERT,17a4w6o,605,41,3668,drink,drink,False,loneliness,0.0003352450263319594,0.0003352450263319594,0.28072866797447205,0.9781886339187622,0.34,1,1,785,FP32-token-IDs
ClinicalBERT,17a4w6o,605,41,3668,drink,drink,False,sadness,0.000442472512297558,0.000442472512297558,0.3921002149581909,0.9497569799423218,0.34,1,1,785,FP32-token-IDs
ClinicalBERT,17a4w6o,605,41,3668,drink,drink,False,suicide intent,-0.004003603999136072,0.004003603999136072,0.18813656270503998,0.7636293768882751,0.34,0,1,785,FP32-token-IDs
ClinicalBERT,17a4w6o,605,41,3668,drink,drink,False,worthlessness,-0.004864927607052254,0.004864927607052254,0.37861868739128113,0.930963933467865,0.34,1,1,785,FP32-token-IDs
ClinicalBERT,17a4w6o,605,42,1447,water,water,False,anger,-0.006810828902278886,0.006810828902278886,0.41402390599250793,0.18097521364688873,0.34,0,0,785,FP32-token-IDs
ClinicalBERT,17a4w6o,605,42,1447,water,water,False,brain dysfunction (forget),0.0017107968416177864,0.0017107968416177864,0.31157273054122925,0.45578429102897644,0.34,1,1,785,FP32-token-IDs
ClinicalBERT,17a4w6o,605,42,1447,water,water,False,emptiness,-0.00046433070956757575,0.00046433070956757575,0.2357300966978073,0.976031482219696,0.34,1,1,785,FP32-token-IDs
ClinicalBERT,17a4w6o,605,42,1447,water,water,False,hopelessness,-0.0002556289969520135,0.0002556289969520135,0.43375319242477417,0.9784163236618042,0.34,1,1,785,FP32-token-IDs
ClinicalBERT,17a4w6o,605,42,1447,water,water,False,loneliness,0.0003352450263319594,0.0003352450263319594,0.28072866797447205,0.9781886339187622,0.34,1,1,785,FP32-token-IDs
ClinicalBERT,17a4w6o,605,42,1447,water,water,False,sadness,0.000442472512297558,0.000442472512297558,0.3921002149581909,0.9497569799423218,0.34,1,1,785,FP32-token-IDs
ClinicalBERT,17a4w6o,605,42,1447,water,water,False,suicide intent,-0.004003603999136072,0.004003603999136072,0.18813656270503998,0.7636293768882751,0.34,0,1,785,FP32-token-IDs
ClinicalBERT,17a4w6o,605,42,1447,water,water,False,worthlessness,-0.004864927607052254,0.004864927607052254,0.37861868739128113,0.930963933467865,0.34,1,1,785,FP32-token-IDs
ClinicalBERT,17a4w6o,605,43,119,.,.,False,anger,-0.006810828902278886,0.006810828902278886,0.41402390599250793,0.18097521364688873,0.34,0,0,785,FP32-token-IDs
ClinicalBERT,17a4w6o,605,43,119,.,.,False,brain dysfunction (forget),0.0017107968416177864,0.0017107968416177864,0.31157273054122925,0.45578429102897644,0.34,1,1,785,FP32-token-IDs
ClinicalBERT,17a4w6o,605,43,119,.,.,False,emptiness,-0.00046433070956757575,0.00046433070956757575,0.2357300966978073,0.976031482219696,0.34,1,1,785,FP32-token-IDs
ClinicalBERT,17a4w6o,605,43,119,.,.,False,hopelessness,-0.0002556289969520135,0.0002556289969520135,0.43375319242477417,0.9784163236618042,0.34,1,1,785,FP32-token-IDs
ClinicalBERT,17a4w6o,605,43,119,.,.,False,loneliness,0.0003352450263319594,0.0003352450263319594,0.28072866797447205,0.9781886339187622,0.34,1,1,785,FP32-token-IDs
ClinicalBERT,17a4w6o,605,43,119,.,.,False,sadness,0.000442472512297558,0.000442472512297558,0.3921002149581909,0.9497569799423218,0.34,1,1,785,FP32-token-IDs
ClinicalBERT,17a4w6o,605,43,119,.,.,False,suicide intent,-0.004003603999136072,0.004003603999136072,0.18813656270503998,0.7636293768882751,0.34,0,1,785,FP32-token-IDs
ClinicalBERT,17a4w6o,605,43,119,.,.,False,worthlessness,-0.004864927607052254,0.004864927607052254,0.37861868739128113,0.930963933467865,0.34,1,1,785,FP32-token-IDs
ClinicalBERT,17a4w6o,605,44,178,i,i,False,anger,0.008663294752213089,0.008663294752213089,0.41402390599250793,0.18097521364688873,0.34,0,0,785,FP32-token-IDs
ClinicalBERT,17a4w6o,605,44,178,i,i,False,brain dysfunction (forget),0.006605841685086489,0.006605841685086489,0.31157273054122925,0.45578429102897644,0.34,1,1,785,FP32-token-IDs
ClinicalBERT,17a4w6o,605,44,178,i,i,False,emptiness,0.011786991635083476,0.011786991635083476,0.2357300966978073,0.976031482219696,0.34,1,1,785,FP32-token-IDs
ClinicalBERT,17a4w6o,605,44,178,i,i,False,hopelessness,0.011814527065408502,0.011814527065408502,0.43375319242477417,0.9784163236618042,0.34,1,1,785,FP32-token-IDs
ClinicalBERT,17a4w6o,605,44,178,i,i,False,loneliness,0.007576773017221553,0.007576773017221553,0.28072866797447205,0.9781886339187622,0.34,1,1,785,FP32-token-IDs
ClinicalBERT,17a4w6o,605,44,178,i,i,False,sadness,0.008133144139058211,0.008133144139058211,0.3921002149581909,0.9497569799423218,0.34,1,1,785,FP32-token-IDs
ClinicalBERT,17a4w6o,605,44,178,i,i,False,suicide intent,0.005346104322763329,0.005346104322763329,0.18813656270503998,0.7636293768882751,0.34,0,1,785,FP32-token-IDs
ClinicalBERT,17a4w6o,605,44,178,i,i,False,worthlessness,0.016006202458150008,0.016006202458150008,0.37861868739128113,0.930963933467865,0.34,1,1,785,FP32-token-IDs
ClinicalBERT,17a4w6o,605,45,1138,have,have,False,anger,0.008663294752213089,0.008663294752213089,0.41402390599250793,0.18097521364688873,0.34,0,0,785,FP32-token-IDs
ClinicalBERT,17a4w6o,605,45,1138,have,have,False,brain dysfunction (forget),0.006605841685086489,0.006605841685086489,0.31157273054122925,0.45578429102897644,0.34,1,1,785,FP32-token-IDs
ClinicalBERT,17a4w6o,605,45,1138,have,have,False,emptiness,0.011786991635083476,0.011786991635083476,0.2357300966978073,0.976031482219696,0.34,1,1,785,FP32-token-IDs
ClinicalBERT,17a4w6o,605,45,1138,have,have,False,hopelessness,0.011814527065408502,0.011814527065408502,0.43375319242477417,0.9784163236618042,0.34,1,1,785,FP32-token-IDs
ClinicalBERT,17a4w6o,605,45,1138,have,have,False,loneliness,0.007576773017221553,0.007576773017221553,0.28072866797447205,0.9781886339187622,0.34,1,1,785,FP32-token-IDs
ClinicalBERT,17a4w6o,605,45,1138,have,have,False,sadness,0.008133144139058211,0.008133144139058211,0.3921002149581909,0.9497569799423218,0.34,1,1,785,FP32-token-IDs
ClinicalBERT,17a4w6o,605,45,1138,have,have,False,suicide intent,0.005346104322763329,0.005346104322763329,0.18813656270503998,0.7636293768882751,0.34,0,1,785,FP32-token-IDs
ClinicalBERT,17a4w6o,605,45,1138,have,have,False,worthlessness,0.016006202458150008,0.016006202458150008,0.37861868739128113,0.930963933467865,0.34,1,1,785,FP32-token-IDs
ClinicalBERT,17a4w6o,605,46,1185,no,no,False,anger,0.011376127516004173,0.011376127516004173,0.41402390599250793,0.18097521364688873,0.34,0,0,785,FP32-token-IDs
ClinicalBERT,17a4w6o,605,46,1185,no,no,False,brain dysfunction (forget),0.007611751556396484,0.007611751556396484,0.31157273054122925,0.45578429102897644,0.34,1,1,785,FP32-token-IDs
ClinicalBERT,17a4w6o,605,46,1185,no,no,False,emptiness,0.015179885688915172,0.015179885688915172,0.2357300966978073,0.976031482219696,0.34,1,1,785,FP32-token-IDs
ClinicalBERT,17a4w6o,605,46,1185,no,no,False,hopelessness,0.016763158460063016,0.016763158460063016,0.43375319242477417,0.9784163236618042,0.34,1,1,785,FP32-token-IDs
ClinicalBERT,17a4w6o,605,46,1185,no,no,False,loneliness,0.009504141127267343,0.009504141127267343,0.28072866797447205,0.9781886339187622,0.34,1,1,785,FP32-token-IDs
ClinicalBERT,17a4w6o,605,46,1185,no,no,False,sadness,0.010857174194163897,0.010857174194163897,0.3921002149581909,0.9497569799423218,0.34,1,1,785,FP32-token-IDs
ClinicalBERT,17a4w6o,605,46,1185,no,no,False,suicide intent,0.006534226291643625,0.006534226291643625,0.18813656270503998,0.7636293768882751,0.34,0,1,785,FP32-token-IDs
ClinicalBERT,17a4w6o,605,46,1185,no,no,False,worthlessness,0.021342058687216857,0.021342058687216857,0.37861868739128113,0.930963933467865,0.34,1,1,785,FP32-token-IDs
ClinicalBERT,17a4w6o,605,47,15710,motivation,motivation,False,anger,0.011376127516004173,0.011376127516004173,0.41402390599250793,0.18097521364688873,0.34,0,0,785,FP32-token-IDs
ClinicalBERT,17a4w6o,605,47,15710,motivation,motivation,False,brain dysfunction (forget),0.007611751556396484,0.007611751556396484,0.31157273054122925,0.45578429102897644,0.34,1,1,785,FP32-token-IDs
ClinicalBERT,17a4w6o,605,47,15710,motivation,motivation,False,emptiness,0.015179885688915172,0.015179885688915172,0.2357300966978073,0.976031482219696,0.34,1,1,785,FP32-token-IDs
ClinicalBERT,17a4w6o,605,47,15710,motivation,motivation,False,hopelessness,0.016763158460063016,0.016763158460063016,0.43375319242477417,0.9784163236618042,0.34,1,1,785,FP32-token-IDs
ClinicalBERT,17a4w6o,605,47,15710,motivation,motivation,False,loneliness,0.009504141127267343,0.009504141127267343,0.28072866797447205,0.9781886339187622,0.34,1,1,785,FP32-token-IDs
ClinicalBERT,17a4w6o,605,47,15710,motivation,motivation,False,sadness,0.010857174194163897,0.010857174194163897,0.3921002149581909,0.9497569799423218,0.34,1,1,785,FP32-token-IDs
ClinicalBERT,17a4w6o,605,47,15710,motivation,motivation,False,suicide intent,0.006534226291643625,0.006534226291643625,0.18813656270503998,0.7636293768882751,0.34,0,1,785,FP32-token-IDs
ClinicalBERT,17a4w6o,605,47,15710,motivation,motivation,False,worthlessness,0.021342058687216857,0.021342058687216857,0.37861868739128113,0.930963933467865,0.34,1,1,785,FP32-token-IDs
ClinicalBERT,17a4w6o,605,48,1256,even,even,False,anger,0.002021607326029183,0.002021607326029183,0.41402390599250793,0.18097521364688873,0.34,0,0,785,FP32-token-IDs
ClinicalBERT,17a4w6o,605,48,1256,even,even,False,brain dysfunction (forget),0.0005104750660913331,0.0005104750660913331,0.31157273054122925,0.45578429102897644,0.34,1,1,785,FP32-token-IDs
ClinicalBERT,17a4w6o,605,48,1256,even,even,False,emptiness,0.0026325776253814824,0.0026325776253814824,0.2357300966978073,0.976031482219696,0.34,1,1,785,FP32-token-IDs
ClinicalBERT,17a4w6o,605,48,1256,even,even,False,hopelessness,0.002317222851243886,0.002317222851243886,0.43375319242477417,0.9784163236618042,0.34,1,1,785,FP32-token-IDs
ClinicalBERT,17a4w6o,605,48,1256,even,even,False,loneliness,0.002727798742617106,0.002727798742617106,0.28072866797447205,0.9781886339187622,0.34,1,1,785,FP32-token-IDs
ClinicalBERT,17a4w6o,605,48,1256,even,even,False,sadness,0.002691262256499235,0.002691262256499235,0.3921002149581909,0.9497569799423218,0.34,1,1,785,FP32-token-IDs
ClinicalBERT,17a4w6o,605,48,1256,even,even,False,suicide intent,0.0019797603297349695,0.0019797603297349695,0.18813656270503998,0.7636293768882751,0.34,0,1,785,FP32-token-IDs
ClinicalBERT,17a4w6o,605,48,1256,even,even,False,worthlessness,0.00209820189501171,0.00209820189501171,0.37861868739128113,0.930963933467865,0.34,1,1,785,FP32-token-IDs
ClinicalBERT,17a4w6o,605,49,1106,to,to,False,anger,0.002021607326029183,0.002021607326029183,0.41402390599250793,0.18097521364688873,0.34,0,0,785,FP32-token-IDs
ClinicalBERT,17a4w6o,605,49,1106,to,to,False,brain dysfunction (forget),0.0005104750660913331,0.0005104750660913331,0.31157273054122925,0.45578429102897644,0.34,1,1,785,FP32-token-IDs
ClinicalBERT,17a4w6o,605,49,1106,to,to,False,emptiness,0.0026325776253814824,0.0026325776253814824,0.2357300966978073,0.976031482219696,0.34,1,1,785,FP32-token-IDs
ClinicalBERT,17a4w6o,605,49,1106,to,to,False,hopelessness,0.002317222851243886,0.002317222851243886,0.43375319242477417,0.9784163236618042,0.34,1,1,785,FP32-token-IDs
ClinicalBERT,17a4w6o,605,49,1106,to,to,False,loneliness,0.002727798742617106,0.002727798742617106,0.28072866797447205,0.9781886339187622,0.34,1,1,785,FP32-token-IDs
ClinicalBERT,17a4w6o,605,49,1106,to,to,False,sadness,0.002691262256499235,0.002691262256499235,0.3921002149581909,0.9497569799423218,0.34,1,1,785,FP32-token-IDs
ClinicalBERT,17a4w6o,605,49,1106,to,to,False,suicide intent,0.0019797603297349695,0.0019797603297349695,0.18813656270503998,0.7636293768882751,0.34,0,1,785,FP32-token-IDs
ClinicalBERT,17a4w6o,605,49,1106,to,to,False,worthlessness,0.00209820189501171,0.00209820189501171,0.37861868739128113,0.930963933467865,0.34,1,1,785,FP32-token-IDs
ClinicalBERT,17a4w6o,605,50,1301,go,go,False,anger,0.002021607326029183,0.002021607326029183,0.41402390599250793,0.18097521364688873,0.34,0,0,785,FP32-token-IDs
ClinicalBERT,17a4w6o,605,50,1301,go,go,False,brain dysfunction (forget),0.0005104750660913331,0.0005104750660913331,0.31157273054122925,0.45578429102897644,0.34,1,1,785,FP32-token-IDs
ClinicalBERT,17a4w6o,605,50,1301,go,go,False,emptiness,0.0026325776253814824,0.0026325776253814824,0.2357300966978073,0.976031482219696,0.34,1,1,785,FP32-token-IDs
ClinicalBERT,17a4w6o,605,50,1301,go,go,False,hopelessness,0.002317222851243886,0.002317222851243886,0.43375319242477417,0.9784163236618042,0.34,1,1,785,FP32-token-IDs
ClinicalBERT,17a4w6o,605,50,1301,go,go,False,loneliness,0.002727798742617106,0.002727798742617106,0.28072866797447205,0.9781886339187622,0.34,1,1,785,FP32-token-IDs
ClinicalBERT,17a4w6o,605,50,1301,go,go,False,sadness,0.002691262256499235,0.002691262256499235,0.3921002149581909,0.9497569799423218,0.34,1,1,785,FP32-token-IDs
ClinicalBERT,17a4w6o,605,50,1301,go,go,False,suicide intent,0.0019797603297349695,0.0019797603297349695,0.18813656270503998,0.7636293768882751,0.34,0,1,785,FP32-token-IDs
ClinicalBERT,17a4w6o,605,50,1301,go,go,False,worthlessness,0.00209820189501171,0.00209820189501171,0.37861868739128113,0.930963933467865,0.34,1,1,785,FP32-token-IDs
ClinicalBERT,17a4w6o,605,51,1106,to,to,False,anger,0.002021607326029183,0.002021607326029183,0.41402390599250793,0.18097521364688873,0.34,0,0,785,FP32-token-IDs
ClinicalBERT,17a4w6o,605,51,1106,to,to,False,brain dysfunction (forget),0.0005104750660913331,0.0005104750660913331,0.31157273054122925,0.45578429102897644,0.34,1,1,785,FP32-token-IDs
ClinicalBERT,17a4w6o,605,51,1106,to,to,False,emptiness,0.0026325776253814824,0.0026325776253814824,0.2357300966978073,0.976031482219696,0.34,1,1,785,FP32-token-IDs
ClinicalBERT,17a4w6o,605,51,1106,to,to,False,hopelessness,0.002317222851243886,0.002317222851243886,0.43375319242477417,0.9784163236618042,0.34,1,1,785,FP32-token-IDs
ClinicalBERT,17a4w6o,605,51,1106,to,to,False,loneliness,0.002727798742617106,0.002727798742617106,0.28072866797447205,0.9781886339187622,0.34,1,1,785,FP32-token-IDs
ClinicalBERT,17a4w6o,605,51,1106,to,to,False,sadness,0.002691262256499235,0.002691262256499235,0.3921002149581909,0.9497569799423218,0.34,1,1,785,FP32-token-IDs
ClinicalBERT,17a4w6o,605,51,1106,to,to,False,suicide intent,0.0019797603297349695,0.0019797603297349695,0.18813656270503998,0.7636293768882751,0.34,0,1,785,FP32-token-IDs
ClinicalBERT,17a4w6o,605,51,1106,to,to,False,worthlessness,0.00209820189501171,0.00209820189501171,0.37861868739128113,0.930963933467865,0.34,1,1,785,FP32-token-IDs
ClinicalBERT,17a4w6o,605,52,1103,the,the,False,anger,0.002021607326029183,0.002021607326029183,0.41402390599250793,0.18097521364688873,0.34,0,0,785,FP32-token-IDs
ClinicalBERT,17a4w6o,605,52,1103,the,the,False,brain dysfunction (forget),0.0005104750660913331,0.0005104750660913331,0.31157273054122925,0.45578429102897644,0.34,1,1,785,FP32-token-IDs
ClinicalBERT,17a4w6o,605,52,1103,the,the,False,emptiness,0.002632577625381483,0.002632577625381483,0.2357300966978073,0.976031482219696,0.34,1,1,785,FP32-token-IDs
ClinicalBERT,17a4w6o,605,52,1103,the,the,False,hopelessness,0.002317222851243886,0.002317222851243886,0.43375319242477417,0.9784163236618042,0.34,1,1,785,FP32-token-IDs
ClinicalBERT,17a4w6o,605,52,1103,the,the,False,loneliness,0.0027277987426171054,0.0027277987426171054,0.28072866797447205,0.9781886339187622,0.34,1,1,785,FP32-token-IDs
ClinicalBERT,17a4w6o,605,52,1103,the,the,False,sadness,0.002691262256499235,0.002691262256499235,0.3921002149581909,0.9497569799423218,0.34,1,1,785,FP32-token-IDs
ClinicalBERT,17a4w6o,605,52,1103,the,the,False,suicide intent,0.0019797603297349695,0.0019797603297349695,0.18813656270503998,0.7636293768882751,0.34,0,1,785,FP32-token-IDs
ClinicalBERT,17a4w6o,605,52,1103,the,the,False,worthlessness,0.00209820189501171,0.00209820189501171,0.37861868739128113,0.930963933467865,0.34,1,1,785,FP32-token-IDs
ClinicalBERT,17a4w6o,605,53,5056,bathroom,bathroom,False,anger,0.002021607326029183,0.002021607326029183,0.41402390599250793,0.18097521364688873,0.34,0,0,785,FP32-token-IDs
ClinicalBERT,17a4w6o,605,53,5056,bathroom,bathroom,False,brain dysfunction (forget),0.0005104750660913331,0.0005104750660913331,0.31157273054122925,0.45578429102897644,0.34,1,1,785,FP32-token-IDs
ClinicalBERT,17a4w6o,605,53,5056,bathroom,bathroom,False,emptiness,0.002632577625381483,0.002632577625381483,0.2357300966978073,0.976031482219696,0.34,1,1,785,FP32-token-IDs
ClinicalBERT,17a4w6o,605,53,5056,bathroom,bathroom,False,hopelessness,0.002317222851243886,0.002317222851243886,0.43375319242477417,0.9784163236618042,0.34,1,1,785,FP32-token-IDs
ClinicalBERT,17a4w6o,605,53,5056,bathroom,bathroom,False,loneliness,0.0027277987426171054,0.0027277987426171054,0.28072866797447205,0.9781886339187622,0.34,1,1,785,FP32-token-IDs
ClinicalBERT,17a4w6o,605,53,5056,bathroom,bathroom,False,sadness,0.002691262256499235,0.002691262256499235,0.3921002149581909,0.9497569799423218,0.34,1,1,785,FP32-token-IDs
ClinicalBERT,17a4w6o,605,53,5056,bathroom,bathroom,False,suicide intent,0.0019797603297349695,0.0019797603297349695,0.18813656270503998,0.7636293768882751,0.34,0,1,785,FP32-token-IDs
ClinicalBERT,17a4w6o,605,53,5056,bathroom,bathroom,False,worthlessness,0.00209820189501171,0.00209820189501171,0.37861868739128113,0.930963933467865,0.34,1,1,785,FP32-token-IDs
ClinicalBERT,17a4w6o,605,54,119,.,.,False,anger,0.002021607326029183,0.002021607326029183,0.41402390599250793,0.18097521364688873,0.34,0,0,785,FP32-token-IDs
ClinicalBERT,17a4w6o,605,54,119,.,.,False,brain dysfunction (forget),0.0005104750660913331,0.0005104750660913331,0.31157273054122925,0.45578429102897644,0.34,1,1,785,FP32-token-IDs
ClinicalBERT,17a4w6o,605,54,119,.,.,False,emptiness,0.002632577625381483,0.002632577625381483,0.2357300966978073,0.976031482219696,0.34,1,1,785,FP32-token-IDs
ClinicalBERT,17a4w6o,605,54,119,.,.,False,hopelessness,0.002317222851243886,0.002317222851243886,0.43375319242477417,0.9784163236618042,0.34,1,1,785,FP32-token-IDs
ClinicalBERT,17a4w6o,605,54,119,.,.,False,loneliness,0.0027277987426171054,0.0027277987426171054,0.28072866797447205,0.9781886339187622,0.34,1,1,785,FP32-token-IDs
ClinicalBERT,17a4w6o,605,54,119,.,.,False,sadness,0.002691262256499235,0.002691262256499235,0.3921002149581909,0.9497569799423218,0.34,1,1,785,FP32-token-IDs
ClinicalBERT,17a4w6o,605,54,119,.,.,False,suicide intent,0.0019797603297349695,0.0019797603297349695,0.18813656270503998,0.7636293768882751,0.34,0,1,785,FP32-token-IDs
ClinicalBERT,17a4w6o,605,54,119,.,.,False,worthlessness,0.00209820189501171,0.00209820189501171,0.37861868739128113,0.930963933467865,0.34,1,1,785,FP32-token-IDs
ClinicalBERT,17a4w6o,605,55,1112,as,as,False,anger,0.0045060193166136745,0.0045060193166136745,0.41402390599250793,0.18097521364688873,0.34,0,0,785,FP32-token-IDs
ClinicalBERT,17a4w6o,605,55,1112,as,as,False,brain dysfunction (forget),0.001532567013055086,0.001532567013055086,0.31157273054122925,0.45578429102897644,0.34,1,1,785,FP32-token-IDs
ClinicalBERT,17a4w6o,605,55,1112,as,as,False,emptiness,0.0037896743509918452,0.0037896743509918452,0.2357300966978073,0.976031482219696,0.34,1,1,785,FP32-token-IDs
ClinicalBERT,17a4w6o,605,55,1112,as,as,False,hopelessness,0.004908393137156963,0.004908393137156963,0.43375319242477417,0.9784163236618042,0.34,1,1,785,FP32-token-IDs
ClinicalBERT,17a4w6o,605,55,1112,as,as,False,loneliness,0.0030335112009197474,0.0030335112009197474,0.28072866797447205,0.9781886339187622,0.34,1,1,785,FP32-token-IDs
ClinicalBERT,17a4w6o,605,55,1112,as,as,False,sadness,0.0033617196138948204,0.0033617196138948204,0.3921002149581909,0.9497569799423218,0.34,1,1,785,FP32-token-IDs
ClinicalBERT,17a4w6o,605,55,1112,as,as,False,suicide intent,0.002815974270924926,0.002815974270924926,0.18813656270503998,0.7636293768882751,0.34,0,1,785,FP32-token-IDs
ClinicalBERT,17a4w6o,605,55,1112,as,as,False,worthlessness,0.00724124819971621,0.00724124819971621,0.37861868739128113,0.930963933467865,0.34,1,1,785,FP32-token-IDs
ClinicalBERT,17a4w6o,605,56,178,i,i,False,anger,0.0045060193166136745,0.0045060193166136745,0.41402390599250793,0.18097521364688873,0.34,0,0,785,FP32-token-IDs
ClinicalBERT,17a4w6o,605,56,178,i,i,False,brain dysfunction (forget),0.001532567013055086,0.001532567013055086,0.31157273054122925,0.45578429102897644,0.34,1,1,785,FP32-token-IDs
ClinicalBERT,17a4w6o,605,56,178,i,i,False,emptiness,0.0037896743509918452,0.0037896743509918452,0.2357300966978073,0.976031482219696,0.34,1,1,785,FP32-token-IDs
ClinicalBERT,17a4w6o,605,56,178,i,i,False,hopelessness,0.004908393137156963,0.004908393137156963,0.43375319242477417,0.9784163236618042,0.34,1,1,785,FP32-token-IDs
ClinicalBERT,17a4w6o,605,56,178,i,i,False,loneliness,0.0030335112009197474,0.0030335112009197474,0.28072866797447205,0.9781886339187622,0.34,1,1,785,FP32-token-IDs
ClinicalBERT,17a4w6o,605,56,178,i,i,False,sadness,0.0033617196138948204,0.0033617196138948204,0.3921002149581909,0.9497569799423218,0.34,1,1,785,FP32-token-IDs
ClinicalBERT,17a4w6o,605,56,178,i,i,False,suicide intent,0.002815974270924926,0.002815974270924926,0.18813656270503998,0.7636293768882751,0.34,0,1,785,FP32-token-IDs
ClinicalBERT,17a4w6o,605,56,178,i,i,False,worthlessness,0.00724124819971621,0.00724124819971621,0.37861868739128113,0.930963933467865,0.34,1,1,785,FP32-token-IDs
ClinicalBERT,17a4w6o,605,57,3191,lay,lay,False,anger,0.0045060193166136745,0.0045060193166136745,0.41402390599250793,0.18097521364688873,0.34,0,0,785,FP32-token-IDs
ClinicalBERT,17a4w6o,605,57,3191,lay,lay,False,brain dysfunction (forget),0.001532567013055086,0.001532567013055086,0.31157273054122925,0.45578429102897644,0.34,1,1,785,FP32-token-IDs
ClinicalBERT,17a4w6o,605,57,3191,lay,lay,False,emptiness,0.0037896743509918452,0.0037896743509918452,0.2357300966978073,0.976031482219696,0.34,1,1,785,FP32-token-IDs
ClinicalBERT,17a4w6o,605,57,3191,lay,lay,False,hopelessness,0.004908393137156963,0.004908393137156963,0.43375319242477417,0.9784163236618042,0.34,1,1,785,FP32-token-IDs
ClinicalBERT,17a4w6o,605,57,3191,lay,lay,False,loneliness,0.0030335112009197474,0.0030335112009197474,0.28072866797447205,0.9781886339187622,0.34,1,1,785,FP32-token-IDs
ClinicalBERT,17a4w6o,605,57,3191,lay,lay,False,sadness,0.0033617196138948204,0.0033617196138948204,0.3921002149581909,0.9497569799423218,0.34,1,1,785,FP32-token-IDs
ClinicalBERT,17a4w6o,605,57,3191,lay,lay,False,suicide intent,0.002815974270924926,0.002815974270924926,0.18813656270503998,0.7636293768882751,0.34,0,1,785,FP32-token-IDs
ClinicalBERT,17a4w6o,605,57,3191,lay,lay,False,worthlessness,0.00724124819971621,0.00724124819971621,0.37861868739128113,0.930963933467865,0.34,1,1,785,FP32-token-IDs
ClinicalBERT,17a4w6o,605,58,1139,my,my,False,anger,0.0045060193166136745,0.0045060193166136745,0.41402390599250793,0.18097521364688873,0.34,0,0,785,FP32-token-IDs
ClinicalBERT,17a4w6o,605,58,1139,my,my,False,brain dysfunction (forget),0.001532567013055086,0.001532567013055086,0.31157273054122925,0.45578429102897644,0.34,1,1,785,FP32-token-IDs
ClinicalBERT,17a4w6o,605,58,1139,my,my,False,emptiness,0.0037896743509918452,0.0037896743509918452,0.2357300966978073,0.976031482219696,0.34,1,1,785,FP32-token-IDs
ClinicalBERT,17a4w6o,605,58,1139,my,my,False,hopelessness,0.004908393137156963,0.004908393137156963,0.43375319242477417,0.9784163236618042,0.34,1,1,785,FP32-token-IDs
ClinicalBERT,17a4w6o,605,58,1139,my,my,False,loneliness,0.0030335112009197474,0.0030335112009197474,0.28072866797447205,0.9781886339187622,0.34,1,1,785,FP32-token-IDs
ClinicalBERT,17a4w6o,605,58,1139,my,my,False,sadness,0.0033617196138948204,0.0033617196138948204,0.3921002149581909,0.9497569799423218,0.34,1,1,785,FP32-token-IDs
ClinicalBERT,17a4w6o,605,58,1139,my,my,False,suicide intent,0.002815974270924926,0.002815974270924926,0.18813656270503998,0.7636293768882751,0.34,0,1,785,FP32-token-IDs
ClinicalBERT,17a4w6o,605,58,1139,my,my,False,worthlessness,0.00724124819971621,0.00724124819971621,0.37861868739128113,0.930963933467865,0.34,1,1,785,FP32-token-IDs
ClinicalBERT,17a4w6o,605,59,25407,rotting,rotting,False,anger,0.00567341602096955,0.00567341602096955,0.41402390599250793,0.18097521364688873,0.34,0,0,785,FP32-token-IDs
ClinicalBERT,17a4w6o,605,59,25407,rotting,rotting,False,brain dysfunction (forget),0.002697193498412768,0.002697193498412768,0.31157273054122925,0.45578429102897644,0.34,1,1,785,FP32-token-IDs
ClinicalBERT,17a4w6o,605,59,25407,rotting,rotting,False,emptiness,0.004053059437622627,0.004053059437622627,0.2357300966978073,0.976031482219696,0.34,1,1,785,FP32-token-IDs
ClinicalBERT,17a4w6o,605,59,25407,rotting,rotting,False,hopelessness,0.005018615939964851,0.005018615939964851,0.43375319242477417,0.9784163236618042,0.34,1,1,785,FP32-token-IDs
ClinicalBERT,17a4w6o,605,59,25407,rotting,rotting,False,loneliness,0.0025948704530795413,0.0025948704530795413,0.28072866797447205,0.9781886339187622,0.34,1,1,785,FP32-token-IDs
ClinicalBERT,17a4w6o,605,59,25407,rotting,rotting,False,sadness,0.0032869847801824414,0.0032869847801824414,0.3921002149581909,0.9497569799423218,0.34,1,1,785,FP32-token-IDs
ClinicalBERT,17a4w6o,605,59,25407,rotting,rotting,False,suicide intent,0.0036153449676930905,0.0036153449676930905,0.18813656270503998,0.7636293768882751,0.34,0,1,785,FP32-token-IDs
ClinicalBERT,17a4w6o,605,59,25407,rotting,rotting,False,worthlessness,0.008069043792784215,0.008069043792784215,0.37861868739128113,0.930963933467865,0.34,1,1,785,FP32-token-IDs
ClinicalBERT,17a4w6o,605,60,1404,body,body,False,anger,0.00567341602096955,0.00567341602096955,0.41402390599250793,0.18097521364688873,0.34,0,0,785,FP32-token-IDs
ClinicalBERT,17a4w6o,605,60,1404,body,body,False,brain dysfunction (forget),0.002697193498412768,0.002697193498412768,0.31157273054122925,0.45578429102897644,0.34,1,1,785,FP32-token-IDs
ClinicalBERT,17a4w6o,605,60,1404,body,body,False,emptiness,0.004053059437622627,0.004053059437622627,0.2357300966978073,0.976031482219696,0.34,1,1,785,FP32-token-IDs
ClinicalBERT,17a4w6o,605,60,1404,body,body,False,hopelessness,0.005018615939964851,0.005018615939964851,0.43375319242477417,0.9784163236618042,0.34,1,1,785,FP32-token-IDs
ClinicalBERT,17a4w6o,605,60,1404,body,body,False,loneliness,0.0025948704530795413,0.0025948704530795413,0.28072866797447205,0.9781886339187622,0.34,1,1,785,FP32-token-IDs
ClinicalBERT,17a4w6o,605,60,1404,body,body,False,sadness,0.0032869847801824414,0.0032869847801824414,0.3921002149581909,0.9497569799423218,0.34,1,1,785,FP32-token-IDs
ClinicalBERT,17a4w6o,605,60,1404,body,body,False,suicide intent,0.0036153449676930905,0.0036153449676930905,0.18813656270503998,0.7636293768882751,0.34,0,1,785,FP32-token-IDs
ClinicalBERT,17a4w6o,605,60,1404,body,body,False,worthlessness,0.008069043792784215,0.008069043792784215,0.37861868739128113,0.930963933467865,0.34,1,1,785,FP32-token-IDs
ClinicalBERT,17a4w6o,605,61,1107,in,in,False,anger,0.00567341602096955,0.00567341602096955,0.41402390599250793,0.18097521364688873,0.34,0,0,785,FP32-token-IDs
ClinicalBERT,17a4w6o,605,61,1107,in,in,False,brain dysfunction (forget),0.002697193498412768,0.002697193498412768,0.31157273054122925,0.45578429102897644,0.34,1,1,785,FP32-token-IDs
ClinicalBERT,17a4w6o,605,61,1107,in,in,False,emptiness,0.004053059437622627,0.004053059437622627,0.2357300966978073,0.976031482219696,0.34,1,1,785,FP32-token-IDs
ClinicalBERT,17a4w6o,605,61,1107,in,in,False,hopelessness,0.0050186159399648505,0.0050186159399648505,0.43375319242477417,0.9784163236618042,0.34,1,1,785,FP32-token-IDs
ClinicalBERT,17a4w6o,605,61,1107,in,in,False,loneliness,0.0025948704530795413,0.0025948704530795413,0.28072866797447205,0.9781886339187622,0.34,1,1,785,FP32-token-IDs
ClinicalBERT,17a4w6o,605,61,1107,in,in,False,sadness,0.003286984780182441,0.003286984780182441,0.3921002149581909,0.9497569799423218,0.34,1,1,785,FP32-token-IDs
ClinicalBERT,17a4w6o,605,61,1107,in,in,False,suicide intent,0.0036153449676930905,0.0036153449676930905,0.18813656270503998,0.7636293768882751,0.34,0,1,785,FP32-token-IDs
ClinicalBERT,17a4w6o,605,61,1107,in,in,False,worthlessness,0.008069043792784213,0.008069043792784213,0.37861868739128113,0.930963933467865,0.34,1,1,785,FP32-token-IDs
ClinicalBERT,17a4w6o,605,62,1139,my,my,False,anger,0.00567341602096955,0.00567341602096955,0.41402390599250793,0.18097521364688873,0.34,0,0,785,FP32-token-IDs
ClinicalBERT,17a4w6o,605,62,1139,my,my,False,brain dysfunction (forget),0.002697193498412768,0.002697193498412768,0.31157273054122925,0.45578429102897644,0.34,1,1,785,FP32-token-IDs
ClinicalBERT,17a4w6o,605,62,1139,my,my,False,emptiness,0.004053059437622627,0.004053059437622627,0.2357300966978073,0.976031482219696,0.34,1,1,785,FP32-token-IDs
ClinicalBERT,17a4w6o,605,62,1139,my,my,False,hopelessness,0.0050186159399648505,0.0050186159399648505,0.43375319242477417,0.9784163236618042,0.34,1,1,785,FP32-token-IDs
ClinicalBERT,17a4w6o,605,62,1139,my,my,False,loneliness,0.0025948704530795413,0.0025948704530795413,0.28072866797447205,0.9781886339187622,0.34,1,1,785,FP32-token-IDs
ClinicalBERT,17a4w6o,605,62,1139,my,my,False,sadness,0.003286984780182441,0.003286984780182441,0.3921002149581909,0.9497569799423218,0.34,1,1,785,FP32-token-IDs
ClinicalBERT,17a4w6o,605,62,1139,my,my,False,suicide intent,0.0036153449676930905,0.0036153449676930905,0.18813656270503998,0.7636293768882751,0.34,0,1,785,FP32-token-IDs
ClinicalBERT,17a4w6o,605,62,1139,my,my,False,worthlessness,0.008069043792784213,0.008069043792784213,0.37861868739128113,0.930963933467865,0.34,1,1,785,FP32-token-IDs
ClinicalBERT,17a4w6o,605,63,1908,bed,bed,False,anger,0.00567341602096955,0.00567341602096955,0.41402390599250793,0.18097521364688873,0.34,0,0,785,FP32-token-IDs
ClinicalBERT,17a4w6o,605,63,1908,bed,bed,False,brain dysfunction (forget),0.002697193498412768,0.002697193498412768,0.31157273054122925,0.45578429102897644,0.34,1,1,785,FP32-token-IDs
ClinicalBERT,17a4w6o,605,63,1908,bed,bed,False,emptiness,0.004053059437622627,0.004053059437622627,0.2357300966978073,0.976031482219696,0.34,1,1,785,FP32-token-IDs
ClinicalBERT,17a4w6o,605,63,1908,bed,bed,False,hopelessness,0.0050186159399648505,0.0050186159399648505,0.43375319242477417,0.9784163236618042,0.34,1,1,785,FP32-token-IDs
ClinicalBERT,17a4w6o,605,63,1908,bed,bed,False,loneliness,0.0025948704530795413,0.0025948704530795413,0.28072866797447205,0.9781886339187622,0.34,1,1,785,FP32-token-IDs
ClinicalBERT,17a4w6o,605,63,1908,bed,bed,False,sadness,0.003286984780182441,0.003286984780182441,0.3921002149581909,0.9497569799423218,0.34,1,1,785,FP32-token-IDs
ClinicalBERT,17a4w6o,605,63,1908,bed,bed,False,suicide intent,0.0036153449676930905,0.0036153449676930905,0.18813656270503998,0.7636293768882751,0.34,0,1,785,FP32-token-IDs
ClinicalBERT,17a4w6o,605,63,1908,bed,bed,False,worthlessness,0.008069043792784213,0.008069043792784213,0.37861868739128113,0.930963933467865,0.34,1,1,785,FP32-token-IDs
ClinicalBERT,17a4w6o,605,64,117,",",",",False,anger,0.00567341602096955,0.00567341602096955,0.41402390599250793,0.18097521364688873,0.34,0,0,785,FP32-token-IDs
ClinicalBERT,17a4w6o,605,64,117,",",",",False,brain dysfunction (forget),0.002697193498412768,0.002697193498412768,0.31157273054122925,0.45578429102897644,0.34,1,1,785,FP32-token-IDs
ClinicalBERT,17a4w6o,605,64,117,",",",",False,emptiness,0.004053059437622627,0.004053059437622627,0.2357300966978073,0.976031482219696,0.34,1,1,785,FP32-token-IDs
ClinicalBERT,17a4w6o,605,64,117,",",",",False,hopelessness,0.0050186159399648505,0.0050186159399648505,0.43375319242477417,0.9784163236618042,0.34,1,1,785,FP32-token-IDs
ClinicalBERT,17a4w6o,605,64,117,",",",",False,loneliness,0.0025948704530795413,0.0025948704530795413,0.28072866797447205,0.9781886339187622,0.34,1,1,785,FP32-token-IDs
ClinicalBERT,17a4w6o,605,64,117,",",",",False,sadness,0.003286984780182441,0.003286984780182441,0.3921002149581909,0.9497569799423218,0.34,1,1,785,FP32-token-IDs
ClinicalBERT,17a4w6o,605,64,117,",",",",False,suicide intent,0.0036153449676930905,0.0036153449676930905,0.18813656270503998,0.7636293768882751,0.34,0,1,785,FP32-token-IDs
ClinicalBERT,17a4w6o,605,64,117,",",",",False,worthlessness,0.008069043792784213,0.008069043792784213,0.37861868739128113,0.930963933467865,0.34,1,1,785,FP32-token-IDs
ClinicalBERT,17a4w6o,605,65,1702,looking,looking,False,anger,-0.00025075799846029903,0.00025075799846029903,0.41402390599250793,0.18097521364688873,0.34,0,0,785,FP32-token-IDs
ClinicalBERT,17a4w6o,605,65,1702,looking,looking,False,brain dysfunction (forget),0.002648271553750549,0.002648271553750549,0.31157273054122925,0.45578429102897644,0.34,1,1,785,FP32-token-IDs
ClinicalBERT,17a4w6o,605,65,1702,looking,looking,False,emptiness,0.003306310394077332,0.003306310394077332,0.2357300966978073,0.976031482219696,0.34,1,1,785,FP32-token-IDs
ClinicalBERT,17a4w6o,605,65,1702,looking,looking,False,hopelessness,0.004394238645380194,0.004394238645380194,0.43375319242477417,0.9784163236618042,0.34,1,1,785,FP32-token-IDs
ClinicalBERT,17a4w6o,605,65,1702,looking,looking,False,loneliness,0.0022914232746637487,0.0022914232746637487,0.28072866797447205,0.9781886339187622,0.34,1,1,785,FP32-token-IDs
ClinicalBERT,17a4w6o,605,65,1702,looking,looking,False,sadness,0.004167459669293134,0.004167459669293134,0.3921002149581909,0.9497569799423218,0.34,1,1,785,FP32-token-IDs
ClinicalBERT,17a4w6o,605,65,1702,looking,looking,False,suicide intent,-0.00048400866254777106,0.00048400866254777106,0.18813656270503998,0.7636293768882751,0.34,0,1,785,FP32-token-IDs
ClinicalBERT,17a4w6o,605,65,1702,looking,looking,False,worthlessness,0.006171776507920646,0.006171776507920646,0.37861868739128113,0.930963933467865,0.34,1,1,785,FP32-token-IDs
ClinicalBERT,17a4w6o,605,66,1120,at,at,False,anger,-0.00025075799846029903,0.00025075799846029903,0.41402390599250793,0.18097521364688873,0.34,0,0,785,FP32-token-IDs
ClinicalBERT,17a4w6o,605,66,1120,at,at,False,brain dysfunction (forget),0.002648271553750549,0.002648271553750549,0.31157273054122925,0.45578429102897644,0.34,1,1,785,FP32-token-IDs
ClinicalBERT,17a4w6o,605,66,1120,at,at,False,emptiness,0.003306310394077332,0.003306310394077332,0.2357300966978073,0.976031482219696,0.34,1,1,785,FP32-token-IDs
ClinicalBERT,17a4w6o,605,66,1120,at,at,False,hopelessness,0.004394238645380194,0.004394238645380194,0.43375319242477417,0.9784163236618042,0.34,1,1,785,FP32-token-IDs
ClinicalBERT,17a4w6o,605,66,1120,at,at,False,loneliness,0.0022914232746637487,0.0022914232746637487,0.28072866797447205,0.9781886339187622,0.34,1,1,785,FP32-token-IDs
ClinicalBERT,17a4w6o,605,66,1120,at,at,False,sadness,0.004167459669293134,0.004167459669293134,0.3921002149581909,0.9497569799423218,0.34,1,1,785,FP32-token-IDs
ClinicalBERT,17a4w6o,605,66,1120,at,at,False,suicide intent,-0.00048400866254777106,0.00048400866254777106,0.18813656270503998,0.7636293768882751,0.34,0,1,785,FP32-token-IDs
ClinicalBERT,17a4w6o,605,66,1120,at,at,False,worthlessness,0.006171776507920646,0.006171776507920646,0.37861868739128113,0.930963933467865,0.34,1,1,785,FP32-token-IDs
ClinicalBERT,17a4w6o,605,67,1103,the,the,False,anger,-0.00025075799846029903,0.00025075799846029903,0.41402390599250793,0.18097521364688873,0.34,0,0,785,FP32-token-IDs
ClinicalBERT,17a4w6o,605,67,1103,the,the,False,brain dysfunction (forget),0.002648271553750549,0.002648271553750549,0.31157273054122925,0.45578429102897644,0.34,1,1,785,FP32-token-IDs
ClinicalBERT,17a4w6o,605,67,1103,the,the,False,emptiness,0.003306310394077332,0.003306310394077332,0.2357300966978073,0.976031482219696,0.34,1,1,785,FP32-token-IDs
ClinicalBERT,17a4w6o,605,67,1103,the,the,False,hopelessness,0.004394238645380194,0.004394238645380194,0.43375319242477417,0.9784163236618042,0.34,1,1,785,FP32-token-IDs
ClinicalBERT,17a4w6o,605,67,1103,the,the,False,loneliness,0.0022914232746637487,0.0022914232746637487,0.28072866797447205,0.9781886339187622,0.34,1,1,785,FP32-token-IDs
ClinicalBERT,17a4w6o,605,67,1103,the,the,False,sadness,0.004167459669293134,0.004167459669293134,0.3921002149581909,0.9497569799423218,0.34,1,1,785,FP32-token-IDs
ClinicalBERT,17a4w6o,605,67,1103,the,the,False,suicide intent,-0.00048400866254777106,0.00048400866254777106,0.18813656270503998,0.7636293768882751,0.34,0,1,785,FP32-token-IDs
ClinicalBERT,17a4w6o,605,67,1103,the,the,False,worthlessness,0.006171776507920646,0.006171776507920646,0.37861868739128113,0.930963933467865,0.34,1,1,785,FP32-token-IDs
ClinicalBERT,17a4w6o,605,68,5265,ceiling,ceiling,False,anger,-0.00025075799846029903,0.00025075799846029903,0.41402390599250793,0.18097521364688873,0.34,0,0,785,FP32-token-IDs
ClinicalBERT,17a4w6o,605,68,5265,ceiling,ceiling,False,brain dysfunction (forget),0.002648271553750549,0.002648271553750549,0.31157273054122925,0.45578429102897644,0.34,1,1,785,FP32-token-IDs
ClinicalBERT,17a4w6o,605,68,5265,ceiling,ceiling,False,emptiness,0.003306310394077332,0.003306310394077332,0.2357300966978073,0.976031482219696,0.34,1,1,785,FP32-token-IDs
ClinicalBERT,17a4w6o,605,68,5265,ceiling,ceiling,False,hopelessness,0.004394238645380194,0.004394238645380194,0.43375319242477417,0.9784163236618042,0.34,1,1,785,FP32-token-IDs
ClinicalBERT,17a4w6o,605,68,5265,ceiling,ceiling,False,loneliness,0.0022914232746637487,0.0022914232746637487,0.28072866797447205,0.9781886339187622,0.34,1,1,785,FP32-token-IDs
ClinicalBERT,17a4w6o,605,68,5265,ceiling,ceiling,False,sadness,0.004167459669293134,0.004167459669293134,0.3921002149581909,0.9497569799423218,0.34,1,1,785,FP32-token-IDs
ClinicalBERT,17a4w6o,605,68,5265,ceiling,ceiling,False,suicide intent,-0.00048400866254777106,0.00048400866254777106,0.18813656270503998,0.7636293768882751,0.34,0,1,785,FP32-token-IDs
ClinicalBERT,17a4w6o,605,68,5265,ceiling,ceiling,False,worthlessness,0.006171776507920646,0.006171776507920646,0.37861868739128113,0.930963933467865,0.34,1,1,785,FP32-token-IDs
ClinicalBERT,17a4w6o,605,69,14255,con,con,False,anger,-0.000250757998460299,0.000250757998460299,0.41402390599250793,0.18097521364688873,0.34,0,0,785,FP32-token-IDs
ClinicalBERT,17a4w6o,605,69,14255,con,con,False,brain dysfunction (forget),0.002648271553750549,0.002648271553750549,0.31157273054122925,0.45578429102897644,0.34,1,1,785,FP32-token-IDs
ClinicalBERT,17a4w6o,605,69,14255,con,con,False,emptiness,0.0033063103940773318,0.0033063103940773318,0.2357300966978073,0.976031482219696,0.34,1,1,785,FP32-token-IDs
ClinicalBERT,17a4w6o,605,69,14255,con,con,False,hopelessness,0.004394238645380194,0.004394238645380194,0.43375319242477417,0.9784163236618042,0.34,1,1,785,FP32-token-IDs
ClinicalBERT,17a4w6o,605,69,14255,con,con,False,loneliness,0.0022914232746637487,0.0022914232746637487,0.28072866797447205,0.9781886339187622,0.34,1,1,785,FP32-token-IDs
ClinicalBERT,17a4w6o,605,69,14255,con,con,False,sadness,0.004167459669293134,0.004167459669293134,0.3921002149581909,0.9497569799423218,0.34,1,1,785,FP32-token-IDs
ClinicalBERT,17a4w6o,605,69,14255,con,con,False,suicide intent,-0.000484008662547771,0.000484008662547771,0.18813656270503998,0.7636293768882751,0.34,0,1,785,FP32-token-IDs
ClinicalBERT,17a4w6o,605,69,14255,con,con,False,worthlessness,0.006171776507920647,0.006171776507920647,0.37861868739128113,0.930963933467865,0.34,1,1,785,FP32-token-IDs
ClinicalBERT,17a4w6o,605,70,18408,##tem,tem,False,anger,-0.000250757998460299,0.000250757998460299,0.41402390599250793,0.18097521364688873,0.34,0,0,785,FP32-token-IDs
ClinicalBERT,17a4w6o,605,70,18408,##tem,tem,False,brain dysfunction (forget),0.002648271553750549,0.002648271553750549,0.31157273054122925,0.45578429102897644,0.34,1,1,785,FP32-token-IDs
ClinicalBERT,17a4w6o,605,70,18408,##tem,tem,False,emptiness,0.0033063103940773318,0.0033063103940773318,0.2357300966978073,0.976031482219696,0.34,1,1,785,FP32-token-IDs
ClinicalBERT,17a4w6o,605,70,18408,##tem,tem,False,hopelessness,0.004394238645380194,0.004394238645380194,0.43375319242477417,0.9784163236618042,0.34,1,1,785,FP32-token-IDs
ClinicalBERT,17a4w6o,605,70,18408,##tem,tem,False,loneliness,0.0022914232746637487,0.0022914232746637487,0.28072866797447205,0.9781886339187622,0.34,1,1,785,FP32-token-IDs
ClinicalBERT,17a4w6o,605,70,18408,##tem,tem,False,sadness,0.004167459669293134,0.004167459669293134,0.3921002149581909,0.9497569799423218,0.34,1,1,785,FP32-token-IDs
ClinicalBERT,17a4w6o,605,70,18408,##tem,tem,False,suicide intent,-0.000484008662547771,0.000484008662547771,0.18813656270503998,0.7636293768882751,0.34,0,1,785,FP32-token-IDs
ClinicalBERT,17a4w6o,605,70,18408,##tem,tem,False,worthlessness,0.006171776507920647,0.006171776507920647,0.37861868739128113,0.930963933467865,0.34,1,1,785,FP32-token-IDs
ClinicalBERT,17a4w6o,605,71,26938,##plating,plating,False,anger,-0.000250757998460299,0.000250757998460299,0.41402390599250793,0.18097521364688873,0.34,0,0,785,FP32-token-IDs
ClinicalBERT,17a4w6o,605,71,26938,##plating,plating,False,brain dysfunction (forget),0.002648271553750549,0.002648271553750549,0.31157273054122925,0.45578429102897644,0.34,1,1,785,FP32-token-IDs
ClinicalBERT,17a4w6o,605,71,26938,##plating,plating,False,emptiness,0.0033063103940773318,0.0033063103940773318,0.2357300966978073,0.976031482219696,0.34,1,1,785,FP32-token-IDs
ClinicalBERT,17a4w6o,605,71,26938,##plating,plating,False,hopelessness,0.004394238645380194,0.004394238645380194,0.43375319242477417,0.9784163236618042,0.34,1,1,785,FP32-token-IDs
ClinicalBERT,17a4w6o,605,71,26938,##plating,plating,False,loneliness,0.0022914232746637487,0.0022914232746637487,0.28072866797447205,0.9781886339187622,0.34,1,1,785,FP32-token-IDs
ClinicalBERT,17a4w6o,605,71,26938,##plating,plating,False,sadness,0.004167459669293134,0.004167459669293134,0.3921002149581909,0.9497569799423218,0.34,1,1,785,FP32-token-IDs
ClinicalBERT,17a4w6o,605,71,26938,##plating,plating,False,suicide intent,-0.000484008662547771,0.000484008662547771,0.18813656270503998,0.7636293768882751,0.34,0,1,785,FP32-token-IDs
ClinicalBERT,17a4w6o,605,71,26938,##plating,plating,False,worthlessness,0.006171776507920647,0.006171776507920647,0.37861868739128113,0.930963933467865,0.34,1,1,785,FP32-token-IDs
ClinicalBERT,17a4w6o,605,72,1139,my,my,False,anger,0.001434157475490462,0.001434157475490462,0.41402390599250793,0.18097521364688873,0.34,0,0,785,FP32-token-IDs
ClinicalBERT,17a4w6o,605,72,1139,my,my,False,brain dysfunction (forget),0.001993406214751303,0.001993406214751303,0.31157273054122925,0.45578429102897644,0.34,1,1,785,FP32-token-IDs
ClinicalBERT,17a4w6o,605,72,1139,my,my,False,emptiness,0.011130378518084233,0.011130378518084233,0.2357300966978073,0.976031482219696,0.34,1,1,785,FP32-token-IDs
ClinicalBERT,17a4w6o,605,72,1139,my,my,False,hopelessness,0.010084794432094151,0.010084794432094151,0.43375319242477417,0.9784163236618042,0.34,1,1,785,FP32-token-IDs
ClinicalBERT,17a4w6o,605,72,1139,my,my,False,loneliness,0.007784445293840359,0.007784445293840359,0.28072866797447205,0.9781886339187622,0.34,1,1,785,FP32-token-IDs
ClinicalBERT,17a4w6o,605,72,1139,my,my,False,sadness,0.009411930053664202,0.009411930053664202,0.3921002149581909,0.9497569799423218,0.34,1,1,785,FP32-token-IDs
ClinicalBERT,17a4w6o,605,72,1139,my,my,False,suicide intent,-0.0006865452953868292,0.0006865452953868292,0.18813656270503998,0.7636293768882751,0.34,0,1,785,FP32-token-IDs
ClinicalBERT,17a4w6o,605,72,1139,my,my,False,worthlessness,0.016387237944978882,0.016387237944978882,0.37861868739128113,0.930963933467865,0.34,1,1,785,FP32-token-IDs
ClinicalBERT,17a4w6o,605,73,27092,pointless,pointless,False,anger,0.001434157475490462,0.001434157475490462,0.41402390599250793,0.18097521364688873,0.34,0,0,785,FP32-token-IDs
ClinicalBERT,17a4w6o,605,73,27092,pointless,pointless,False,brain dysfunction (forget),0.001993406214751303,0.001993406214751303,0.31157273054122925,0.45578429102897644,0.34,1,1,785,FP32-token-IDs
ClinicalBERT,17a4w6o,605,73,27092,pointless,pointless,False,emptiness,0.011130378518084233,0.011130378518084233,0.2357300966978073,0.976031482219696,0.34,1,1,785,FP32-token-IDs
ClinicalBERT,17a4w6o,605,73,27092,pointless,pointless,False,hopelessness,0.010084794432094151,0.010084794432094151,0.43375319242477417,0.9784163236618042,0.34,1,1,785,FP32-token-IDs
ClinicalBERT,17a4w6o,605,73,27092,pointless,pointless,False,loneliness,0.007784445293840359,0.007784445293840359,0.28072866797447205,0.9781886339187622,0.34,1,1,785,FP32-token-IDs
ClinicalBERT,17a4w6o,605,73,27092,pointless,pointless,False,sadness,0.009411930053664202,0.009411930053664202,0.3921002149581909,0.9497569799423218,0.34,1,1,785,FP32-token-IDs
ClinicalBERT,17a4w6o,605,73,27092,pointless,pointless,False,suicide intent,-0.0006865452953868292,0.0006865452953868292,0.18813656270503998,0.7636293768882751,0.34,0,1,785,FP32-token-IDs
ClinicalBERT,17a4w6o,605,73,27092,pointless,pointless,False,worthlessness,0.016387237944978882,0.016387237944978882,0.37861868739128113,0.930963933467865,0.34,1,1,785,FP32-token-IDs
ClinicalBERT,17a4w6o,605,74,3796,existence,existence,False,anger,0.001434157475490462,0.001434157475490462,0.41402390599250793,0.18097521364688873,0.34,0,0,785,FP32-token-IDs
ClinicalBERT,17a4w6o,605,74,3796,existence,existence,False,brain dysfunction (forget),0.001993406214751303,0.001993406214751303,0.31157273054122925,0.45578429102897644,0.34,1,1,785,FP32-token-IDs
ClinicalBERT,17a4w6o,605,74,3796,existence,existence,False,emptiness,0.011130378518084233,0.011130378518084233,0.2357300966978073,0.976031482219696,0.34,1,1,785,FP32-token-IDs
ClinicalBERT,17a4w6o,605,74,3796,existence,existence,False,hopelessness,0.010084794432094151,0.010084794432094151,0.43375319242477417,0.9784163236618042,0.34,1,1,785,FP32-token-IDs
ClinicalBERT,17a4w6o,605,74,3796,existence,existence,False,loneliness,0.007784445293840359,0.007784445293840359,0.28072866797447205,0.9781886339187622,0.34,1,1,785,FP32-token-IDs
ClinicalBERT,17a4w6o,605,74,3796,existence,existence,False,sadness,0.009411930053664202,0.009411930053664202,0.3921002149581909,0.9497569799423218,0.34,1,1,785,FP32-token-IDs
ClinicalBERT,17a4w6o,605,74,3796,existence,existence,False,suicide intent,-0.0006865452953868292,0.0006865452953868292,0.18813656270503998,0.7636293768882751,0.34,0,1,785,FP32-token-IDs
ClinicalBERT,17a4w6o,605,74,3796,existence,existence,False,worthlessness,0.016387237944978882,0.016387237944978882,0.37861868739128113,0.930963933467865,0.34,1,1,785,FP32-token-IDs
ClinicalBERT,17a4w6o,605,75,117,",",",",False,anger,0.0014341574754904618,0.0014341574754904618,0.41402390599250793,0.18097521364688873,0.34,0,0,785,FP32-token-IDs
ClinicalBERT,17a4w6o,605,75,117,",",",",False,brain dysfunction (forget),0.001993406214751303,0.001993406214751303,0.31157273054122925,0.45578429102897644,0.34,1,1,785,FP32-token-IDs
ClinicalBERT,17a4w6o,605,75,117,",",",",False,emptiness,0.011130378518084233,0.011130378518084233,0.2357300966978073,0.976031482219696,0.34,1,1,785,FP32-token-IDs
ClinicalBERT,17a4w6o,605,75,117,",",",",False,hopelessness,0.010084794432094151,0.010084794432094151,0.43375319242477417,0.9784163236618042,0.34,1,1,785,FP32-token-IDs
ClinicalBERT,17a4w6o,605,75,117,",",",",False,loneliness,0.007784445293840359,0.007784445293840359,0.28072866797447205,0.9781886339187622,0.34,1,1,785,FP32-token-IDs
ClinicalBERT,17a4w6o,605,75,117,",",",",False,sadness,0.009411930053664202,0.009411930053664202,0.3921002149581909,0.9497569799423218,0.34,1,1,785,FP32-token-IDs
ClinicalBERT,17a4w6o,605,75,117,",",",",False,suicide intent,-0.0006865452953868291,0.0006865452953868291,0.18813656270503998,0.7636293768882751,0.34,0,1,785,FP32-token-IDs
ClinicalBERT,17a4w6o,605,75,117,",",",",False,worthlessness,0.016387237944978882,0.016387237944978882,0.37861868739128113,0.930963933467865,0.34,1,1,785,FP32-token-IDs
ClinicalBERT,17a4w6o,605,76,178,i,i,False,anger,-0.00014262930490076546,0.00014262930490076546,0.41402390599250793,0.18097521364688873,0.34,0,0,785,FP32-token-IDs
ClinicalBERT,17a4w6o,605,76,178,i,i,False,brain dysfunction (forget),9.386781603097915e-05,9.386781603097915e-05,0.31157273054122925,0.45578429102897644,0.34,1,1,785,FP32-token-IDs
ClinicalBERT,17a4w6o,605,76,178,i,i,False,emptiness,0.001805335283279419,0.001805335283279419,0.2357300966978073,0.976031482219696,0.34,1,1,785,FP32-token-IDs
ClinicalBERT,17a4w6o,605,76,178,i,i,False,hopelessness,0.0017751237377524377,0.0017751237377524377,0.43375319242477417,0.9784163236618042,0.34,1,1,785,FP32-token-IDs
ClinicalBERT,17a4w6o,605,76,178,i,i,False,loneliness,0.0029300086200237272,0.0029300086200237272,0.28072866797447205,0.9781886339187622,0.34,1,1,785,FP32-token-IDs
ClinicalBERT,17a4w6o,605,76,178,i,i,False,sadness,0.0016140132211148739,0.0016140132211148739,0.3921002149581909,0.9497569799423218,0.34,1,1,785,FP32-token-IDs
ClinicalBERT,17a4w6o,605,76,178,i,i,False,suicide intent,-8.404331747442485e-05,8.404331747442485e-05,0.18813656270503998,0.7636293768882751,0.34,0,1,785,FP32-token-IDs
ClinicalBERT,17a4w6o,605,76,178,i,i,False,worthlessness,0.0010655488818883895,0.0010655488818883895,0.37861868739128113,0.930963933467865,0.34,1,1,785,FP32-token-IDs
ClinicalBERT,17a4w6o,605,77,2367,ask,ask,False,anger,-0.00014262930490076546,0.00014262930490076546,0.41402390599250793,0.18097521364688873,0.34,0,0,785,FP32-token-IDs
ClinicalBERT,17a4w6o,605,77,2367,ask,ask,False,brain dysfunction (forget),9.386781603097915e-05,9.386781603097915e-05,0.31157273054122925,0.45578429102897644,0.34,1,1,785,FP32-token-IDs
ClinicalBERT,17a4w6o,605,77,2367,ask,ask,False,emptiness,0.001805335283279419,0.001805335283279419,0.2357300966978073,0.976031482219696,0.34,1,1,785,FP32-token-IDs
ClinicalBERT,17a4w6o,605,77,2367,ask,ask,False,hopelessness,0.0017751237377524377,0.0017751237377524377,0.43375319242477417,0.9784163236618042,0.34,1,1,785,FP32-token-IDs
ClinicalBERT,17a4w6o,605,77,2367,ask,ask,False,loneliness,0.0029300086200237272,0.0029300086200237272,0.28072866797447205,0.9781886339187622,0.34,1,1,785,FP32-token-IDs
ClinicalBERT,17a4w6o,605,77,2367,ask,ask,False,sadness,0.0016140132211148739,0.0016140132211148739,0.3921002149581909,0.9497569799423218,0.34,1,1,785,FP32-token-IDs
ClinicalBERT,17a4w6o,605,77,2367,ask,ask,False,suicide intent,-8.404331747442485e-05,8.404331747442485e-05,0.18813656270503998,0.7636293768882751,0.34,0,1,785,FP32-token-IDs
ClinicalBERT,17a4w6o,605,77,2367,ask,ask,False,worthlessness,0.0010655488818883895,0.0010655488818883895,0.37861868739128113,0.930963933467865,0.34,1,1,785,FP32-token-IDs
ClinicalBERT,17a4w6o,605,78,1991,myself,myself,False,anger,-0.00014262930490076546,0.00014262930490076546,0.41402390599250793,0.18097521364688873,0.34,0,0,785,FP32-token-IDs
ClinicalBERT,17a4w6o,605,78,1991,myself,myself,False,brain dysfunction (forget),9.386781603097915e-05,9.386781603097915e-05,0.31157273054122925,0.45578429102897644,0.34,1,1,785,FP32-token-IDs
ClinicalBERT,17a4w6o,605,78,1991,myself,myself,False,emptiness,0.001805335283279419,0.001805335283279419,0.2357300966978073,0.976031482219696,0.34,1,1,785,FP32-token-IDs
ClinicalBERT,17a4w6o,605,78,1991,myself,myself,False,hopelessness,0.0017751237377524377,0.0017751237377524377,0.43375319242477417,0.9784163236618042,0.34,1,1,785,FP32-token-IDs
ClinicalBERT,17a4w6o,605,78,1991,myself,myself,False,loneliness,0.0029300086200237272,0.0029300086200237272,0.28072866797447205,0.9781886339187622,0.34,1,1,785,FP32-token-IDs
ClinicalBERT,17a4w6o,605,78,1991,myself,myself,False,sadness,0.0016140132211148739,0.0016140132211148739,0.3921002149581909,0.9497569799423218,0.34,1,1,785,FP32-token-IDs
ClinicalBERT,17a4w6o,605,78,1991,myself,myself,False,suicide intent,-8.404331747442485e-05,8.404331747442485e-05,0.18813656270503998,0.7636293768882751,0.34,0,1,785,FP32-token-IDs
ClinicalBERT,17a4w6o,605,78,1991,myself,myself,False,worthlessness,0.0010655488818883895,0.0010655488818883895,0.37861868739128113,0.930963933467865,0.34,1,1,785,FP32-token-IDs
ClinicalBERT,17a4w6o,605,79,789,“,“,False,anger,-0.00014262930490076546,0.00014262930490076546,0.41402390599250793,0.18097521364688873,0.34,0,0,785,FP32-token-IDs
ClinicalBERT,17a4w6o,605,79,789,“,“,False,brain dysfunction (forget),9.386781603097915e-05,9.386781603097915e-05,0.31157273054122925,0.45578429102897644,0.34,1,1,785,FP32-token-IDs
ClinicalBERT,17a4w6o,605,79,789,“,“,False,emptiness,0.001805335283279419,0.001805335283279419,0.2357300966978073,0.976031482219696,0.34,1,1,785,FP32-token-IDs
ClinicalBERT,17a4w6o,605,79,789,“,“,False,hopelessness,0.0017751237377524377,0.0017751237377524377,0.43375319242477417,0.9784163236618042,0.34,1,1,785,FP32-token-IDs
ClinicalBERT,17a4w6o,605,79,789,“,“,False,loneliness,0.0029300086200237272,0.0029300086200237272,0.28072866797447205,0.9781886339187622,0.34,1,1,785,FP32-token-IDs
ClinicalBERT,17a4w6o,605,79,789,“,“,False,sadness,0.0016140132211148739,0.0016140132211148739,0.3921002149581909,0.9497569799423218,0.34,1,1,785,FP32-token-IDs
ClinicalBERT,17a4w6o,605,79,789,“,“,False,suicide intent,-8.404331747442485e-05,8.404331747442485e-05,0.18813656270503998,0.7636293768882751,0.34,0,1,785,FP32-token-IDs
ClinicalBERT,17a4w6o,605,79,789,“,“,False,worthlessness,0.0010655488818883895,0.0010655488818883895,0.37861868739128113,0.930963933467865,0.34,1,1,785,FP32-token-IDs
ClinicalBERT,17a4w6o,605,80,1209,will,will,False,anger,-0.0018383528105914593,0.0018383528105914593,0.41402390599250793,0.18097521364688873,0.34,0,0,785,FP32-token-IDs
ClinicalBERT,17a4w6o,605,80,1209,will,will,False,brain dysfunction (forget),-0.00034398200611273445,0.00034398200611273445,0.31157273054122925,0.45578429102897644,0.34,1,1,785,FP32-token-IDs
ClinicalBERT,17a4w6o,605,80,1209,will,will,False,emptiness,0.002972857716182868,0.002972857716182868,0.2357300966978073,0.976031482219696,0.34,1,1,785,FP32-token-IDs
ClinicalBERT,17a4w6o,605,80,1209,will,will,False,hopelessness,0.002049300136665503,0.002049300136665503,0.43375319242477417,0.9784163236618042,0.34,1,1,785,FP32-token-IDs
ClinicalBERT,17a4w6o,605,80,1209,will,will,False,loneliness,0.0032638641695181526,0.0032638641695181526,0.28072866797447205,0.9781886339187622,0.34,1,1,785,FP32-token-IDs
ClinicalBERT,17a4w6o,605,80,1209,will,will,False,sadness,0.002291911281645298,0.002291911281645298,0.3921002149581909,0.9497569799423218,0.34,1,1,785,FP32-token-IDs
ClinicalBERT,17a4w6o,605,80,1209,will,will,False,suicide intent,0.00029650505942602955,0.00029650505942602955,0.18813656270503998,0.7636293768882751,0.34,0,1,785,FP32-token-IDs
ClinicalBERT,17a4w6o,605,80,1209,will,will,False,worthlessness,0.001498928666114807,0.001498928666114807,0.37861868739128113,0.930963933467865,0.34,1,1,785,FP32-token-IDs
ClinicalBERT,17a4w6o,605,81,178,i,i,False,anger,-0.0018383528105914593,0.0018383528105914593,0.41402390599250793,0.18097521364688873,0.34,0,0,785,FP32-token-IDs
ClinicalBERT,17a4w6o,605,81,178,i,i,False,brain dysfunction (forget),-0.00034398200611273445,0.00034398200611273445,0.31157273054122925,0.45578429102897644,0.34,1,1,785,FP32-token-IDs
ClinicalBERT,17a4w6o,605,81,178,i,i,False,emptiness,0.002972857716182868,0.002972857716182868,0.2357300966978073,0.976031482219696,0.34,1,1,785,FP32-token-IDs
ClinicalBERT,17a4w6o,605,81,178,i,i,False,hopelessness,0.002049300136665503,0.002049300136665503,0.43375319242477417,0.9784163236618042,0.34,1,1,785,FP32-token-IDs
ClinicalBERT,17a4w6o,605,81,178,i,i,False,loneliness,0.0032638641695181526,0.0032638641695181526,0.28072866797447205,0.9781886339187622,0.34,1,1,785,FP32-token-IDs
ClinicalBERT,17a4w6o,605,81,178,i,i,False,sadness,0.002291911281645298,0.002291911281645298,0.3921002149581909,0.9497569799423218,0.34,1,1,785,FP32-token-IDs
ClinicalBERT,17a4w6o,605,81,178,i,i,False,suicide intent,0.00029650505942602955,0.00029650505942602955,0.18813656270503998,0.7636293768882751,0.34,0,1,785,FP32-token-IDs
ClinicalBERT,17a4w6o,605,81,178,i,i,False,worthlessness,0.001498928666114807,0.001498928666114807,0.37861868739128113,0.930963933467865,0.34,1,1,785,FP32-token-IDs
ClinicalBERT,17a4w6o,605,82,1518,ever,ever,False,anger,-0.0018383528105914593,0.0018383528105914593,0.41402390599250793,0.18097521364688873,0.34,0,0,785,FP32-token-IDs
ClinicalBERT,17a4w6o,605,82,1518,ever,ever,False,brain dysfunction (forget),-0.0003439820061127345,0.0003439820061127345,0.31157273054122925,0.45578429102897644,0.34,1,1,785,FP32-token-IDs
ClinicalBERT,17a4w6o,605,82,1518,ever,ever,False,emptiness,0.0029728577161828675,0.0029728577161828675,0.2357300966978073,0.976031482219696,0.34,1,1,785,FP32-token-IDs
ClinicalBERT,17a4w6o,605,82,1518,ever,ever,False,hopelessness,0.002049300136665503,0.002049300136665503,0.43375319242477417,0.9784163236618042,0.34,1,1,785,FP32-token-IDs
ClinicalBERT,17a4w6o,605,82,1518,ever,ever,False,loneliness,0.003263864169518153,0.003263864169518153,0.28072866797447205,0.9781886339187622,0.34,1,1,785,FP32-token-IDs
ClinicalBERT,17a4w6o,605,82,1518,ever,ever,False,sadness,0.002291911281645298,0.002291911281645298,0.3921002149581909,0.9497569799423218,0.34,1,1,785,FP32-token-IDs
ClinicalBERT,17a4w6o,605,82,1518,ever,ever,False,suicide intent,0.00029650505942602955,0.00029650505942602955,0.18813656270503998,0.7636293768882751,0.34,0,1,785,FP32-token-IDs
ClinicalBERT,17a4w6o,605,82,1518,ever,ever,False,worthlessness,0.0014989286661148073,0.0014989286661148073,0.37861868739128113,0.930963933467865,0.34,1,1,785,FP32-token-IDs
ClinicalBERT,17a4w6o,605,83,1129,be,be,False,anger,-0.0018383528105914593,0.0018383528105914593,0.41402390599250793,0.18097521364688873,0.34,0,0,785,FP32-token-IDs
ClinicalBERT,17a4w6o,605,83,1129,be,be,False,brain dysfunction (forget),-0.0003439820061127345,0.0003439820061127345,0.31157273054122925,0.45578429102897644,0.34,1,1,785,FP32-token-IDs
ClinicalBERT,17a4w6o,605,83,1129,be,be,False,emptiness,0.0029728577161828675,0.0029728577161828675,0.2357300966978073,0.976031482219696,0.34,1,1,785,FP32-token-IDs
ClinicalBERT,17a4w6o,605,83,1129,be,be,False,hopelessness,0.002049300136665503,0.002049300136665503,0.43375319242477417,0.9784163236618042,0.34,1,1,785,FP32-token-IDs
ClinicalBERT,17a4w6o,605,83,1129,be,be,False,loneliness,0.003263864169518153,0.003263864169518153,0.28072866797447205,0.9781886339187622,0.34,1,1,785,FP32-token-IDs
ClinicalBERT,17a4w6o,605,83,1129,be,be,False,sadness,0.002291911281645298,0.002291911281645298,0.3921002149581909,0.9497569799423218,0.34,1,1,785,FP32-token-IDs
ClinicalBERT,17a4w6o,605,83,1129,be,be,False,suicide intent,0.00029650505942602955,0.00029650505942602955,0.18813656270503998,0.7636293768882751,0.34,0,1,785,FP32-token-IDs
ClinicalBERT,17a4w6o,605,83,1129,be,be,False,worthlessness,0.0014989286661148073,0.0014989286661148073,0.37861868739128113,0.930963933467865,0.34,1,1,785,FP32-token-IDs
ClinicalBERT,17a4w6o,605,84,2816,happy,happy,False,anger,-0.0018383528105914593,0.0018383528105914593,0.41402390599250793,0.18097521364688873,0.34,0,0,785,FP32-token-IDs
ClinicalBERT,17a4w6o,605,84,2816,happy,happy,False,brain dysfunction (forget),-0.0003439820061127345,0.0003439820061127345,0.31157273054122925,0.45578429102897644,0.34,1,1,785,FP32-token-IDs
ClinicalBERT,17a4w6o,605,84,2816,happy,happy,False,emptiness,0.0029728577161828675,0.0029728577161828675,0.2357300966978073,0.976031482219696,0.34,1,1,785,FP32-token-IDs
ClinicalBERT,17a4w6o,605,84,2816,happy,happy,False,hopelessness,0.002049300136665503,0.002049300136665503,0.43375319242477417,0.9784163236618042,0.34,1,1,785,FP32-token-IDs
ClinicalBERT,17a4w6o,605,84,2816,happy,happy,False,loneliness,0.003263864169518153,0.003263864169518153,0.28072866797447205,0.9781886339187622,0.34,1,1,785,FP32-token-IDs
ClinicalBERT,17a4w6o,605,84,2816,happy,happy,False,sadness,0.002291911281645298,0.002291911281645298,0.3921002149581909,0.9497569799423218,0.34,1,1,785,FP32-token-IDs
ClinicalBERT,17a4w6o,605,84,2816,happy,happy,False,suicide intent,0.00029650505942602955,0.00029650505942602955,0.18813656270503998,0.7636293768882751,0.34,0,1,785,FP32-token-IDs
ClinicalBERT,17a4w6o,605,84,2816,happy,happy,False,worthlessness,0.0014989286661148073,0.0014989286661148073,0.37861868739128113,0.930963933467865,0.34,1,1,785,FP32-token-IDs
ClinicalBERT,17a4w6o,605,85,136,?,?,False,anger,-0.0018383528105914593,0.0018383528105914593,0.41402390599250793,0.18097521364688873,0.34,0,0,785,FP32-token-IDs
ClinicalBERT,17a4w6o,605,85,136,?,?,False,brain dysfunction (forget),-0.0003439820061127345,0.0003439820061127345,0.31157273054122925,0.45578429102897644,0.34,1,1,785,FP32-token-IDs
ClinicalBERT,17a4w6o,605,85,136,?,?,False,emptiness,0.0029728577161828675,0.0029728577161828675,0.2357300966978073,0.976031482219696,0.34,1,1,785,FP32-token-IDs
ClinicalBERT,17a4w6o,605,85,136,?,?,False,hopelessness,0.002049300136665503,0.002049300136665503,0.43375319242477417,0.9784163236618042,0.34,1,1,785,FP32-token-IDs
ClinicalBERT,17a4w6o,605,85,136,?,?,False,loneliness,0.003263864169518153,0.003263864169518153,0.28072866797447205,0.9781886339187622,0.34,1,1,785,FP32-token-IDs
ClinicalBERT,17a4w6o,605,85,136,?,?,False,sadness,0.002291911281645298,0.002291911281645298,0.3921002149581909,0.9497569799423218,0.34,1,1,785,FP32-token-IDs
ClinicalBERT,17a4w6o,605,85,136,?,?,False,suicide intent,0.00029650505942602955,0.00029650505942602955,0.18813656270503998,0.7636293768882751,0.34,0,1,785,FP32-token-IDs
ClinicalBERT,17a4w6o,605,85,136,?,?,False,worthlessness,0.0014989286661148073,0.0014989286661148073,0.37861868739128113,0.930963933467865,0.34,1,1,785,FP32-token-IDs
ClinicalBERT,17a4w6o,605,86,790,”,”,False,anger,0.0007035184828138429,0.0007035184828138429,0.41402390599250793,0.18097521364688873,0.34,0,0,785,FP32-token-IDs
ClinicalBERT,17a4w6o,605,86,790,”,”,False,brain dysfunction (forget),0.0017976639609710843,0.0017976639609710843,0.31157273054122925,0.45578429102897644,0.34,1,1,785,FP32-token-IDs
ClinicalBERT,17a4w6o,605,86,790,”,”,False,emptiness,0.003794504244343128,0.003794504244343128,0.2357300966978073,0.976031482219696,0.34,1,1,785,FP32-token-IDs
ClinicalBERT,17a4w6o,605,86,790,”,”,False,hopelessness,0.004200345577879084,0.004200345577879084,0.43375319242477417,0.9784163236618042,0.34,1,1,785,FP32-token-IDs
ClinicalBERT,17a4w6o,605,86,790,”,”,False,loneliness,0.002926855442400267,0.002926855442400267,0.28072866797447205,0.9781886339187622,0.34,1,1,785,FP32-token-IDs
ClinicalBERT,17a4w6o,605,86,790,”,”,False,sadness,0.0027489294450170074,0.0027489294450170074,0.3921002149581909,0.9497569799423218,0.34,1,1,785,FP32-token-IDs
ClinicalBERT,17a4w6o,605,86,790,”,”,False,suicide intent,0.0062542435640067446,0.0062542435640067446,0.18813656270503998,0.7636293768882751,0.34,0,1,785,FP32-token-IDs
ClinicalBERT,17a4w6o,605,86,790,”,”,False,worthlessness,0.0043778041365489465,0.0043778041365489465,0.37861868739128113,0.930963933467865,0.34,1,1,785,FP32-token-IDs
ClinicalBERT,17a4w6o,605,87,119,.,.,False,anger,0.0007035184828138429,0.0007035184828138429,0.41402390599250793,0.18097521364688873,0.34,0,0,785,FP32-token-IDs
ClinicalBERT,17a4w6o,605,87,119,.,.,False,brain dysfunction (forget),0.0017976639609710843,0.0017976639609710843,0.31157273054122925,0.45578429102897644,0.34,1,1,785,FP32-token-IDs
ClinicalBERT,17a4w6o,605,87,119,.,.,False,emptiness,0.003794504244343128,0.003794504244343128,0.2357300966978073,0.976031482219696,0.34,1,1,785,FP32-token-IDs
ClinicalBERT,17a4w6o,605,87,119,.,.,False,hopelessness,0.004200345577879084,0.004200345577879084,0.43375319242477417,0.9784163236618042,0.34,1,1,785,FP32-token-IDs
ClinicalBERT,17a4w6o,605,87,119,.,.,False,loneliness,0.002926855442400267,0.002926855442400267,0.28072866797447205,0.9781886339187622,0.34,1,1,785,FP32-token-IDs
ClinicalBERT,17a4w6o,605,87,119,.,.,False,sadness,0.0027489294450170074,0.0027489294450170074,0.3921002149581909,0.9497569799423218,0.34,1,1,785,FP32-token-IDs
ClinicalBERT,17a4w6o,605,87,119,.,.,False,suicide intent,0.0062542435640067446,0.0062542435640067446,0.18813656270503998,0.7636293768882751,0.34,0,1,785,FP32-token-IDs
ClinicalBERT,17a4w6o,605,87,119,.,.,False,worthlessness,0.0043778041365489465,0.0043778041365489465,0.37861868739128113,0.930963933467865,0.34,1,1,785,FP32-token-IDs
ClinicalBERT,17a4w6o,605,88,1209,will,will,False,anger,-0.0008953186373785486,0.0008953186373785486,0.41402390599250793,0.18097521364688873,0.34,0,0,785,FP32-token-IDs
ClinicalBERT,17a4w6o,605,88,1209,will,will,False,brain dysfunction (forget),0.002313731086938655,0.002313731086938655,0.31157273054122925,0.45578429102897644,0.34,1,1,785,FP32-token-IDs
ClinicalBERT,17a4w6o,605,88,1209,will,will,False,emptiness,0.004487338457186989,0.004487338457186989,0.2357300966978073,0.976031482219696,0.34,1,1,785,FP32-token-IDs
ClinicalBERT,17a4w6o,605,88,1209,will,will,False,hopelessness,0.003274458268332103,0.003274458268332103,0.43375319242477417,0.9784163236618042,0.34,1,1,785,FP32-token-IDs
ClinicalBERT,17a4w6o,605,88,1209,will,will,False,loneliness,0.0037144605747757116,0.0037144605747757116,0.28072866797447205,0.9781886339187622,0.34,1,1,785,FP32-token-IDs
ClinicalBERT,17a4w6o,605,88,1209,will,will,False,sadness,0.00395462630241831,0.00395462630241831,0.3921002149581909,0.9497569799423218,0.34,1,1,785,FP32-token-IDs
ClinicalBERT,17a4w6o,605,88,1209,will,will,False,suicide intent,0.011536705539840942,0.011536705539840942,0.18813656270503998,0.7636293768882751,0.34,0,1,785,FP32-token-IDs
ClinicalBERT,17a4w6o,605,88,1209,will,will,False,worthlessness,0.0024134551029718447,0.0024134551029718447,0.37861868739128113,0.930963933467865,0.34,1,1,785,FP32-token-IDs
ClinicalBERT,17a4w6o,605,89,1142,this,this,False,anger,-0.0008953186373785486,0.0008953186373785486,0.41402390599250793,0.18097521364688873,0.34,0,0,785,FP32-token-IDs
ClinicalBERT,17a4w6o,605,89,1142,this,this,False,brain dysfunction (forget),0.002313731086938655,0.002313731086938655,0.31157273054122925,0.45578429102897644,0.34,1,1,785,FP32-token-IDs
ClinicalBERT,17a4w6o,605,89,1142,this,this,False,emptiness,0.004487338457186989,0.004487338457186989,0.2357300966978073,0.976031482219696,0.34,1,1,785,FP32-token-IDs
ClinicalBERT,17a4w6o,605,89,1142,this,this,False,hopelessness,0.003274458268332103,0.003274458268332103,0.43375319242477417,0.9784163236618042,0.34,1,1,785,FP32-token-IDs
ClinicalBERT,17a4w6o,605,89,1142,this,this,False,loneliness,0.0037144605747757116,0.0037144605747757116,0.28072866797447205,0.9781886339187622,0.34,1,1,785,FP32-token-IDs
ClinicalBERT,17a4w6o,605,89,1142,this,this,False,sadness,0.00395462630241831,0.00395462630241831,0.3921002149581909,0.9497569799423218,0.34,1,1,785,FP32-token-IDs
ClinicalBERT,17a4w6o,605,89,1142,this,this,False,suicide intent,0.011536705539840942,0.011536705539840942,0.18813656270503998,0.7636293768882751,0.34,0,1,785,FP32-token-IDs
ClinicalBERT,17a4w6o,605,89,1142,this,this,False,worthlessness,0.0024134551029718447,0.0024134551029718447,0.37861868739128113,0.930963933467865,0.34,1,1,785,FP32-token-IDs
ClinicalBERT,17a4w6o,605,90,2296,feeling,feeling,False,anger,-0.0008953186373785486,0.0008953186373785486,0.41402390599250793,0.18097521364688873,0.34,0,0,785,FP32-token-IDs
ClinicalBERT,17a4w6o,605,90,2296,feeling,feeling,False,brain dysfunction (forget),0.002313731086938655,0.002313731086938655,0.31157273054122925,0.45578429102897644,0.34,1,1,785,FP32-token-IDs
ClinicalBERT,17a4w6o,605,90,2296,feeling,feeling,False,emptiness,0.004487338457186989,0.004487338457186989,0.2357300966978073,0.976031482219696,0.34,1,1,785,FP32-token-IDs
ClinicalBERT,17a4w6o,605,90,2296,feeling,feeling,False,hopelessness,0.003274458268332103,0.003274458268332103,0.43375319242477417,0.9784163236618042,0.34,1,1,785,FP32-token-IDs
ClinicalBERT,17a4w6o,605,90,2296,feeling,feeling,False,loneliness,0.0037144605747757116,0.0037144605747757116,0.28072866797447205,0.9781886339187622,0.34,1,1,785,FP32-token-IDs
ClinicalBERT,17a4w6o,605,90,2296,feeling,feeling,False,sadness,0.00395462630241831,0.00395462630241831,0.3921002149581909,0.9497569799423218,0.34,1,1,785,FP32-token-IDs
ClinicalBERT,17a4w6o,605,90,2296,feeling,feeling,False,suicide intent,0.011536705539840942,0.011536705539840942,0.18813656270503998,0.7636293768882751,0.34,0,1,785,FP32-token-IDs
ClinicalBERT,17a4w6o,605,90,2296,feeling,feeling,False,worthlessness,0.0024134551029718447,0.0024134551029718447,0.37861868739128113,0.930963933467865,0.34,1,1,785,FP32-token-IDs
ClinicalBERT,17a4w6o,605,91,1518,ever,ever,False,anger,-0.0008953186373785486,0.0008953186373785486,0.41402390599250793,0.18097521364688873,0.34,0,0,785,FP32-token-IDs
ClinicalBERT,17a4w6o,605,91,1518,ever,ever,False,brain dysfunction (forget),0.002313731086938655,0.002313731086938655,0.31157273054122925,0.45578429102897644,0.34,1,1,785,FP32-token-IDs
ClinicalBERT,17a4w6o,605,91,1518,ever,ever,False,emptiness,0.004487338457186989,0.004487338457186989,0.2357300966978073,0.976031482219696,0.34,1,1,785,FP32-token-IDs
ClinicalBERT,17a4w6o,605,91,1518,ever,ever,False,hopelessness,0.003274458268332103,0.003274458268332103,0.43375319242477417,0.9784163236618042,0.34,1,1,785,FP32-token-IDs
ClinicalBERT,17a4w6o,605,91,1518,ever,ever,False,loneliness,0.0037144605747757116,0.0037144605747757116,0.28072866797447205,0.9781886339187622,0.34,1,1,785,FP32-token-IDs
ClinicalBERT,17a4w6o,605,91,1518,ever,ever,False,sadness,0.00395462630241831,0.00395462630241831,0.3921002149581909,0.9497569799423218,0.34,1,1,785,FP32-token-IDs
ClinicalBERT,17a4w6o,605,91,1518,ever,ever,False,suicide intent,0.011536705539840942,0.011536705539840942,0.18813656270503998,0.7636293768882751,0.34,0,1,785,FP32-token-IDs
ClinicalBERT,17a4w6o,605,91,1518,ever,ever,False,worthlessness,0.0024134551029718447,0.0024134551029718447,0.37861868739128113,0.930963933467865,0.34,1,1,785,FP32-token-IDs
ClinicalBERT,17a4w6o,605,92,1301,go,go,False,anger,-0.0008953186373785485,0.0008953186373785485,0.41402390599250793,0.18097521364688873,0.34,0,0,785,FP32-token-IDs
ClinicalBERT,17a4w6o,605,92,1301,go,go,False,brain dysfunction (forget),0.002313731086938655,0.002313731086938655,0.31157273054122925,0.45578429102897644,0.34,1,1,785,FP32-token-IDs
ClinicalBERT,17a4w6o,605,92,1301,go,go,False,emptiness,0.004487338457186989,0.004487338457186989,0.2357300966978073,0.976031482219696,0.34,1,1,785,FP32-token-IDs
ClinicalBERT,17a4w6o,605,92,1301,go,go,False,hopelessness,0.0032744582683321036,0.0032744582683321036,0.43375319242477417,0.9784163236618042,0.34,1,1,785,FP32-token-IDs
ClinicalBERT,17a4w6o,605,92,1301,go,go,False,loneliness,0.003714460574775711,0.003714460574775711,0.28072866797447205,0.9781886339187622,0.34,1,1,785,FP32-token-IDs
ClinicalBERT,17a4w6o,605,92,1301,go,go,False,sadness,0.003954626302418311,0.003954626302418311,0.3921002149581909,0.9497569799423218,0.34,1,1,785,FP32-token-IDs
ClinicalBERT,17a4w6o,605,92,1301,go,go,False,suicide intent,0.011536705539840942,0.011536705539840942,0.18813656270503998,0.7636293768882751,0.34,0,1,785,FP32-token-IDs
ClinicalBERT,17a4w6o,605,92,1301,go,go,False,worthlessness,0.002413455102971845,0.002413455102971845,0.37861868739128113,0.930963933467865,0.34,1,1,785,FP32-token-IDs
ClinicalBERT,17a4w6o,605,93,1283,away,away,False,anger,-0.0008953186373785485,0.0008953186373785485,0.41402390599250793,0.18097521364688873,0.34,0,0,785,FP32-token-IDs
ClinicalBERT,17a4w6o,605,93,1283,away,away,False,brain dysfunction (forget),0.002313731086938655,0.002313731086938655,0.31157273054122925,0.45578429102897644,0.34,1,1,785,FP32-token-IDs
ClinicalBERT,17a4w6o,605,93,1283,away,away,False,emptiness,0.004487338457186989,0.004487338457186989,0.2357300966978073,0.976031482219696,0.34,1,1,785,FP32-token-IDs
ClinicalBERT,17a4w6o,605,93,1283,away,away,False,hopelessness,0.0032744582683321036,0.0032744582683321036,0.43375319242477417,0.9784163236618042,0.34,1,1,785,FP32-token-IDs
ClinicalBERT,17a4w6o,605,93,1283,away,away,False,loneliness,0.003714460574775711,0.003714460574775711,0.28072866797447205,0.9781886339187622,0.34,1,1,785,FP32-token-IDs
ClinicalBERT,17a4w6o,605,93,1283,away,away,False,sadness,0.003954626302418311,0.003954626302418311,0.3921002149581909,0.9497569799423218,0.34,1,1,785,FP32-token-IDs
ClinicalBERT,17a4w6o,605,93,1283,away,away,False,suicide intent,0.011536705539840942,0.011536705539840942,0.18813656270503998,0.7636293768882751,0.34,0,1,785,FP32-token-IDs
ClinicalBERT,17a4w6o,605,93,1283,away,away,False,worthlessness,0.002413455102971845,0.002413455102971845,0.37861868739128113,0.930963933467865,0.34,1,1,785,FP32-token-IDs
ClinicalBERT,17a4w6o,605,94,136,?,?,False,anger,-0.0008953186373785485,0.0008953186373785485,0.41402390599250793,0.18097521364688873,0.34,0,0,785,FP32-token-IDs
ClinicalBERT,17a4w6o,605,94,136,?,?,False,brain dysfunction (forget),0.002313731086938655,0.002313731086938655,0.31157273054122925,0.45578429102897644,0.34,1,1,785,FP32-token-IDs
ClinicalBERT,17a4w6o,605,94,136,?,?,False,emptiness,0.004487338457186989,0.004487338457186989,0.2357300966978073,0.976031482219696,0.34,1,1,785,FP32-token-IDs
ClinicalBERT,17a4w6o,605,94,136,?,?,False,hopelessness,0.0032744582683321036,0.0032744582683321036,0.43375319242477417,0.9784163236618042,0.34,1,1,785,FP32-token-IDs
ClinicalBERT,17a4w6o,605,94,136,?,?,False,loneliness,0.003714460574775711,0.003714460574775711,0.28072866797447205,0.9781886339187622,0.34,1,1,785,FP32-token-IDs
ClinicalBERT,17a4w6o,605,94,136,?,?,False,sadness,0.003954626302418311,0.003954626302418311,0.3921002149581909,0.9497569799423218,0.34,1,1,785,FP32-token-IDs
ClinicalBERT,17a4w6o,605,94,136,?,?,False,suicide intent,0.011536705539840942,0.011536705539840942,0.18813656270503998,0.7636293768882751,0.34,0,1,785,FP32-token-IDs
ClinicalBERT,17a4w6o,605,94,136,?,?,False,worthlessness,0.002413455102971845,0.002413455102971845,0.37861868739128113,0.930963933467865,0.34,1,1,785,FP32-token-IDs
ClinicalBERT,17a4w6o,605,95,2654,maybe,maybe,False,anger,-0.0028298190993476004,0.0028298190993476004,0.41402390599250793,0.18097521364688873,0.34,0,0,785,FP32-token-IDs
ClinicalBERT,17a4w6o,605,95,2654,maybe,maybe,False,brain dysfunction (forget),-0.003724215764497571,0.003724215764497571,0.31157273054122925,0.45578429102897644,0.34,1,1,785,FP32-token-IDs
ClinicalBERT,17a4w6o,605,95,2654,maybe,maybe,False,emptiness,0.0010181331685196388,0.0010181331685196388,0.2357300966978073,0.976031482219696,0.34,1,1,785,FP32-token-IDs
ClinicalBERT,17a4w6o,605,95,2654,maybe,maybe,False,hopelessness,0.0007351493695750833,0.0007351493695750833,0.43375319242477417,0.9784163236618042,0.34,1,1,785,FP32-token-IDs
ClinicalBERT,17a4w6o,605,95,2654,maybe,maybe,False,loneliness,0.0020056985188549497,0.0020056985188549497,0.28072866797447205,0.9781886339187622,0.34,1,1,785,FP32-token-IDs
ClinicalBERT,17a4w6o,605,95,2654,maybe,maybe,False,sadness,0.0019288281156845828,0.0019288281156845828,0.3921002149581909,0.9497569799423218,0.34,1,1,785,FP32-token-IDs
ClinicalBERT,17a4w6o,605,95,2654,maybe,maybe,False,suicide intent,-0.0012497639434192987,0.0012497639434192987,0.18813656270503998,0.7636293768882751,0.34,0,1,785,FP32-token-IDs
ClinicalBERT,17a4w6o,605,95,2654,maybe,maybe,False,worthlessness,-0.0008266133475391304,0.0008266133475391304,0.37861868739128113,0.930963933467865,0.34,1,1,785,FP32-token-IDs
ClinicalBERT,17a4w6o,605,96,4911,tomorrow,tomorrow,False,anger,-0.0028298190993476004,0.0028298190993476004,0.41402390599250793,0.18097521364688873,0.34,0,0,785,FP32-token-IDs
ClinicalBERT,17a4w6o,605,96,4911,tomorrow,tomorrow,False,brain dysfunction (forget),-0.003724215764497571,0.003724215764497571,0.31157273054122925,0.45578429102897644,0.34,1,1,785,FP32-token-IDs
ClinicalBERT,17a4w6o,605,96,4911,tomorrow,tomorrow,False,emptiness,0.0010181331685196388,0.0010181331685196388,0.2357300966978073,0.976031482219696,0.34,1,1,785,FP32-token-IDs
ClinicalBERT,17a4w6o,605,96,4911,tomorrow,tomorrow,False,hopelessness,0.0007351493695750833,0.0007351493695750833,0.43375319242477417,0.9784163236618042,0.34,1,1,785,FP32-token-IDs
ClinicalBERT,17a4w6o,605,96,4911,tomorrow,tomorrow,False,loneliness,0.0020056985188549497,0.0020056985188549497,0.28072866797447205,0.9781886339187622,0.34,1,1,785,FP32-token-IDs
ClinicalBERT,17a4w6o,605,96,4911,tomorrow,tomorrow,False,sadness,0.0019288281156845828,0.0019288281156845828,0.3921002149581909,0.9497569799423218,0.34,1,1,785,FP32-token-IDs
ClinicalBERT,17a4w6o,605,96,4911,tomorrow,tomorrow,False,suicide intent,-0.0012497639434192987,0.0012497639434192987,0.18813656270503998,0.7636293768882751,0.34,0,1,785,FP32-token-IDs
ClinicalBERT,17a4w6o,605,96,4911,tomorrow,tomorrow,False,worthlessness,-0.0008266133475391304,0.0008266133475391304,0.37861868739128113,0.930963933467865,0.34,1,1,785,FP32-token-IDs
ClinicalBERT,17a4w6o,605,97,1209,will,will,False,anger,-0.0028298190993476004,0.0028298190993476004,0.41402390599250793,0.18097521364688873,0.34,0,0,785,FP32-token-IDs
ClinicalBERT,17a4w6o,605,97,1209,will,will,False,brain dysfunction (forget),-0.003724215764497571,0.003724215764497571,0.31157273054122925,0.45578429102897644,0.34,1,1,785,FP32-token-IDs
ClinicalBERT,17a4w6o,605,97,1209,will,will,False,emptiness,0.0010181331685196388,0.0010181331685196388,0.2357300966978073,0.976031482219696,0.34,1,1,785,FP32-token-IDs
ClinicalBERT,17a4w6o,605,97,1209,will,will,False,hopelessness,0.0007351493695750833,0.0007351493695750833,0.43375319242477417,0.9784163236618042,0.34,1,1,785,FP32-token-IDs
ClinicalBERT,17a4w6o,605,97,1209,will,will,False,loneliness,0.0020056985188549497,0.0020056985188549497,0.28072866797447205,0.9781886339187622,0.34,1,1,785,FP32-token-IDs
ClinicalBERT,17a4w6o,605,97,1209,will,will,False,sadness,0.0019288281156845828,0.0019288281156845828,0.3921002149581909,0.9497569799423218,0.34,1,1,785,FP32-token-IDs
ClinicalBERT,17a4w6o,605,97,1209,will,will,False,suicide intent,-0.0012497639434192987,0.0012497639434192987,0.18813656270503998,0.7636293768882751,0.34,0,1,785,FP32-token-IDs
ClinicalBERT,17a4w6o,605,97,1209,will,will,False,worthlessness,-0.0008266133475391304,0.0008266133475391304,0.37861868739128113,0.930963933467865,0.34,1,1,785,FP32-token-IDs
ClinicalBERT,17a4w6o,605,98,1129,be,be,False,anger,-0.0028298190993476004,0.0028298190993476004,0.41402390599250793,0.18097521364688873,0.34,0,0,785,FP32-token-IDs
ClinicalBERT,17a4w6o,605,98,1129,be,be,False,brain dysfunction (forget),-0.003724215764497571,0.003724215764497571,0.31157273054122925,0.45578429102897644,0.34,1,1,785,FP32-token-IDs
ClinicalBERT,17a4w6o,605,98,1129,be,be,False,emptiness,0.0010181331685196388,0.0010181331685196388,0.2357300966978073,0.976031482219696,0.34,1,1,785,FP32-token-IDs
ClinicalBERT,17a4w6o,605,98,1129,be,be,False,hopelessness,0.0007351493695750833,0.0007351493695750833,0.43375319242477417,0.9784163236618042,0.34,1,1,785,FP32-token-IDs
ClinicalBERT,17a4w6o,605,98,1129,be,be,False,loneliness,0.0020056985188549497,0.0020056985188549497,0.28072866797447205,0.9781886339187622,0.34,1,1,785,FP32-token-IDs
ClinicalBERT,17a4w6o,605,98,1129,be,be,False,sadness,0.0019288281156845828,0.0019288281156845828,0.3921002149581909,0.9497569799423218,0.34,1,1,785,FP32-token-IDs
ClinicalBERT,17a4w6o,605,98,1129,be,be,False,suicide intent,-0.0012497639434192987,0.0012497639434192987,0.18813656270503998,0.7636293768882751,0.34,0,1,785,FP32-token-IDs
ClinicalBERT,17a4w6o,605,98,1129,be,be,False,worthlessness,-0.0008266133475391304,0.0008266133475391304,0.37861868739128113,0.930963933467865,0.34,1,1,785,FP32-token-IDs
ClinicalBERT,17a4w6o,605,99,170,a,a,False,anger,-0.00494153902057887,0.00494153902057887,0.41402390599250793,0.18097521364688873,0.34,0,0,785,FP32-token-IDs
ClinicalBERT,17a4w6o,605,99,170,a,a,False,brain dysfunction (forget),-0.003819762708564453,0.003819762708564453,0.31157273054122925,0.45578429102897644,0.34,1,1,785,FP32-token-IDs
ClinicalBERT,17a4w6o,605,99,170,a,a,False,emptiness,0.0009844737736891735,0.0009844737736891735,0.2357300966978073,0.976031482219696,0.34,1,1,785,FP32-token-IDs
ClinicalBERT,17a4w6o,605,99,170,a,a,False,hopelessness,0.000658010714687407,0.000658010714687407,0.43375319242477417,0.9784163236618042,0.34,1,1,785,FP32-token-IDs
ClinicalBERT,17a4w6o,605,99,170,a,a,False,loneliness,0.0019038742278045153,0.0019038742278045153,0.28072866797447205,0.9781886339187622,0.34,1,1,785,FP32-token-IDs
ClinicalBERT,17a4w6o,605,99,170,a,a,False,sadness,0.0018719345509238979,0.0018719345509238979,0.3921002149581909,0.9497569799423218,0.34,1,1,785,FP32-token-IDs
ClinicalBERT,17a4w6o,605,99,170,a,a,False,suicide intent,-0.001049671383738956,0.001049671383738956,0.18813656270503998,0.7636293768882751,0.34,0,1,785,FP32-token-IDs
ClinicalBERT,17a4w6o,605,99,170,a,a,False,worthlessness,-0.0011706727776019013,0.0011706727776019013,0.37861868739128113,0.930963933467865,0.34,1,1,785,FP32-token-IDs
ClinicalBERT,17a4w6o,605,100,1618,better,better,False,anger,-0.00494153902057887,0.00494153902057887,0.41402390599250793,0.18097521364688873,0.34,0,0,785,FP32-token-IDs
ClinicalBERT,17a4w6o,605,100,1618,better,better,False,brain dysfunction (forget),-0.003819762708564453,0.003819762708564453,0.31157273054122925,0.45578429102897644,0.34,1,1,785,FP32-token-IDs
ClinicalBERT,17a4w6o,605,100,1618,better,better,False,emptiness,0.0009844737736891735,0.0009844737736891735,0.2357300966978073,0.976031482219696,0.34,1,1,785,FP32-token-IDs
ClinicalBERT,17a4w6o,605,100,1618,better,better,False,hopelessness,0.000658010714687407,0.000658010714687407,0.43375319242477417,0.9784163236618042,0.34,1,1,785,FP32-token-IDs
ClinicalBERT,17a4w6o,605,100,1618,better,better,False,loneliness,0.0019038742278045153,0.0019038742278045153,0.28072866797447205,0.9781886339187622,0.34,1,1,785,FP32-token-IDs
ClinicalBERT,17a4w6o,605,100,1618,better,better,False,sadness,0.0018719345509238979,0.0018719345509238979,0.3921002149581909,0.9497569799423218,0.34,1,1,785,FP32-token-IDs
ClinicalBERT,17a4w6o,605,100,1618,better,better,False,suicide intent,-0.001049671383738956,0.001049671383738956,0.18813656270503998,0.7636293768882751,0.34,0,1,785,FP32-token-IDs
ClinicalBERT,17a4w6o,605,100,1618,better,better,False,worthlessness,-0.0011706727776019013,0.0011706727776019013,0.37861868739128113,0.930963933467865,0.34,1,1,785,FP32-token-IDs
ClinicalBERT,17a4w6o,605,101,1285,day,day,False,anger,-0.00494153902057887,0.00494153902057887,0.41402390599250793,0.18097521364688873,0.34,0,0,785,FP32-token-IDs
ClinicalBERT,17a4w6o,605,101,1285,day,day,False,brain dysfunction (forget),-0.003819762708564453,0.003819762708564453,0.31157273054122925,0.45578429102897644,0.34,1,1,785,FP32-token-IDs
ClinicalBERT,17a4w6o,605,101,1285,day,day,False,emptiness,0.0009844737736891735,0.0009844737736891735,0.2357300966978073,0.976031482219696,0.34,1,1,785,FP32-token-IDs
ClinicalBERT,17a4w6o,605,101,1285,day,day,False,hopelessness,0.000658010714687407,0.000658010714687407,0.43375319242477417,0.9784163236618042,0.34,1,1,785,FP32-token-IDs
ClinicalBERT,17a4w6o,605,101,1285,day,day,False,loneliness,0.0019038742278045153,0.0019038742278045153,0.28072866797447205,0.9781886339187622,0.34,1,1,785,FP32-token-IDs
ClinicalBERT,17a4w6o,605,101,1285,day,day,False,sadness,0.0018719345509238979,0.0018719345509238979,0.3921002149581909,0.9497569799423218,0.34,1,1,785,FP32-token-IDs
ClinicalBERT,17a4w6o,605,101,1285,day,day,False,suicide intent,-0.001049671383738956,0.001049671383738956,0.18813656270503998,0.7636293768882751,0.34,0,1,785,FP32-token-IDs
ClinicalBERT,17a4w6o,605,101,1285,day,day,False,worthlessness,-0.0011706727776019013,0.0011706727776019013,0.37861868739128113,0.930963933467865,0.34,1,1,785,FP32-token-IDs
ClinicalBERT,17a4w6o,605,102,119,.,.,False,anger,-0.00494153902057887,0.00494153902057887,0.41402390599250793,0.18097521364688873,0.34,0,0,785,FP32-token-IDs
ClinicalBERT,17a4w6o,605,102,119,.,.,False,brain dysfunction (forget),-0.003819762708564453,0.003819762708564453,0.31157273054122925,0.45578429102897644,0.34,1,1,785,FP32-token-IDs
ClinicalBERT,17a4w6o,605,102,119,.,.,False,emptiness,0.0009844737736891735,0.0009844737736891735,0.2357300966978073,0.976031482219696,0.34,1,1,785,FP32-token-IDs
ClinicalBERT,17a4w6o,605,102,119,.,.,False,hopelessness,0.000658010714687407,0.000658010714687407,0.43375319242477417,0.9784163236618042,0.34,1,1,785,FP32-token-IDs
ClinicalBERT,17a4w6o,605,102,119,.,.,False,loneliness,0.0019038742278045153,0.0019038742278045153,0.28072866797447205,0.9781886339187622,0.34,1,1,785,FP32-token-IDs
ClinicalBERT,17a4w6o,605,102,119,.,.,False,sadness,0.0018719345509238979,0.0018719345509238979,0.3921002149581909,0.9497569799423218,0.34,1,1,785,FP32-token-IDs
ClinicalBERT,17a4w6o,605,102,119,.,.,False,suicide intent,-0.001049671383738956,0.001049671383738956,0.18813656270503998,0.7636293768882751,0.34,0,1,785,FP32-token-IDs
ClinicalBERT,17a4w6o,605,102,119,.,.,False,worthlessness,-0.0011706727776019013,0.0011706727776019013,0.37861868739128113,0.930963933467865,0.34,1,1,785,FP32-token-IDs
ClinicalBERT,17a4w6o,605,103,2654,maybe,maybe,False,anger,-0.0020479334311352838,0.0020479334311352838,0.41402390599250793,0.18097521364688873,0.34,0,0,785,FP32-token-IDs
ClinicalBERT,17a4w6o,605,103,2654,maybe,maybe,False,brain dysfunction (forget),-0.0022464445016036434,0.0022464445016036434,0.31157273054122925,0.45578429102897644,0.34,1,1,785,FP32-token-IDs
ClinicalBERT,17a4w6o,605,103,2654,maybe,maybe,False,emptiness,0.0015291955270287064,0.0015291955270287064,0.2357300966978073,0.976031482219696,0.34,1,1,785,FP32-token-IDs
ClinicalBERT,17a4w6o,605,103,2654,maybe,maybe,False,hopelessness,0.0008839637351532778,0.0008839637351532778,0.43375319242477417,0.9784163236618042,0.34,1,1,785,FP32-token-IDs
ClinicalBERT,17a4w6o,605,103,2654,maybe,maybe,False,loneliness,0.0025274846702814102,0.0025274846702814102,0.28072866797447205,0.9781886339187622,0.34,1,1,785,FP32-token-IDs
ClinicalBERT,17a4w6o,605,103,2654,maybe,maybe,False,sadness,0.001819780846643779,0.001819780846643779,0.3921002149581909,0.9497569799423218,0.34,1,1,785,FP32-token-IDs
ClinicalBERT,17a4w6o,605,103,2654,maybe,maybe,False,suicide intent,-0.0006493174264000522,0.0006493174264000522,0.18813656270503998,0.7636293768882751,0.34,0,1,785,FP32-token-IDs
ClinicalBERT,17a4w6o,605,103,2654,maybe,maybe,False,worthlessness,-0.00027177340558005706,0.00027177340558005706,0.37861868739128113,0.930963933467865,0.34,1,1,785,FP32-token-IDs
ClinicalBERT,17a4w6o,605,104,1397,next,next,False,anger,-0.0020479334311352838,0.0020479334311352838,0.41402390599250793,0.18097521364688873,0.34,0,0,785,FP32-token-IDs
ClinicalBERT,17a4w6o,605,104,1397,next,next,False,brain dysfunction (forget),-0.0022464445016036434,0.0022464445016036434,0.31157273054122925,0.45578429102897644,0.34,1,1,785,FP32-token-IDs
ClinicalBERT,17a4w6o,605,104,1397,next,next,False,emptiness,0.0015291955270287064,0.0015291955270287064,0.2357300966978073,0.976031482219696,0.34,1,1,785,FP32-token-IDs
ClinicalBERT,17a4w6o,605,104,1397,next,next,False,hopelessness,0.0008839637351532778,0.0008839637351532778,0.43375319242477417,0.9784163236618042,0.34,1,1,785,FP32-token-IDs
ClinicalBERT,17a4w6o,605,104,1397,next,next,False,loneliness,0.0025274846702814102,0.0025274846702814102,0.28072866797447205,0.9781886339187622,0.34,1,1,785,FP32-token-IDs
ClinicalBERT,17a4w6o,605,104,1397,next,next,False,sadness,0.001819780846643779,0.001819780846643779,0.3921002149581909,0.9497569799423218,0.34,1,1,785,FP32-token-IDs
ClinicalBERT,17a4w6o,605,104,1397,next,next,False,suicide intent,-0.0006493174264000522,0.0006493174264000522,0.18813656270503998,0.7636293768882751,0.34,0,1,785,FP32-token-IDs
ClinicalBERT,17a4w6o,605,104,1397,next,next,False,worthlessness,-0.00027177340558005706,0.00027177340558005706,0.37861868739128113,0.930963933467865,0.34,1,1,785,FP32-token-IDs
ClinicalBERT,17a4w6o,605,105,1214,year,year,False,anger,-0.0020479334311352838,0.0020479334311352838,0.41402390599250793,0.18097521364688873,0.34,0,0,785,FP32-token-IDs
ClinicalBERT,17a4w6o,605,105,1214,year,year,False,brain dysfunction (forget),-0.0022464445016036434,0.0022464445016036434,0.31157273054122925,0.45578429102897644,0.34,1,1,785,FP32-token-IDs
ClinicalBERT,17a4w6o,605,105,1214,year,year,False,emptiness,0.0015291955270287064,0.0015291955270287064,0.2357300966978073,0.976031482219696,0.34,1,1,785,FP32-token-IDs
ClinicalBERT,17a4w6o,605,105,1214,year,year,False,hopelessness,0.0008839637351532778,0.0008839637351532778,0.43375319242477417,0.9784163236618042,0.34,1,1,785,FP32-token-IDs
ClinicalBERT,17a4w6o,605,105,1214,year,year,False,loneliness,0.0025274846702814102,0.0025274846702814102,0.28072866797447205,0.9781886339187622,0.34,1,1,785,FP32-token-IDs
ClinicalBERT,17a4w6o,605,105,1214,year,year,False,sadness,0.001819780846643779,0.001819780846643779,0.3921002149581909,0.9497569799423218,0.34,1,1,785,FP32-token-IDs
ClinicalBERT,17a4w6o,605,105,1214,year,year,False,suicide intent,-0.0006493174264000522,0.0006493174264000522,0.18813656270503998,0.7636293768882751,0.34,0,1,785,FP32-token-IDs
ClinicalBERT,17a4w6o,605,105,1214,year,year,False,worthlessness,-0.00027177340558005706,0.00027177340558005706,0.37861868739128113,0.930963933467865,0.34,1,1,785,FP32-token-IDs
ClinicalBERT,17a4w6o,605,106,1209,will,will,False,anger,-0.0020479334311352838,0.0020479334311352838,0.41402390599250793,0.18097521364688873,0.34,0,0,785,FP32-token-IDs
ClinicalBERT,17a4w6o,605,106,1209,will,will,False,brain dysfunction (forget),-0.0022464445016036434,0.0022464445016036434,0.31157273054122925,0.45578429102897644,0.34,1,1,785,FP32-token-IDs
ClinicalBERT,17a4w6o,605,106,1209,will,will,False,emptiness,0.0015291955270287064,0.0015291955270287064,0.2357300966978073,0.976031482219696,0.34,1,1,785,FP32-token-IDs
ClinicalBERT,17a4w6o,605,106,1209,will,will,False,hopelessness,0.0008839637351532778,0.0008839637351532778,0.43375319242477417,0.9784163236618042,0.34,1,1,785,FP32-token-IDs
ClinicalBERT,17a4w6o,605,106,1209,will,will,False,loneliness,0.0025274846702814102,0.0025274846702814102,0.28072866797447205,0.9781886339187622,0.34,1,1,785,FP32-token-IDs
ClinicalBERT,17a4w6o,605,106,1209,will,will,False,sadness,0.001819780846643779,0.001819780846643779,0.3921002149581909,0.9497569799423218,0.34,1,1,785,FP32-token-IDs
ClinicalBERT,17a4w6o,605,106,1209,will,will,False,suicide intent,-0.0006493174264000522,0.0006493174264000522,0.18813656270503998,0.7636293768882751,0.34,0,1,785,FP32-token-IDs
ClinicalBERT,17a4w6o,605,106,1209,will,will,False,worthlessness,-0.00027177340558005706,0.00027177340558005706,0.37861868739128113,0.930963933467865,0.34,1,1,785,FP32-token-IDs
ClinicalBERT,17a4w6o,605,107,1129,be,be,False,anger,-0.002859677912460433,0.002859677912460433,0.41402390599250793,0.18097521364688873,0.34,0,0,785,FP32-token-IDs
ClinicalBERT,17a4w6o,605,107,1129,be,be,False,brain dysfunction (forget),-0.002314960646132628,0.002314960646132628,0.31157273054122925,0.45578429102897644,0.34,1,1,785,FP32-token-IDs
ClinicalBERT,17a4w6o,605,107,1129,be,be,False,emptiness,0.0016396101978090074,0.0016396101978090074,0.2357300966978073,0.976031482219696,0.34,1,1,785,FP32-token-IDs
ClinicalBERT,17a4w6o,605,107,1129,be,be,False,hopelessness,0.0007812616725762684,0.0007812616725762684,0.43375319242477417,0.9784163236618042,0.34,1,1,785,FP32-token-IDs
ClinicalBERT,17a4w6o,605,107,1129,be,be,False,loneliness,0.0027410130016505716,0.0027410130016505716,0.28072866797447205,0.9781886339187622,0.34,1,1,785,FP32-token-IDs
ClinicalBERT,17a4w6o,605,107,1129,be,be,False,sadness,0.0017079231846663686,0.0017079231846663686,0.3921002149581909,0.9497569799423218,0.34,1,1,785,FP32-token-IDs
ClinicalBERT,17a4w6o,605,107,1129,be,be,False,suicide intent,-0.0016075818592475519,0.0016075818592475519,0.18813656270503998,0.7636293768882751,0.34,0,1,785,FP32-token-IDs
ClinicalBERT,17a4w6o,605,107,1129,be,be,False,worthlessness,-0.000454206226600541,0.000454206226600541,0.37861868739128113,0.930963933467865,0.34,1,1,785,FP32-token-IDs
ClinicalBERT,17a4w6o,605,108,170,a,a,False,anger,-0.002859677912460433,0.002859677912460433,0.41402390599250793,0.18097521364688873,0.34,0,0,785,FP32-token-IDs
ClinicalBERT,17a4w6o,605,108,170,a,a,False,brain dysfunction (forget),-0.002314960646132628,0.002314960646132628,0.31157273054122925,0.45578429102897644,0.34,1,1,785,FP32-token-IDs
ClinicalBERT,17a4w6o,605,108,170,a,a,False,emptiness,0.0016396101978090074,0.0016396101978090074,0.2357300966978073,0.976031482219696,0.34,1,1,785,FP32-token-IDs
ClinicalBERT,17a4w6o,605,108,170,a,a,False,hopelessness,0.0007812616725762684,0.0007812616725762684,0.43375319242477417,0.9784163236618042,0.34,1,1,785,FP32-token-IDs
ClinicalBERT,17a4w6o,605,108,170,a,a,False,loneliness,0.0027410130016505716,0.0027410130016505716,0.28072866797447205,0.9781886339187622,0.34,1,1,785,FP32-token-IDs
ClinicalBERT,17a4w6o,605,108,170,a,a,False,sadness,0.0017079231846663686,0.0017079231846663686,0.3921002149581909,0.9497569799423218,0.34,1,1,785,FP32-token-IDs
ClinicalBERT,17a4w6o,605,108,170,a,a,False,suicide intent,-0.0016075818592475519,0.0016075818592475519,0.18813656270503998,0.7636293768882751,0.34,0,1,785,FP32-token-IDs
ClinicalBERT,17a4w6o,605,108,170,a,a,False,worthlessness,-0.000454206226600541,0.000454206226600541,0.37861868739128113,0.930963933467865,0.34,1,1,785,FP32-token-IDs
ClinicalBERT,17a4w6o,605,109,1618,better,better,False,anger,-0.002859677912460433,0.002859677912460433,0.41402390599250793,0.18097521364688873,0.34,0,0,785,FP32-token-IDs
ClinicalBERT,17a4w6o,605,109,1618,better,better,False,brain dysfunction (forget),-0.002314960646132628,0.002314960646132628,0.31157273054122925,0.45578429102897644,0.34,1,1,785,FP32-token-IDs
ClinicalBERT,17a4w6o,605,109,1618,better,better,False,emptiness,0.0016396101978090074,0.0016396101978090074,0.2357300966978073,0.976031482219696,0.34,1,1,785,FP32-token-IDs
ClinicalBERT,17a4w6o,605,109,1618,better,better,False,hopelessness,0.0007812616725762684,0.0007812616725762684,0.43375319242477417,0.9784163236618042,0.34,1,1,785,FP32-token-IDs
ClinicalBERT,17a4w6o,605,109,1618,better,better,False,loneliness,0.0027410130016505716,0.0027410130016505716,0.28072866797447205,0.9781886339187622,0.34,1,1,785,FP32-token-IDs
ClinicalBERT,17a4w6o,605,109,1618,better,better,False,sadness,0.0017079231846663686,0.0017079231846663686,0.3921002149581909,0.9497569799423218,0.34,1,1,785,FP32-token-IDs
ClinicalBERT,17a4w6o,605,109,1618,better,better,False,suicide intent,-0.0016075818592475519,0.0016075818592475519,0.18813656270503998,0.7636293768882751,0.34,0,1,785,FP32-token-IDs
ClinicalBERT,17a4w6o,605,109,1618,better,better,False,worthlessness,-0.000454206226600541,0.000454206226600541,0.37861868739128113,0.930963933467865,0.34,1,1,785,FP32-token-IDs
ClinicalBERT,17a4w6o,605,110,1214,year,year,False,anger,-0.002859677912460433,0.002859677912460433,0.41402390599250793,0.18097521364688873,0.34,0,0,785,FP32-token-IDs
ClinicalBERT,17a4w6o,605,110,1214,year,year,False,brain dysfunction (forget),-0.002314960646132628,0.002314960646132628,0.31157273054122925,0.45578429102897644,0.34,1,1,785,FP32-token-IDs
ClinicalBERT,17a4w6o,605,110,1214,year,year,False,emptiness,0.0016396101978090074,0.0016396101978090074,0.2357300966978073,0.976031482219696,0.34,1,1,785,FP32-token-IDs
ClinicalBERT,17a4w6o,605,110,1214,year,year,False,hopelessness,0.0007812616725762684,0.0007812616725762684,0.43375319242477417,0.9784163236618042,0.34,1,1,785,FP32-token-IDs
ClinicalBERT,17a4w6o,605,110,1214,year,year,False,loneliness,0.0027410130016505716,0.0027410130016505716,0.28072866797447205,0.9781886339187622,0.34,1,1,785,FP32-token-IDs
ClinicalBERT,17a4w6o,605,110,1214,year,year,False,sadness,0.0017079231846663686,0.0017079231846663686,0.3921002149581909,0.9497569799423218,0.34,1,1,785,FP32-token-IDs
ClinicalBERT,17a4w6o,605,110,1214,year,year,False,suicide intent,-0.0016075818592475519,0.0016075818592475519,0.18813656270503998,0.7636293768882751,0.34,0,1,785,FP32-token-IDs
ClinicalBERT,17a4w6o,605,110,1214,year,year,False,worthlessness,-0.000454206226600541,0.000454206226600541,0.37861868739128113,0.930963933467865,0.34,1,1,785,FP32-token-IDs
ClinicalBERT,17a4w6o,605,111,119,.,.,False,anger,-0.002859677912460433,0.002859677912460433,0.41402390599250793,0.18097521364688873,0.34,0,0,785,FP32-token-IDs
ClinicalBERT,17a4w6o,605,111,119,.,.,False,brain dysfunction (forget),-0.002314960646132628,0.002314960646132628,0.31157273054122925,0.45578429102897644,0.34,1,1,785,FP32-token-IDs
ClinicalBERT,17a4w6o,605,111,119,.,.,False,emptiness,0.0016396101978090074,0.0016396101978090074,0.2357300966978073,0.976031482219696,0.34,1,1,785,FP32-token-IDs
ClinicalBERT,17a4w6o,605,111,119,.,.,False,hopelessness,0.0007812616725762684,0.0007812616725762684,0.43375319242477417,0.9784163236618042,0.34,1,1,785,FP32-token-IDs
ClinicalBERT,17a4w6o,605,111,119,.,.,False,loneliness,0.0027410130016505716,0.0027410130016505716,0.28072866797447205,0.9781886339187622,0.34,1,1,785,FP32-token-IDs
ClinicalBERT,17a4w6o,605,111,119,.,.,False,sadness,0.0017079231846663686,0.0017079231846663686,0.3921002149581909,0.9497569799423218,0.34,1,1,785,FP32-token-IDs
ClinicalBERT,17a4w6o,605,111,119,.,.,False,suicide intent,-0.0016075818592475519,0.0016075818592475519,0.18813656270503998,0.7636293768882751,0.34,0,1,785,FP32-token-IDs
ClinicalBERT,17a4w6o,605,111,119,.,.,False,worthlessness,-0.000454206226600541,0.000454206226600541,0.37861868739128113,0.930963933467865,0.34,1,1,785,FP32-token-IDs
ClinicalBERT,17a4w6o,605,112,2654,maybe,maybe,False,anger,-0.0013751723907060092,0.0013751723907060092,0.41402390599250793,0.18097521364688873,0.34,0,0,785,FP32-token-IDs
ClinicalBERT,17a4w6o,605,112,2654,maybe,maybe,False,brain dysfunction (forget),-0.002528740688123637,0.002528740688123637,0.31157273054122925,0.45578429102897644,0.34,1,1,785,FP32-token-IDs
ClinicalBERT,17a4w6o,605,112,2654,maybe,maybe,False,emptiness,0.0021434285057087736,0.0021434285057087736,0.2357300966978073,0.976031482219696,0.34,1,1,785,FP32-token-IDs
ClinicalBERT,17a4w6o,605,112,2654,maybe,maybe,False,hopelessness,0.0018939472114046414,0.0018939472114046414,0.43375319242477417,0.9784163236618042,0.34,1,1,785,FP32-token-IDs
ClinicalBERT,17a4w6o,605,112,2654,maybe,maybe,False,loneliness,0.0024488460169070298,0.0024488460169070298,0.28072866797447205,0.9781886339187622,0.34,1,1,785,FP32-token-IDs
ClinicalBERT,17a4w6o,605,112,2654,maybe,maybe,False,sadness,0.0027529206903030476,0.0027529206903030476,0.3921002149581909,0.9497569799423218,0.34,1,1,785,FP32-token-IDs
ClinicalBERT,17a4w6o,605,112,2654,maybe,maybe,False,suicide intent,0.00396871959997548,0.00396871959997548,0.18813656270503998,0.7636293768882751,0.34,0,1,785,FP32-token-IDs
ClinicalBERT,17a4w6o,605,112,2654,maybe,maybe,False,worthlessness,0.001249467669468787,0.001249467669468787,0.37861868739128113,0.930963933467865,0.34,1,1,785,FP32-token-IDs
ClinicalBERT,17a4w6o,605,113,1397,next,next,False,anger,-0.0013751723907060092,0.0013751723907060092,0.41402390599250793,0.18097521364688873,0.34,0,0,785,FP32-token-IDs
ClinicalBERT,17a4w6o,605,113,1397,next,next,False,brain dysfunction (forget),-0.002528740688123637,0.002528740688123637,0.31157273054122925,0.45578429102897644,0.34,1,1,785,FP32-token-IDs
ClinicalBERT,17a4w6o,605,113,1397,next,next,False,emptiness,0.0021434285057087736,0.0021434285057087736,0.2357300966978073,0.976031482219696,0.34,1,1,785,FP32-token-IDs
ClinicalBERT,17a4w6o,605,113,1397,next,next,False,hopelessness,0.0018939472114046414,0.0018939472114046414,0.43375319242477417,0.9784163236618042,0.34,1,1,785,FP32-token-IDs
ClinicalBERT,17a4w6o,605,113,1397,next,next,False,loneliness,0.0024488460169070298,0.0024488460169070298,0.28072866797447205,0.9781886339187622,0.34,1,1,785,FP32-token-IDs
ClinicalBERT,17a4w6o,605,113,1397,next,next,False,sadness,0.0027529206903030476,0.0027529206903030476,0.3921002149581909,0.9497569799423218,0.34,1,1,785,FP32-token-IDs
ClinicalBERT,17a4w6o,605,113,1397,next,next,False,suicide intent,0.00396871959997548,0.00396871959997548,0.18813656270503998,0.7636293768882751,0.34,0,1,785,FP32-token-IDs
ClinicalBERT,17a4w6o,605,113,1397,next,next,False,worthlessness,0.001249467669468787,0.001249467669468787,0.37861868739128113,0.930963933467865,0.34,1,1,785,FP32-token-IDs
ClinicalBERT,17a4w6o,605,114,1297,life,life,False,anger,-0.0013751723907060092,0.0013751723907060092,0.41402390599250793,0.18097521364688873,0.34,0,0,785,FP32-token-IDs
ClinicalBERT,17a4w6o,605,114,1297,life,life,False,brain dysfunction (forget),-0.002528740688123637,0.002528740688123637,0.31157273054122925,0.45578429102897644,0.34,1,1,785,FP32-token-IDs
ClinicalBERT,17a4w6o,605,114,1297,life,life,False,emptiness,0.0021434285057087736,0.0021434285057087736,0.2357300966978073,0.976031482219696,0.34,1,1,785,FP32-token-IDs
ClinicalBERT,17a4w6o,605,114,1297,life,life,False,hopelessness,0.0018939472114046414,0.0018939472114046414,0.43375319242477417,0.9784163236618042,0.34,1,1,785,FP32-token-IDs
ClinicalBERT,17a4w6o,605,114,1297,life,life,False,loneliness,0.0024488460169070298,0.0024488460169070298,0.28072866797447205,0.9781886339187622,0.34,1,1,785,FP32-token-IDs
ClinicalBERT,17a4w6o,605,114,1297,life,life,False,sadness,0.0027529206903030476,0.0027529206903030476,0.3921002149581909,0.9497569799423218,0.34,1,1,785,FP32-token-IDs
ClinicalBERT,17a4w6o,605,114,1297,life,life,False,suicide intent,0.00396871959997548,0.00396871959997548,0.18813656270503998,0.7636293768882751,0.34,0,1,785,FP32-token-IDs
ClinicalBERT,17a4w6o,605,114,1297,life,life,False,worthlessness,0.001249467669468787,0.001249467669468787,0.37861868739128113,0.930963933467865,0.34,1,1,785,FP32-token-IDs
ClinicalBERT,17a4w6o,605,115,1209,will,will,False,anger,-0.0013751723907060092,0.0013751723907060092,0.41402390599250793,0.18097521364688873,0.34,0,0,785,FP32-token-IDs
ClinicalBERT,17a4w6o,605,115,1209,will,will,False,brain dysfunction (forget),-0.002528740688123637,0.002528740688123637,0.31157273054122925,0.45578429102897644,0.34,1,1,785,FP32-token-IDs
ClinicalBERT,17a4w6o,605,115,1209,will,will,False,emptiness,0.0021434285057087736,0.0021434285057087736,0.2357300966978073,0.976031482219696,0.34,1,1,785,FP32-token-IDs
ClinicalBERT,17a4w6o,605,115,1209,will,will,False,hopelessness,0.0018939472114046414,0.0018939472114046414,0.43375319242477417,0.9784163236618042,0.34,1,1,785,FP32-token-IDs
ClinicalBERT,17a4w6o,605,115,1209,will,will,False,loneliness,0.0024488460169070298,0.0024488460169070298,0.28072866797447205,0.9781886339187622,0.34,1,1,785,FP32-token-IDs
ClinicalBERT,17a4w6o,605,115,1209,will,will,False,sadness,0.0027529206903030476,0.0027529206903030476,0.3921002149581909,0.9497569799423218,0.34,1,1,785,FP32-token-IDs
ClinicalBERT,17a4w6o,605,115,1209,will,will,False,suicide intent,0.00396871959997548,0.00396871959997548,0.18813656270503998,0.7636293768882751,0.34,0,1,785,FP32-token-IDs
ClinicalBERT,17a4w6o,605,115,1209,will,will,False,worthlessness,0.001249467669468787,0.001249467669468787,0.37861868739128113,0.930963933467865,0.34,1,1,785,FP32-token-IDs
ClinicalBERT,17a4w6o,605,116,1129,be,be,False,anger,-0.0015481609023279615,0.0015481609023279615,0.41402390599250793,0.18097521364688873,0.34,0,0,785,FP32-token-IDs
ClinicalBERT,17a4w6o,605,116,1129,be,be,False,brain dysfunction (forget),-0.0024806103565626673,0.0024806103565626673,0.31157273054122925,0.45578429102897644,0.34,1,1,785,FP32-token-IDs
ClinicalBERT,17a4w6o,605,116,1129,be,be,False,emptiness,0.0020148172353704774,0.0020148172353704774,0.2357300966978073,0.976031482219696,0.34,1,1,785,FP32-token-IDs
ClinicalBERT,17a4w6o,605,116,1129,be,be,False,hopelessness,0.0018139993151028953,0.0018139993151028953,0.43375319242477417,0.9784163236618042,0.34,1,1,785,FP32-token-IDs
ClinicalBERT,17a4w6o,605,116,1129,be,be,False,loneliness,0.00229090451159411,0.00229090451159411,0.28072866797447205,0.9781886339187622,0.34,1,1,785,FP32-token-IDs
ClinicalBERT,17a4w6o,605,116,1129,be,be,False,sadness,0.002661876318355401,0.002661876318355401,0.3921002149581909,0.9497569799423218,0.34,1,1,785,FP32-token-IDs
ClinicalBERT,17a4w6o,605,116,1129,be,be,False,suicide intent,0.0034090345001055134,0.0034090345001055134,0.18813656270503998,0.7636293768882751,0.34,0,1,785,FP32-token-IDs
ClinicalBERT,17a4w6o,605,116,1129,be,be,False,worthlessness,0.001107324328687456,0.001107324328687456,0.37861868739128113,0.930963933467865,0.34,1,1,785,FP32-token-IDs
ClinicalBERT,17a4w6o,605,117,170,a,a,False,anger,-0.0015481609023279615,0.0015481609023279615,0.41402390599250793,0.18097521364688873,0.34,0,0,785,FP32-token-IDs
ClinicalBERT,17a4w6o,605,117,170,a,a,False,brain dysfunction (forget),-0.0024806103565626673,0.0024806103565626673,0.31157273054122925,0.45578429102897644,0.34,1,1,785,FP32-token-IDs
ClinicalBERT,17a4w6o,605,117,170,a,a,False,emptiness,0.0020148172353704774,0.0020148172353704774,0.2357300966978073,0.976031482219696,0.34,1,1,785,FP32-token-IDs
ClinicalBERT,17a4w6o,605,117,170,a,a,False,hopelessness,0.0018139993151028953,0.0018139993151028953,0.43375319242477417,0.9784163236618042,0.34,1,1,785,FP32-token-IDs
ClinicalBERT,17a4w6o,605,117,170,a,a,False,loneliness,0.00229090451159411,0.00229090451159411,0.28072866797447205,0.9781886339187622,0.34,1,1,785,FP32-token-IDs
ClinicalBERT,17a4w6o,605,117,170,a,a,False,sadness,0.002661876318355401,0.002661876318355401,0.3921002149581909,0.9497569799423218,0.34,1,1,785,FP32-token-IDs
ClinicalBERT,17a4w6o,605,117,170,a,a,False,suicide intent,0.0034090345001055134,0.0034090345001055134,0.18813656270503998,0.7636293768882751,0.34,0,1,785,FP32-token-IDs
ClinicalBERT,17a4w6o,605,117,170,a,a,False,worthlessness,0.001107324328687456,0.001107324328687456,0.37861868739128113,0.930963933467865,0.34,1,1,785,FP32-token-IDs
ClinicalBERT,17a4w6o,605,118,1618,better,better,False,anger,-0.0015481609023279615,0.0015481609023279615,0.41402390599250793,0.18097521364688873,0.34,0,0,785,FP32-token-IDs
ClinicalBERT,17a4w6o,605,118,1618,better,better,False,brain dysfunction (forget),-0.0024806103565626673,0.0024806103565626673,0.31157273054122925,0.45578429102897644,0.34,1,1,785,FP32-token-IDs
ClinicalBERT,17a4w6o,605,118,1618,better,better,False,emptiness,0.0020148172353704774,0.0020148172353704774,0.2357300966978073,0.976031482219696,0.34,1,1,785,FP32-token-IDs
ClinicalBERT,17a4w6o,605,118,1618,better,better,False,hopelessness,0.0018139993151028953,0.0018139993151028953,0.43375319242477417,0.9784163236618042,0.34,1,1,785,FP32-token-IDs
ClinicalBERT,17a4w6o,605,118,1618,better,better,False,loneliness,0.00229090451159411,0.00229090451159411,0.28072866797447205,0.9781886339187622,0.34,1,1,785,FP32-token-IDs
ClinicalBERT,17a4w6o,605,118,1618,better,better,False,sadness,0.002661876318355401,0.002661876318355401,0.3921002149581909,0.9497569799423218,0.34,1,1,785,FP32-token-IDs
ClinicalBERT,17a4w6o,605,118,1618,better,better,False,suicide intent,0.0034090345001055134,0.0034090345001055134,0.18813656270503998,0.7636293768882751,0.34,0,1,785,FP32-token-IDs
ClinicalBERT,17a4w6o,605,118,1618,better,better,False,worthlessness,0.001107324328687456,0.001107324328687456,0.37861868739128113,0.930963933467865,0.34,1,1,785,FP32-token-IDs
ClinicalBERT,17a4w6o,605,119,1297,life,life,False,anger,-0.0015481609023279615,0.0015481609023279615,0.41402390599250793,0.18097521364688873,0.34,0,0,785,FP32-token-IDs
ClinicalBERT,17a4w6o,605,119,1297,life,life,False,brain dysfunction (forget),-0.0024806103565626673,0.0024806103565626673,0.31157273054122925,0.45578429102897644,0.34,1,1,785,FP32-token-IDs
ClinicalBERT,17a4w6o,605,119,1297,life,life,False,emptiness,0.0020148172353704774,0.0020148172353704774,0.2357300966978073,0.976031482219696,0.34,1,1,785,FP32-token-IDs
ClinicalBERT,17a4w6o,605,119,1297,life,life,False,hopelessness,0.0018139993151028953,0.0018139993151028953,0.43375319242477417,0.9784163236618042,0.34,1,1,785,FP32-token-IDs
ClinicalBERT,17a4w6o,605,119,1297,life,life,False,loneliness,0.00229090451159411,0.00229090451159411,0.28072866797447205,0.9781886339187622,0.34,1,1,785,FP32-token-IDs
ClinicalBERT,17a4w6o,605,119,1297,life,life,False,sadness,0.002661876318355401,0.002661876318355401,0.3921002149581909,0.9497569799423218,0.34,1,1,785,FP32-token-IDs
ClinicalBERT,17a4w6o,605,119,1297,life,life,False,suicide intent,0.0034090345001055134,0.0034090345001055134,0.18813656270503998,0.7636293768882751,0.34,0,1,785,FP32-token-IDs
ClinicalBERT,17a4w6o,605,119,1297,life,life,False,worthlessness,0.001107324328687456,0.001107324328687456,0.37861868739128113,0.930963933467865,0.34,1,1,785,FP32-token-IDs
ClinicalBERT,17a4w6o,605,120,119,.,.,False,anger,-0.0015481609023279615,0.0015481609023279615,0.41402390599250793,0.18097521364688873,0.34,0,0,785,FP32-token-IDs
ClinicalBERT,17a4w6o,605,120,119,.,.,False,brain dysfunction (forget),-0.0024806103565626673,0.0024806103565626673,0.31157273054122925,0.45578429102897644,0.34,1,1,785,FP32-token-IDs
ClinicalBERT,17a4w6o,605,120,119,.,.,False,emptiness,0.0020148172353704774,0.0020148172353704774,0.2357300966978073,0.976031482219696,0.34,1,1,785,FP32-token-IDs
ClinicalBERT,17a4w6o,605,120,119,.,.,False,hopelessness,0.0018139993151028953,0.0018139993151028953,0.43375319242477417,0.9784163236618042,0.34,1,1,785,FP32-token-IDs
ClinicalBERT,17a4w6o,605,120,119,.,.,False,loneliness,0.00229090451159411,0.00229090451159411,0.28072866797447205,0.9781886339187622,0.34,1,1,785,FP32-token-IDs
ClinicalBERT,17a4w6o,605,120,119,.,.,False,sadness,0.002661876318355401,0.002661876318355401,0.3921002149581909,0.9497569799423218,0.34,1,1,785,FP32-token-IDs
ClinicalBERT,17a4w6o,605,120,119,.,.,False,suicide intent,0.0034090345001055134,0.0034090345001055134,0.18813656270503998,0.7636293768882751,0.34,0,1,785,FP32-token-IDs
ClinicalBERT,17a4w6o,605,120,119,.,.,False,worthlessness,0.001107324328687456,0.001107324328687456,0.37861868739128113,0.930963933467865,0.34,1,1,785,FP32-token-IDs
ClinicalBERT,17a4w6o,605,121,178,i,i,False,anger,-0.0021849383600056173,0.0021849383600056173,0.41402390599250793,0.18097521364688873,0.34,0,0,785,FP32-token-IDs
ClinicalBERT,17a4w6o,605,121,178,i,i,False,brain dysfunction (forget),-0.0005164163808027904,0.0005164163808027904,0.31157273054122925,0.45578429102897644,0.34,1,1,785,FP32-token-IDs
ClinicalBERT,17a4w6o,605,121,178,i,i,False,emptiness,0.0034611603400359556,0.0034611603400359556,0.2357300966978073,0.976031482219696,0.34,1,1,785,FP32-token-IDs
ClinicalBERT,17a4w6o,605,121,178,i,i,False,hopelessness,0.0015068153229852517,0.0015068153229852517,0.43375319242477417,0.9784163236618042,0.34,1,1,785,FP32-token-IDs
ClinicalBERT,17a4w6o,605,121,178,i,i,False,loneliness,0.004256067036961516,0.004256067036961516,0.28072866797447205,0.9781886339187622,0.34,1,1,785,FP32-token-IDs
ClinicalBERT,17a4w6o,605,121,178,i,i,False,sadness,0.00163596011698246,0.00163596011698246,0.3921002149581909,0.9497569799423218,0.34,1,1,785,FP32-token-IDs
ClinicalBERT,17a4w6o,605,121,178,i,i,False,suicide intent,0.0004379796329885721,0.0004379796329885721,0.18813656270503998,0.7636293768882751,0.34,0,1,785,FP32-token-IDs
ClinicalBERT,17a4w6o,605,121,178,i,i,False,worthlessness,0.000642445000509421,0.000642445000509421,0.37861868739128113,0.930963933467865,0.34,1,1,785,FP32-token-IDs
ClinicalBERT,17a4w6o,605,122,5529,miss,miss,False,anger,-0.0021849383600056173,0.0021849383600056173,0.41402390599250793,0.18097521364688873,0.34,0,0,785,FP32-token-IDs
ClinicalBERT,17a4w6o,605,122,5529,miss,miss,False,brain dysfunction (forget),-0.0005164163808027904,0.0005164163808027904,0.31157273054122925,0.45578429102897644,0.34,1,1,785,FP32-token-IDs
ClinicalBERT,17a4w6o,605,122,5529,miss,miss,False,emptiness,0.0034611603400359556,0.0034611603400359556,0.2357300966978073,0.976031482219696,0.34,1,1,785,FP32-token-IDs
ClinicalBERT,17a4w6o,605,122,5529,miss,miss,False,hopelessness,0.0015068153229852517,0.0015068153229852517,0.43375319242477417,0.9784163236618042,0.34,1,1,785,FP32-token-IDs
ClinicalBERT,17a4w6o,605,122,5529,miss,miss,False,loneliness,0.004256067036961516,0.004256067036961516,0.28072866797447205,0.9781886339187622,0.34,1,1,785,FP32-token-IDs
ClinicalBERT,17a4w6o,605,122,5529,miss,miss,False,sadness,0.00163596011698246,0.00163596011698246,0.3921002149581909,0.9497569799423218,0.34,1,1,785,FP32-token-IDs
ClinicalBERT,17a4w6o,605,122,5529,miss,miss,False,suicide intent,0.0004379796329885721,0.0004379796329885721,0.18813656270503998,0.7636293768882751,0.34,0,1,785,FP32-token-IDs
ClinicalBERT,17a4w6o,605,122,5529,miss,miss,False,worthlessness,0.000642445000509421,0.000642445000509421,0.37861868739128113,0.930963933467865,0.34,1,1,785,FP32-token-IDs
ClinicalBERT,17a4w6o,605,123,1139,my,my,False,anger,-0.002184938360005617,0.002184938360005617,0.41402390599250793,0.18097521364688873,0.34,0,0,785,FP32-token-IDs
ClinicalBERT,17a4w6o,605,123,1139,my,my,False,brain dysfunction (forget),-0.0005164163808027904,0.0005164163808027904,0.31157273054122925,0.45578429102897644,0.34,1,1,785,FP32-token-IDs
ClinicalBERT,17a4w6o,605,123,1139,my,my,False,emptiness,0.0034611603400359556,0.0034611603400359556,0.2357300966978073,0.976031482219696,0.34,1,1,785,FP32-token-IDs
ClinicalBERT,17a4w6o,605,123,1139,my,my,False,hopelessness,0.001506815322985252,0.001506815322985252,0.43375319242477417,0.9784163236618042,0.34,1,1,785,FP32-token-IDs
ClinicalBERT,17a4w6o,605,123,1139,my,my,False,loneliness,0.004256067036961516,0.004256067036961516,0.28072866797447205,0.9781886339187622,0.34,1,1,785,FP32-token-IDs
ClinicalBERT,17a4w6o,605,123,1139,my,my,False,sadness,0.00163596011698246,0.00163596011698246,0.3921002149581909,0.9497569799423218,0.34,1,1,785,FP32-token-IDs
ClinicalBERT,17a4w6o,605,123,1139,my,my,False,suicide intent,0.0004379796329885721,0.0004379796329885721,0.18813656270503998,0.7636293768882751,0.34,0,1,785,FP32-token-IDs
ClinicalBERT,17a4w6o,605,123,1139,my,my,False,worthlessness,0.000642445000509421,0.000642445000509421,0.37861868739128113,0.930963933467865,0.34,1,1,785,FP32-token-IDs
ClinicalBERT,17a4w6o,605,124,3247,younger,younger,False,anger,-0.002184938360005617,0.002184938360005617,0.41402390599250793,0.18097521364688873,0.34,0,0,785,FP32-token-IDs
ClinicalBERT,17a4w6o,605,124,3247,younger,younger,False,brain dysfunction (forget),-0.0005164163808027904,0.0005164163808027904,0.31157273054122925,0.45578429102897644,0.34,1,1,785,FP32-token-IDs
ClinicalBERT,17a4w6o,605,124,3247,younger,younger,False,emptiness,0.0034611603400359556,0.0034611603400359556,0.2357300966978073,0.976031482219696,0.34,1,1,785,FP32-token-IDs
ClinicalBERT,17a4w6o,605,124,3247,younger,younger,False,hopelessness,0.001506815322985252,0.001506815322985252,0.43375319242477417,0.9784163236618042,0.34,1,1,785,FP32-token-IDs
ClinicalBERT,17a4w6o,605,124,3247,younger,younger,False,loneliness,0.004256067036961516,0.004256067036961516,0.28072866797447205,0.9781886339187622,0.34,1,1,785,FP32-token-IDs
ClinicalBERT,17a4w6o,605,124,3247,younger,younger,False,sadness,0.00163596011698246,0.00163596011698246,0.3921002149581909,0.9497569799423218,0.34,1,1,785,FP32-token-IDs
ClinicalBERT,17a4w6o,605,124,3247,younger,younger,False,suicide intent,0.0004379796329885721,0.0004379796329885721,0.18813656270503998,0.7636293768882751,0.34,0,1,785,FP32-token-IDs
ClinicalBERT,17a4w6o,605,124,3247,younger,younger,False,worthlessness,0.000642445000509421,0.000642445000509421,0.37861868739128113,0.930963933467865,0.34,1,1,785,FP32-token-IDs
ClinicalBERT,17a4w6o,605,125,2191,self,self,False,anger,-0.002184938360005617,0.002184938360005617,0.41402390599250793,0.18097521364688873,0.34,0,0,785,FP32-token-IDs
ClinicalBERT,17a4w6o,605,125,2191,self,self,False,brain dysfunction (forget),-0.0005164163808027904,0.0005164163808027904,0.31157273054122925,0.45578429102897644,0.34,1,1,785,FP32-token-IDs
ClinicalBERT,17a4w6o,605,125,2191,self,self,False,emptiness,0.0034611603400359556,0.0034611603400359556,0.2357300966978073,0.976031482219696,0.34,1,1,785,FP32-token-IDs
ClinicalBERT,17a4w6o,605,125,2191,self,self,False,hopelessness,0.001506815322985252,0.001506815322985252,0.43375319242477417,0.9784163236618042,0.34,1,1,785,FP32-token-IDs
ClinicalBERT,17a4w6o,605,125,2191,self,self,False,loneliness,0.004256067036961516,0.004256067036961516,0.28072866797447205,0.9781886339187622,0.34,1,1,785,FP32-token-IDs
ClinicalBERT,17a4w6o,605,125,2191,self,self,False,sadness,0.00163596011698246,0.00163596011698246,0.3921002149581909,0.9497569799423218,0.34,1,1,785,FP32-token-IDs
ClinicalBERT,17a4w6o,605,125,2191,self,self,False,suicide intent,0.0004379796329885721,0.0004379796329885721,0.18813656270503998,0.7636293768882751,0.34,0,1,785,FP32-token-IDs
ClinicalBERT,17a4w6o,605,125,2191,self,self,False,worthlessness,0.000642445000509421,0.000642445000509421,0.37861868739128113,0.930963933467865,0.34,1,1,785,FP32-token-IDs
ClinicalBERT,17a4w6o,605,126,117,",",",",False,anger,-0.001955640036612749,0.001955640036612749,0.41402390599250793,0.18097521364688873,0.34,0,0,785,FP32-token-IDs
ClinicalBERT,17a4w6o,605,126,117,",",",",False,brain dysfunction (forget),-0.0030990910405913987,0.0030990910405913987,0.31157273054122925,0.45578429102897644,0.34,1,1,785,FP32-token-IDs
ClinicalBERT,17a4w6o,605,126,117,",",",",False,emptiness,0.004792449452603856,0.004792449452603856,0.2357300966978073,0.976031482219696,0.34,1,1,785,FP32-token-IDs
ClinicalBERT,17a4w6o,605,126,117,",",",",False,hopelessness,0.00223810210203131,0.00223810210203131,0.43375319242477417,0.9784163236618042,0.34,1,1,785,FP32-token-IDs
ClinicalBERT,17a4w6o,605,126,117,",",",",False,loneliness,0.00596380753753086,0.00596380753753086,0.28072866797447205,0.9781886339187622,0.34,1,1,785,FP32-token-IDs
ClinicalBERT,17a4w6o,605,126,117,",",",",False,sadness,0.0024830326437950134,0.0024830326437950134,0.3921002149581909,0.9497569799423218,0.34,1,1,785,FP32-token-IDs
ClinicalBERT,17a4w6o,605,126,117,",",",",False,suicide intent,-0.0028632504399865866,0.0028632504399865866,0.18813656270503998,0.7636293768882751,0.34,0,1,785,FP32-token-IDs
ClinicalBERT,17a4w6o,605,126,117,",",",",False,worthlessness,0.002234615075091521,0.002234615075091521,0.37861868739128113,0.930963933467865,0.34,1,1,785,FP32-token-IDs
ClinicalBERT,17a4w6o,605,127,1554,full,full,False,anger,-0.004234769847244024,0.004234769847244024,0.41402390599250793,0.18097521364688873,0.34,0,0,785,FP32-token-IDs
ClinicalBERT,17a4w6o,605,127,1554,full,full,False,brain dysfunction (forget),-0.0026337620802223682,0.0026337620802223682,0.31157273054122925,0.45578429102897644,0.34,1,1,785,FP32-token-IDs
ClinicalBERT,17a4w6o,605,127,1554,full,full,False,emptiness,0.003993417524422209,0.003993417524422209,0.2357300966978073,0.976031482219696,0.34,1,1,785,FP32-token-IDs
ClinicalBERT,17a4w6o,605,127,1554,full,full,False,hopelessness,0.0026729117768506208,0.0026729117768506208,0.43375319242477417,0.9784163236618042,0.34,1,1,785,FP32-token-IDs
ClinicalBERT,17a4w6o,605,127,1554,full,full,False,loneliness,0.0038547463870296874,0.0038547463870296874,0.28072866797447205,0.9781886339187622,0.34,1,1,785,FP32-token-IDs
ClinicalBERT,17a4w6o,605,127,1554,full,full,False,sadness,0.0031996102382739386,0.0031996102382739386,0.3921002149581909,0.9497569799423218,0.34,1,1,785,FP32-token-IDs
ClinicalBERT,17a4w6o,605,127,1554,full,full,False,suicide intent,-0.0014169196753452222,0.0014169196753452222,0.18813656270503998,0.7636293768882751,0.34,0,1,785,FP32-token-IDs
ClinicalBERT,17a4w6o,605,127,1554,full,full,False,worthlessness,0.002690308727324009,0.002690308727324009,0.37861868739128113,0.930963933467865,0.34,1,1,785,FP32-token-IDs
ClinicalBERT,17a4w6o,605,128,1104,of,of,False,anger,-0.004234769847244024,0.004234769847244024,0.41402390599250793,0.18097521364688873,0.34,0,0,785,FP32-token-IDs
ClinicalBERT,17a4w6o,605,128,1104,of,of,False,brain dysfunction (forget),-0.0026337620802223682,0.0026337620802223682,0.31157273054122925,0.45578429102897644,0.34,1,1,785,FP32-token-IDs
ClinicalBERT,17a4w6o,605,128,1104,of,of,False,emptiness,0.003993417524422209,0.003993417524422209,0.2357300966978073,0.976031482219696,0.34,1,1,785,FP32-token-IDs
ClinicalBERT,17a4w6o,605,128,1104,of,of,False,hopelessness,0.0026729117768506208,0.0026729117768506208,0.43375319242477417,0.9784163236618042,0.34,1,1,785,FP32-token-IDs
ClinicalBERT,17a4w6o,605,128,1104,of,of,False,loneliness,0.0038547463870296874,0.0038547463870296874,0.28072866797447205,0.9781886339187622,0.34,1,1,785,FP32-token-IDs
ClinicalBERT,17a4w6o,605,128,1104,of,of,False,sadness,0.0031996102382739386,0.0031996102382739386,0.3921002149581909,0.9497569799423218,0.34,1,1,785,FP32-token-IDs
ClinicalBERT,17a4w6o,605,128,1104,of,of,False,suicide intent,-0.0014169196753452222,0.0014169196753452222,0.18813656270503998,0.7636293768882751,0.34,0,1,785,FP32-token-IDs
ClinicalBERT,17a4w6o,605,128,1104,of,of,False,worthlessness,0.002690308727324009,0.002690308727324009,0.37861868739128113,0.930963933467865,0.34,1,1,785,FP32-token-IDs
ClinicalBERT,17a4w6o,605,129,1297,life,life,False,anger,-0.004234769847244024,0.004234769847244024,0.41402390599250793,0.18097521364688873,0.34,0,0,785,FP32-token-IDs
ClinicalBERT,17a4w6o,605,129,1297,life,life,False,brain dysfunction (forget),-0.0026337620802223682,0.0026337620802223682,0.31157273054122925,0.45578429102897644,0.34,1,1,785,FP32-token-IDs
ClinicalBERT,17a4w6o,605,129,1297,life,life,False,emptiness,0.003993417524422209,0.003993417524422209,0.2357300966978073,0.976031482219696,0.34,1,1,785,FP32-token-IDs
ClinicalBERT,17a4w6o,605,129,1297,life,life,False,hopelessness,0.0026729117768506208,0.0026729117768506208,0.43375319242477417,0.9784163236618042,0.34,1,1,785,FP32-token-IDs
ClinicalBERT,17a4w6o,605,129,1297,life,life,False,loneliness,0.0038547463870296874,0.0038547463870296874,0.28072866797447205,0.9781886339187622,0.34,1,1,785,FP32-token-IDs
ClinicalBERT,17a4w6o,605,129,1297,life,life,False,sadness,0.0031996102382739386,0.0031996102382739386,0.3921002149581909,0.9497569799423218,0.34,1,1,785,FP32-token-IDs
ClinicalBERT,17a4w6o,605,129,1297,life,life,False,suicide intent,-0.0014169196753452222,0.0014169196753452222,0.18813656270503998,0.7636293768882751,0.34,0,1,785,FP32-token-IDs
ClinicalBERT,17a4w6o,605,129,1297,life,life,False,worthlessness,0.002690308727324009,0.002690308727324009,0.37861868739128113,0.930963933467865,0.34,1,1,785,FP32-token-IDs
ClinicalBERT,17a4w6o,605,130,1105,and,and,False,anger,-0.004070801194757223,0.004070801194757223,0.41402390599250793,0.18097521364688873,0.34,0,0,785,FP32-token-IDs
ClinicalBERT,17a4w6o,605,130,1105,and,and,False,brain dysfunction (forget),-0.002563942689448595,0.002563942689448595,0.31157273054122925,0.45578429102897644,0.34,1,1,785,FP32-token-IDs
ClinicalBERT,17a4w6o,605,130,1105,and,and,False,emptiness,0.003619909364109238,0.003619909364109238,0.2357300966978073,0.976031482219696,0.34,1,1,785,FP32-token-IDs
ClinicalBERT,17a4w6o,605,130,1105,and,and,False,hopelessness,0.002617436616371075,0.002617436616371075,0.43375319242477417,0.9784163236618042,0.34,1,1,785,FP32-token-IDs
ClinicalBERT,17a4w6o,605,130,1105,and,and,False,loneliness,0.0034446074472119412,0.0034446074472119412,0.28072866797447205,0.9781886339187622,0.34,1,1,785,FP32-token-IDs
ClinicalBERT,17a4w6o,605,130,1105,and,and,False,sadness,0.002988602345188459,0.002988602345188459,0.3921002149581909,0.9497569799423218,0.34,1,1,785,FP32-token-IDs
ClinicalBERT,17a4w6o,605,130,1105,and,and,False,suicide intent,-0.002963950469469031,0.002963950469469031,0.18813656270503998,0.7636293768882751,0.34,0,1,785,FP32-token-IDs
ClinicalBERT,17a4w6o,605,130,1105,and,and,False,worthlessness,0.0025298319136102996,0.0025298319136102996,0.37861868739128113,0.930963933467865,0.34,1,1,785,FP32-token-IDs
ClinicalBERT,17a4w6o,605,131,19034,ambition,ambition,False,anger,-0.004070801194757223,0.004070801194757223,0.41402390599250793,0.18097521364688873,0.34,0,0,785,FP32-token-IDs
ClinicalBERT,17a4w6o,605,131,19034,ambition,ambition,False,brain dysfunction (forget),-0.002563942689448595,0.002563942689448595,0.31157273054122925,0.45578429102897644,0.34,1,1,785,FP32-token-IDs
ClinicalBERT,17a4w6o,605,131,19034,ambition,ambition,False,emptiness,0.003619909364109238,0.003619909364109238,0.2357300966978073,0.976031482219696,0.34,1,1,785,FP32-token-IDs
ClinicalBERT,17a4w6o,605,131,19034,ambition,ambition,False,hopelessness,0.002617436616371075,0.002617436616371075,0.43375319242477417,0.9784163236618042,0.34,1,1,785,FP32-token-IDs
ClinicalBERT,17a4w6o,605,131,19034,ambition,ambition,False,loneliness,0.0034446074472119412,0.0034446074472119412,0.28072866797447205,0.9781886339187622,0.34,1,1,785,FP32-token-IDs
ClinicalBERT,17a4w6o,605,131,19034,ambition,ambition,False,sadness,0.002988602345188459,0.002988602345188459,0.3921002149581909,0.9497569799423218,0.34,1,1,785,FP32-token-IDs
ClinicalBERT,17a4w6o,605,131,19034,ambition,ambition,False,suicide intent,-0.002963950469469031,0.002963950469469031,0.18813656270503998,0.7636293768882751,0.34,0,1,785,FP32-token-IDs
ClinicalBERT,17a4w6o,605,131,19034,ambition,ambition,False,worthlessness,0.0025298319136102996,0.0025298319136102996,0.37861868739128113,0.930963933467865,0.34,1,1,785,FP32-token-IDs
ClinicalBERT,17a4w6o,605,132,119,.,.,False,anger,-0.004070801194757223,0.004070801194757223,0.41402390599250793,0.18097521364688873,0.34,0,0,785,FP32-token-IDs
ClinicalBERT,17a4w6o,605,132,119,.,.,False,brain dysfunction (forget),-0.002563942689448595,0.002563942689448595,0.31157273054122925,0.45578429102897644,0.34,1,1,785,FP32-token-IDs
ClinicalBERT,17a4w6o,605,132,119,.,.,False,emptiness,0.003619909364109238,0.003619909364109238,0.2357300966978073,0.976031482219696,0.34,1,1,785,FP32-token-IDs
ClinicalBERT,17a4w6o,605,132,119,.,.,False,hopelessness,0.002617436616371075,0.002617436616371075,0.43375319242477417,0.9784163236618042,0.34,1,1,785,FP32-token-IDs
ClinicalBERT,17a4w6o,605,132,119,.,.,False,loneliness,0.0034446074472119412,0.0034446074472119412,0.28072866797447205,0.9781886339187622,0.34,1,1,785,FP32-token-IDs
ClinicalBERT,17a4w6o,605,132,119,.,.,False,sadness,0.002988602345188459,0.002988602345188459,0.3921002149581909,0.9497569799423218,0.34,1,1,785,FP32-token-IDs
ClinicalBERT,17a4w6o,605,132,119,.,.,False,suicide intent,-0.002963950469469031,0.002963950469469031,0.18813656270503998,0.7636293768882751,0.34,0,1,785,FP32-token-IDs
ClinicalBERT,17a4w6o,605,132,119,.,.,False,worthlessness,0.0025298319136102996,0.0025298319136102996,0.37861868739128113,0.930963933467865,0.34,1,1,785,FP32-token-IDs
ClinicalBERT,17a4w6o,605,133,178,i,i,False,anger,0.0015710468403995037,0.0015710468403995037,0.41402390599250793,0.18097521364688873,0.34,0,0,785,FP32-token-IDs
ClinicalBERT,17a4w6o,605,133,178,i,i,False,brain dysfunction (forget),-0.00021949661895632745,0.00021949661895632745,0.31157273054122925,0.45578429102897644,0.34,1,1,785,FP32-token-IDs
ClinicalBERT,17a4w6o,605,133,178,i,i,False,emptiness,0.0009291691395143669,0.0009291691395143669,0.2357300966978073,0.976031482219696,0.34,1,1,785,FP32-token-IDs
ClinicalBERT,17a4w6o,605,133,178,i,i,False,hopelessness,0.0009829704649746418,0.0009829704649746418,0.43375319242477417,0.9784163236618042,0.34,1,1,785,FP32-token-IDs
ClinicalBERT,17a4w6o,605,133,178,i,i,False,loneliness,0.002218594371030728,0.002218594371030728,0.28072866797447205,0.9781886339187622,0.34,1,1,785,FP32-token-IDs
ClinicalBERT,17a4w6o,605,133,178,i,i,False,sadness,0.001328456091384093,0.001328456091384093,0.3921002149581909,0.9497569799423218,0.34,1,1,785,FP32-token-IDs
ClinicalBERT,17a4w6o,605,133,178,i,i,False,suicide intent,0.0037038776402672133,0.0037038776402672133,0.18813656270503998,0.7636293768882751,0.34,0,1,785,FP32-token-IDs
ClinicalBERT,17a4w6o,605,133,178,i,i,False,worthlessness,-0.0005551080529888472,0.0005551080529888472,0.37861868739128113,0.930963933467865,0.34,1,1,785,FP32-token-IDs
ClinicalBERT,17a4w6o,605,134,1138,have,have,False,anger,0.0015710468403995037,0.0015710468403995037,0.41402390599250793,0.18097521364688873,0.34,0,0,785,FP32-token-IDs
ClinicalBERT,17a4w6o,605,134,1138,have,have,False,brain dysfunction (forget),-0.00021949661895632745,0.00021949661895632745,0.31157273054122925,0.45578429102897644,0.34,1,1,785,FP32-token-IDs
ClinicalBERT,17a4w6o,605,134,1138,have,have,False,emptiness,0.0009291691395143669,0.0009291691395143669,0.2357300966978073,0.976031482219696,0.34,1,1,785,FP32-token-IDs
ClinicalBERT,17a4w6o,605,134,1138,have,have,False,hopelessness,0.0009829704649746418,0.0009829704649746418,0.43375319242477417,0.9784163236618042,0.34,1,1,785,FP32-token-IDs
ClinicalBERT,17a4w6o,605,134,1138,have,have,False,loneliness,0.002218594371030728,0.002218594371030728,0.28072866797447205,0.9781886339187622,0.34,1,1,785,FP32-token-IDs
ClinicalBERT,17a4w6o,605,134,1138,have,have,False,sadness,0.001328456091384093,0.001328456091384093,0.3921002149581909,0.9497569799423218,0.34,1,1,785,FP32-token-IDs
ClinicalBERT,17a4w6o,605,134,1138,have,have,False,suicide intent,0.0037038776402672133,0.0037038776402672133,0.18813656270503998,0.7636293768882751,0.34,0,1,785,FP32-token-IDs
ClinicalBERT,17a4w6o,605,134,1138,have,have,False,worthlessness,-0.0005551080529888472,0.0005551080529888472,0.37861868739128113,0.930963933467865,0.34,1,1,785,FP32-token-IDs
ClinicalBERT,17a4w6o,605,135,1106,to,to,False,anger,0.0015710468403995037,0.0015710468403995037,0.41402390599250793,0.18097521364688873,0.34,0,0,785,FP32-token-IDs
ClinicalBERT,17a4w6o,605,135,1106,to,to,False,brain dysfunction (forget),-0.00021949661895632742,0.00021949661895632742,0.31157273054122925,0.45578429102897644,0.34,1,1,785,FP32-token-IDs
ClinicalBERT,17a4w6o,605,135,1106,to,to,False,emptiness,0.0009291691395143668,0.0009291691395143668,0.2357300966978073,0.976031482219696,0.34,1,1,785,FP32-token-IDs
ClinicalBERT,17a4w6o,605,135,1106,to,to,False,hopelessness,0.0009829704649746418,0.0009829704649746418,0.43375319242477417,0.9784163236618042,0.34,1,1,785,FP32-token-IDs
ClinicalBERT,17a4w6o,605,135,1106,to,to,False,loneliness,0.0022185943710307282,0.0022185943710307282,0.28072866797447205,0.9781886339187622,0.34,1,1,785,FP32-token-IDs
ClinicalBERT,17a4w6o,605,135,1106,to,to,False,sadness,0.0013284560913840928,0.0013284560913840928,0.3921002149581909,0.9497569799423218,0.34,1,1,785,FP32-token-IDs
ClinicalBERT,17a4w6o,605,135,1106,to,to,False,suicide intent,0.0037038776402672133,0.0037038776402672133,0.18813656270503998,0.7636293768882751,0.34,0,1,785,FP32-token-IDs
ClinicalBERT,17a4w6o,605,135,1106,to,to,False,worthlessness,-0.000555108052988847,0.000555108052988847,0.37861868739128113,0.930963933467865,0.34,1,1,785,FP32-token-IDs
ClinicalBERT,17a4w6o,605,136,1525,find,find,False,anger,0.0015710468403995037,0.0015710468403995037,0.41402390599250793,0.18097521364688873,0.34,0,0,785,FP32-token-IDs
ClinicalBERT,17a4w6o,605,136,1525,find,find,False,brain dysfunction (forget),-0.00021949661895632742,0.00021949661895632742,0.31157273054122925,0.45578429102897644,0.34,1,1,785,FP32-token-IDs
ClinicalBERT,17a4w6o,605,136,1525,find,find,False,emptiness,0.0009291691395143668,0.0009291691395143668,0.2357300966978073,0.976031482219696,0.34,1,1,785,FP32-token-IDs
ClinicalBERT,17a4w6o,605,136,1525,find,find,False,hopelessness,0.0009829704649746418,0.0009829704649746418,0.43375319242477417,0.9784163236618042,0.34,1,1,785,FP32-token-IDs
ClinicalBERT,17a4w6o,605,136,1525,find,find,False,loneliness,0.0022185943710307282,0.0022185943710307282,0.28072866797447205,0.9781886339187622,0.34,1,1,785,FP32-token-IDs
ClinicalBERT,17a4w6o,605,136,1525,find,find,False,sadness,0.0013284560913840928,0.0013284560913840928,0.3921002149581909,0.9497569799423218,0.34,1,1,785,FP32-token-IDs
ClinicalBERT,17a4w6o,605,136,1525,find,find,False,suicide intent,0.0037038776402672133,0.0037038776402672133,0.18813656270503998,0.7636293768882751,0.34,0,1,785,FP32-token-IDs
ClinicalBERT,17a4w6o,605,136,1525,find,find,False,worthlessness,-0.000555108052988847,0.000555108052988847,0.37861868739128113,0.930963933467865,0.34,1,1,785,FP32-token-IDs
ClinicalBERT,17a4w6o,605,137,1123,her,her,False,anger,0.0015710468403995037,0.0015710468403995037,0.41402390599250793,0.18097521364688873,0.34,0,0,785,FP32-token-IDs
ClinicalBERT,17a4w6o,605,137,1123,her,her,False,brain dysfunction (forget),-0.00021949661895632742,0.00021949661895632742,0.31157273054122925,0.45578429102897644,0.34,1,1,785,FP32-token-IDs
ClinicalBERT,17a4w6o,605,137,1123,her,her,False,emptiness,0.0009291691395143668,0.0009291691395143668,0.2357300966978073,0.976031482219696,0.34,1,1,785,FP32-token-IDs
ClinicalBERT,17a4w6o,605,137,1123,her,her,False,hopelessness,0.0009829704649746418,0.0009829704649746418,0.43375319242477417,0.9784163236618042,0.34,1,1,785,FP32-token-IDs
ClinicalBERT,17a4w6o,605,137,1123,her,her,False,loneliness,0.0022185943710307282,0.0022185943710307282,0.28072866797447205,0.9781886339187622,0.34,1,1,785,FP32-token-IDs
ClinicalBERT,17a4w6o,605,137,1123,her,her,False,sadness,0.0013284560913840928,0.0013284560913840928,0.3921002149581909,0.9497569799423218,0.34,1,1,785,FP32-token-IDs
ClinicalBERT,17a4w6o,605,137,1123,her,her,False,suicide intent,0.0037038776402672133,0.0037038776402672133,0.18813656270503998,0.7636293768882751,0.34,0,1,785,FP32-token-IDs
ClinicalBERT,17a4w6o,605,137,1123,her,her,False,worthlessness,-0.000555108052988847,0.000555108052988847,0.37861868739128113,0.930963933467865,0.34,1,1,785,FP32-token-IDs
ClinicalBERT,17a4w6o,605,138,117,",",",",False,anger,0.0020081388764083387,0.0020081388764083387,0.41402390599250793,0.18097521364688873,0.34,0,0,785,FP32-token-IDs
ClinicalBERT,17a4w6o,605,138,117,",",",",False,brain dysfunction (forget),0.0007299567572772502,0.0007299567572772502,0.31157273054122925,0.45578429102897644,0.34,1,1,785,FP32-token-IDs
ClinicalBERT,17a4w6o,605,138,117,",",",",False,emptiness,0.0017761489065984885,0.0017761489065984885,0.2357300966978073,0.976031482219696,0.34,1,1,785,FP32-token-IDs
ClinicalBERT,17a4w6o,605,138,117,",",",",False,hopelessness,0.0013621010817587375,0.0013621010817587375,0.43375319242477417,0.9784163236618042,0.34,1,1,785,FP32-token-IDs
ClinicalBERT,17a4w6o,605,138,117,",",",",False,loneliness,0.003320300548026959,0.003320300548026959,0.28072866797447205,0.9781886339187622,0.34,1,1,785,FP32-token-IDs
ClinicalBERT,17a4w6o,605,138,117,",",",",False,sadness,0.0017161485428611436,0.0017161485428611436,0.3921002149581909,0.9497569799423218,0.34,1,1,785,FP32-token-IDs
ClinicalBERT,17a4w6o,605,138,117,",",",",False,suicide intent,0.0023302777980764708,0.0023302777980764708,0.18813656270503998,0.7636293768882751,0.34,0,1,785,FP32-token-IDs
ClinicalBERT,17a4w6o,605,138,117,",",",",False,worthlessness,0.0003236480678121249,0.0003236480678121249,0.37861868739128113,0.930963933467865,0.34,1,1,785,FP32-token-IDs
ClinicalBERT,17a4w6o,605,139,1131,she,she,False,anger,0.0014025202176223199,0.0014025202176223199,0.41402390599250793,0.18097521364688873,0.34,0,0,785,FP32-token-IDs
ClinicalBERT,17a4w6o,605,139,1131,she,she,False,brain dysfunction (forget),0.0018374217932836875,0.0018374217932836875,0.31157273054122925,0.45578429102897644,0.34,1,1,785,FP32-token-IDs
ClinicalBERT,17a4w6o,605,139,1131,she,she,False,emptiness,0.00248122565034363,0.00248122565034363,0.2357300966978073,0.976031482219696,0.34,1,1,785,FP32-token-IDs
ClinicalBERT,17a4w6o,605,139,1131,she,she,False,hopelessness,0.001843853812250826,0.001843853812250826,0.43375319242477417,0.9784163236618042,0.34,1,1,785,FP32-token-IDs
ClinicalBERT,17a4w6o,605,139,1131,she,she,False,loneliness,0.0020364030729979276,0.0020364030729979276,0.28072866797447205,0.9781886339187622,0.34,1,1,785,FP32-token-IDs
ClinicalBERT,17a4w6o,605,139,1131,she,she,False,sadness,0.001996489650466376,0.001996489650466376,0.3921002149581909,0.9497569799423218,0.34,1,1,785,FP32-token-IDs
ClinicalBERT,17a4w6o,605,139,1131,she,she,False,suicide intent,0.0020513319410383705,0.0020513319410383705,0.18813656270503998,0.7636293768882751,0.34,0,1,785,FP32-token-IDs
ClinicalBERT,17a4w6o,605,139,1131,she,she,False,worthlessness,0.0018680419255461956,0.0018680419255461956,0.37861868739128113,0.930963933467865,0.34,1,1,785,FP32-token-IDs
ClinicalBERT,17a4w6o,605,140,787,’,’,False,anger,0.0014025202176223199,0.0014025202176223199,0.41402390599250793,0.18097521364688873,0.34,0,0,785,FP32-token-IDs
ClinicalBERT,17a4w6o,605,140,787,’,’,False,brain dysfunction (forget),0.0018374217932836875,0.0018374217932836875,0.31157273054122925,0.45578429102897644,0.34,1,1,785,FP32-token-IDs
ClinicalBERT,17a4w6o,605,140,787,’,’,False,emptiness,0.00248122565034363,0.00248122565034363,0.2357300966978073,0.976031482219696,0.34,1,1,785,FP32-token-IDs
ClinicalBERT,17a4w6o,605,140,787,’,’,False,hopelessness,0.001843853812250826,0.001843853812250826,0.43375319242477417,0.9784163236618042,0.34,1,1,785,FP32-token-IDs
ClinicalBERT,17a4w6o,605,140,787,’,’,False,loneliness,0.0020364030729979276,0.0020364030729979276,0.28072866797447205,0.9781886339187622,0.34,1,1,785,FP32-token-IDs
ClinicalBERT,17a4w6o,605,140,787,’,’,False,sadness,0.001996489650466376,0.001996489650466376,0.3921002149581909,0.9497569799423218,0.34,1,1,785,FP32-token-IDs
ClinicalBERT,17a4w6o,605,140,787,’,’,False,suicide intent,0.0020513319410383705,0.0020513319410383705,0.18813656270503998,0.7636293768882751,0.34,0,1,785,FP32-token-IDs
ClinicalBERT,17a4w6o,605,140,787,’,’,False,worthlessness,0.0018680419255461956,0.0018680419255461956,0.37861868739128113,0.930963933467865,0.34,1,1,785,FP32-token-IDs
ClinicalBERT,17a4w6o,605,141,188,s,s,False,anger,0.0014025202176223199,0.0014025202176223199,0.41402390599250793,0.18097521364688873,0.34,0,0,785,FP32-token-IDs
ClinicalBERT,17a4w6o,605,141,188,s,s,False,brain dysfunction (forget),0.0018374217932836875,0.0018374217932836875,0.31157273054122925,0.45578429102897644,0.34,1,1,785,FP32-token-IDs
ClinicalBERT,17a4w6o,605,141,188,s,s,False,emptiness,0.00248122565034363,0.00248122565034363,0.2357300966978073,0.976031482219696,0.34,1,1,785,FP32-token-IDs
ClinicalBERT,17a4w6o,605,141,188,s,s,False,hopelessness,0.001843853812250826,0.001843853812250826,0.43375319242477417,0.9784163236618042,0.34,1,1,785,FP32-token-IDs
ClinicalBERT,17a4w6o,605,141,188,s,s,False,loneliness,0.0020364030729979276,0.0020364030729979276,0.28072866797447205,0.9781886339187622,0.34,1,1,785,FP32-token-IDs
ClinicalBERT,17a4w6o,605,141,188,s,s,False,sadness,0.001996489650466376,0.001996489650466376,0.3921002149581909,0.9497569799423218,0.34,1,1,785,FP32-token-IDs
ClinicalBERT,17a4w6o,605,141,188,s,s,False,suicide intent,0.0020513319410383705,0.0020513319410383705,0.18813656270503998,0.7636293768882751,0.34,0,1,785,FP32-token-IDs
ClinicalBERT,17a4w6o,605,141,188,s,s,False,worthlessness,0.0018680419255461956,0.0018680419255461956,0.37861868739128113,0.930963933467865,0.34,1,1,785,FP32-token-IDs
ClinicalBERT,17a4w6o,605,142,1575,lost,lost,False,anger,0.0014025202176223199,0.0014025202176223199,0.41402390599250793,0.18097521364688873,0.34,0,0,785,FP32-token-IDs
ClinicalBERT,17a4w6o,605,142,1575,lost,lost,False,brain dysfunction (forget),0.0018374217932836875,0.0018374217932836875,0.31157273054122925,0.45578429102897644,0.34,1,1,785,FP32-token-IDs
ClinicalBERT,17a4w6o,605,142,1575,lost,lost,False,emptiness,0.00248122565034363,0.00248122565034363,0.2357300966978073,0.976031482219696,0.34,1,1,785,FP32-token-IDs
ClinicalBERT,17a4w6o,605,142,1575,lost,lost,False,hopelessness,0.001843853812250826,0.001843853812250826,0.43375319242477417,0.9784163236618042,0.34,1,1,785,FP32-token-IDs
ClinicalBERT,17a4w6o,605,142,1575,lost,lost,False,loneliness,0.0020364030729979276,0.0020364030729979276,0.28072866797447205,0.9781886339187622,0.34,1,1,785,FP32-token-IDs
ClinicalBERT,17a4w6o,605,142,1575,lost,lost,False,sadness,0.001996489650466376,0.001996489650466376,0.3921002149581909,0.9497569799423218,0.34,1,1,785,FP32-token-IDs
ClinicalBERT,17a4w6o,605,142,1575,lost,lost,False,suicide intent,0.0020513319410383705,0.0020513319410383705,0.18813656270503998,0.7636293768882751,0.34,0,1,785,FP32-token-IDs
ClinicalBERT,17a4w6o,605,142,1575,lost,lost,False,worthlessness,0.0018680419255461956,0.0018680419255461956,0.37861868739128113,0.930963933467865,0.34,1,1,785,FP32-token-IDs
ClinicalBERT,17a4w6o,605,143,4476,somewhere,somewhere,False,anger,0.0012750713775555292,0.0012750713775555292,0.41402390599250793,0.18097521364688873,0.34,0,0,785,FP32-token-IDs
ClinicalBERT,17a4w6o,605,143,4476,somewhere,somewhere,False,brain dysfunction (forget),0.002295027280019389,0.002295027280019389,0.31157273054122925,0.45578429102897644,0.34,1,1,785,FP32-token-IDs
ClinicalBERT,17a4w6o,605,143,4476,somewhere,somewhere,False,emptiness,0.0021422273996803496,0.0021422273996803496,0.2357300966978073,0.976031482219696,0.34,1,1,785,FP32-token-IDs
ClinicalBERT,17a4w6o,605,143,4476,somewhere,somewhere,False,hopelessness,0.00175921894196007,0.00175921894196007,0.43375319242477417,0.9784163236618042,0.34,1,1,785,FP32-token-IDs
ClinicalBERT,17a4w6o,605,143,4476,somewhere,somewhere,False,loneliness,0.0015688709914684295,0.0015688709914684295,0.28072866797447205,0.9781886339187622,0.34,1,1,785,FP32-token-IDs
ClinicalBERT,17a4w6o,605,143,4476,somewhere,somewhere,False,sadness,0.0017779613741570049,0.0017779613741570049,0.3921002149581909,0.9497569799423218,0.34,1,1,785,FP32-token-IDs
ClinicalBERT,17a4w6o,605,143,4476,somewhere,somewhere,False,suicide intent,0.0013765400275588036,0.0013765400275588036,0.18813656270503998,0.7636293768882751,0.34,0,1,785,FP32-token-IDs
ClinicalBERT,17a4w6o,605,143,4476,somewhere,somewhere,False,worthlessness,0.0016562182870176103,0.0016562182870176103,0.37861868739128113,0.930963933467865,0.34,1,1,785,FP32-token-IDs
ClinicalBERT,17a4w6o,605,144,1107,in,in,False,anger,0.0012750713775555292,0.0012750713775555292,0.41402390599250793,0.18097521364688873,0.34,0,0,785,FP32-token-IDs
ClinicalBERT,17a4w6o,605,144,1107,in,in,False,brain dysfunction (forget),0.002295027280019389,0.002295027280019389,0.31157273054122925,0.45578429102897644,0.34,1,1,785,FP32-token-IDs
ClinicalBERT,17a4w6o,605,144,1107,in,in,False,emptiness,0.0021422273996803496,0.0021422273996803496,0.2357300966978073,0.976031482219696,0.34,1,1,785,FP32-token-IDs
ClinicalBERT,17a4w6o,605,144,1107,in,in,False,hopelessness,0.00175921894196007,0.00175921894196007,0.43375319242477417,0.9784163236618042,0.34,1,1,785,FP32-token-IDs
ClinicalBERT,17a4w6o,605,144,1107,in,in,False,loneliness,0.0015688709914684295,0.0015688709914684295,0.28072866797447205,0.9781886339187622,0.34,1,1,785,FP32-token-IDs
ClinicalBERT,17a4w6o,605,144,1107,in,in,False,sadness,0.0017779613741570049,0.0017779613741570049,0.3921002149581909,0.9497569799423218,0.34,1,1,785,FP32-token-IDs
ClinicalBERT,17a4w6o,605,144,1107,in,in,False,suicide intent,0.0013765400275588036,0.0013765400275588036,0.18813656270503998,0.7636293768882751,0.34,0,1,785,FP32-token-IDs
ClinicalBERT,17a4w6o,605,144,1107,in,in,False,worthlessness,0.0016562182870176103,0.0016562182870176103,0.37861868739128113,0.930963933467865,0.34,1,1,785,FP32-token-IDs
ClinicalBERT,17a4w6o,605,145,1103,the,the,False,anger,0.0012750713775555292,0.0012750713775555292,0.41402390599250793,0.18097521364688873,0.34,0,0,785,FP32-token-IDs
ClinicalBERT,17a4w6o,605,145,1103,the,the,False,brain dysfunction (forget),0.002295027280019389,0.002295027280019389,0.31157273054122925,0.45578429102897644,0.34,1,1,785,FP32-token-IDs
ClinicalBERT,17a4w6o,605,145,1103,the,the,False,emptiness,0.0021422273996803496,0.0021422273996803496,0.2357300966978073,0.976031482219696,0.34,1,1,785,FP32-token-IDs
ClinicalBERT,17a4w6o,605,145,1103,the,the,False,hopelessness,0.00175921894196007,0.00175921894196007,0.43375319242477417,0.9784163236618042,0.34,1,1,785,FP32-token-IDs
ClinicalBERT,17a4w6o,605,145,1103,the,the,False,loneliness,0.0015688709914684295,0.0015688709914684295,0.28072866797447205,0.9781886339187622,0.34,1,1,785,FP32-token-IDs
ClinicalBERT,17a4w6o,605,145,1103,the,the,False,sadness,0.0017779613741570049,0.0017779613741570049,0.3921002149581909,0.9497569799423218,0.34,1,1,785,FP32-token-IDs
ClinicalBERT,17a4w6o,605,145,1103,the,the,False,suicide intent,0.0013765400275588036,0.0013765400275588036,0.18813656270503998,0.7636293768882751,0.34,0,1,785,FP32-token-IDs
ClinicalBERT,17a4w6o,605,145,1103,the,the,False,worthlessness,0.0016562182870176103,0.0016562182870176103,0.37861868739128113,0.930963933467865,0.34,1,1,785,FP32-token-IDs
ClinicalBERT,17a4w6o,605,146,10335,fog,fog,False,anger,0.0012750713775555292,0.0012750713775555292,0.41402390599250793,0.18097521364688873,0.34,0,0,785,FP32-token-IDs
ClinicalBERT,17a4w6o,605,146,10335,fog,fog,False,brain dysfunction (forget),0.002295027280019389,0.002295027280019389,0.31157273054122925,0.45578429102897644,0.34,1,1,785,FP32-token-IDs
ClinicalBERT,17a4w6o,605,146,10335,fog,fog,False,emptiness,0.0021422273996803496,0.0021422273996803496,0.2357300966978073,0.976031482219696,0.34,1,1,785,FP32-token-IDs
ClinicalBERT,17a4w6o,605,146,10335,fog,fog,False,hopelessness,0.00175921894196007,0.00175921894196007,0.43375319242477417,0.9784163236618042,0.34,1,1,785,FP32-token-IDs
ClinicalBERT,17a4w6o,605,146,10335,fog,fog,False,loneliness,0.0015688709914684295,0.0015688709914684295,0.28072866797447205,0.9781886339187622,0.34,1,1,785,FP32-token-IDs
ClinicalBERT,17a4w6o,605,146,10335,fog,fog,False,sadness,0.0017779613741570049,0.0017779613741570049,0.3921002149581909,0.9497569799423218,0.34,1,1,785,FP32-token-IDs
ClinicalBERT,17a4w6o,605,146,10335,fog,fog,False,suicide intent,0.0013765400275588036,0.0013765400275588036,0.18813656270503998,0.7636293768882751,0.34,0,1,785,FP32-token-IDs
ClinicalBERT,17a4w6o,605,146,10335,fog,fog,False,worthlessness,0.0016562182870176103,0.0016562182870176103,0.37861868739128113,0.930963933467865,0.34,1,1,785,FP32-token-IDs
ClinicalBERT,17a4w6o,605,147,119,.,.,False,anger,0.0012750713775555292,0.0012750713775555292,0.41402390599250793,0.18097521364688873,0.34,0,0,785,FP32-token-IDs
ClinicalBERT,17a4w6o,605,147,119,.,.,False,brain dysfunction (forget),0.002295027280019389,0.002295027280019389,0.31157273054122925,0.45578429102897644,0.34,1,1,785,FP32-token-IDs
ClinicalBERT,17a4w6o,605,147,119,.,.,False,emptiness,0.0021422273996803496,0.0021422273996803496,0.2357300966978073,0.976031482219696,0.34,1,1,785,FP32-token-IDs
ClinicalBERT,17a4w6o,605,147,119,.,.,False,hopelessness,0.00175921894196007,0.00175921894196007,0.43375319242477417,0.9784163236618042,0.34,1,1,785,FP32-token-IDs
ClinicalBERT,17a4w6o,605,147,119,.,.,False,loneliness,0.0015688709914684295,0.0015688709914684295,0.28072866797447205,0.9781886339187622,0.34,1,1,785,FP32-token-IDs
ClinicalBERT,17a4w6o,605,147,119,.,.,False,sadness,0.0017779613741570049,0.0017779613741570049,0.3921002149581909,0.9497569799423218,0.34,1,1,785,FP32-token-IDs
ClinicalBERT,17a4w6o,605,147,119,.,.,False,suicide intent,0.0013765400275588036,0.0013765400275588036,0.18813656270503998,0.7636293768882751,0.34,0,1,785,FP32-token-IDs
ClinicalBERT,17a4w6o,605,147,119,.,.,False,worthlessness,0.0016562182870176103,0.0016562182870176103,0.37861868739128113,0.930963933467865,0.34,1,1,785,FP32-token-IDs
ClinicalBERT,17a4w6o,605,148,1725,why,why,False,anger,4.4118205551058054e-05,4.4118205551058054e-05,0.41402390599250793,0.18097521364688873,0.34,0,0,785,FP32-token-IDs
ClinicalBERT,17a4w6o,605,148,1725,why,why,False,brain dysfunction (forget),-0.0019425923703238366,0.0019425923703238366,0.31157273054122925,0.45578429102897644,0.34,1,1,785,FP32-token-IDs
ClinicalBERT,17a4w6o,605,148,1725,why,why,False,emptiness,0.0032254126854240894,0.0032254126854240894,0.2357300966978073,0.976031482219696,0.34,1,1,785,FP32-token-IDs
ClinicalBERT,17a4w6o,605,148,1725,why,why,False,hopelessness,0.004351962567307055,0.004351962567307055,0.43375319242477417,0.9784163236618042,0.34,1,1,785,FP32-token-IDs
ClinicalBERT,17a4w6o,605,148,1725,why,why,False,loneliness,0.0043649969506077465,0.0043649969506077465,0.28072866797447205,0.9781886339187622,0.34,1,1,785,FP32-token-IDs
ClinicalBERT,17a4w6o,605,148,1725,why,why,False,sadness,0.0048096580663695935,0.0048096580663695935,0.3921002149581909,0.9497569799423218,0.34,1,1,785,FP32-token-IDs
ClinicalBERT,17a4w6o,605,148,1725,why,why,False,suicide intent,0.016413324989844113,0.016413324989844113,0.18813656270503998,0.7636293768882751,0.34,0,1,785,FP32-token-IDs
ClinicalBERT,17a4w6o,605,148,1725,why,why,False,worthlessness,0.0016475496580824257,0.0016475496580824257,0.37861868739128113,0.930963933467865,0.34,1,1,785,FP32-token-IDs
ClinicalBERT,17a4w6o,605,149,1674,does,does,False,anger,4.4118205551058054e-05,4.4118205551058054e-05,0.41402390599250793,0.18097521364688873,0.34,0,0,785,FP32-token-IDs
ClinicalBERT,17a4w6o,605,149,1674,does,does,False,brain dysfunction (forget),-0.0019425923703238366,0.0019425923703238366,0.31157273054122925,0.45578429102897644,0.34,1,1,785,FP32-token-IDs
ClinicalBERT,17a4w6o,605,149,1674,does,does,False,emptiness,0.0032254126854240894,0.0032254126854240894,0.2357300966978073,0.976031482219696,0.34,1,1,785,FP32-token-IDs
ClinicalBERT,17a4w6o,605,149,1674,does,does,False,hopelessness,0.004351962567307055,0.004351962567307055,0.43375319242477417,0.9784163236618042,0.34,1,1,785,FP32-token-IDs
ClinicalBERT,17a4w6o,605,149,1674,does,does,False,loneliness,0.0043649969506077465,0.0043649969506077465,0.28072866797447205,0.9781886339187622,0.34,1,1,785,FP32-token-IDs
ClinicalBERT,17a4w6o,605,149,1674,does,does,False,sadness,0.0048096580663695935,0.0048096580663695935,0.3921002149581909,0.9497569799423218,0.34,1,1,785,FP32-token-IDs
ClinicalBERT,17a4w6o,605,149,1674,does,does,False,suicide intent,0.016413324989844113,0.016413324989844113,0.18813656270503998,0.7636293768882751,0.34,0,1,785,FP32-token-IDs
ClinicalBERT,17a4w6o,605,149,1674,does,does,False,worthlessness,0.0016475496580824257,0.0016475496580824257,0.37861868739128113,0.930963933467865,0.34,1,1,785,FP32-token-IDs
ClinicalBERT,17a4w6o,605,150,1473,death,death,False,anger,-0.0008621884238285323,0.0008621884238285323,0.41402390599250793,0.18097521364688873,0.34,0,0,785,FP32-token-IDs
ClinicalBERT,17a4w6o,605,150,1473,death,death,False,brain dysfunction (forget),-0.002239023537064592,0.002239023537064592,0.31157273054122925,0.45578429102897644,0.34,1,1,785,FP32-token-IDs
ClinicalBERT,17a4w6o,605,150,1473,death,death,False,emptiness,0.0044603505327055855,0.0044603505327055855,0.2357300966978073,0.976031482219696,0.34,1,1,785,FP32-token-IDs
ClinicalBERT,17a4w6o,605,150,1473,death,death,False,hopelessness,0.004470206152958175,0.004470206152958175,0.43375319242477417,0.9784163236618042,0.34,1,1,785,FP32-token-IDs
ClinicalBERT,17a4w6o,605,150,1473,death,death,False,loneliness,0.006540504862399151,0.006540504862399151,0.28072866797447205,0.9781886339187622,0.34,1,1,785,FP32-token-IDs
ClinicalBERT,17a4w6o,605,150,1473,death,death,False,sadness,0.005769008793868124,0.005769008793868124,0.3921002149581909,0.9497569799423218,0.34,1,1,785,FP32-token-IDs
ClinicalBERT,17a4w6o,605,150,1473,death,death,False,suicide intent,0.023419291452349472,0.023419291452349472,0.18813656270503998,0.7636293768882751,0.34,0,1,785,FP32-token-IDs
ClinicalBERT,17a4w6o,605,150,1473,death,death,False,worthlessness,0.0009198647225275636,0.0009198647225275636,0.37861868739128113,0.930963933467865,0.34,1,1,785,FP32-token-IDs
ClinicalBERT,17a4w6o,605,151,3093,seems,seems,False,anger,-0.0008621884238285323,0.0008621884238285323,0.41402390599250793,0.18097521364688873,0.34,0,0,785,FP32-token-IDs
ClinicalBERT,17a4w6o,605,151,3093,seems,seems,False,brain dysfunction (forget),-0.002239023537064592,0.002239023537064592,0.31157273054122925,0.45578429102897644,0.34,1,1,785,FP32-token-IDs
ClinicalBERT,17a4w6o,605,151,3093,seems,seems,False,emptiness,0.0044603505327055855,0.0044603505327055855,0.2357300966978073,0.976031482219696,0.34,1,1,785,FP32-token-IDs
ClinicalBERT,17a4w6o,605,151,3093,seems,seems,False,hopelessness,0.004470206152958175,0.004470206152958175,0.43375319242477417,0.9784163236618042,0.34,1,1,785,FP32-token-IDs
ClinicalBERT,17a4w6o,605,151,3093,seems,seems,False,loneliness,0.006540504862399151,0.006540504862399151,0.28072866797447205,0.9781886339187622,0.34,1,1,785,FP32-token-IDs
ClinicalBERT,17a4w6o,605,151,3093,seems,seems,False,sadness,0.005769008793868124,0.005769008793868124,0.3921002149581909,0.9497569799423218,0.34,1,1,785,FP32-token-IDs
ClinicalBERT,17a4w6o,605,151,3093,seems,seems,False,suicide intent,0.023419291452349472,0.023419291452349472,0.18813656270503998,0.7636293768882751,0.34,0,1,785,FP32-token-IDs
ClinicalBERT,17a4w6o,605,151,3093,seems,seems,False,worthlessness,0.0009198647225275636,0.0009198647225275636,0.37861868739128113,0.930963933467865,0.34,1,1,785,FP32-token-IDs
ClinicalBERT,17a4w6o,605,152,9441,peaceful,peaceful,False,anger,-0.0008621884238285323,0.0008621884238285323,0.41402390599250793,0.18097521364688873,0.34,0,0,785,FP32-token-IDs
ClinicalBERT,17a4w6o,605,152,9441,peaceful,peaceful,False,brain dysfunction (forget),-0.002239023537064592,0.002239023537064592,0.31157273054122925,0.45578429102897644,0.34,1,1,785,FP32-token-IDs
ClinicalBERT,17a4w6o,605,152,9441,peaceful,peaceful,False,emptiness,0.0044603505327055855,0.0044603505327055855,0.2357300966978073,0.976031482219696,0.34,1,1,785,FP32-token-IDs
ClinicalBERT,17a4w6o,605,152,9441,peaceful,peaceful,False,hopelessness,0.004470206152958175,0.004470206152958175,0.43375319242477417,0.9784163236618042,0.34,1,1,785,FP32-token-IDs
ClinicalBERT,17a4w6o,605,152,9441,peaceful,peaceful,False,loneliness,0.006540504862399151,0.006540504862399151,0.28072866797447205,0.9781886339187622,0.34,1,1,785,FP32-token-IDs
ClinicalBERT,17a4w6o,605,152,9441,peaceful,peaceful,False,sadness,0.005769008793868124,0.005769008793868124,0.3921002149581909,0.9497569799423218,0.34,1,1,785,FP32-token-IDs
ClinicalBERT,17a4w6o,605,152,9441,peaceful,peaceful,False,suicide intent,0.023419291452349472,0.023419291452349472,0.18813656270503998,0.7636293768882751,0.34,0,1,785,FP32-token-IDs
ClinicalBERT,17a4w6o,605,152,9441,peaceful,peaceful,False,worthlessness,0.0009198647225275636,0.0009198647225275636,0.37861868739128113,0.930963933467865,0.34,1,1,785,FP32-token-IDs
ClinicalBERT,17a4w6o,605,153,187,r,r,False,anger,-0.003883330093231052,0.003883330093231052,0.41402390599250793,0.18097521364688873,0.34,0,0,785,FP32-token-IDs
ClinicalBERT,17a4w6o,605,153,187,r,r,False,brain dysfunction (forget),-0.0013505561898152034,0.0013505561898152034,0.31157273054122925,0.45578429102897644,0.34,1,1,785,FP32-token-IDs
ClinicalBERT,17a4w6o,605,153,187,r,r,False,emptiness,0.002008264030640324,0.002008264030640324,0.2357300966978073,0.976031482219696,0.34,1,1,785,FP32-token-IDs
ClinicalBERT,17a4w6o,605,153,187,r,r,False,hopelessness,0.002552010933868587,0.002552010933868587,0.43375319242477417,0.9784163236618042,0.34,1,1,785,FP32-token-IDs
ClinicalBERT,17a4w6o,605,153,187,r,r,False,loneliness,0.003690658777486533,0.003690658777486533,0.28072866797447205,0.9781886339187622,0.34,1,1,785,FP32-token-IDs
ClinicalBERT,17a4w6o,605,153,187,r,r,False,sadness,0.002231204533018172,0.002231204533018172,0.3921002149581909,0.9497569799423218,0.34,1,1,785,FP32-token-IDs
ClinicalBERT,17a4w6o,605,153,187,r,r,False,suicide intent,-0.0029341524738507965,0.0029341524738507965,0.18813656270503998,0.7636293768882751,0.34,0,1,785,FP32-token-IDs
ClinicalBERT,17a4w6o,605,153,187,r,r,False,worthlessness,-0.00041196328432609636,0.00041196328432609636,0.37861868739128113,0.930963933467865,0.34,1,1,785,FP32-token-IDs
ClinicalBERT,17a4w6o,605,154,1179,##n,n,False,anger,-0.003883330093231052,0.003883330093231052,0.41402390599250793,0.18097521364688873,0.34,0,0,785,FP32-token-IDs
ClinicalBERT,17a4w6o,605,154,1179,##n,n,False,brain dysfunction (forget),-0.0013505561898152034,0.0013505561898152034,0.31157273054122925,0.45578429102897644,0.34,1,1,785,FP32-token-IDs
ClinicalBERT,17a4w6o,605,154,1179,##n,n,False,emptiness,0.002008264030640324,0.002008264030640324,0.2357300966978073,0.976031482219696,0.34,1,1,785,FP32-token-IDs
ClinicalBERT,17a4w6o,605,154,1179,##n,n,False,hopelessness,0.002552010933868587,0.002552010933868587,0.43375319242477417,0.9784163236618042,0.34,1,1,785,FP32-token-IDs
ClinicalBERT,17a4w6o,605,154,1179,##n,n,False,loneliness,0.003690658777486533,0.003690658777486533,0.28072866797447205,0.9781886339187622,0.34,1,1,785,FP32-token-IDs
ClinicalBERT,17a4w6o,605,154,1179,##n,n,False,sadness,0.002231204533018172,0.002231204533018172,0.3921002149581909,0.9497569799423218,0.34,1,1,785,FP32-token-IDs
ClinicalBERT,17a4w6o,605,154,1179,##n,n,False,suicide intent,-0.0029341524738507965,0.0029341524738507965,0.18813656270503998,0.7636293768882751,0.34,0,1,785,FP32-token-IDs
ClinicalBERT,17a4w6o,605,154,1179,##n,n,False,worthlessness,-0.00041196328432609636,0.00041196328432609636,0.37861868739128113,0.930963933467865,0.34,1,1,785,FP32-token-IDs
ClinicalBERT,17a4w6o,605,155,1133,but,but,False,anger,-0.003883330093231052,0.003883330093231052,0.41402390599250793,0.18097521364688873,0.34,0,0,785,FP32-token-IDs
ClinicalBERT,17a4w6o,605,155,1133,but,but,False,brain dysfunction (forget),-0.0013505561898152034,0.0013505561898152034,0.31157273054122925,0.45578429102897644,0.34,1,1,785,FP32-token-IDs
ClinicalBERT,17a4w6o,605,155,1133,but,but,False,emptiness,0.002008264030640324,0.002008264030640324,0.2357300966978073,0.976031482219696,0.34,1,1,785,FP32-token-IDs
ClinicalBERT,17a4w6o,605,155,1133,but,but,False,hopelessness,0.002552010933868587,0.002552010933868587,0.43375319242477417,0.9784163236618042,0.34,1,1,785,FP32-token-IDs
ClinicalBERT,17a4w6o,605,155,1133,but,but,False,loneliness,0.003690658777486533,0.003690658777486533,0.28072866797447205,0.9781886339187622,0.34,1,1,785,FP32-token-IDs
ClinicalBERT,17a4w6o,605,155,1133,but,but,False,sadness,0.002231204533018172,0.002231204533018172,0.3921002149581909,0.9497569799423218,0.34,1,1,785,FP32-token-IDs
ClinicalBERT,17a4w6o,605,155,1133,but,but,False,suicide intent,-0.0029341524738507965,0.0029341524738507965,0.18813656270503998,0.7636293768882751,0.34,0,1,785,FP32-token-IDs
ClinicalBERT,17a4w6o,605,155,1133,but,but,False,worthlessness,-0.00041196328432609636,0.00041196328432609636,0.37861868739128113,0.930963933467865,0.34,1,1,785,FP32-token-IDs
ClinicalBERT,17a4w6o,605,156,178,i,i,False,anger,0.0014575827184931506,0.0014575827184931506,0.41402390599250793,0.18097521364688873,0.34,0,0,785,FP32-token-IDs
ClinicalBERT,17a4w6o,605,156,178,i,i,False,brain dysfunction (forget),0.000614938625533666,0.000614938625533666,0.31157273054122925,0.45578429102897644,0.34,1,1,785,FP32-token-IDs
ClinicalBERT,17a4w6o,605,156,178,i,i,False,emptiness,0.0002717098936305514,0.0002717098936305514,0.2357300966978073,0.976031482219696,0.34,1,1,785,FP32-token-IDs
ClinicalBERT,17a4w6o,605,156,178,i,i,False,hopelessness,0.003607590982158269,0.003607590982158269,0.43375319242477417,0.9784163236618042,0.34,1,1,785,FP32-token-IDs
ClinicalBERT,17a4w6o,605,156,178,i,i,False,loneliness,-0.0009700595318073674,0.0009700595318073674,0.28072866797447205,0.9781886339187622,0.34,1,1,785,FP32-token-IDs
ClinicalBERT,17a4w6o,605,156,178,i,i,False,sadness,0.002483445086649486,0.002483445086649486,0.3921002149581909,0.9497569799423218,0.34,1,1,785,FP32-token-IDs
ClinicalBERT,17a4w6o,605,156,178,i,i,False,suicide intent,0.00011066981824114919,0.00011066981824114919,0.18813656270503998,0.7636293768882751,0.34,0,1,785,FP32-token-IDs
ClinicalBERT,17a4w6o,605,156,178,i,i,False,worthlessness,0.0031574469425582462,0.0031574469425582462,0.37861868739128113,0.930963933467865,0.34,1,1,785,FP32-token-IDs
ClinicalBERT,17a4w6o,605,157,787,’,’,False,anger,0.0014575827184931506,0.0014575827184931506,0.41402390599250793,0.18097521364688873,0.34,0,0,785,FP32-token-IDs
ClinicalBERT,17a4w6o,605,157,787,’,’,False,brain dysfunction (forget),0.000614938625533666,0.000614938625533666,0.31157273054122925,0.45578429102897644,0.34,1,1,785,FP32-token-IDs
ClinicalBERT,17a4w6o,605,157,787,’,’,False,emptiness,0.0002717098936305514,0.0002717098936305514,0.2357300966978073,0.976031482219696,0.34,1,1,785,FP32-token-IDs
ClinicalBERT,17a4w6o,605,157,787,’,’,False,hopelessness,0.003607590982158269,0.003607590982158269,0.43375319242477417,0.9784163236618042,0.34,1,1,785,FP32-token-IDs
ClinicalBERT,17a4w6o,605,157,787,’,’,False,loneliness,-0.0009700595318073674,0.0009700595318073674,0.28072866797447205,0.9781886339187622,0.34,1,1,785,FP32-token-IDs
ClinicalBERT,17a4w6o,605,157,787,’,’,False,sadness,0.002483445086649486,0.002483445086649486,0.3921002149581909,0.9497569799423218,0.34,1,1,785,FP32-token-IDs
ClinicalBERT,17a4w6o,605,157,787,’,’,False,suicide intent,0.00011066981824114919,0.00011066981824114919,0.18813656270503998,0.7636293768882751,0.34,0,1,785,FP32-token-IDs
ClinicalBERT,17a4w6o,605,157,787,’,’,False,worthlessness,0.0031574469425582462,0.0031574469425582462,0.37861868739128113,0.930963933467865,0.34,1,1,785,FP32-token-IDs
ClinicalBERT,17a4w6o,605,158,182,m,m,False,anger,0.0014575827184931506,0.0014575827184931506,0.41402390599250793,0.18097521364688873,0.34,0,0,785,FP32-token-IDs
ClinicalBERT,17a4w6o,605,158,182,m,m,False,brain dysfunction (forget),0.000614938625533666,0.000614938625533666,0.31157273054122925,0.45578429102897644,0.34,1,1,785,FP32-token-IDs
ClinicalBERT,17a4w6o,605,158,182,m,m,False,emptiness,0.0002717098936305514,0.0002717098936305514,0.2357300966978073,0.976031482219696,0.34,1,1,785,FP32-token-IDs
ClinicalBERT,17a4w6o,605,158,182,m,m,False,hopelessness,0.003607590982158269,0.003607590982158269,0.43375319242477417,0.9784163236618042,0.34,1,1,785,FP32-token-IDs
ClinicalBERT,17a4w6o,605,158,182,m,m,False,loneliness,-0.0009700595318073674,0.0009700595318073674,0.28072866797447205,0.9781886339187622,0.34,1,1,785,FP32-token-IDs
ClinicalBERT,17a4w6o,605,158,182,m,m,False,sadness,0.002483445086649486,0.002483445086649486,0.3921002149581909,0.9497569799423218,0.34,1,1,785,FP32-token-IDs
ClinicalBERT,17a4w6o,605,158,182,m,m,False,suicide intent,0.00011066981824114919,0.00011066981824114919,0.18813656270503998,0.7636293768882751,0.34,0,1,785,FP32-token-IDs
ClinicalBERT,17a4w6o,605,158,182,m,m,False,worthlessness,0.0031574469425582462,0.0031574469425582462,0.37861868739128113,0.930963933467865,0.34,1,1,785,FP32-token-IDs
ClinicalBERT,17a4w6o,605,159,3737,afraid,afraid,False,anger,0.0014575827184931506,0.0014575827184931506,0.41402390599250793,0.18097521364688873,0.34,0,0,785,FP32-token-IDs
ClinicalBERT,17a4w6o,605,159,3737,afraid,afraid,False,brain dysfunction (forget),0.000614938625533666,0.000614938625533666,0.31157273054122925,0.45578429102897644,0.34,1,1,785,FP32-token-IDs
ClinicalBERT,17a4w6o,605,159,3737,afraid,afraid,False,emptiness,0.0002717098936305514,0.0002717098936305514,0.2357300966978073,0.976031482219696,0.34,1,1,785,FP32-token-IDs
ClinicalBERT,17a4w6o,605,159,3737,afraid,afraid,False,hopelessness,0.003607590982158269,0.003607590982158269,0.43375319242477417,0.9784163236618042,0.34,1,1,785,FP32-token-IDs
ClinicalBERT,17a4w6o,605,159,3737,afraid,afraid,False,loneliness,-0.0009700595318073674,0.0009700595318073674,0.28072866797447205,0.9781886339187622,0.34,1,1,785,FP32-token-IDs
ClinicalBERT,17a4w6o,605,159,3737,afraid,afraid,False,sadness,0.002483445086649486,0.002483445086649486,0.3921002149581909,0.9497569799423218,0.34,1,1,785,FP32-token-IDs
ClinicalBERT,17a4w6o,605,159,3737,afraid,afraid,False,suicide intent,0.00011066981824114919,0.00011066981824114919,0.18813656270503998,0.7636293768882751,0.34,0,1,785,FP32-token-IDs
ClinicalBERT,17a4w6o,605,159,3737,afraid,afraid,False,worthlessness,0.0031574469425582462,0.0031574469425582462,0.37861868739128113,0.930963933467865,0.34,1,1,785,FP32-token-IDs
ClinicalBERT,17a4w6o,605,160,1106,to,to,False,anger,0.005088295599090911,0.005088295599090911,0.41402390599250793,0.18097521364688873,0.34,0,0,785,FP32-token-IDs
ClinicalBERT,17a4w6o,605,160,1106,to,to,False,brain dysfunction (forget),0.009751590074128694,0.009751590074128694,0.31157273054122925,0.45578429102897644,0.34,1,1,785,FP32-token-IDs
ClinicalBERT,17a4w6o,605,160,1106,to,to,False,emptiness,0.005441296540777243,0.005441296540777243,0.2357300966978073,0.976031482219696,0.34,1,1,785,FP32-token-IDs
ClinicalBERT,17a4w6o,605,160,1106,to,to,False,hopelessness,0.010427372286184913,0.010427372286184913,0.43375319242477417,0.9784163236618042,0.34,1,1,785,FP32-token-IDs
ClinicalBERT,17a4w6o,605,160,1106,to,to,False,loneliness,0.004568540577089325,0.004568540577089325,0.28072866797447205,0.9781886339187622,0.34,1,1,785,FP32-token-IDs
ClinicalBERT,17a4w6o,605,160,1106,to,to,False,sadness,0.01399599825076404,0.01399599825076404,0.3921002149581909,0.9497569799423218,0.34,1,1,785,FP32-token-IDs
ClinicalBERT,17a4w6o,605,160,1106,to,to,False,suicide intent,0.14787643239833415,0.14787643239833415,0.18813656270503998,0.7636293768882751,0.34,0,1,785,FP32-token-IDs
ClinicalBERT,17a4w6o,605,160,1106,to,to,False,worthlessness,-0.0033917593093411554,0.0033917593093411554,0.37861868739128113,0.930963933467865,0.34,1,1,785,FP32-token-IDs
ClinicalBERT,17a4w6o,605,161,2939,die,die,False,anger,0.005088295599090911,0.005088295599090911,0.41402390599250793,0.18097521364688873,0.34,0,0,785,FP32-token-IDs
ClinicalBERT,17a4w6o,605,161,2939,die,die,False,brain dysfunction (forget),0.009751590074128694,0.009751590074128694,0.31157273054122925,0.45578429102897644,0.34,1,1,785,FP32-token-IDs
ClinicalBERT,17a4w6o,605,161,2939,die,die,False,emptiness,0.005441296540777243,0.005441296540777243,0.2357300966978073,0.976031482219696,0.34,1,1,785,FP32-token-IDs
ClinicalBERT,17a4w6o,605,161,2939,die,die,False,hopelessness,0.010427372286184913,0.010427372286184913,0.43375319242477417,0.9784163236618042,0.34,1,1,785,FP32-token-IDs
ClinicalBERT,17a4w6o,605,161,2939,die,die,False,loneliness,0.004568540577089325,0.004568540577089325,0.28072866797447205,0.9781886339187622,0.34,1,1,785,FP32-token-IDs
ClinicalBERT,17a4w6o,605,161,2939,die,die,False,sadness,0.01399599825076404,0.01399599825076404,0.3921002149581909,0.9497569799423218,0.34,1,1,785,FP32-token-IDs
ClinicalBERT,17a4w6o,605,161,2939,die,die,False,suicide intent,0.14787643239833415,0.14787643239833415,0.18813656270503998,0.7636293768882751,0.34,0,1,785,FP32-token-IDs
ClinicalBERT,17a4w6o,605,161,2939,die,die,False,worthlessness,-0.0033917593093411554,0.0033917593093411554,0.37861868739128113,0.930963933467865,0.34,1,1,785,FP32-token-IDs
ClinicalBERT,17a4w6o,605,162,136,?,?,False,anger,-0.0033019722461523045,0.0033019722461523045,0.41402390599250793,0.18097521364688873,0.34,0,0,785,FP32-token-IDs
ClinicalBERT,17a4w6o,605,162,136,?,?,False,brain dysfunction (forget),-0.0013257288484878483,0.0013257288484878483,0.31157273054122925,0.45578429102897644,0.34,1,1,785,FP32-token-IDs
ClinicalBERT,17a4w6o,605,162,136,?,?,False,emptiness,-0.00243913796952083,0.00243913796952083,0.2357300966978073,0.976031482219696,0.34,1,1,785,FP32-token-IDs
ClinicalBERT,17a4w6o,605,162,136,?,?,False,hopelessness,0.0018655883503102123,0.0018655883503102123,0.43375319242477417,0.9784163236618042,0.34,1,1,785,FP32-token-IDs
ClinicalBERT,17a4w6o,605,162,136,?,?,False,loneliness,-0.0029226613419485233,0.0029226613419485233,0.28072866797447205,0.9781886339187622,0.34,1,1,785,FP32-token-IDs
ClinicalBERT,17a4w6o,605,162,136,?,?,False,sadness,0.0016283934847230004,0.0016283934847230004,0.3921002149581909,0.9497569799423218,0.34,1,1,785,FP32-token-IDs
ClinicalBERT,17a4w6o,605,162,136,?,?,False,suicide intent,0.008147866232320666,0.008147866232320666,0.18813656270503998,0.7636293768882751,0.34,0,1,785,FP32-token-IDs
ClinicalBERT,17a4w6o,605,162,136,?,?,False,worthlessness,-0.0021113070681513775,0.0021113070681513775,0.37861868739128113,0.930963933467865,0.34,1,1,785,FP32-token-IDs
ClinicalBERT,17a4w6o,605,163,1725,why,why,False,anger,-0.0008040939407822276,0.0008040939407822276,0.41402390599250793,0.18097521364688873,0.34,0,0,785,FP32-token-IDs
ClinicalBERT,17a4w6o,605,163,1725,why,why,False,brain dysfunction (forget),0.0019692035524972846,0.0019692035524972846,0.31157273054122925,0.45578429102897644,0.34,1,1,785,FP32-token-IDs
ClinicalBERT,17a4w6o,605,163,1725,why,why,False,emptiness,0.0074987847557557484,0.0074987847557557484,0.2357300966978073,0.976031482219696,0.34,1,1,785,FP32-token-IDs
ClinicalBERT,17a4w6o,605,163,1725,why,why,False,hopelessness,0.005044963975836123,0.005044963975836123,0.43375319242477417,0.9784163236618042,0.34,1,1,785,FP32-token-IDs
ClinicalBERT,17a4w6o,605,163,1725,why,why,False,loneliness,0.008113912115472237,0.008113912115472237,0.28072866797447205,0.9781886339187622,0.34,1,1,785,FP32-token-IDs
ClinicalBERT,17a4w6o,605,163,1725,why,why,False,sadness,0.004293188286413039,0.004293188286413039,0.3921002149581909,0.9497569799423218,0.34,1,1,785,FP32-token-IDs
ClinicalBERT,17a4w6o,605,163,1725,why,why,False,suicide intent,-0.0017372665627460396,0.0017372665627460396,0.18813656270503998,0.7636293768882751,0.34,0,1,785,FP32-token-IDs
ClinicalBERT,17a4w6o,605,163,1725,why,why,False,worthlessness,0.007140563451685011,0.007140563451685011,0.37861868739128113,0.930963933467865,0.34,1,1,785,FP32-token-IDs
ClinicalBERT,17a4w6o,605,164,1202,do,do,False,anger,-0.0008040939407822276,0.0008040939407822276,0.41402390599250793,0.18097521364688873,0.34,0,0,785,FP32-token-IDs
ClinicalBERT,17a4w6o,605,164,1202,do,do,False,brain dysfunction (forget),0.0019692035524972846,0.0019692035524972846,0.31157273054122925,0.45578429102897644,0.34,1,1,785,FP32-token-IDs
ClinicalBERT,17a4w6o,605,164,1202,do,do,False,emptiness,0.0074987847557557484,0.0074987847557557484,0.2357300966978073,0.976031482219696,0.34,1,1,785,FP32-token-IDs
ClinicalBERT,17a4w6o,605,164,1202,do,do,False,hopelessness,0.005044963975836123,0.005044963975836123,0.43375319242477417,0.9784163236618042,0.34,1,1,785,FP32-token-IDs
ClinicalBERT,17a4w6o,605,164,1202,do,do,False,loneliness,0.008113912115472237,0.008113912115472237,0.28072866797447205,0.9781886339187622,0.34,1,1,785,FP32-token-IDs
ClinicalBERT,17a4w6o,605,164,1202,do,do,False,sadness,0.004293188286413039,0.004293188286413039,0.3921002149581909,0.9497569799423218,0.34,1,1,785,FP32-token-IDs
ClinicalBERT,17a4w6o,605,164,1202,do,do,False,suicide intent,-0.0017372665627460396,0.0017372665627460396,0.18813656270503998,0.7636293768882751,0.34,0,1,785,FP32-token-IDs
ClinicalBERT,17a4w6o,605,164,1202,do,do,False,worthlessness,0.007140563451685011,0.007140563451685011,0.37861868739128113,0.930963933467865,0.34,1,1,785,FP32-token-IDs
ClinicalBERT,17a4w6o,605,165,178,i,i,False,anger,-0.0008040939407822276,0.0008040939407822276,0.41402390599250793,0.18097521364688873,0.34,0,0,785,FP32-token-IDs
ClinicalBERT,17a4w6o,605,165,178,i,i,False,brain dysfunction (forget),0.0019692035524972846,0.0019692035524972846,0.31157273054122925,0.45578429102897644,0.34,1,1,785,FP32-token-IDs
ClinicalBERT,17a4w6o,605,165,178,i,i,False,emptiness,0.0074987847557557484,0.0074987847557557484,0.2357300966978073,0.976031482219696,0.34,1,1,785,FP32-token-IDs
ClinicalBERT,17a4w6o,605,165,178,i,i,False,hopelessness,0.005044963975836123,0.005044963975836123,0.43375319242477417,0.9784163236618042,0.34,1,1,785,FP32-token-IDs
ClinicalBERT,17a4w6o,605,165,178,i,i,False,loneliness,0.008113912115472237,0.008113912115472237,0.28072866797447205,0.9781886339187622,0.34,1,1,785,FP32-token-IDs
ClinicalBERT,17a4w6o,605,165,178,i,i,False,sadness,0.004293188286413039,0.004293188286413039,0.3921002149581909,0.9497569799423218,0.34,1,1,785,FP32-token-IDs
ClinicalBERT,17a4w6o,605,165,178,i,i,False,suicide intent,-0.0017372665627460396,0.0017372665627460396,0.18813656270503998,0.7636293768882751,0.34,0,1,785,FP32-token-IDs
ClinicalBERT,17a4w6o,605,165,178,i,i,False,worthlessness,0.007140563451685011,0.007140563451685011,0.37861868739128113,0.930963933467865,0.34,1,1,785,FP32-token-IDs
ClinicalBERT,17a4w6o,605,166,1631,feel,feel,False,anger,-0.0008040939407822276,0.0008040939407822276,0.41402390599250793,0.18097521364688873,0.34,0,0,785,FP32-token-IDs
ClinicalBERT,17a4w6o,605,166,1631,feel,feel,False,brain dysfunction (forget),0.0019692035524972846,0.0019692035524972846,0.31157273054122925,0.45578429102897644,0.34,1,1,785,FP32-token-IDs
ClinicalBERT,17a4w6o,605,166,1631,feel,feel,False,emptiness,0.0074987847557557484,0.0074987847557557484,0.2357300966978073,0.976031482219696,0.34,1,1,785,FP32-token-IDs
ClinicalBERT,17a4w6o,605,166,1631,feel,feel,False,hopelessness,0.005044963975836123,0.005044963975836123,0.43375319242477417,0.9784163236618042,0.34,1,1,785,FP32-token-IDs
ClinicalBERT,17a4w6o,605,166,1631,feel,feel,False,loneliness,0.008113912115472237,0.008113912115472237,0.28072866797447205,0.9781886339187622,0.34,1,1,785,FP32-token-IDs
ClinicalBERT,17a4w6o,605,166,1631,feel,feel,False,sadness,0.004293188286413039,0.004293188286413039,0.3921002149581909,0.9497569799423218,0.34,1,1,785,FP32-token-IDs
ClinicalBERT,17a4w6o,605,166,1631,feel,feel,False,suicide intent,-0.0017372665627460396,0.0017372665627460396,0.18813656270503998,0.7636293768882751,0.34,0,1,785,FP32-token-IDs
ClinicalBERT,17a4w6o,605,166,1631,feel,feel,False,worthlessness,0.007140563451685011,0.007140563451685011,0.37861868739128113,0.930963933467865,0.34,1,1,785,FP32-token-IDs
ClinicalBERT,17a4w6o,605,167,1177,so,so,False,anger,0.00016657842899717024,0.00016657842899717024,0.41402390599250793,0.18097521364688873,0.34,0,0,785,FP32-token-IDs
ClinicalBERT,17a4w6o,605,167,1177,so,so,False,brain dysfunction (forget),0.00729840998316095,0.00729840998316095,0.31157273054122925,0.45578429102897644,0.34,1,1,785,FP32-token-IDs
ClinicalBERT,17a4w6o,605,167,1177,so,so,False,emptiness,0.023499148964349712,0.023499148964349712,0.2357300966978073,0.976031482219696,0.34,1,1,785,FP32-token-IDs
ClinicalBERT,17a4w6o,605,167,1177,so,so,False,hopelessness,0.010349951906218416,0.010349951906218416,0.43375319242477417,0.9784163236618042,0.34,1,1,785,FP32-token-IDs
ClinicalBERT,17a4w6o,605,167,1177,so,so,False,loneliness,0.02449313436989628,0.02449313436989628,0.28072866797447205,0.9781886339187622,0.34,1,1,785,FP32-token-IDs
ClinicalBERT,17a4w6o,605,167,1177,so,so,False,sadness,0.009194814200912204,0.009194814200912204,0.3921002149581909,0.9497569799423218,0.34,1,1,785,FP32-token-IDs
ClinicalBERT,17a4w6o,605,167,1177,so,so,False,suicide intent,-0.0008821791437055383,0.0008821791437055383,0.18813656270503998,0.7636293768882751,0.34,0,1,785,FP32-token-IDs
ClinicalBERT,17a4w6o,605,167,1177,so,so,False,worthlessness,0.016828232289602358,0.016828232289602358,0.37861868739128113,0.930963933467865,0.34,1,1,785,FP32-token-IDs
ClinicalBERT,17a4w6o,605,168,3427,empty,empty,False,anger,0.00016657842899717024,0.00016657842899717024,0.41402390599250793,0.18097521364688873,0.34,0,0,785,FP32-token-IDs
ClinicalBERT,17a4w6o,605,168,3427,empty,empty,False,brain dysfunction (forget),0.00729840998316095,0.00729840998316095,0.31157273054122925,0.45578429102897644,0.34,1,1,785,FP32-token-IDs
ClinicalBERT,17a4w6o,605,168,3427,empty,empty,False,emptiness,0.023499148964349712,0.023499148964349712,0.2357300966978073,0.976031482219696,0.34,1,1,785,FP32-token-IDs
ClinicalBERT,17a4w6o,605,168,3427,empty,empty,False,hopelessness,0.010349951906218416,0.010349951906218416,0.43375319242477417,0.9784163236618042,0.34,1,1,785,FP32-token-IDs
ClinicalBERT,17a4w6o,605,168,3427,empty,empty,False,loneliness,0.02449313436989628,0.02449313436989628,0.28072866797447205,0.9781886339187622,0.34,1,1,785,FP32-token-IDs
ClinicalBERT,17a4w6o,605,168,3427,empty,empty,False,sadness,0.009194814200912204,0.009194814200912204,0.3921002149581909,0.9497569799423218,0.34,1,1,785,FP32-token-IDs
ClinicalBERT,17a4w6o,605,168,3427,empty,empty,False,suicide intent,-0.0008821791437055383,0.0008821791437055383,0.18813656270503998,0.7636293768882751,0.34,0,1,785,FP32-token-IDs
ClinicalBERT,17a4w6o,605,168,3427,empty,empty,False,worthlessness,0.016828232289602358,0.016828232289602358,0.37861868739128113,0.930963933467865,0.34,1,1,785,FP32-token-IDs
ClinicalBERT,17a4w6o,605,169,117,",",",",False,anger,0.00016657842899717024,0.00016657842899717024,0.41402390599250793,0.18097521364688873,0.34,0,0,785,FP32-token-IDs
ClinicalBERT,17a4w6o,605,169,117,",",",",False,brain dysfunction (forget),0.00729840998316095,0.00729840998316095,0.31157273054122925,0.45578429102897644,0.34,1,1,785,FP32-token-IDs
ClinicalBERT,17a4w6o,605,169,117,",",",",False,emptiness,0.023499148964349712,0.023499148964349712,0.2357300966978073,0.976031482219696,0.34,1,1,785,FP32-token-IDs
ClinicalBERT,17a4w6o,605,169,117,",",",",False,hopelessness,0.010349951906218416,0.010349951906218416,0.43375319242477417,0.9784163236618042,0.34,1,1,785,FP32-token-IDs
ClinicalBERT,17a4w6o,605,169,117,",",",",False,loneliness,0.02449313436989628,0.02449313436989628,0.28072866797447205,0.9781886339187622,0.34,1,1,785,FP32-token-IDs
ClinicalBERT,17a4w6o,605,169,117,",",",",False,sadness,0.009194814200912204,0.009194814200912204,0.3921002149581909,0.9497569799423218,0.34,1,1,785,FP32-token-IDs
ClinicalBERT,17a4w6o,605,169,117,",",",",False,suicide intent,-0.0008821791437055383,0.0008821791437055383,0.18813656270503998,0.7636293768882751,0.34,0,1,785,FP32-token-IDs
ClinicalBERT,17a4w6o,605,169,117,",",",",False,worthlessness,0.016828232289602358,0.016828232289602358,0.37861868739128113,0.930963933467865,0.34,1,1,785,FP32-token-IDs
ClinicalBERT,17a4w6o,605,170,1870,yet,yet,False,anger,-0.0036178555455990136,0.0036178555455990136,0.41402390599250793,0.18097521364688873,0.34,0,0,785,FP32-token-IDs
ClinicalBERT,17a4w6o,605,170,1870,yet,yet,False,brain dysfunction (forget),0.004160302574746311,0.004160302574746311,0.31157273054122925,0.45578429102897644,0.34,1,1,785,FP32-token-IDs
ClinicalBERT,17a4w6o,605,170,1870,yet,yet,False,emptiness,0.004050202725920826,0.004050202725920826,0.2357300966978073,0.976031482219696,0.34,1,1,785,FP32-token-IDs
ClinicalBERT,17a4w6o,605,170,1870,yet,yet,False,hopelessness,0.0019032927230000496,0.0019032927230000496,0.43375319242477417,0.9784163236618042,0.34,1,1,785,FP32-token-IDs
ClinicalBERT,17a4w6o,605,170,1870,yet,yet,False,loneliness,0.0031270337640307844,0.0031270337640307844,0.28072866797447205,0.9781886339187622,0.34,1,1,785,FP32-token-IDs
ClinicalBERT,17a4w6o,605,170,1870,yet,yet,False,sadness,0.001964202499948442,0.001964202499948442,0.3921002149581909,0.9497569799423218,0.34,1,1,785,FP32-token-IDs
ClinicalBERT,17a4w6o,605,170,1870,yet,yet,False,suicide intent,0.003350309212692082,0.003350309212692082,0.18813656270503998,0.7636293768882751,0.34,0,1,785,FP32-token-IDs
ClinicalBERT,17a4w6o,605,170,1870,yet,yet,False,worthlessness,0.0023099974496290088,0.0023099974496290088,0.37861868739128113,0.930963933467865,0.34,1,1,785,FP32-token-IDs
ClinicalBERT,17a4w6o,605,171,178,i,i,False,anger,-0.0036178555455990136,0.0036178555455990136,0.41402390599250793,0.18097521364688873,0.34,0,0,785,FP32-token-IDs
ClinicalBERT,17a4w6o,605,171,178,i,i,False,brain dysfunction (forget),0.004160302574746311,0.004160302574746311,0.31157273054122925,0.45578429102897644,0.34,1,1,785,FP32-token-IDs
ClinicalBERT,17a4w6o,605,171,178,i,i,False,emptiness,0.004050202725920826,0.004050202725920826,0.2357300966978073,0.976031482219696,0.34,1,1,785,FP32-token-IDs
ClinicalBERT,17a4w6o,605,171,178,i,i,False,hopelessness,0.0019032927230000496,0.0019032927230000496,0.43375319242477417,0.9784163236618042,0.34,1,1,785,FP32-token-IDs
ClinicalBERT,17a4w6o,605,171,178,i,i,False,loneliness,0.0031270337640307844,0.0031270337640307844,0.28072866797447205,0.9781886339187622,0.34,1,1,785,FP32-token-IDs
ClinicalBERT,17a4w6o,605,171,178,i,i,False,sadness,0.001964202499948442,0.001964202499948442,0.3921002149581909,0.9497569799423218,0.34,1,1,785,FP32-token-IDs
ClinicalBERT,17a4w6o,605,171,178,i,i,False,suicide intent,0.003350309212692082,0.003350309212692082,0.18813656270503998,0.7636293768882751,0.34,0,1,785,FP32-token-IDs
ClinicalBERT,17a4w6o,605,171,178,i,i,False,worthlessness,0.0023099974496290088,0.0023099974496290088,0.37861868739128113,0.930963933467865,0.34,1,1,785,FP32-token-IDs
ClinicalBERT,17a4w6o,605,172,787,’,’,False,anger,-0.0036178555455990136,0.0036178555455990136,0.41402390599250793,0.18097521364688873,0.34,0,0,785,FP32-token-IDs
ClinicalBERT,17a4w6o,605,172,787,’,’,False,brain dysfunction (forget),0.004160302574746311,0.004160302574746311,0.31157273054122925,0.45578429102897644,0.34,1,1,785,FP32-token-IDs
ClinicalBERT,17a4w6o,605,172,787,’,’,False,emptiness,0.004050202725920826,0.004050202725920826,0.2357300966978073,0.976031482219696,0.34,1,1,785,FP32-token-IDs
ClinicalBERT,17a4w6o,605,172,787,’,’,False,hopelessness,0.0019032927230000496,0.0019032927230000496,0.43375319242477417,0.9784163236618042,0.34,1,1,785,FP32-token-IDs
ClinicalBERT,17a4w6o,605,172,787,’,’,False,loneliness,0.0031270337640307844,0.0031270337640307844,0.28072866797447205,0.9781886339187622,0.34,1,1,785,FP32-token-IDs
ClinicalBERT,17a4w6o,605,172,787,’,’,False,sadness,0.001964202499948442,0.001964202499948442,0.3921002149581909,0.9497569799423218,0.34,1,1,785,FP32-token-IDs
ClinicalBERT,17a4w6o,605,172,787,’,’,False,suicide intent,0.003350309212692082,0.003350309212692082,0.18813656270503998,0.7636293768882751,0.34,0,1,785,FP32-token-IDs
ClinicalBERT,17a4w6o,605,172,787,’,’,False,worthlessness,0.0023099974496290088,0.0023099974496290088,0.37861868739128113,0.930963933467865,0.34,1,1,785,FP32-token-IDs
ClinicalBERT,17a4w6o,605,173,182,m,m,False,anger,-0.0036178555455990136,0.0036178555455990136,0.41402390599250793,0.18097521364688873,0.34,0,0,785,FP32-token-IDs
ClinicalBERT,17a4w6o,605,173,182,m,m,False,brain dysfunction (forget),0.004160302574746311,0.004160302574746311,0.31157273054122925,0.45578429102897644,0.34,1,1,785,FP32-token-IDs
ClinicalBERT,17a4w6o,605,173,182,m,m,False,emptiness,0.004050202725920826,0.004050202725920826,0.2357300966978073,0.976031482219696,0.34,1,1,785,FP32-token-IDs
ClinicalBERT,17a4w6o,605,173,182,m,m,False,hopelessness,0.0019032927230000496,0.0019032927230000496,0.43375319242477417,0.9784163236618042,0.34,1,1,785,FP32-token-IDs
ClinicalBERT,17a4w6o,605,173,182,m,m,False,loneliness,0.0031270337640307844,0.0031270337640307844,0.28072866797447205,0.9781886339187622,0.34,1,1,785,FP32-token-IDs
ClinicalBERT,17a4w6o,605,173,182,m,m,False,sadness,0.001964202499948442,0.001964202499948442,0.3921002149581909,0.9497569799423218,0.34,1,1,785,FP32-token-IDs
ClinicalBERT,17a4w6o,605,173,182,m,m,False,suicide intent,0.003350309212692082,0.003350309212692082,0.18813656270503998,0.7636293768882751,0.34,0,1,785,FP32-token-IDs
ClinicalBERT,17a4w6o,605,173,182,m,m,False,worthlessness,0.0023099974496290088,0.0023099974496290088,0.37861868739128113,0.930963933467865,0.34,1,1,785,FP32-token-IDs
ClinicalBERT,17a4w6o,605,174,1554,full,full,False,anger,-0.020284750770467024,0.020284750770467024,0.41402390599250793,0.18097521364688873,0.34,0,0,785,FP32-token-IDs
ClinicalBERT,17a4w6o,605,174,1554,full,full,False,brain dysfunction (forget),0.0025126681430265307,0.0025126681430265307,0.31157273054122925,0.45578429102897644,0.34,1,1,785,FP32-token-IDs
ClinicalBERT,17a4w6o,605,174,1554,full,full,False,emptiness,0.0014588124856042366,0.0014588124856042366,0.2357300966978073,0.976031482219696,0.34,1,1,785,FP32-token-IDs
ClinicalBERT,17a4w6o,605,174,1554,full,full,False,hopelessness,0.0010996431422730286,0.0010996431422730286,0.43375319242477417,0.9784163236618042,0.34,1,1,785,FP32-token-IDs
ClinicalBERT,17a4w6o,605,174,1554,full,full,False,loneliness,0.000530110381077975,0.000530110381077975,0.28072866797447205,0.9781886339187622,0.34,1,1,785,FP32-token-IDs
ClinicalBERT,17a4w6o,605,174,1554,full,full,False,sadness,0.0006481521995738149,0.0006481521995738149,0.3921002149581909,0.9497569799423218,0.34,1,1,785,FP32-token-IDs
ClinicalBERT,17a4w6o,605,174,1554,full,full,False,suicide intent,-0.004575853507655363,0.004575853507655363,0.18813656270503998,0.7636293768882751,0.34,0,1,785,FP32-token-IDs
ClinicalBERT,17a4w6o,605,174,1554,full,full,False,worthlessness,-0.0018816761439666152,0.0018816761439666152,0.37861868739128113,0.930963933467865,0.34,1,1,785,FP32-token-IDs
ClinicalBERT,17a4w6o,605,175,1104,of,of,False,anger,-0.020284750770467024,0.020284750770467024,0.41402390599250793,0.18097521364688873,0.34,0,0,785,FP32-token-IDs
ClinicalBERT,17a4w6o,605,175,1104,of,of,False,brain dysfunction (forget),0.0025126681430265307,0.0025126681430265307,0.31157273054122925,0.45578429102897644,0.34,1,1,785,FP32-token-IDs
ClinicalBERT,17a4w6o,605,175,1104,of,of,False,emptiness,0.0014588124856042366,0.0014588124856042366,0.2357300966978073,0.976031482219696,0.34,1,1,785,FP32-token-IDs
ClinicalBERT,17a4w6o,605,175,1104,of,of,False,hopelessness,0.0010996431422730286,0.0010996431422730286,0.43375319242477417,0.9784163236618042,0.34,1,1,785,FP32-token-IDs
ClinicalBERT,17a4w6o,605,175,1104,of,of,False,loneliness,0.000530110381077975,0.000530110381077975,0.28072866797447205,0.9781886339187622,0.34,1,1,785,FP32-token-IDs
ClinicalBERT,17a4w6o,605,175,1104,of,of,False,sadness,0.0006481521995738149,0.0006481521995738149,0.3921002149581909,0.9497569799423218,0.34,1,1,785,FP32-token-IDs
ClinicalBERT,17a4w6o,605,175,1104,of,of,False,suicide intent,-0.004575853507655363,0.004575853507655363,0.18813656270503998,0.7636293768882751,0.34,0,1,785,FP32-token-IDs
ClinicalBERT,17a4w6o,605,175,1104,of,of,False,worthlessness,-0.0018816761439666152,0.0018816761439666152,0.37861868739128113,0.930963933467865,0.34,1,1,785,FP32-token-IDs
ClinicalBERT,17a4w6o,605,176,6288,emotions,emotions,False,anger,-0.020284750770467024,0.020284750770467024,0.41402390599250793,0.18097521364688873,0.34,0,0,785,FP32-token-IDs
ClinicalBERT,17a4w6o,605,176,6288,emotions,emotions,False,brain dysfunction (forget),0.0025126681430265307,0.0025126681430265307,0.31157273054122925,0.45578429102897644,0.34,1,1,785,FP32-token-IDs
ClinicalBERT,17a4w6o,605,176,6288,emotions,emotions,False,emptiness,0.0014588124856042366,0.0014588124856042366,0.2357300966978073,0.976031482219696,0.34,1,1,785,FP32-token-IDs
ClinicalBERT,17a4w6o,605,176,6288,emotions,emotions,False,hopelessness,0.0010996431422730286,0.0010996431422730286,0.43375319242477417,0.9784163236618042,0.34,1,1,785,FP32-token-IDs
ClinicalBERT,17a4w6o,605,176,6288,emotions,emotions,False,loneliness,0.000530110381077975,0.000530110381077975,0.28072866797447205,0.9781886339187622,0.34,1,1,785,FP32-token-IDs
ClinicalBERT,17a4w6o,605,176,6288,emotions,emotions,False,sadness,0.0006481521995738149,0.0006481521995738149,0.3921002149581909,0.9497569799423218,0.34,1,1,785,FP32-token-IDs
ClinicalBERT,17a4w6o,605,176,6288,emotions,emotions,False,suicide intent,-0.004575853507655363,0.004575853507655363,0.18813656270503998,0.7636293768882751,0.34,0,1,785,FP32-token-IDs
ClinicalBERT,17a4w6o,605,176,6288,emotions,emotions,False,worthlessness,-0.0018816761439666152,0.0018816761439666152,0.37861868739128113,0.930963933467865,0.34,1,1,785,FP32-token-IDs
ClinicalBERT,17a4w6o,605,177,136,?,?,False,anger,-0.01592757774051279,0.01592757774051279,0.41402390599250793,0.18097521364688873,0.34,0,0,785,FP32-token-IDs
ClinicalBERT,17a4w6o,605,177,136,?,?,False,brain dysfunction (forget),0.003288150648586452,0.003288150648586452,0.31157273054122925,0.45578429102897644,0.34,1,1,785,FP32-token-IDs
ClinicalBERT,17a4w6o,605,177,136,?,?,False,emptiness,0.0023040830274112523,0.0023040830274112523,0.2357300966978073,0.976031482219696,0.34,1,1,785,FP32-token-IDs
ClinicalBERT,17a4w6o,605,177,136,?,?,False,hopelessness,0.0015981639735400677,0.0015981639735400677,0.43375319242477417,0.9784163236618042,0.34,1,1,785,FP32-token-IDs
ClinicalBERT,17a4w6o,605,177,136,?,?,False,loneliness,0.0011325484956614673,0.0011325484956614673,0.28072866797447205,0.9781886339187622,0.34,1,1,785,FP32-token-IDs
ClinicalBERT,17a4w6o,605,177,136,?,?,False,sadness,0.0011187019990757108,0.0011187019990757108,0.3921002149581909,0.9497569799423218,0.34,1,1,785,FP32-token-IDs
ClinicalBERT,17a4w6o,605,177,136,?,?,False,suicide intent,-0.0038437849143519998,0.0038437849143519998,0.18813656270503998,0.7636293768882751,0.34,0,1,785,FP32-token-IDs
ClinicalBERT,17a4w6o,605,177,136,?,?,False,worthlessness,0.0002196083078160882,0.0002196083078160882,0.37861868739128113,0.930963933467865,0.34,1,1,785,FP32-token-IDs
ClinicalBERT,17a4w6o,605,178,178,i,i,False,anger,0.0005103343221194604,0.0005103343221194604,0.41402390599250793,0.18097521364688873,0.34,0,0,785,FP32-token-IDs
ClinicalBERT,17a4w6o,605,178,178,i,i,False,brain dysfunction (forget),0.0006519445930333698,0.0006519445930333698,0.31157273054122925,0.45578429102897644,0.34,1,1,785,FP32-token-IDs
ClinicalBERT,17a4w6o,605,178,178,i,i,False,emptiness,0.0032251149114659607,0.0032251149114659607,0.2357300966978073,0.976031482219696,0.34,1,1,785,FP32-token-IDs
ClinicalBERT,17a4w6o,605,178,178,i,i,False,hopelessness,0.0020937326692921274,0.0020937326692921274,0.43375319242477417,0.9784163236618042,0.34,1,1,785,FP32-token-IDs
ClinicalBERT,17a4w6o,605,178,178,i,i,False,loneliness,0.0035309990183176364,0.0035309990183176364,0.28072866797447205,0.9781886339187622,0.34,1,1,785,FP32-token-IDs
ClinicalBERT,17a4w6o,605,178,178,i,i,False,sadness,0.0021247907267773853,0.0021247907267773853,0.3921002149581909,0.9497569799423218,0.34,1,1,785,FP32-token-IDs
ClinicalBERT,17a4w6o,605,178,178,i,i,False,suicide intent,0.0017774687449940863,0.0017774687449940863,0.18813656270503998,0.7636293768882751,0.34,0,1,785,FP32-token-IDs
ClinicalBERT,17a4w6o,605,178,178,i,i,False,worthlessness,0.002645394266309107,0.002645394266309107,0.37861868739128113,0.930963933467865,0.34,1,1,785,FP32-token-IDs
ClinicalBERT,17a4w6o,605,179,1274,don,don,False,anger,0.0005103343221194604,0.0005103343221194604,0.41402390599250793,0.18097521364688873,0.34,0,0,785,FP32-token-IDs
ClinicalBERT,17a4w6o,605,179,1274,don,don,False,brain dysfunction (forget),0.0006519445930333698,0.0006519445930333698,0.31157273054122925,0.45578429102897644,0.34,1,1,785,FP32-token-IDs
ClinicalBERT,17a4w6o,605,179,1274,don,don,False,emptiness,0.0032251149114659607,0.0032251149114659607,0.2357300966978073,0.976031482219696,0.34,1,1,785,FP32-token-IDs
ClinicalBERT,17a4w6o,605,179,1274,don,don,False,hopelessness,0.0020937326692921274,0.0020937326692921274,0.43375319242477417,0.9784163236618042,0.34,1,1,785,FP32-token-IDs
ClinicalBERT,17a4w6o,605,179,1274,don,don,False,loneliness,0.0035309990183176364,0.0035309990183176364,0.28072866797447205,0.9781886339187622,0.34,1,1,785,FP32-token-IDs
ClinicalBERT,17a4w6o,605,179,1274,don,don,False,sadness,0.0021247907267773853,0.0021247907267773853,0.3921002149581909,0.9497569799423218,0.34,1,1,785,FP32-token-IDs
ClinicalBERT,17a4w6o,605,179,1274,don,don,False,suicide intent,0.0017774687449940863,0.0017774687449940863,0.18813656270503998,0.7636293768882751,0.34,0,1,785,FP32-token-IDs
ClinicalBERT,17a4w6o,605,179,1274,don,don,False,worthlessness,0.002645394266309107,0.002645394266309107,0.37861868739128113,0.930963933467865,0.34,1,1,785,FP32-token-IDs
ClinicalBERT,17a4w6o,605,180,787,’,’,False,anger,0.0005103343221194604,0.0005103343221194604,0.41402390599250793,0.18097521364688873,0.34,0,0,785,FP32-token-IDs
ClinicalBERT,17a4w6o,605,180,787,’,’,False,brain dysfunction (forget),0.0006519445930333697,0.0006519445930333697,0.31157273054122925,0.45578429102897644,0.34,1,1,785,FP32-token-IDs
ClinicalBERT,17a4w6o,605,180,787,’,’,False,emptiness,0.0032251149114659607,0.0032251149114659607,0.2357300966978073,0.976031482219696,0.34,1,1,785,FP32-token-IDs
ClinicalBERT,17a4w6o,605,180,787,’,’,False,hopelessness,0.0020937326692921274,0.0020937326692921274,0.43375319242477417,0.9784163236618042,0.34,1,1,785,FP32-token-IDs
ClinicalBERT,17a4w6o,605,180,787,’,’,False,loneliness,0.003530999018317636,0.003530999018317636,0.28072866797447205,0.9781886339187622,0.34,1,1,785,FP32-token-IDs
ClinicalBERT,17a4w6o,605,180,787,’,’,False,sadness,0.002124790726777385,0.002124790726777385,0.3921002149581909,0.9497569799423218,0.34,1,1,785,FP32-token-IDs
ClinicalBERT,17a4w6o,605,180,787,’,’,False,suicide intent,0.0017774687449940863,0.0017774687449940863,0.18813656270503998,0.7636293768882751,0.34,0,1,785,FP32-token-IDs
ClinicalBERT,17a4w6o,605,180,787,’,’,False,worthlessness,0.0026453942663091073,0.0026453942663091073,0.37861868739128113,0.930963933467865,0.34,1,1,785,FP32-token-IDs
ClinicalBERT,17a4w6o,605,181,189,t,t,False,anger,0.0005103343221194604,0.0005103343221194604,0.41402390599250793,0.18097521364688873,0.34,0,0,785,FP32-token-IDs
ClinicalBERT,17a4w6o,605,181,189,t,t,False,brain dysfunction (forget),0.0006519445930333697,0.0006519445930333697,0.31157273054122925,0.45578429102897644,0.34,1,1,785,FP32-token-IDs
ClinicalBERT,17a4w6o,605,181,189,t,t,False,emptiness,0.0032251149114659607,0.0032251149114659607,0.2357300966978073,0.976031482219696,0.34,1,1,785,FP32-token-IDs
ClinicalBERT,17a4w6o,605,181,189,t,t,False,hopelessness,0.0020937326692921274,0.0020937326692921274,0.43375319242477417,0.9784163236618042,0.34,1,1,785,FP32-token-IDs
ClinicalBERT,17a4w6o,605,181,189,t,t,False,loneliness,0.003530999018317636,0.003530999018317636,0.28072866797447205,0.9781886339187622,0.34,1,1,785,FP32-token-IDs
ClinicalBERT,17a4w6o,605,181,189,t,t,False,sadness,0.002124790726777385,0.002124790726777385,0.3921002149581909,0.9497569799423218,0.34,1,1,785,FP32-token-IDs
ClinicalBERT,17a4w6o,605,181,189,t,t,False,suicide intent,0.0017774687449940863,0.0017774687449940863,0.18813656270503998,0.7636293768882751,0.34,0,1,785,FP32-token-IDs
ClinicalBERT,17a4w6o,605,181,189,t,t,False,worthlessness,0.0026453942663091073,0.0026453942663091073,0.37861868739128113,0.930963933467865,0.34,1,1,785,FP32-token-IDs
ClinicalBERT,17a4w6o,605,182,1221,know,know,False,anger,0.0005103343221194604,0.0005103343221194604,0.41402390599250793,0.18097521364688873,0.34,0,0,785,FP32-token-IDs
ClinicalBERT,17a4w6o,605,182,1221,know,know,False,brain dysfunction (forget),0.0006519445930333697,0.0006519445930333697,0.31157273054122925,0.45578429102897644,0.34,1,1,785,FP32-token-IDs
ClinicalBERT,17a4w6o,605,182,1221,know,know,False,emptiness,0.0032251149114659607,0.0032251149114659607,0.2357300966978073,0.976031482219696,0.34,1,1,785,FP32-token-IDs
ClinicalBERT,17a4w6o,605,182,1221,know,know,False,hopelessness,0.0020937326692921274,0.0020937326692921274,0.43375319242477417,0.9784163236618042,0.34,1,1,785,FP32-token-IDs
ClinicalBERT,17a4w6o,605,182,1221,know,know,False,loneliness,0.003530999018317636,0.003530999018317636,0.28072866797447205,0.9781886339187622,0.34,1,1,785,FP32-token-IDs
ClinicalBERT,17a4w6o,605,182,1221,know,know,False,sadness,0.002124790726777385,0.002124790726777385,0.3921002149581909,0.9497569799423218,0.34,1,1,785,FP32-token-IDs
ClinicalBERT,17a4w6o,605,182,1221,know,know,False,suicide intent,0.0017774687449940863,0.0017774687449940863,0.18813656270503998,0.7636293768882751,0.34,0,1,785,FP32-token-IDs
ClinicalBERT,17a4w6o,605,182,1221,know,know,False,worthlessness,0.0026453942663091073,0.0026453942663091073,0.37861868739128113,0.930963933467865,0.34,1,1,785,FP32-token-IDs
ClinicalBERT,17a4w6o,605,183,1133,but,but,False,anger,0.0004987643155104974,0.0004987643155104974,0.41402390599250793,0.18097521364688873,0.34,0,0,785,FP32-token-IDs
ClinicalBERT,17a4w6o,605,183,1133,but,but,False,brain dysfunction (forget),0.0009709814344258869,0.0009709814344258869,0.31157273054122925,0.45578429102897644,0.34,1,1,785,FP32-token-IDs
ClinicalBERT,17a4w6o,605,183,1133,but,but,False,emptiness,0.003200991421609241,0.003200991421609241,0.2357300966978073,0.976031482219696,0.34,1,1,785,FP32-token-IDs
ClinicalBERT,17a4w6o,605,183,1133,but,but,False,hopelessness,0.0020944591009003275,0.0020944591009003275,0.43375319242477417,0.9784163236618042,0.34,1,1,785,FP32-token-IDs
ClinicalBERT,17a4w6o,605,183,1133,but,but,False,loneliness,0.0034910035566152894,0.0034910035566152894,0.28072866797447205,0.9781886339187622,0.34,1,1,785,FP32-token-IDs
ClinicalBERT,17a4w6o,605,183,1133,but,but,False,sadness,0.002099051951047252,0.002099051951047252,0.3921002149581909,0.9497569799423218,0.34,1,1,785,FP32-token-IDs
ClinicalBERT,17a4w6o,605,183,1133,but,but,False,suicide intent,0.0019910530488499822,0.0019910530488499822,0.18813656270503998,0.7636293768882751,0.34,0,1,785,FP32-token-IDs
ClinicalBERT,17a4w6o,605,183,1133,but,but,False,worthlessness,0.002627260298194254,0.002627260298194254,0.37861868739128113,0.930963933467865,0.34,1,1,785,FP32-token-IDs
ClinicalBERT,17a4w6o,605,184,1268,right,right,False,anger,0.0004987643155104974,0.0004987643155104974,0.41402390599250793,0.18097521364688873,0.34,0,0,785,FP32-token-IDs
ClinicalBERT,17a4w6o,605,184,1268,right,right,False,brain dysfunction (forget),0.0009709814344258869,0.0009709814344258869,0.31157273054122925,0.45578429102897644,0.34,1,1,785,FP32-token-IDs
ClinicalBERT,17a4w6o,605,184,1268,right,right,False,emptiness,0.003200991421609241,0.003200991421609241,0.2357300966978073,0.976031482219696,0.34,1,1,785,FP32-token-IDs
ClinicalBERT,17a4w6o,605,184,1268,right,right,False,hopelessness,0.0020944591009003275,0.0020944591009003275,0.43375319242477417,0.9784163236618042,0.34,1,1,785,FP32-token-IDs
ClinicalBERT,17a4w6o,605,184,1268,right,right,False,loneliness,0.0034910035566152894,0.0034910035566152894,0.28072866797447205,0.9781886339187622,0.34,1,1,785,FP32-token-IDs
ClinicalBERT,17a4w6o,605,184,1268,right,right,False,sadness,0.002099051951047252,0.002099051951047252,0.3921002149581909,0.9497569799423218,0.34,1,1,785,FP32-token-IDs
ClinicalBERT,17a4w6o,605,184,1268,right,right,False,suicide intent,0.0019910530488499822,0.0019910530488499822,0.18813656270503998,0.7636293768882751,0.34,0,1,785,FP32-token-IDs
ClinicalBERT,17a4w6o,605,184,1268,right,right,False,worthlessness,0.002627260298194254,0.002627260298194254,0.37861868739128113,0.930963933467865,0.34,1,1,785,FP32-token-IDs
ClinicalBERT,17a4w6o,605,185,1208,now,now,False,anger,0.0004987643155104974,0.0004987643155104974,0.41402390599250793,0.18097521364688873,0.34,0,0,785,FP32-token-IDs
ClinicalBERT,17a4w6o,605,185,1208,now,now,False,brain dysfunction (forget),0.0009709814344258869,0.0009709814344258869,0.31157273054122925,0.45578429102897644,0.34,1,1,785,FP32-token-IDs
ClinicalBERT,17a4w6o,605,185,1208,now,now,False,emptiness,0.003200991421609241,0.003200991421609241,0.2357300966978073,0.976031482219696,0.34,1,1,785,FP32-token-IDs
ClinicalBERT,17a4w6o,605,185,1208,now,now,False,hopelessness,0.0020944591009003275,0.0020944591009003275,0.43375319242477417,0.9784163236618042,0.34,1,1,785,FP32-token-IDs
ClinicalBERT,17a4w6o,605,185,1208,now,now,False,loneliness,0.0034910035566152894,0.0034910035566152894,0.28072866797447205,0.9781886339187622,0.34,1,1,785,FP32-token-IDs
ClinicalBERT,17a4w6o,605,185,1208,now,now,False,sadness,0.002099051951047252,0.002099051951047252,0.3921002149581909,0.9497569799423218,0.34,1,1,785,FP32-token-IDs
ClinicalBERT,17a4w6o,605,185,1208,now,now,False,suicide intent,0.0019910530488499822,0.0019910530488499822,0.18813656270503998,0.7636293768882751,0.34,0,1,785,FP32-token-IDs
ClinicalBERT,17a4w6o,605,185,1208,now,now,False,worthlessness,0.002627260298194254,0.002627260298194254,0.37861868739128113,0.930963933467865,0.34,1,1,785,FP32-token-IDs
ClinicalBERT,17a4w6o,605,186,178,i,i,False,anger,0.0004987643155104974,0.0004987643155104974,0.41402390599250793,0.18097521364688873,0.34,0,0,785,FP32-token-IDs
ClinicalBERT,17a4w6o,605,186,178,i,i,False,brain dysfunction (forget),0.0009709814344258869,0.0009709814344258869,0.31157273054122925,0.45578429102897644,0.34,1,1,785,FP32-token-IDs
ClinicalBERT,17a4w6o,605,186,178,i,i,False,emptiness,0.003200991421609241,0.003200991421609241,0.2357300966978073,0.976031482219696,0.34,1,1,785,FP32-token-IDs
ClinicalBERT,17a4w6o,605,186,178,i,i,False,hopelessness,0.0020944591009003275,0.0020944591009003275,0.43375319242477417,0.9784163236618042,0.34,1,1,785,FP32-token-IDs
ClinicalBERT,17a4w6o,605,186,178,i,i,False,loneliness,0.0034910035566152894,0.0034910035566152894,0.28072866797447205,0.9781886339187622,0.34,1,1,785,FP32-token-IDs
ClinicalBERT,17a4w6o,605,186,178,i,i,False,sadness,0.002099051951047252,0.002099051951047252,0.3921002149581909,0.9497569799423218,0.34,1,1,785,FP32-token-IDs
ClinicalBERT,17a4w6o,605,186,178,i,i,False,suicide intent,0.0019910530488499822,0.0019910530488499822,0.18813656270503998,0.7636293768882751,0.34,0,1,785,FP32-token-IDs
ClinicalBERT,17a4w6o,605,186,178,i,i,False,worthlessness,0.002627260298194254,0.002627260298194254,0.37861868739128113,0.930963933467865,0.34,1,1,785,FP32-token-IDs
ClinicalBERT,17a4w6o,605,187,1444,need,need,False,anger,0.0004987643155104974,0.0004987643155104974,0.41402390599250793,0.18097521364688873,0.34,0,0,785,FP32-token-IDs
ClinicalBERT,17a4w6o,605,187,1444,need,need,False,brain dysfunction (forget),0.0009709814344258869,0.0009709814344258869,0.31157273054122925,0.45578429102897644,0.34,1,1,785,FP32-token-IDs
ClinicalBERT,17a4w6o,605,187,1444,need,need,False,emptiness,0.003200991421609241,0.003200991421609241,0.2357300966978073,0.976031482219696,0.34,1,1,785,FP32-token-IDs
ClinicalBERT,17a4w6o,605,187,1444,need,need,False,hopelessness,0.0020944591009003275,0.0020944591009003275,0.43375319242477417,0.9784163236618042,0.34,1,1,785,FP32-token-IDs
ClinicalBERT,17a4w6o,605,187,1444,need,need,False,loneliness,0.0034910035566152894,0.0034910035566152894,0.28072866797447205,0.9781886339187622,0.34,1,1,785,FP32-token-IDs
ClinicalBERT,17a4w6o,605,187,1444,need,need,False,sadness,0.002099051951047252,0.002099051951047252,0.3921002149581909,0.9497569799423218,0.34,1,1,785,FP32-token-IDs
ClinicalBERT,17a4w6o,605,187,1444,need,need,False,suicide intent,0.0019910530488499822,0.0019910530488499822,0.18813656270503998,0.7636293768882751,0.34,0,1,785,FP32-token-IDs
ClinicalBERT,17a4w6o,605,187,1444,need,need,False,worthlessness,0.002627260298194254,0.002627260298194254,0.37861868739128113,0.930963933467865,0.34,1,1,785,FP32-token-IDs
ClinicalBERT,17a4w6o,605,188,1106,to,to,False,anger,-0.0002757200517323839,0.0002757200517323839,0.41402390599250793,0.18097521364688873,0.34,0,0,785,FP32-token-IDs
ClinicalBERT,17a4w6o,605,188,1106,to,to,False,brain dysfunction (forget),0.0009626191023330228,0.0009626191023330228,0.31157273054122925,0.45578429102897644,0.34,1,1,785,FP32-token-IDs
ClinicalBERT,17a4w6o,605,188,1106,to,to,False,emptiness,0.00151147398346362,0.00151147398346362,0.2357300966978073,0.976031482219696,0.34,1,1,785,FP32-token-IDs
ClinicalBERT,17a4w6o,605,188,1106,to,to,False,hopelessness,0.0010782759167066141,0.0010782759167066141,0.43375319242477417,0.9784163236618042,0.34,1,1,785,FP32-token-IDs
ClinicalBERT,17a4w6o,605,188,1106,to,to,False,loneliness,0.0017662771758349502,0.0017662771758349502,0.28072866797447205,0.9781886339187622,0.34,1,1,785,FP32-token-IDs
ClinicalBERT,17a4w6o,605,188,1106,to,to,False,sadness,0.0015813531745381716,0.0015813531745381716,0.3921002149581909,0.9497569799423218,0.34,1,1,785,FP32-token-IDs
ClinicalBERT,17a4w6o,605,188,1106,to,to,False,suicide intent,0.0016351857989588205,0.0016351857989588205,0.18813656270503998,0.7636293768882751,0.34,0,1,785,FP32-token-IDs
ClinicalBERT,17a4w6o,605,188,1106,to,to,False,worthlessness,0.0006201390114401569,0.0006201390114401569,0.37861868739128113,0.930963933467865,0.34,1,1,785,FP32-token-IDs
ClinicalBERT,17a4w6o,605,189,1243,get,get,False,anger,-0.0002757200517323839,0.0002757200517323839,0.41402390599250793,0.18097521364688873,0.34,0,0,785,FP32-token-IDs
ClinicalBERT,17a4w6o,605,189,1243,get,get,False,brain dysfunction (forget),0.0009626191023330228,0.0009626191023330228,0.31157273054122925,0.45578429102897644,0.34,1,1,785,FP32-token-IDs
ClinicalBERT,17a4w6o,605,189,1243,get,get,False,emptiness,0.00151147398346362,0.00151147398346362,0.2357300966978073,0.976031482219696,0.34,1,1,785,FP32-token-IDs
ClinicalBERT,17a4w6o,605,189,1243,get,get,False,hopelessness,0.0010782759167066141,0.0010782759167066141,0.43375319242477417,0.9784163236618042,0.34,1,1,785,FP32-token-IDs
ClinicalBERT,17a4w6o,605,189,1243,get,get,False,loneliness,0.0017662771758349502,0.0017662771758349502,0.28072866797447205,0.9781886339187622,0.34,1,1,785,FP32-token-IDs
ClinicalBERT,17a4w6o,605,189,1243,get,get,False,sadness,0.0015813531745381716,0.0015813531745381716,0.3921002149581909,0.9497569799423218,0.34,1,1,785,FP32-token-IDs
ClinicalBERT,17a4w6o,605,189,1243,get,get,False,suicide intent,0.0016351857989588205,0.0016351857989588205,0.18813656270503998,0.7636293768882751,0.34,0,1,785,FP32-token-IDs
ClinicalBERT,17a4w6o,605,189,1243,get,get,False,worthlessness,0.0006201390114401569,0.0006201390114401569,0.37861868739128113,0.930963933467865,0.34,1,1,785,FP32-token-IDs
ClinicalBERT,17a4w6o,605,190,1149,out,out,False,anger,-0.0002757200517323839,0.0002757200517323839,0.41402390599250793,0.18097521364688873,0.34,0,0,785,FP32-token-IDs
ClinicalBERT,17a4w6o,605,190,1149,out,out,False,brain dysfunction (forget),0.0009626191023330228,0.0009626191023330228,0.31157273054122925,0.45578429102897644,0.34,1,1,785,FP32-token-IDs
ClinicalBERT,17a4w6o,605,190,1149,out,out,False,emptiness,0.00151147398346362,0.00151147398346362,0.2357300966978073,0.976031482219696,0.34,1,1,785,FP32-token-IDs
ClinicalBERT,17a4w6o,605,190,1149,out,out,False,hopelessness,0.0010782759167066141,0.0010782759167066141,0.43375319242477417,0.9784163236618042,0.34,1,1,785,FP32-token-IDs
ClinicalBERT,17a4w6o,605,190,1149,out,out,False,loneliness,0.0017662771758349502,0.0017662771758349502,0.28072866797447205,0.9781886339187622,0.34,1,1,785,FP32-token-IDs
ClinicalBERT,17a4w6o,605,190,1149,out,out,False,sadness,0.0015813531745381716,0.0015813531745381716,0.3921002149581909,0.9497569799423218,0.34,1,1,785,FP32-token-IDs
ClinicalBERT,17a4w6o,605,190,1149,out,out,False,suicide intent,0.0016351857989588205,0.0016351857989588205,0.18813656270503998,0.7636293768882751,0.34,0,1,785,FP32-token-IDs
ClinicalBERT,17a4w6o,605,190,1149,out,out,False,worthlessness,0.0006201390114401569,0.0006201390114401569,0.37861868739128113,0.930963933467865,0.34,1,1,785,FP32-token-IDs
ClinicalBERT,17a4w6o,605,191,1104,of,of,False,anger,-0.0002757200517323839,0.0002757200517323839,0.41402390599250793,0.18097521364688873,0.34,0,0,785,FP32-token-IDs
ClinicalBERT,17a4w6o,605,191,1104,of,of,False,brain dysfunction (forget),0.0009626191023330228,0.0009626191023330228,0.31157273054122925,0.45578429102897644,0.34,1,1,785,FP32-token-IDs
ClinicalBERT,17a4w6o,605,191,1104,of,of,False,emptiness,0.00151147398346362,0.00151147398346362,0.2357300966978073,0.976031482219696,0.34,1,1,785,FP32-token-IDs
ClinicalBERT,17a4w6o,605,191,1104,of,of,False,hopelessness,0.0010782759167066141,0.0010782759167066141,0.43375319242477417,0.9784163236618042,0.34,1,1,785,FP32-token-IDs
ClinicalBERT,17a4w6o,605,191,1104,of,of,False,loneliness,0.0017662771758349502,0.0017662771758349502,0.28072866797447205,0.9781886339187622,0.34,1,1,785,FP32-token-IDs
ClinicalBERT,17a4w6o,605,191,1104,of,of,False,sadness,0.0015813531745381716,0.0015813531745381716,0.3921002149581909,0.9497569799423218,0.34,1,1,785,FP32-token-IDs
ClinicalBERT,17a4w6o,605,191,1104,of,of,False,suicide intent,0.0016351857989588205,0.0016351857989588205,0.18813656270503998,0.7636293768882751,0.34,0,1,785,FP32-token-IDs
ClinicalBERT,17a4w6o,605,191,1104,of,of,False,worthlessness,0.0006201390114401569,0.0006201390114401569,0.37861868739128113,0.930963933467865,0.34,1,1,785,FP32-token-IDs
ClinicalBERT,17a4w6o,605,192,1139,my,my,False,anger,-7.551550051244373e-05,7.551550051244373e-05,0.41402390599250793,0.18097521364688873,0.34,0,0,785,FP32-token-IDs
ClinicalBERT,17a4w6o,605,192,1139,my,my,False,brain dysfunction (forget),0.0022184484552185075,0.0022184484552185075,0.31157273054122925,0.45578429102897644,0.34,1,1,785,FP32-token-IDs
ClinicalBERT,17a4w6o,605,192,1139,my,my,False,emptiness,0.0016749321159591029,0.0016749321159591029,0.2357300966978073,0.976031482219696,0.34,1,1,785,FP32-token-IDs
ClinicalBERT,17a4w6o,605,192,1139,my,my,False,hopelessness,0.0011844619018148306,0.0011844619018148306,0.43375319242477417,0.9784163236618042,0.34,1,1,785,FP32-token-IDs
ClinicalBERT,17a4w6o,605,192,1139,my,my,False,loneliness,0.002020089275331474,0.002020089275331474,0.28072866797447205,0.9781886339187622,0.34,1,1,785,FP32-token-IDs
ClinicalBERT,17a4w6o,605,192,1139,my,my,False,sadness,0.0016455653825310432,0.0016455653825310432,0.3921002149581909,0.9497569799423218,0.34,1,1,785,FP32-token-IDs
ClinicalBERT,17a4w6o,605,192,1139,my,my,False,suicide intent,0.0020024180868823153,0.0020024180868823153,0.18813656270503998,0.7636293768882751,0.34,0,1,785,FP32-token-IDs
ClinicalBERT,17a4w6o,605,192,1139,my,my,False,worthlessness,0.0008015721352870056,0.0008015721352870056,0.37861868739128113,0.930963933467865,0.34,1,1,785,FP32-token-IDs
ClinicalBERT,17a4w6o,605,193,1908,bed,bed,False,anger,-7.551550051244373e-05,7.551550051244373e-05,0.41402390599250793,0.18097521364688873,0.34,0,0,785,FP32-token-IDs
ClinicalBERT,17a4w6o,605,193,1908,bed,bed,False,brain dysfunction (forget),0.0022184484552185075,0.0022184484552185075,0.31157273054122925,0.45578429102897644,0.34,1,1,785,FP32-token-IDs
ClinicalBERT,17a4w6o,605,193,1908,bed,bed,False,emptiness,0.0016749321159591029,0.0016749321159591029,0.2357300966978073,0.976031482219696,0.34,1,1,785,FP32-token-IDs
ClinicalBERT,17a4w6o,605,193,1908,bed,bed,False,hopelessness,0.0011844619018148306,0.0011844619018148306,0.43375319242477417,0.9784163236618042,0.34,1,1,785,FP32-token-IDs
ClinicalBERT,17a4w6o,605,193,1908,bed,bed,False,loneliness,0.002020089275331474,0.002020089275331474,0.28072866797447205,0.9781886339187622,0.34,1,1,785,FP32-token-IDs
ClinicalBERT,17a4w6o,605,193,1908,bed,bed,False,sadness,0.0016455653825310432,0.0016455653825310432,0.3921002149581909,0.9497569799423218,0.34,1,1,785,FP32-token-IDs
ClinicalBERT,17a4w6o,605,193,1908,bed,bed,False,suicide intent,0.0020024180868823153,0.0020024180868823153,0.18813656270503998,0.7636293768882751,0.34,0,1,785,FP32-token-IDs
ClinicalBERT,17a4w6o,605,193,1908,bed,bed,False,worthlessness,0.0008015721352870056,0.0008015721352870056,0.37861868739128113,0.930963933467865,0.34,1,1,785,FP32-token-IDs
ClinicalBERT,17a4w6o,605,194,119,.,.,False,anger,-7.551550051244373e-05,7.551550051244373e-05,0.41402390599250793,0.18097521364688873,0.34,0,0,785,FP32-token-IDs
ClinicalBERT,17a4w6o,605,194,119,.,.,False,brain dysfunction (forget),0.0022184484552185075,0.0022184484552185075,0.31157273054122925,0.45578429102897644,0.34,1,1,785,FP32-token-IDs
ClinicalBERT,17a4w6o,605,194,119,.,.,False,emptiness,0.0016749321159591029,0.0016749321159591029,0.2357300966978073,0.976031482219696,0.34,1,1,785,FP32-token-IDs
ClinicalBERT,17a4w6o,605,194,119,.,.,False,hopelessness,0.0011844619018148306,0.0011844619018148306,0.43375319242477417,0.9784163236618042,0.34,1,1,785,FP32-token-IDs
ClinicalBERT,17a4w6o,605,194,119,.,.,False,loneliness,0.002020089275331474,0.002020089275331474,0.28072866797447205,0.9781886339187622,0.34,1,1,785,FP32-token-IDs
ClinicalBERT,17a4w6o,605,194,119,.,.,False,sadness,0.0016455653825310432,0.0016455653825310432,0.3921002149581909,0.9497569799423218,0.34,1,1,785,FP32-token-IDs
ClinicalBERT,17a4w6o,605,194,119,.,.,False,suicide intent,0.0020024180868823153,0.0020024180868823153,0.18813656270503998,0.7636293768882751,0.34,0,1,785,FP32-token-IDs
ClinicalBERT,17a4w6o,605,194,119,.,.,False,worthlessness,0.0008015721352870056,0.0008015721352870056,0.37861868739128113,0.930963933467865,0.34,1,1,785,FP32-token-IDs
ClinicalBERT,17a4w6o,605,195,102,[SEP],,True,anger,-2.421438694000244e-08,2.421438694000244e-08,0.41402390599250793,0.18097521364688873,0.34,0,0,785,FP32-token-IDs
ClinicalBERT,17a4w6o,605,195,102,[SEP],,True,brain dysfunction (forget),-2.7939677238464355e-08,2.7939677238464355e-08,0.31157273054122925,0.45578429102897644,0.34,1,1,785,FP32-token-IDs
ClinicalBERT,17a4w6o,605,195,102,[SEP],,True,emptiness,-4.7497451305389404e-08,4.7497451305389404e-08,0.2357300966978073,0.976031482219696,0.34,1,1,785,FP32-token-IDs
ClinicalBERT,17a4w6o,605,195,102,[SEP],,True,hopelessness,-4.6566128730773926e-08,4.6566128730773926e-08,0.43375319242477417,0.9784163236618042,0.34,1,1,785,FP32-token-IDs
ClinicalBERT,17a4w6o,605,195,102,[SEP],,True,loneliness,-2.3283064365386963e-08,2.3283064365386963e-08,0.28072866797447205,0.9781886339187622,0.34,1,1,785,FP32-token-IDs
ClinicalBERT,17a4w6o,605,195,102,[SEP],,True,sadness,-3.725290298461914e-08,3.725290298461914e-08,0.3921002149581909,0.9497569799423218,0.34,1,1,785,FP32-token-IDs
ClinicalBERT,17a4w6o,605,195,102,[SEP],,True,suicide intent,-5.3085386753082275e-08,5.3085386753082275e-08,0.18813656270503998,0.7636293768882751,0.34,0,1,785,FP32-token-IDs
ClinicalBERT,17a4w6o,605,195,102,[SEP],,True,worthlessness,-2.0489096641540527e-08,2.0489096641540527e-08,0.37861868739128113,0.930963933467865,0.34,1,1,785,FP32-token-IDs
