Model,Sample_ID,Test_Index,Token_Index,Token_ID,Raw_Token,Token,Is_Special_Token,Emotion,SHAP_Value,Abs_SHAP,Base_Value,Model_Probability,Threshold,True_Label,Predicted_Label,SHAP_Max_Evals,XAI_Inference
ClinicalBERT,11q4ikh,309,0,101,[CLS],,True,anger,0.005137538071721792,0.005137538071721792,0.41998428106307983,0.7016873955726624,0.34,0,1,600,FP32-token-IDs
ClinicalBERT,11q4ikh,309,0,101,[CLS],,True,brain dysfunction (forget),0.0004402538761496544,0.0004402538761496544,0.31644606590270996,0.3851734697818756,0.34,1,1,600,FP32-token-IDs
ClinicalBERT,11q4ikh,309,0,101,[CLS],,True,emptiness,0.010870394762605429,0.010870394762605429,0.1924600899219513,0.9631192684173584,0.34,1,1,600,FP32-token-IDs
ClinicalBERT,11q4ikh,309,0,101,[CLS],,True,hopelessness,0.008012680569663644,0.008012680569663644,0.36849674582481384,0.9833058714866638,0.34,1,1,600,FP32-token-IDs
ClinicalBERT,11q4ikh,309,0,101,[CLS],,True,loneliness,0.008570620440877974,0.008570620440877974,0.21519693732261658,0.9769633412361145,0.34,1,1,600,FP32-token-IDs
ClinicalBERT,11q4ikh,309,0,101,[CLS],,True,sadness,0.005222441395744681,0.005222441395744681,0.36578479409217834,0.9594785571098328,0.34,1,1,600,FP32-token-IDs
ClinicalBERT,11q4ikh,309,0,101,[CLS],,True,suicide intent,0.005416542990133166,0.005416542990133166,0.1683303564786911,0.4653538465499878,0.34,0,1,600,FP32-token-IDs
ClinicalBERT,11q4ikh,309,0,101,[CLS],,True,worthlessness,0.010794413741678,0.010794413741678,0.337674617767334,0.9495809078216553,0.34,1,1,600,FP32-token-IDs
ClinicalBERT,11q4ikh,309,1,8582,nobody,nobody,False,anger,0.011596604716032743,0.011596604716032743,0.41998428106307983,0.7016873955726624,0.34,0,1,600,FP32-token-IDs
ClinicalBERT,11q4ikh,309,1,8582,nobody,nobody,False,brain dysfunction (forget),0.0032026052940636873,0.0032026052940636873,0.31644606590270996,0.3851734697818756,0.34,1,1,600,FP32-token-IDs
ClinicalBERT,11q4ikh,309,1,8582,nobody,nobody,False,emptiness,0.044920228188857436,0.044920228188857436,0.1924600899219513,0.9631192684173584,0.34,1,1,600,FP32-token-IDs
ClinicalBERT,11q4ikh,309,1,8582,nobody,nobody,False,hopelessness,0.017110457876697183,0.017110457876697183,0.36849674582481384,0.9833058714866638,0.34,1,1,600,FP32-token-IDs
ClinicalBERT,11q4ikh,309,1,8582,nobody,nobody,False,loneliness,0.03344772069249302,0.03344772069249302,0.21519693732261658,0.9769633412361145,0.34,1,1,600,FP32-token-IDs
ClinicalBERT,11q4ikh,309,1,8582,nobody,nobody,False,sadness,0.013102545170113444,0.013102545170113444,0.36578479409217834,0.9594785571098328,0.34,1,1,600,FP32-token-IDs
ClinicalBERT,11q4ikh,309,1,8582,nobody,nobody,False,suicide intent,0.017494284256827086,0.017494284256827086,0.1683303564786911,0.4653538465499878,0.34,0,1,600,FP32-token-IDs
ClinicalBERT,11q4ikh,309,1,8582,nobody,nobody,False,worthlessness,0.030046791303902864,0.030046791303902864,0.337674617767334,0.9495809078216553,0.34,1,1,600,FP32-token-IDs
ClinicalBERT,11q4ikh,309,2,1518,ever,ever,False,anger,0.0077471439726650715,0.0077471439726650715,0.41998428106307983,0.7016873955726624,0.34,0,1,600,FP32-token-IDs
ClinicalBERT,11q4ikh,309,2,1518,ever,ever,False,brain dysfunction (forget),0.006037765298970044,0.006037765298970044,0.31644606590270996,0.3851734697818756,0.34,1,1,600,FP32-token-IDs
ClinicalBERT,11q4ikh,309,2,1518,ever,ever,False,emptiness,0.00883432908449322,0.00883432908449322,0.1924600899219513,0.9631192684173584,0.34,1,1,600,FP32-token-IDs
ClinicalBERT,11q4ikh,309,2,1518,ever,ever,False,hopelessness,0.008083484368398786,0.008083484368398786,0.36849674582481384,0.9833058714866638,0.34,1,1,600,FP32-token-IDs
ClinicalBERT,11q4ikh,309,2,1518,ever,ever,False,loneliness,0.006727609899826348,0.006727609899826348,0.21519693732261658,0.9769633412361145,0.34,1,1,600,FP32-token-IDs
ClinicalBERT,11q4ikh,309,2,1518,ever,ever,False,sadness,0.002871647709980607,0.002871647709980607,0.36578479409217834,0.9594785571098328,0.34,1,1,600,FP32-token-IDs
ClinicalBERT,11q4ikh,309,2,1518,ever,ever,False,suicide intent,0.0014495189243461937,0.0014495189243461937,0.1683303564786911,0.4653538465499878,0.34,0,1,600,FP32-token-IDs
ClinicalBERT,11q4ikh,309,2,1518,ever,ever,False,worthlessness,0.010302245616912842,0.010302245616912842,0.337674617767334,0.9495809078216553,0.34,1,1,600,FP32-token-IDs
ClinicalBERT,11q4ikh,309,3,6685,texts,texts,False,anger,0.0077471439726650715,0.0077471439726650715,0.41998428106307983,0.7016873955726624,0.34,0,1,600,FP32-token-IDs
ClinicalBERT,11q4ikh,309,3,6685,texts,texts,False,brain dysfunction (forget),0.006037765298970044,0.006037765298970044,0.31644606590270996,0.3851734697818756,0.34,1,1,600,FP32-token-IDs
ClinicalBERT,11q4ikh,309,3,6685,texts,texts,False,emptiness,0.00883432908449322,0.00883432908449322,0.1924600899219513,0.9631192684173584,0.34,1,1,600,FP32-token-IDs
ClinicalBERT,11q4ikh,309,3,6685,texts,texts,False,hopelessness,0.008083484368398786,0.008083484368398786,0.36849674582481384,0.9833058714866638,0.34,1,1,600,FP32-token-IDs
ClinicalBERT,11q4ikh,309,3,6685,texts,texts,False,loneliness,0.006727609899826348,0.006727609899826348,0.21519693732261658,0.9769633412361145,0.34,1,1,600,FP32-token-IDs
ClinicalBERT,11q4ikh,309,3,6685,texts,texts,False,sadness,0.002871647709980607,0.002871647709980607,0.36578479409217834,0.9594785571098328,0.34,1,1,600,FP32-token-IDs
ClinicalBERT,11q4ikh,309,3,6685,texts,texts,False,suicide intent,0.0014495189243461937,0.0014495189243461937,0.1683303564786911,0.4653538465499878,0.34,0,1,600,FP32-token-IDs
ClinicalBERT,11q4ikh,309,3,6685,texts,texts,False,worthlessness,0.010302245616912842,0.010302245616912842,0.337674617767334,0.9495809078216553,0.34,1,1,600,FP32-token-IDs
ClinicalBERT,11q4ikh,309,4,1143,me,me,False,anger,0.005944583099335432,0.005944583099335432,0.41998428106307983,0.7016873955726624,0.34,0,1,600,FP32-token-IDs
ClinicalBERT,11q4ikh,309,4,1143,me,me,False,brain dysfunction (forget),-0.0009201372740790248,0.0009201372740790248,0.31644606590270996,0.3851734697818756,0.34,1,1,600,FP32-token-IDs
ClinicalBERT,11q4ikh,309,4,1143,me,me,False,emptiness,0.0006038503488525748,0.0006038503488525748,0.1924600899219513,0.9631192684173584,0.34,1,1,600,FP32-token-IDs
ClinicalBERT,11q4ikh,309,4,1143,me,me,False,hopelessness,0.004189948318526149,0.004189948318526149,0.36849674582481384,0.9833058714866638,0.34,1,1,600,FP32-token-IDs
ClinicalBERT,11q4ikh,309,4,1143,me,me,False,loneliness,0.0002886782167479396,0.0002886782167479396,0.21519693732261658,0.9769633412361145,0.34,1,1,600,FP32-token-IDs
ClinicalBERT,11q4ikh,309,4,1143,me,me,False,sadness,0.0040949617978185415,0.0040949617978185415,0.36578479409217834,0.9594785571098328,0.34,1,1,600,FP32-token-IDs
ClinicalBERT,11q4ikh,309,4,1143,me,me,False,suicide intent,0.0015714348119217902,0.0015714348119217902,0.1683303564786911,0.4653538465499878,0.34,0,1,600,FP32-token-IDs
ClinicalBERT,11q4ikh,309,4,1143,me,me,False,worthlessness,0.004081107676029205,0.004081107676029205,0.337674617767334,0.9495809078216553,0.34,1,1,600,FP32-token-IDs
ClinicalBERT,11q4ikh,309,5,108,#,#,False,anger,0.005944583099335432,0.005944583099335432,0.41998428106307983,0.7016873955726624,0.34,0,1,600,FP32-token-IDs
ClinicalBERT,11q4ikh,309,5,108,#,#,False,brain dysfunction (forget),-0.0009201372740790248,0.0009201372740790248,0.31644606590270996,0.3851734697818756,0.34,1,1,600,FP32-token-IDs
ClinicalBERT,11q4ikh,309,5,108,#,#,False,emptiness,0.0006038503488525748,0.0006038503488525748,0.1924600899219513,0.9631192684173584,0.34,1,1,600,FP32-token-IDs
ClinicalBERT,11q4ikh,309,5,108,#,#,False,hopelessness,0.004189948318526149,0.004189948318526149,0.36849674582481384,0.9833058714866638,0.34,1,1,600,FP32-token-IDs
ClinicalBERT,11q4ikh,309,5,108,#,#,False,loneliness,0.0002886782167479396,0.0002886782167479396,0.21519693732261658,0.9769633412361145,0.34,1,1,600,FP32-token-IDs
ClinicalBERT,11q4ikh,309,5,108,#,#,False,sadness,0.0040949617978185415,0.0040949617978185415,0.36578479409217834,0.9594785571098328,0.34,1,1,600,FP32-token-IDs
ClinicalBERT,11q4ikh,309,5,108,#,#,False,suicide intent,0.0015714348119217902,0.0015714348119217902,0.1683303564786911,0.4653538465499878,0.34,0,1,600,FP32-token-IDs
ClinicalBERT,11q4ikh,309,5,108,#,#,False,worthlessness,0.004081107676029205,0.004081107676029205,0.337674617767334,0.9495809078216553,0.34,1,1,600,FP32-token-IDs
ClinicalBERT,11q4ikh,309,6,108,#,#,False,anger,0.0038136267103254795,0.0038136267103254795,0.41998428106307983,0.7016873955726624,0.34,0,1,600,FP32-token-IDs
ClinicalBERT,11q4ikh,309,6,108,#,#,False,brain dysfunction (forget),-0.000836342922411859,0.000836342922411859,0.31644606590270996,0.3851734697818756,0.34,1,1,600,FP32-token-IDs
ClinicalBERT,11q4ikh,309,6,108,#,#,False,emptiness,-0.0013838285813108087,0.0013838285813108087,0.1924600899219513,0.9631192684173584,0.34,1,1,600,FP32-token-IDs
ClinicalBERT,11q4ikh,309,6,108,#,#,False,hopelessness,0.004050108836963773,0.004050108836963773,0.36849674582481384,0.9833058714866638,0.34,1,1,600,FP32-token-IDs
ClinicalBERT,11q4ikh,309,6,108,#,#,False,loneliness,-0.0033152244286611676,0.0033152244286611676,0.21519693732261658,0.9769633412361145,0.34,1,1,600,FP32-token-IDs
ClinicalBERT,11q4ikh,309,6,108,#,#,False,sadness,0.003469825955107808,0.003469825955107808,0.36578479409217834,0.9594785571098328,0.34,1,1,600,FP32-token-IDs
ClinicalBERT,11q4ikh,309,6,108,#,#,False,suicide intent,0.0009013187664095312,0.0009013187664095312,0.1683303564786911,0.4653538465499878,0.34,0,1,600,FP32-token-IDs
ClinicalBERT,11q4ikh,309,6,108,#,#,False,worthlessness,0.0037808394990861416,0.0037808394990861416,0.337674617767334,0.9495809078216553,0.34,1,1,600,FP32-token-IDs
ClinicalBERT,11q4ikh,309,7,108,#,#,False,anger,0.003905933815985918,0.003905933815985918,0.41998428106307983,0.7016873955726624,0.34,0,1,600,FP32-token-IDs
ClinicalBERT,11q4ikh,309,7,108,#,#,False,brain dysfunction (forget),-0.0007670646300539374,0.0007670646300539374,0.31644606590270996,0.3851734697818756,0.34,1,1,600,FP32-token-IDs
ClinicalBERT,11q4ikh,309,7,108,#,#,False,emptiness,-0.0012393990764394403,0.0012393990764394403,0.1924600899219513,0.9631192684173584,0.34,1,1,600,FP32-token-IDs
ClinicalBERT,11q4ikh,309,7,108,#,#,False,hopelessness,0.004045609617605805,0.004045609617605805,0.36849674582481384,0.9833058714866638,0.34,1,1,600,FP32-token-IDs
ClinicalBERT,11q4ikh,309,7,108,#,#,False,loneliness,-0.003067622077651322,0.003067622077651322,0.21519693732261658,0.9769633412361145,0.34,1,1,600,FP32-token-IDs
ClinicalBERT,11q4ikh,309,7,108,#,#,False,sadness,0.0034583101514726877,0.0034583101514726877,0.36578479409217834,0.9594785571098328,0.34,1,1,600,FP32-token-IDs
ClinicalBERT,11q4ikh,309,7,108,#,#,False,suicide intent,0.000977072777459398,0.000977072777459398,0.1683303564786911,0.4653538465499878,0.34,0,1,600,FP32-token-IDs
ClinicalBERT,11q4ikh,309,7,108,#,#,False,worthlessness,0.003779961261898279,0.003779961261898279,0.337674617767334,0.9495809078216553,0.34,1,1,600,FP32-token-IDs
ClinicalBERT,11q4ikh,309,8,178,i,i,False,anger,0.0005136164370924236,0.0005136164370924236,0.41998428106307983,0.7016873955726624,0.34,0,1,600,FP32-token-IDs
ClinicalBERT,11q4ikh,309,8,178,i,i,False,brain dysfunction (forget),-0.008548326347954572,0.008548326347954572,0.31644606590270996,0.3851734697818756,0.34,1,1,600,FP32-token-IDs
ClinicalBERT,11q4ikh,309,8,178,i,i,False,emptiness,0.014050169917754828,0.014050169917754828,0.1924600899219513,0.9631192684173584,0.34,1,1,600,FP32-token-IDs
ClinicalBERT,11q4ikh,309,8,178,i,i,False,hopelessness,0.006906125601381064,0.006906125601381064,0.36849674582481384,0.9833058714866638,0.34,1,1,600,FP32-token-IDs
ClinicalBERT,11q4ikh,309,8,178,i,i,False,loneliness,0.015059735695831477,0.015059735695831477,0.21519693732261658,0.9769633412361145,0.34,1,1,600,FP32-token-IDs
ClinicalBERT,11q4ikh,309,8,178,i,i,False,sadness,0.009932497283443809,0.009932497283443809,0.36578479409217834,0.9594785571098328,0.34,1,1,600,FP32-token-IDs
ClinicalBERT,11q4ikh,309,8,178,i,i,False,suicide intent,0.008544652455020696,0.008544652455020696,0.1683303564786911,0.4653538465499878,0.34,0,1,600,FP32-token-IDs
ClinicalBERT,11q4ikh,309,8,178,i,i,False,worthlessness,0.006326222559437156,0.006326222559437156,0.337674617767334,0.9495809078216553,0.34,1,1,600,FP32-token-IDs
ClinicalBERT,11q4ikh,309,9,1138,have,have,False,anger,0.0005136164370924236,0.0005136164370924236,0.41998428106307983,0.7016873955726624,0.34,0,1,600,FP32-token-IDs
ClinicalBERT,11q4ikh,309,9,1138,have,have,False,brain dysfunction (forget),-0.008548326347954572,0.008548326347954572,0.31644606590270996,0.3851734697818756,0.34,1,1,600,FP32-token-IDs
ClinicalBERT,11q4ikh,309,9,1138,have,have,False,emptiness,0.014050169917754828,0.014050169917754828,0.1924600899219513,0.9631192684173584,0.34,1,1,600,FP32-token-IDs
ClinicalBERT,11q4ikh,309,9,1138,have,have,False,hopelessness,0.006906125601381064,0.006906125601381064,0.36849674582481384,0.9833058714866638,0.34,1,1,600,FP32-token-IDs
ClinicalBERT,11q4ikh,309,9,1138,have,have,False,loneliness,0.015059735695831477,0.015059735695831477,0.21519693732261658,0.9769633412361145,0.34,1,1,600,FP32-token-IDs
ClinicalBERT,11q4ikh,309,9,1138,have,have,False,sadness,0.009932497283443809,0.009932497283443809,0.36578479409217834,0.9594785571098328,0.34,1,1,600,FP32-token-IDs
ClinicalBERT,11q4ikh,309,9,1138,have,have,False,suicide intent,0.008544652455020696,0.008544652455020696,0.1683303564786911,0.4653538465499878,0.34,0,1,600,FP32-token-IDs
ClinicalBERT,11q4ikh,309,9,1138,have,have,False,worthlessness,0.006326222559437156,0.006326222559437156,0.337674617767334,0.9495809078216553,0.34,1,1,600,FP32-token-IDs
ClinicalBERT,11q4ikh,309,10,1185,no,no,False,anger,0.0014978576917201282,0.0014978576917201282,0.41998428106307983,0.7016873955726624,0.34,0,1,600,FP32-token-IDs
ClinicalBERT,11q4ikh,309,10,1185,no,no,False,brain dysfunction (forget),-0.007261153042782098,0.007261153042782098,0.31644606590270996,0.3851734697818756,0.34,1,1,600,FP32-token-IDs
ClinicalBERT,11q4ikh,309,10,1185,no,no,False,emptiness,0.03163765098433942,0.03163765098433942,0.1924600899219513,0.9631192684173584,0.34,1,1,600,FP32-token-IDs
ClinicalBERT,11q4ikh,309,10,1185,no,no,False,hopelessness,0.010001534037292004,0.010001534037292004,0.36849674582481384,0.9833058714866638,0.34,1,1,600,FP32-token-IDs
ClinicalBERT,11q4ikh,309,10,1185,no,no,False,loneliness,0.022875214531086385,0.022875214531086385,0.21519693732261658,0.9769633412361145,0.34,1,1,600,FP32-token-IDs
ClinicalBERT,11q4ikh,309,10,1185,no,no,False,sadness,0.012199619086459279,0.012199619086459279,0.36578479409217834,0.9594785571098328,0.34,1,1,600,FP32-token-IDs
ClinicalBERT,11q4ikh,309,10,1185,no,no,False,suicide intent,0.020010811649262904,0.020010811649262904,0.1683303564786911,0.4653538465499878,0.34,0,1,600,FP32-token-IDs
ClinicalBERT,11q4ikh,309,10,1185,no,no,False,worthlessness,0.016494553769007325,0.016494553769007325,0.337674617767334,0.9495809078216553,0.34,1,1,600,FP32-token-IDs
ClinicalBERT,11q4ikh,309,11,2053,friends,friends,False,anger,0.005783696146681905,0.005783696146681905,0.41998428106307983,0.7016873955726624,0.34,0,1,600,FP32-token-IDs
ClinicalBERT,11q4ikh,309,11,2053,friends,friends,False,brain dysfunction (forget),-0.013711339642759413,0.013711339642759413,0.31644606590270996,0.3851734697818756,0.34,1,1,600,FP32-token-IDs
ClinicalBERT,11q4ikh,309,11,2053,friends,friends,False,emptiness,0.02772470850031823,0.02772470850031823,0.1924600899219513,0.9631192684173584,0.34,1,1,600,FP32-token-IDs
ClinicalBERT,11q4ikh,309,11,2053,friends,friends,False,hopelessness,0.009023186191916466,0.009023186191916466,0.36849674582481384,0.9833058714866638,0.34,1,1,600,FP32-token-IDs
ClinicalBERT,11q4ikh,309,11,2053,friends,friends,False,loneliness,0.02404371795710176,0.02404371795710176,0.21519693732261658,0.9769633412361145,0.34,1,1,600,FP32-token-IDs
ClinicalBERT,11q4ikh,309,11,2053,friends,friends,False,sadness,0.01432571210898459,0.01432571210898459,0.36578479409217834,0.9594785571098328,0.34,1,1,600,FP32-token-IDs
ClinicalBERT,11q4ikh,309,11,2053,friends,friends,False,suicide intent,0.0189551881281659,0.0189551881281659,0.1683303564786911,0.4653538465499878,0.34,0,1,600,FP32-token-IDs
ClinicalBERT,11q4ikh,309,11,2053,friends,friends,False,worthlessness,0.011257051723077893,0.011257051723077893,0.337674617767334,0.9495809078216553,0.34,1,1,600,FP32-token-IDs
ClinicalBERT,11q4ikh,309,12,117,",",",",False,anger,-0.0036764515563845633,0.0036764515563845633,0.41998428106307983,0.7016873955726624,0.34,0,1,600,FP32-token-IDs
ClinicalBERT,11q4ikh,309,12,117,",",",",False,brain dysfunction (forget),-0.003644350357353687,0.003644350357353687,0.31644606590270996,0.3851734697818756,0.34,1,1,600,FP32-token-IDs
ClinicalBERT,11q4ikh,309,12,117,",",",",False,emptiness,0.0033333987928926946,0.0033333987928926946,0.1924600899219513,0.9631192684173584,0.34,1,1,600,FP32-token-IDs
ClinicalBERT,11q4ikh,309,12,117,",",",",False,hopelessness,-0.0012401171028614045,0.0012401171028614045,0.36849674582481384,0.9833058714866638,0.34,1,1,600,FP32-token-IDs
ClinicalBERT,11q4ikh,309,12,117,",",",",False,loneliness,0.003419440891593695,0.003419440891593695,0.21519693732261658,0.9769633412361145,0.34,1,1,600,FP32-token-IDs
ClinicalBERT,11q4ikh,309,12,117,",",",",False,sadness,-0.00012076552957296371,0.00012076552957296371,0.36578479409217834,0.9594785571098328,0.34,1,1,600,FP32-token-IDs
ClinicalBERT,11q4ikh,309,12,117,",",",",False,suicide intent,-0.004042605264112353,0.004042605264112353,0.1683303564786911,0.4653538465499878,0.34,0,1,600,FP32-token-IDs
ClinicalBERT,11q4ikh,309,12,117,",",",",False,worthlessness,0.0013971319422125816,0.0013971319422125816,0.337674617767334,0.9495809078216553,0.34,1,1,600,FP32-token-IDs
ClinicalBERT,11q4ikh,309,13,8582,nobody,nobody,False,anger,0.04644574699923396,0.04644574699923396,0.41998428106307983,0.7016873955726624,0.34,0,1,600,FP32-token-IDs
ClinicalBERT,11q4ikh,309,13,8582,nobody,nobody,False,brain dysfunction (forget),0.018785951496101915,0.018785951496101915,0.31644606590270996,0.3851734697818756,0.34,1,1,600,FP32-token-IDs
ClinicalBERT,11q4ikh,309,13,8582,nobody,nobody,False,emptiness,0.06797401276417077,0.06797401276417077,0.1924600899219513,0.9631192684173584,0.34,1,1,600,FP32-token-IDs
ClinicalBERT,11q4ikh,309,13,8582,nobody,nobody,False,hopelessness,0.039247535075992344,0.039247535075992344,0.36849674582481384,0.9833058714866638,0.34,1,1,600,FP32-token-IDs
ClinicalBERT,11q4ikh,309,13,8582,nobody,nobody,False,loneliness,0.029136459808796644,0.029136459808796644,0.21519693732261658,0.9769633412361145,0.34,1,1,600,FP32-token-IDs
ClinicalBERT,11q4ikh,309,13,8582,nobody,nobody,False,sadness,0.023762418329715727,0.023762418329715727,0.36578479409217834,0.9594785571098328,0.34,1,1,600,FP32-token-IDs
ClinicalBERT,11q4ikh,309,13,8582,nobody,nobody,False,suicide intent,0.027693783398717642,0.027693783398717642,0.1683303564786911,0.4653538465499878,0.34,0,1,600,FP32-token-IDs
ClinicalBERT,11q4ikh,309,13,8582,nobody,nobody,False,worthlessness,0.06318212240003049,0.06318212240003049,0.337674617767334,0.9495809078216553,0.34,1,1,600,FP32-token-IDs
ClinicalBERT,11q4ikh,309,14,178,i,i,False,anger,0.007428905088454485,0.007428905088454485,0.41998428106307983,0.7016873955726624,0.34,0,1,600,FP32-token-IDs
ClinicalBERT,11q4ikh,309,14,178,i,i,False,brain dysfunction (forget),-0.0027763565769419072,0.0027763565769419072,0.31644606590270996,0.3851734697818756,0.34,1,1,600,FP32-token-IDs
ClinicalBERT,11q4ikh,309,14,178,i,i,False,emptiness,0.010013626376166939,0.010013626376166939,0.1924600899219513,0.9631192684173584,0.34,1,1,600,FP32-token-IDs
ClinicalBERT,11q4ikh,309,14,178,i,i,False,hopelessness,0.00888171410188079,0.00888171410188079,0.36849674582481384,0.9833058714866638,0.34,1,1,600,FP32-token-IDs
ClinicalBERT,11q4ikh,309,14,178,i,i,False,loneliness,0.011794939171522856,0.011794939171522856,0.21519693732261658,0.9769633412361145,0.34,1,1,600,FP32-token-IDs
ClinicalBERT,11q4ikh,309,14,178,i,i,False,sadness,0.005992886051535607,0.005992886051535607,0.36578479409217834,0.9594785571098328,0.34,1,1,600,FP32-token-IDs
ClinicalBERT,11q4ikh,309,14,178,i,i,False,suicide intent,0.0028344456804916263,0.0028344456804916263,0.1683303564786911,0.4653538465499878,0.34,0,1,600,FP32-token-IDs
ClinicalBERT,11q4ikh,309,14,178,i,i,False,worthlessness,0.007666037743911147,0.007666037743911147,0.337674617767334,0.9495809078216553,0.34,1,1,600,FP32-token-IDs
ClinicalBERT,11q4ikh,309,15,1169,can,can,False,anger,0.012181063275784254,0.012181063275784254,0.41998428106307983,0.7016873955726624,0.34,0,1,600,FP32-token-IDs
ClinicalBERT,11q4ikh,309,15,1169,can,can,False,brain dysfunction (forget),0.004177581472322345,0.004177581472322345,0.31644606590270996,0.3851734697818756,0.34,1,1,600,FP32-token-IDs
ClinicalBERT,11q4ikh,309,15,1169,can,can,False,emptiness,0.0022109515964984896,0.0022109515964984896,0.1924600899219513,0.9631192684173584,0.34,1,1,600,FP32-token-IDs
ClinicalBERT,11q4ikh,309,15,1169,can,can,False,hopelessness,0.0020229438319802283,0.0020229438319802283,0.36849674582481384,0.9833058714866638,0.34,1,1,600,FP32-token-IDs
ClinicalBERT,11q4ikh,309,15,1169,can,can,False,loneliness,0.002459450624883175,0.002459450624883175,0.21519693732261658,0.9769633412361145,0.34,1,1,600,FP32-token-IDs
ClinicalBERT,11q4ikh,309,15,1169,can,can,False,sadness,0.0004974784329533577,0.0004974784329533577,0.36578479409217834,0.9594785571098328,0.34,1,1,600,FP32-token-IDs
ClinicalBERT,11q4ikh,309,15,1169,can,can,False,suicide intent,0.0032986035803332925,0.0032986035803332925,0.1683303564786911,0.4653538465499878,0.34,0,1,600,FP32-token-IDs
ClinicalBERT,11q4ikh,309,15,1169,can,can,False,worthlessness,0.005104358517564833,0.005104358517564833,0.337674617767334,0.9495809078216553,0.34,1,1,600,FP32-token-IDs
ClinicalBERT,11q4ikh,309,16,3496,trust,trust,False,anger,0.0008776915259659287,0.0008776915259659287,0.41998428106307983,0.7016873955726624,0.34,0,1,600,FP32-token-IDs
ClinicalBERT,11q4ikh,309,16,3496,trust,trust,False,brain dysfunction (forget),0.0017319733276963236,0.0017319733276963236,0.31644606590270996,0.3851734697818756,0.34,1,1,600,FP32-token-IDs
ClinicalBERT,11q4ikh,309,16,3496,trust,trust,False,emptiness,-0.0033120208419859408,0.0033120208419859408,0.1924600899219513,0.9631192684173584,0.34,1,1,600,FP32-token-IDs
ClinicalBERT,11q4ikh,309,16,3496,trust,trust,False,hopelessness,-0.015131787955760955,0.015131787955760955,0.36849674582481384,0.9833058714866638,0.34,1,1,600,FP32-token-IDs
ClinicalBERT,11q4ikh,309,16,3496,trust,trust,False,loneliness,0.0010242881253361702,0.0010242881253361702,0.21519693732261658,0.9769633412361145,0.34,1,1,600,FP32-token-IDs
ClinicalBERT,11q4ikh,309,16,3496,trust,trust,False,sadness,-0.007067040167748928,0.007067040167748928,0.36578479409217834,0.9594785571098328,0.34,1,1,600,FP32-token-IDs
ClinicalBERT,11q4ikh,309,16,3496,trust,trust,False,suicide intent,0.0023865620605647564,0.0023865620605647564,0.1683303564786911,0.4653538465499878,0.34,0,1,600,FP32-token-IDs
ClinicalBERT,11q4ikh,309,16,3496,trust,trust,False,worthlessness,-0.005829842318780721,0.005829842318780721,0.337674617767334,0.9495809078216553,0.34,1,1,600,FP32-token-IDs
ClinicalBERT,11q4ikh,309,17,119,.,.,False,anger,0.0015251278877258302,0.0015251278877258302,0.41998428106307983,0.7016873955726624,0.34,0,1,600,FP32-token-IDs
ClinicalBERT,11q4ikh,309,17,119,.,.,False,brain dysfunction (forget),-0.0023629980161786078,0.0023629980161786078,0.31644606590270996,0.3851734697818756,0.34,1,1,600,FP32-token-IDs
ClinicalBERT,11q4ikh,309,17,119,.,.,False,emptiness,0.010767230950295924,0.010767230950295924,0.1924600899219513,0.9631192684173584,0.34,1,1,600,FP32-token-IDs
ClinicalBERT,11q4ikh,309,17,119,.,.,False,hopelessness,0.001661895215511322,0.001661895215511322,0.36849674582481384,0.9833058714866638,0.34,1,1,600,FP32-token-IDs
ClinicalBERT,11q4ikh,309,17,119,.,.,False,loneliness,0.011576122604310513,0.011576122604310513,0.21519693732261658,0.9769633412361145,0.34,1,1,600,FP32-token-IDs
ClinicalBERT,11q4ikh,309,17,119,.,.,False,sadness,0.0027223996818065642,0.0027223996818065642,0.36578479409217834,0.9594785571098328,0.34,1,1,600,FP32-token-IDs
ClinicalBERT,11q4ikh,309,17,119,.,.,False,suicide intent,0.00034147873520851135,0.00034147873520851135,0.1683303564786911,0.4653538465499878,0.34,0,1,600,FP32-token-IDs
ClinicalBERT,11q4ikh,309,17,119,.,.,False,worthlessness,0.006584321707487106,0.006584321707487106,0.337674617767334,0.9495809078216553,0.34,1,1,600,FP32-token-IDs
ClinicalBERT,11q4ikh,309,18,1139,my,my,False,anger,0.0116790810910364,0.0116790810910364,0.41998428106307983,0.7016873955726624,0.34,0,1,600,FP32-token-IDs
ClinicalBERT,11q4ikh,309,18,1139,my,my,False,brain dysfunction (forget),0.0052933346208495395,0.0052933346208495395,0.31644606590270996,0.3851734697818756,0.34,1,1,600,FP32-token-IDs
ClinicalBERT,11q4ikh,309,18,1139,my,my,False,emptiness,0.022255765972658992,0.022255765972658992,0.1924600899219513,0.9631192684173584,0.34,1,1,600,FP32-token-IDs
ClinicalBERT,11q4ikh,309,18,1139,my,my,False,hopelessness,0.01825881516560912,0.01825881516560912,0.36849674582481384,0.9833058714866638,0.34,1,1,600,FP32-token-IDs
ClinicalBERT,11q4ikh,309,18,1139,my,my,False,loneliness,0.013309368242820105,0.013309368242820105,0.21519693732261658,0.9769633412361145,0.34,1,1,600,FP32-token-IDs
ClinicalBERT,11q4ikh,309,18,1139,my,my,False,sadness,0.015951039269566536,0.015951039269566536,0.36578479409217834,0.9594785571098328,0.34,1,1,600,FP32-token-IDs
ClinicalBERT,11q4ikh,309,18,1139,my,my,False,suicide intent,0.00783017452340573,0.00783017452340573,0.1683303564786911,0.4653538465499878,0.34,0,1,600,FP32-token-IDs
ClinicalBERT,11q4ikh,309,18,1139,my,my,False,worthlessness,0.027950723189860582,0.027950723189860582,0.337674617767334,0.9495809078216553,0.34,1,1,600,FP32-token-IDs
ClinicalBERT,11q4ikh,309,19,1297,life,life,False,anger,0.0116790810910364,0.0116790810910364,0.41998428106307983,0.7016873955726624,0.34,0,1,600,FP32-token-IDs
ClinicalBERT,11q4ikh,309,19,1297,life,life,False,brain dysfunction (forget),0.0052933346208495395,0.0052933346208495395,0.31644606590270996,0.3851734697818756,0.34,1,1,600,FP32-token-IDs
ClinicalBERT,11q4ikh,309,19,1297,life,life,False,emptiness,0.022255765972658992,0.022255765972658992,0.1924600899219513,0.9631192684173584,0.34,1,1,600,FP32-token-IDs
ClinicalBERT,11q4ikh,309,19,1297,life,life,False,hopelessness,0.01825881516560912,0.01825881516560912,0.36849674582481384,0.9833058714866638,0.34,1,1,600,FP32-token-IDs
ClinicalBERT,11q4ikh,309,19,1297,life,life,False,loneliness,0.013309368242820105,0.013309368242820105,0.21519693732261658,0.9769633412361145,0.34,1,1,600,FP32-token-IDs
ClinicalBERT,11q4ikh,309,19,1297,life,life,False,sadness,0.015951039269566536,0.015951039269566536,0.36578479409217834,0.9594785571098328,0.34,1,1,600,FP32-token-IDs
ClinicalBERT,11q4ikh,309,19,1297,life,life,False,suicide intent,0.00783017452340573,0.00783017452340573,0.1683303564786911,0.4653538465499878,0.34,0,1,600,FP32-token-IDs
ClinicalBERT,11q4ikh,309,19,1297,life,life,False,worthlessness,0.027950723189860582,0.027950723189860582,0.337674617767334,0.9495809078216553,0.34,1,1,600,FP32-token-IDs
ClinicalBERT,11q4ikh,309,20,1110,is,is,False,anger,0.011651892525454363,0.011651892525454363,0.41998428106307983,0.7016873955726624,0.34,0,1,600,FP32-token-IDs
ClinicalBERT,11q4ikh,309,20,1110,is,is,False,brain dysfunction (forget),0.004833065400210519,0.004833065400210519,0.31644606590270996,0.3851734697818756,0.34,1,1,600,FP32-token-IDs
ClinicalBERT,11q4ikh,309,20,1110,is,is,False,emptiness,0.008959966246038675,0.008959966246038675,0.1924600899219513,0.9631192684173584,0.34,1,1,600,FP32-token-IDs
ClinicalBERT,11q4ikh,309,20,1110,is,is,False,hopelessness,0.010716568678617477,0.010716568678617477,0.36849674582481384,0.9833058714866638,0.34,1,1,600,FP32-token-IDs
ClinicalBERT,11q4ikh,309,20,1110,is,is,False,loneliness,0.005034821418424448,0.005034821418424448,0.21519693732261658,0.9769633412361145,0.34,1,1,600,FP32-token-IDs
ClinicalBERT,11q4ikh,309,20,1110,is,is,False,sadness,0.008257218636572361,0.008257218636572361,0.36578479409217834,0.9594785571098328,0.34,1,1,600,FP32-token-IDs
ClinicalBERT,11q4ikh,309,20,1110,is,is,False,suicide intent,0.005005139508284628,0.005005139508284628,0.1683303564786911,0.4653538465499878,0.34,0,1,600,FP32-token-IDs
ClinicalBERT,11q4ikh,309,20,1110,is,is,False,worthlessness,0.016049268655478954,0.016049268655478954,0.337674617767334,0.9495809078216553,0.34,1,1,600,FP32-token-IDs
ClinicalBERT,11q4ikh,309,21,20049,wa,wa,False,anger,0.0272125203628093,0.0272125203628093,0.41998428106307983,0.7016873955726624,0.34,0,1,600,FP32-token-IDs
ClinicalBERT,11q4ikh,309,21,20049,wa,wa,False,brain dysfunction (forget),0.025303106949043773,0.025303106949043773,0.31644606590270996,0.3851734697818756,0.34,1,1,600,FP32-token-IDs
ClinicalBERT,11q4ikh,309,21,20049,wa,wa,False,emptiness,-0.0035290138330310583,0.0035290138330310583,0.1924600899219513,0.9631192684173584,0.34,1,1,600,FP32-token-IDs
ClinicalBERT,11q4ikh,309,21,20049,wa,wa,False,hopelessness,0.003633731665710608,0.003633731665710608,0.36849674582481384,0.9833058714866638,0.34,1,1,600,FP32-token-IDs
ClinicalBERT,11q4ikh,309,21,20049,wa,wa,False,loneliness,-0.019409378990530968,0.019409378990530968,0.21519693732261658,0.9769633412361145,0.34,1,1,600,FP32-token-IDs
ClinicalBERT,11q4ikh,309,21,20049,wa,wa,False,sadness,-0.00391116039827466,0.00391116039827466,0.36578479409217834,0.9594785571098328,0.34,1,1,600,FP32-token-IDs
ClinicalBERT,11q4ikh,309,21,20049,wa,wa,False,suicide intent,0.00020553015444117287,0.00020553015444117287,0.1683303564786911,0.4653538465499878,0.34,0,1,600,FP32-token-IDs
ClinicalBERT,11q4ikh,309,21,20049,wa,wa,False,worthlessness,0.021189499491204817,0.021189499491204817,0.337674617767334,0.9495809078216553,0.34,1,1,600,FP32-token-IDs
ClinicalBERT,11q4ikh,309,22,23143,##cky,cky,False,anger,0.0272125203628093,0.0272125203628093,0.41998428106307983,0.7016873955726624,0.34,0,1,600,FP32-token-IDs
ClinicalBERT,11q4ikh,309,22,23143,##cky,cky,False,brain dysfunction (forget),0.025303106949043773,0.025303106949043773,0.31644606590270996,0.3851734697818756,0.34,1,1,600,FP32-token-IDs
ClinicalBERT,11q4ikh,309,22,23143,##cky,cky,False,emptiness,-0.0035290138330310583,0.0035290138330310583,0.1924600899219513,0.9631192684173584,0.34,1,1,600,FP32-token-IDs
ClinicalBERT,11q4ikh,309,22,23143,##cky,cky,False,hopelessness,0.003633731665710608,0.003633731665710608,0.36849674582481384,0.9833058714866638,0.34,1,1,600,FP32-token-IDs
ClinicalBERT,11q4ikh,309,22,23143,##cky,cky,False,loneliness,-0.019409378990530968,0.019409378990530968,0.21519693732261658,0.9769633412361145,0.34,1,1,600,FP32-token-IDs
ClinicalBERT,11q4ikh,309,22,23143,##cky,cky,False,sadness,-0.00391116039827466,0.00391116039827466,0.36578479409217834,0.9594785571098328,0.34,1,1,600,FP32-token-IDs
ClinicalBERT,11q4ikh,309,22,23143,##cky,cky,False,suicide intent,0.00020553015444117287,0.00020553015444117287,0.1683303564786911,0.4653538465499878,0.34,0,1,600,FP32-token-IDs
ClinicalBERT,11q4ikh,309,22,23143,##cky,cky,False,worthlessness,0.021189499491204817,0.021189499491204817,0.337674617767334,0.9495809078216553,0.34,1,1,600,FP32-token-IDs
ClinicalBERT,11q4ikh,309,23,117,",",",",False,anger,0.0063318717293441296,0.0063318717293441296,0.41998428106307983,0.7016873955726624,0.34,0,1,600,FP32-token-IDs
ClinicalBERT,11q4ikh,309,23,117,",",",",False,brain dysfunction (forget),0.009315013497446975,0.009315013497446975,0.31644606590270996,0.3851734697818756,0.34,1,1,600,FP32-token-IDs
ClinicalBERT,11q4ikh,309,23,117,",",",",False,emptiness,-0.0021852212958037853,0.0021852212958037853,0.1924600899219513,0.9631192684173584,0.34,1,1,600,FP32-token-IDs
ClinicalBERT,11q4ikh,309,23,117,",",",",False,hopelessness,0.0026689783359567323,0.0026689783359567323,0.36849674582481384,0.9833058714866638,0.34,1,1,600,FP32-token-IDs
ClinicalBERT,11q4ikh,309,23,117,",",",",False,loneliness,-0.005202789790928364,0.005202789790928364,0.21519693732261658,0.9769633412361145,0.34,1,1,600,FP32-token-IDs
ClinicalBERT,11q4ikh,309,23,117,",",",",False,sadness,-0.0003631617873907089,0.0003631617873907089,0.36578479409217834,0.9594785571098328,0.34,1,1,600,FP32-token-IDs
ClinicalBERT,11q4ikh,309,23,117,",",",",False,suicide intent,-0.00027417277063553536,0.00027417277063553536,0.1683303564786911,0.4653538465499878,0.34,0,1,600,FP32-token-IDs
ClinicalBERT,11q4ikh,309,23,117,",",",",False,worthlessness,0.006272323740025361,0.006272323740025361,0.337674617767334,0.9495809078216553,0.34,1,1,600,FP32-token-IDs
ClinicalBERT,11q4ikh,309,24,178,i,i,False,anger,-0.0005015997282628503,0.0005015997282628503,0.41998428106307983,0.7016873955726624,0.34,0,1,600,FP32-token-IDs
ClinicalBERT,11q4ikh,309,24,178,i,i,False,brain dysfunction (forget),0.0005924025982884423,0.0005924025982884423,0.31644606590270996,0.3851734697818756,0.34,1,1,600,FP32-token-IDs
ClinicalBERT,11q4ikh,309,24,178,i,i,False,emptiness,0.010995354819377618,0.010995354819377618,0.1924600899219513,0.9631192684173584,0.34,1,1,600,FP32-token-IDs
ClinicalBERT,11q4ikh,309,24,178,i,i,False,hopelessness,0.007982172404548953,0.007982172404548953,0.36849674582481384,0.9833058714866638,0.34,1,1,600,FP32-token-IDs
ClinicalBERT,11q4ikh,309,24,178,i,i,False,loneliness,0.008253579061212284,0.008253579061212284,0.21519693732261658,0.9769633412361145,0.34,1,1,600,FP32-token-IDs
ClinicalBERT,11q4ikh,309,24,178,i,i,False,sadness,0.007729200446712119,0.007729200446712119,0.36578479409217834,0.9594785571098328,0.34,1,1,600,FP32-token-IDs
ClinicalBERT,11q4ikh,309,24,178,i,i,False,suicide intent,0.004293733962445653,0.004293733962445653,0.1683303564786911,0.4653538465499878,0.34,0,1,600,FP32-token-IDs
ClinicalBERT,11q4ikh,309,24,178,i,i,False,worthlessness,0.009075775343392576,0.009075775343392576,0.337674617767334,0.9495809078216553,0.34,1,1,600,FP32-token-IDs
ClinicalBERT,11q4ikh,309,25,787,’,’,False,anger,-0.0005015997282628503,0.0005015997282628503,0.41998428106307983,0.7016873955726624,0.34,0,1,600,FP32-token-IDs
ClinicalBERT,11q4ikh,309,25,787,’,’,False,brain dysfunction (forget),0.0005924025982884423,0.0005924025982884423,0.31644606590270996,0.3851734697818756,0.34,1,1,600,FP32-token-IDs
ClinicalBERT,11q4ikh,309,25,787,’,’,False,emptiness,0.010995354819377618,0.010995354819377618,0.1924600899219513,0.9631192684173584,0.34,1,1,600,FP32-token-IDs
ClinicalBERT,11q4ikh,309,25,787,’,’,False,hopelessness,0.007982172404548953,0.007982172404548953,0.36849674582481384,0.9833058714866638,0.34,1,1,600,FP32-token-IDs
ClinicalBERT,11q4ikh,309,25,787,’,’,False,loneliness,0.008253579061212284,0.008253579061212284,0.21519693732261658,0.9769633412361145,0.34,1,1,600,FP32-token-IDs
ClinicalBERT,11q4ikh,309,25,787,’,’,False,sadness,0.007729200446712119,0.007729200446712119,0.36578479409217834,0.9594785571098328,0.34,1,1,600,FP32-token-IDs
ClinicalBERT,11q4ikh,309,25,787,’,’,False,suicide intent,0.004293733962445653,0.004293733962445653,0.1683303564786911,0.4653538465499878,0.34,0,1,600,FP32-token-IDs
ClinicalBERT,11q4ikh,309,25,787,’,’,False,worthlessness,0.009075775343392576,0.009075775343392576,0.337674617767334,0.9495809078216553,0.34,1,1,600,FP32-token-IDs
ClinicalBERT,11q4ikh,309,26,182,m,m,False,anger,0.008422527828120759,0.008422527828120759,0.41998428106307983,0.7016873955726624,0.34,0,1,600,FP32-token-IDs
ClinicalBERT,11q4ikh,309,26,182,m,m,False,brain dysfunction (forget),0.011647619257148887,0.011647619257148887,0.31644606590270996,0.3851734697818756,0.34,1,1,600,FP32-token-IDs
ClinicalBERT,11q4ikh,309,26,182,m,m,False,emptiness,0.03351546296783324,0.03351546296783324,0.1924600899219513,0.9631192684173584,0.34,1,1,600,FP32-token-IDs
ClinicalBERT,11q4ikh,309,26,182,m,m,False,hopelessness,0.01185564450653536,0.01185564450653536,0.36849674582481384,0.9833058714866638,0.34,1,1,600,FP32-token-IDs
ClinicalBERT,11q4ikh,309,26,182,m,m,False,loneliness,0.018487855825307115,0.018487855825307115,0.21519693732261658,0.9769633412361145,0.34,1,1,600,FP32-token-IDs
ClinicalBERT,11q4ikh,309,26,182,m,m,False,sadness,0.011817762428628547,0.011817762428628547,0.36578479409217834,0.9594785571098328,0.34,1,1,600,FP32-token-IDs
ClinicalBERT,11q4ikh,309,26,182,m,m,False,suicide intent,0.017180222539796626,0.017180222539796626,0.1683303564786911,0.4653538465499878,0.34,0,1,600,FP32-token-IDs
ClinicalBERT,11q4ikh,309,26,182,m,m,False,worthlessness,0.024819872874234403,0.024819872874234403,0.337674617767334,0.9495809078216553,0.34,1,1,600,FP32-token-IDs
ClinicalBERT,11q4ikh,309,27,1720,nothing,nothing,False,anger,0.008422527828120759,0.008422527828120759,0.41998428106307983,0.7016873955726624,0.34,0,1,600,FP32-token-IDs
ClinicalBERT,11q4ikh,309,27,1720,nothing,nothing,False,brain dysfunction (forget),0.011647619257148887,0.011647619257148887,0.31644606590270996,0.3851734697818756,0.34,1,1,600,FP32-token-IDs
ClinicalBERT,11q4ikh,309,27,1720,nothing,nothing,False,emptiness,0.03351546296783324,0.03351546296783324,0.1924600899219513,0.9631192684173584,0.34,1,1,600,FP32-token-IDs
ClinicalBERT,11q4ikh,309,27,1720,nothing,nothing,False,hopelessness,0.01185564450653536,0.01185564450653536,0.36849674582481384,0.9833058714866638,0.34,1,1,600,FP32-token-IDs
ClinicalBERT,11q4ikh,309,27,1720,nothing,nothing,False,loneliness,0.018487855825307115,0.018487855825307115,0.21519693732261658,0.9769633412361145,0.34,1,1,600,FP32-token-IDs
ClinicalBERT,11q4ikh,309,27,1720,nothing,nothing,False,sadness,0.011817762428628547,0.011817762428628547,0.36578479409217834,0.9594785571098328,0.34,1,1,600,FP32-token-IDs
ClinicalBERT,11q4ikh,309,27,1720,nothing,nothing,False,suicide intent,0.017180222539796626,0.017180222539796626,0.1683303564786911,0.4653538465499878,0.34,0,1,600,FP32-token-IDs
ClinicalBERT,11q4ikh,309,27,1720,nothing,nothing,False,worthlessness,0.024819872874234403,0.024819872874234403,0.337674617767334,0.9495809078216553,0.34,1,1,600,FP32-token-IDs
ClinicalBERT,11q4ikh,309,28,1133,but,but,False,anger,-0.02017871541015449,0.02017871541015449,0.41998428106307983,0.7016873955726624,0.34,0,1,600,FP32-token-IDs
ClinicalBERT,11q4ikh,309,28,1133,but,but,False,brain dysfunction (forget),0.008975945828881648,0.008975945828881648,0.31644606590270996,0.3851734697818756,0.34,1,1,600,FP32-token-IDs
ClinicalBERT,11q4ikh,309,28,1133,but,but,False,emptiness,-0.0016848810815385412,0.0016848810815385412,0.1924600899219513,0.9631192684173584,0.34,1,1,600,FP32-token-IDs
ClinicalBERT,11q4ikh,309,28,1133,but,but,False,hopelessness,0.00023312325633707484,0.00023312325633707484,0.36849674582481384,0.9833058714866638,0.34,1,1,600,FP32-token-IDs
ClinicalBERT,11q4ikh,309,28,1133,but,but,False,loneliness,-0.0018265359547166597,0.0018265359547166597,0.21519693732261658,0.9769633412361145,0.34,1,1,600,FP32-token-IDs
ClinicalBERT,11q4ikh,309,28,1133,but,but,False,sadness,-0.0015161127916404182,0.0015161127916404182,0.36578479409217834,0.9594785571098328,0.34,1,1,600,FP32-token-IDs
ClinicalBERT,11q4ikh,309,28,1133,but,but,False,suicide intent,-0.012332044408789702,0.012332044408789702,0.1683303564786911,0.4653538465499878,0.34,0,1,600,FP32-token-IDs
ClinicalBERT,11q4ikh,309,28,1133,but,but,False,worthlessness,-0.005061017438059761,0.005061017438059761,0.337674617767334,0.9495809078216553,0.34,1,1,600,FP32-token-IDs
ClinicalBERT,11q4ikh,309,29,4910,mental,mental,False,anger,-0.022306961417641668,0.022306961417641668,0.41998428106307983,0.7016873955726624,0.34,0,1,600,FP32-token-IDs
ClinicalBERT,11q4ikh,309,29,4910,mental,mental,False,brain dysfunction (forget),0.03858241381489539,0.03858241381489539,0.31644606590270996,0.3851734697818756,0.34,1,1,600,FP32-token-IDs
ClinicalBERT,11q4ikh,309,29,4910,mental,mental,False,emptiness,0.009631016724077719,0.009631016724077719,0.1924600899219513,0.9631192684173584,0.34,1,1,600,FP32-token-IDs
ClinicalBERT,11q4ikh,309,29,4910,mental,mental,False,hopelessness,0.003379956996511845,0.003379956996511845,0.36849674582481384,0.9833058714866638,0.34,1,1,600,FP32-token-IDs
ClinicalBERT,11q4ikh,309,29,4910,mental,mental,False,loneliness,-0.00924498312884853,0.00924498312884853,0.21519693732261658,0.9769633412361145,0.34,1,1,600,FP32-token-IDs
ClinicalBERT,11q4ikh,309,29,4910,mental,mental,False,sadness,-0.0032287703028747016,0.0032287703028747016,0.36578479409217834,0.9594785571098328,0.34,1,1,600,FP32-token-IDs
ClinicalBERT,11q4ikh,309,29,4910,mental,mental,False,suicide intent,-0.00369099124301491,0.00369099124301491,0.1683303564786911,0.4653538465499878,0.34,0,1,600,FP32-token-IDs
ClinicalBERT,11q4ikh,309,29,4910,mental,mental,False,worthlessness,0.007672455073112533,0.007672455073112533,0.337674617767334,0.9495809078216553,0.34,1,1,600,FP32-token-IDs
ClinicalBERT,11q4ikh,309,30,119,.,.,False,anger,-0.022306961417641668,0.022306961417641668,0.41998428106307983,0.7016873955726624,0.34,0,1,600,FP32-token-IDs
ClinicalBERT,11q4ikh,309,30,119,.,.,False,brain dysfunction (forget),0.03858241381489539,0.03858241381489539,0.31644606590270996,0.3851734697818756,0.34,1,1,600,FP32-token-IDs
ClinicalBERT,11q4ikh,309,30,119,.,.,False,emptiness,0.009631016724077719,0.009631016724077719,0.1924600899219513,0.9631192684173584,0.34,1,1,600,FP32-token-IDs
ClinicalBERT,11q4ikh,309,30,119,.,.,False,hopelessness,0.003379956996511845,0.003379956996511845,0.36849674582481384,0.9833058714866638,0.34,1,1,600,FP32-token-IDs
ClinicalBERT,11q4ikh,309,30,119,.,.,False,loneliness,-0.00924498312884853,0.00924498312884853,0.21519693732261658,0.9769633412361145,0.34,1,1,600,FP32-token-IDs
ClinicalBERT,11q4ikh,309,30,119,.,.,False,sadness,-0.0032287703028747016,0.0032287703028747016,0.36578479409217834,0.9594785571098328,0.34,1,1,600,FP32-token-IDs
ClinicalBERT,11q4ikh,309,30,119,.,.,False,suicide intent,-0.00369099124301491,0.00369099124301491,0.1683303564786911,0.4653538465499878,0.34,0,1,600,FP32-token-IDs
ClinicalBERT,11q4ikh,309,30,119,.,.,False,worthlessness,0.007672455073112533,0.007672455073112533,0.337674617767334,0.9495809078216553,0.34,1,1,600,FP32-token-IDs
ClinicalBERT,11q4ikh,309,31,178,i,i,False,anger,0.0005188759416341782,0.0005188759416341782,0.41998428106307983,0.7016873955726624,0.34,0,1,600,FP32-token-IDs
ClinicalBERT,11q4ikh,309,31,178,i,i,False,brain dysfunction (forget),-0.003079385915771127,0.003079385915771127,0.31644606590270996,0.3851734697818756,0.34,1,1,600,FP32-token-IDs
ClinicalBERT,11q4ikh,309,31,178,i,i,False,emptiness,0.007016969053074718,0.007016969053074718,0.1924600899219513,0.9631192684173584,0.34,1,1,600,FP32-token-IDs
ClinicalBERT,11q4ikh,309,31,178,i,i,False,hopelessness,0.005213227961212397,0.005213227961212397,0.36849674582481384,0.9833058714866638,0.34,1,1,600,FP32-token-IDs
ClinicalBERT,11q4ikh,309,31,178,i,i,False,loneliness,0.008248134888708592,0.008248134888708592,0.21519693732261658,0.9769633412361145,0.34,1,1,600,FP32-token-IDs
ClinicalBERT,11q4ikh,309,31,178,i,i,False,sadness,0.004969736188650131,0.004969736188650131,0.36578479409217834,0.9594785571098328,0.34,1,1,600,FP32-token-IDs
ClinicalBERT,11q4ikh,309,31,178,i,i,False,suicide intent,-0.0012423011823557318,0.0012423011823557318,0.1683303564786911,0.4653538465499878,0.34,0,1,600,FP32-token-IDs
ClinicalBERT,11q4ikh,309,31,178,i,i,False,worthlessness,0.004122154787182808,0.004122154787182808,0.337674617767334,0.9495809078216553,0.34,1,1,600,FP32-token-IDs
ClinicalBERT,11q4ikh,309,32,787,’,’,False,anger,0.0018306400626897812,0.0018306400626897812,0.41998428106307983,0.7016873955726624,0.34,0,1,600,FP32-token-IDs
ClinicalBERT,11q4ikh,309,32,787,’,’,False,brain dysfunction (forget),-0.003007278731092811,0.003007278731092811,0.31644606590270996,0.3851734697818756,0.34,1,1,600,FP32-token-IDs
ClinicalBERT,11q4ikh,309,32,787,’,’,False,emptiness,0.005882333172485233,0.005882333172485233,0.1924600899219513,0.9631192684173584,0.34,1,1,600,FP32-token-IDs
ClinicalBERT,11q4ikh,309,32,787,’,’,False,hopelessness,0.005620491597801447,0.005620491597801447,0.36849674582481384,0.9833058714866638,0.34,1,1,600,FP32-token-IDs
ClinicalBERT,11q4ikh,309,32,787,’,’,False,loneliness,0.006994014047086239,0.006994014047086239,0.21519693732261658,0.9769633412361145,0.34,1,1,600,FP32-token-IDs
ClinicalBERT,11q4ikh,309,32,787,’,’,False,sadness,0.004894956573843956,0.004894956573843956,0.36578479409217834,0.9594785571098328,0.34,1,1,600,FP32-token-IDs
ClinicalBERT,11q4ikh,309,32,787,’,’,False,suicide intent,-0.0014134173863567412,0.0014134173863567412,0.1683303564786911,0.4653538465499878,0.34,0,1,600,FP32-token-IDs
ClinicalBERT,11q4ikh,309,32,787,’,’,False,worthlessness,0.005881683900952339,0.005881683900952339,0.337674617767334,0.9495809078216553,0.34,1,1,600,FP32-token-IDs
ClinicalBERT,11q4ikh,309,33,182,m,m,False,anger,0.0014591000974178315,0.0014591000974178315,0.41998428106307983,0.7016873955726624,0.34,0,1,600,FP32-token-IDs
ClinicalBERT,11q4ikh,309,33,182,m,m,False,brain dysfunction (forget),-0.002016217013200124,0.002016217013200124,0.31644606590270996,0.3851734697818756,0.34,1,1,600,FP32-token-IDs
ClinicalBERT,11q4ikh,309,33,182,m,m,False,emptiness,-0.00010438986743489895,0.00010438986743489895,0.1924600899219513,0.9631192684173584,0.34,1,1,600,FP32-token-IDs
ClinicalBERT,11q4ikh,309,33,182,m,m,False,hopelessness,0.0013640678798158962,0.0013640678798158962,0.36849674582481384,0.9833058714866638,0.34,1,1,600,FP32-token-IDs
ClinicalBERT,11q4ikh,309,33,182,m,m,False,loneliness,0.001512302458286285,0.001512302458286285,0.21519693732261658,0.9769633412361145,0.34,1,1,600,FP32-token-IDs
ClinicalBERT,11q4ikh,309,33,182,m,m,False,sadness,0.0018908247351646426,0.0018908247351646426,0.36578479409217834,0.9594785571098328,0.34,1,1,600,FP32-token-IDs
ClinicalBERT,11q4ikh,309,33,182,m,m,False,suicide intent,-0.0051429668751855695,0.0051429668751855695,0.1683303564786911,0.4653538465499878,0.34,0,1,600,FP32-token-IDs
ClinicalBERT,11q4ikh,309,33,182,m,m,False,worthlessness,-0.00029007159173488617,0.00029007159173488617,0.337674617767334,0.9495809078216553,0.34,1,1,600,FP32-token-IDs
ClinicalBERT,11q4ikh,309,34,1833,doing,doing,False,anger,0.0014591000974178315,0.0014591000974178315,0.41998428106307983,0.7016873955726624,0.34,0,1,600,FP32-token-IDs
ClinicalBERT,11q4ikh,309,34,1833,doing,doing,False,brain dysfunction (forget),-0.002016217013200124,0.002016217013200124,0.31644606590270996,0.3851734697818756,0.34,1,1,600,FP32-token-IDs
ClinicalBERT,11q4ikh,309,34,1833,doing,doing,False,emptiness,-0.00010438986743489895,0.00010438986743489895,0.1924600899219513,0.9631192684173584,0.34,1,1,600,FP32-token-IDs
ClinicalBERT,11q4ikh,309,34,1833,doing,doing,False,hopelessness,0.0013640678798158962,0.0013640678798158962,0.36849674582481384,0.9833058714866638,0.34,1,1,600,FP32-token-IDs
ClinicalBERT,11q4ikh,309,34,1833,doing,doing,False,loneliness,0.001512302458286285,0.001512302458286285,0.21519693732261658,0.9769633412361145,0.34,1,1,600,FP32-token-IDs
ClinicalBERT,11q4ikh,309,34,1833,doing,doing,False,sadness,0.0018908247351646426,0.0018908247351646426,0.36578479409217834,0.9594785571098328,0.34,1,1,600,FP32-token-IDs
ClinicalBERT,11q4ikh,309,34,1833,doing,doing,False,suicide intent,-0.0051429668751855695,0.0051429668751855695,0.1683303564786911,0.4653538465499878,0.34,0,1,600,FP32-token-IDs
ClinicalBERT,11q4ikh,309,34,1833,doing,doing,False,worthlessness,-0.00029007159173488617,0.00029007159173488617,0.337674617767334,0.9495809078216553,0.34,1,1,600,FP32-token-IDs
ClinicalBERT,11q4ikh,309,35,2134,college,college,False,anger,0.0014591000974178315,0.0014591000974178315,0.41998428106307983,0.7016873955726624,0.34,0,1,600,FP32-token-IDs
ClinicalBERT,11q4ikh,309,35,2134,college,college,False,brain dysfunction (forget),-0.002016217013200124,0.002016217013200124,0.31644606590270996,0.3851734697818756,0.34,1,1,600,FP32-token-IDs
ClinicalBERT,11q4ikh,309,35,2134,college,college,False,emptiness,-0.00010438986743489895,0.00010438986743489895,0.1924600899219513,0.9631192684173584,0.34,1,1,600,FP32-token-IDs
ClinicalBERT,11q4ikh,309,35,2134,college,college,False,hopelessness,0.0013640678798158962,0.0013640678798158962,0.36849674582481384,0.9833058714866638,0.34,1,1,600,FP32-token-IDs
ClinicalBERT,11q4ikh,309,35,2134,college,college,False,loneliness,0.001512302458286285,0.001512302458286285,0.21519693732261658,0.9769633412361145,0.34,1,1,600,FP32-token-IDs
ClinicalBERT,11q4ikh,309,35,2134,college,college,False,sadness,0.0018908247351646426,0.0018908247351646426,0.36578479409217834,0.9594785571098328,0.34,1,1,600,FP32-token-IDs
ClinicalBERT,11q4ikh,309,35,2134,college,college,False,suicide intent,-0.0051429668751855695,0.0051429668751855695,0.1683303564786911,0.4653538465499878,0.34,0,1,600,FP32-token-IDs
ClinicalBERT,11q4ikh,309,35,2134,college,college,False,worthlessness,-0.00029007159173488617,0.00029007159173488617,0.337674617767334,0.9495809078216553,0.34,1,1,600,FP32-token-IDs
ClinicalBERT,11q4ikh,309,36,1105,and,and,False,anger,0.00047404798013823377,0.00047404798013823377,0.41998428106307983,0.7016873955726624,0.34,0,1,600,FP32-token-IDs
ClinicalBERT,11q4ikh,309,36,1105,and,and,False,brain dysfunction (forget),0.001987047271714324,0.001987047271714324,0.31644606590270996,0.3851734697818756,0.34,1,1,600,FP32-token-IDs
ClinicalBERT,11q4ikh,309,36,1105,and,and,False,emptiness,0.0011973969771393708,0.0011973969771393708,0.1924600899219513,0.9631192684173584,0.34,1,1,600,FP32-token-IDs
ClinicalBERT,11q4ikh,309,36,1105,and,and,False,hopelessness,0.004087787786764758,0.004087787786764758,0.36849674582481384,0.9833058714866638,0.34,1,1,600,FP32-token-IDs
ClinicalBERT,11q4ikh,309,36,1105,and,and,False,loneliness,-0.0001605553774251824,0.0001605553774251824,0.21519693732261658,0.9769633412361145,0.34,1,1,600,FP32-token-IDs
ClinicalBERT,11q4ikh,309,36,1105,and,and,False,sadness,0.003937609050245512,0.003937609050245512,0.36578479409217834,0.9594785571098328,0.34,1,1,600,FP32-token-IDs
ClinicalBERT,11q4ikh,309,36,1105,and,and,False,suicide intent,0.005276413878337258,0.005276413878337258,0.1683303564786911,0.4653538465499878,0.34,0,1,600,FP32-token-IDs
ClinicalBERT,11q4ikh,309,36,1105,and,and,False,worthlessness,0.0021505138969847132,0.0021505138969847132,0.337674617767334,0.9495809078216553,0.34,1,1,600,FP32-token-IDs
ClinicalBERT,11q4ikh,309,37,178,i,i,False,anger,0.00047404798013823377,0.00047404798013823377,0.41998428106307983,0.7016873955726624,0.34,0,1,600,FP32-token-IDs
ClinicalBERT,11q4ikh,309,37,178,i,i,False,brain dysfunction (forget),0.001987047271714324,0.001987047271714324,0.31644606590270996,0.3851734697818756,0.34,1,1,600,FP32-token-IDs
ClinicalBERT,11q4ikh,309,37,178,i,i,False,emptiness,0.0011973969771393708,0.0011973969771393708,0.1924600899219513,0.9631192684173584,0.34,1,1,600,FP32-token-IDs
ClinicalBERT,11q4ikh,309,37,178,i,i,False,hopelessness,0.004087787786764758,0.004087787786764758,0.36849674582481384,0.9833058714866638,0.34,1,1,600,FP32-token-IDs
ClinicalBERT,11q4ikh,309,37,178,i,i,False,loneliness,-0.0001605553774251824,0.0001605553774251824,0.21519693732261658,0.9769633412361145,0.34,1,1,600,FP32-token-IDs
ClinicalBERT,11q4ikh,309,37,178,i,i,False,sadness,0.003937609050245512,0.003937609050245512,0.36578479409217834,0.9594785571098328,0.34,1,1,600,FP32-token-IDs
ClinicalBERT,11q4ikh,309,37,178,i,i,False,suicide intent,0.005276413878337258,0.005276413878337258,0.1683303564786911,0.4653538465499878,0.34,0,1,600,FP32-token-IDs
ClinicalBERT,11q4ikh,309,37,178,i,i,False,worthlessness,0.0021505138969847132,0.0021505138969847132,0.337674617767334,0.9495809078216553,0.34,1,1,600,FP32-token-IDs
ClinicalBERT,11q4ikh,309,38,1341,think,think,False,anger,0.00047404798013823377,0.00047404798013823377,0.41998428106307983,0.7016873955726624,0.34,0,1,600,FP32-token-IDs
ClinicalBERT,11q4ikh,309,38,1341,think,think,False,brain dysfunction (forget),0.001987047271714324,0.001987047271714324,0.31644606590270996,0.3851734697818756,0.34,1,1,600,FP32-token-IDs
ClinicalBERT,11q4ikh,309,38,1341,think,think,False,emptiness,0.0011973969771393708,0.0011973969771393708,0.1924600899219513,0.9631192684173584,0.34,1,1,600,FP32-token-IDs
ClinicalBERT,11q4ikh,309,38,1341,think,think,False,hopelessness,0.004087787786764758,0.004087787786764758,0.36849674582481384,0.9833058714866638,0.34,1,1,600,FP32-token-IDs
ClinicalBERT,11q4ikh,309,38,1341,think,think,False,loneliness,-0.0001605553774251824,0.0001605553774251824,0.21519693732261658,0.9769633412361145,0.34,1,1,600,FP32-token-IDs
ClinicalBERT,11q4ikh,309,38,1341,think,think,False,sadness,0.003937609050245512,0.003937609050245512,0.36578479409217834,0.9594785571098328,0.34,1,1,600,FP32-token-IDs
ClinicalBERT,11q4ikh,309,38,1341,think,think,False,suicide intent,0.005276413878337258,0.005276413878337258,0.1683303564786911,0.4653538465499878,0.34,0,1,600,FP32-token-IDs
ClinicalBERT,11q4ikh,309,38,1341,think,think,False,worthlessness,0.0021505138969847132,0.0021505138969847132,0.337674617767334,0.9495809078216553,0.34,1,1,600,FP32-token-IDs
ClinicalBERT,11q4ikh,309,39,178,i,i,False,anger,0.0016415101875151908,0.0016415101875151908,0.41998428106307983,0.7016873955726624,0.34,0,1,600,FP32-token-IDs
ClinicalBERT,11q4ikh,309,39,178,i,i,False,brain dysfunction (forget),0.0019135737592088323,0.0019135737592088323,0.31644606590270996,0.3851734697818756,0.34,1,1,600,FP32-token-IDs
ClinicalBERT,11q4ikh,309,39,178,i,i,False,emptiness,0.0008332262181543877,0.0008332262181543877,0.1924600899219513,0.9631192684173584,0.34,1,1,600,FP32-token-IDs
ClinicalBERT,11q4ikh,309,39,178,i,i,False,hopelessness,0.003781162634758013,0.003781162634758013,0.36849674582481384,0.9833058714866638,0.34,1,1,600,FP32-token-IDs
ClinicalBERT,11q4ikh,309,39,178,i,i,False,loneliness,-0.00019033880172563441,0.00019033880172563441,0.21519693732261658,0.9769633412361145,0.34,1,1,600,FP32-token-IDs
ClinicalBERT,11q4ikh,309,39,178,i,i,False,sadness,0.0038979983489428245,0.0038979983489428245,0.36578479409217834,0.9594785571098328,0.34,1,1,600,FP32-token-IDs
ClinicalBERT,11q4ikh,309,39,178,i,i,False,suicide intent,0.009205545697893416,0.009205545697893416,0.1683303564786911,0.4653538465499878,0.34,0,1,600,FP32-token-IDs
ClinicalBERT,11q4ikh,309,39,178,i,i,False,worthlessness,0.001928449575124042,0.001928449575124042,0.337674617767334,0.9495809078216553,0.34,1,1,600,FP32-token-IDs
ClinicalBERT,11q4ikh,309,40,1209,will,will,False,anger,0.0016415101875151908,0.0016415101875151908,0.41998428106307983,0.7016873955726624,0.34,0,1,600,FP32-token-IDs
ClinicalBERT,11q4ikh,309,40,1209,will,will,False,brain dysfunction (forget),0.0019135737592088323,0.0019135737592088323,0.31644606590270996,0.3851734697818756,0.34,1,1,600,FP32-token-IDs
ClinicalBERT,11q4ikh,309,40,1209,will,will,False,emptiness,0.0008332262181543877,0.0008332262181543877,0.1924600899219513,0.9631192684173584,0.34,1,1,600,FP32-token-IDs
ClinicalBERT,11q4ikh,309,40,1209,will,will,False,hopelessness,0.003781162634758013,0.003781162634758013,0.36849674582481384,0.9833058714866638,0.34,1,1,600,FP32-token-IDs
ClinicalBERT,11q4ikh,309,40,1209,will,will,False,loneliness,-0.00019033880172563441,0.00019033880172563441,0.21519693732261658,0.9769633412361145,0.34,1,1,600,FP32-token-IDs
ClinicalBERT,11q4ikh,309,40,1209,will,will,False,sadness,0.0038979983489428245,0.0038979983489428245,0.36578479409217834,0.9594785571098328,0.34,1,1,600,FP32-token-IDs
ClinicalBERT,11q4ikh,309,40,1209,will,will,False,suicide intent,0.009205545697893416,0.009205545697893416,0.1683303564786911,0.4653538465499878,0.34,0,1,600,FP32-token-IDs
ClinicalBERT,11q4ikh,309,40,1209,will,will,False,worthlessness,0.001928449575124042,0.001928449575124042,0.337674617767334,0.9495809078216553,0.34,1,1,600,FP32-token-IDs
ClinicalBERT,11q4ikh,309,41,2789,pass,pass,False,anger,0.0016415101875151908,0.0016415101875151908,0.41998428106307983,0.7016873955726624,0.34,0,1,600,FP32-token-IDs
ClinicalBERT,11q4ikh,309,41,2789,pass,pass,False,brain dysfunction (forget),0.0019135737592088323,0.0019135737592088323,0.31644606590270996,0.3851734697818756,0.34,1,1,600,FP32-token-IDs
ClinicalBERT,11q4ikh,309,41,2789,pass,pass,False,emptiness,0.0008332262181543877,0.0008332262181543877,0.1924600899219513,0.9631192684173584,0.34,1,1,600,FP32-token-IDs
ClinicalBERT,11q4ikh,309,41,2789,pass,pass,False,hopelessness,0.003781162634758013,0.003781162634758013,0.36849674582481384,0.9833058714866638,0.34,1,1,600,FP32-token-IDs
ClinicalBERT,11q4ikh,309,41,2789,pass,pass,False,loneliness,-0.00019033880172563441,0.00019033880172563441,0.21519693732261658,0.9769633412361145,0.34,1,1,600,FP32-token-IDs
ClinicalBERT,11q4ikh,309,41,2789,pass,pass,False,sadness,0.0038979983489428245,0.0038979983489428245,0.36578479409217834,0.9594785571098328,0.34,1,1,600,FP32-token-IDs
ClinicalBERT,11q4ikh,309,41,2789,pass,pass,False,suicide intent,0.009205545697893416,0.009205545697893416,0.1683303564786911,0.4653538465499878,0.34,0,1,600,FP32-token-IDs
ClinicalBERT,11q4ikh,309,41,2789,pass,pass,False,worthlessness,0.001928449575124042,0.001928449575124042,0.337674617767334,0.9495809078216553,0.34,1,1,600,FP32-token-IDs
ClinicalBERT,11q4ikh,309,42,119,.,.,False,anger,0.0016415101875151908,0.0016415101875151908,0.41998428106307983,0.7016873955726624,0.34,0,1,600,FP32-token-IDs
ClinicalBERT,11q4ikh,309,42,119,.,.,False,brain dysfunction (forget),0.0019135737592088325,0.0019135737592088325,0.31644606590270996,0.3851734697818756,0.34,1,1,600,FP32-token-IDs
ClinicalBERT,11q4ikh,309,42,119,.,.,False,emptiness,0.0008332262181543878,0.0008332262181543878,0.1924600899219513,0.9631192684173584,0.34,1,1,600,FP32-token-IDs
ClinicalBERT,11q4ikh,309,42,119,.,.,False,hopelessness,0.003781162634758013,0.003781162634758013,0.36849674582481384,0.9833058714866638,0.34,1,1,600,FP32-token-IDs
ClinicalBERT,11q4ikh,309,42,119,.,.,False,loneliness,-0.00019033880172563441,0.00019033880172563441,0.21519693732261658,0.9769633412361145,0.34,1,1,600,FP32-token-IDs
ClinicalBERT,11q4ikh,309,42,119,.,.,False,sadness,0.003897998348942825,0.003897998348942825,0.36578479409217834,0.9594785571098328,0.34,1,1,600,FP32-token-IDs
ClinicalBERT,11q4ikh,309,42,119,.,.,False,suicide intent,0.009205545697893416,0.009205545697893416,0.1683303564786911,0.4653538465499878,0.34,0,1,600,FP32-token-IDs
ClinicalBERT,11q4ikh,309,42,119,.,.,False,worthlessness,0.0019284495751240422,0.0019284495751240422,0.337674617767334,0.9495809078216553,0.34,1,1,600,FP32-token-IDs
ClinicalBERT,11q4ikh,309,43,1256,even,even,False,anger,0.0014962160494178534,0.0014962160494178534,0.41998428106307983,0.7016873955726624,0.34,0,1,600,FP32-token-IDs
ClinicalBERT,11q4ikh,309,43,1256,even,even,False,brain dysfunction (forget),-0.002289965399540961,0.002289965399540961,0.31644606590270996,0.3851734697818756,0.34,1,1,600,FP32-token-IDs
ClinicalBERT,11q4ikh,309,43,1256,even,even,False,emptiness,0.006311560107860714,0.006311560107860714,0.1924600899219513,0.9631192684173584,0.34,1,1,600,FP32-token-IDs
ClinicalBERT,11q4ikh,309,43,1256,even,even,False,hopelessness,0.009007809916511178,0.009007809916511178,0.36849674582481384,0.9833058714866638,0.34,1,1,600,FP32-token-IDs
ClinicalBERT,11q4ikh,309,43,1256,even,even,False,loneliness,0.008507453021593392,0.008507453021593392,0.21519693732261658,0.9769633412361145,0.34,1,1,600,FP32-token-IDs
ClinicalBERT,11q4ikh,309,43,1256,even,even,False,sadness,0.006737365620210767,0.006737365620210767,0.36578479409217834,0.9594785571098328,0.34,1,1,600,FP32-token-IDs
ClinicalBERT,11q4ikh,309,43,1256,even,even,False,suicide intent,0.00015264807734638453,0.00015264807734638453,0.1683303564786911,0.4653538465499878,0.34,0,1,600,FP32-token-IDs
ClinicalBERT,11q4ikh,309,43,1256,even,even,False,worthlessness,0.007023272686637938,0.007023272686637938,0.337674617767334,0.9495809078216553,0.34,1,1,600,FP32-token-IDs
ClinicalBERT,11q4ikh,309,44,1191,if,if,False,anger,0.0014962160494178534,0.0014962160494178534,0.41998428106307983,0.7016873955726624,0.34,0,1,600,FP32-token-IDs
ClinicalBERT,11q4ikh,309,44,1191,if,if,False,brain dysfunction (forget),-0.002289965399540961,0.002289965399540961,0.31644606590270996,0.3851734697818756,0.34,1,1,600,FP32-token-IDs
ClinicalBERT,11q4ikh,309,44,1191,if,if,False,emptiness,0.006311560107860714,0.006311560107860714,0.1924600899219513,0.9631192684173584,0.34,1,1,600,FP32-token-IDs
ClinicalBERT,11q4ikh,309,44,1191,if,if,False,hopelessness,0.009007809916511178,0.009007809916511178,0.36849674582481384,0.9833058714866638,0.34,1,1,600,FP32-token-IDs
ClinicalBERT,11q4ikh,309,44,1191,if,if,False,loneliness,0.008507453021593392,0.008507453021593392,0.21519693732261658,0.9769633412361145,0.34,1,1,600,FP32-token-IDs
ClinicalBERT,11q4ikh,309,44,1191,if,if,False,sadness,0.006737365620210767,0.006737365620210767,0.36578479409217834,0.9594785571098328,0.34,1,1,600,FP32-token-IDs
ClinicalBERT,11q4ikh,309,44,1191,if,if,False,suicide intent,0.00015264807734638453,0.00015264807734638453,0.1683303564786911,0.4653538465499878,0.34,0,1,600,FP32-token-IDs
ClinicalBERT,11q4ikh,309,44,1191,if,if,False,worthlessness,0.007023272686637938,0.007023272686637938,0.337674617767334,0.9495809078216553,0.34,1,1,600,FP32-token-IDs
ClinicalBERT,11q4ikh,309,45,178,i,i,False,anger,0.0009698045905679464,0.0009698045905679464,0.41998428106307983,0.7016873955726624,0.34,0,1,600,FP32-token-IDs
ClinicalBERT,11q4ikh,309,45,178,i,i,False,brain dysfunction (forget),-0.005054750246927142,0.005054750246927142,0.31644606590270996,0.3851734697818756,0.34,1,1,600,FP32-token-IDs
ClinicalBERT,11q4ikh,309,45,178,i,i,False,emptiness,0.0074647931032814085,0.0074647931032814085,0.1924600899219513,0.9631192684173584,0.34,1,1,600,FP32-token-IDs
ClinicalBERT,11q4ikh,309,45,178,i,i,False,hopelessness,0.00907233520410955,0.00907233520410955,0.36849674582481384,0.9833058714866638,0.34,1,1,600,FP32-token-IDs
ClinicalBERT,11q4ikh,309,45,178,i,i,False,loneliness,0.009911635075695813,0.009911635075695813,0.21519693732261658,0.9769633412361145,0.34,1,1,600,FP32-token-IDs
ClinicalBERT,11q4ikh,309,45,178,i,i,False,sadness,0.008002621354535222,0.008002621354535222,0.36578479409217834,0.9594785571098328,0.34,1,1,600,FP32-token-IDs
ClinicalBERT,11q4ikh,309,45,178,i,i,False,suicide intent,0.0005209758237469941,0.0005209758237469941,0.1683303564786911,0.4653538465499878,0.34,0,1,600,FP32-token-IDs
ClinicalBERT,11q4ikh,309,45,178,i,i,False,worthlessness,0.0074418807635083795,0.0074418807635083795,0.337674617767334,0.9495809078216553,0.34,1,1,600,FP32-token-IDs
ClinicalBERT,11q4ikh,309,46,1274,don,don,False,anger,0.0024733839090913534,0.0024733839090913534,0.41998428106307983,0.7016873955726624,0.34,0,1,600,FP32-token-IDs
ClinicalBERT,11q4ikh,309,46,1274,don,don,False,brain dysfunction (forget),-0.004197741858661175,0.004197741858661175,0.31644606590270996,0.3851734697818756,0.34,1,1,600,FP32-token-IDs
ClinicalBERT,11q4ikh,309,46,1274,don,don,False,emptiness,0.008361938002053648,0.008361938002053648,0.1924600899219513,0.9631192684173584,0.34,1,1,600,FP32-token-IDs
ClinicalBERT,11q4ikh,309,46,1274,don,don,False,hopelessness,0.010905234841629863,0.010905234841629863,0.36849674582481384,0.9833058714866638,0.34,1,1,600,FP32-token-IDs
ClinicalBERT,11q4ikh,309,46,1274,don,don,False,loneliness,0.009811691124923527,0.009811691124923527,0.21519693732261658,0.9769633412361145,0.34,1,1,600,FP32-token-IDs
ClinicalBERT,11q4ikh,309,46,1274,don,don,False,sadness,0.008556650253012776,0.008556650253012776,0.36578479409217834,0.9594785571098328,0.34,1,1,600,FP32-token-IDs
ClinicalBERT,11q4ikh,309,46,1274,don,don,False,suicide intent,0.0008069995965342969,0.0008069995965342969,0.1683303564786911,0.4653538465499878,0.34,0,1,600,FP32-token-IDs
ClinicalBERT,11q4ikh,309,46,1274,don,don,False,worthlessness,0.010097589925862849,0.010097589925862849,0.337674617767334,0.9495809078216553,0.34,1,1,600,FP32-token-IDs
ClinicalBERT,11q4ikh,309,47,787,’,’,False,anger,0.004294483689591289,0.004294483689591289,0.41998428106307983,0.7016873955726624,0.34,0,1,600,FP32-token-IDs
ClinicalBERT,11q4ikh,309,47,787,’,’,False,brain dysfunction (forget),-0.002044500201009214,0.002044500201009214,0.31644606590270996,0.3851734697818756,0.34,1,1,600,FP32-token-IDs
ClinicalBERT,11q4ikh,309,47,787,’,’,False,emptiness,0.007514759956393391,0.007514759956393391,0.1924600899219513,0.9631192684173584,0.34,1,1,600,FP32-token-IDs
ClinicalBERT,11q4ikh,309,47,787,’,’,False,hopelessness,0.010888768592849374,0.010888768592849374,0.36849674582481384,0.9833058714866638,0.34,1,1,600,FP32-token-IDs
ClinicalBERT,11q4ikh,309,47,787,’,’,False,loneliness,0.007640319294296205,0.007640319294296205,0.21519693732261658,0.9769633412361145,0.34,1,1,600,FP32-token-IDs
ClinicalBERT,11q4ikh,309,47,787,’,’,False,sadness,0.008406160632148385,0.008406160632148385,0.36578479409217834,0.9594785571098328,0.34,1,1,600,FP32-token-IDs
ClinicalBERT,11q4ikh,309,47,787,’,’,False,suicide intent,0.001972175348782912,0.001972175348782912,0.1683303564786911,0.4653538465499878,0.34,0,1,600,FP32-token-IDs
ClinicalBERT,11q4ikh,309,47,787,’,’,False,worthlessness,0.010040593449957669,0.010040593449957669,0.337674617767334,0.9495809078216553,0.34,1,1,600,FP32-token-IDs
ClinicalBERT,11q4ikh,309,48,189,t,t,False,anger,0.004294483689591289,0.004294483689591289,0.41998428106307983,0.7016873955726624,0.34,0,1,600,FP32-token-IDs
ClinicalBERT,11q4ikh,309,48,189,t,t,False,brain dysfunction (forget),-0.002044500201009214,0.002044500201009214,0.31644606590270996,0.3851734697818756,0.34,1,1,600,FP32-token-IDs
ClinicalBERT,11q4ikh,309,48,189,t,t,False,emptiness,0.007514759956393391,0.007514759956393391,0.1924600899219513,0.9631192684173584,0.34,1,1,600,FP32-token-IDs
ClinicalBERT,11q4ikh,309,48,189,t,t,False,hopelessness,0.010888768592849374,0.010888768592849374,0.36849674582481384,0.9833058714866638,0.34,1,1,600,FP32-token-IDs
ClinicalBERT,11q4ikh,309,48,189,t,t,False,loneliness,0.007640319294296205,0.007640319294296205,0.21519693732261658,0.9769633412361145,0.34,1,1,600,FP32-token-IDs
ClinicalBERT,11q4ikh,309,48,189,t,t,False,sadness,0.008406160632148385,0.008406160632148385,0.36578479409217834,0.9594785571098328,0.34,1,1,600,FP32-token-IDs
ClinicalBERT,11q4ikh,309,48,189,t,t,False,suicide intent,0.001972175348782912,0.001972175348782912,0.1683303564786911,0.4653538465499878,0.34,0,1,600,FP32-token-IDs
ClinicalBERT,11q4ikh,309,48,189,t,t,False,worthlessness,0.010040593449957669,0.010040593449957669,0.337674617767334,0.9495809078216553,0.34,1,1,600,FP32-token-IDs
ClinicalBERT,11q4ikh,309,49,178,i,i,False,anger,0.0027890463825315237,0.0027890463825315237,0.41998428106307983,0.7016873955726624,0.34,0,1,600,FP32-token-IDs
ClinicalBERT,11q4ikh,309,49,178,i,i,False,brain dysfunction (forget),-0.0033327616984024644,0.0033327616984024644,0.31644606590270996,0.3851734697818756,0.34,1,1,600,FP32-token-IDs
ClinicalBERT,11q4ikh,309,49,178,i,i,False,emptiness,0.007591348665300757,0.007591348665300757,0.1924600899219513,0.9631192684173584,0.34,1,1,600,FP32-token-IDs
ClinicalBERT,11q4ikh,309,49,178,i,i,False,hopelessness,0.010580509202554822,0.010580509202554822,0.36849674582481384,0.9833058714866638,0.34,1,1,600,FP32-token-IDs
ClinicalBERT,11q4ikh,309,49,178,i,i,False,loneliness,0.007937749265693128,0.007937749265693128,0.21519693732261658,0.9769633412361145,0.34,1,1,600,FP32-token-IDs
ClinicalBERT,11q4ikh,309,49,178,i,i,False,sadness,0.008182103978469968,0.008182103978469968,0.36578479409217834,0.9594785571098328,0.34,1,1,600,FP32-token-IDs
ClinicalBERT,11q4ikh,309,49,178,i,i,False,suicide intent,0.0006827730394434184,0.0006827730394434184,0.1683303564786911,0.4653538465499878,0.34,0,1,600,FP32-token-IDs
ClinicalBERT,11q4ikh,309,49,178,i,i,False,worthlessness,0.00919525243807584,0.00919525243807584,0.337674617767334,0.9495809078216553,0.34,1,1,600,FP32-token-IDs
ClinicalBERT,11q4ikh,309,50,1341,think,think,False,anger,0.0027890463825315237,0.0027890463825315237,0.41998428106307983,0.7016873955726624,0.34,0,1,600,FP32-token-IDs
ClinicalBERT,11q4ikh,309,50,1341,think,think,False,brain dysfunction (forget),-0.0033327616984024644,0.0033327616984024644,0.31644606590270996,0.3851734697818756,0.34,1,1,600,FP32-token-IDs
ClinicalBERT,11q4ikh,309,50,1341,think,think,False,emptiness,0.007591348665300757,0.007591348665300757,0.1924600899219513,0.9631192684173584,0.34,1,1,600,FP32-token-IDs
ClinicalBERT,11q4ikh,309,50,1341,think,think,False,hopelessness,0.010580509202554822,0.010580509202554822,0.36849674582481384,0.9833058714866638,0.34,1,1,600,FP32-token-IDs
ClinicalBERT,11q4ikh,309,50,1341,think,think,False,loneliness,0.007937749265693128,0.007937749265693128,0.21519693732261658,0.9769633412361145,0.34,1,1,600,FP32-token-IDs
ClinicalBERT,11q4ikh,309,50,1341,think,think,False,sadness,0.008182103978469968,0.008182103978469968,0.36578479409217834,0.9594785571098328,0.34,1,1,600,FP32-token-IDs
ClinicalBERT,11q4ikh,309,50,1341,think,think,False,suicide intent,0.0006827730394434184,0.0006827730394434184,0.1683303564786911,0.4653538465499878,0.34,0,1,600,FP32-token-IDs
ClinicalBERT,11q4ikh,309,50,1341,think,think,False,worthlessness,0.00919525243807584,0.00919525243807584,0.337674617767334,0.9495809078216553,0.34,1,1,600,FP32-token-IDs
ClinicalBERT,11q4ikh,309,51,178,i,i,False,anger,-5.652556697336526e-05,5.652556697336526e-05,0.41998428106307983,0.7016873955726624,0.34,0,1,600,FP32-token-IDs
ClinicalBERT,11q4ikh,309,51,178,i,i,False,brain dysfunction (forget),-0.00440506115466213,0.00440506115466213,0.31644606590270996,0.3851734697818756,0.34,1,1,600,FP32-token-IDs
ClinicalBERT,11q4ikh,309,51,178,i,i,False,emptiness,0.004334380727064295,0.004334380727064295,0.1924600899219513,0.9631192684173584,0.34,1,1,600,FP32-token-IDs
ClinicalBERT,11q4ikh,309,51,178,i,i,False,hopelessness,0.003911887286589122,0.003911887286589122,0.36849674582481384,0.9833058714866638,0.34,1,1,600,FP32-token-IDs
ClinicalBERT,11q4ikh,309,51,178,i,i,False,loneliness,0.007004747498565569,0.007004747498565569,0.21519693732261658,0.9769633412361145,0.34,1,1,600,FP32-token-IDs
ClinicalBERT,11q4ikh,309,51,178,i,i,False,sadness,0.004950563217369983,0.004950563217369983,0.36578479409217834,0.9594785571098328,0.34,1,1,600,FP32-token-IDs
ClinicalBERT,11q4ikh,309,51,178,i,i,False,suicide intent,-0.0017545494416621155,0.0017545494416621155,0.1683303564786911,0.4653538465499878,0.34,0,1,600,FP32-token-IDs
ClinicalBERT,11q4ikh,309,51,178,i,i,False,worthlessness,0.0031158469769602213,0.0031158469769602213,0.337674617767334,0.9495809078216553,0.34,1,1,600,FP32-token-IDs
ClinicalBERT,11q4ikh,309,52,787,’,’,False,anger,-5.652556697336526e-05,5.652556697336526e-05,0.41998428106307983,0.7016873955726624,0.34,0,1,600,FP32-token-IDs
ClinicalBERT,11q4ikh,309,52,787,’,’,False,brain dysfunction (forget),-0.00440506115466213,0.00440506115466213,0.31644606590270996,0.3851734697818756,0.34,1,1,600,FP32-token-IDs
ClinicalBERT,11q4ikh,309,52,787,’,’,False,emptiness,0.004334380727064295,0.004334380727064295,0.1924600899219513,0.9631192684173584,0.34,1,1,600,FP32-token-IDs
ClinicalBERT,11q4ikh,309,52,787,’,’,False,hopelessness,0.003911887286589122,0.003911887286589122,0.36849674582481384,0.9833058714866638,0.34,1,1,600,FP32-token-IDs
ClinicalBERT,11q4ikh,309,52,787,’,’,False,loneliness,0.007004747498565569,0.007004747498565569,0.21519693732261658,0.9769633412361145,0.34,1,1,600,FP32-token-IDs
ClinicalBERT,11q4ikh,309,52,787,’,’,False,sadness,0.004950563217369983,0.004950563217369983,0.36578479409217834,0.9594785571098328,0.34,1,1,600,FP32-token-IDs
ClinicalBERT,11q4ikh,309,52,787,’,’,False,suicide intent,-0.0017545494416621155,0.0017545494416621155,0.1683303564786911,0.4653538465499878,0.34,0,1,600,FP32-token-IDs
ClinicalBERT,11q4ikh,309,52,787,’,’,False,worthlessness,0.0031158469769602213,0.0031158469769602213,0.337674617767334,0.9495809078216553,0.34,1,1,600,FP32-token-IDs
ClinicalBERT,11q4ikh,309,53,1325,ll,ll,False,anger,-5.652556697336526e-05,5.652556697336526e-05,0.41998428106307983,0.7016873955726624,0.34,0,1,600,FP32-token-IDs
ClinicalBERT,11q4ikh,309,53,1325,ll,ll,False,brain dysfunction (forget),-0.00440506115466213,0.00440506115466213,0.31644606590270996,0.3851734697818756,0.34,1,1,600,FP32-token-IDs
ClinicalBERT,11q4ikh,309,53,1325,ll,ll,False,emptiness,0.004334380727064295,0.004334380727064295,0.1924600899219513,0.9631192684173584,0.34,1,1,600,FP32-token-IDs
ClinicalBERT,11q4ikh,309,53,1325,ll,ll,False,hopelessness,0.003911887286589122,0.003911887286589122,0.36849674582481384,0.9833058714866638,0.34,1,1,600,FP32-token-IDs
ClinicalBERT,11q4ikh,309,53,1325,ll,ll,False,loneliness,0.007004747498565569,0.007004747498565569,0.21519693732261658,0.9769633412361145,0.34,1,1,600,FP32-token-IDs
ClinicalBERT,11q4ikh,309,53,1325,ll,ll,False,sadness,0.004950563217369983,0.004950563217369983,0.36578479409217834,0.9594785571098328,0.34,1,1,600,FP32-token-IDs
ClinicalBERT,11q4ikh,309,53,1325,ll,ll,False,suicide intent,-0.0017545494416621155,0.0017545494416621155,0.1683303564786911,0.4653538465499878,0.34,0,1,600,FP32-token-IDs
ClinicalBERT,11q4ikh,309,53,1325,ll,ll,False,worthlessness,0.0031158469769602213,0.0031158469769602213,0.337674617767334,0.9495809078216553,0.34,1,1,600,FP32-token-IDs
ClinicalBERT,11q4ikh,309,54,2482,figure,figure,False,anger,-5.652556697336526e-05,5.652556697336526e-05,0.41998428106307983,0.7016873955726624,0.34,0,1,600,FP32-token-IDs
ClinicalBERT,11q4ikh,309,54,2482,figure,figure,False,brain dysfunction (forget),-0.00440506115466213,0.00440506115466213,0.31644606590270996,0.3851734697818756,0.34,1,1,600,FP32-token-IDs
ClinicalBERT,11q4ikh,309,54,2482,figure,figure,False,emptiness,0.004334380727064295,0.004334380727064295,0.1924600899219513,0.9631192684173584,0.34,1,1,600,FP32-token-IDs
ClinicalBERT,11q4ikh,309,54,2482,figure,figure,False,hopelessness,0.003911887286589122,0.003911887286589122,0.36849674582481384,0.9833058714866638,0.34,1,1,600,FP32-token-IDs
ClinicalBERT,11q4ikh,309,54,2482,figure,figure,False,loneliness,0.007004747498565569,0.007004747498565569,0.21519693732261658,0.9769633412361145,0.34,1,1,600,FP32-token-IDs
ClinicalBERT,11q4ikh,309,54,2482,figure,figure,False,sadness,0.004950563217369983,0.004950563217369983,0.36578479409217834,0.9594785571098328,0.34,1,1,600,FP32-token-IDs
ClinicalBERT,11q4ikh,309,54,2482,figure,figure,False,suicide intent,-0.0017545494416621155,0.0017545494416621155,0.1683303564786911,0.4653538465499878,0.34,0,1,600,FP32-token-IDs
ClinicalBERT,11q4ikh,309,54,2482,figure,figure,False,worthlessness,0.0031158469769602213,0.0031158469769602213,0.337674617767334,0.9495809078216553,0.34,1,1,600,FP32-token-IDs
ClinicalBERT,11q4ikh,309,55,1380,something,something,False,anger,-9.519547725526185e-05,9.519547725526185e-05,0.41998428106307983,0.7016873955726624,0.34,0,1,600,FP32-token-IDs
ClinicalBERT,11q4ikh,309,55,1380,something,something,False,brain dysfunction (forget),-0.0038918900760248876,0.0038918900760248876,0.31644606590270996,0.3851734697818756,0.34,1,1,600,FP32-token-IDs
ClinicalBERT,11q4ikh,309,55,1380,something,something,False,emptiness,0.004043304587517364,0.004043304587517364,0.1924600899219513,0.9631192684173584,0.34,1,1,600,FP32-token-IDs
ClinicalBERT,11q4ikh,309,55,1380,something,something,False,hopelessness,0.004208247866839743,0.004208247866839743,0.36849674582481384,0.9833058714866638,0.34,1,1,600,FP32-token-IDs
ClinicalBERT,11q4ikh,309,55,1380,something,something,False,loneliness,0.005556572327175393,0.005556572327175393,0.21519693732261658,0.9769633412361145,0.34,1,1,600,FP32-token-IDs
ClinicalBERT,11q4ikh,309,55,1380,something,something,False,sadness,0.004959397277651498,0.004959397277651498,0.36578479409217834,0.9594785571098328,0.34,1,1,600,FP32-token-IDs
ClinicalBERT,11q4ikh,309,55,1380,something,something,False,suicide intent,-0.002207148958964703,0.002207148958964703,0.1683303564786911,0.4653538465499878,0.34,0,1,600,FP32-token-IDs
ClinicalBERT,11q4ikh,309,55,1380,something,something,False,worthlessness,0.0036711600528528485,0.0036711600528528485,0.337674617767334,0.9495809078216553,0.34,1,1,600,FP32-token-IDs
ClinicalBERT,11q4ikh,309,56,1106,to,to,False,anger,-9.519547725526185e-05,9.519547725526185e-05,0.41998428106307983,0.7016873955726624,0.34,0,1,600,FP32-token-IDs
ClinicalBERT,11q4ikh,309,56,1106,to,to,False,brain dysfunction (forget),-0.0038918900760248876,0.0038918900760248876,0.31644606590270996,0.3851734697818756,0.34,1,1,600,FP32-token-IDs
ClinicalBERT,11q4ikh,309,56,1106,to,to,False,emptiness,0.004043304587517364,0.004043304587517364,0.1924600899219513,0.9631192684173584,0.34,1,1,600,FP32-token-IDs
ClinicalBERT,11q4ikh,309,56,1106,to,to,False,hopelessness,0.004208247866839743,0.004208247866839743,0.36849674582481384,0.9833058714866638,0.34,1,1,600,FP32-token-IDs
ClinicalBERT,11q4ikh,309,56,1106,to,to,False,loneliness,0.005556572327175393,0.005556572327175393,0.21519693732261658,0.9769633412361145,0.34,1,1,600,FP32-token-IDs
ClinicalBERT,11q4ikh,309,56,1106,to,to,False,sadness,0.004959397277651498,0.004959397277651498,0.36578479409217834,0.9594785571098328,0.34,1,1,600,FP32-token-IDs
ClinicalBERT,11q4ikh,309,56,1106,to,to,False,suicide intent,-0.002207148958964703,0.002207148958964703,0.1683303564786911,0.4653538465499878,0.34,0,1,600,FP32-token-IDs
ClinicalBERT,11q4ikh,309,56,1106,to,to,False,worthlessness,0.0036711600528528485,0.0036711600528528485,0.337674617767334,0.9495809078216553,0.34,1,1,600,FP32-token-IDs
ClinicalBERT,11q4ikh,309,57,1202,do,do,False,anger,-9.519547725526185e-05,9.519547725526185e-05,0.41998428106307983,0.7016873955726624,0.34,0,1,600,FP32-token-IDs
ClinicalBERT,11q4ikh,309,57,1202,do,do,False,brain dysfunction (forget),-0.0038918900760248876,0.0038918900760248876,0.31644606590270996,0.3851734697818756,0.34,1,1,600,FP32-token-IDs
ClinicalBERT,11q4ikh,309,57,1202,do,do,False,emptiness,0.004043304587517364,0.004043304587517364,0.1924600899219513,0.9631192684173584,0.34,1,1,600,FP32-token-IDs
ClinicalBERT,11q4ikh,309,57,1202,do,do,False,hopelessness,0.004208247866839743,0.004208247866839743,0.36849674582481384,0.9833058714866638,0.34,1,1,600,FP32-token-IDs
ClinicalBERT,11q4ikh,309,57,1202,do,do,False,loneliness,0.005556572327175393,0.005556572327175393,0.21519693732261658,0.9769633412361145,0.34,1,1,600,FP32-token-IDs
ClinicalBERT,11q4ikh,309,57,1202,do,do,False,sadness,0.004959397277651498,0.004959397277651498,0.36578479409217834,0.9594785571098328,0.34,1,1,600,FP32-token-IDs
ClinicalBERT,11q4ikh,309,57,1202,do,do,False,suicide intent,-0.002207148958964703,0.002207148958964703,0.1683303564786911,0.4653538465499878,0.34,0,1,600,FP32-token-IDs
ClinicalBERT,11q4ikh,309,57,1202,do,do,False,worthlessness,0.0036711600528528485,0.0036711600528528485,0.337674617767334,0.9495809078216553,0.34,1,1,600,FP32-token-IDs
ClinicalBERT,11q4ikh,309,58,1114,with,with,False,anger,-9.519547725526185e-05,9.519547725526185e-05,0.41998428106307983,0.7016873955726624,0.34,0,1,600,FP32-token-IDs
ClinicalBERT,11q4ikh,309,58,1114,with,with,False,brain dysfunction (forget),-0.0038918900760248876,0.0038918900760248876,0.31644606590270996,0.3851734697818756,0.34,1,1,600,FP32-token-IDs
ClinicalBERT,11q4ikh,309,58,1114,with,with,False,emptiness,0.004043304587517364,0.004043304587517364,0.1924600899219513,0.9631192684173584,0.34,1,1,600,FP32-token-IDs
ClinicalBERT,11q4ikh,309,58,1114,with,with,False,hopelessness,0.004208247866839743,0.004208247866839743,0.36849674582481384,0.9833058714866638,0.34,1,1,600,FP32-token-IDs
ClinicalBERT,11q4ikh,309,58,1114,with,with,False,loneliness,0.005556572327175393,0.005556572327175393,0.21519693732261658,0.9769633412361145,0.34,1,1,600,FP32-token-IDs
ClinicalBERT,11q4ikh,309,58,1114,with,with,False,sadness,0.004959397277651498,0.004959397277651498,0.36578479409217834,0.9594785571098328,0.34,1,1,600,FP32-token-IDs
ClinicalBERT,11q4ikh,309,58,1114,with,with,False,suicide intent,-0.002207148958964703,0.002207148958964703,0.1683303564786911,0.4653538465499878,0.34,0,1,600,FP32-token-IDs
ClinicalBERT,11q4ikh,309,58,1114,with,with,False,worthlessness,0.0036711600528528485,0.0036711600528528485,0.337674617767334,0.9495809078216553,0.34,1,1,600,FP32-token-IDs
ClinicalBERT,11q4ikh,309,59,1139,my,my,False,anger,0.0027353959946105114,0.0027353959946105114,0.41998428106307983,0.7016873955726624,0.34,0,1,600,FP32-token-IDs
ClinicalBERT,11q4ikh,309,59,1139,my,my,False,brain dysfunction (forget),-0.001329339725466875,0.001329339725466875,0.31644606590270996,0.3851734697818756,0.34,1,1,600,FP32-token-IDs
ClinicalBERT,11q4ikh,309,59,1139,my,my,False,emptiness,0.008279021746980456,0.008279021746980456,0.1924600899219513,0.9631192684173584,0.34,1,1,600,FP32-token-IDs
ClinicalBERT,11q4ikh,309,59,1139,my,my,False,hopelessness,0.006505187754877484,0.006505187754877484,0.36849674582481384,0.9833058714866638,0.34,1,1,600,FP32-token-IDs
ClinicalBERT,11q4ikh,309,59,1139,my,my,False,loneliness,0.010041041747451974,0.010041041747451974,0.21519693732261658,0.9769633412361145,0.34,1,1,600,FP32-token-IDs
ClinicalBERT,11q4ikh,309,59,1139,my,my,False,sadness,0.007080043390249977,0.007080043390249977,0.36578479409217834,0.9594785571098328,0.34,1,1,600,FP32-token-IDs
ClinicalBERT,11q4ikh,309,59,1139,my,my,False,suicide intent,0.004761794582904818,0.004761794582904818,0.1683303564786911,0.4653538465499878,0.34,0,1,600,FP32-token-IDs
ClinicalBERT,11q4ikh,309,59,1139,my,my,False,worthlessness,0.005735512360787162,0.005735512360787162,0.337674617767334,0.9495809078216553,0.34,1,1,600,FP32-token-IDs
ClinicalBERT,11q4ikh,309,60,1297,life,life,False,anger,0.0027353959946105114,0.0027353959946105114,0.41998428106307983,0.7016873955726624,0.34,0,1,600,FP32-token-IDs
ClinicalBERT,11q4ikh,309,60,1297,life,life,False,brain dysfunction (forget),-0.001329339725466875,0.001329339725466875,0.31644606590270996,0.3851734697818756,0.34,1,1,600,FP32-token-IDs
ClinicalBERT,11q4ikh,309,60,1297,life,life,False,emptiness,0.008279021746980456,0.008279021746980456,0.1924600899219513,0.9631192684173584,0.34,1,1,600,FP32-token-IDs
ClinicalBERT,11q4ikh,309,60,1297,life,life,False,hopelessness,0.006505187754877484,0.006505187754877484,0.36849674582481384,0.9833058714866638,0.34,1,1,600,FP32-token-IDs
ClinicalBERT,11q4ikh,309,60,1297,life,life,False,loneliness,0.010041041747451974,0.010041041747451974,0.21519693732261658,0.9769633412361145,0.34,1,1,600,FP32-token-IDs
ClinicalBERT,11q4ikh,309,60,1297,life,life,False,sadness,0.007080043390249977,0.007080043390249977,0.36578479409217834,0.9594785571098328,0.34,1,1,600,FP32-token-IDs
ClinicalBERT,11q4ikh,309,60,1297,life,life,False,suicide intent,0.004761794582904818,0.004761794582904818,0.1683303564786911,0.4653538465499878,0.34,0,1,600,FP32-token-IDs
ClinicalBERT,11q4ikh,309,60,1297,life,life,False,worthlessness,0.005735512360787162,0.005735512360787162,0.337674617767334,0.9495809078216553,0.34,1,1,600,FP32-token-IDs
ClinicalBERT,11q4ikh,309,61,1141,one,one,False,anger,0.002626686435765945,0.002626686435765945,0.41998428106307983,0.7016873955726624,0.34,0,1,600,FP32-token-IDs
ClinicalBERT,11q4ikh,309,61,1141,one,one,False,brain dysfunction (forget),-0.0011146018854700603,0.0011146018854700603,0.31644606590270996,0.3851734697818756,0.34,1,1,600,FP32-token-IDs
ClinicalBERT,11q4ikh,309,61,1141,one,one,False,emptiness,0.008212615187781361,0.008212615187781361,0.1924600899219513,0.9631192684173584,0.34,1,1,600,FP32-token-IDs
ClinicalBERT,11q4ikh,309,61,1141,one,one,False,hopelessness,0.006486168285258687,0.006486168285258687,0.36849674582481384,0.9833058714866638,0.34,1,1,600,FP32-token-IDs
ClinicalBERT,11q4ikh,309,61,1141,one,one,False,loneliness,0.010029228386254264,0.010029228386254264,0.21519693732261658,0.9769633412361145,0.34,1,1,600,FP32-token-IDs
ClinicalBERT,11q4ikh,309,61,1141,one,one,False,sadness,0.006991077404325971,0.006991077404325971,0.36578479409217834,0.9594785571098328,0.34,1,1,600,FP32-token-IDs
ClinicalBERT,11q4ikh,309,61,1141,one,one,False,suicide intent,0.004142628983558657,0.004142628983558657,0.1683303564786911,0.4653538465499878,0.34,0,1,600,FP32-token-IDs
ClinicalBERT,11q4ikh,309,61,1141,one,one,False,worthlessness,0.005621998108780155,0.005621998108780155,0.337674617767334,0.9495809078216553,0.34,1,1,600,FP32-token-IDs
ClinicalBERT,11q4ikh,309,62,1285,day,day,False,anger,0.002626686435765945,0.002626686435765945,0.41998428106307983,0.7016873955726624,0.34,0,1,600,FP32-token-IDs
ClinicalBERT,11q4ikh,309,62,1285,day,day,False,brain dysfunction (forget),-0.0011146018854700603,0.0011146018854700603,0.31644606590270996,0.3851734697818756,0.34,1,1,600,FP32-token-IDs
ClinicalBERT,11q4ikh,309,62,1285,day,day,False,emptiness,0.008212615187781361,0.008212615187781361,0.1924600899219513,0.9631192684173584,0.34,1,1,600,FP32-token-IDs
ClinicalBERT,11q4ikh,309,62,1285,day,day,False,hopelessness,0.006486168285258687,0.006486168285258687,0.36849674582481384,0.9833058714866638,0.34,1,1,600,FP32-token-IDs
ClinicalBERT,11q4ikh,309,62,1285,day,day,False,loneliness,0.010029228386254264,0.010029228386254264,0.21519693732261658,0.9769633412361145,0.34,1,1,600,FP32-token-IDs
ClinicalBERT,11q4ikh,309,62,1285,day,day,False,sadness,0.006991077404325971,0.006991077404325971,0.36578479409217834,0.9594785571098328,0.34,1,1,600,FP32-token-IDs
ClinicalBERT,11q4ikh,309,62,1285,day,day,False,suicide intent,0.004142628983558657,0.004142628983558657,0.1683303564786911,0.4653538465499878,0.34,0,1,600,FP32-token-IDs
ClinicalBERT,11q4ikh,309,62,1285,day,day,False,worthlessness,0.005621998108780155,0.005621998108780155,0.337674617767334,0.9495809078216553,0.34,1,1,600,FP32-token-IDs
ClinicalBERT,11q4ikh,309,63,119,.,.,False,anger,0.002795246042884313,0.002795246042884313,0.41998428106307983,0.7016873955726624,0.34,0,1,600,FP32-token-IDs
ClinicalBERT,11q4ikh,309,63,119,.,.,False,brain dysfunction (forget),-0.0020310191079401054,0.0020310191079401054,0.31644606590270996,0.3851734697818756,0.34,1,1,600,FP32-token-IDs
ClinicalBERT,11q4ikh,309,63,119,.,.,False,emptiness,0.009762021164911297,0.009762021164911297,0.1924600899219513,0.9631192684173584,0.34,1,1,600,FP32-token-IDs
ClinicalBERT,11q4ikh,309,63,119,.,.,False,hopelessness,0.0069225024575224284,0.0069225024575224284,0.36849674582481384,0.9833058714866638,0.34,1,1,600,FP32-token-IDs
ClinicalBERT,11q4ikh,309,63,119,.,.,False,loneliness,0.011683852626727177,0.011683852626727177,0.21519693732261658,0.9769633412361145,0.34,1,1,600,FP32-token-IDs
ClinicalBERT,11q4ikh,309,63,119,.,.,False,sadness,0.007476901592543492,0.007476901592543492,0.36578479409217834,0.9594785571098328,0.34,1,1,600,FP32-token-IDs
ClinicalBERT,11q4ikh,309,63,119,.,.,False,suicide intent,0.003987406672408374,0.003987406672408374,0.1683303564786911,0.4653538465499878,0.34,0,1,600,FP32-token-IDs
ClinicalBERT,11q4ikh,309,63,119,.,.,False,worthlessness,0.00624868250810183,0.00624868250810183,0.337674617767334,0.9495809078216553,0.34,1,1,600,FP32-token-IDs
ClinicalBERT,11q4ikh,309,64,12051,honestly,honestly,False,anger,-0.0022543321363627912,0.0022543321363627912,0.41998428106307983,0.7016873955726624,0.34,0,1,600,FP32-token-IDs
ClinicalBERT,11q4ikh,309,64,12051,honestly,honestly,False,brain dysfunction (forget),-0.0018467217218130828,0.0018467217218130828,0.31644606590270996,0.3851734697818756,0.34,1,1,600,FP32-token-IDs
ClinicalBERT,11q4ikh,309,64,12051,honestly,honestly,False,emptiness,0.004807504289783537,0.004807504289783537,0.1924600899219513,0.9631192684173584,0.34,1,1,600,FP32-token-IDs
ClinicalBERT,11q4ikh,309,64,12051,honestly,honestly,False,hopelessness,0.003027416206896305,0.003027416206896305,0.36849674582481384,0.9833058714866638,0.34,1,1,600,FP32-token-IDs
ClinicalBERT,11q4ikh,309,64,12051,honestly,honestly,False,loneliness,0.0064789015799760815,0.0064789015799760815,0.21519693732261658,0.9769633412361145,0.34,1,1,600,FP32-token-IDs
ClinicalBERT,11q4ikh,309,64,12051,honestly,honestly,False,sadness,0.004890279425308108,0.004890279425308108,0.36578479409217834,0.9594785571098328,0.34,1,1,600,FP32-token-IDs
ClinicalBERT,11q4ikh,309,64,12051,honestly,honestly,False,suicide intent,0.001536108844447881,0.001536108844447881,0.1683303564786911,0.4653538465499878,0.34,0,1,600,FP32-token-IDs
ClinicalBERT,11q4ikh,309,64,12051,honestly,honestly,False,worthlessness,0.0033265372971072794,0.0033265372971072794,0.337674617767334,0.9495809078216553,0.34,1,1,600,FP32-token-IDs
ClinicalBERT,11q4ikh,309,65,178,i,i,False,anger,-0.0022543321363627912,0.0022543321363627912,0.41998428106307983,0.7016873955726624,0.34,0,1,600,FP32-token-IDs
ClinicalBERT,11q4ikh,309,65,178,i,i,False,brain dysfunction (forget),-0.0018467217218130828,0.0018467217218130828,0.31644606590270996,0.3851734697818756,0.34,1,1,600,FP32-token-IDs
ClinicalBERT,11q4ikh,309,65,178,i,i,False,emptiness,0.004807504289783537,0.004807504289783537,0.1924600899219513,0.9631192684173584,0.34,1,1,600,FP32-token-IDs
ClinicalBERT,11q4ikh,309,65,178,i,i,False,hopelessness,0.003027416206896305,0.003027416206896305,0.36849674582481384,0.9833058714866638,0.34,1,1,600,FP32-token-IDs
ClinicalBERT,11q4ikh,309,65,178,i,i,False,loneliness,0.0064789015799760815,0.0064789015799760815,0.21519693732261658,0.9769633412361145,0.34,1,1,600,FP32-token-IDs
ClinicalBERT,11q4ikh,309,65,178,i,i,False,sadness,0.004890279425308108,0.004890279425308108,0.36578479409217834,0.9594785571098328,0.34,1,1,600,FP32-token-IDs
ClinicalBERT,11q4ikh,309,65,178,i,i,False,suicide intent,0.001536108844447881,0.001536108844447881,0.1683303564786911,0.4653538465499878,0.34,0,1,600,FP32-token-IDs
ClinicalBERT,11q4ikh,309,65,178,i,i,False,worthlessness,0.0033265372971072794,0.0033265372971072794,0.337674617767334,0.9495809078216553,0.34,1,1,600,FP32-token-IDs
ClinicalBERT,11q4ikh,309,66,1198,just,just,False,anger,2.034315839409811e-05,2.034315839409811e-05,0.41998428106307983,0.7016873955726624,0.34,0,1,600,FP32-token-IDs
ClinicalBERT,11q4ikh,309,66,1198,just,just,False,brain dysfunction (forget),-0.0009948509745299817,0.0009948509745299817,0.31644606590270996,0.3851734697818756,0.34,1,1,600,FP32-token-IDs
ClinicalBERT,11q4ikh,309,66,1198,just,just,False,emptiness,0.005661430116742849,0.005661430116742849,0.1924600899219513,0.9631192684173584,0.34,1,1,600,FP32-token-IDs
ClinicalBERT,11q4ikh,309,66,1198,just,just,False,hopelessness,0.0052630830556154255,0.0052630830556154255,0.36849674582481384,0.9833058714866638,0.34,1,1,600,FP32-token-IDs
ClinicalBERT,11q4ikh,309,66,1198,just,just,False,loneliness,0.006120030395686626,0.006120030395686626,0.21519693732261658,0.9769633412361145,0.34,1,1,600,FP32-token-IDs
ClinicalBERT,11q4ikh,309,66,1198,just,just,False,sadness,0.006280906544998288,0.006280906544998288,0.36578479409217834,0.9594785571098328,0.34,1,1,600,FP32-token-IDs
ClinicalBERT,11q4ikh,309,66,1198,just,just,False,suicide intent,0.00478190544527024,0.00478190544527024,0.1683303564786911,0.4653538465499878,0.34,0,1,600,FP32-token-IDs
ClinicalBERT,11q4ikh,309,66,1198,just,just,False,worthlessness,0.004698724229820072,0.004698724229820072,0.337674617767334,0.9495809078216553,0.34,1,1,600,FP32-token-IDs
ClinicalBERT,11q4ikh,309,67,1328,want,want,False,anger,0.0005296499468386172,0.0005296499468386172,0.41998428106307983,0.7016873955726624,0.34,0,1,600,FP32-token-IDs
ClinicalBERT,11q4ikh,309,67,1328,want,want,False,brain dysfunction (forget),-0.0010056412778794766,0.0010056412778794766,0.31644606590270996,0.3851734697818756,0.34,1,1,600,FP32-token-IDs
ClinicalBERT,11q4ikh,309,67,1328,want,want,False,emptiness,0.006002497440204024,0.006002497440204024,0.1924600899219513,0.9631192684173584,0.34,1,1,600,FP32-token-IDs
ClinicalBERT,11q4ikh,309,67,1328,want,want,False,hopelessness,0.005892445705831051,0.005892445705831051,0.36849674582481384,0.9833058714866638,0.34,1,1,600,FP32-token-IDs
ClinicalBERT,11q4ikh,309,67,1328,want,want,False,loneliness,0.00635699238628149,0.00635699238628149,0.21519693732261658,0.9769633412361145,0.34,1,1,600,FP32-token-IDs
ClinicalBERT,11q4ikh,309,67,1328,want,want,False,sadness,0.006868179934099316,0.006868179934099316,0.36578479409217834,0.9594785571098328,0.34,1,1,600,FP32-token-IDs
ClinicalBERT,11q4ikh,309,67,1328,want,want,False,suicide intent,0.004956039832904935,0.004956039832904935,0.1683303564786911,0.4653538465499878,0.34,0,1,600,FP32-token-IDs
ClinicalBERT,11q4ikh,309,67,1328,want,want,False,worthlessness,0.005091067147441208,0.005091067147441208,0.337674617767334,0.9495809078216553,0.34,1,1,600,FP32-token-IDs
ClinicalBERT,11q4ikh,309,68,1106,to,to,False,anger,-0.0033273848394552866,0.0033273848394552866,0.41998428106307983,0.7016873955726624,0.34,0,1,600,FP32-token-IDs
ClinicalBERT,11q4ikh,309,68,1106,to,to,False,brain dysfunction (forget),0.0012881356757134198,0.0012881356757134198,0.31644606590270996,0.3851734697818756,0.34,1,1,600,FP32-token-IDs
ClinicalBERT,11q4ikh,309,68,1106,to,to,False,emptiness,0.004986560034255187,0.004986560034255187,0.1924600899219513,0.9631192684173584,0.34,1,1,600,FP32-token-IDs
ClinicalBERT,11q4ikh,309,68,1106,to,to,False,hopelessness,0.003869994698713223,0.003869994698713223,0.36849674582481384,0.9833058714866638,0.34,1,1,600,FP32-token-IDs
ClinicalBERT,11q4ikh,309,68,1106,to,to,False,loneliness,0.003956511228655775,0.003956511228655775,0.21519693732261658,0.9769633412361145,0.34,1,1,600,FP32-token-IDs
ClinicalBERT,11q4ikh,309,68,1106,to,to,False,sadness,0.0049024881174167,0.0049024881174167,0.36578479409217834,0.9594785571098328,0.34,1,1,600,FP32-token-IDs
ClinicalBERT,11q4ikh,309,68,1106,to,to,False,suicide intent,0.0017518136844349406,0.0017518136844349406,0.1683303564786911,0.4653538465499878,0.34,0,1,600,FP32-token-IDs
ClinicalBERT,11q4ikh,309,68,1106,to,to,False,worthlessness,0.00210978911879162,0.00210978911879162,0.337674617767334,0.9495809078216553,0.34,1,1,600,FP32-token-IDs
ClinicalBERT,11q4ikh,309,69,11824,chill,chill,False,anger,-0.0033273848394552866,0.0033273848394552866,0.41998428106307983,0.7016873955726624,0.34,0,1,600,FP32-token-IDs
ClinicalBERT,11q4ikh,309,69,11824,chill,chill,False,brain dysfunction (forget),0.0012881356757134198,0.0012881356757134198,0.31644606590270996,0.3851734697818756,0.34,1,1,600,FP32-token-IDs
ClinicalBERT,11q4ikh,309,69,11824,chill,chill,False,emptiness,0.004986560034255187,0.004986560034255187,0.1924600899219513,0.9631192684173584,0.34,1,1,600,FP32-token-IDs
ClinicalBERT,11q4ikh,309,69,11824,chill,chill,False,hopelessness,0.003869994698713223,0.003869994698713223,0.36849674582481384,0.9833058714866638,0.34,1,1,600,FP32-token-IDs
ClinicalBERT,11q4ikh,309,69,11824,chill,chill,False,loneliness,0.003956511228655775,0.003956511228655775,0.21519693732261658,0.9769633412361145,0.34,1,1,600,FP32-token-IDs
ClinicalBERT,11q4ikh,309,69,11824,chill,chill,False,sadness,0.0049024881174167,0.0049024881174167,0.36578479409217834,0.9594785571098328,0.34,1,1,600,FP32-token-IDs
ClinicalBERT,11q4ikh,309,69,11824,chill,chill,False,suicide intent,0.0017518136844349406,0.0017518136844349406,0.1683303564786911,0.4653538465499878,0.34,0,1,600,FP32-token-IDs
ClinicalBERT,11q4ikh,309,69,11824,chill,chill,False,worthlessness,0.00210978911879162,0.00210978911879162,0.337674617767334,0.9495809078216553,0.34,1,1,600,FP32-token-IDs
ClinicalBERT,11q4ikh,309,70,1155,all,all,False,anger,-0.003327384839455287,0.003327384839455287,0.41998428106307983,0.7016873955726624,0.34,0,1,600,FP32-token-IDs
ClinicalBERT,11q4ikh,309,70,1155,all,all,False,brain dysfunction (forget),0.00128813567571342,0.00128813567571342,0.31644606590270996,0.3851734697818756,0.34,1,1,600,FP32-token-IDs
ClinicalBERT,11q4ikh,309,70,1155,all,all,False,emptiness,0.0049865600342551865,0.0049865600342551865,0.1924600899219513,0.9631192684173584,0.34,1,1,600,FP32-token-IDs
ClinicalBERT,11q4ikh,309,70,1155,all,all,False,hopelessness,0.003869994698713223,0.003869994698713223,0.36849674582481384,0.9833058714866638,0.34,1,1,600,FP32-token-IDs
ClinicalBERT,11q4ikh,309,70,1155,all,all,False,loneliness,0.003956511228655775,0.003956511228655775,0.21519693732261658,0.9769633412361145,0.34,1,1,600,FP32-token-IDs
ClinicalBERT,11q4ikh,309,70,1155,all,all,False,sadness,0.0049024881174167,0.0049024881174167,0.36578479409217834,0.9594785571098328,0.34,1,1,600,FP32-token-IDs
ClinicalBERT,11q4ikh,309,70,1155,all,all,False,suicide intent,0.0017518136844349406,0.0017518136844349406,0.1683303564786911,0.4653538465499878,0.34,0,1,600,FP32-token-IDs
ClinicalBERT,11q4ikh,309,70,1155,all,all,False,worthlessness,0.00210978911879162,0.00210978911879162,0.337674617767334,0.9495809078216553,0.34,1,1,600,FP32-token-IDs
ClinicalBERT,11q4ikh,309,71,1103,the,the,False,anger,-0.003327384839455287,0.003327384839455287,0.41998428106307983,0.7016873955726624,0.34,0,1,600,FP32-token-IDs
ClinicalBERT,11q4ikh,309,71,1103,the,the,False,brain dysfunction (forget),0.00128813567571342,0.00128813567571342,0.31644606590270996,0.3851734697818756,0.34,1,1,600,FP32-token-IDs
ClinicalBERT,11q4ikh,309,71,1103,the,the,False,emptiness,0.0049865600342551865,0.0049865600342551865,0.1924600899219513,0.9631192684173584,0.34,1,1,600,FP32-token-IDs
ClinicalBERT,11q4ikh,309,71,1103,the,the,False,hopelessness,0.003869994698713223,0.003869994698713223,0.36849674582481384,0.9833058714866638,0.34,1,1,600,FP32-token-IDs
ClinicalBERT,11q4ikh,309,71,1103,the,the,False,loneliness,0.003956511228655775,0.003956511228655775,0.21519693732261658,0.9769633412361145,0.34,1,1,600,FP32-token-IDs
ClinicalBERT,11q4ikh,309,71,1103,the,the,False,sadness,0.0049024881174167,0.0049024881174167,0.36578479409217834,0.9594785571098328,0.34,1,1,600,FP32-token-IDs
ClinicalBERT,11q4ikh,309,71,1103,the,the,False,suicide intent,0.0017518136844349406,0.0017518136844349406,0.1683303564786911,0.4653538465499878,0.34,0,1,600,FP32-token-IDs
ClinicalBERT,11q4ikh,309,71,1103,the,the,False,worthlessness,0.00210978911879162,0.00210978911879162,0.337674617767334,0.9495809078216553,0.34,1,1,600,FP32-token-IDs
ClinicalBERT,11q4ikh,309,72,1159,time,time,False,anger,-0.003327384839455287,0.003327384839455287,0.41998428106307983,0.7016873955726624,0.34,0,1,600,FP32-token-IDs
ClinicalBERT,11q4ikh,309,72,1159,time,time,False,brain dysfunction (forget),0.00128813567571342,0.00128813567571342,0.31644606590270996,0.3851734697818756,0.34,1,1,600,FP32-token-IDs
ClinicalBERT,11q4ikh,309,72,1159,time,time,False,emptiness,0.0049865600342551865,0.0049865600342551865,0.1924600899219513,0.9631192684173584,0.34,1,1,600,FP32-token-IDs
ClinicalBERT,11q4ikh,309,72,1159,time,time,False,hopelessness,0.003869994698713223,0.003869994698713223,0.36849674582481384,0.9833058714866638,0.34,1,1,600,FP32-token-IDs
ClinicalBERT,11q4ikh,309,72,1159,time,time,False,loneliness,0.003956511228655775,0.003956511228655775,0.21519693732261658,0.9769633412361145,0.34,1,1,600,FP32-token-IDs
ClinicalBERT,11q4ikh,309,72,1159,time,time,False,sadness,0.0049024881174167,0.0049024881174167,0.36578479409217834,0.9594785571098328,0.34,1,1,600,FP32-token-IDs
ClinicalBERT,11q4ikh,309,72,1159,time,time,False,suicide intent,0.0017518136844349406,0.0017518136844349406,0.1683303564786911,0.4653538465499878,0.34,0,1,600,FP32-token-IDs
ClinicalBERT,11q4ikh,309,72,1159,time,time,False,worthlessness,0.00210978911879162,0.00210978911879162,0.337674617767334,0.9495809078216553,0.34,1,1,600,FP32-token-IDs
ClinicalBERT,11q4ikh,309,73,119,.,.,False,anger,-0.002418018753329913,0.002418018753329913,0.41998428106307983,0.7016873955726624,0.34,0,1,600,FP32-token-IDs
ClinicalBERT,11q4ikh,309,73,119,.,.,False,brain dysfunction (forget),3.827875480055939e-06,3.827875480055939e-06,0.31644606590270996,0.3851734697818756,0.34,1,1,600,FP32-token-IDs
ClinicalBERT,11q4ikh,309,73,119,.,.,False,emptiness,0.007639284214625756,0.007639284214625756,0.1924600899219513,0.9631192684173584,0.34,1,1,600,FP32-token-IDs
ClinicalBERT,11q4ikh,309,73,119,.,.,False,hopelessness,0.004073533757279316,0.004073533757279316,0.36849674582481384,0.9833058714866638,0.34,1,1,600,FP32-token-IDs
ClinicalBERT,11q4ikh,309,73,119,.,.,False,loneliness,0.006439765154694518,0.006439765154694518,0.21519693732261658,0.9769633412361145,0.34,1,1,600,FP32-token-IDs
ClinicalBERT,11q4ikh,309,73,119,.,.,False,sadness,0.005417719607551892,0.005417719607551892,0.36578479409217834,0.9594785571098328,0.34,1,1,600,FP32-token-IDs
ClinicalBERT,11q4ikh,309,73,119,.,.,False,suicide intent,0.0027403383476970094,0.0027403383476970094,0.1683303564786911,0.4653538465499878,0.34,0,1,600,FP32-token-IDs
ClinicalBERT,11q4ikh,309,73,119,.,.,False,worthlessness,0.004314374194170038,0.004314374194170038,0.337674617767334,0.9495809078216553,0.34,1,1,600,FP32-token-IDs
ClinicalBERT,11q4ikh,309,74,1515,having,having,False,anger,-0.004230717473635169,0.004230717473635169,0.41998428106307983,0.7016873955726624,0.34,0,1,600,FP32-token-IDs
ClinicalBERT,11q4ikh,309,74,1515,having,having,False,brain dysfunction (forget),-0.003525087423622608,0.003525087423622608,0.31644606590270996,0.3851734697818756,0.34,1,1,600,FP32-token-IDs
ClinicalBERT,11q4ikh,309,74,1515,having,having,False,emptiness,0.002891629137747893,0.002891629137747893,0.1924600899219513,0.9631192684173584,0.34,1,1,600,FP32-token-IDs
ClinicalBERT,11q4ikh,309,74,1515,having,having,False,hopelessness,0.0005727054805240846,0.0005727054805240846,0.36849674582481384,0.9833058714866638,0.34,1,1,600,FP32-token-IDs
ClinicalBERT,11q4ikh,309,74,1515,having,having,False,loneliness,0.004834712914783846,0.004834712914783846,0.21519693732261658,0.9769633412361145,0.34,1,1,600,FP32-token-IDs
ClinicalBERT,11q4ikh,309,74,1515,having,having,False,sadness,0.003594779496956052,0.003594779496956052,0.36578479409217834,0.9594785571098328,0.34,1,1,600,FP32-token-IDs
ClinicalBERT,11q4ikh,309,74,1515,having,having,False,suicide intent,-0.0036248262906376496,0.0036248262906376496,0.1683303564786911,0.4653538465499878,0.34,0,1,600,FP32-token-IDs
ClinicalBERT,11q4ikh,309,74,1515,having,having,False,worthlessness,-0.0013244864107532935,0.0013244864107532935,0.337674617767334,0.9495809078216553,0.34,1,1,600,FP32-token-IDs
ClinicalBERT,11q4ikh,309,75,5679,tea,tea,False,anger,-0.004230717473635169,0.004230717473635169,0.41998428106307983,0.7016873955726624,0.34,0,1,600,FP32-token-IDs
ClinicalBERT,11q4ikh,309,75,5679,tea,tea,False,brain dysfunction (forget),-0.003525087423622608,0.003525087423622608,0.31644606590270996,0.3851734697818756,0.34,1,1,600,FP32-token-IDs
ClinicalBERT,11q4ikh,309,75,5679,tea,tea,False,emptiness,0.002891629137747893,0.002891629137747893,0.1924600899219513,0.9631192684173584,0.34,1,1,600,FP32-token-IDs
ClinicalBERT,11q4ikh,309,75,5679,tea,tea,False,hopelessness,0.0005727054805240846,0.0005727054805240846,0.36849674582481384,0.9833058714866638,0.34,1,1,600,FP32-token-IDs
ClinicalBERT,11q4ikh,309,75,5679,tea,tea,False,loneliness,0.004834712914783846,0.004834712914783846,0.21519693732261658,0.9769633412361145,0.34,1,1,600,FP32-token-IDs
ClinicalBERT,11q4ikh,309,75,5679,tea,tea,False,sadness,0.003594779496956052,0.003594779496956052,0.36578479409217834,0.9594785571098328,0.34,1,1,600,FP32-token-IDs
ClinicalBERT,11q4ikh,309,75,5679,tea,tea,False,suicide intent,-0.0036248262906376496,0.0036248262906376496,0.1683303564786911,0.4653538465499878,0.34,0,1,600,FP32-token-IDs
ClinicalBERT,11q4ikh,309,75,5679,tea,tea,False,worthlessness,-0.0013244864107532935,0.0013244864107532935,0.337674617767334,0.9495809078216553,0.34,1,1,600,FP32-token-IDs
ClinicalBERT,11q4ikh,309,76,1107,in,in,False,anger,-0.004230717473635169,0.004230717473635169,0.41998428106307983,0.7016873955726624,0.34,0,1,600,FP32-token-IDs
ClinicalBERT,11q4ikh,309,76,1107,in,in,False,brain dysfunction (forget),-0.0035250874236226084,0.0035250874236226084,0.31644606590270996,0.3851734697818756,0.34,1,1,600,FP32-token-IDs
ClinicalBERT,11q4ikh,309,76,1107,in,in,False,emptiness,0.0028916291377478927,0.0028916291377478927,0.1924600899219513,0.9631192684173584,0.34,1,1,600,FP32-token-IDs
ClinicalBERT,11q4ikh,309,76,1107,in,in,False,hopelessness,0.0005727054805240846,0.0005727054805240846,0.36849674582481384,0.9833058714866638,0.34,1,1,600,FP32-token-IDs
ClinicalBERT,11q4ikh,309,76,1107,in,in,False,loneliness,0.0048347129147838465,0.0048347129147838465,0.21519693732261658,0.9769633412361145,0.34,1,1,600,FP32-token-IDs
ClinicalBERT,11q4ikh,309,76,1107,in,in,False,sadness,0.003594779496956052,0.003594779496956052,0.36578479409217834,0.9594785571098328,0.34,1,1,600,FP32-token-IDs
ClinicalBERT,11q4ikh,309,76,1107,in,in,False,suicide intent,-0.003624826290637649,0.003624826290637649,0.1683303564786911,0.4653538465499878,0.34,0,1,600,FP32-token-IDs
ClinicalBERT,11q4ikh,309,76,1107,in,in,False,worthlessness,-0.0013244864107532933,0.0013244864107532933,0.337674617767334,0.9495809078216553,0.34,1,1,600,FP32-token-IDs
ClinicalBERT,11q4ikh,309,77,1103,the,the,False,anger,-0.004230717473635169,0.004230717473635169,0.41998428106307983,0.7016873955726624,0.34,0,1,600,FP32-token-IDs
ClinicalBERT,11q4ikh,309,77,1103,the,the,False,brain dysfunction (forget),-0.0035250874236226084,0.0035250874236226084,0.31644606590270996,0.3851734697818756,0.34,1,1,600,FP32-token-IDs
ClinicalBERT,11q4ikh,309,77,1103,the,the,False,emptiness,0.0028916291377478927,0.0028916291377478927,0.1924600899219513,0.9631192684173584,0.34,1,1,600,FP32-token-IDs
ClinicalBERT,11q4ikh,309,77,1103,the,the,False,hopelessness,0.0005727054805240846,0.0005727054805240846,0.36849674582481384,0.9833058714866638,0.34,1,1,600,FP32-token-IDs
ClinicalBERT,11q4ikh,309,77,1103,the,the,False,loneliness,0.0048347129147838465,0.0048347129147838465,0.21519693732261658,0.9769633412361145,0.34,1,1,600,FP32-token-IDs
ClinicalBERT,11q4ikh,309,77,1103,the,the,False,sadness,0.003594779496956052,0.003594779496956052,0.36578479409217834,0.9594785571098328,0.34,1,1,600,FP32-token-IDs
ClinicalBERT,11q4ikh,309,77,1103,the,the,False,suicide intent,-0.003624826290637649,0.003624826290637649,0.1683303564786911,0.4653538465499878,0.34,0,1,600,FP32-token-IDs
ClinicalBERT,11q4ikh,309,77,1103,the,the,False,worthlessness,-0.0013244864107532933,0.0013244864107532933,0.337674617767334,0.9495809078216553,0.34,1,1,600,FP32-token-IDs
ClinicalBERT,11q4ikh,309,78,4427,afternoon,afternoon,False,anger,-0.004230717473635169,0.004230717473635169,0.41998428106307983,0.7016873955726624,0.34,0,1,600,FP32-token-IDs
ClinicalBERT,11q4ikh,309,78,4427,afternoon,afternoon,False,brain dysfunction (forget),-0.0035250874236226084,0.0035250874236226084,0.31644606590270996,0.3851734697818756,0.34,1,1,600,FP32-token-IDs
ClinicalBERT,11q4ikh,309,78,4427,afternoon,afternoon,False,emptiness,0.0028916291377478927,0.0028916291377478927,0.1924600899219513,0.9631192684173584,0.34,1,1,600,FP32-token-IDs
ClinicalBERT,11q4ikh,309,78,4427,afternoon,afternoon,False,hopelessness,0.0005727054805240846,0.0005727054805240846,0.36849674582481384,0.9833058714866638,0.34,1,1,600,FP32-token-IDs
ClinicalBERT,11q4ikh,309,78,4427,afternoon,afternoon,False,loneliness,0.0048347129147838465,0.0048347129147838465,0.21519693732261658,0.9769633412361145,0.34,1,1,600,FP32-token-IDs
ClinicalBERT,11q4ikh,309,78,4427,afternoon,afternoon,False,sadness,0.003594779496956052,0.003594779496956052,0.36578479409217834,0.9594785571098328,0.34,1,1,600,FP32-token-IDs
ClinicalBERT,11q4ikh,309,78,4427,afternoon,afternoon,False,suicide intent,-0.003624826290637649,0.003624826290637649,0.1683303564786911,0.4653538465499878,0.34,0,1,600,FP32-token-IDs
ClinicalBERT,11q4ikh,309,78,4427,afternoon,afternoon,False,worthlessness,-0.0013244864107532933,0.0013244864107532933,0.337674617767334,0.9495809078216553,0.34,1,1,600,FP32-token-IDs
ClinicalBERT,11q4ikh,309,79,1105,and,and,False,anger,-0.004230717473635169,0.004230717473635169,0.41998428106307983,0.7016873955726624,0.34,0,1,600,FP32-token-IDs
ClinicalBERT,11q4ikh,309,79,1105,and,and,False,brain dysfunction (forget),-0.0035250874236226084,0.0035250874236226084,0.31644606590270996,0.3851734697818756,0.34,1,1,600,FP32-token-IDs
ClinicalBERT,11q4ikh,309,79,1105,and,and,False,emptiness,0.0028916291377478927,0.0028916291377478927,0.1924600899219513,0.9631192684173584,0.34,1,1,600,FP32-token-IDs
ClinicalBERT,11q4ikh,309,79,1105,and,and,False,hopelessness,0.0005727054805240847,0.0005727054805240847,0.36849674582481384,0.9833058714866638,0.34,1,1,600,FP32-token-IDs
ClinicalBERT,11q4ikh,309,79,1105,and,and,False,loneliness,0.0048347129147838465,0.0048347129147838465,0.21519693732261658,0.9769633412361145,0.34,1,1,600,FP32-token-IDs
ClinicalBERT,11q4ikh,309,79,1105,and,and,False,sadness,0.003594779496956052,0.003594779496956052,0.36578479409217834,0.9594785571098328,0.34,1,1,600,FP32-token-IDs
ClinicalBERT,11q4ikh,309,79,1105,and,and,False,suicide intent,-0.003624826290637649,0.003624826290637649,0.1683303564786911,0.4653538465499878,0.34,0,1,600,FP32-token-IDs
ClinicalBERT,11q4ikh,309,79,1105,and,and,False,worthlessness,-0.0013244864107532933,0.0013244864107532933,0.337674617767334,0.9495809078216553,0.34,1,1,600,FP32-token-IDs
ClinicalBERT,11q4ikh,309,80,3538,coffee,coffee,False,anger,-0.003935050185431133,0.003935050185431133,0.41998428106307983,0.7016873955726624,0.34,0,1,600,FP32-token-IDs
ClinicalBERT,11q4ikh,309,80,3538,coffee,coffee,False,brain dysfunction (forget),-0.002967654448002577,0.002967654448002577,0.31644606590270996,0.3851734697818756,0.34,1,1,600,FP32-token-IDs
ClinicalBERT,11q4ikh,309,80,3538,coffee,coffee,False,emptiness,0.0037403622980822213,0.0037403622980822213,0.1924600899219513,0.9631192684173584,0.34,1,1,600,FP32-token-IDs
ClinicalBERT,11q4ikh,309,80,3538,coffee,coffee,False,hopelessness,0.001371213353492997,0.001371213353492997,0.36849674582481384,0.9833058714866638,0.34,1,1,600,FP32-token-IDs
ClinicalBERT,11q4ikh,309,80,3538,coffee,coffee,False,loneliness,0.005126956769857895,0.005126956769857895,0.21519693732261658,0.9769633412361145,0.34,1,1,600,FP32-token-IDs
ClinicalBERT,11q4ikh,309,80,3538,coffee,coffee,False,sadness,0.004098369485952638,0.004098369485952638,0.36578479409217834,0.9594785571098328,0.34,1,1,600,FP32-token-IDs
ClinicalBERT,11q4ikh,309,80,3538,coffee,coffee,False,suicide intent,-0.003231022603259506,0.003231022603259506,0.1683303564786911,0.4653538465499878,0.34,0,1,600,FP32-token-IDs
ClinicalBERT,11q4ikh,309,80,3538,coffee,coffee,False,worthlessness,8.591222153468553e-05,8.591222153468553e-05,0.337674617767334,0.9495809078216553,0.34,1,1,600,FP32-token-IDs
ClinicalBERT,11q4ikh,309,81,1107,in,in,False,anger,-0.003935050185431133,0.003935050185431133,0.41998428106307983,0.7016873955726624,0.34,0,1,600,FP32-token-IDs
ClinicalBERT,11q4ikh,309,81,1107,in,in,False,brain dysfunction (forget),-0.002967654448002577,0.002967654448002577,0.31644606590270996,0.3851734697818756,0.34,1,1,600,FP32-token-IDs
ClinicalBERT,11q4ikh,309,81,1107,in,in,False,emptiness,0.0037403622980822213,0.0037403622980822213,0.1924600899219513,0.9631192684173584,0.34,1,1,600,FP32-token-IDs
ClinicalBERT,11q4ikh,309,81,1107,in,in,False,hopelessness,0.001371213353492997,0.001371213353492997,0.36849674582481384,0.9833058714866638,0.34,1,1,600,FP32-token-IDs
ClinicalBERT,11q4ikh,309,81,1107,in,in,False,loneliness,0.005126956769857895,0.005126956769857895,0.21519693732261658,0.9769633412361145,0.34,1,1,600,FP32-token-IDs
ClinicalBERT,11q4ikh,309,81,1107,in,in,False,sadness,0.004098369485952638,0.004098369485952638,0.36578479409217834,0.9594785571098328,0.34,1,1,600,FP32-token-IDs
ClinicalBERT,11q4ikh,309,81,1107,in,in,False,suicide intent,-0.003231022603259506,0.003231022603259506,0.1683303564786911,0.4653538465499878,0.34,0,1,600,FP32-token-IDs
ClinicalBERT,11q4ikh,309,81,1107,in,in,False,worthlessness,8.591222153468553e-05,8.591222153468553e-05,0.337674617767334,0.9495809078216553,0.34,1,1,600,FP32-token-IDs
ClinicalBERT,11q4ikh,309,82,1103,the,the,False,anger,-0.003935050185431133,0.003935050185431133,0.41998428106307983,0.7016873955726624,0.34,0,1,600,FP32-token-IDs
ClinicalBERT,11q4ikh,309,82,1103,the,the,False,brain dysfunction (forget),-0.002967654448002577,0.002967654448002577,0.31644606590270996,0.3851734697818756,0.34,1,1,600,FP32-token-IDs
ClinicalBERT,11q4ikh,309,82,1103,the,the,False,emptiness,0.0037403622980822213,0.0037403622980822213,0.1924600899219513,0.9631192684173584,0.34,1,1,600,FP32-token-IDs
ClinicalBERT,11q4ikh,309,82,1103,the,the,False,hopelessness,0.001371213353492997,0.001371213353492997,0.36849674582481384,0.9833058714866638,0.34,1,1,600,FP32-token-IDs
ClinicalBERT,11q4ikh,309,82,1103,the,the,False,loneliness,0.005126956769857895,0.005126956769857895,0.21519693732261658,0.9769633412361145,0.34,1,1,600,FP32-token-IDs
ClinicalBERT,11q4ikh,309,82,1103,the,the,False,sadness,0.004098369485952638,0.004098369485952638,0.36578479409217834,0.9594785571098328,0.34,1,1,600,FP32-token-IDs
ClinicalBERT,11q4ikh,309,82,1103,the,the,False,suicide intent,-0.003231022603259506,0.003231022603259506,0.1683303564786911,0.4653538465499878,0.34,0,1,600,FP32-token-IDs
ClinicalBERT,11q4ikh,309,82,1103,the,the,False,worthlessness,8.591222153468553e-05,8.591222153468553e-05,0.337674617767334,0.9495809078216553,0.34,1,1,600,FP32-token-IDs
ClinicalBERT,11q4ikh,309,83,2106,morning,morning,False,anger,-0.003935050185431133,0.003935050185431133,0.41998428106307983,0.7016873955726624,0.34,0,1,600,FP32-token-IDs
ClinicalBERT,11q4ikh,309,83,2106,morning,morning,False,brain dysfunction (forget),-0.002967654448002577,0.002967654448002577,0.31644606590270996,0.3851734697818756,0.34,1,1,600,FP32-token-IDs
ClinicalBERT,11q4ikh,309,83,2106,morning,morning,False,emptiness,0.0037403622980822213,0.0037403622980822213,0.1924600899219513,0.9631192684173584,0.34,1,1,600,FP32-token-IDs
ClinicalBERT,11q4ikh,309,83,2106,morning,morning,False,hopelessness,0.001371213353492997,0.001371213353492997,0.36849674582481384,0.9833058714866638,0.34,1,1,600,FP32-token-IDs
ClinicalBERT,11q4ikh,309,83,2106,morning,morning,False,loneliness,0.005126956769857895,0.005126956769857895,0.21519693732261658,0.9769633412361145,0.34,1,1,600,FP32-token-IDs
ClinicalBERT,11q4ikh,309,83,2106,morning,morning,False,sadness,0.004098369485952638,0.004098369485952638,0.36578479409217834,0.9594785571098328,0.34,1,1,600,FP32-token-IDs
ClinicalBERT,11q4ikh,309,83,2106,morning,morning,False,suicide intent,-0.003231022603259506,0.003231022603259506,0.1683303564786911,0.4653538465499878,0.34,0,1,600,FP32-token-IDs
ClinicalBERT,11q4ikh,309,83,2106,morning,morning,False,worthlessness,8.591222153468553e-05,8.591222153468553e-05,0.337674617767334,0.9495809078216553,0.34,1,1,600,FP32-token-IDs
ClinicalBERT,11q4ikh,309,84,119,.,.,False,anger,-0.003935050185431133,0.003935050185431133,0.41998428106307983,0.7016873955726624,0.34,0,1,600,FP32-token-IDs
ClinicalBERT,11q4ikh,309,84,119,.,.,False,brain dysfunction (forget),-0.002967654448002577,0.002967654448002577,0.31644606590270996,0.3851734697818756,0.34,1,1,600,FP32-token-IDs
ClinicalBERT,11q4ikh,309,84,119,.,.,False,emptiness,0.0037403622980822213,0.0037403622980822213,0.1924600899219513,0.9631192684173584,0.34,1,1,600,FP32-token-IDs
ClinicalBERT,11q4ikh,309,84,119,.,.,False,hopelessness,0.001371213353492997,0.001371213353492997,0.36849674582481384,0.9833058714866638,0.34,1,1,600,FP32-token-IDs
ClinicalBERT,11q4ikh,309,84,119,.,.,False,loneliness,0.005126956769857895,0.005126956769857895,0.21519693732261658,0.9769633412361145,0.34,1,1,600,FP32-token-IDs
ClinicalBERT,11q4ikh,309,84,119,.,.,False,sadness,0.004098369485952638,0.004098369485952638,0.36578479409217834,0.9594785571098328,0.34,1,1,600,FP32-token-IDs
ClinicalBERT,11q4ikh,309,84,119,.,.,False,suicide intent,-0.003231022603259506,0.003231022603259506,0.1683303564786911,0.4653538465499878,0.34,0,1,600,FP32-token-IDs
ClinicalBERT,11q4ikh,309,84,119,.,.,False,worthlessness,8.591222153468553e-05,8.591222153468553e-05,0.337674617767334,0.9495809078216553,0.34,1,1,600,FP32-token-IDs
ClinicalBERT,11q4ikh,309,85,1139,my,my,False,anger,0.006394015273286237,0.006394015273286237,0.41998428106307983,0.7016873955726624,0.34,0,1,600,FP32-token-IDs
ClinicalBERT,11q4ikh,309,85,1139,my,my,False,brain dysfunction (forget),-0.003183058651888536,0.003183058651888536,0.31644606590270996,0.3851734697818756,0.34,1,1,600,FP32-token-IDs
ClinicalBERT,11q4ikh,309,85,1139,my,my,False,emptiness,0.004775256359587527,0.004775256359587527,0.1924600899219513,0.9631192684173584,0.34,1,1,600,FP32-token-IDs
ClinicalBERT,11q4ikh,309,85,1139,my,my,False,hopelessness,0.0056336958944383595,0.0056336958944383595,0.36849674582481384,0.9833058714866638,0.34,1,1,600,FP32-token-IDs
ClinicalBERT,11q4ikh,309,85,1139,my,my,False,loneliness,0.007484042838526269,0.007484042838526269,0.21519693732261658,0.9769633412361145,0.34,1,1,600,FP32-token-IDs
ClinicalBERT,11q4ikh,309,85,1139,my,my,False,sadness,0.006756383400513894,0.006756383400513894,0.36578479409217834,0.9594785571098328,0.34,1,1,600,FP32-token-IDs
ClinicalBERT,11q4ikh,309,85,1139,my,my,False,suicide intent,0.0020397231804155226,0.0020397231804155226,0.1683303564786911,0.4653538465499878,0.34,0,1,600,FP32-token-IDs
ClinicalBERT,11q4ikh,309,85,1139,my,my,False,worthlessness,0.003930543995617578,0.003930543995617578,0.337674617767334,0.9495809078216553,0.34,1,1,600,FP32-token-IDs
ClinicalBERT,11q4ikh,309,86,1266,family,family,False,anger,0.006394015273286237,0.006394015273286237,0.41998428106307983,0.7016873955726624,0.34,0,1,600,FP32-token-IDs
ClinicalBERT,11q4ikh,309,86,1266,family,family,False,brain dysfunction (forget),-0.003183058651888536,0.003183058651888536,0.31644606590270996,0.3851734697818756,0.34,1,1,600,FP32-token-IDs
ClinicalBERT,11q4ikh,309,86,1266,family,family,False,emptiness,0.004775256359587527,0.004775256359587527,0.1924600899219513,0.9631192684173584,0.34,1,1,600,FP32-token-IDs
ClinicalBERT,11q4ikh,309,86,1266,family,family,False,hopelessness,0.0056336958944383595,0.0056336958944383595,0.36849674582481384,0.9833058714866638,0.34,1,1,600,FP32-token-IDs
ClinicalBERT,11q4ikh,309,86,1266,family,family,False,loneliness,0.007484042838526269,0.007484042838526269,0.21519693732261658,0.9769633412361145,0.34,1,1,600,FP32-token-IDs
ClinicalBERT,11q4ikh,309,86,1266,family,family,False,sadness,0.006756383400513894,0.006756383400513894,0.36578479409217834,0.9594785571098328,0.34,1,1,600,FP32-token-IDs
ClinicalBERT,11q4ikh,309,86,1266,family,family,False,suicide intent,0.0020397231804155226,0.0020397231804155226,0.1683303564786911,0.4653538465499878,0.34,0,1,600,FP32-token-IDs
ClinicalBERT,11q4ikh,309,86,1266,family,family,False,worthlessness,0.003930543995617578,0.003930543995617578,0.337674617767334,0.9495809078216553,0.34,1,1,600,FP32-token-IDs
ClinicalBERT,11q4ikh,309,87,2927,bar,bar,False,anger,0.005674798155410422,0.005674798155410422,0.41998428106307983,0.7016873955726624,0.34,0,1,600,FP32-token-IDs
ClinicalBERT,11q4ikh,309,87,2927,bar,bar,False,brain dysfunction (forget),-0.0019178362123461233,0.0019178362123461233,0.31644606590270996,0.3851734697818756,0.34,1,1,600,FP32-token-IDs
ClinicalBERT,11q4ikh,309,87,2927,bar,bar,False,emptiness,0.0041983850287377,0.0041983850287377,0.1924600899219513,0.9631192684173584,0.34,1,1,600,FP32-token-IDs
ClinicalBERT,11q4ikh,309,87,2927,bar,bar,False,hopelessness,0.003359087189245555,0.003359087189245555,0.36849674582481384,0.9833058714866638,0.34,1,1,600,FP32-token-IDs
ClinicalBERT,11q4ikh,309,87,2927,bar,bar,False,loneliness,0.005971826434445878,0.005971826434445878,0.21519693732261658,0.9769633412361145,0.34,1,1,600,FP32-token-IDs
ClinicalBERT,11q4ikh,309,87,2927,bar,bar,False,sadness,0.004790425473927624,0.004790425473927624,0.36578479409217834,0.9594785571098328,0.34,1,1,600,FP32-token-IDs
ClinicalBERT,11q4ikh,309,87,2927,bar,bar,False,suicide intent,0.0024531244073942716,0.0024531244073942716,0.1683303564786911,0.4653538465499878,0.34,0,1,600,FP32-token-IDs
ClinicalBERT,11q4ikh,309,87,2927,bar,bar,False,worthlessness,0.0023214352355959513,0.0023214352355959513,0.337674617767334,0.9495809078216553,0.34,1,1,600,FP32-token-IDs
ClinicalBERT,11q4ikh,309,88,1926,##ley,ley,False,anger,0.005674798155410422,0.005674798155410422,0.41998428106307983,0.7016873955726624,0.34,0,1,600,FP32-token-IDs
ClinicalBERT,11q4ikh,309,88,1926,##ley,ley,False,brain dysfunction (forget),-0.0019178362123461233,0.0019178362123461233,0.31644606590270996,0.3851734697818756,0.34,1,1,600,FP32-token-IDs
ClinicalBERT,11q4ikh,309,88,1926,##ley,ley,False,emptiness,0.0041983850287377,0.0041983850287377,0.1924600899219513,0.9631192684173584,0.34,1,1,600,FP32-token-IDs
ClinicalBERT,11q4ikh,309,88,1926,##ley,ley,False,hopelessness,0.003359087189245555,0.003359087189245555,0.36849674582481384,0.9833058714866638,0.34,1,1,600,FP32-token-IDs
ClinicalBERT,11q4ikh,309,88,1926,##ley,ley,False,loneliness,0.005971826434445878,0.005971826434445878,0.21519693732261658,0.9769633412361145,0.34,1,1,600,FP32-token-IDs
ClinicalBERT,11q4ikh,309,88,1926,##ley,ley,False,sadness,0.004790425473927624,0.004790425473927624,0.36578479409217834,0.9594785571098328,0.34,1,1,600,FP32-token-IDs
ClinicalBERT,11q4ikh,309,88,1926,##ley,ley,False,suicide intent,0.0024531244073942716,0.0024531244073942716,0.1683303564786911,0.4653538465499878,0.34,0,1,600,FP32-token-IDs
ClinicalBERT,11q4ikh,309,88,1926,##ley,ley,False,worthlessness,0.0023214352355959513,0.0023214352355959513,0.337674617767334,0.9495809078216553,0.34,1,1,600,FP32-token-IDs
ClinicalBERT,11q4ikh,309,89,8917,speaks,speaks,False,anger,0.00022363925559653193,0.00022363925559653193,0.41998428106307983,0.7016873955726624,0.34,0,1,600,FP32-token-IDs
ClinicalBERT,11q4ikh,309,89,8917,speaks,speaks,False,brain dysfunction (forget),-0.005055629534439908,0.005055629534439908,0.31644606590270996,0.3851734697818756,0.34,1,1,600,FP32-token-IDs
ClinicalBERT,11q4ikh,309,89,8917,speaks,speaks,False,emptiness,0.00295493692263133,0.00295493692263133,0.1924600899219513,0.9631192684173584,0.34,1,1,600,FP32-token-IDs
ClinicalBERT,11q4ikh,309,89,8917,speaks,speaks,False,hopelessness,0.0014678673404786321,0.0014678673404786321,0.36849674582481384,0.9833058714866638,0.34,1,1,600,FP32-token-IDs
ClinicalBERT,11q4ikh,309,89,8917,speaks,speaks,False,loneliness,0.00714160519031187,0.00714160519031187,0.21519693732261658,0.9769633412361145,0.34,1,1,600,FP32-token-IDs
ClinicalBERT,11q4ikh,309,89,8917,speaks,speaks,False,sadness,0.003531411393649048,0.003531411393649048,0.36578479409217834,0.9594785571098328,0.34,1,1,600,FP32-token-IDs
ClinicalBERT,11q4ikh,309,89,8917,speaks,speaks,False,suicide intent,-0.002676575612794194,0.002676575612794194,0.1683303564786911,0.4653538465499878,0.34,0,1,600,FP32-token-IDs
ClinicalBERT,11q4ikh,309,89,8917,speaks,speaks,False,worthlessness,-0.0018852053520580132,0.0018852053520580132,0.337674617767334,0.9495809078216553,0.34,1,1,600,FP32-token-IDs
ClinicalBERT,11q4ikh,309,90,1106,to,to,False,anger,0.00022363925559653193,0.00022363925559653193,0.41998428106307983,0.7016873955726624,0.34,0,1,600,FP32-token-IDs
ClinicalBERT,11q4ikh,309,90,1106,to,to,False,brain dysfunction (forget),-0.005055629534439908,0.005055629534439908,0.31644606590270996,0.3851734697818756,0.34,1,1,600,FP32-token-IDs
ClinicalBERT,11q4ikh,309,90,1106,to,to,False,emptiness,0.00295493692263133,0.00295493692263133,0.1924600899219513,0.9631192684173584,0.34,1,1,600,FP32-token-IDs
ClinicalBERT,11q4ikh,309,90,1106,to,to,False,hopelessness,0.0014678673404786321,0.0014678673404786321,0.36849674582481384,0.9833058714866638,0.34,1,1,600,FP32-token-IDs
ClinicalBERT,11q4ikh,309,90,1106,to,to,False,loneliness,0.00714160519031187,0.00714160519031187,0.21519693732261658,0.9769633412361145,0.34,1,1,600,FP32-token-IDs
ClinicalBERT,11q4ikh,309,90,1106,to,to,False,sadness,0.003531411393649048,0.003531411393649048,0.36578479409217834,0.9594785571098328,0.34,1,1,600,FP32-token-IDs
ClinicalBERT,11q4ikh,309,90,1106,to,to,False,suicide intent,-0.002676575612794194,0.002676575612794194,0.1683303564786911,0.4653538465499878,0.34,0,1,600,FP32-token-IDs
ClinicalBERT,11q4ikh,309,90,1106,to,to,False,worthlessness,-0.0018852053520580132,0.0018852053520580132,0.337674617767334,0.9495809078216553,0.34,1,1,600,FP32-token-IDs
ClinicalBERT,11q4ikh,309,91,1106,to,to,False,anger,0.00022363925559653193,0.00022363925559653193,0.41998428106307983,0.7016873955726624,0.34,0,1,600,FP32-token-IDs
ClinicalBERT,11q4ikh,309,91,1106,to,to,False,brain dysfunction (forget),-0.005055629534439908,0.005055629534439908,0.31644606590270996,0.3851734697818756,0.34,1,1,600,FP32-token-IDs
ClinicalBERT,11q4ikh,309,91,1106,to,to,False,emptiness,0.00295493692263133,0.00295493692263133,0.1924600899219513,0.9631192684173584,0.34,1,1,600,FP32-token-IDs
ClinicalBERT,11q4ikh,309,91,1106,to,to,False,hopelessness,0.0014678673404786321,0.0014678673404786321,0.36849674582481384,0.9833058714866638,0.34,1,1,600,FP32-token-IDs
ClinicalBERT,11q4ikh,309,91,1106,to,to,False,loneliness,0.00714160519031187,0.00714160519031187,0.21519693732261658,0.9769633412361145,0.34,1,1,600,FP32-token-IDs
ClinicalBERT,11q4ikh,309,91,1106,to,to,False,sadness,0.003531411393649048,0.003531411393649048,0.36578479409217834,0.9594785571098328,0.34,1,1,600,FP32-token-IDs
ClinicalBERT,11q4ikh,309,91,1106,to,to,False,suicide intent,-0.002676575612794194,0.002676575612794194,0.1683303564786911,0.4653538465499878,0.34,0,1,600,FP32-token-IDs
ClinicalBERT,11q4ikh,309,91,1106,to,to,False,worthlessness,-0.0018852053520580132,0.0018852053520580132,0.337674617767334,0.9495809078216553,0.34,1,1,600,FP32-token-IDs
ClinicalBERT,11q4ikh,309,92,1143,me,me,False,anger,0.00022363925559653193,0.00022363925559653193,0.41998428106307983,0.7016873955726624,0.34,0,1,600,FP32-token-IDs
ClinicalBERT,11q4ikh,309,92,1143,me,me,False,brain dysfunction (forget),-0.005055629534439908,0.005055629534439908,0.31644606590270996,0.3851734697818756,0.34,1,1,600,FP32-token-IDs
ClinicalBERT,11q4ikh,309,92,1143,me,me,False,emptiness,0.00295493692263133,0.00295493692263133,0.1924600899219513,0.9631192684173584,0.34,1,1,600,FP32-token-IDs
ClinicalBERT,11q4ikh,309,92,1143,me,me,False,hopelessness,0.0014678673404786321,0.0014678673404786321,0.36849674582481384,0.9833058714866638,0.34,1,1,600,FP32-token-IDs
ClinicalBERT,11q4ikh,309,92,1143,me,me,False,loneliness,0.00714160519031187,0.00714160519031187,0.21519693732261658,0.9769633412361145,0.34,1,1,600,FP32-token-IDs
ClinicalBERT,11q4ikh,309,92,1143,me,me,False,sadness,0.003531411393649048,0.003531411393649048,0.36578479409217834,0.9594785571098328,0.34,1,1,600,FP32-token-IDs
ClinicalBERT,11q4ikh,309,92,1143,me,me,False,suicide intent,-0.002676575612794194,0.002676575612794194,0.1683303564786911,0.4653538465499878,0.34,0,1,600,FP32-token-IDs
ClinicalBERT,11q4ikh,309,92,1143,me,me,False,worthlessness,-0.0018852053520580132,0.0018852053520580132,0.337674617767334,0.9495809078216553,0.34,1,1,600,FP32-token-IDs
ClinicalBERT,11q4ikh,309,93,119,.,.,False,anger,0.00022363925559653193,0.00022363925559653193,0.41998428106307983,0.7016873955726624,0.34,0,1,600,FP32-token-IDs
ClinicalBERT,11q4ikh,309,93,119,.,.,False,brain dysfunction (forget),-0.005055629534439908,0.005055629534439908,0.31644606590270996,0.3851734697818756,0.34,1,1,600,FP32-token-IDs
ClinicalBERT,11q4ikh,309,93,119,.,.,False,emptiness,0.00295493692263133,0.00295493692263133,0.1924600899219513,0.9631192684173584,0.34,1,1,600,FP32-token-IDs
ClinicalBERT,11q4ikh,309,93,119,.,.,False,hopelessness,0.0014678673404786321,0.0014678673404786321,0.36849674582481384,0.9833058714866638,0.34,1,1,600,FP32-token-IDs
ClinicalBERT,11q4ikh,309,93,119,.,.,False,loneliness,0.00714160519031187,0.00714160519031187,0.21519693732261658,0.9769633412361145,0.34,1,1,600,FP32-token-IDs
ClinicalBERT,11q4ikh,309,93,119,.,.,False,sadness,0.003531411393649048,0.003531411393649048,0.36578479409217834,0.9594785571098328,0.34,1,1,600,FP32-token-IDs
ClinicalBERT,11q4ikh,309,93,119,.,.,False,suicide intent,-0.002676575612794194,0.002676575612794194,0.1683303564786911,0.4653538465499878,0.34,0,1,600,FP32-token-IDs
ClinicalBERT,11q4ikh,309,93,119,.,.,False,worthlessness,-0.0018852053520580132,0.0018852053520580132,0.337674617767334,0.9495809078216553,0.34,1,1,600,FP32-token-IDs
ClinicalBERT,11q4ikh,309,94,2053,friends,friends,False,anger,0.0008526663295924664,0.0008526663295924664,0.41998428106307983,0.7016873955726624,0.34,0,1,600,FP32-token-IDs
ClinicalBERT,11q4ikh,309,94,2053,friends,friends,False,brain dysfunction (forget),0.0013108360581099987,0.0013108360581099987,0.31644606590270996,0.3851734697818756,0.34,1,1,600,FP32-token-IDs
ClinicalBERT,11q4ikh,309,94,2053,friends,friends,False,emptiness,0.013617929420433939,0.013617929420433939,0.1924600899219513,0.9631192684173584,0.34,1,1,600,FP32-token-IDs
ClinicalBERT,11q4ikh,309,94,2053,friends,friends,False,hopelessness,0.013209403958171606,0.013209403958171606,0.36849674582481384,0.9833058714866638,0.34,1,1,600,FP32-token-IDs
ClinicalBERT,11q4ikh,309,94,2053,friends,friends,False,loneliness,0.016479925950989127,0.016479925950989127,0.21519693732261658,0.9769633412361145,0.34,1,1,600,FP32-token-IDs
ClinicalBERT,11q4ikh,309,94,2053,friends,friends,False,sadness,0.010876360349357128,0.010876360349357128,0.36578479409217834,0.9594785571098328,0.34,1,1,600,FP32-token-IDs
ClinicalBERT,11q4ikh,309,94,2053,friends,friends,False,suicide intent,0.005012700450606644,0.005012700450606644,0.1683303564786911,0.4653538465499878,0.34,0,1,600,FP32-token-IDs
ClinicalBERT,11q4ikh,309,94,2053,friends,friends,False,worthlessness,0.008603748981840909,0.008603748981840909,0.337674617767334,0.9495809078216553,0.34,1,1,600,FP32-token-IDs
ClinicalBERT,11q4ikh,309,95,6374,hardly,hardly,False,anger,0.0007884330116212368,0.0007884330116212368,0.41998428106307983,0.7016873955726624,0.34,0,1,600,FP32-token-IDs
ClinicalBERT,11q4ikh,309,95,6374,hardly,hardly,False,brain dysfunction (forget),0.001594384666532278,0.001594384666532278,0.31644606590270996,0.3851734697818756,0.34,1,1,600,FP32-token-IDs
ClinicalBERT,11q4ikh,309,95,6374,hardly,hardly,False,emptiness,0.01612802071031183,0.01612802071031183,0.1924600899219513,0.9631192684173584,0.34,1,1,600,FP32-token-IDs
ClinicalBERT,11q4ikh,309,95,6374,hardly,hardly,False,hopelessness,0.015628432855010033,0.015628432855010033,0.36849674582481384,0.9833058714866638,0.34,1,1,600,FP32-token-IDs
ClinicalBERT,11q4ikh,309,95,6374,hardly,hardly,False,loneliness,0.019217848544940352,0.019217848544940352,0.21519693732261658,0.9769633412361145,0.34,1,1,600,FP32-token-IDs
ClinicalBERT,11q4ikh,309,95,6374,hardly,hardly,False,sadness,0.012526368256658316,0.012526368256658316,0.36578479409217834,0.9594785571098328,0.34,1,1,600,FP32-token-IDs
ClinicalBERT,11q4ikh,309,95,6374,hardly,hardly,False,suicide intent,0.0047675748355686665,0.0047675748355686665,0.1683303564786911,0.4653538465499878,0.34,0,1,600,FP32-token-IDs
ClinicalBERT,11q4ikh,309,95,6374,hardly,hardly,False,worthlessness,0.010449768626131117,0.010449768626131117,0.337674617767334,0.9495809078216553,0.34,1,1,600,FP32-token-IDs
ClinicalBERT,11q4ikh,309,96,1328,want,want,False,anger,0.001134998630732298,0.001134998630732298,0.41998428106307983,0.7016873955726624,0.34,0,1,600,FP32-token-IDs
ClinicalBERT,11q4ikh,309,96,1328,want,want,False,brain dysfunction (forget),0.001057030400261283,0.001057030400261283,0.31644606590270996,0.3851734697818756,0.34,1,1,600,FP32-token-IDs
ClinicalBERT,11q4ikh,309,96,1328,want,want,False,emptiness,0.009880010387860239,0.009880010387860239,0.1924600899219513,0.9631192684173584,0.34,1,1,600,FP32-token-IDs
ClinicalBERT,11q4ikh,309,96,1328,want,want,False,hopelessness,0.01086174207739532,0.01086174207739532,0.36849674582481384,0.9833058714866638,0.34,1,1,600,FP32-token-IDs
ClinicalBERT,11q4ikh,309,96,1328,want,want,False,loneliness,0.01342169544659555,0.01342169544659555,0.21519693732261658,0.9769633412361145,0.34,1,1,600,FP32-token-IDs
ClinicalBERT,11q4ikh,309,96,1328,want,want,False,sadness,0.00932859000749886,0.00932859000749886,0.36578479409217834,0.9594785571098328,0.34,1,1,600,FP32-token-IDs
ClinicalBERT,11q4ikh,309,96,1328,want,want,False,suicide intent,0.004592512501403689,0.004592512501403689,0.1683303564786911,0.4653538465499878,0.34,0,1,600,FP32-token-IDs
ClinicalBERT,11q4ikh,309,96,1328,want,want,False,worthlessness,0.005501052713952959,0.005501052713952959,0.337674617767334,0.9495809078216553,0.34,1,1,600,FP32-token-IDs
ClinicalBERT,11q4ikh,309,97,1106,to,to,False,anger,0.001134998630732298,0.001134998630732298,0.41998428106307983,0.7016873955726624,0.34,0,1,600,FP32-token-IDs
ClinicalBERT,11q4ikh,309,97,1106,to,to,False,brain dysfunction (forget),0.001057030400261283,0.001057030400261283,0.31644606590270996,0.3851734697818756,0.34,1,1,600,FP32-token-IDs
ClinicalBERT,11q4ikh,309,97,1106,to,to,False,emptiness,0.009880010387860239,0.009880010387860239,0.1924600899219513,0.9631192684173584,0.34,1,1,600,FP32-token-IDs
ClinicalBERT,11q4ikh,309,97,1106,to,to,False,hopelessness,0.01086174207739532,0.01086174207739532,0.36849674582481384,0.9833058714866638,0.34,1,1,600,FP32-token-IDs
ClinicalBERT,11q4ikh,309,97,1106,to,to,False,loneliness,0.01342169544659555,0.01342169544659555,0.21519693732261658,0.9769633412361145,0.34,1,1,600,FP32-token-IDs
ClinicalBERT,11q4ikh,309,97,1106,to,to,False,sadness,0.00932859000749886,0.00932859000749886,0.36578479409217834,0.9594785571098328,0.34,1,1,600,FP32-token-IDs
ClinicalBERT,11q4ikh,309,97,1106,to,to,False,suicide intent,0.004592512501403689,0.004592512501403689,0.1683303564786911,0.4653538465499878,0.34,0,1,600,FP32-token-IDs
ClinicalBERT,11q4ikh,309,97,1106,to,to,False,worthlessness,0.005501052713952959,0.005501052713952959,0.337674617767334,0.9495809078216553,0.34,1,1,600,FP32-token-IDs
ClinicalBERT,11q4ikh,309,98,2037,talk,talk,False,anger,-0.0019173409479359786,0.0019173409479359786,0.41998428106307983,0.7016873955726624,0.34,0,1,600,FP32-token-IDs
ClinicalBERT,11q4ikh,309,98,2037,talk,talk,False,brain dysfunction (forget),-0.0020200780127197504,0.0020200780127197504,0.31644606590270996,0.3851734697818756,0.34,1,1,600,FP32-token-IDs
ClinicalBERT,11q4ikh,309,98,2037,talk,talk,False,emptiness,0.0022849305144821606,0.0022849305144821606,0.1924600899219513,0.9631192684173584,0.34,1,1,600,FP32-token-IDs
ClinicalBERT,11q4ikh,309,98,2037,talk,talk,False,hopelessness,0.0011772917738805215,0.0011772917738805215,0.36849674582481384,0.9833058714866638,0.34,1,1,600,FP32-token-IDs
ClinicalBERT,11q4ikh,309,98,2037,talk,talk,False,loneliness,0.008363928024967512,0.008363928024967512,0.21519693732261658,0.9769633412361145,0.34,1,1,600,FP32-token-IDs
ClinicalBERT,11q4ikh,309,98,2037,talk,talk,False,sadness,0.004448498909672101,0.004448498909672101,0.36578479409217834,0.9594785571098328,0.34,1,1,600,FP32-token-IDs
ClinicalBERT,11q4ikh,309,98,2037,talk,talk,False,suicide intent,0.0016124356576862435,0.0016124356576862435,0.1683303564786911,0.4653538465499878,0.34,0,1,600,FP32-token-IDs
ClinicalBERT,11q4ikh,309,98,2037,talk,talk,False,worthlessness,-0.0019216111783559124,0.0019216111783559124,0.337674617767334,0.9495809078216553,0.34,1,1,600,FP32-token-IDs
ClinicalBERT,11q4ikh,309,99,1106,to,to,False,anger,-0.0019173409479359786,0.0019173409479359786,0.41998428106307983,0.7016873955726624,0.34,0,1,600,FP32-token-IDs
ClinicalBERT,11q4ikh,309,99,1106,to,to,False,brain dysfunction (forget),-0.0020200780127197504,0.0020200780127197504,0.31644606590270996,0.3851734697818756,0.34,1,1,600,FP32-token-IDs
ClinicalBERT,11q4ikh,309,99,1106,to,to,False,emptiness,0.0022849305144821606,0.0022849305144821606,0.1924600899219513,0.9631192684173584,0.34,1,1,600,FP32-token-IDs
ClinicalBERT,11q4ikh,309,99,1106,to,to,False,hopelessness,0.0011772917738805215,0.0011772917738805215,0.36849674582481384,0.9833058714866638,0.34,1,1,600,FP32-token-IDs
ClinicalBERT,11q4ikh,309,99,1106,to,to,False,loneliness,0.008363928024967512,0.008363928024967512,0.21519693732261658,0.9769633412361145,0.34,1,1,600,FP32-token-IDs
ClinicalBERT,11q4ikh,309,99,1106,to,to,False,sadness,0.004448498909672101,0.004448498909672101,0.36578479409217834,0.9594785571098328,0.34,1,1,600,FP32-token-IDs
ClinicalBERT,11q4ikh,309,99,1106,to,to,False,suicide intent,0.0016124356576862435,0.0016124356576862435,0.1683303564786911,0.4653538465499878,0.34,0,1,600,FP32-token-IDs
ClinicalBERT,11q4ikh,309,99,1106,to,to,False,worthlessness,-0.0019216111783559124,0.0019216111783559124,0.337674617767334,0.9495809078216553,0.34,1,1,600,FP32-token-IDs
ClinicalBERT,11q4ikh,309,100,1143,me,me,False,anger,-0.0019173409479359786,0.0019173409479359786,0.41998428106307983,0.7016873955726624,0.34,0,1,600,FP32-token-IDs
ClinicalBERT,11q4ikh,309,100,1143,me,me,False,brain dysfunction (forget),-0.0020200780127197504,0.0020200780127197504,0.31644606590270996,0.3851734697818756,0.34,1,1,600,FP32-token-IDs
ClinicalBERT,11q4ikh,309,100,1143,me,me,False,emptiness,0.0022849305144821606,0.0022849305144821606,0.1924600899219513,0.9631192684173584,0.34,1,1,600,FP32-token-IDs
ClinicalBERT,11q4ikh,309,100,1143,me,me,False,hopelessness,0.0011772917738805215,0.0011772917738805215,0.36849674582481384,0.9833058714866638,0.34,1,1,600,FP32-token-IDs
ClinicalBERT,11q4ikh,309,100,1143,me,me,False,loneliness,0.008363928024967512,0.008363928024967512,0.21519693732261658,0.9769633412361145,0.34,1,1,600,FP32-token-IDs
ClinicalBERT,11q4ikh,309,100,1143,me,me,False,sadness,0.004448498909672101,0.004448498909672101,0.36578479409217834,0.9594785571098328,0.34,1,1,600,FP32-token-IDs
ClinicalBERT,11q4ikh,309,100,1143,me,me,False,suicide intent,0.0016124356576862435,0.0016124356576862435,0.1683303564786911,0.4653538465499878,0.34,0,1,600,FP32-token-IDs
ClinicalBERT,11q4ikh,309,100,1143,me,me,False,worthlessness,-0.0019216111783559124,0.0019216111783559124,0.337674617767334,0.9495809078216553,0.34,1,1,600,FP32-token-IDs
ClinicalBERT,11q4ikh,309,101,119,.,.,False,anger,-0.0026296493597328663,0.0026296493597328663,0.41998428106307983,0.7016873955726624,0.34,0,1,600,FP32-token-IDs
ClinicalBERT,11q4ikh,309,101,119,.,.,False,brain dysfunction (forget),-0.00016310508362948895,0.00016310508362948895,0.31644606590270996,0.3851734697818756,0.34,1,1,600,FP32-token-IDs
ClinicalBERT,11q4ikh,309,101,119,.,.,False,emptiness,0.002441067830659449,0.002441067830659449,0.1924600899219513,0.9631192684173584,0.34,1,1,600,FP32-token-IDs
ClinicalBERT,11q4ikh,309,101,119,.,.,False,hopelessness,-0.0014004737604409456,0.0014004737604409456,0.36849674582481384,0.9833058714866638,0.34,1,1,600,FP32-token-IDs
ClinicalBERT,11q4ikh,309,101,119,.,.,False,loneliness,0.007726622745394707,0.007726622745394707,0.21519693732261658,0.9769633412361145,0.34,1,1,600,FP32-token-IDs
ClinicalBERT,11q4ikh,309,101,119,.,.,False,sadness,0.00208879541605711,0.00208879541605711,0.36578479409217834,0.9594785571098328,0.34,1,1,600,FP32-token-IDs
ClinicalBERT,11q4ikh,309,101,119,.,.,False,suicide intent,0.0022411745158024132,0.0022411745158024132,0.1683303564786911,0.4653538465499878,0.34,0,1,600,FP32-token-IDs
ClinicalBERT,11q4ikh,309,101,119,.,.,False,worthlessness,-0.0029445873806253076,0.0029445873806253076,0.337674617767334,0.9495809078216553,0.34,1,1,600,FP32-token-IDs
ClinicalBERT,11q4ikh,309,102,1191,if,if,False,anger,0.0014937662053853273,0.0014937662053853273,0.41998428106307983,0.7016873955726624,0.34,0,1,600,FP32-token-IDs
ClinicalBERT,11q4ikh,309,102,1191,if,if,False,brain dysfunction (forget),-8.591718506067991e-05,8.591718506067991e-05,0.31644606590270996,0.3851734697818756,0.34,1,1,600,FP32-token-IDs
ClinicalBERT,11q4ikh,309,102,1191,if,if,False,emptiness,0.003839731914922595,0.003839731914922595,0.1924600899219513,0.9631192684173584,0.34,1,1,600,FP32-token-IDs
ClinicalBERT,11q4ikh,309,102,1191,if,if,False,hopelessness,0.006691422779113054,0.006691422779113054,0.36849674582481384,0.9833058714866638,0.34,1,1,600,FP32-token-IDs
ClinicalBERT,11q4ikh,309,102,1191,if,if,False,loneliness,0.005601906799711287,0.005601906799711287,0.21519693732261658,0.9769633412361145,0.34,1,1,600,FP32-token-IDs
ClinicalBERT,11q4ikh,309,102,1191,if,if,False,sadness,0.004379885038360953,0.004379885038360953,0.36578479409217834,0.9594785571098328,0.34,1,1,600,FP32-token-IDs
ClinicalBERT,11q4ikh,309,102,1191,if,if,False,suicide intent,0.000723975186701864,0.000723975186701864,0.1683303564786911,0.4653538465499878,0.34,0,1,600,FP32-token-IDs
ClinicalBERT,11q4ikh,309,102,1191,if,if,False,worthlessness,0.0030581988394260406,0.0030581988394260406,0.337674617767334,0.9495809078216553,0.34,1,1,600,FP32-token-IDs
ClinicalBERT,11q4ikh,309,103,178,i,i,False,anger,0.0014937662053853273,0.0014937662053853273,0.41998428106307983,0.7016873955726624,0.34,0,1,600,FP32-token-IDs
ClinicalBERT,11q4ikh,309,103,178,i,i,False,brain dysfunction (forget),-8.591718506067991e-05,8.591718506067991e-05,0.31644606590270996,0.3851734697818756,0.34,1,1,600,FP32-token-IDs
ClinicalBERT,11q4ikh,309,103,178,i,i,False,emptiness,0.003839731914922595,0.003839731914922595,0.1924600899219513,0.9631192684173584,0.34,1,1,600,FP32-token-IDs
ClinicalBERT,11q4ikh,309,103,178,i,i,False,hopelessness,0.006691422779113054,0.006691422779113054,0.36849674582481384,0.9833058714866638,0.34,1,1,600,FP32-token-IDs
ClinicalBERT,11q4ikh,309,103,178,i,i,False,loneliness,0.005601906799711287,0.005601906799711287,0.21519693732261658,0.9769633412361145,0.34,1,1,600,FP32-token-IDs
ClinicalBERT,11q4ikh,309,103,178,i,i,False,sadness,0.004379885038360953,0.004379885038360953,0.36578479409217834,0.9594785571098328,0.34,1,1,600,FP32-token-IDs
ClinicalBERT,11q4ikh,309,103,178,i,i,False,suicide intent,0.000723975186701864,0.000723975186701864,0.1683303564786911,0.4653538465499878,0.34,0,1,600,FP32-token-IDs
ClinicalBERT,11q4ikh,309,103,178,i,i,False,worthlessness,0.0030581988394260406,0.0030581988394260406,0.337674617767334,0.9495809078216553,0.34,1,1,600,FP32-token-IDs
ClinicalBERT,11q4ikh,309,104,1180,could,could,False,anger,0.0006994998548179865,0.0006994998548179865,0.41998428106307983,0.7016873955726624,0.34,0,1,600,FP32-token-IDs
ClinicalBERT,11q4ikh,309,104,1180,could,could,False,brain dysfunction (forget),0.0005766275571659207,0.0005766275571659207,0.31644606590270996,0.3851734697818756,0.34,1,1,600,FP32-token-IDs
ClinicalBERT,11q4ikh,309,104,1180,could,could,False,emptiness,0.004460466094315052,0.004460466094315052,0.1924600899219513,0.9631192684173584,0.34,1,1,600,FP32-token-IDs
ClinicalBERT,11q4ikh,309,104,1180,could,could,False,hopelessness,0.0064123221673071384,0.0064123221673071384,0.36849674582481384,0.9833058714866638,0.34,1,1,600,FP32-token-IDs
ClinicalBERT,11q4ikh,309,104,1180,could,could,False,loneliness,0.005874913767911494,0.005874913767911494,0.21519693732261658,0.9769633412361145,0.34,1,1,600,FP32-token-IDs
ClinicalBERT,11q4ikh,309,104,1180,could,could,False,sadness,0.0038778658490628004,0.0038778658490628004,0.36578479409217834,0.9594785571098328,0.34,1,1,600,FP32-token-IDs
ClinicalBERT,11q4ikh,309,104,1180,could,could,False,suicide intent,0.0011709263199009001,0.0011709263199009001,0.1683303564786911,0.4653538465499878,0.34,0,1,600,FP32-token-IDs
ClinicalBERT,11q4ikh,309,104,1180,could,could,False,worthlessness,0.0029748999513685703,0.0029748999513685703,0.337674617767334,0.9495809078216553,0.34,1,1,600,FP32-token-IDs
ClinicalBERT,11q4ikh,309,105,1256,even,even,False,anger,0.0006994998548179865,0.0006994998548179865,0.41998428106307983,0.7016873955726624,0.34,0,1,600,FP32-token-IDs
ClinicalBERT,11q4ikh,309,105,1256,even,even,False,brain dysfunction (forget),0.0005766275571659207,0.0005766275571659207,0.31644606590270996,0.3851734697818756,0.34,1,1,600,FP32-token-IDs
ClinicalBERT,11q4ikh,309,105,1256,even,even,False,emptiness,0.004460466094315052,0.004460466094315052,0.1924600899219513,0.9631192684173584,0.34,1,1,600,FP32-token-IDs
ClinicalBERT,11q4ikh,309,105,1256,even,even,False,hopelessness,0.0064123221673071384,0.0064123221673071384,0.36849674582481384,0.9833058714866638,0.34,1,1,600,FP32-token-IDs
ClinicalBERT,11q4ikh,309,105,1256,even,even,False,loneliness,0.005874913767911494,0.005874913767911494,0.21519693732261658,0.9769633412361145,0.34,1,1,600,FP32-token-IDs
ClinicalBERT,11q4ikh,309,105,1256,even,even,False,sadness,0.0038778658490628004,0.0038778658490628004,0.36578479409217834,0.9594785571098328,0.34,1,1,600,FP32-token-IDs
ClinicalBERT,11q4ikh,309,105,1256,even,even,False,suicide intent,0.0011709263199009001,0.0011709263199009001,0.1683303564786911,0.4653538465499878,0.34,0,1,600,FP32-token-IDs
ClinicalBERT,11q4ikh,309,105,1256,even,even,False,worthlessness,0.0029748999513685703,0.0029748999513685703,0.337674617767334,0.9495809078216553,0.34,1,1,600,FP32-token-IDs
ClinicalBERT,11q4ikh,309,106,1840,call,call,False,anger,0.0017788289890935023,0.0017788289890935023,0.41998428106307983,0.7016873955726624,0.34,0,1,600,FP32-token-IDs
ClinicalBERT,11q4ikh,309,106,1840,call,call,False,brain dysfunction (forget),-0.005649628505731623,0.005649628505731623,0.31644606590270996,0.3851734697818756,0.34,1,1,600,FP32-token-IDs
ClinicalBERT,11q4ikh,309,106,1840,call,call,False,emptiness,0.0022336335969157517,0.0022336335969157517,0.1924600899219513,0.9631192684173584,0.34,1,1,600,FP32-token-IDs
ClinicalBERT,11q4ikh,309,106,1840,call,call,False,hopelessness,0.002218585694208741,0.002218585694208741,0.36849674582481384,0.9833058714866638,0.34,1,1,600,FP32-token-IDs
ClinicalBERT,11q4ikh,309,106,1840,call,call,False,loneliness,0.012831534375436604,0.012831534375436604,0.21519693732261658,0.9769633412361145,0.34,1,1,600,FP32-token-IDs
ClinicalBERT,11q4ikh,309,106,1840,call,call,False,sadness,0.005459461594000459,0.005459461594000459,0.36578479409217834,0.9594785571098328,0.34,1,1,600,FP32-token-IDs
ClinicalBERT,11q4ikh,309,106,1840,call,call,False,suicide intent,-0.0005749471699042866,0.0005749471699042866,0.1683303564786911,0.4653538465499878,0.34,0,1,600,FP32-token-IDs
ClinicalBERT,11q4ikh,309,106,1840,call,call,False,worthlessness,-0.002157745223181943,0.002157745223181943,0.337674617767334,0.9495809078216553,0.34,1,1,600,FP32-token-IDs
ClinicalBERT,11q4ikh,309,107,1172,them,them,False,anger,0.0017788289890935023,0.0017788289890935023,0.41998428106307983,0.7016873955726624,0.34,0,1,600,FP32-token-IDs
ClinicalBERT,11q4ikh,309,107,1172,them,them,False,brain dysfunction (forget),-0.005649628505731623,0.005649628505731623,0.31644606590270996,0.3851734697818756,0.34,1,1,600,FP32-token-IDs
ClinicalBERT,11q4ikh,309,107,1172,them,them,False,emptiness,0.0022336335969157517,0.0022336335969157517,0.1924600899219513,0.9631192684173584,0.34,1,1,600,FP32-token-IDs
ClinicalBERT,11q4ikh,309,107,1172,them,them,False,hopelessness,0.002218585694208741,0.002218585694208741,0.36849674582481384,0.9833058714866638,0.34,1,1,600,FP32-token-IDs
ClinicalBERT,11q4ikh,309,107,1172,them,them,False,loneliness,0.012831534375436604,0.012831534375436604,0.21519693732261658,0.9769633412361145,0.34,1,1,600,FP32-token-IDs
ClinicalBERT,11q4ikh,309,107,1172,them,them,False,sadness,0.005459461594000459,0.005459461594000459,0.36578479409217834,0.9594785571098328,0.34,1,1,600,FP32-token-IDs
ClinicalBERT,11q4ikh,309,107,1172,them,them,False,suicide intent,-0.0005749471699042866,0.0005749471699042866,0.1683303564786911,0.4653538465499878,0.34,0,1,600,FP32-token-IDs
ClinicalBERT,11q4ikh,309,107,1172,them,them,False,worthlessness,-0.002157745223181943,0.002157745223181943,0.337674617767334,0.9495809078216553,0.34,1,1,600,FP32-token-IDs
ClinicalBERT,11q4ikh,309,108,2053,friends,friends,False,anger,0.0017788289890935023,0.0017788289890935023,0.41998428106307983,0.7016873955726624,0.34,0,1,600,FP32-token-IDs
ClinicalBERT,11q4ikh,309,108,2053,friends,friends,False,brain dysfunction (forget),-0.005649628505731623,0.005649628505731623,0.31644606590270996,0.3851734697818756,0.34,1,1,600,FP32-token-IDs
ClinicalBERT,11q4ikh,309,108,2053,friends,friends,False,emptiness,0.0022336335969157517,0.0022336335969157517,0.1924600899219513,0.9631192684173584,0.34,1,1,600,FP32-token-IDs
ClinicalBERT,11q4ikh,309,108,2053,friends,friends,False,hopelessness,0.002218585694208741,0.002218585694208741,0.36849674582481384,0.9833058714866638,0.34,1,1,600,FP32-token-IDs
ClinicalBERT,11q4ikh,309,108,2053,friends,friends,False,loneliness,0.012831534375436604,0.012831534375436604,0.21519693732261658,0.9769633412361145,0.34,1,1,600,FP32-token-IDs
ClinicalBERT,11q4ikh,309,108,2053,friends,friends,False,sadness,0.005459461594000459,0.005459461594000459,0.36578479409217834,0.9594785571098328,0.34,1,1,600,FP32-token-IDs
ClinicalBERT,11q4ikh,309,108,2053,friends,friends,False,suicide intent,-0.0005749471699042866,0.0005749471699042866,0.1683303564786911,0.4653538465499878,0.34,0,1,600,FP32-token-IDs
ClinicalBERT,11q4ikh,309,108,2053,friends,friends,False,worthlessness,-0.002157745223181943,0.002157745223181943,0.337674617767334,0.9495809078216553,0.34,1,1,600,FP32-token-IDs
ClinicalBERT,11q4ikh,309,109,119,.,.,False,anger,5.505210720002651e-05,5.505210720002651e-05,0.41998428106307983,0.7016873955726624,0.34,0,1,600,FP32-token-IDs
ClinicalBERT,11q4ikh,309,109,119,.,.,False,brain dysfunction (forget),-0.002091778675094247,0.002091778675094247,0.31644606590270996,0.3851734697818756,0.34,1,1,600,FP32-token-IDs
ClinicalBERT,11q4ikh,309,109,119,.,.,False,emptiness,0.0025250991457141936,0.0025250991457141936,0.1924600899219513,0.9631192684173584,0.34,1,1,600,FP32-token-IDs
ClinicalBERT,11q4ikh,309,109,119,.,.,False,hopelessness,0.000678894342854619,0.000678894342854619,0.36849674582481384,0.9833058714866638,0.34,1,1,600,FP32-token-IDs
ClinicalBERT,11q4ikh,309,109,119,.,.,False,loneliness,0.009567652945406735,0.009567652945406735,0.21519693732261658,0.9769633412361145,0.34,1,1,600,FP32-token-IDs
ClinicalBERT,11q4ikh,309,109,119,.,.,False,sadness,0.0029394126031547785,0.0029394126031547785,0.36578479409217834,0.9594785571098328,0.34,1,1,600,FP32-token-IDs
ClinicalBERT,11q4ikh,309,109,119,.,.,False,suicide intent,0.0005049409519415349,0.0005049409519415349,0.1683303564786911,0.4653538465499878,0.34,0,1,600,FP32-token-IDs
ClinicalBERT,11q4ikh,309,109,119,.,.,False,worthlessness,-0.0023135571973398328,0.0023135571973398328,0.337674617767334,0.9495809078216553,0.34,1,1,600,FP32-token-IDs
ClinicalBERT,11q4ikh,309,110,178,i,i,False,anger,0.002518769819289446,0.002518769819289446,0.41998428106307983,0.7016873955726624,0.34,0,1,600,FP32-token-IDs
ClinicalBERT,11q4ikh,309,110,178,i,i,False,brain dysfunction (forget),0.004786021076142788,0.004786021076142788,0.31644606590270996,0.3851734697818756,0.34,1,1,600,FP32-token-IDs
ClinicalBERT,11q4ikh,309,110,178,i,i,False,emptiness,0.008280062000267208,0.008280062000267208,0.1924600899219513,0.9631192684173584,0.34,1,1,600,FP32-token-IDs
ClinicalBERT,11q4ikh,309,110,178,i,i,False,hopelessness,0.008097827434539795,0.008097827434539795,0.36849674582481384,0.9833058714866638,0.34,1,1,600,FP32-token-IDs
ClinicalBERT,11q4ikh,309,110,178,i,i,False,loneliness,0.007796072866767645,0.007796072866767645,0.21519693732261658,0.9769633412361145,0.34,1,1,600,FP32-token-IDs
ClinicalBERT,11q4ikh,309,110,178,i,i,False,sadness,0.007841507904231548,0.007841507904231548,0.36578479409217834,0.9594785571098328,0.34,1,1,600,FP32-token-IDs
ClinicalBERT,11q4ikh,309,110,178,i,i,False,suicide intent,0.014568125479854643,0.014568125479854643,0.1683303564786911,0.4653538465499878,0.34,0,1,600,FP32-token-IDs
ClinicalBERT,11q4ikh,309,110,178,i,i,False,worthlessness,0.0066675483249127865,0.0066675483249127865,0.337674617767334,0.9495809078216553,0.34,1,1,600,FP32-token-IDs
ClinicalBERT,11q4ikh,309,111,1198,just,just,False,anger,0.0038309269584715366,0.0038309269584715366,0.41998428106307983,0.7016873955726624,0.34,0,1,600,FP32-token-IDs
ClinicalBERT,11q4ikh,309,111,1198,just,just,False,brain dysfunction (forget),0.00625798013061285,0.00625798013061285,0.31644606590270996,0.3851734697818756,0.34,1,1,600,FP32-token-IDs
ClinicalBERT,11q4ikh,309,111,1198,just,just,False,emptiness,0.00831270671915263,0.00831270671915263,0.1924600899219513,0.9631192684173584,0.34,1,1,600,FP32-token-IDs
ClinicalBERT,11q4ikh,309,111,1198,just,just,False,hopelessness,0.008155813440680504,0.008155813440680504,0.36849674582481384,0.9833058714866638,0.34,1,1,600,FP32-token-IDs
ClinicalBERT,11q4ikh,309,111,1198,just,just,False,loneliness,0.007724716793745756,0.007724716793745756,0.21519693732261658,0.9769633412361145,0.34,1,1,600,FP32-token-IDs
ClinicalBERT,11q4ikh,309,111,1198,just,just,False,sadness,0.00785853248089552,0.00785853248089552,0.36578479409217834,0.9594785571098328,0.34,1,1,600,FP32-token-IDs
ClinicalBERT,11q4ikh,309,111,1198,just,just,False,suicide intent,0.016202197060920298,0.016202197060920298,0.1683303564786911,0.4653538465499878,0.34,0,1,600,FP32-token-IDs
ClinicalBERT,11q4ikh,309,111,1198,just,just,False,worthlessness,0.006965321954339743,0.006965321954339743,0.337674617767334,0.9495809078216553,0.34,1,1,600,FP32-token-IDs
ClinicalBERT,11q4ikh,309,112,1444,need,need,False,anger,0.001086860429495573,0.001086860429495573,0.41998428106307983,0.7016873955726624,0.34,0,1,600,FP32-token-IDs
ClinicalBERT,11q4ikh,309,112,1444,need,need,False,brain dysfunction (forget),0.002124686259776354,0.002124686259776354,0.31644606590270996,0.3851734697818756,0.34,1,1,600,FP32-token-IDs
ClinicalBERT,11q4ikh,309,112,1444,need,need,False,emptiness,0.005366502213291824,0.005366502213291824,0.1924600899219513,0.9631192684173584,0.34,1,1,600,FP32-token-IDs
ClinicalBERT,11q4ikh,309,112,1444,need,need,False,hopelessness,0.003948187455534935,0.003948187455534935,0.36849674582481384,0.9833058714866638,0.34,1,1,600,FP32-token-IDs
ClinicalBERT,11q4ikh,309,112,1444,need,need,False,loneliness,0.005882900673896074,0.005882900673896074,0.21519693732261658,0.9769633412361145,0.34,1,1,600,FP32-token-IDs
ClinicalBERT,11q4ikh,309,112,1444,need,need,False,sadness,0.005383246578276157,0.005383246578276157,0.36578479409217834,0.9594785571098328,0.34,1,1,600,FP32-token-IDs
ClinicalBERT,11q4ikh,309,112,1444,need,need,False,suicide intent,0.007517751888372004,0.007517751888372004,0.1683303564786911,0.4653538465499878,0.34,0,1,600,FP32-token-IDs
ClinicalBERT,11q4ikh,309,112,1444,need,need,False,worthlessness,0.0022417455911636353,0.0022417455911636353,0.337674617767334,0.9495809078216553,0.34,1,1,600,FP32-token-IDs
ClinicalBERT,11q4ikh,309,113,1106,to,to,False,anger,0.001086860429495573,0.001086860429495573,0.41998428106307983,0.7016873955726624,0.34,0,1,600,FP32-token-IDs
ClinicalBERT,11q4ikh,309,113,1106,to,to,False,brain dysfunction (forget),0.002124686259776354,0.002124686259776354,0.31644606590270996,0.3851734697818756,0.34,1,1,600,FP32-token-IDs
ClinicalBERT,11q4ikh,309,113,1106,to,to,False,emptiness,0.005366502213291824,0.005366502213291824,0.1924600899219513,0.9631192684173584,0.34,1,1,600,FP32-token-IDs
ClinicalBERT,11q4ikh,309,113,1106,to,to,False,hopelessness,0.003948187455534935,0.003948187455534935,0.36849674582481384,0.9833058714866638,0.34,1,1,600,FP32-token-IDs
ClinicalBERT,11q4ikh,309,113,1106,to,to,False,loneliness,0.005882900673896074,0.005882900673896074,0.21519693732261658,0.9769633412361145,0.34,1,1,600,FP32-token-IDs
ClinicalBERT,11q4ikh,309,113,1106,to,to,False,sadness,0.005383246578276157,0.005383246578276157,0.36578479409217834,0.9594785571098328,0.34,1,1,600,FP32-token-IDs
ClinicalBERT,11q4ikh,309,113,1106,to,to,False,suicide intent,0.007517751888372004,0.007517751888372004,0.1683303564786911,0.4653538465499878,0.34,0,1,600,FP32-token-IDs
ClinicalBERT,11q4ikh,309,113,1106,to,to,False,worthlessness,0.0022417455911636353,0.0022417455911636353,0.337674617767334,0.9495809078216553,0.34,1,1,600,FP32-token-IDs
ClinicalBERT,11q4ikh,309,114,1712,keep,keep,False,anger,0.013848654925823212,0.013848654925823212,0.41998428106307983,0.7016873955726624,0.34,0,1,600,FP32-token-IDs
ClinicalBERT,11q4ikh,309,114,1712,keep,keep,False,brain dysfunction (forget),0.0008833721346621004,0.0008833721346621004,0.31644606590270996,0.3851734697818756,0.34,1,1,600,FP32-token-IDs
ClinicalBERT,11q4ikh,309,114,1712,keep,keep,False,emptiness,-0.0031963153492792374,0.0031963153492792374,0.1924600899219513,0.9631192684173584,0.34,1,1,600,FP32-token-IDs
ClinicalBERT,11q4ikh,309,114,1712,keep,keep,False,hopelessness,0.0017151991903249708,0.0017151991903249708,0.36849674582481384,0.9833058714866638,0.34,1,1,600,FP32-token-IDs
ClinicalBERT,11q4ikh,309,114,1712,keep,keep,False,loneliness,0.0027173467512641635,0.0027173467512641635,0.21519693732261658,0.9769633412361145,0.34,1,1,600,FP32-token-IDs
ClinicalBERT,11q4ikh,309,114,1712,keep,keep,False,sadness,0.00018211657048336103,0.00018211657048336103,0.36578479409217834,0.9594785571098328,0.34,1,1,600,FP32-token-IDs
ClinicalBERT,11q4ikh,309,114,1712,keep,keep,False,suicide intent,0.005988209612301684,0.005988209612301684,0.1683303564786911,0.4653538465499878,0.34,0,1,600,FP32-token-IDs
ClinicalBERT,11q4ikh,309,114,1712,keep,keep,False,worthlessness,-0.0018127310655212826,0.0018127310655212826,0.337674617767334,0.9495809078216553,0.34,1,1,600,FP32-token-IDs
ClinicalBERT,11q4ikh,309,115,1113,on,on,False,anger,0.013848654925823212,0.013848654925823212,0.41998428106307983,0.7016873955726624,0.34,0,1,600,FP32-token-IDs
ClinicalBERT,11q4ikh,309,115,1113,on,on,False,brain dysfunction (forget),0.0008833721346621004,0.0008833721346621004,0.31644606590270996,0.3851734697818756,0.34,1,1,600,FP32-token-IDs
ClinicalBERT,11q4ikh,309,115,1113,on,on,False,emptiness,-0.0031963153492792374,0.0031963153492792374,0.1924600899219513,0.9631192684173584,0.34,1,1,600,FP32-token-IDs
ClinicalBERT,11q4ikh,309,115,1113,on,on,False,hopelessness,0.0017151991903249708,0.0017151991903249708,0.36849674582481384,0.9833058714866638,0.34,1,1,600,FP32-token-IDs
ClinicalBERT,11q4ikh,309,115,1113,on,on,False,loneliness,0.0027173467512641635,0.0027173467512641635,0.21519693732261658,0.9769633412361145,0.34,1,1,600,FP32-token-IDs
ClinicalBERT,11q4ikh,309,115,1113,on,on,False,sadness,0.00018211657048336103,0.00018211657048336103,0.36578479409217834,0.9594785571098328,0.34,1,1,600,FP32-token-IDs
ClinicalBERT,11q4ikh,309,115,1113,on,on,False,suicide intent,0.005988209612301684,0.005988209612301684,0.1683303564786911,0.4653538465499878,0.34,0,1,600,FP32-token-IDs
ClinicalBERT,11q4ikh,309,115,1113,on,on,False,worthlessness,-0.0018127310655212826,0.0018127310655212826,0.337674617767334,0.9495809078216553,0.34,1,1,600,FP32-token-IDs
ClinicalBERT,11q4ikh,309,116,2935,fighting,fighting,False,anger,0.027593232691287994,0.027593232691287994,0.41998428106307983,0.7016873955726624,0.34,0,1,600,FP32-token-IDs
ClinicalBERT,11q4ikh,309,116,2935,fighting,fighting,False,brain dysfunction (forget),0.005691842275804707,0.005691842275804707,0.31644606590270996,0.3851734697818756,0.34,1,1,600,FP32-token-IDs
ClinicalBERT,11q4ikh,309,116,2935,fighting,fighting,False,emptiness,-0.004558559482185436,0.004558559482185436,0.1924600899219513,0.9631192684173584,0.34,1,1,600,FP32-token-IDs
ClinicalBERT,11q4ikh,309,116,2935,fighting,fighting,False,hopelessness,0.0031460836596254793,0.0031460836596254793,0.36849674582481384,0.9833058714866638,0.34,1,1,600,FP32-token-IDs
ClinicalBERT,11q4ikh,309,116,2935,fighting,fighting,False,loneliness,0.0007085994418178285,0.0007085994418178285,0.21519693732261658,0.9769633412361145,0.34,1,1,600,FP32-token-IDs
ClinicalBERT,11q4ikh,309,116,2935,fighting,fighting,False,sadness,-0.001689242964078273,0.001689242964078273,0.36578479409217834,0.9594785571098328,0.34,1,1,600,FP32-token-IDs
ClinicalBERT,11q4ikh,309,116,2935,fighting,fighting,False,suicide intent,0.00872278124942178,0.00872278124942178,0.1683303564786911,0.4653538465499878,0.34,0,1,600,FP32-token-IDs
ClinicalBERT,11q4ikh,309,116,2935,fighting,fighting,False,worthlessness,0.00023192454994257032,0.00023192454994257032,0.337674617767334,0.9495809078216553,0.34,1,1,600,FP32-token-IDs
ClinicalBERT,11q4ikh,309,117,1139,my,my,False,anger,0.027593232691287994,0.027593232691287994,0.41998428106307983,0.7016873955726624,0.34,0,1,600,FP32-token-IDs
ClinicalBERT,11q4ikh,309,117,1139,my,my,False,brain dysfunction (forget),0.005691842275804707,0.005691842275804707,0.31644606590270996,0.3851734697818756,0.34,1,1,600,FP32-token-IDs
ClinicalBERT,11q4ikh,309,117,1139,my,my,False,emptiness,-0.004558559482185436,0.004558559482185436,0.1924600899219513,0.9631192684173584,0.34,1,1,600,FP32-token-IDs
ClinicalBERT,11q4ikh,309,117,1139,my,my,False,hopelessness,0.0031460836596254793,0.0031460836596254793,0.36849674582481384,0.9833058714866638,0.34,1,1,600,FP32-token-IDs
ClinicalBERT,11q4ikh,309,117,1139,my,my,False,loneliness,0.0007085994418178285,0.0007085994418178285,0.21519693732261658,0.9769633412361145,0.34,1,1,600,FP32-token-IDs
ClinicalBERT,11q4ikh,309,117,1139,my,my,False,sadness,-0.001689242964078273,0.001689242964078273,0.36578479409217834,0.9594785571098328,0.34,1,1,600,FP32-token-IDs
ClinicalBERT,11q4ikh,309,117,1139,my,my,False,suicide intent,0.00872278124942178,0.00872278124942178,0.1683303564786911,0.4653538465499878,0.34,0,1,600,FP32-token-IDs
ClinicalBERT,11q4ikh,309,117,1139,my,my,False,worthlessness,0.00023192454994257032,0.00023192454994257032,0.337674617767334,0.9495809078216553,0.34,1,1,600,FP32-token-IDs
ClinicalBERT,11q4ikh,309,118,5047,inner,inner,False,anger,0.0024403569598992667,0.0024403569598992667,0.41998428106307983,0.7016873955726624,0.34,0,1,600,FP32-token-IDs
ClinicalBERT,11q4ikh,309,118,5047,inner,inner,False,brain dysfunction (forget),0.005479538680187294,0.005479538680187294,0.31644606590270996,0.3851734697818756,0.34,1,1,600,FP32-token-IDs
ClinicalBERT,11q4ikh,309,118,5047,inner,inner,False,emptiness,-0.0015022140328905412,0.0015022140328905412,0.1924600899219513,0.9631192684173584,0.34,1,1,600,FP32-token-IDs
ClinicalBERT,11q4ikh,309,118,5047,inner,inner,False,hopelessness,0.0009383194680724824,0.0009383194680724824,0.36849674582481384,0.9833058714866638,0.34,1,1,600,FP32-token-IDs
ClinicalBERT,11q4ikh,309,118,5047,inner,inner,False,loneliness,-0.0011434363910839671,0.0011434363910839671,0.21519693732261658,0.9769633412361145,0.34,1,1,600,FP32-token-IDs
ClinicalBERT,11q4ikh,309,118,5047,inner,inner,False,sadness,-0.004588824297700609,0.004588824297700609,0.36578479409217834,0.9594785571098328,0.34,1,1,600,FP32-token-IDs
ClinicalBERT,11q4ikh,309,118,5047,inner,inner,False,suicide intent,2.748149979326167e-07,2.748149979326167e-07,0.1683303564786911,0.4653538465499878,0.34,0,1,600,FP32-token-IDs
ClinicalBERT,11q4ikh,309,118,5047,inner,inner,False,worthlessness,0.00136397597158239,0.00136397597158239,0.337674617767334,0.9495809078216553,0.34,1,1,600,FP32-token-IDs
ClinicalBERT,11q4ikh,309,119,8568,demons,demons,False,anger,0.0024403569598992667,0.0024403569598992667,0.41998428106307983,0.7016873955726624,0.34,0,1,600,FP32-token-IDs
ClinicalBERT,11q4ikh,309,119,8568,demons,demons,False,brain dysfunction (forget),0.005479538680187294,0.005479538680187294,0.31644606590270996,0.3851734697818756,0.34,1,1,600,FP32-token-IDs
ClinicalBERT,11q4ikh,309,119,8568,demons,demons,False,emptiness,-0.0015022140328905412,0.0015022140328905412,0.1924600899219513,0.9631192684173584,0.34,1,1,600,FP32-token-IDs
ClinicalBERT,11q4ikh,309,119,8568,demons,demons,False,hopelessness,0.0009383194680724824,0.0009383194680724824,0.36849674582481384,0.9833058714866638,0.34,1,1,600,FP32-token-IDs
ClinicalBERT,11q4ikh,309,119,8568,demons,demons,False,loneliness,-0.0011434363910839671,0.0011434363910839671,0.21519693732261658,0.9769633412361145,0.34,1,1,600,FP32-token-IDs
ClinicalBERT,11q4ikh,309,119,8568,demons,demons,False,sadness,-0.004588824297700609,0.004588824297700609,0.36578479409217834,0.9594785571098328,0.34,1,1,600,FP32-token-IDs
ClinicalBERT,11q4ikh,309,119,8568,demons,demons,False,suicide intent,2.748149979326167e-07,2.748149979326167e-07,0.1683303564786911,0.4653538465499878,0.34,0,1,600,FP32-token-IDs
ClinicalBERT,11q4ikh,309,119,8568,demons,demons,False,worthlessness,0.00136397597158239,0.00136397597158239,0.337674617767334,0.9495809078216553,0.34,1,1,600,FP32-token-IDs
ClinicalBERT,11q4ikh,309,120,102,[SEP],,True,anger,0.0029506379117568335,0.0029506379117568335,0.41998428106307983,0.7016873955726624,0.34,0,1,600,FP32-token-IDs
ClinicalBERT,11q4ikh,309,120,102,[SEP],,True,brain dysfunction (forget),0.006440378592482635,0.006440378592482635,0.31644606590270996,0.3851734697818756,0.34,1,1,600,FP32-token-IDs
ClinicalBERT,11q4ikh,309,120,102,[SEP],,True,emptiness,-0.0011552409601530858,0.0011552409601530858,0.1924600899219513,0.9631192684173584,0.34,1,1,600,FP32-token-IDs
ClinicalBERT,11q4ikh,309,120,102,[SEP],,True,hopelessness,-0.0019416558955396926,0.0019416558955396926,0.36849674582481384,0.9833058714866638,0.34,1,1,600,FP32-token-IDs
ClinicalBERT,11q4ikh,309,120,102,[SEP],,True,loneliness,-0.0007962793821380252,0.0007962793821380252,0.21519693732261658,0.9769633412361145,0.34,1,1,600,FP32-token-IDs
ClinicalBERT,11q4ikh,309,120,102,[SEP],,True,sadness,-0.005449009660099233,0.005449009660099233,0.36578479409217834,0.9594785571098328,0.34,1,1,600,FP32-token-IDs
ClinicalBERT,11q4ikh,309,120,102,[SEP],,True,suicide intent,0.0002787369469712886,0.0002787369469712886,0.1683303564786911,0.4653538465499878,0.34,0,1,600,FP32-token-IDs
ClinicalBERT,11q4ikh,309,120,102,[SEP],,True,worthlessness,-0.0010913004655213583,0.0010913004655213583,0.337674617767334,0.9495809078216553,0.34,1,1,600,FP32-token-IDs
