Model,Sample_ID,Test_Index,Token_Index,Token_ID,Raw_Token,Token,Is_Special_Token,Emotion,SHAP_Value,Abs_SHAP,Base_Value,Model_Probability,Threshold,True_Label,Predicted_Label,SHAP_Max_Evals,XAI_Inference
RoBERTa,107a0dj,667,0,0,<s>,,True,anger,-0.021600761567242444,0.021600761567242444,0.17253035306930542,0.034825000911951065,0.35,0,0,600,FP32-token-IDs
RoBERTa,107a0dj,667,0,0,<s>,,True,brain dysfunction (forget),-0.011569147667614743,0.011569147667614743,0.17044810950756073,0.3622249364852905,0.35,1,1,600,FP32-token-IDs
RoBERTa,107a0dj,667,0,0,<s>,,True,emptiness,-0.01123827374734295,0.01123827374734295,0.1288936883211136,0.1701594591140747,0.35,0,0,600,FP32-token-IDs
RoBERTa,107a0dj,667,0,0,<s>,,True,hopelessness,-0.011549372808076441,0.011549372808076441,0.23900723457336426,0.965188205242157,0.35,1,1,600,FP32-token-IDs
RoBERTa,107a0dj,667,0,0,<s>,,True,loneliness,0.0002179827327684807,0.0002179827327684807,0.46824121475219727,0.01818273216485977,0.35,0,0,600,FP32-token-IDs
RoBERTa,107a0dj,667,0,0,<s>,,True,sadness,0.006384842485810319,0.006384842485810319,0.2721138298511505,0.909073531627655,0.35,1,1,600,FP32-token-IDs
RoBERTa,107a0dj,667,0,0,<s>,,True,suicide intent,0.005059484208080297,0.005059484208080297,0.06211342662572861,0.20536360144615173,0.35,0,0,600,FP32-token-IDs
RoBERTa,107a0dj,667,0,0,<s>,,True,worthlessness,-0.020585373238039512,0.020585373238039512,0.20004579424858093,0.900713324546814,0.35,1,1,600,FP32-token-IDs
RoBERTa,107a0dj,667,1,7424,can,can,False,anger,-0.021600761567242444,0.021600761567242444,0.17253035306930542,0.034825000911951065,0.35,0,0,600,FP32-token-IDs
RoBERTa,107a0dj,667,1,7424,can,can,False,brain dysfunction (forget),-0.011569147667614743,0.011569147667614743,0.17044810950756073,0.3622249364852905,0.35,1,1,600,FP32-token-IDs
RoBERTa,107a0dj,667,1,7424,can,can,False,emptiness,-0.01123827374734295,0.01123827374734295,0.1288936883211136,0.1701594591140747,0.35,0,0,600,FP32-token-IDs
RoBERTa,107a0dj,667,1,7424,can,can,False,hopelessness,-0.011549372808076441,0.011549372808076441,0.23900723457336426,0.965188205242157,0.35,1,1,600,FP32-token-IDs
RoBERTa,107a0dj,667,1,7424,can,can,False,loneliness,0.0002179827327684807,0.0002179827327684807,0.46824121475219727,0.01818273216485977,0.35,0,0,600,FP32-token-IDs
RoBERTa,107a0dj,667,1,7424,can,can,False,sadness,0.006384842485810319,0.006384842485810319,0.2721138298511505,0.909073531627655,0.35,1,1,600,FP32-token-IDs
RoBERTa,107a0dj,667,1,7424,can,can,False,suicide intent,0.005059484208080297,0.005059484208080297,0.06211342662572861,0.20536360144615173,0.35,0,0,600,FP32-token-IDs
RoBERTa,107a0dj,667,1,7424,can,can,False,worthlessness,-0.020585373238039512,0.020585373238039512,0.20004579424858093,0.900713324546814,0.35,1,1,600,FP32-token-IDs
RoBERTa,107a0dj,667,2,6943,Ġdepression,depression,False,anger,-0.0701725081744371,0.0701725081744371,0.17253035306930542,0.034825000911951065,0.35,0,0,600,FP32-token-IDs
RoBERTa,107a0dj,667,2,6943,Ġdepression,depression,False,brain dysfunction (forget),-0.0701742883247789,0.0701742883247789,0.17044810950756073,0.3622249364852905,0.35,1,1,600,FP32-token-IDs
RoBERTa,107a0dj,667,2,6943,Ġdepression,depression,False,emptiness,-0.05042404255558116,0.05042404255558116,0.1288936883211136,0.1701594591140747,0.35,0,0,600,FP32-token-IDs
RoBERTa,107a0dj,667,2,6943,Ġdepression,depression,False,hopelessness,0.0006738819065503776,0.0006738819065503776,0.23900723457336426,0.965188205242157,0.35,1,1,600,FP32-token-IDs
RoBERTa,107a0dj,667,2,6943,Ġdepression,depression,False,loneliness,-0.02853466222101512,0.02853466222101512,0.46824121475219727,0.01818273216485977,0.35,0,0,600,FP32-token-IDs
RoBERTa,107a0dj,667,2,6943,Ġdepression,depression,False,sadness,0.09012397790017228,0.09012397790017228,0.2721138298511505,0.909073531627655,0.35,1,1,600,FP32-token-IDs
RoBERTa,107a0dj,667,2,6943,Ġdepression,depression,False,suicide intent,-0.003666329709327935,0.003666329709327935,0.06211342662572861,0.20536360144615173,0.35,0,0,600,FP32-token-IDs
RoBERTa,107a0dj,667,2,6943,Ġdepression,depression,False,worthlessness,-0.026298782283750672,0.026298782283750672,0.20004579424858093,0.900713324546814,0.35,1,1,600,FP32-token-IDs
RoBERTa,107a0dj,667,3,146,Ġmake,make,False,anger,-0.06121869273192715,0.06121869273192715,0.17253035306930542,0.034825000911951065,0.35,0,0,600,FP32-token-IDs
RoBERTa,107a0dj,667,3,146,Ġmake,make,False,brain dysfunction (forget),-0.06863179043284617,0.06863179043284617,0.17044810950756073,0.3622249364852905,0.35,1,1,600,FP32-token-IDs
RoBERTa,107a0dj,667,3,146,Ġmake,make,False,emptiness,-0.04966262302089793,0.04966262302089793,0.1288936883211136,0.1701594591140747,0.35,0,0,600,FP32-token-IDs
RoBERTa,107a0dj,667,3,146,Ġmake,make,False,hopelessness,-0.0015668412088416517,0.0015668412088416517,0.23900723457336426,0.965188205242157,0.35,1,1,600,FP32-token-IDs
RoBERTa,107a0dj,667,3,146,Ġmake,make,False,loneliness,-0.024474270302259054,0.024474270302259054,0.46824121475219727,0.01818273216485977,0.35,0,0,600,FP32-token-IDs
RoBERTa,107a0dj,667,3,146,Ġmake,make,False,sadness,0.07904392379956941,0.07904392379956941,0.2721138298511505,0.909073531627655,0.35,1,1,600,FP32-token-IDs
RoBERTa,107a0dj,667,3,146,Ġmake,make,False,suicide intent,-0.0034669566545441435,0.0034669566545441435,0.06211342662572861,0.20536360144615173,0.35,0,0,600,FP32-token-IDs
RoBERTa,107a0dj,667,3,146,Ġmake,make,False,worthlessness,-0.025739713300329942,0.025739713300329942,0.20004579424858093,0.900713324546814,0.35,1,1,600,FP32-token-IDs
RoBERTa,107a0dj,667,4,47,Ġyou,you,False,anger,0.0314520094107138,0.0314520094107138,0.17253035306930542,0.034825000911951065,0.35,0,0,600,FP32-token-IDs
RoBERTa,107a0dj,667,4,47,Ġyou,you,False,brain dysfunction (forget),0.0043926548096351326,0.0043926548096351326,0.17044810950756073,0.3622249364852905,0.35,1,1,600,FP32-token-IDs
RoBERTa,107a0dj,667,4,47,Ġyou,you,False,emptiness,-0.0018980700018194816,0.0018980700018194816,0.1288936883211136,0.1701594591140747,0.35,0,0,600,FP32-token-IDs
RoBERTa,107a0dj,667,4,47,Ġyou,you,False,hopelessness,0.013960643671452999,0.013960643671452999,0.23900723457336426,0.965188205242157,0.35,1,1,600,FP32-token-IDs
RoBERTa,107a0dj,667,4,47,Ġyou,you,False,loneliness,-0.003242517860295872,0.003242517860295872,0.46824121475219727,0.01818273216485977,0.35,0,0,600,FP32-token-IDs
RoBERTa,107a0dj,667,4,47,Ġyou,you,False,sadness,-0.01739504685004552,0.01739504685004552,0.2721138298511505,0.909073531627655,0.35,1,1,600,FP32-token-IDs
RoBERTa,107a0dj,667,4,47,Ġyou,you,False,suicide intent,-0.005253045982196151,0.005253045982196151,0.06211342662572861,0.20536360144615173,0.35,0,0,600,FP32-token-IDs
RoBERTa,107a0dj,667,4,47,Ġyou,you,False,worthlessness,0.022906649663733937,0.022906649663733937,0.20004579424858093,0.900713324546814,0.35,1,1,600,FP32-token-IDs
RoBERTa,107a0dj,667,5,16881,Ġdumb,dumb,False,anger,0.0363904000405455,0.0363904000405455,0.17253035306930542,0.034825000911951065,0.35,0,0,600,FP32-token-IDs
RoBERTa,107a0dj,667,5,16881,Ġdumb,dumb,False,brain dysfunction (forget),0.009587322769220918,0.009587322769220918,0.17044810950756073,0.3622249364852905,0.35,1,1,600,FP32-token-IDs
RoBERTa,107a0dj,667,5,16881,Ġdumb,dumb,False,emptiness,0.0022756970526340106,0.0022756970526340106,0.1288936883211136,0.1701594591140747,0.35,0,0,600,FP32-token-IDs
RoBERTa,107a0dj,667,5,16881,Ġdumb,dumb,False,hopelessness,0.031547242775559425,0.031547242775559425,0.23900723457336426,0.965188205242157,0.35,1,1,600,FP32-token-IDs
RoBERTa,107a0dj,667,5,16881,Ġdumb,dumb,False,loneliness,-0.027322328339020412,0.027322328339020412,0.46824121475219727,0.01818273216485977,0.35,0,0,600,FP32-token-IDs
RoBERTa,107a0dj,667,5,16881,Ġdumb,dumb,False,sadness,-0.017277026393761236,0.017277026393761236,0.2721138298511505,0.909073531627655,0.35,1,1,600,FP32-token-IDs
RoBERTa,107a0dj,667,5,16881,Ġdumb,dumb,False,suicide intent,-0.006536276620560481,0.006536276620560481,0.06211342662572861,0.20536360144615173,0.35,0,0,600,FP32-token-IDs
RoBERTa,107a0dj,667,5,16881,Ġdumb,dumb,False,worthlessness,0.043843678470390536,0.043843678470390536,0.20004579424858093,0.900713324546814,0.35,1,1,600,FP32-token-IDs
RoBERTa,107a0dj,667,6,116,?,?,False,anger,-0.0019706189341377467,0.0019706189341377467,0.17253035306930542,0.034825000911951065,0.35,0,0,600,FP32-token-IDs
RoBERTa,107a0dj,667,6,116,?,?,False,brain dysfunction (forget),-0.001197451095901091,0.001197451095901091,0.17044810950756073,0.3622249364852905,0.35,1,1,600,FP32-token-IDs
RoBERTa,107a0dj,667,6,116,?,?,False,emptiness,-0.0009417148963124914,0.0009417148963124914,0.1288936883211136,0.1701594591140747,0.35,0,0,600,FP32-token-IDs
RoBERTa,107a0dj,667,6,116,?,?,False,hopelessness,-0.0019528643143447962,0.0019528643143447962,0.23900723457336426,0.965188205242157,0.35,1,1,600,FP32-token-IDs
RoBERTa,107a0dj,667,6,116,?,?,False,loneliness,-0.0021752645235127684,0.0021752645235127684,0.46824121475219727,0.01818273216485977,0.35,0,0,600,FP32-token-IDs
RoBERTa,107a0dj,667,6,116,?,?,False,sadness,-0.004253930867310952,0.004253930867310952,0.2721138298511505,0.909073531627655,0.35,1,1,600,FP32-token-IDs
RoBERTa,107a0dj,667,6,116,?,?,False,suicide intent,-0.0005687578695043075,0.0005687578695043075,0.06211342662572861,0.20536360144615173,0.35,0,0,600,FP32-token-IDs
RoBERTa,107a0dj,667,6,116,?,?,False,worthlessness,-0.0061443671002052724,0.0061443671002052724,0.20004579424858093,0.900713324546814,0.35,1,1,600,FP32-token-IDs
RoBERTa,107a0dj,667,7,22560,Ġ###,#,False,anger,-0.0019706189341377467,0.0019706189341377467,0.17253035306930542,0.034825000911951065,0.35,0,0,600,FP32-token-IDs
RoBERTa,107a0dj,667,7,22560,Ġ###,#,False,brain dysfunction (forget),-0.001197451095901091,0.001197451095901091,0.17044810950756073,0.3622249364852905,0.35,1,1,600,FP32-token-IDs
RoBERTa,107a0dj,667,7,22560,Ġ###,#,False,emptiness,-0.0009417148963124914,0.0009417148963124914,0.1288936883211136,0.1701594591140747,0.35,0,0,600,FP32-token-IDs
RoBERTa,107a0dj,667,7,22560,Ġ###,#,False,hopelessness,-0.0019528643143447962,0.0019528643143447962,0.23900723457336426,0.965188205242157,0.35,1,1,600,FP32-token-IDs
RoBERTa,107a0dj,667,7,22560,Ġ###,#,False,loneliness,-0.0021752645235127684,0.0021752645235127684,0.46824121475219727,0.01818273216485977,0.35,0,0,600,FP32-token-IDs
RoBERTa,107a0dj,667,7,22560,Ġ###,#,False,sadness,-0.004253930867310952,0.004253930867310952,0.2721138298511505,0.909073531627655,0.35,1,1,600,FP32-token-IDs
RoBERTa,107a0dj,667,7,22560,Ġ###,#,False,suicide intent,-0.0005687578695043075,0.0005687578695043075,0.06211342662572861,0.20536360144615173,0.35,0,0,600,FP32-token-IDs
RoBERTa,107a0dj,667,7,22560,Ġ###,#,False,worthlessness,-0.0061443671002052724,0.0061443671002052724,0.20004579424858093,0.900713324546814,0.35,1,1,600,FP32-token-IDs
RoBERTa,107a0dj,667,8,2011,ĠLike,like,False,anger,-0.0019706189341377467,0.0019706189341377467,0.17253035306930542,0.034825000911951065,0.35,0,0,600,FP32-token-IDs
RoBERTa,107a0dj,667,8,2011,ĠLike,like,False,brain dysfunction (forget),-0.001197451095901091,0.001197451095901091,0.17044810950756073,0.3622249364852905,0.35,1,1,600,FP32-token-IDs
RoBERTa,107a0dj,667,8,2011,ĠLike,like,False,emptiness,-0.0009417148963124914,0.0009417148963124914,0.1288936883211136,0.1701594591140747,0.35,0,0,600,FP32-token-IDs
RoBERTa,107a0dj,667,8,2011,ĠLike,like,False,hopelessness,-0.0019528643143447962,0.0019528643143447962,0.23900723457336426,0.965188205242157,0.35,1,1,600,FP32-token-IDs
RoBERTa,107a0dj,667,8,2011,ĠLike,like,False,loneliness,-0.0021752645235127684,0.0021752645235127684,0.46824121475219727,0.01818273216485977,0.35,0,0,600,FP32-token-IDs
RoBERTa,107a0dj,667,8,2011,ĠLike,like,False,sadness,-0.004253930867310952,0.004253930867310952,0.2721138298511505,0.909073531627655,0.35,1,1,600,FP32-token-IDs
RoBERTa,107a0dj,667,8,2011,ĠLike,like,False,suicide intent,-0.0005687578695043075,0.0005687578695043075,0.06211342662572861,0.20536360144615173,0.35,0,0,600,FP32-token-IDs
RoBERTa,107a0dj,667,8,2011,ĠLike,like,False,worthlessness,-0.0061443671002052724,0.0061443671002052724,0.20004579424858093,0.900713324546814,0.35,1,1,600,FP32-token-IDs
RoBERTa,107a0dj,667,9,42,Ġthis,this,False,anger,-0.0019706189341377467,0.0019706189341377467,0.17253035306930542,0.034825000911951065,0.35,0,0,600,FP32-token-IDs
RoBERTa,107a0dj,667,9,42,Ġthis,this,False,brain dysfunction (forget),-0.001197451095901091,0.001197451095901091,0.17044810950756073,0.3622249364852905,0.35,1,1,600,FP32-token-IDs
RoBERTa,107a0dj,667,9,42,Ġthis,this,False,emptiness,-0.0009417148963124914,0.0009417148963124914,0.1288936883211136,0.1701594591140747,0.35,0,0,600,FP32-token-IDs
RoBERTa,107a0dj,667,9,42,Ġthis,this,False,hopelessness,-0.0019528643143447962,0.0019528643143447962,0.23900723457336426,0.965188205242157,0.35,1,1,600,FP32-token-IDs
RoBERTa,107a0dj,667,9,42,Ġthis,this,False,loneliness,-0.0021752645235127684,0.0021752645235127684,0.46824121475219727,0.01818273216485977,0.35,0,0,600,FP32-token-IDs
RoBERTa,107a0dj,667,9,42,Ġthis,this,False,sadness,-0.004253930867310952,0.004253930867310952,0.2721138298511505,0.909073531627655,0.35,1,1,600,FP32-token-IDs
RoBERTa,107a0dj,667,9,42,Ġthis,this,False,suicide intent,-0.0005687578695043075,0.0005687578695043075,0.06211342662572861,0.20536360144615173,0.35,0,0,600,FP32-token-IDs
RoBERTa,107a0dj,667,9,42,Ġthis,this,False,worthlessness,-0.0061443671002052724,0.0061443671002052724,0.20004579424858093,0.900713324546814,0.35,1,1,600,FP32-token-IDs
RoBERTa,107a0dj,667,10,2157,Ġfeeling,feeling,False,anger,-0.011822094424652667,0.011822094424652667,0.17253035306930542,0.034825000911951065,0.35,0,0,600,FP32-token-IDs
RoBERTa,107a0dj,667,10,2157,Ġfeeling,feeling,False,brain dysfunction (forget),-0.008960888723316662,0.008960888723316662,0.17044810950756073,0.3622249364852905,0.35,1,1,600,FP32-token-IDs
RoBERTa,107a0dj,667,10,2157,Ġfeeling,feeling,False,emptiness,-0.000367064994318387,0.000367064994318387,0.1288936883211136,0.1701594591140747,0.35,0,0,600,FP32-token-IDs
RoBERTa,107a0dj,667,10,2157,Ġfeeling,feeling,False,hopelessness,-0.0069446946160154205,0.0069446946160154205,0.23900723457336426,0.965188205242157,0.35,1,1,600,FP32-token-IDs
RoBERTa,107a0dj,667,10,2157,Ġfeeling,feeling,False,loneliness,0.0024833040583694304,0.0024833040583694304,0.46824121475219727,0.01818273216485977,0.35,0,0,600,FP32-token-IDs
RoBERTa,107a0dj,667,10,2157,Ġfeeling,feeling,False,sadness,-0.009074001737065952,0.009074001737065952,0.2721138298511505,0.909073531627655,0.35,1,1,600,FP32-token-IDs
RoBERTa,107a0dj,667,10,2157,Ġfeeling,feeling,False,suicide intent,-0.002422108234423394,0.002422108234423394,0.06211342662572861,0.20536360144615173,0.35,0,0,600,FP32-token-IDs
RoBERTa,107a0dj,667,10,2157,Ġfeeling,feeling,False,worthlessness,-0.012858452853314313,0.012858452853314313,0.20004579424858093,0.900713324546814,0.35,1,1,600,FP32-token-IDs
RoBERTa,107a0dj,667,11,2282,Ġhasn,hasn,False,anger,-0.011822094424652667,0.011822094424652667,0.17253035306930542,0.034825000911951065,0.35,0,0,600,FP32-token-IDs
RoBERTa,107a0dj,667,11,2282,Ġhasn,hasn,False,brain dysfunction (forget),-0.008960888723316662,0.008960888723316662,0.17044810950756073,0.3622249364852905,0.35,1,1,600,FP32-token-IDs
RoBERTa,107a0dj,667,11,2282,Ġhasn,hasn,False,emptiness,-0.000367064994318387,0.000367064994318387,0.1288936883211136,0.1701594591140747,0.35,0,0,600,FP32-token-IDs
RoBERTa,107a0dj,667,11,2282,Ġhasn,hasn,False,hopelessness,-0.0069446946160154205,0.0069446946160154205,0.23900723457336426,0.965188205242157,0.35,1,1,600,FP32-token-IDs
RoBERTa,107a0dj,667,11,2282,Ġhasn,hasn,False,loneliness,0.0024833040583694304,0.0024833040583694304,0.46824121475219727,0.01818273216485977,0.35,0,0,600,FP32-token-IDs
RoBERTa,107a0dj,667,11,2282,Ġhasn,hasn,False,sadness,-0.009074001737065952,0.009074001737065952,0.2721138298511505,0.909073531627655,0.35,1,1,600,FP32-token-IDs
RoBERTa,107a0dj,667,11,2282,Ġhasn,hasn,False,suicide intent,-0.002422108234423394,0.002422108234423394,0.06211342662572861,0.20536360144615173,0.35,0,0,600,FP32-token-IDs
RoBERTa,107a0dj,667,11,2282,Ġhasn,hasn,False,worthlessness,-0.012858452853314313,0.012858452853314313,0.20004579424858093,0.900713324546814,0.35,1,1,600,FP32-token-IDs
RoBERTa,107a0dj,667,12,75,'t,'t,False,anger,-0.011761558049849035,0.011761558049849035,0.17253035306930542,0.034825000911951065,0.35,0,0,600,FP32-token-IDs
RoBERTa,107a0dj,667,12,75,'t,'t,False,brain dysfunction (forget),-0.009159944953802101,0.009159944953802101,0.17044810950756073,0.3622249364852905,0.35,1,1,600,FP32-token-IDs
RoBERTa,107a0dj,667,12,75,'t,'t,False,emptiness,-0.0010143071753214807,0.0010143071753214807,0.1288936883211136,0.1701594591140747,0.35,0,0,600,FP32-token-IDs
RoBERTa,107a0dj,667,12,75,'t,'t,False,hopelessness,-0.007000111568834053,0.007000111568834053,0.23900723457336426,0.965188205242157,0.35,1,1,600,FP32-token-IDs
RoBERTa,107a0dj,667,12,75,'t,'t,False,loneliness,0.002423240562603059,0.002423240562603059,0.46824121475219727,0.01818273216485977,0.35,0,0,600,FP32-token-IDs
RoBERTa,107a0dj,667,12,75,'t,'t,False,sadness,-0.008794381680094044,0.008794381680094044,0.2721138298511505,0.909073531627655,0.35,1,1,600,FP32-token-IDs
RoBERTa,107a0dj,667,12,75,'t,'t,False,suicide intent,-0.0024229139012100125,0.0024229139012100125,0.06211342662572861,0.20536360144615173,0.35,0,0,600,FP32-token-IDs
RoBERTa,107a0dj,667,12,75,'t,'t,False,worthlessness,-0.013157882374278935,0.013157882374278935,0.20004579424858093,0.900713324546814,0.35,1,1,600,FP32-token-IDs
RoBERTa,107a0dj,667,13,57,Ġbeen,been,False,anger,-0.011761558049849035,0.011761558049849035,0.17253035306930542,0.034825000911951065,0.35,0,0,600,FP32-token-IDs
RoBERTa,107a0dj,667,13,57,Ġbeen,been,False,brain dysfunction (forget),-0.009159944953802101,0.009159944953802101,0.17044810950756073,0.3622249364852905,0.35,1,1,600,FP32-token-IDs
RoBERTa,107a0dj,667,13,57,Ġbeen,been,False,emptiness,-0.0010143071753214807,0.0010143071753214807,0.1288936883211136,0.1701594591140747,0.35,0,0,600,FP32-token-IDs
RoBERTa,107a0dj,667,13,57,Ġbeen,been,False,hopelessness,-0.007000111568834053,0.007000111568834053,0.23900723457336426,0.965188205242157,0.35,1,1,600,FP32-token-IDs
RoBERTa,107a0dj,667,13,57,Ġbeen,been,False,loneliness,0.002423240562603059,0.002423240562603059,0.46824121475219727,0.01818273216485977,0.35,0,0,600,FP32-token-IDs
RoBERTa,107a0dj,667,13,57,Ġbeen,been,False,sadness,-0.008794381680094044,0.008794381680094044,0.2721138298511505,0.909073531627655,0.35,1,1,600,FP32-token-IDs
RoBERTa,107a0dj,667,13,57,Ġbeen,been,False,suicide intent,-0.0024229139012100125,0.0024229139012100125,0.06211342662572861,0.20536360144615173,0.35,0,0,600,FP32-token-IDs
RoBERTa,107a0dj,667,13,57,Ġbeen,been,False,worthlessness,-0.013157882374278935,0.013157882374278935,0.20004579424858093,0.900713324546814,0.35,1,1,600,FP32-token-IDs
RoBERTa,107a0dj,667,14,6587,Ġterrible,terrible,False,anger,-0.006570360802080749,0.006570360802080749,0.17253035306930542,0.034825000911951065,0.35,0,0,600,FP32-token-IDs
RoBERTa,107a0dj,667,14,6587,Ġterrible,terrible,False,brain dysfunction (forget),-0.010739970236645762,0.010739970236645762,0.17044810950756073,0.3622249364852905,0.35,1,1,600,FP32-token-IDs
RoBERTa,107a0dj,667,14,6587,Ġterrible,terrible,False,emptiness,-0.005301921681835603,0.005301921681835603,0.1288936883211136,0.1701594591140747,0.35,0,0,600,FP32-token-IDs
RoBERTa,107a0dj,667,14,6587,Ġterrible,terrible,False,hopelessness,-0.0028795390016927475,0.0028795390016927475,0.23900723457336426,0.965188205242157,0.35,1,1,600,FP32-token-IDs
RoBERTa,107a0dj,667,14,6587,Ġterrible,terrible,False,loneliness,-0.0039045686067033605,0.0039045686067033605,0.46824121475219727,0.01818273216485977,0.35,0,0,600,FP32-token-IDs
RoBERTa,107a0dj,667,14,6587,Ġterrible,terrible,False,sadness,-0.003941275750879537,0.003941275750879537,0.2721138298511505,0.909073531627655,0.35,1,1,600,FP32-token-IDs
RoBERTa,107a0dj,667,14,6587,Ġterrible,terrible,False,suicide intent,-0.0023201290915923767,0.0023201290915923767,0.06211342662572861,0.20536360144615173,0.35,0,0,600,FP32-token-IDs
RoBERTa,107a0dj,667,14,6587,Ġterrible,terrible,False,worthlessness,-0.008040447802548962,0.008040447802548962,0.20004579424858093,0.900713324546814,0.35,1,1,600,FP32-token-IDs
RoBERTa,107a0dj,667,15,416,Ġalready,already,False,anger,-0.006570360802080749,0.006570360802080749,0.17253035306930542,0.034825000911951065,0.35,0,0,600,FP32-token-IDs
RoBERTa,107a0dj,667,15,416,Ġalready,already,False,brain dysfunction (forget),-0.010739970236645762,0.010739970236645762,0.17044810950756073,0.3622249364852905,0.35,1,1,600,FP32-token-IDs
RoBERTa,107a0dj,667,15,416,Ġalready,already,False,emptiness,-0.005301921681835603,0.005301921681835603,0.1288936883211136,0.1701594591140747,0.35,0,0,600,FP32-token-IDs
RoBERTa,107a0dj,667,15,416,Ġalready,already,False,hopelessness,-0.0028795390016927475,0.0028795390016927475,0.23900723457336426,0.965188205242157,0.35,1,1,600,FP32-token-IDs
RoBERTa,107a0dj,667,15,416,Ġalready,already,False,loneliness,-0.0039045686067033605,0.0039045686067033605,0.46824121475219727,0.01818273216485977,0.35,0,0,600,FP32-token-IDs
RoBERTa,107a0dj,667,15,416,Ġalready,already,False,sadness,-0.003941275750879537,0.003941275750879537,0.2721138298511505,0.909073531627655,0.35,1,1,600,FP32-token-IDs
RoBERTa,107a0dj,667,15,416,Ġalready,already,False,suicide intent,-0.0023201290915923767,0.0023201290915923767,0.06211342662572861,0.20536360144615173,0.35,0,0,600,FP32-token-IDs
RoBERTa,107a0dj,667,15,416,Ġalready,already,False,worthlessness,-0.008040447802548962,0.008040447802548962,0.20004579424858093,0.900713324546814,0.35,1,1,600,FP32-token-IDs
RoBERTa,107a0dj,667,16,6,",",",",False,anger,-0.006570360802080749,0.006570360802080749,0.17253035306930542,0.034825000911951065,0.35,0,0,600,FP32-token-IDs
RoBERTa,107a0dj,667,16,6,",",",",False,brain dysfunction (forget),-0.010739970236645762,0.010739970236645762,0.17044810950756073,0.3622249364852905,0.35,1,1,600,FP32-token-IDs
RoBERTa,107a0dj,667,16,6,",",",",False,emptiness,-0.005301921681835603,0.005301921681835603,0.1288936883211136,0.1701594591140747,0.35,0,0,600,FP32-token-IDs
RoBERTa,107a0dj,667,16,6,",",",",False,hopelessness,-0.0028795390016927475,0.0028795390016927475,0.23900723457336426,0.965188205242157,0.35,1,1,600,FP32-token-IDs
RoBERTa,107a0dj,667,16,6,",",",",False,loneliness,-0.0039045686067033605,0.0039045686067033605,0.46824121475219727,0.01818273216485977,0.35,0,0,600,FP32-token-IDs
RoBERTa,107a0dj,667,16,6,",",",",False,sadness,-0.003941275750879537,0.003941275750879537,0.2721138298511505,0.909073531627655,0.35,1,1,600,FP32-token-IDs
RoBERTa,107a0dj,667,16,6,",",",",False,suicide intent,-0.0023201290915923767,0.0023201290915923767,0.06211342662572861,0.20536360144615173,0.35,0,0,600,FP32-token-IDs
RoBERTa,107a0dj,667,16,6,",",",",False,worthlessness,-0.008040447802548962,0.008040447802548962,0.20004579424858093,0.900713324546814,0.35,1,1,600,FP32-token-IDs
RoBERTa,107a0dj,667,17,38,ĠI,i,False,anger,-0.0037443326470868966,0.0037443326470868966,0.17253035306930542,0.034825000911951065,0.35,0,0,600,FP32-token-IDs
RoBERTa,107a0dj,667,17,38,ĠI,i,False,brain dysfunction (forget),0.009033255380927585,0.009033255380927585,0.17044810950756073,0.3622249364852905,0.35,1,1,600,FP32-token-IDs
RoBERTa,107a0dj,667,17,38,ĠI,i,False,emptiness,0.010759346350096167,0.010759346350096167,0.1288936883211136,0.1701594591140747,0.35,0,0,600,FP32-token-IDs
RoBERTa,107a0dj,667,17,38,ĠI,i,False,hopelessness,0.008579432601497199,0.008579432601497199,0.23900723457336426,0.965188205242157,0.35,1,1,600,FP32-token-IDs
RoBERTa,107a0dj,667,17,38,ĠI,i,False,loneliness,0.004330026407599993,0.004330026407599993,0.46824121475219727,0.01818273216485977,0.35,0,0,600,FP32-token-IDs
RoBERTa,107a0dj,667,17,38,ĠI,i,False,sadness,0.0002848730228530872,0.0002848730228530872,0.2721138298511505,0.909073531627655,0.35,1,1,600,FP32-token-IDs
RoBERTa,107a0dj,667,17,38,ĠI,i,False,suicide intent,0.0018330109497280015,0.0018330109497280015,0.06211342662572861,0.20536360144615173,0.35,0,0,600,FP32-token-IDs
RoBERTa,107a0dj,667,17,38,ĠI,i,False,worthlessness,0.01223699719606278,0.01223699719606278,0.20004579424858093,0.900713324546814,0.35,1,1,600,FP32-token-IDs
RoBERTa,107a0dj,667,18,619,Ġfeel,feel,False,anger,-0.0037443326470868966,0.0037443326470868966,0.17253035306930542,0.034825000911951065,0.35,0,0,600,FP32-token-IDs
RoBERTa,107a0dj,667,18,619,Ġfeel,feel,False,brain dysfunction (forget),0.009033255380927585,0.009033255380927585,0.17044810950756073,0.3622249364852905,0.35,1,1,600,FP32-token-IDs
RoBERTa,107a0dj,667,18,619,Ġfeel,feel,False,emptiness,0.010759346350096167,0.010759346350096167,0.1288936883211136,0.1701594591140747,0.35,0,0,600,FP32-token-IDs
RoBERTa,107a0dj,667,18,619,Ġfeel,feel,False,hopelessness,0.008579432601497199,0.008579432601497199,0.23900723457336426,0.965188205242157,0.35,1,1,600,FP32-token-IDs
RoBERTa,107a0dj,667,18,619,Ġfeel,feel,False,loneliness,0.004330026407599993,0.004330026407599993,0.46824121475219727,0.01818273216485977,0.35,0,0,600,FP32-token-IDs
RoBERTa,107a0dj,667,18,619,Ġfeel,feel,False,sadness,0.0002848730228530872,0.0002848730228530872,0.2721138298511505,0.909073531627655,0.35,1,1,600,FP32-token-IDs
RoBERTa,107a0dj,667,18,619,Ġfeel,feel,False,suicide intent,0.0018330109497280015,0.0018330109497280015,0.06211342662572861,0.20536360144615173,0.35,0,0,600,FP32-token-IDs
RoBERTa,107a0dj,667,18,619,Ġfeel,feel,False,worthlessness,0.01223699719606278,0.01223699719606278,0.20004579424858093,0.900713324546814,0.35,1,1,600,FP32-token-IDs
RoBERTa,107a0dj,667,19,2198,Ġcompletely,completely,False,anger,0.014299681707537579,0.014299681707537579,0.17253035306930542,0.034825000911951065,0.35,0,0,600,FP32-token-IDs
RoBERTa,107a0dj,667,19,2198,Ġcompletely,completely,False,brain dysfunction (forget),0.028934432591389243,0.028934432591389243,0.17044810950756073,0.3622249364852905,0.35,1,1,600,FP32-token-IDs
RoBERTa,107a0dj,667,19,2198,Ġcompletely,completely,False,emptiness,0.012402783951256423,0.012402783951256423,0.1288936883211136,0.1701594591140747,0.35,0,0,600,FP32-token-IDs
RoBERTa,107a0dj,667,19,2198,Ġcompletely,completely,False,hopelessness,0.03361149807072555,0.03361149807072555,0.23900723457336426,0.965188205242157,0.35,1,1,600,FP32-token-IDs
RoBERTa,107a0dj,667,19,2198,Ġcompletely,completely,False,loneliness,-0.017462519070492514,0.017462519070492514,0.46824121475219727,0.01818273216485977,0.35,0,0,600,FP32-token-IDs
RoBERTa,107a0dj,667,19,2198,Ġcompletely,completely,False,sadness,0.0031837451349322997,0.0031837451349322997,0.2721138298511505,0.909073531627655,0.35,1,1,600,FP32-token-IDs
RoBERTa,107a0dj,667,19,2198,Ġcompletely,completely,False,suicide intent,0.001432695131128033,0.001432695131128033,0.06211342662572861,0.20536360144615173,0.35,0,0,600,FP32-token-IDs
RoBERTa,107a0dj,667,19,2198,Ġcompletely,completely,False,worthlessness,0.04212562523704643,0.04212562523704643,0.20004579424858093,0.900713324546814,0.35,1,1,600,FP32-token-IDs
RoBERTa,107a0dj,667,20,12103,Ġstupid,stupid,False,anger,0.014299681707537579,0.014299681707537579,0.17253035306930542,0.034825000911951065,0.35,0,0,600,FP32-token-IDs
RoBERTa,107a0dj,667,20,12103,Ġstupid,stupid,False,brain dysfunction (forget),0.028934432591389243,0.028934432591389243,0.17044810950756073,0.3622249364852905,0.35,1,1,600,FP32-token-IDs
RoBERTa,107a0dj,667,20,12103,Ġstupid,stupid,False,emptiness,0.012402783951256423,0.012402783951256423,0.1288936883211136,0.1701594591140747,0.35,0,0,600,FP32-token-IDs
RoBERTa,107a0dj,667,20,12103,Ġstupid,stupid,False,hopelessness,0.03361149807072555,0.03361149807072555,0.23900723457336426,0.965188205242157,0.35,1,1,600,FP32-token-IDs
RoBERTa,107a0dj,667,20,12103,Ġstupid,stupid,False,loneliness,-0.017462519070492514,0.017462519070492514,0.46824121475219727,0.01818273216485977,0.35,0,0,600,FP32-token-IDs
RoBERTa,107a0dj,667,20,12103,Ġstupid,stupid,False,sadness,0.0031837451349322997,0.0031837451349322997,0.2721138298511505,0.909073531627655,0.35,1,1,600,FP32-token-IDs
RoBERTa,107a0dj,667,20,12103,Ġstupid,stupid,False,suicide intent,0.001432695131128033,0.001432695131128033,0.06211342662572861,0.20536360144615173,0.35,0,0,600,FP32-token-IDs
RoBERTa,107a0dj,667,20,12103,Ġstupid,stupid,False,worthlessness,0.04212562523704643,0.04212562523704643,0.20004579424858093,0.900713324546814,0.35,1,1,600,FP32-token-IDs
RoBERTa,107a0dj,667,21,122,Ġnow,now,False,anger,0.014299681707537579,0.014299681707537579,0.17253035306930542,0.034825000911951065,0.35,0,0,600,FP32-token-IDs
RoBERTa,107a0dj,667,21,122,Ġnow,now,False,brain dysfunction (forget),0.028934432591389243,0.028934432591389243,0.17044810950756073,0.3622249364852905,0.35,1,1,600,FP32-token-IDs
RoBERTa,107a0dj,667,21,122,Ġnow,now,False,emptiness,0.012402783951256423,0.012402783951256423,0.1288936883211136,0.1701594591140747,0.35,0,0,600,FP32-token-IDs
RoBERTa,107a0dj,667,21,122,Ġnow,now,False,hopelessness,0.03361149807072555,0.03361149807072555,0.23900723457336426,0.965188205242157,0.35,1,1,600,FP32-token-IDs
RoBERTa,107a0dj,667,21,122,Ġnow,now,False,loneliness,-0.017462519070492514,0.017462519070492514,0.46824121475219727,0.01818273216485977,0.35,0,0,600,FP32-token-IDs
RoBERTa,107a0dj,667,21,122,Ġnow,now,False,sadness,0.0031837451349322997,0.0031837451349322997,0.2721138298511505,0.909073531627655,0.35,1,1,600,FP32-token-IDs
RoBERTa,107a0dj,667,21,122,Ġnow,now,False,suicide intent,0.001432695131128033,0.001432695131128033,0.06211342662572861,0.20536360144615173,0.35,0,0,600,FP32-token-IDs
RoBERTa,107a0dj,667,21,122,Ġnow,now,False,worthlessness,0.04212562523704643,0.04212562523704643,0.20004579424858093,0.900713324546814,0.35,1,1,600,FP32-token-IDs
RoBERTa,107a0dj,667,22,6,",",",",False,anger,0.0017151582020839364,0.0017151582020839364,0.17253035306930542,0.034825000911951065,0.35,0,0,600,FP32-token-IDs
RoBERTa,107a0dj,667,22,6,",",",",False,brain dysfunction (forget),0.005993290105834603,0.005993290105834603,0.17044810950756073,0.3622249364852905,0.35,1,1,600,FP32-token-IDs
RoBERTa,107a0dj,667,22,6,",",",",False,emptiness,0.008948041766416281,0.008948041766416281,0.1288936883211136,0.1701594591140747,0.35,0,0,600,FP32-token-IDs
RoBERTa,107a0dj,667,22,6,",",",",False,hopelessness,0.004741945342781643,0.004741945342781643,0.23900723457336426,0.965188205242157,0.35,1,1,600,FP32-token-IDs
RoBERTa,107a0dj,667,22,6,",",",",False,loneliness,0.0009124725559862175,0.0009124725559862175,0.46824121475219727,0.01818273216485977,0.35,0,0,600,FP32-token-IDs
RoBERTa,107a0dj,667,22,6,",",",",False,sadness,-0.005138433615987499,0.005138433615987499,0.2721138298511505,0.909073531627655,0.35,1,1,600,FP32-token-IDs
RoBERTa,107a0dj,667,22,6,",",",",False,suicide intent,0.0021477749275315245,0.0021477749275315245,0.06211342662572861,0.20536360144615173,0.35,0,0,600,FP32-token-IDs
RoBERTa,107a0dj,667,22,6,",",",",False,worthlessness,0.00721886878212293,0.00721886878212293,0.20004579424858093,0.900713324546814,0.35,1,1,600,FP32-token-IDs
RoBERTa,107a0dj,667,23,38,ĠI,i,False,anger,-0.0006786663296225015,0.0006786663296225015,0.17253035306930542,0.034825000911951065,0.35,0,0,600,FP32-token-IDs
RoBERTa,107a0dj,667,23,38,ĠI,i,False,brain dysfunction (forget),0.002299247309565544,0.002299247309565544,0.17044810950756073,0.3622249364852905,0.35,1,1,600,FP32-token-IDs
RoBERTa,107a0dj,667,23,38,ĠI,i,False,emptiness,0.0006365240667946636,0.0006365240667946636,0.1288936883211136,0.1701594591140747,0.35,0,0,600,FP32-token-IDs
RoBERTa,107a0dj,667,23,38,ĠI,i,False,hopelessness,0.0001833356451243162,0.0001833356451243162,0.23900723457336426,0.965188205242157,0.35,1,1,600,FP32-token-IDs
RoBERTa,107a0dj,667,23,38,ĠI,i,False,loneliness,-0.0001686961251834873,0.0001686961251834873,0.46824121475219727,0.01818273216485977,0.35,0,0,600,FP32-token-IDs
RoBERTa,107a0dj,667,23,38,ĠI,i,False,sadness,-0.0004321980057284236,0.0004321980057284236,0.2721138298511505,0.909073531627655,0.35,1,1,600,FP32-token-IDs
RoBERTa,107a0dj,667,23,38,ĠI,i,False,suicide intent,0.0021859946617041716,0.0021859946617041716,0.06211342662572861,0.20536360144615173,0.35,0,0,600,FP32-token-IDs
RoBERTa,107a0dj,667,23,38,ĠI,i,False,worthlessness,0.0002516166307032108,0.0002516166307032108,0.20004579424858093,0.900713324546814,0.35,1,1,600,FP32-token-IDs
RoBERTa,107a0dj,667,24,341,Ġused,used,False,anger,-0.0006786663296225015,0.0006786663296225015,0.17253035306930542,0.034825000911951065,0.35,0,0,600,FP32-token-IDs
RoBERTa,107a0dj,667,24,341,Ġused,used,False,brain dysfunction (forget),0.002299247309565544,0.002299247309565544,0.17044810950756073,0.3622249364852905,0.35,1,1,600,FP32-token-IDs
RoBERTa,107a0dj,667,24,341,Ġused,used,False,emptiness,0.0006365240667946636,0.0006365240667946636,0.1288936883211136,0.1701594591140747,0.35,0,0,600,FP32-token-IDs
RoBERTa,107a0dj,667,24,341,Ġused,used,False,hopelessness,0.0001833356451243162,0.0001833356451243162,0.23900723457336426,0.965188205242157,0.35,1,1,600,FP32-token-IDs
RoBERTa,107a0dj,667,24,341,Ġused,used,False,loneliness,-0.0001686961251834873,0.0001686961251834873,0.46824121475219727,0.01818273216485977,0.35,0,0,600,FP32-token-IDs
RoBERTa,107a0dj,667,24,341,Ġused,used,False,sadness,-0.0004321980057284236,0.0004321980057284236,0.2721138298511505,0.909073531627655,0.35,1,1,600,FP32-token-IDs
RoBERTa,107a0dj,667,24,341,Ġused,used,False,suicide intent,0.0021859946617041716,0.0021859946617041716,0.06211342662572861,0.20536360144615173,0.35,0,0,600,FP32-token-IDs
RoBERTa,107a0dj,667,24,341,Ġused,used,False,worthlessness,0.0002516166307032108,0.0002516166307032108,0.20004579424858093,0.900713324546814,0.35,1,1,600,FP32-token-IDs
RoBERTa,107a0dj,667,25,7,Ġto,to,False,anger,-0.0006786663296225015,0.0006786663296225015,0.17253035306930542,0.034825000911951065,0.35,0,0,600,FP32-token-IDs
RoBERTa,107a0dj,667,25,7,Ġto,to,False,brain dysfunction (forget),0.002299247309565544,0.002299247309565544,0.17044810950756073,0.3622249364852905,0.35,1,1,600,FP32-token-IDs
RoBERTa,107a0dj,667,25,7,Ġto,to,False,emptiness,0.0006365240667946636,0.0006365240667946636,0.1288936883211136,0.1701594591140747,0.35,0,0,600,FP32-token-IDs
RoBERTa,107a0dj,667,25,7,Ġto,to,False,hopelessness,0.0001833356451243162,0.0001833356451243162,0.23900723457336426,0.965188205242157,0.35,1,1,600,FP32-token-IDs
RoBERTa,107a0dj,667,25,7,Ġto,to,False,loneliness,-0.0001686961251834873,0.0001686961251834873,0.46824121475219727,0.01818273216485977,0.35,0,0,600,FP32-token-IDs
RoBERTa,107a0dj,667,25,7,Ġto,to,False,sadness,-0.0004321980057284236,0.0004321980057284236,0.2721138298511505,0.909073531627655,0.35,1,1,600,FP32-token-IDs
RoBERTa,107a0dj,667,25,7,Ġto,to,False,suicide intent,0.0021859946617041716,0.0021859946617041716,0.06211342662572861,0.20536360144615173,0.35,0,0,600,FP32-token-IDs
RoBERTa,107a0dj,667,25,7,Ġto,to,False,worthlessness,0.0002516166307032108,0.0002516166307032108,0.20004579424858093,0.900713324546814,0.35,1,1,600,FP32-token-IDs
RoBERTa,107a0dj,667,26,28,Ġbe,be,False,anger,-0.0006786663296225015,0.0006786663296225015,0.17253035306930542,0.034825000911951065,0.35,0,0,600,FP32-token-IDs
RoBERTa,107a0dj,667,26,28,Ġbe,be,False,brain dysfunction (forget),0.002299247309565544,0.002299247309565544,0.17044810950756073,0.3622249364852905,0.35,1,1,600,FP32-token-IDs
RoBERTa,107a0dj,667,26,28,Ġbe,be,False,emptiness,0.0006365240667946636,0.0006365240667946636,0.1288936883211136,0.1701594591140747,0.35,0,0,600,FP32-token-IDs
RoBERTa,107a0dj,667,26,28,Ġbe,be,False,hopelessness,0.0001833356451243162,0.0001833356451243162,0.23900723457336426,0.965188205242157,0.35,1,1,600,FP32-token-IDs
RoBERTa,107a0dj,667,26,28,Ġbe,be,False,loneliness,-0.0001686961251834873,0.0001686961251834873,0.46824121475219727,0.01818273216485977,0.35,0,0,600,FP32-token-IDs
RoBERTa,107a0dj,667,26,28,Ġbe,be,False,sadness,-0.0004321980057284236,0.0004321980057284236,0.2721138298511505,0.909073531627655,0.35,1,1,600,FP32-token-IDs
RoBERTa,107a0dj,667,26,28,Ġbe,be,False,suicide intent,0.0021859946617041716,0.0021859946617041716,0.06211342662572861,0.20536360144615173,0.35,0,0,600,FP32-token-IDs
RoBERTa,107a0dj,667,26,28,Ġbe,be,False,worthlessness,0.0002516166307032108,0.0002516166307032108,0.20004579424858093,0.900713324546814,0.35,1,1,600,FP32-token-IDs
RoBERTa,107a0dj,667,27,5,Ġthe,the,False,anger,-0.000686569214061213,0.000686569214061213,0.17253035306930542,0.034825000911951065,0.35,0,0,600,FP32-token-IDs
RoBERTa,107a0dj,667,27,5,Ġthe,the,False,brain dysfunction (forget),0.0024487899693970876,0.0024487899693970876,0.17044810950756073,0.3622249364852905,0.35,1,1,600,FP32-token-IDs
RoBERTa,107a0dj,667,27,5,Ġthe,the,False,emptiness,0.0004266137761684756,0.0004266137761684756,0.1288936883211136,0.1701594591140747,0.35,0,0,600,FP32-token-IDs
RoBERTa,107a0dj,667,27,5,Ġthe,the,False,hopelessness,-0.0008894752400616804,0.0008894752400616804,0.23900723457336426,0.965188205242157,0.35,1,1,600,FP32-token-IDs
RoBERTa,107a0dj,667,27,5,Ġthe,the,False,loneliness,-0.00021102932732901535,0.00021102932732901535,0.46824121475219727,0.01818273216485977,0.35,0,0,600,FP32-token-IDs
RoBERTa,107a0dj,667,27,5,Ġthe,the,False,sadness,-0.001049994599695007,0.001049994599695007,0.2721138298511505,0.909073531627655,0.35,1,1,600,FP32-token-IDs
RoBERTa,107a0dj,667,27,5,Ġthe,the,False,suicide intent,0.0022012257148162464,0.0022012257148162464,0.06211342662572861,0.20536360144615173,0.35,0,0,600,FP32-token-IDs
RoBERTa,107a0dj,667,27,5,Ġthe,the,False,worthlessness,-0.0011234485156213245,0.0011234485156213245,0.20004579424858093,0.900713324546814,0.35,1,1,600,FP32-token-IDs
RoBERTa,107a0dj,667,28,275,Ġbest,best,False,anger,-0.000686569214061213,0.000686569214061213,0.17253035306930542,0.034825000911951065,0.35,0,0,600,FP32-token-IDs
RoBERTa,107a0dj,667,28,275,Ġbest,best,False,brain dysfunction (forget),0.0024487899693970876,0.0024487899693970876,0.17044810950756073,0.3622249364852905,0.35,1,1,600,FP32-token-IDs
RoBERTa,107a0dj,667,28,275,Ġbest,best,False,emptiness,0.0004266137761684756,0.0004266137761684756,0.1288936883211136,0.1701594591140747,0.35,0,0,600,FP32-token-IDs
RoBERTa,107a0dj,667,28,275,Ġbest,best,False,hopelessness,-0.0008894752400616804,0.0008894752400616804,0.23900723457336426,0.965188205242157,0.35,1,1,600,FP32-token-IDs
RoBERTa,107a0dj,667,28,275,Ġbest,best,False,loneliness,-0.00021102932732901535,0.00021102932732901535,0.46824121475219727,0.01818273216485977,0.35,0,0,600,FP32-token-IDs
RoBERTa,107a0dj,667,28,275,Ġbest,best,False,sadness,-0.001049994599695007,0.001049994599695007,0.2721138298511505,0.909073531627655,0.35,1,1,600,FP32-token-IDs
RoBERTa,107a0dj,667,28,275,Ġbest,best,False,suicide intent,0.0022012257148162464,0.0022012257148162464,0.06211342662572861,0.20536360144615173,0.35,0,0,600,FP32-token-IDs
RoBERTa,107a0dj,667,28,275,Ġbest,best,False,worthlessness,-0.0011234485156213245,0.0011234485156213245,0.20004579424858093,0.900713324546814,0.35,1,1,600,FP32-token-IDs
RoBERTa,107a0dj,667,29,11,Ġin,in,False,anger,-0.000686569214061213,0.000686569214061213,0.17253035306930542,0.034825000911951065,0.35,0,0,600,FP32-token-IDs
RoBERTa,107a0dj,667,29,11,Ġin,in,False,brain dysfunction (forget),0.002448789969397088,0.002448789969397088,0.17044810950756073,0.3622249364852905,0.35,1,1,600,FP32-token-IDs
RoBERTa,107a0dj,667,29,11,Ġin,in,False,emptiness,0.0004266137761684756,0.0004266137761684756,0.1288936883211136,0.1701594591140747,0.35,0,0,600,FP32-token-IDs
RoBERTa,107a0dj,667,29,11,Ġin,in,False,hopelessness,-0.0008894752400616804,0.0008894752400616804,0.23900723457336426,0.965188205242157,0.35,1,1,600,FP32-token-IDs
RoBERTa,107a0dj,667,29,11,Ġin,in,False,loneliness,-0.00021102932732901538,0.00021102932732901538,0.46824121475219727,0.01818273216485977,0.35,0,0,600,FP32-token-IDs
RoBERTa,107a0dj,667,29,11,Ġin,in,False,sadness,-0.001049994599695007,0.001049994599695007,0.2721138298511505,0.909073531627655,0.35,1,1,600,FP32-token-IDs
RoBERTa,107a0dj,667,29,11,Ġin,in,False,suicide intent,0.002201225714816246,0.002201225714816246,0.06211342662572861,0.20536360144615173,0.35,0,0,600,FP32-token-IDs
RoBERTa,107a0dj,667,29,11,Ġin,in,False,worthlessness,-0.0011234485156213245,0.0011234485156213245,0.20004579424858093,0.900713324546814,0.35,1,1,600,FP32-token-IDs
RoBERTa,107a0dj,667,30,127,Ġmy,my,False,anger,-0.000686569214061213,0.000686569214061213,0.17253035306930542,0.034825000911951065,0.35,0,0,600,FP32-token-IDs
RoBERTa,107a0dj,667,30,127,Ġmy,my,False,brain dysfunction (forget),0.002448789969397088,0.002448789969397088,0.17044810950756073,0.3622249364852905,0.35,1,1,600,FP32-token-IDs
RoBERTa,107a0dj,667,30,127,Ġmy,my,False,emptiness,0.0004266137761684756,0.0004266137761684756,0.1288936883211136,0.1701594591140747,0.35,0,0,600,FP32-token-IDs
RoBERTa,107a0dj,667,30,127,Ġmy,my,False,hopelessness,-0.0008894752400616804,0.0008894752400616804,0.23900723457336426,0.965188205242157,0.35,1,1,600,FP32-token-IDs
RoBERTa,107a0dj,667,30,127,Ġmy,my,False,loneliness,-0.00021102932732901538,0.00021102932732901538,0.46824121475219727,0.01818273216485977,0.35,0,0,600,FP32-token-IDs
RoBERTa,107a0dj,667,30,127,Ġmy,my,False,sadness,-0.001049994599695007,0.001049994599695007,0.2721138298511505,0.909073531627655,0.35,1,1,600,FP32-token-IDs
RoBERTa,107a0dj,667,30,127,Ġmy,my,False,suicide intent,0.002201225714816246,0.002201225714816246,0.06211342662572861,0.20536360144615173,0.35,0,0,600,FP32-token-IDs
RoBERTa,107a0dj,667,30,127,Ġmy,my,False,worthlessness,-0.0011234485156213245,0.0011234485156213245,0.20004579424858093,0.900713324546814,0.35,1,1,600,FP32-token-IDs
RoBERTa,107a0dj,667,31,1380,Ġclass,class,False,anger,-0.000686569214061213,0.000686569214061213,0.17253035306930542,0.034825000911951065,0.35,0,0,600,FP32-token-IDs
RoBERTa,107a0dj,667,31,1380,Ġclass,class,False,brain dysfunction (forget),0.002448789969397088,0.002448789969397088,0.17044810950756073,0.3622249364852905,0.35,1,1,600,FP32-token-IDs
RoBERTa,107a0dj,667,31,1380,Ġclass,class,False,emptiness,0.0004266137761684756,0.0004266137761684756,0.1288936883211136,0.1701594591140747,0.35,0,0,600,FP32-token-IDs
RoBERTa,107a0dj,667,31,1380,Ġclass,class,False,hopelessness,-0.0008894752400616804,0.0008894752400616804,0.23900723457336426,0.965188205242157,0.35,1,1,600,FP32-token-IDs
RoBERTa,107a0dj,667,31,1380,Ġclass,class,False,loneliness,-0.00021102932732901538,0.00021102932732901538,0.46824121475219727,0.01818273216485977,0.35,0,0,600,FP32-token-IDs
RoBERTa,107a0dj,667,31,1380,Ġclass,class,False,sadness,-0.001049994599695007,0.001049994599695007,0.2721138298511505,0.909073531627655,0.35,1,1,600,FP32-token-IDs
RoBERTa,107a0dj,667,31,1380,Ġclass,class,False,suicide intent,0.002201225714816246,0.002201225714816246,0.06211342662572861,0.20536360144615173,0.35,0,0,600,FP32-token-IDs
RoBERTa,107a0dj,667,31,1380,Ġclass,class,False,worthlessness,-0.0011234485156213245,0.0011234485156213245,0.20004579424858093,0.900713324546814,0.35,1,1,600,FP32-token-IDs
RoBERTa,107a0dj,667,32,6,",",",",False,anger,-0.000686569214061213,0.000686569214061213,0.17253035306930542,0.034825000911951065,0.35,0,0,600,FP32-token-IDs
RoBERTa,107a0dj,667,32,6,",",",",False,brain dysfunction (forget),0.002448789969397088,0.002448789969397088,0.17044810950756073,0.3622249364852905,0.35,1,1,600,FP32-token-IDs
RoBERTa,107a0dj,667,32,6,",",",",False,emptiness,0.0004266137761684756,0.0004266137761684756,0.1288936883211136,0.1701594591140747,0.35,0,0,600,FP32-token-IDs
RoBERTa,107a0dj,667,32,6,",",",",False,hopelessness,-0.0008894752400616804,0.0008894752400616804,0.23900723457336426,0.965188205242157,0.35,1,1,600,FP32-token-IDs
RoBERTa,107a0dj,667,32,6,",",",",False,loneliness,-0.00021102932732901538,0.00021102932732901538,0.46824121475219727,0.01818273216485977,0.35,0,0,600,FP32-token-IDs
RoBERTa,107a0dj,667,32,6,",",",",False,sadness,-0.001049994599695007,0.001049994599695007,0.2721138298511505,0.909073531627655,0.35,1,1,600,FP32-token-IDs
RoBERTa,107a0dj,667,32,6,",",",",False,suicide intent,0.002201225714816246,0.002201225714816246,0.06211342662572861,0.20536360144615173,0.35,0,0,600,FP32-token-IDs
RoBERTa,107a0dj,667,32,6,",",",",False,worthlessness,-0.0011234485156213245,0.0011234485156213245,0.20004579424858093,0.900713324546814,0.35,1,1,600,FP32-token-IDs
RoBERTa,107a0dj,667,33,38,ĠI,i,False,anger,-0.0019881719364837572,0.0019881719364837572,0.17253035306930542,0.034825000911951065,0.35,0,0,600,FP32-token-IDs
RoBERTa,107a0dj,667,33,38,ĠI,i,False,brain dysfunction (forget),0.00014123430644923985,0.00014123430644923985,0.17044810950756073,0.3622249364852905,0.35,1,1,600,FP32-token-IDs
RoBERTa,107a0dj,667,33,38,ĠI,i,False,emptiness,-0.0012515267960473218,0.0012515267960473218,0.1288936883211136,0.1701594591140747,0.35,0,0,600,FP32-token-IDs
RoBERTa,107a0dj,667,33,38,ĠI,i,False,hopelessness,0.001883070661940358,0.001883070661940358,0.23900723457336426,0.965188205242157,0.35,1,1,600,FP32-token-IDs
RoBERTa,107a0dj,667,33,38,ĠI,i,False,loneliness,-0.0010986742933958092,0.0010986742933958092,0.46824121475219727,0.01818273216485977,0.35,0,0,600,FP32-token-IDs
RoBERTa,107a0dj,667,33,38,ĠI,i,False,sadness,0.0018510243178091266,0.0018510243178091266,0.2721138298511505,0.909073531627655,0.35,1,1,600,FP32-token-IDs
RoBERTa,107a0dj,667,33,38,ĠI,i,False,suicide intent,-0.0011085472208585336,0.0011085472208585336,0.06211342662572861,0.20536360144615173,0.35,0,0,600,FP32-token-IDs
RoBERTa,107a0dj,667,33,38,ĠI,i,False,worthlessness,-0.0004241404292935674,0.0004241404292935674,0.20004579424858093,0.900713324546814,0.35,1,1,600,FP32-token-IDs
RoBERTa,107a0dj,667,34,341,Ġused,used,False,anger,-0.0019881719364837572,0.0019881719364837572,0.17253035306930542,0.034825000911951065,0.35,0,0,600,FP32-token-IDs
RoBERTa,107a0dj,667,34,341,Ġused,used,False,brain dysfunction (forget),0.00014123430644923985,0.00014123430644923985,0.17044810950756073,0.3622249364852905,0.35,1,1,600,FP32-token-IDs
RoBERTa,107a0dj,667,34,341,Ġused,used,False,emptiness,-0.0012515267960473218,0.0012515267960473218,0.1288936883211136,0.1701594591140747,0.35,0,0,600,FP32-token-IDs
RoBERTa,107a0dj,667,34,341,Ġused,used,False,hopelessness,0.001883070661940358,0.001883070661940358,0.23900723457336426,0.965188205242157,0.35,1,1,600,FP32-token-IDs
RoBERTa,107a0dj,667,34,341,Ġused,used,False,loneliness,-0.0010986742933958092,0.0010986742933958092,0.46824121475219727,0.01818273216485977,0.35,0,0,600,FP32-token-IDs
RoBERTa,107a0dj,667,34,341,Ġused,used,False,sadness,0.0018510243178091266,0.0018510243178091266,0.2721138298511505,0.909073531627655,0.35,1,1,600,FP32-token-IDs
RoBERTa,107a0dj,667,34,341,Ġused,used,False,suicide intent,-0.0011085472208585336,0.0011085472208585336,0.06211342662572861,0.20536360144615173,0.35,0,0,600,FP32-token-IDs
RoBERTa,107a0dj,667,34,341,Ġused,used,False,worthlessness,-0.0004241404292935674,0.0004241404292935674,0.20004579424858093,0.900713324546814,0.35,1,1,600,FP32-token-IDs
RoBERTa,107a0dj,667,35,7,Ġto,to,False,anger,-0.0019881719364837572,0.0019881719364837572,0.17253035306930542,0.034825000911951065,0.35,0,0,600,FP32-token-IDs
RoBERTa,107a0dj,667,35,7,Ġto,to,False,brain dysfunction (forget),0.00014123430644923985,0.00014123430644923985,0.17044810950756073,0.3622249364852905,0.35,1,1,600,FP32-token-IDs
RoBERTa,107a0dj,667,35,7,Ġto,to,False,emptiness,-0.0012515267960473218,0.0012515267960473218,0.1288936883211136,0.1701594591140747,0.35,0,0,600,FP32-token-IDs
RoBERTa,107a0dj,667,35,7,Ġto,to,False,hopelessness,0.001883070661940358,0.001883070661940358,0.23900723457336426,0.965188205242157,0.35,1,1,600,FP32-token-IDs
RoBERTa,107a0dj,667,35,7,Ġto,to,False,loneliness,-0.0010986742933958092,0.0010986742933958092,0.46824121475219727,0.01818273216485977,0.35,0,0,600,FP32-token-IDs
RoBERTa,107a0dj,667,35,7,Ġto,to,False,sadness,0.0018510243178091266,0.0018510243178091266,0.2721138298511505,0.909073531627655,0.35,1,1,600,FP32-token-IDs
RoBERTa,107a0dj,667,35,7,Ġto,to,False,suicide intent,-0.0011085472208585336,0.0011085472208585336,0.06211342662572861,0.20536360144615173,0.35,0,0,600,FP32-token-IDs
RoBERTa,107a0dj,667,35,7,Ġto,to,False,worthlessness,-0.0004241404292935674,0.0004241404292935674,0.20004579424858093,0.900713324546814,0.35,1,1,600,FP32-token-IDs
RoBERTa,107a0dj,667,36,6136,Ġsolve,solve,False,anger,-0.0019881719364837572,0.0019881719364837572,0.17253035306930542,0.034825000911951065,0.35,0,0,600,FP32-token-IDs
RoBERTa,107a0dj,667,36,6136,Ġsolve,solve,False,brain dysfunction (forget),0.00014123430644923985,0.00014123430644923985,0.17044810950756073,0.3622249364852905,0.35,1,1,600,FP32-token-IDs
RoBERTa,107a0dj,667,36,6136,Ġsolve,solve,False,emptiness,-0.0012515267960473218,0.0012515267960473218,0.1288936883211136,0.1701594591140747,0.35,0,0,600,FP32-token-IDs
RoBERTa,107a0dj,667,36,6136,Ġsolve,solve,False,hopelessness,0.001883070661940358,0.001883070661940358,0.23900723457336426,0.965188205242157,0.35,1,1,600,FP32-token-IDs
RoBERTa,107a0dj,667,36,6136,Ġsolve,solve,False,loneliness,-0.0010986742933958092,0.0010986742933958092,0.46824121475219727,0.01818273216485977,0.35,0,0,600,FP32-token-IDs
RoBERTa,107a0dj,667,36,6136,Ġsolve,solve,False,sadness,0.0018510243178091266,0.0018510243178091266,0.2721138298511505,0.909073531627655,0.35,1,1,600,FP32-token-IDs
RoBERTa,107a0dj,667,36,6136,Ġsolve,solve,False,suicide intent,-0.0011085472208585336,0.0011085472208585336,0.06211342662572861,0.20536360144615173,0.35,0,0,600,FP32-token-IDs
RoBERTa,107a0dj,667,36,6136,Ġsolve,solve,False,worthlessness,-0.0004241404292935674,0.0004241404292935674,0.20004579424858093,0.900713324546814,0.35,1,1,600,FP32-token-IDs
RoBERTa,107a0dj,667,37,10638,Ġmath,math,False,anger,-0.0034768014353270607,0.0034768014353270607,0.17253035306930542,0.034825000911951065,0.35,0,0,600,FP32-token-IDs
RoBERTa,107a0dj,667,37,10638,Ġmath,math,False,brain dysfunction (forget),0.0005419267970439675,0.0005419267970439675,0.17044810950756073,0.3622249364852905,0.35,1,1,600,FP32-token-IDs
RoBERTa,107a0dj,667,37,10638,Ġmath,math,False,emptiness,-0.0032060383607379417,0.0032060383607379417,0.1288936883211136,0.1701594591140747,0.35,0,0,600,FP32-token-IDs
RoBERTa,107a0dj,667,37,10638,Ġmath,math,False,hopelessness,-8.25099792186316e-05,8.25099792186316e-05,0.23900723457336426,0.965188205242157,0.35,1,1,600,FP32-token-IDs
RoBERTa,107a0dj,667,37,10638,Ġmath,math,False,loneliness,-0.0009866132372204068,0.0009866132372204068,0.46824121475219727,0.01818273216485977,0.35,0,0,600,FP32-token-IDs
RoBERTa,107a0dj,667,37,10638,Ġmath,math,False,sadness,-0.0012940375811674378,0.0012940375811674378,0.2721138298511505,0.909073531627655,0.35,1,1,600,FP32-token-IDs
RoBERTa,107a0dj,667,37,10638,Ġmath,math,False,suicide intent,-0.0013243715432260863,0.0013243715432260863,0.06211342662572861,0.20536360144615173,0.35,0,0,600,FP32-token-IDs
RoBERTa,107a0dj,667,37,10638,Ġmath,math,False,worthlessness,-0.004943739054361721,0.004943739054361721,0.20004579424858093,0.900713324546814,0.35,1,1,600,FP32-token-IDs
RoBERTa,107a0dj,667,38,1272,Ġproblems,problems,False,anger,-0.0034768014353270607,0.0034768014353270607,0.17253035306930542,0.034825000911951065,0.35,0,0,600,FP32-token-IDs
RoBERTa,107a0dj,667,38,1272,Ġproblems,problems,False,brain dysfunction (forget),0.0005419267970439675,0.0005419267970439675,0.17044810950756073,0.3622249364852905,0.35,1,1,600,FP32-token-IDs
RoBERTa,107a0dj,667,38,1272,Ġproblems,problems,False,emptiness,-0.0032060383607379417,0.0032060383607379417,0.1288936883211136,0.1701594591140747,0.35,0,0,600,FP32-token-IDs
RoBERTa,107a0dj,667,38,1272,Ġproblems,problems,False,hopelessness,-8.25099792186316e-05,8.25099792186316e-05,0.23900723457336426,0.965188205242157,0.35,1,1,600,FP32-token-IDs
RoBERTa,107a0dj,667,38,1272,Ġproblems,problems,False,loneliness,-0.0009866132372204068,0.0009866132372204068,0.46824121475219727,0.01818273216485977,0.35,0,0,600,FP32-token-IDs
RoBERTa,107a0dj,667,38,1272,Ġproblems,problems,False,sadness,-0.0012940375811674378,0.0012940375811674378,0.2721138298511505,0.909073531627655,0.35,1,1,600,FP32-token-IDs
RoBERTa,107a0dj,667,38,1272,Ġproblems,problems,False,suicide intent,-0.0013243715432260863,0.0013243715432260863,0.06211342662572861,0.20536360144615173,0.35,0,0,600,FP32-token-IDs
RoBERTa,107a0dj,667,38,1272,Ġproblems,problems,False,worthlessness,-0.004943739054361721,0.004943739054361721,0.20004579424858093,0.900713324546814,0.35,1,1,600,FP32-token-IDs
RoBERTa,107a0dj,667,39,11,Ġin,in,False,anger,-0.0034768014353270607,0.0034768014353270607,0.17253035306930542,0.034825000911951065,0.35,0,0,600,FP32-token-IDs
RoBERTa,107a0dj,667,39,11,Ġin,in,False,brain dysfunction (forget),0.0005419267970439675,0.0005419267970439675,0.17044810950756073,0.3622249364852905,0.35,1,1,600,FP32-token-IDs
RoBERTa,107a0dj,667,39,11,Ġin,in,False,emptiness,-0.0032060383607379417,0.0032060383607379417,0.1288936883211136,0.1701594591140747,0.35,0,0,600,FP32-token-IDs
RoBERTa,107a0dj,667,39,11,Ġin,in,False,hopelessness,-8.25099792186316e-05,8.25099792186316e-05,0.23900723457336426,0.965188205242157,0.35,1,1,600,FP32-token-IDs
RoBERTa,107a0dj,667,39,11,Ġin,in,False,loneliness,-0.0009866132372204068,0.0009866132372204068,0.46824121475219727,0.01818273216485977,0.35,0,0,600,FP32-token-IDs
RoBERTa,107a0dj,667,39,11,Ġin,in,False,sadness,-0.0012940375811674378,0.0012940375811674378,0.2721138298511505,0.909073531627655,0.35,1,1,600,FP32-token-IDs
RoBERTa,107a0dj,667,39,11,Ġin,in,False,suicide intent,-0.0013243715432260863,0.0013243715432260863,0.06211342662572861,0.20536360144615173,0.35,0,0,600,FP32-token-IDs
RoBERTa,107a0dj,667,39,11,Ġin,in,False,worthlessness,-0.004943739054361721,0.004943739054361721,0.20004579424858093,0.900713324546814,0.35,1,1,600,FP32-token-IDs
RoBERTa,107a0dj,667,40,127,Ġmy,my,False,anger,-0.0034768014353270607,0.0034768014353270607,0.17253035306930542,0.034825000911951065,0.35,0,0,600,FP32-token-IDs
RoBERTa,107a0dj,667,40,127,Ġmy,my,False,brain dysfunction (forget),0.0005419267970439675,0.0005419267970439675,0.17044810950756073,0.3622249364852905,0.35,1,1,600,FP32-token-IDs
RoBERTa,107a0dj,667,40,127,Ġmy,my,False,emptiness,-0.0032060383607379417,0.0032060383607379417,0.1288936883211136,0.1701594591140747,0.35,0,0,600,FP32-token-IDs
RoBERTa,107a0dj,667,40,127,Ġmy,my,False,hopelessness,-8.25099792186316e-05,8.25099792186316e-05,0.23900723457336426,0.965188205242157,0.35,1,1,600,FP32-token-IDs
RoBERTa,107a0dj,667,40,127,Ġmy,my,False,loneliness,-0.0009866132372204068,0.0009866132372204068,0.46824121475219727,0.01818273216485977,0.35,0,0,600,FP32-token-IDs
RoBERTa,107a0dj,667,40,127,Ġmy,my,False,sadness,-0.0012940375811674378,0.0012940375811674378,0.2721138298511505,0.909073531627655,0.35,1,1,600,FP32-token-IDs
RoBERTa,107a0dj,667,40,127,Ġmy,my,False,suicide intent,-0.0013243715432260863,0.0013243715432260863,0.06211342662572861,0.20536360144615173,0.35,0,0,600,FP32-token-IDs
RoBERTa,107a0dj,667,40,127,Ġmy,my,False,worthlessness,-0.004943739054361721,0.004943739054361721,0.20004579424858093,0.900713324546814,0.35,1,1,600,FP32-token-IDs
RoBERTa,107a0dj,667,41,481,Ġfree,free,False,anger,-0.0034768014353270603,0.0034768014353270603,0.17253035306930542,0.034825000911951065,0.35,0,0,600,FP32-token-IDs
RoBERTa,107a0dj,667,41,481,Ġfree,free,False,brain dysfunction (forget),0.0005419267970439675,0.0005419267970439675,0.17044810950756073,0.3622249364852905,0.35,1,1,600,FP32-token-IDs
RoBERTa,107a0dj,667,41,481,Ġfree,free,False,emptiness,-0.003206038360737942,0.003206038360737942,0.1288936883211136,0.1701594591140747,0.35,0,0,600,FP32-token-IDs
RoBERTa,107a0dj,667,41,481,Ġfree,free,False,hopelessness,-8.250997921863161e-05,8.250997921863161e-05,0.23900723457336426,0.965188205242157,0.35,1,1,600,FP32-token-IDs
RoBERTa,107a0dj,667,41,481,Ġfree,free,False,loneliness,-0.000986613237220407,0.000986613237220407,0.46824121475219727,0.01818273216485977,0.35,0,0,600,FP32-token-IDs
RoBERTa,107a0dj,667,41,481,Ġfree,free,False,sadness,-0.0012940375811674378,0.0012940375811674378,0.2721138298511505,0.909073531627655,0.35,1,1,600,FP32-token-IDs
RoBERTa,107a0dj,667,41,481,Ġfree,free,False,suicide intent,-0.0013243715432260863,0.0013243715432260863,0.06211342662572861,0.20536360144615173,0.35,0,0,600,FP32-token-IDs
RoBERTa,107a0dj,667,41,481,Ġfree,free,False,worthlessness,-0.004943739054361722,0.004943739054361722,0.20004579424858093,0.900713324546814,0.35,1,1,600,FP32-token-IDs
RoBERTa,107a0dj,667,42,86,Ġtime,time,False,anger,-0.0034768014353270603,0.0034768014353270603,0.17253035306930542,0.034825000911951065,0.35,0,0,600,FP32-token-IDs
RoBERTa,107a0dj,667,42,86,Ġtime,time,False,brain dysfunction (forget),0.0005419267970439675,0.0005419267970439675,0.17044810950756073,0.3622249364852905,0.35,1,1,600,FP32-token-IDs
RoBERTa,107a0dj,667,42,86,Ġtime,time,False,emptiness,-0.003206038360737942,0.003206038360737942,0.1288936883211136,0.1701594591140747,0.35,0,0,600,FP32-token-IDs
RoBERTa,107a0dj,667,42,86,Ġtime,time,False,hopelessness,-8.250997921863161e-05,8.250997921863161e-05,0.23900723457336426,0.965188205242157,0.35,1,1,600,FP32-token-IDs
RoBERTa,107a0dj,667,42,86,Ġtime,time,False,loneliness,-0.000986613237220407,0.000986613237220407,0.46824121475219727,0.01818273216485977,0.35,0,0,600,FP32-token-IDs
RoBERTa,107a0dj,667,42,86,Ġtime,time,False,sadness,-0.0012940375811674378,0.0012940375811674378,0.2721138298511505,0.909073531627655,0.35,1,1,600,FP32-token-IDs
RoBERTa,107a0dj,667,42,86,Ġtime,time,False,suicide intent,-0.0013243715432260863,0.0013243715432260863,0.06211342662572861,0.20536360144615173,0.35,0,0,600,FP32-token-IDs
RoBERTa,107a0dj,667,42,86,Ġtime,time,False,worthlessness,-0.004943739054361722,0.004943739054361722,0.20004579424858093,0.900713324546814,0.35,1,1,600,FP32-token-IDs
RoBERTa,107a0dj,667,43,6,",",",",False,anger,-0.0034768014353270603,0.0034768014353270603,0.17253035306930542,0.034825000911951065,0.35,0,0,600,FP32-token-IDs
RoBERTa,107a0dj,667,43,6,",",",",False,brain dysfunction (forget),0.0005419267970439675,0.0005419267970439675,0.17044810950756073,0.3622249364852905,0.35,1,1,600,FP32-token-IDs
RoBERTa,107a0dj,667,43,6,",",",",False,emptiness,-0.003206038360737942,0.003206038360737942,0.1288936883211136,0.1701594591140747,0.35,0,0,600,FP32-token-IDs
RoBERTa,107a0dj,667,43,6,",",",",False,hopelessness,-8.250997921863161e-05,8.250997921863161e-05,0.23900723457336426,0.965188205242157,0.35,1,1,600,FP32-token-IDs
RoBERTa,107a0dj,667,43,6,",",",",False,loneliness,-0.000986613237220407,0.000986613237220407,0.46824121475219727,0.01818273216485977,0.35,0,0,600,FP32-token-IDs
RoBERTa,107a0dj,667,43,6,",",",",False,sadness,-0.0012940375811674378,0.0012940375811674378,0.2721138298511505,0.909073531627655,0.35,1,1,600,FP32-token-IDs
RoBERTa,107a0dj,667,43,6,",",",",False,suicide intent,-0.0013243715432260863,0.0013243715432260863,0.06211342662572861,0.20536360144615173,0.35,0,0,600,FP32-token-IDs
RoBERTa,107a0dj,667,43,6,",",",",False,worthlessness,-0.004943739054361722,0.004943739054361722,0.20004579424858093,0.900713324546814,0.35,1,1,600,FP32-token-IDs
RoBERTa,107a0dj,667,44,122,Ġnow,now,False,anger,0.0069636455024776394,0.0069636455024776394,0.17253035306930542,0.034825000911951065,0.35,0,0,600,FP32-token-IDs
RoBERTa,107a0dj,667,44,122,Ġnow,now,False,brain dysfunction (forget),0.007482364669589228,0.007482364669589228,0.17044810950756073,0.3622249364852905,0.35,1,1,600,FP32-token-IDs
RoBERTa,107a0dj,667,44,122,Ġnow,now,False,emptiness,0.011958474642597139,0.011958474642597139,0.1288936883211136,0.1701594591140747,0.35,0,0,600,FP32-token-IDs
RoBERTa,107a0dj,667,44,122,Ġnow,now,False,hopelessness,0.010774288988231044,0.010774288988231044,0.23900723457336426,0.965188205242157,0.35,1,1,600,FP32-token-IDs
RoBERTa,107a0dj,667,44,122,Ġnow,now,False,loneliness,0.0012434184226501536,0.0012434184226501536,0.46824121475219727,0.01818273216485977,0.35,0,0,600,FP32-token-IDs
RoBERTa,107a0dj,667,44,122,Ġnow,now,False,sadness,0.01459317585747493,0.01459317585747493,0.2721138298511505,0.909073531627655,0.35,1,1,600,FP32-token-IDs
RoBERTa,107a0dj,667,44,122,Ġnow,now,False,suicide intent,0.00824593967493121,0.00824593967493121,0.06211342662572861,0.20536360144615173,0.35,0,0,600,FP32-token-IDs
RoBERTa,107a0dj,667,44,122,Ġnow,now,False,worthlessness,0.008227113609839427,0.008227113609839427,0.20004579424858093,0.900713324546814,0.35,1,1,600,FP32-token-IDs
RoBERTa,107a0dj,667,45,38,ĠI,i,False,anger,0.0069636455024776394,0.0069636455024776394,0.17253035306930542,0.034825000911951065,0.35,0,0,600,FP32-token-IDs
RoBERTa,107a0dj,667,45,38,ĠI,i,False,brain dysfunction (forget),0.007482364669589228,0.007482364669589228,0.17044810950756073,0.3622249364852905,0.35,1,1,600,FP32-token-IDs
RoBERTa,107a0dj,667,45,38,ĠI,i,False,emptiness,0.011958474642597139,0.011958474642597139,0.1288936883211136,0.1701594591140747,0.35,0,0,600,FP32-token-IDs
RoBERTa,107a0dj,667,45,38,ĠI,i,False,hopelessness,0.010774288988231044,0.010774288988231044,0.23900723457336426,0.965188205242157,0.35,1,1,600,FP32-token-IDs
RoBERTa,107a0dj,667,45,38,ĠI,i,False,loneliness,0.0012434184226501536,0.0012434184226501536,0.46824121475219727,0.01818273216485977,0.35,0,0,600,FP32-token-IDs
RoBERTa,107a0dj,667,45,38,ĠI,i,False,sadness,0.01459317585747493,0.01459317585747493,0.2721138298511505,0.909073531627655,0.35,1,1,600,FP32-token-IDs
RoBERTa,107a0dj,667,45,38,ĠI,i,False,suicide intent,0.00824593967493121,0.00824593967493121,0.06211342662572861,0.20536360144615173,0.35,0,0,600,FP32-token-IDs
RoBERTa,107a0dj,667,45,38,ĠI,i,False,worthlessness,0.008227113609839427,0.008227113609839427,0.20004579424858093,0.900713324546814,0.35,1,1,600,FP32-token-IDs
RoBERTa,107a0dj,667,46,619,Ġfeel,feel,False,anger,-0.0013700113470947958,0.0013700113470947958,0.17253035306930542,0.034825000911951065,0.35,0,0,600,FP32-token-IDs
RoBERTa,107a0dj,667,46,619,Ġfeel,feel,False,brain dysfunction (forget),-0.004587108373494917,0.004587108373494917,0.17044810950756073,0.3622249364852905,0.35,1,1,600,FP32-token-IDs
RoBERTa,107a0dj,667,46,619,Ġfeel,feel,False,emptiness,0.0055677787167951465,0.0055677787167951465,0.1288936883211136,0.1701594591140747,0.35,0,0,600,FP32-token-IDs
RoBERTa,107a0dj,667,46,619,Ġfeel,feel,False,hopelessness,0.0028536670939310602,0.0028536670939310602,0.23900723457336426,0.965188205242157,0.35,1,1,600,FP32-token-IDs
RoBERTa,107a0dj,667,46,619,Ġfeel,feel,False,loneliness,0.007180988313752766,0.007180988313752766,0.46824121475219727,0.01818273216485977,0.35,0,0,600,FP32-token-IDs
RoBERTa,107a0dj,667,46,619,Ġfeel,feel,False,sadness,0.016110722220649847,0.016110722220649847,0.2721138298511505,0.909073531627655,0.35,1,1,600,FP32-token-IDs
RoBERTa,107a0dj,667,46,619,Ġfeel,feel,False,suicide intent,0.0033994025530103642,0.0033994025530103642,0.06211342662572861,0.20536360144615173,0.35,0,0,600,FP32-token-IDs
RoBERTa,107a0dj,667,46,619,Ġfeel,feel,False,worthlessness,-0.00031637915066982567,0.00031637915066982567,0.20004579424858093,0.900713324546814,0.35,1,1,600,FP32-token-IDs
RoBERTa,107a0dj,667,47,101,Ġlike,like,False,anger,-0.0013700113470947958,0.0013700113470947958,0.17253035306930542,0.034825000911951065,0.35,0,0,600,FP32-token-IDs
RoBERTa,107a0dj,667,47,101,Ġlike,like,False,brain dysfunction (forget),-0.004587108373494917,0.004587108373494917,0.17044810950756073,0.3622249364852905,0.35,1,1,600,FP32-token-IDs
RoBERTa,107a0dj,667,47,101,Ġlike,like,False,emptiness,0.0055677787167951465,0.0055677787167951465,0.1288936883211136,0.1701594591140747,0.35,0,0,600,FP32-token-IDs
RoBERTa,107a0dj,667,47,101,Ġlike,like,False,hopelessness,0.0028536670939310602,0.0028536670939310602,0.23900723457336426,0.965188205242157,0.35,1,1,600,FP32-token-IDs
RoBERTa,107a0dj,667,47,101,Ġlike,like,False,loneliness,0.007180988313752766,0.007180988313752766,0.46824121475219727,0.01818273216485977,0.35,0,0,600,FP32-token-IDs
RoBERTa,107a0dj,667,47,101,Ġlike,like,False,sadness,0.016110722220649847,0.016110722220649847,0.2721138298511505,0.909073531627655,0.35,1,1,600,FP32-token-IDs
RoBERTa,107a0dj,667,47,101,Ġlike,like,False,suicide intent,0.0033994025530103642,0.0033994025530103642,0.06211342662572861,0.20536360144615173,0.35,0,0,600,FP32-token-IDs
RoBERTa,107a0dj,667,47,101,Ġlike,like,False,worthlessness,-0.00031637915066982567,0.00031637915066982567,0.20004579424858093,0.900713324546814,0.35,1,1,600,FP32-token-IDs
RoBERTa,107a0dj,667,48,38,ĠI,i,False,anger,-0.012190959676732555,0.012190959676732555,0.17253035306930542,0.034825000911951065,0.35,0,0,600,FP32-token-IDs
RoBERTa,107a0dj,667,48,38,ĠI,i,False,brain dysfunction (forget),0.004114783497674293,0.004114783497674293,0.17044810950756073,0.3622249364852905,0.35,1,1,600,FP32-token-IDs
RoBERTa,107a0dj,667,48,38,ĠI,i,False,emptiness,0.0025713712675496936,0.0025713712675496936,0.1288936883211136,0.1701594591140747,0.35,0,0,600,FP32-token-IDs
RoBERTa,107a0dj,667,48,38,ĠI,i,False,hopelessness,0.010300224377332549,0.010300224377332549,0.23900723457336426,0.965188205242157,0.35,1,1,600,FP32-token-IDs
RoBERTa,107a0dj,667,48,38,ĠI,i,False,loneliness,0.0019685275236904424,0.0019685275236904424,0.46824121475219727,0.01818273216485977,0.35,0,0,600,FP32-token-IDs
RoBERTa,107a0dj,667,48,38,ĠI,i,False,sadness,0.002511685493549234,0.002511685493549234,0.2721138298511505,0.909073531627655,0.35,1,1,600,FP32-token-IDs
RoBERTa,107a0dj,667,48,38,ĠI,i,False,suicide intent,-0.0007945907395639408,0.0007945907395639408,0.06211342662572861,0.20536360144615173,0.35,0,0,600,FP32-token-IDs
RoBERTa,107a0dj,667,48,38,ĠI,i,False,worthlessness,0.002466104434509026,0.002466104434509026,0.20004579424858093,0.900713324546814,0.35,1,1,600,FP32-token-IDs
RoBERTa,107a0dj,667,49,437,'m,'m,False,anger,-0.012190959676732555,0.012190959676732555,0.17253035306930542,0.034825000911951065,0.35,0,0,600,FP32-token-IDs
RoBERTa,107a0dj,667,49,437,'m,'m,False,brain dysfunction (forget),0.004114783497674293,0.004114783497674293,0.17044810950756073,0.3622249364852905,0.35,1,1,600,FP32-token-IDs
RoBERTa,107a0dj,667,49,437,'m,'m,False,emptiness,0.0025713712675496936,0.0025713712675496936,0.1288936883211136,0.1701594591140747,0.35,0,0,600,FP32-token-IDs
RoBERTa,107a0dj,667,49,437,'m,'m,False,hopelessness,0.010300224377332549,0.010300224377332549,0.23900723457336426,0.965188205242157,0.35,1,1,600,FP32-token-IDs
RoBERTa,107a0dj,667,49,437,'m,'m,False,loneliness,0.0019685275236904424,0.0019685275236904424,0.46824121475219727,0.01818273216485977,0.35,0,0,600,FP32-token-IDs
RoBERTa,107a0dj,667,49,437,'m,'m,False,sadness,0.002511685493549234,0.002511685493549234,0.2721138298511505,0.909073531627655,0.35,1,1,600,FP32-token-IDs
RoBERTa,107a0dj,667,49,437,'m,'m,False,suicide intent,-0.0007945907395639408,0.0007945907395639408,0.06211342662572861,0.20536360144615173,0.35,0,0,600,FP32-token-IDs
RoBERTa,107a0dj,667,49,437,'m,'m,False,worthlessness,0.002466104434509026,0.002466104434509026,0.20004579424858093,0.900713324546814,0.35,1,1,600,FP32-token-IDs
RoBERTa,107a0dj,667,50,95,Ġjust,just,False,anger,0.004055958504690543,0.004055958504690543,0.17253035306930542,0.034825000911951065,0.35,0,0,600,FP32-token-IDs
RoBERTa,107a0dj,667,50,95,Ġjust,just,False,brain dysfunction (forget),0.011185562832428044,0.011185562832428044,0.17044810950756073,0.3622249364852905,0.35,1,1,600,FP32-token-IDs
RoBERTa,107a0dj,667,50,95,Ġjust,just,False,emptiness,-0.0027297959313727915,0.0027297959313727915,0.1288936883211136,0.1701594591140747,0.35,0,0,600,FP32-token-IDs
RoBERTa,107a0dj,667,50,95,Ġjust,just,False,hopelessness,0.005272153029708486,0.005272153029708486,0.23900723457336426,0.965188205242157,0.35,1,1,600,FP32-token-IDs
RoBERTa,107a0dj,667,50,95,Ġjust,just,False,loneliness,-0.007447157617303003,0.007447157617303003,0.46824121475219727,0.01818273216485977,0.35,0,0,600,FP32-token-IDs
RoBERTa,107a0dj,667,50,95,Ġjust,just,False,sadness,-0.00846427724402594,0.00846427724402594,0.2721138298511505,0.909073531627655,0.35,1,1,600,FP32-token-IDs
RoBERTa,107a0dj,667,50,95,Ġjust,just,False,suicide intent,-0.000993423801877438,0.000993423801877438,0.06211342662572861,0.20536360144615173,0.35,0,0,600,FP32-token-IDs
RoBERTa,107a0dj,667,50,95,Ġjust,just,False,worthlessness,0.01308041296311115,0.01308041296311115,0.20004579424858093,0.900713324546814,0.35,1,1,600,FP32-token-IDs
RoBERTa,107a0dj,667,51,12103,Ġstupid,stupid,False,anger,0.04017393445400031,0.04017393445400031,0.17253035306930542,0.034825000911951065,0.35,0,0,600,FP32-token-IDs
RoBERTa,107a0dj,667,51,12103,Ġstupid,stupid,False,brain dysfunction (forget),0.03589442990548713,0.03589442990548713,0.17044810950756073,0.3622249364852905,0.35,1,1,600,FP32-token-IDs
RoBERTa,107a0dj,667,51,12103,Ġstupid,stupid,False,emptiness,-0.009200920525472611,0.009200920525472611,0.1288936883211136,0.1701594591140747,0.35,0,0,600,FP32-token-IDs
RoBERTa,107a0dj,667,51,12103,Ġstupid,stupid,False,hopelessness,0.05107819867369376,0.05107819867369376,0.23900723457336426,0.965188205242157,0.35,1,1,600,FP32-token-IDs
RoBERTa,107a0dj,667,51,12103,Ġstupid,stupid,False,loneliness,-0.06197247756982075,0.06197247756982075,0.46824121475219727,0.01818273216485977,0.35,0,0,600,FP32-token-IDs
RoBERTa,107a0dj,667,51,12103,Ġstupid,stupid,False,sadness,0.01696466655764533,0.01696466655764533,0.2721138298511505,0.909073531627655,0.35,1,1,600,FP32-token-IDs
RoBERTa,107a0dj,667,51,12103,Ġstupid,stupid,False,suicide intent,-0.001171444598616003,0.001171444598616003,0.06211342662572861,0.20536360144615173,0.35,0,0,600,FP32-token-IDs
RoBERTa,107a0dj,667,51,12103,Ġstupid,stupid,False,worthlessness,0.07422116908587907,0.07422116908587907,0.20004579424858093,0.900713324546814,0.35,1,1,600,FP32-token-IDs
RoBERTa,107a0dj,667,52,101,Ġlike,like,False,anger,-0.002914481909884893,0.002914481909884893,0.17253035306930542,0.034825000911951065,0.35,0,0,600,FP32-token-IDs
RoBERTa,107a0dj,667,52,101,Ġlike,like,False,brain dysfunction (forget),0.0012811328597482664,0.0012811328597482664,0.17044810950756073,0.3622249364852905,0.35,1,1,600,FP32-token-IDs
RoBERTa,107a0dj,667,52,101,Ġlike,like,False,emptiness,0.007825789179398933,0.007825789179398933,0.1288936883211136,0.1701594591140747,0.35,0,0,600,FP32-token-IDs
RoBERTa,107a0dj,667,52,101,Ġlike,like,False,hopelessness,0.004685466691325798,0.004685466691325798,0.23900723457336426,0.965188205242157,0.35,1,1,600,FP32-token-IDs
RoBERTa,107a0dj,667,52,101,Ġlike,like,False,loneliness,0.0027419179586056423,0.0027419179586056423,0.46824121475219727,0.01818273216485977,0.35,0,0,600,FP32-token-IDs
RoBERTa,107a0dj,667,52,101,Ġlike,like,False,sadness,0.005893607890126451,0.005893607890126451,0.2721138298511505,0.909073531627655,0.35,1,1,600,FP32-token-IDs
RoBERTa,107a0dj,667,52,101,Ġlike,like,False,suicide intent,0.003797118623117676,0.003797118623117676,0.06211342662572861,0.20536360144615173,0.35,0,0,600,FP32-token-IDs
RoBERTa,107a0dj,667,52,101,Ġlike,like,False,worthlessness,-9.577922772562681e-05,9.577922772562681e-05,0.20004579424858093,0.900713324546814,0.35,1,1,600,FP32-token-IDs
RoBERTa,107a0dj,667,53,38,ĠI,i,False,anger,-0.002914481909884893,0.002914481909884893,0.17253035306930542,0.034825000911951065,0.35,0,0,600,FP32-token-IDs
RoBERTa,107a0dj,667,53,38,ĠI,i,False,brain dysfunction (forget),0.0012811328597482664,0.0012811328597482664,0.17044810950756073,0.3622249364852905,0.35,1,1,600,FP32-token-IDs
RoBERTa,107a0dj,667,53,38,ĠI,i,False,emptiness,0.007825789179398933,0.007825789179398933,0.1288936883211136,0.1701594591140747,0.35,0,0,600,FP32-token-IDs
RoBERTa,107a0dj,667,53,38,ĠI,i,False,hopelessness,0.004685466691325798,0.004685466691325798,0.23900723457336426,0.965188205242157,0.35,1,1,600,FP32-token-IDs
RoBERTa,107a0dj,667,53,38,ĠI,i,False,loneliness,0.0027419179586056423,0.0027419179586056423,0.46824121475219727,0.01818273216485977,0.35,0,0,600,FP32-token-IDs
RoBERTa,107a0dj,667,53,38,ĠI,i,False,sadness,0.005893607890126451,0.005893607890126451,0.2721138298511505,0.909073531627655,0.35,1,1,600,FP32-token-IDs
RoBERTa,107a0dj,667,53,38,ĠI,i,False,suicide intent,0.003797118623117676,0.003797118623117676,0.06211342662572861,0.20536360144615173,0.35,0,0,600,FP32-token-IDs
RoBERTa,107a0dj,667,53,38,ĠI,i,False,worthlessness,-9.577922772562681e-05,9.577922772562681e-05,0.20004579424858093,0.900713324546814,0.35,1,1,600,FP32-token-IDs
RoBERTa,107a0dj,667,54,64,Ġcan,can,False,anger,-1.7625466044813914e-05,1.7625466044813914e-05,0.17253035306930542,0.034825000911951065,0.35,0,0,600,FP32-token-IDs
RoBERTa,107a0dj,667,54,64,Ġcan,can,False,brain dysfunction (forget),0.012592975919705294,0.012592975919705294,0.17044810950756073,0.3622249364852905,0.35,1,1,600,FP32-token-IDs
RoBERTa,107a0dj,667,54,64,Ġcan,can,False,emptiness,0.01557091357906095,0.01557091357906095,0.1288936883211136,0.1701594591140747,0.35,0,0,600,FP32-token-IDs
RoBERTa,107a0dj,667,54,64,Ġcan,can,False,hopelessness,0.03494424726947715,0.03494424726947715,0.23900723457336426,0.965188205242157,0.35,1,1,600,FP32-token-IDs
RoBERTa,107a0dj,667,54,64,Ġcan,can,False,loneliness,-0.006616527543979157,0.006616527543979157,0.46824121475219727,0.01818273216485977,0.35,0,0,600,FP32-token-IDs
RoBERTa,107a0dj,667,54,64,Ġcan,can,False,sadness,0.026380419066068875,0.026380419066068875,0.2721138298511505,0.909073531627655,0.35,1,1,600,FP32-token-IDs
RoBERTa,107a0dj,667,54,64,Ġcan,can,False,suicide intent,0.0034569527908048982,0.0034569527908048982,0.06211342662572861,0.20536360144615173,0.35,0,0,600,FP32-token-IDs
RoBERTa,107a0dj,667,54,64,Ġcan,can,False,worthlessness,0.03551366991579586,0.03551366991579586,0.20004579424858093,0.900713324546814,0.35,1,1,600,FP32-token-IDs
RoBERTa,107a0dj,667,55,75,'t,'t,False,anger,-0.0006279696070680474,0.0006279696070680474,0.17253035306930542,0.034825000911951065,0.35,0,0,600,FP32-token-IDs
RoBERTa,107a0dj,667,55,75,'t,'t,False,brain dysfunction (forget),0.011228590210538767,0.011228590210538767,0.17044810950756073,0.3622249364852905,0.35,1,1,600,FP32-token-IDs
RoBERTa,107a0dj,667,55,75,'t,'t,False,emptiness,0.02059409455184571,0.02059409455184571,0.1288936883211136,0.1701594591140747,0.35,0,0,600,FP32-token-IDs
RoBERTa,107a0dj,667,55,75,'t,'t,False,hopelessness,0.05183361405640413,0.05183361405640413,0.23900723457336426,0.965188205242157,0.35,1,1,600,FP32-token-IDs
RoBERTa,107a0dj,667,55,75,'t,'t,False,loneliness,-0.009251964316813667,0.009251964316813667,0.46824121475219727,0.01818273216485977,0.35,0,0,600,FP32-token-IDs
RoBERTa,107a0dj,667,55,75,'t,'t,False,sadness,0.04556898147415851,0.04556898147415851,0.2721138298511505,0.909073531627655,0.35,1,1,600,FP32-token-IDs
RoBERTa,107a0dj,667,55,75,'t,'t,False,suicide intent,0.0025190099678754265,0.0025190099678754265,0.06211342662572861,0.20536360144615173,0.35,0,0,600,FP32-token-IDs
RoBERTa,107a0dj,667,55,75,'t,'t,False,worthlessness,0.04456116441853398,0.04456116441853398,0.20004579424858093,0.900713324546814,0.35,1,1,600,FP32-token-IDs
RoBERTa,107a0dj,667,56,6136,Ġsolve,solve,False,anger,-0.0012127295394785517,0.0012127295394785517,0.17253035306930542,0.034825000911951065,0.35,0,0,600,FP32-token-IDs
RoBERTa,107a0dj,667,56,6136,Ġsolve,solve,False,brain dysfunction (forget),-1.2614476855434139e-05,1.2614476855434139e-05,0.17044810950756073,0.3622249364852905,0.35,1,1,600,FP32-token-IDs
RoBERTa,107a0dj,667,56,6136,Ġsolve,solve,False,emptiness,-0.003978702210210409,0.003978702210210409,0.1288936883211136,0.1701594591140747,0.35,0,0,600,FP32-token-IDs
RoBERTa,107a0dj,667,56,6136,Ġsolve,solve,False,hopelessness,0.0024808079616363355,0.0024808079616363355,0.23900723457336426,0.965188205242157,0.35,1,1,600,FP32-token-IDs
RoBERTa,107a0dj,667,56,6136,Ġsolve,solve,False,loneliness,-0.007046082224241718,0.007046082224241718,0.46824121475219727,0.01818273216485977,0.35,0,0,600,FP32-token-IDs
RoBERTa,107a0dj,667,56,6136,Ġsolve,solve,False,sadness,-0.001097539472899776,0.001097539472899776,0.2721138298511505,0.909073531627655,0.35,1,1,600,FP32-token-IDs
RoBERTa,107a0dj,667,56,6136,Ġsolve,solve,False,suicide intent,-0.0007859953169906922,0.0007859953169906922,0.06211342662572861,0.20536360144615173,0.35,0,0,600,FP32-token-IDs
RoBERTa,107a0dj,667,56,6136,Ġsolve,solve,False,worthlessness,0.005942888472926938,0.005942888472926938,0.20004579424858093,0.900713324546814,0.35,1,1,600,FP32-token-IDs
RoBERTa,107a0dj,667,57,1272,Ġproblems,problems,False,anger,-0.0012127295394785517,0.0012127295394785517,0.17253035306930542,0.034825000911951065,0.35,0,0,600,FP32-token-IDs
RoBERTa,107a0dj,667,57,1272,Ġproblems,problems,False,brain dysfunction (forget),-1.2614476855434139e-05,1.2614476855434139e-05,0.17044810950756073,0.3622249364852905,0.35,1,1,600,FP32-token-IDs
RoBERTa,107a0dj,667,57,1272,Ġproblems,problems,False,emptiness,-0.003978702210210409,0.003978702210210409,0.1288936883211136,0.1701594591140747,0.35,0,0,600,FP32-token-IDs
RoBERTa,107a0dj,667,57,1272,Ġproblems,problems,False,hopelessness,0.0024808079616363355,0.0024808079616363355,0.23900723457336426,0.965188205242157,0.35,1,1,600,FP32-token-IDs
RoBERTa,107a0dj,667,57,1272,Ġproblems,problems,False,loneliness,-0.007046082224241718,0.007046082224241718,0.46824121475219727,0.01818273216485977,0.35,0,0,600,FP32-token-IDs
RoBERTa,107a0dj,667,57,1272,Ġproblems,problems,False,sadness,-0.001097539472899776,0.001097539472899776,0.2721138298511505,0.909073531627655,0.35,1,1,600,FP32-token-IDs
RoBERTa,107a0dj,667,57,1272,Ġproblems,problems,False,suicide intent,-0.0007859953169906922,0.0007859953169906922,0.06211342662572861,0.20536360144615173,0.35,0,0,600,FP32-token-IDs
RoBERTa,107a0dj,667,57,1272,Ġproblems,problems,False,worthlessness,0.005942888472926938,0.005942888472926938,0.20004579424858093,0.900713324546814,0.35,1,1,600,FP32-token-IDs
RoBERTa,107a0dj,667,58,101,Ġlike,like,False,anger,-0.0017469042704798096,0.0017469042704798096,0.17253035306930542,0.034825000911951065,0.35,0,0,600,FP32-token-IDs
RoBERTa,107a0dj,667,58,101,Ġlike,like,False,brain dysfunction (forget),0.0005182404384132851,0.0005182404384132851,0.17044810950756073,0.3622249364852905,0.35,1,1,600,FP32-token-IDs
RoBERTa,107a0dj,667,58,101,Ġlike,like,False,emptiness,-0.003248953929491486,0.003248953929491486,0.1288936883211136,0.1701594591140747,0.35,0,0,600,FP32-token-IDs
RoBERTa,107a0dj,667,58,101,Ġlike,like,False,hopelessness,0.0028379049764211484,0.0028379049764211484,0.23900723457336426,0.965188205242157,0.35,1,1,600,FP32-token-IDs
RoBERTa,107a0dj,667,58,101,Ġlike,like,False,loneliness,-0.00466306617437981,0.00466306617437981,0.46824121475219727,0.01818273216485977,0.35,0,0,600,FP32-token-IDs
RoBERTa,107a0dj,667,58,101,Ġlike,like,False,sadness,0.00013609599737133453,0.00013609599737133453,0.2721138298511505,0.909073531627655,0.35,1,1,600,FP32-token-IDs
RoBERTa,107a0dj,667,58,101,Ġlike,like,False,suicide intent,-0.0006855329687903114,0.0006855329687903114,0.06211342662572861,0.20536360144615173,0.35,0,0,600,FP32-token-IDs
RoBERTa,107a0dj,667,58,101,Ġlike,like,False,worthlessness,0.0029124509624663232,0.0029124509624663232,0.20004579424858093,0.900713324546814,0.35,1,1,600,FP32-token-IDs
RoBERTa,107a0dj,667,59,38,ĠI,i,False,anger,-0.0017469042704798096,0.0017469042704798096,0.17253035306930542,0.034825000911951065,0.35,0,0,600,FP32-token-IDs
RoBERTa,107a0dj,667,59,38,ĠI,i,False,brain dysfunction (forget),0.0005182404384132851,0.0005182404384132851,0.17044810950756073,0.3622249364852905,0.35,1,1,600,FP32-token-IDs
RoBERTa,107a0dj,667,59,38,ĠI,i,False,emptiness,-0.003248953929491486,0.003248953929491486,0.1288936883211136,0.1701594591140747,0.35,0,0,600,FP32-token-IDs
RoBERTa,107a0dj,667,59,38,ĠI,i,False,hopelessness,0.0028379049764211484,0.0028379049764211484,0.23900723457336426,0.965188205242157,0.35,1,1,600,FP32-token-IDs
RoBERTa,107a0dj,667,59,38,ĠI,i,False,loneliness,-0.00466306617437981,0.00466306617437981,0.46824121475219727,0.01818273216485977,0.35,0,0,600,FP32-token-IDs
RoBERTa,107a0dj,667,59,38,ĠI,i,False,sadness,0.00013609599737133453,0.00013609599737133453,0.2721138298511505,0.909073531627655,0.35,1,1,600,FP32-token-IDs
RoBERTa,107a0dj,667,59,38,ĠI,i,False,suicide intent,-0.0006855329687903114,0.0006855329687903114,0.06211342662572861,0.20536360144615173,0.35,0,0,600,FP32-token-IDs
RoBERTa,107a0dj,667,59,38,ĠI,i,False,worthlessness,0.0029124509624663232,0.0029124509624663232,0.20004579424858093,0.900713324546814,0.35,1,1,600,FP32-token-IDs
RoBERTa,107a0dj,667,60,341,Ġused,used,False,anger,-0.003735418082824952,0.003735418082824952,0.17253035306930542,0.034825000911951065,0.35,0,0,600,FP32-token-IDs
RoBERTa,107a0dj,667,60,341,Ġused,used,False,brain dysfunction (forget),0.0003240660068384437,0.0003240660068384437,0.17044810950756073,0.3622249364852905,0.35,1,1,600,FP32-token-IDs
RoBERTa,107a0dj,667,60,341,Ġused,used,False,emptiness,-0.003911701253780619,0.003911701253780619,0.1288936883211136,0.1701594591140747,0.35,0,0,600,FP32-token-IDs
RoBERTa,107a0dj,667,60,341,Ġused,used,False,hopelessness,-0.00018812248881801874,0.00018812248881801874,0.23900723457336426,0.965188205242157,0.35,1,1,600,FP32-token-IDs
RoBERTa,107a0dj,667,60,341,Ġused,used,False,loneliness,0.0007513899546942876,0.0007513899546942876,0.46824121475219727,0.01818273216485977,0.35,0,0,600,FP32-token-IDs
RoBERTa,107a0dj,667,60,341,Ġused,used,False,sadness,0.0017449554345787155,0.0017449554345787155,0.2721138298511505,0.909073531627655,0.35,1,1,600,FP32-token-IDs
RoBERTa,107a0dj,667,60,341,Ġused,used,False,suicide intent,-0.003386318379012133,0.003386318379012133,0.06211342662572861,0.20536360144615173,0.35,0,0,600,FP32-token-IDs
RoBERTa,107a0dj,667,60,341,Ġused,used,False,worthlessness,-0.00015181885838277744,0.00015181885838277744,0.20004579424858093,0.900713324546814,0.35,1,1,600,FP32-token-IDs
RoBERTa,107a0dj,667,61,7,Ġto,to,False,anger,-0.003735418082824952,0.003735418082824952,0.17253035306930542,0.034825000911951065,0.35,0,0,600,FP32-token-IDs
RoBERTa,107a0dj,667,61,7,Ġto,to,False,brain dysfunction (forget),0.0003240660068384437,0.0003240660068384437,0.17044810950756073,0.3622249364852905,0.35,1,1,600,FP32-token-IDs
RoBERTa,107a0dj,667,61,7,Ġto,to,False,emptiness,-0.003911701253780619,0.003911701253780619,0.1288936883211136,0.1701594591140747,0.35,0,0,600,FP32-token-IDs
RoBERTa,107a0dj,667,61,7,Ġto,to,False,hopelessness,-0.00018812248881801874,0.00018812248881801874,0.23900723457336426,0.965188205242157,0.35,1,1,600,FP32-token-IDs
RoBERTa,107a0dj,667,61,7,Ġto,to,False,loneliness,0.0007513899546942876,0.0007513899546942876,0.46824121475219727,0.01818273216485977,0.35,0,0,600,FP32-token-IDs
RoBERTa,107a0dj,667,61,7,Ġto,to,False,sadness,0.0017449554345787155,0.0017449554345787155,0.2721138298511505,0.909073531627655,0.35,1,1,600,FP32-token-IDs
RoBERTa,107a0dj,667,61,7,Ġto,to,False,suicide intent,-0.003386318379012133,0.003386318379012133,0.06211342662572861,0.20536360144615173,0.35,0,0,600,FP32-token-IDs
RoBERTa,107a0dj,667,61,7,Ġto,to,False,worthlessness,-0.00015181885838277744,0.00015181885838277744,0.20004579424858093,0.900713324546814,0.35,1,1,600,FP32-token-IDs
RoBERTa,107a0dj,667,62,4,.,.,False,anger,-0.003735418082824952,0.003735418082824952,0.17253035306930542,0.034825000911951065,0.35,0,0,600,FP32-token-IDs
RoBERTa,107a0dj,667,62,4,.,.,False,brain dysfunction (forget),0.0003240660068384437,0.0003240660068384437,0.17044810950756073,0.3622249364852905,0.35,1,1,600,FP32-token-IDs
RoBERTa,107a0dj,667,62,4,.,.,False,emptiness,-0.003911701253780619,0.003911701253780619,0.1288936883211136,0.1701594591140747,0.35,0,0,600,FP32-token-IDs
RoBERTa,107a0dj,667,62,4,.,.,False,hopelessness,-0.00018812248881801874,0.00018812248881801874,0.23900723457336426,0.965188205242157,0.35,1,1,600,FP32-token-IDs
RoBERTa,107a0dj,667,62,4,.,.,False,loneliness,0.0007513899546942876,0.0007513899546942876,0.46824121475219727,0.01818273216485977,0.35,0,0,600,FP32-token-IDs
RoBERTa,107a0dj,667,62,4,.,.,False,sadness,0.0017449554345787155,0.0017449554345787155,0.2721138298511505,0.909073531627655,0.35,1,1,600,FP32-token-IDs
RoBERTa,107a0dj,667,62,4,.,.,False,suicide intent,-0.003386318379012133,0.003386318379012133,0.06211342662572861,0.20536360144615173,0.35,0,0,600,FP32-token-IDs
RoBERTa,107a0dj,667,62,4,.,.,False,worthlessness,-0.00015181885838277744,0.00015181885838277744,0.20004579424858093,0.900713324546814,0.35,1,1,600,FP32-token-IDs
RoBERTa,107a0dj,667,63,85,ĠIt,it,False,anger,0.0346645507480179,0.0346645507480179,0.17253035306930542,0.034825000911951065,0.35,0,0,600,FP32-token-IDs
RoBERTa,107a0dj,667,63,85,ĠIt,it,False,brain dysfunction (forget),-0.017220556377791442,0.017220556377791442,0.17044810950756073,0.3622249364852905,0.35,1,1,600,FP32-token-IDs
RoBERTa,107a0dj,667,63,85,ĠIt,it,False,emptiness,-0.006137164311859613,0.006137164311859613,0.1288936883211136,0.1701594591140747,0.35,0,0,600,FP32-token-IDs
RoBERTa,107a0dj,667,63,85,ĠIt,it,False,hopelessness,0.03373652823770849,0.03373652823770849,0.23900723457336426,0.965188205242157,0.35,1,1,600,FP32-token-IDs
RoBERTa,107a0dj,667,63,85,ĠIt,it,False,loneliness,-0.027290614334700737,0.027290614334700737,0.46824121475219727,0.01818273216485977,0.35,0,0,600,FP32-token-IDs
RoBERTa,107a0dj,667,63,85,ĠIt,it,False,sadness,0.0426699817717935,0.0426699817717935,0.2721138298511505,0.909073531627655,0.35,1,1,600,FP32-token-IDs
RoBERTa,107a0dj,667,63,85,ĠIt,it,False,suicide intent,0.00041813646273042727,0.00041813646273042727,0.06211342662572861,0.20536360144615173,0.35,0,0,600,FP32-token-IDs
RoBERTa,107a0dj,667,63,85,ĠIt,it,False,worthlessness,0.05349399109120266,0.05349399109120266,0.20004579424858093,0.900713324546814,0.35,1,1,600,FP32-token-IDs
RoBERTa,107a0dj,667,64,29384,Ġsucks,sucks,False,anger,0.043344307351687275,0.043344307351687275,0.17253035306930542,0.034825000911951065,0.35,0,0,600,FP32-token-IDs
RoBERTa,107a0dj,667,64,29384,Ġsucks,sucks,False,brain dysfunction (forget),-0.01735310756171552,0.01735310756171552,0.17044810950756073,0.3622249364852905,0.35,1,1,600,FP32-token-IDs
RoBERTa,107a0dj,667,64,29384,Ġsucks,sucks,False,emptiness,-0.0073139427717810925,0.0073139427717810925,0.1288936883211136,0.1701594591140747,0.35,0,0,600,FP32-token-IDs
RoBERTa,107a0dj,667,64,29384,Ġsucks,sucks,False,hopelessness,0.03897659887129871,0.03897659887129871,0.23900723457336426,0.965188205242157,0.35,1,1,600,FP32-token-IDs
RoBERTa,107a0dj,667,64,29384,Ġsucks,sucks,False,loneliness,-0.03447215539759222,0.03447215539759222,0.46824121475219727,0.01818273216485977,0.35,0,0,600,FP32-token-IDs
RoBERTa,107a0dj,667,64,29384,Ġsucks,sucks,False,sadness,0.04755991143890871,0.04755991143890871,0.2721138298511505,0.909073531627655,0.35,1,1,600,FP32-token-IDs
RoBERTa,107a0dj,667,64,29384,Ġsucks,sucks,False,suicide intent,0.00010272335090961027,0.00010272335090961027,0.06211342662572861,0.20536360144615173,0.35,0,0,600,FP32-token-IDs
RoBERTa,107a0dj,667,64,29384,Ġsucks,sucks,False,worthlessness,0.06755954918200867,0.06755954918200867,0.20004579424858093,0.900713324546814,0.35,1,1,600,FP32-token-IDs
RoBERTa,107a0dj,667,65,38,ĠI,i,False,anger,0.0006215741551176719,0.0006215741551176719,0.17253035306930542,0.034825000911951065,0.35,0,0,600,FP32-token-IDs
RoBERTa,107a0dj,667,65,38,ĠI,i,False,brain dysfunction (forget),0.0006083425922462568,0.0006083425922462568,0.17044810950756073,0.3622249364852905,0.35,1,1,600,FP32-token-IDs
RoBERTa,107a0dj,667,65,38,ĠI,i,False,emptiness,-0.0036026070615312513,0.0036026070615312513,0.1288936883211136,0.1701594591140747,0.35,0,0,600,FP32-token-IDs
RoBERTa,107a0dj,667,65,38,ĠI,i,False,hopelessness,0.01097673444578854,0.01097673444578854,0.23900723457336426,0.965188205242157,0.35,1,1,600,FP32-token-IDs
RoBERTa,107a0dj,667,65,38,ĠI,i,False,loneliness,-0.005327758464912992,0.005327758464912992,0.46824121475219727,0.01818273216485977,0.35,0,0,600,FP32-token-IDs
RoBERTa,107a0dj,667,65,38,ĠI,i,False,sadness,0.014055657254245419,0.014055657254245419,0.2721138298511505,0.909073531627655,0.35,1,1,600,FP32-token-IDs
RoBERTa,107a0dj,667,65,38,ĠI,i,False,suicide intent,0.0011071379547222303,0.0011071379547222303,0.06211342662572861,0.20536360144615173,0.35,0,0,600,FP32-token-IDs
RoBERTa,107a0dj,667,65,38,ĠI,i,False,worthlessness,0.015231094152953189,0.015231094152953189,0.20004579424858093,0.900713324546814,0.35,1,1,600,FP32-token-IDs
RoBERTa,107a0dj,667,66,489,Ġkeep,keep,False,anger,0.0006215741551176719,0.0006215741551176719,0.17253035306930542,0.034825000911951065,0.35,0,0,600,FP32-token-IDs
RoBERTa,107a0dj,667,66,489,Ġkeep,keep,False,brain dysfunction (forget),0.0006083425922462568,0.0006083425922462568,0.17044810950756073,0.3622249364852905,0.35,1,1,600,FP32-token-IDs
RoBERTa,107a0dj,667,66,489,Ġkeep,keep,False,emptiness,-0.0036026070615312513,0.0036026070615312513,0.1288936883211136,0.1701594591140747,0.35,0,0,600,FP32-token-IDs
RoBERTa,107a0dj,667,66,489,Ġkeep,keep,False,hopelessness,0.01097673444578854,0.01097673444578854,0.23900723457336426,0.965188205242157,0.35,1,1,600,FP32-token-IDs
RoBERTa,107a0dj,667,66,489,Ġkeep,keep,False,loneliness,-0.005327758464912992,0.005327758464912992,0.46824121475219727,0.01818273216485977,0.35,0,0,600,FP32-token-IDs
RoBERTa,107a0dj,667,66,489,Ġkeep,keep,False,sadness,0.014055657254245419,0.014055657254245419,0.2721138298511505,0.909073531627655,0.35,1,1,600,FP32-token-IDs
RoBERTa,107a0dj,667,66,489,Ġkeep,keep,False,suicide intent,0.0011071379547222303,0.0011071379547222303,0.06211342662572861,0.20536360144615173,0.35,0,0,600,FP32-token-IDs
RoBERTa,107a0dj,667,66,489,Ġkeep,keep,False,worthlessness,0.015231094152953189,0.015231094152953189,0.20004579424858093,0.900713324546814,0.35,1,1,600,FP32-token-IDs
RoBERTa,107a0dj,667,67,2053,Ġthinking,thinking,False,anger,-0.024120397215413574,0.024120397215413574,0.17253035306930542,0.034825000911951065,0.35,0,0,600,FP32-token-IDs
RoBERTa,107a0dj,667,67,2053,Ġthinking,thinking,False,brain dysfunction (forget),0.03579725087351667,0.03579725087351667,0.17044810950756073,0.3622249364852905,0.35,1,1,600,FP32-token-IDs
RoBERTa,107a0dj,667,67,2053,Ġthinking,thinking,False,emptiness,-0.002306607088450199,0.002306607088450199,0.1288936883211136,0.1701594591140747,0.35,0,0,600,FP32-token-IDs
RoBERTa,107a0dj,667,67,2053,Ġthinking,thinking,False,hopelessness,0.001264348035105146,0.001264348035105146,0.23900723457336426,0.965188205242157,0.35,1,1,600,FP32-token-IDs
RoBERTa,107a0dj,667,67,2053,Ġthinking,thinking,False,loneliness,-0.003510251355832084,0.003510251355832084,0.46824121475219727,0.01818273216485977,0.35,0,0,600,FP32-token-IDs
RoBERTa,107a0dj,667,67,2053,Ġthinking,thinking,False,sadness,-0.003464667538467508,0.003464667538467508,0.2721138298511505,0.909073531627655,0.35,1,1,600,FP32-token-IDs
RoBERTa,107a0dj,667,67,2053,Ġthinking,thinking,False,suicide intent,-0.0015305561257544188,0.0015305561257544188,0.06211342662572861,0.20536360144615173,0.35,0,0,600,FP32-token-IDs
RoBERTa,107a0dj,667,67,2053,Ġthinking,thinking,False,worthlessness,-0.003028891219470937,0.003028891219470937,0.20004579424858093,0.900713324546814,0.35,1,1,600,FP32-token-IDs
RoBERTa,107a0dj,667,68,59,Ġabout,about,False,anger,-0.024120397215413574,0.024120397215413574,0.17253035306930542,0.034825000911951065,0.35,0,0,600,FP32-token-IDs
RoBERTa,107a0dj,667,68,59,Ġabout,about,False,brain dysfunction (forget),0.03579725087351667,0.03579725087351667,0.17044810950756073,0.3622249364852905,0.35,1,1,600,FP32-token-IDs
RoBERTa,107a0dj,667,68,59,Ġabout,about,False,emptiness,-0.002306607088450199,0.002306607088450199,0.1288936883211136,0.1701594591140747,0.35,0,0,600,FP32-token-IDs
RoBERTa,107a0dj,667,68,59,Ġabout,about,False,hopelessness,0.001264348035105146,0.001264348035105146,0.23900723457336426,0.965188205242157,0.35,1,1,600,FP32-token-IDs
RoBERTa,107a0dj,667,68,59,Ġabout,about,False,loneliness,-0.003510251355832084,0.003510251355832084,0.46824121475219727,0.01818273216485977,0.35,0,0,600,FP32-token-IDs
RoBERTa,107a0dj,667,68,59,Ġabout,about,False,sadness,-0.003464667538467508,0.003464667538467508,0.2721138298511505,0.909073531627655,0.35,1,1,600,FP32-token-IDs
RoBERTa,107a0dj,667,68,59,Ġabout,about,False,suicide intent,-0.0015305561257544188,0.0015305561257544188,0.06211342662572861,0.20536360144615173,0.35,0,0,600,FP32-token-IDs
RoBERTa,107a0dj,667,68,59,Ġabout,about,False,worthlessness,-0.003028891219470937,0.003028891219470937,0.20004579424858093,0.900713324546814,0.35,1,1,600,FP32-token-IDs
RoBERTa,107a0dj,667,69,12103,Ġstupid,stupid,False,anger,0.009894158424755845,0.009894158424755845,0.17253035306930542,0.034825000911951065,0.35,0,0,600,FP32-token-IDs
RoBERTa,107a0dj,667,69,12103,Ġstupid,stupid,False,brain dysfunction (forget),0.03232205852131861,0.03232205852131861,0.17044810950756073,0.3622249364852905,0.35,1,1,600,FP32-token-IDs
RoBERTa,107a0dj,667,69,12103,Ġstupid,stupid,False,emptiness,-0.015226778518318987,0.015226778518318987,0.1288936883211136,0.1701594591140747,0.35,0,0,600,FP32-token-IDs
RoBERTa,107a0dj,667,69,12103,Ġstupid,stupid,False,hopelessness,0.013655750421234049,0.013655750421234049,0.23900723457336426,0.965188205242157,0.35,1,1,600,FP32-token-IDs
RoBERTa,107a0dj,667,69,12103,Ġstupid,stupid,False,loneliness,-0.03404191491986589,0.03404191491986589,0.46824121475219727,0.01818273216485977,0.35,0,0,600,FP32-token-IDs
RoBERTa,107a0dj,667,69,12103,Ġstupid,stupid,False,sadness,-0.005092589363742333,0.005092589363742333,0.2721138298511505,0.909073531627655,0.35,1,1,600,FP32-token-IDs
RoBERTa,107a0dj,667,69,12103,Ġstupid,stupid,False,suicide intent,-0.007564878681688032,0.007564878681688032,0.06211342662572861,0.20536360144615173,0.35,0,0,600,FP32-token-IDs
RoBERTa,107a0dj,667,69,12103,Ġstupid,stupid,False,worthlessness,0.034864323276381656,0.034864323276381656,0.20004579424858093,0.900713324546814,0.35,1,1,600,FP32-token-IDs
RoBERTa,107a0dj,667,70,383,Ġthings,things,False,anger,0.00912052677729382,0.00912052677729382,0.17253035306930542,0.034825000911951065,0.35,0,0,600,FP32-token-IDs
RoBERTa,107a0dj,667,70,383,Ġthings,things,False,brain dysfunction (forget),0.029737035112562947,0.029737035112562947,0.17044810950756073,0.3622249364852905,0.35,1,1,600,FP32-token-IDs
RoBERTa,107a0dj,667,70,383,Ġthings,things,False,emptiness,-0.01544814143786565,0.01544814143786565,0.1288936883211136,0.1701594591140747,0.35,0,0,600,FP32-token-IDs
RoBERTa,107a0dj,667,70,383,Ġthings,things,False,hopelessness,0.007888753307410158,0.007888753307410158,0.23900723457336426,0.965188205242157,0.35,1,1,600,FP32-token-IDs
RoBERTa,107a0dj,667,70,383,Ġthings,things,False,loneliness,-0.03248965583602862,0.03248965583602862,0.46824121475219727,0.01818273216485977,0.35,0,0,600,FP32-token-IDs
RoBERTa,107a0dj,667,70,383,Ġthings,things,False,sadness,-0.008783167872864466,0.008783167872864466,0.2721138298511505,0.909073531627655,0.35,1,1,600,FP32-token-IDs
RoBERTa,107a0dj,667,70,383,Ġthings,things,False,suicide intent,-0.007499646622118934,0.007499646622118934,0.06211342662572861,0.20536360144615173,0.35,0,0,600,FP32-token-IDs
RoBERTa,107a0dj,667,70,383,Ġthings,things,False,worthlessness,0.028522745768826168,0.028522745768826168,0.20004579424858093,0.900713324546814,0.35,1,1,600,FP32-token-IDs
RoBERTa,107a0dj,667,71,101,Ġlike,like,False,anger,-0.009789946970816414,0.009789946970816414,0.17253035306930542,0.034825000911951065,0.35,0,0,600,FP32-token-IDs
RoBERTa,107a0dj,667,71,101,Ġlike,like,False,brain dysfunction (forget),-0.0013095765517881284,0.0013095765517881284,0.17044810950756073,0.3622249364852905,0.35,1,1,600,FP32-token-IDs
RoBERTa,107a0dj,667,71,101,Ġlike,like,False,emptiness,-0.01089799552797698,0.01089799552797698,0.1288936883211136,0.1701594591140747,0.35,0,0,600,FP32-token-IDs
RoBERTa,107a0dj,667,71,101,Ġlike,like,False,hopelessness,-0.007550876573301279,0.007550876573301279,0.23900723457336426,0.965188205242157,0.35,1,1,600,FP32-token-IDs
RoBERTa,107a0dj,667,71,101,Ġlike,like,False,loneliness,-0.006036547699253648,0.006036547699253648,0.46824121475219727,0.01818273216485977,0.35,0,0,600,FP32-token-IDs
RoBERTa,107a0dj,667,71,101,Ġlike,like,False,sadness,-0.006617097083765727,0.006617097083765727,0.2721138298511505,0.909073531627655,0.35,1,1,600,FP32-token-IDs
RoBERTa,107a0dj,667,71,101,Ġlike,like,False,suicide intent,-0.00773776564859033,0.00773776564859033,0.06211342662572861,0.20536360144615173,0.35,0,0,600,FP32-token-IDs
RoBERTa,107a0dj,667,71,101,Ġlike,like,False,worthlessness,-0.01141046598338737,0.01141046598338737,0.20004579424858093,0.900713324546814,0.35,1,1,600,FP32-token-IDs
RoBERTa,107a0dj,667,72,2099,Ġsex,sex,False,anger,-0.009789946970816414,0.009789946970816414,0.17253035306930542,0.034825000911951065,0.35,0,0,600,FP32-token-IDs
RoBERTa,107a0dj,667,72,2099,Ġsex,sex,False,brain dysfunction (forget),-0.0013095765517881284,0.0013095765517881284,0.17044810950756073,0.3622249364852905,0.35,1,1,600,FP32-token-IDs
RoBERTa,107a0dj,667,72,2099,Ġsex,sex,False,emptiness,-0.01089799552797698,0.01089799552797698,0.1288936883211136,0.1701594591140747,0.35,0,0,600,FP32-token-IDs
RoBERTa,107a0dj,667,72,2099,Ġsex,sex,False,hopelessness,-0.007550876573301279,0.007550876573301279,0.23900723457336426,0.965188205242157,0.35,1,1,600,FP32-token-IDs
RoBERTa,107a0dj,667,72,2099,Ġsex,sex,False,loneliness,-0.006036547699253648,0.006036547699253648,0.46824121475219727,0.01818273216485977,0.35,0,0,600,FP32-token-IDs
RoBERTa,107a0dj,667,72,2099,Ġsex,sex,False,sadness,-0.006617097083765727,0.006617097083765727,0.2721138298511505,0.909073531627655,0.35,1,1,600,FP32-token-IDs
RoBERTa,107a0dj,667,72,2099,Ġsex,sex,False,suicide intent,-0.00773776564859033,0.00773776564859033,0.06211342662572861,0.20536360144615173,0.35,0,0,600,FP32-token-IDs
RoBERTa,107a0dj,667,72,2099,Ġsex,sex,False,worthlessness,-0.01141046598338737,0.01141046598338737,0.20004579424858093,0.900713324546814,0.35,1,1,600,FP32-token-IDs
RoBERTa,107a0dj,667,73,70,Ġall,all,False,anger,-0.00333710932232535,0.00333710932232535,0.17253035306930542,0.034825000911951065,0.35,0,0,600,FP32-token-IDs
RoBERTa,107a0dj,667,73,70,Ġall,all,False,brain dysfunction (forget),-0.0021877530484627453,0.0021877530484627453,0.17044810950756073,0.3622249364852905,0.35,1,1,600,FP32-token-IDs
RoBERTa,107a0dj,667,73,70,Ġall,all,False,emptiness,-0.012970742859089604,0.012970742859089604,0.1288936883211136,0.1701594591140747,0.35,0,0,600,FP32-token-IDs
RoBERTa,107a0dj,667,73,70,Ġall,all,False,hopelessness,-0.0061411127925683285,0.0061411127925683285,0.23900723457336426,0.965188205242157,0.35,1,1,600,FP32-token-IDs
RoBERTa,107a0dj,667,73,70,Ġall,all,False,loneliness,-0.005924642292442373,0.005924642292442373,0.46824121475219727,0.01818273216485977,0.35,0,0,600,FP32-token-IDs
RoBERTa,107a0dj,667,73,70,Ġall,all,False,sadness,-0.003295294529734514,0.003295294529734514,0.2721138298511505,0.909073531627655,0.35,1,1,600,FP32-token-IDs
RoBERTa,107a0dj,667,73,70,Ġall,all,False,suicide intent,-0.004099397854252646,0.004099397854252646,0.06211342662572861,0.20536360144615173,0.35,0,0,600,FP32-token-IDs
RoBERTa,107a0dj,667,73,70,Ġall,all,False,worthlessness,-0.008491817372254072,0.008491817372254072,0.20004579424858093,0.900713324546814,0.35,1,1,600,FP32-token-IDs
RoBERTa,107a0dj,667,74,5,Ġthe,the,False,anger,-0.00333710932232535,0.00333710932232535,0.17253035306930542,0.034825000911951065,0.35,0,0,600,FP32-token-IDs
RoBERTa,107a0dj,667,74,5,Ġthe,the,False,brain dysfunction (forget),-0.0021877530484627453,0.0021877530484627453,0.17044810950756073,0.3622249364852905,0.35,1,1,600,FP32-token-IDs
RoBERTa,107a0dj,667,74,5,Ġthe,the,False,emptiness,-0.012970742859089604,0.012970742859089604,0.1288936883211136,0.1701594591140747,0.35,0,0,600,FP32-token-IDs
RoBERTa,107a0dj,667,74,5,Ġthe,the,False,hopelessness,-0.0061411127925683285,0.0061411127925683285,0.23900723457336426,0.965188205242157,0.35,1,1,600,FP32-token-IDs
RoBERTa,107a0dj,667,74,5,Ġthe,the,False,loneliness,-0.005924642292442373,0.005924642292442373,0.46824121475219727,0.01818273216485977,0.35,0,0,600,FP32-token-IDs
RoBERTa,107a0dj,667,74,5,Ġthe,the,False,sadness,-0.003295294529734514,0.003295294529734514,0.2721138298511505,0.909073531627655,0.35,1,1,600,FP32-token-IDs
RoBERTa,107a0dj,667,74,5,Ġthe,the,False,suicide intent,-0.004099397854252646,0.004099397854252646,0.06211342662572861,0.20536360144615173,0.35,0,0,600,FP32-token-IDs
RoBERTa,107a0dj,667,74,5,Ġthe,the,False,worthlessness,-0.008491817372254072,0.008491817372254072,0.20004579424858093,0.900713324546814,0.35,1,1,600,FP32-token-IDs
RoBERTa,107a0dj,667,75,86,Ġtime,time,False,anger,-0.00333710932232535,0.00333710932232535,0.17253035306930542,0.034825000911951065,0.35,0,0,600,FP32-token-IDs
RoBERTa,107a0dj,667,75,86,Ġtime,time,False,brain dysfunction (forget),-0.0021877530484627453,0.0021877530484627453,0.17044810950756073,0.3622249364852905,0.35,1,1,600,FP32-token-IDs
RoBERTa,107a0dj,667,75,86,Ġtime,time,False,emptiness,-0.012970742859089604,0.012970742859089604,0.1288936883211136,0.1701594591140747,0.35,0,0,600,FP32-token-IDs
RoBERTa,107a0dj,667,75,86,Ġtime,time,False,hopelessness,-0.0061411127925683285,0.0061411127925683285,0.23900723457336426,0.965188205242157,0.35,1,1,600,FP32-token-IDs
RoBERTa,107a0dj,667,75,86,Ġtime,time,False,loneliness,-0.005924642292442373,0.005924642292442373,0.46824121475219727,0.01818273216485977,0.35,0,0,600,FP32-token-IDs
RoBERTa,107a0dj,667,75,86,Ġtime,time,False,sadness,-0.003295294529734514,0.003295294529734514,0.2721138298511505,0.909073531627655,0.35,1,1,600,FP32-token-IDs
RoBERTa,107a0dj,667,75,86,Ġtime,time,False,suicide intent,-0.004099397854252646,0.004099397854252646,0.06211342662572861,0.20536360144615173,0.35,0,0,600,FP32-token-IDs
RoBERTa,107a0dj,667,75,86,Ġtime,time,False,worthlessness,-0.008491817372254072,0.008491817372254072,0.20004579424858093,0.900713324546814,0.35,1,1,600,FP32-token-IDs
RoBERTa,107a0dj,667,76,8,Ġand,and,False,anger,0.003774636425077915,0.003774636425077915,0.17253035306930542,0.034825000911951065,0.35,0,0,600,FP32-token-IDs
RoBERTa,107a0dj,667,76,8,Ġand,and,False,brain dysfunction (forget),-0.0029933761701815657,0.0029933761701815657,0.17044810950756073,0.3622249364852905,0.35,1,1,600,FP32-token-IDs
RoBERTa,107a0dj,667,76,8,Ġand,and,False,emptiness,-0.0025467631872743367,0.0025467631872743367,0.1288936883211136,0.1701594591140747,0.35,0,0,600,FP32-token-IDs
RoBERTa,107a0dj,667,76,8,Ġand,and,False,hopelessness,0.004458711151447561,0.004458711151447561,0.23900723457336426,0.965188205242157,0.35,1,1,600,FP32-token-IDs
RoBERTa,107a0dj,667,76,8,Ġand,and,False,loneliness,-0.006046717802786992,0.006046717802786992,0.46824121475219727,0.01818273216485977,0.35,0,0,600,FP32-token-IDs
RoBERTa,107a0dj,667,76,8,Ġand,and,False,sadness,0.0016535986732277605,0.0016535986732277605,0.2721138298511505,0.909073531627655,0.35,1,1,600,FP32-token-IDs
RoBERTa,107a0dj,667,76,8,Ġand,and,False,suicide intent,0.0023929325281642376,0.0023929325281642376,0.06211342662572861,0.20536360144615173,0.35,0,0,600,FP32-token-IDs
RoBERTa,107a0dj,667,76,8,Ġand,and,False,worthlessness,0.002202197661002477,0.002202197661002477,0.20004579424858093,0.900713324546814,0.35,1,1,600,FP32-token-IDs
RoBERTa,107a0dj,667,77,38,ĠI,i,False,anger,-0.0053492831939365715,0.0053492831939365715,0.17253035306930542,0.034825000911951065,0.35,0,0,600,FP32-token-IDs
RoBERTa,107a0dj,667,77,38,ĠI,i,False,brain dysfunction (forget),0.0033144392060219414,0.0033144392060219414,0.17044810950756073,0.3622249364852905,0.35,1,1,600,FP32-token-IDs
RoBERTa,107a0dj,667,77,38,ĠI,i,False,emptiness,0.011069504462648183,0.011069504462648183,0.1288936883211136,0.1701594591140747,0.35,0,0,600,FP32-token-IDs
RoBERTa,107a0dj,667,77,38,ĠI,i,False,hopelessness,0.013059170352708963,0.013059170352708963,0.23900723457336426,0.965188205242157,0.35,1,1,600,FP32-token-IDs
RoBERTa,107a0dj,667,77,38,ĠI,i,False,loneliness,0.009809613178691102,0.009809613178691102,0.46824121475219727,0.01818273216485977,0.35,0,0,600,FP32-token-IDs
RoBERTa,107a0dj,667,77,38,ĠI,i,False,sadness,0.010379136242489848,0.010379136242489848,0.2721138298511505,0.909073531627655,0.35,1,1,600,FP32-token-IDs
RoBERTa,107a0dj,667,77,38,ĠI,i,False,suicide intent,0.00477143770258408,0.00477143770258408,0.06211342662572861,0.20536360144615173,0.35,0,0,600,FP32-token-IDs
RoBERTa,107a0dj,667,77,38,ĠI,i,False,worthlessness,0.0007993555472542843,0.0007993555472542843,0.20004579424858093,0.900713324546814,0.35,1,1,600,FP32-token-IDs
RoBERTa,107a0dj,667,78,218,Ġdon,don,False,anger,-0.0053492831939365715,0.0053492831939365715,0.17253035306930542,0.034825000911951065,0.35,0,0,600,FP32-token-IDs
RoBERTa,107a0dj,667,78,218,Ġdon,don,False,brain dysfunction (forget),0.0033144392060219414,0.0033144392060219414,0.17044810950756073,0.3622249364852905,0.35,1,1,600,FP32-token-IDs
RoBERTa,107a0dj,667,78,218,Ġdon,don,False,emptiness,0.011069504462648183,0.011069504462648183,0.1288936883211136,0.1701594591140747,0.35,0,0,600,FP32-token-IDs
RoBERTa,107a0dj,667,78,218,Ġdon,don,False,hopelessness,0.013059170352708963,0.013059170352708963,0.23900723457336426,0.965188205242157,0.35,1,1,600,FP32-token-IDs
RoBERTa,107a0dj,667,78,218,Ġdon,don,False,loneliness,0.009809613178691102,0.009809613178691102,0.46824121475219727,0.01818273216485977,0.35,0,0,600,FP32-token-IDs
RoBERTa,107a0dj,667,78,218,Ġdon,don,False,sadness,0.010379136242489848,0.010379136242489848,0.2721138298511505,0.909073531627655,0.35,1,1,600,FP32-token-IDs
RoBERTa,107a0dj,667,78,218,Ġdon,don,False,suicide intent,0.00477143770258408,0.00477143770258408,0.06211342662572861,0.20536360144615173,0.35,0,0,600,FP32-token-IDs
RoBERTa,107a0dj,667,78,218,Ġdon,don,False,worthlessness,0.0007993555472542843,0.0007993555472542843,0.20004579424858093,0.900713324546814,0.35,1,1,600,FP32-token-IDs
RoBERTa,107a0dj,667,79,75,'t,'t,False,anger,-0.005960702110314742,0.005960702110314742,0.17253035306930542,0.034825000911951065,0.35,0,0,600,FP32-token-IDs
RoBERTa,107a0dj,667,79,75,'t,'t,False,brain dysfunction (forget),0.003042276365320302,0.003042276365320302,0.17044810950756073,0.3622249364852905,0.35,1,1,600,FP32-token-IDs
RoBERTa,107a0dj,667,79,75,'t,'t,False,emptiness,0.007164889166597277,0.007164889166597277,0.1288936883211136,0.1701594591140747,0.35,0,0,600,FP32-token-IDs
RoBERTa,107a0dj,667,79,75,'t,'t,False,hopelessness,0.0075658647291776205,0.0075658647291776205,0.23900723457336426,0.965188205242157,0.35,1,1,600,FP32-token-IDs
RoBERTa,107a0dj,667,79,75,'t,'t,False,loneliness,0.004332215476056767,0.004332215476056767,0.46824121475219727,0.01818273216485977,0.35,0,0,600,FP32-token-IDs
RoBERTa,107a0dj,667,79,75,'t,'t,False,sadness,0.0032094644201505515,0.0032094644201505515,0.2721138298511505,0.909073531627655,0.35,1,1,600,FP32-token-IDs
RoBERTa,107a0dj,667,79,75,'t,'t,False,suicide intent,0.0020918119727866722,0.0020918119727866722,0.06211342662572861,0.20536360144615173,0.35,0,0,600,FP32-token-IDs
RoBERTa,107a0dj,667,79,75,'t,'t,False,worthlessness,0.0006965971396615108,0.0006965971396615108,0.20004579424858093,0.900713324546814,0.35,1,1,600,FP32-token-IDs
RoBERTa,107a0dj,667,80,216,Ġknow,know,False,anger,-0.005960702110314742,0.005960702110314742,0.17253035306930542,0.034825000911951065,0.35,0,0,600,FP32-token-IDs
RoBERTa,107a0dj,667,80,216,Ġknow,know,False,brain dysfunction (forget),0.003042276365320302,0.003042276365320302,0.17044810950756073,0.3622249364852905,0.35,1,1,600,FP32-token-IDs
RoBERTa,107a0dj,667,80,216,Ġknow,know,False,emptiness,0.007164889166597277,0.007164889166597277,0.1288936883211136,0.1701594591140747,0.35,0,0,600,FP32-token-IDs
RoBERTa,107a0dj,667,80,216,Ġknow,know,False,hopelessness,0.0075658647291776205,0.0075658647291776205,0.23900723457336426,0.965188205242157,0.35,1,1,600,FP32-token-IDs
RoBERTa,107a0dj,667,80,216,Ġknow,know,False,loneliness,0.004332215476056767,0.004332215476056767,0.46824121475219727,0.01818273216485977,0.35,0,0,600,FP32-token-IDs
RoBERTa,107a0dj,667,80,216,Ġknow,know,False,sadness,0.0032094644201505515,0.0032094644201505515,0.2721138298511505,0.909073531627655,0.35,1,1,600,FP32-token-IDs
RoBERTa,107a0dj,667,80,216,Ġknow,know,False,suicide intent,0.0020918119727866722,0.0020918119727866722,0.06211342662572861,0.20536360144615173,0.35,0,0,600,FP32-token-IDs
RoBERTa,107a0dj,667,80,216,Ġknow,know,False,worthlessness,0.0006965971396615108,0.0006965971396615108,0.20004579424858093,0.900713324546814,0.35,1,1,600,FP32-token-IDs
RoBERTa,107a0dj,667,81,99,Ġwhat,what,False,anger,-0.012173323707732683,0.012173323707732683,0.17253035306930542,0.034825000911951065,0.35,0,0,600,FP32-token-IDs
RoBERTa,107a0dj,667,81,99,Ġwhat,what,False,brain dysfunction (forget),0.002568366419937875,0.002568366419937875,0.17044810950756073,0.3622249364852905,0.35,1,1,600,FP32-token-IDs
RoBERTa,107a0dj,667,81,99,Ġwhat,what,False,emptiness,0.004061224598747989,0.004061224598747989,0.1288936883211136,0.1701594591140747,0.35,0,0,600,FP32-token-IDs
RoBERTa,107a0dj,667,81,99,Ġwhat,what,False,hopelessness,0.014112684746376343,0.014112684746376343,0.23900723457336426,0.965188205242157,0.35,1,1,600,FP32-token-IDs
RoBERTa,107a0dj,667,81,99,Ġwhat,what,False,loneliness,0.0027690161304134465,0.0027690161304134465,0.46824121475219727,0.01818273216485977,0.35,0,0,600,FP32-token-IDs
RoBERTa,107a0dj,667,81,99,Ġwhat,what,False,sadness,0.015288534548340572,0.015288534548340572,0.2721138298511505,0.909073531627655,0.35,1,1,600,FP32-token-IDs
RoBERTa,107a0dj,667,81,99,Ġwhat,what,False,suicide intent,0.0019083238197102523,0.0019083238197102523,0.06211342662572861,0.20536360144615173,0.35,0,0,600,FP32-token-IDs
RoBERTa,107a0dj,667,81,99,Ġwhat,what,False,worthlessness,0.0016335637386267383,0.0016335637386267383,0.20004579424858093,0.900713324546814,0.35,1,1,600,FP32-token-IDs
RoBERTa,107a0dj,667,82,7,Ġto,to,False,anger,-0.012310212846690169,0.012310212846690169,0.17253035306930542,0.034825000911951065,0.35,0,0,600,FP32-token-IDs
RoBERTa,107a0dj,667,82,7,Ġto,to,False,brain dysfunction (forget),0.0028510975599702858,0.0028510975599702858,0.17044810950756073,0.3622249364852905,0.35,1,1,600,FP32-token-IDs
RoBERTa,107a0dj,667,82,7,Ġto,to,False,emptiness,0.005392188633171221,0.005392188633171221,0.1288936883211136,0.1701594591140747,0.35,0,0,600,FP32-token-IDs
RoBERTa,107a0dj,667,82,7,Ġto,to,False,hopelessness,0.01829348771005041,0.01829348771005041,0.23900723457336426,0.965188205242157,0.35,1,1,600,FP32-token-IDs
RoBERTa,107a0dj,667,82,7,Ġto,to,False,loneliness,0.0034381630183714963,0.0034381630183714963,0.46824121475219727,0.01818273216485977,0.35,0,0,600,FP32-token-IDs
RoBERTa,107a0dj,667,82,7,Ġto,to,False,sadness,0.01952495423352553,0.01952495423352553,0.2721138298511505,0.909073531627655,0.35,1,1,600,FP32-token-IDs
RoBERTa,107a0dj,667,82,7,Ġto,to,False,suicide intent,0.0018422622864212221,0.0018422622864212221,0.06211342662572861,0.20536360144615173,0.35,0,0,600,FP32-token-IDs
RoBERTa,107a0dj,667,82,7,Ġto,to,False,worthlessness,0.001955341741753121,0.001955341741753121,0.20004579424858093,0.900713324546814,0.35,1,1,600,FP32-token-IDs
RoBERTa,107a0dj,667,83,109,Ġdo,do,False,anger,-0.01168306304801566,0.01168306304801566,0.17253035306930542,0.034825000911951065,0.35,0,0,600,FP32-token-IDs
RoBERTa,107a0dj,667,83,109,Ġdo,do,False,brain dysfunction (forget),0.0012531014573242925,0.0012531014573242925,0.17044810950756073,0.3622249364852905,0.35,1,1,600,FP32-token-IDs
RoBERTa,107a0dj,667,83,109,Ġdo,do,False,emptiness,0.0030905623765041432,0.0030905623765041432,0.1288936883211136,0.1701594591140747,0.35,0,0,600,FP32-token-IDs
RoBERTa,107a0dj,667,83,109,Ġdo,do,False,hopelessness,0.008623441784746118,0.008623441784746118,0.23900723457336426,0.965188205242157,0.35,1,1,600,FP32-token-IDs
RoBERTa,107a0dj,667,83,109,Ġdo,do,False,loneliness,0.0021284934417862035,0.0021284934417862035,0.46824121475219727,0.01818273216485977,0.35,0,0,600,FP32-token-IDs
RoBERTa,107a0dj,667,83,109,Ġdo,do,False,sadness,0.012615704184605015,0.012615704184605015,0.2721138298511505,0.909073531627655,0.35,1,1,600,FP32-token-IDs
RoBERTa,107a0dj,667,83,109,Ġdo,do,False,suicide intent,0.0022906693969465173,0.0022906693969465173,0.06211342662572861,0.20536360144615173,0.35,0,0,600,FP32-token-IDs
RoBERTa,107a0dj,667,83,109,Ġdo,do,False,worthlessness,5.393552904327703e-05,5.393552904327703e-05,0.20004579424858093,0.900713324546814,0.35,1,1,600,FP32-token-IDs
RoBERTa,107a0dj,667,84,6,",",",",False,anger,-8.813745807856321e-05,8.813745807856321e-05,0.17253035306930542,0.034825000911951065,0.35,0,0,600,FP32-token-IDs
RoBERTa,107a0dj,667,84,6,",",",",False,brain dysfunction (forget),0.002482639496318168,0.002482639496318168,0.17044810950756073,0.3622249364852905,0.35,1,1,600,FP32-token-IDs
RoBERTa,107a0dj,667,84,6,",",",",False,emptiness,0.0071689102333039045,0.0071689102333039045,0.1288936883211136,0.1701594591140747,0.35,0,0,600,FP32-token-IDs
RoBERTa,107a0dj,667,84,6,",",",",False,hopelessness,0.004283648863848712,0.004283648863848712,0.23900723457336426,0.965188205242157,0.35,1,1,600,FP32-token-IDs
RoBERTa,107a0dj,667,84,6,",",",",False,loneliness,0.004015405752903057,0.004015405752903057,0.46824121475219727,0.01818273216485977,0.35,0,0,600,FP32-token-IDs
RoBERTa,107a0dj,667,84,6,",",",",False,sadness,0.000890735588553879,0.000890735588553879,0.2721138298511505,0.909073531627655,0.35,1,1,600,FP32-token-IDs
RoBERTa,107a0dj,667,84,6,",",",",False,suicide intent,0.003876455230056308,0.003876455230056308,0.06211342662572861,0.20536360144615173,0.35,0,0,600,FP32-token-IDs
RoBERTa,107a0dj,667,84,6,",",",",False,worthlessness,0.0015756334954251847,0.0015756334954251847,0.20004579424858093,0.900713324546814,0.35,1,1,600,FP32-token-IDs
RoBERTa,107a0dj,667,85,24,Ġit,it,False,anger,-0.004030368094950413,0.004030368094950413,0.17253035306930542,0.034825000911951065,0.35,0,0,600,FP32-token-IDs
RoBERTa,107a0dj,667,85,24,Ġit,it,False,brain dysfunction (forget),0.005760172144688953,0.005760172144688953,0.17044810950756073,0.3622249364852905,0.35,1,1,600,FP32-token-IDs
RoBERTa,107a0dj,667,85,24,Ġit,it,False,emptiness,0.0042765071087230285,0.0042765071087230285,0.1288936883211136,0.1701594591140747,0.35,0,0,600,FP32-token-IDs
RoBERTa,107a0dj,667,85,24,Ġit,it,False,hopelessness,0.0068338540955804866,0.0068338540955804866,0.23900723457336426,0.965188205242157,0.35,1,1,600,FP32-token-IDs
RoBERTa,107a0dj,667,85,24,Ġit,it,False,loneliness,-0.00034316912038215937,0.00034316912038215937,0.46824121475219727,0.01818273216485977,0.35,0,0,600,FP32-token-IDs
RoBERTa,107a0dj,667,85,24,Ġit,it,False,sadness,0.004713416421929231,0.004713416421929231,0.2721138298511505,0.909073531627655,0.35,1,1,600,FP32-token-IDs
RoBERTa,107a0dj,667,85,24,Ġit,it,False,suicide intent,0.0035407044163618525,0.0035407044163618525,0.06211342662572861,0.20536360144615173,0.35,0,0,600,FP32-token-IDs
RoBERTa,107a0dj,667,85,24,Ġit,it,False,worthlessness,0.0076669583526941445,0.0076669583526941445,0.20004579424858093,0.900713324546814,0.35,1,1,600,FP32-token-IDs
RoBERTa,107a0dj,667,86,18,'s,'s,False,anger,-0.004030368094950413,0.004030368094950413,0.17253035306930542,0.034825000911951065,0.35,0,0,600,FP32-token-IDs
RoBERTa,107a0dj,667,86,18,'s,'s,False,brain dysfunction (forget),0.005760172144688953,0.005760172144688953,0.17044810950756073,0.3622249364852905,0.35,1,1,600,FP32-token-IDs
RoBERTa,107a0dj,667,86,18,'s,'s,False,emptiness,0.0042765071087230285,0.0042765071087230285,0.1288936883211136,0.1701594591140747,0.35,0,0,600,FP32-token-IDs
RoBERTa,107a0dj,667,86,18,'s,'s,False,hopelessness,0.0068338540955804866,0.0068338540955804866,0.23900723457336426,0.965188205242157,0.35,1,1,600,FP32-token-IDs
RoBERTa,107a0dj,667,86,18,'s,'s,False,loneliness,-0.00034316912038215937,0.00034316912038215937,0.46824121475219727,0.01818273216485977,0.35,0,0,600,FP32-token-IDs
RoBERTa,107a0dj,667,86,18,'s,'s,False,sadness,0.004713416421929231,0.004713416421929231,0.2721138298511505,0.909073531627655,0.35,1,1,600,FP32-token-IDs
RoBERTa,107a0dj,667,86,18,'s,'s,False,suicide intent,0.0035407044163618525,0.0035407044163618525,0.06211342662572861,0.20536360144615173,0.35,0,0,600,FP32-token-IDs
RoBERTa,107a0dj,667,86,18,'s,'s,False,worthlessness,0.0076669583526941445,0.0076669583526941445,0.20004579424858093,0.900713324546814,0.35,1,1,600,FP32-token-IDs
RoBERTa,107a0dj,667,87,101,Ġlike,like,False,anger,-0.004687811517774558,0.004687811517774558,0.17253035306930542,0.034825000911951065,0.35,0,0,600,FP32-token-IDs
RoBERTa,107a0dj,667,87,101,Ġlike,like,False,brain dysfunction (forget),0.003644065694131244,0.003644065694131244,0.17044810950756073,0.3622249364852905,0.35,1,1,600,FP32-token-IDs
RoBERTa,107a0dj,667,87,101,Ġlike,like,False,emptiness,0.0038539907366682133,0.0038539907366682133,0.1288936883211136,0.1701594591140747,0.35,0,0,600,FP32-token-IDs
RoBERTa,107a0dj,667,87,101,Ġlike,like,False,hopelessness,0.00622473001623383,0.00622473001623383,0.23900723457336426,0.965188205242157,0.35,1,1,600,FP32-token-IDs
RoBERTa,107a0dj,667,87,101,Ġlike,like,False,loneliness,-0.0006689546045471126,0.0006689546045471126,0.46824121475219727,0.01818273216485977,0.35,0,0,600,FP32-token-IDs
RoBERTa,107a0dj,667,87,101,Ġlike,like,False,sadness,0.004164832035222879,0.004164832035222879,0.2721138298511505,0.909073531627655,0.35,1,1,600,FP32-token-IDs
RoBERTa,107a0dj,667,87,101,Ġlike,like,False,suicide intent,0.003291610494041099,0.003291610494041099,0.06211342662572861,0.20536360144615173,0.35,0,0,600,FP32-token-IDs
RoBERTa,107a0dj,667,87,101,Ġlike,like,False,worthlessness,0.007378183161983123,0.007378183161983123,0.20004579424858093,0.900713324546814,0.35,1,1,600,FP32-token-IDs
RoBERTa,107a0dj,667,88,38,ĠI,i,False,anger,-0.004687811517774558,0.004687811517774558,0.17253035306930542,0.034825000911951065,0.35,0,0,600,FP32-token-IDs
RoBERTa,107a0dj,667,88,38,ĠI,i,False,brain dysfunction (forget),0.003644065694131244,0.003644065694131244,0.17044810950756073,0.3622249364852905,0.35,1,1,600,FP32-token-IDs
RoBERTa,107a0dj,667,88,38,ĠI,i,False,emptiness,0.0038539907366682133,0.0038539907366682133,0.1288936883211136,0.1701594591140747,0.35,0,0,600,FP32-token-IDs
RoBERTa,107a0dj,667,88,38,ĠI,i,False,hopelessness,0.00622473001623383,0.00622473001623383,0.23900723457336426,0.965188205242157,0.35,1,1,600,FP32-token-IDs
RoBERTa,107a0dj,667,88,38,ĠI,i,False,loneliness,-0.0006689546045471126,0.0006689546045471126,0.46824121475219727,0.01818273216485977,0.35,0,0,600,FP32-token-IDs
RoBERTa,107a0dj,667,88,38,ĠI,i,False,sadness,0.004164832035222879,0.004164832035222879,0.2721138298511505,0.909073531627655,0.35,1,1,600,FP32-token-IDs
RoBERTa,107a0dj,667,88,38,ĠI,i,False,suicide intent,0.003291610494041099,0.003291610494041099,0.06211342662572861,0.20536360144615173,0.35,0,0,600,FP32-token-IDs
RoBERTa,107a0dj,667,88,38,ĠI,i,False,worthlessness,0.007378183161983123,0.007378183161983123,0.20004579424858093,0.900713324546814,0.35,1,1,600,FP32-token-IDs
RoBERTa,107a0dj,667,89,437,'m,'m,False,anger,-0.005317775220296776,0.005317775220296776,0.17253035306930542,0.034825000911951065,0.35,0,0,600,FP32-token-IDs
RoBERTa,107a0dj,667,89,437,'m,'m,False,brain dysfunction (forget),0.027235109587379087,0.027235109587379087,0.17044810950756073,0.3622249364852905,0.35,1,1,600,FP32-token-IDs
RoBERTa,107a0dj,667,89,437,'m,'m,False,emptiness,0.023372438660142228,0.023372438660142228,0.1288936883211136,0.1701594591140747,0.35,0,0,600,FP32-token-IDs
RoBERTa,107a0dj,667,89,437,'m,'m,False,hopelessness,0.012873339663761167,0.012873339663761167,0.23900723457336426,0.965188205242157,0.35,1,1,600,FP32-token-IDs
RoBERTa,107a0dj,667,89,437,'m,'m,False,loneliness,0.0022092965317334835,0.0022092965317334835,0.46824121475219727,0.01818273216485977,0.35,0,0,600,FP32-token-IDs
RoBERTa,107a0dj,667,89,437,'m,'m,False,sadness,0.0028032642753364947,0.0028032642753364947,0.2721138298511505,0.909073531627655,0.35,1,1,600,FP32-token-IDs
RoBERTa,107a0dj,667,89,437,'m,'m,False,suicide intent,0.00688902711800228,0.00688902711800228,0.06211342662572861,0.20536360144615173,0.35,0,0,600,FP32-token-IDs
RoBERTa,107a0dj,667,89,437,'m,'m,False,worthlessness,0.019263996832216017,0.019263996832216017,0.20004579424858093,0.900713324546814,0.35,1,1,600,FP32-token-IDs
RoBERTa,107a0dj,667,90,117,Ġno,no,False,anger,-0.005317775220296776,0.005317775220296776,0.17253035306930542,0.034825000911951065,0.35,0,0,600,FP32-token-IDs
RoBERTa,107a0dj,667,90,117,Ġno,no,False,brain dysfunction (forget),0.027235109587379087,0.027235109587379087,0.17044810950756073,0.3622249364852905,0.35,1,1,600,FP32-token-IDs
RoBERTa,107a0dj,667,90,117,Ġno,no,False,emptiness,0.023372438660142228,0.023372438660142228,0.1288936883211136,0.1701594591140747,0.35,0,0,600,FP32-token-IDs
RoBERTa,107a0dj,667,90,117,Ġno,no,False,hopelessness,0.012873339663761167,0.012873339663761167,0.23900723457336426,0.965188205242157,0.35,1,1,600,FP32-token-IDs
RoBERTa,107a0dj,667,90,117,Ġno,no,False,loneliness,0.0022092965317334835,0.0022092965317334835,0.46824121475219727,0.01818273216485977,0.35,0,0,600,FP32-token-IDs
RoBERTa,107a0dj,667,90,117,Ġno,no,False,sadness,0.0028032642753364947,0.0028032642753364947,0.2721138298511505,0.909073531627655,0.35,1,1,600,FP32-token-IDs
RoBERTa,107a0dj,667,90,117,Ġno,no,False,suicide intent,0.00688902711800228,0.00688902711800228,0.06211342662572861,0.20536360144615173,0.35,0,0,600,FP32-token-IDs
RoBERTa,107a0dj,667,90,117,Ġno,no,False,worthlessness,0.019263996832216017,0.019263996832216017,0.20004579424858093,0.900713324546814,0.35,1,1,600,FP32-token-IDs
RoBERTa,107a0dj,667,91,1181,Ġlonger,longer,False,anger,-0.004277530570666736,0.004277530570666736,0.17253035306930542,0.034825000911951065,0.35,0,0,600,FP32-token-IDs
RoBERTa,107a0dj,667,91,1181,Ġlonger,longer,False,brain dysfunction (forget),0.02864756737387954,0.02864756737387954,0.17044810950756073,0.3622249364852905,0.35,1,1,600,FP32-token-IDs
RoBERTa,107a0dj,667,91,1181,Ġlonger,longer,False,emptiness,0.015770182868716523,0.015770182868716523,0.1288936883211136,0.1701594591140747,0.35,0,0,600,FP32-token-IDs
RoBERTa,107a0dj,667,91,1181,Ġlonger,longer,False,hopelessness,0.007691831059324054,0.007691831059324054,0.23900723457336426,0.965188205242157,0.35,1,1,600,FP32-token-IDs
RoBERTa,107a0dj,667,91,1181,Ġlonger,longer,False,loneliness,-0.003543869277704149,0.003543869277704149,0.46824121475219727,0.01818273216485977,0.35,0,0,600,FP32-token-IDs
RoBERTa,107a0dj,667,91,1181,Ġlonger,longer,False,sadness,0.0010676249825897126,0.0010676249825897126,0.2721138298511505,0.909073531627655,0.35,1,1,600,FP32-token-IDs
RoBERTa,107a0dj,667,91,1181,Ġlonger,longer,False,suicide intent,0.006381324474484875,0.006381324474484875,0.06211342662572861,0.20536360144615173,0.35,0,0,600,FP32-token-IDs
RoBERTa,107a0dj,667,91,1181,Ġlonger,longer,False,worthlessness,0.013263711329692831,0.013263711329692831,0.20004579424858093,0.900713324546814,0.35,1,1,600,FP32-token-IDs
RoBERTa,107a0dj,667,92,2793,Ġsmart,smart,False,anger,-0.004277530570666736,0.004277530570666736,0.17253035306930542,0.034825000911951065,0.35,0,0,600,FP32-token-IDs
RoBERTa,107a0dj,667,92,2793,Ġsmart,smart,False,brain dysfunction (forget),0.02864756737387954,0.02864756737387954,0.17044810950756073,0.3622249364852905,0.35,1,1,600,FP32-token-IDs
RoBERTa,107a0dj,667,92,2793,Ġsmart,smart,False,emptiness,0.015770182868716523,0.015770182868716523,0.1288936883211136,0.1701594591140747,0.35,0,0,600,FP32-token-IDs
RoBERTa,107a0dj,667,92,2793,Ġsmart,smart,False,hopelessness,0.007691831059324054,0.007691831059324054,0.23900723457336426,0.965188205242157,0.35,1,1,600,FP32-token-IDs
RoBERTa,107a0dj,667,92,2793,Ġsmart,smart,False,loneliness,-0.003543869277704149,0.003543869277704149,0.46824121475219727,0.01818273216485977,0.35,0,0,600,FP32-token-IDs
RoBERTa,107a0dj,667,92,2793,Ġsmart,smart,False,sadness,0.0010676249825897126,0.0010676249825897126,0.2721138298511505,0.909073531627655,0.35,1,1,600,FP32-token-IDs
RoBERTa,107a0dj,667,92,2793,Ġsmart,smart,False,suicide intent,0.006381324474484875,0.006381324474484875,0.06211342662572861,0.20536360144615173,0.35,0,0,600,FP32-token-IDs
RoBERTa,107a0dj,667,92,2793,Ġsmart,smart,False,worthlessness,0.013263711329692831,0.013263711329692831,0.20004579424858093,0.900713324546814,0.35,1,1,600,FP32-token-IDs
RoBERTa,107a0dj,667,93,42,Ġthis,this,False,anger,0.016432674120901186,0.016432674120901186,0.17253035306930542,0.034825000911951065,0.35,0,0,600,FP32-token-IDs
RoBERTa,107a0dj,667,93,42,Ġthis,this,False,brain dysfunction (forget),-0.01625612997897686,0.01625612997897686,0.17044810950756073,0.3622249364852905,0.35,1,1,600,FP32-token-IDs
RoBERTa,107a0dj,667,93,42,Ġthis,this,False,emptiness,-0.00664938860035573,0.00664938860035573,0.1288936883211136,0.1701594591140747,0.35,0,0,600,FP32-token-IDs
RoBERTa,107a0dj,667,93,42,Ġthis,this,False,hopelessness,0.002770320918912498,0.002770320918912498,0.23900723457336426,0.965188205242157,0.35,1,1,600,FP32-token-IDs
RoBERTa,107a0dj,667,93,42,Ġthis,this,False,loneliness,-0.0031290682990892,0.0031290682990892,0.46824121475219727,0.01818273216485977,0.35,0,0,600,FP32-token-IDs
RoBERTa,107a0dj,667,93,42,Ġthis,this,False,sadness,0.007926914255278042,0.007926914255278042,0.2721138298511505,0.909073531627655,0.35,1,1,600,FP32-token-IDs
RoBERTa,107a0dj,667,93,42,Ġthis,this,False,suicide intent,-0.001757751629786351,0.001757751629786351,0.06211342662572861,0.20536360144615173,0.35,0,0,600,FP32-token-IDs
RoBERTa,107a0dj,667,93,42,Ġthis,this,False,worthlessness,0.008910222860196462,0.008910222860196462,0.20004579424858093,0.900713324546814,0.35,1,1,600,FP32-token-IDs
RoBERTa,107a0dj,667,94,16,Ġis,is,False,anger,0.016432674120901186,0.016432674120901186,0.17253035306930542,0.034825000911951065,0.35,0,0,600,FP32-token-IDs
RoBERTa,107a0dj,667,94,16,Ġis,is,False,brain dysfunction (forget),-0.01625612997897686,0.01625612997897686,0.17044810950756073,0.3622249364852905,0.35,1,1,600,FP32-token-IDs
RoBERTa,107a0dj,667,94,16,Ġis,is,False,emptiness,-0.00664938860035573,0.00664938860035573,0.1288936883211136,0.1701594591140747,0.35,0,0,600,FP32-token-IDs
RoBERTa,107a0dj,667,94,16,Ġis,is,False,hopelessness,0.002770320918912498,0.002770320918912498,0.23900723457336426,0.965188205242157,0.35,1,1,600,FP32-token-IDs
RoBERTa,107a0dj,667,94,16,Ġis,is,False,loneliness,-0.0031290682990892,0.0031290682990892,0.46824121475219727,0.01818273216485977,0.35,0,0,600,FP32-token-IDs
RoBERTa,107a0dj,667,94,16,Ġis,is,False,sadness,0.007926914255278042,0.007926914255278042,0.2721138298511505,0.909073531627655,0.35,1,1,600,FP32-token-IDs
RoBERTa,107a0dj,667,94,16,Ġis,is,False,suicide intent,-0.001757751629786351,0.001757751629786351,0.06211342662572861,0.20536360144615173,0.35,0,0,600,FP32-token-IDs
RoBERTa,107a0dj,667,94,16,Ġis,is,False,worthlessness,0.008910222860196462,0.008910222860196462,0.20004579424858093,0.900713324546814,0.35,1,1,600,FP32-token-IDs
RoBERTa,107a0dj,667,95,98,Ġso,so,False,anger,0.049171730686234344,0.049171730686234344,0.17253035306930542,0.034825000911951065,0.35,0,0,600,FP32-token-IDs
RoBERTa,107a0dj,667,95,98,Ġso,so,False,brain dysfunction (forget),-0.024424685280358134,0.024424685280358134,0.17044810950756073,0.3622249364852905,0.35,1,1,600,FP32-token-IDs
RoBERTa,107a0dj,667,95,98,Ġso,so,False,emptiness,0.0032667463931899806,0.0032667463931899806,0.1288936883211136,0.1701594591140747,0.35,0,0,600,FP32-token-IDs
RoBERTa,107a0dj,667,95,98,Ġso,so,False,hopelessness,0.013622116005549637,0.013622116005549637,0.23900723457336426,0.965188205242157,0.35,1,1,600,FP32-token-IDs
RoBERTa,107a0dj,667,95,98,Ġso,so,False,loneliness,-0.0005888559998801122,0.0005888559998801122,0.46824121475219727,0.01818273216485977,0.35,0,0,600,FP32-token-IDs
RoBERTa,107a0dj,667,95,98,Ġso,so,False,sadness,0.018488807949380806,0.018488807949380806,0.2721138298511505,0.909073531627655,0.35,1,1,600,FP32-token-IDs
RoBERTa,107a0dj,667,95,98,Ġso,so,False,suicide intent,-0.004902622454840009,0.004902622454840009,0.06211342662572861,0.20536360144615173,0.35,0,0,600,FP32-token-IDs
RoBERTa,107a0dj,667,95,98,Ġso,so,False,worthlessness,0.02987239609579914,0.02987239609579914,0.20004579424858093,0.900713324546814,0.35,1,1,600,FP32-token-IDs
RoBERTa,107a0dj,667,96,8544,Ġunfair,unfair,False,anger,0.13136556597545188,0.13136556597545188,0.17253035306930542,0.034825000911951065,0.35,0,0,600,FP32-token-IDs
RoBERTa,107a0dj,667,96,8544,Ġunfair,unfair,False,brain dysfunction (forget),-0.043975093808078854,0.043975093808078854,0.17044810950756073,0.3622249364852905,0.35,1,1,600,FP32-token-IDs
RoBERTa,107a0dj,667,96,8544,Ġunfair,unfair,False,emptiness,-0.003117280564485834,0.003117280564485834,0.1288936883211136,0.1701594591140747,0.35,0,0,600,FP32-token-IDs
RoBERTa,107a0dj,667,96,8544,Ġunfair,unfair,False,hopelessness,0.030142670205364434,0.030142670205364434,0.23900723457336426,0.965188205242157,0.35,1,1,600,FP32-token-IDs
RoBERTa,107a0dj,667,96,8544,Ġunfair,unfair,False,loneliness,-0.02713411866257397,0.02713411866257397,0.46824121475219727,0.01818273216485977,0.35,0,0,600,FP32-token-IDs
RoBERTa,107a0dj,667,96,8544,Ġunfair,unfair,False,sadness,0.0434839556656348,0.0434839556656348,0.2721138298511505,0.909073531627655,0.35,1,1,600,FP32-token-IDs
RoBERTa,107a0dj,667,96,8544,Ġunfair,unfair,False,suicide intent,-0.007252483813947317,0.007252483813947317,0.06211342662572861,0.20536360144615173,0.35,0,0,600,FP32-token-IDs
RoBERTa,107a0dj,667,96,8544,Ġunfair,unfair,False,worthlessness,0.0714408590655344,0.0714408590655344,0.20004579424858093,0.900713324546814,0.35,1,1,600,FP32-token-IDs
RoBERTa,107a0dj,667,97,6,",",",",False,anger,0.005065756390999572,0.005065756390999572,0.17253035306930542,0.034825000911951065,0.35,0,0,600,FP32-token-IDs
RoBERTa,107a0dj,667,97,6,",",",",False,brain dysfunction (forget),-0.01042733070655511,0.01042733070655511,0.17044810950756073,0.3622249364852905,0.35,1,1,600,FP32-token-IDs
RoBERTa,107a0dj,667,97,6,",",",",False,emptiness,0.00026141640801842416,0.00026141640801842416,0.1288936883211136,0.1701594591140747,0.35,0,0,600,FP32-token-IDs
RoBERTa,107a0dj,667,97,6,",",",",False,hopelessness,0.00493100663790336,0.00493100663790336,0.23900723457336426,0.965188205242157,0.35,1,1,600,FP32-token-IDs
RoBERTa,107a0dj,667,97,6,",",",",False,loneliness,-0.0022759482407799132,0.0022759482407799132,0.46824121475219727,0.01818273216485977,0.35,0,0,600,FP32-token-IDs
RoBERTa,107a0dj,667,97,6,",",",",False,sadness,0.010466095289358726,0.010466095289358726,0.2721138298511505,0.909073531627655,0.35,1,1,600,FP32-token-IDs
RoBERTa,107a0dj,667,97,6,",",",",False,suicide intent,-0.001270190568622918,0.001270190568622918,0.06211342662572861,0.20536360144615173,0.35,0,0,600,FP32-token-IDs
RoBERTa,107a0dj,667,97,6,",",",",False,worthlessness,0.015320392275372376,0.015320392275372376,0.20004579424858093,0.900713324546814,0.35,1,1,600,FP32-token-IDs
RoBERTa,107a0dj,667,98,383,Ġthings,things,False,anger,-0.0022194427554495634,0.0022194427554495634,0.17253035306930542,0.034825000911951065,0.35,0,0,600,FP32-token-IDs
RoBERTa,107a0dj,667,98,383,Ġthings,things,False,brain dysfunction (forget),-0.011537601484451442,0.011537601484451442,0.17044810950756073,0.3622249364852905,0.35,1,1,600,FP32-token-IDs
RoBERTa,107a0dj,667,98,383,Ġthings,things,False,emptiness,-0.005584607337368652,0.005584607337368652,0.1288936883211136,0.1701594591140747,0.35,0,0,600,FP32-token-IDs
RoBERTa,107a0dj,667,98,383,Ġthings,things,False,hopelessness,0.005886776093393564,0.005886776093393564,0.23900723457336426,0.965188205242157,0.35,1,1,600,FP32-token-IDs
RoBERTa,107a0dj,667,98,383,Ġthings,things,False,loneliness,-0.007968564284965396,0.007968564284965396,0.46824121475219727,0.01818273216485977,0.35,0,0,600,FP32-token-IDs
RoBERTa,107a0dj,667,98,383,Ġthings,things,False,sadness,0.008585772826336324,0.008585772826336324,0.2721138298511505,0.909073531627655,0.35,1,1,600,FP32-token-IDs
RoBERTa,107a0dj,667,98,383,Ġthings,things,False,suicide intent,0.004555348830763251,0.004555348830763251,0.06211342662572861,0.20536360144615173,0.35,0,0,600,FP32-token-IDs
RoBERTa,107a0dj,667,98,383,Ġthings,things,False,worthlessness,0.0019964431412518024,0.0019964431412518024,0.20004579424858093,0.900713324546814,0.35,1,1,600,FP32-token-IDs
RoBERTa,107a0dj,667,99,58,Ġwere,were,False,anger,-0.0022194427554495634,0.0022194427554495634,0.17253035306930542,0.034825000911951065,0.35,0,0,600,FP32-token-IDs
RoBERTa,107a0dj,667,99,58,Ġwere,were,False,brain dysfunction (forget),-0.011537601484451442,0.011537601484451442,0.17044810950756073,0.3622249364852905,0.35,1,1,600,FP32-token-IDs
RoBERTa,107a0dj,667,99,58,Ġwere,were,False,emptiness,-0.005584607337368652,0.005584607337368652,0.1288936883211136,0.1701594591140747,0.35,0,0,600,FP32-token-IDs
RoBERTa,107a0dj,667,99,58,Ġwere,were,False,hopelessness,0.005886776093393564,0.005886776093393564,0.23900723457336426,0.965188205242157,0.35,1,1,600,FP32-token-IDs
RoBERTa,107a0dj,667,99,58,Ġwere,were,False,loneliness,-0.007968564284965396,0.007968564284965396,0.46824121475219727,0.01818273216485977,0.35,0,0,600,FP32-token-IDs
RoBERTa,107a0dj,667,99,58,Ġwere,were,False,sadness,0.008585772826336324,0.008585772826336324,0.2721138298511505,0.909073531627655,0.35,1,1,600,FP32-token-IDs
RoBERTa,107a0dj,667,99,58,Ġwere,were,False,suicide intent,0.004555348830763251,0.004555348830763251,0.06211342662572861,0.20536360144615173,0.35,0,0,600,FP32-token-IDs
RoBERTa,107a0dj,667,99,58,Ġwere,were,False,worthlessness,0.0019964431412518024,0.0019964431412518024,0.20004579424858093,0.900713324546814,0.35,1,1,600,FP32-token-IDs
RoBERTa,107a0dj,667,100,416,Ġalready,already,False,anger,0.005841755180153996,0.005841755180153996,0.17253035306930542,0.034825000911951065,0.35,0,0,600,FP32-token-IDs
RoBERTa,107a0dj,667,100,416,Ġalready,already,False,brain dysfunction (forget),-0.012324994208756834,0.012324994208756834,0.17044810950756073,0.3622249364852905,0.35,1,1,600,FP32-token-IDs
RoBERTa,107a0dj,667,100,416,Ġalready,already,False,emptiness,-0.004341384017607197,0.004341384017607197,0.1288936883211136,0.1701594591140747,0.35,0,0,600,FP32-token-IDs
RoBERTa,107a0dj,667,100,416,Ġalready,already,False,hopelessness,0.0123599867336452,0.0123599867336452,0.23900723457336426,0.965188205242157,0.35,1,1,600,FP32-token-IDs
RoBERTa,107a0dj,667,100,416,Ġalready,already,False,loneliness,-0.008305669063702226,0.008305669063702226,0.46824121475219727,0.01818273216485977,0.35,0,0,600,FP32-token-IDs
RoBERTa,107a0dj,667,100,416,Ġalready,already,False,sadness,0.016103625879622996,0.016103625879622996,0.2721138298511505,0.909073531627655,0.35,1,1,600,FP32-token-IDs
RoBERTa,107a0dj,667,100,416,Ġalready,already,False,suicide intent,0.003734754864126444,0.003734754864126444,0.06211342662572861,0.20536360144615173,0.35,0,0,600,FP32-token-IDs
RoBERTa,107a0dj,667,100,416,Ġalready,already,False,worthlessness,0.011906584724783897,0.011906584724783897,0.20004579424858093,0.900713324546814,0.35,1,1,600,FP32-token-IDs
RoBERTa,107a0dj,667,101,1099,Ġbad,bad,False,anger,0.005841755180153996,0.005841755180153996,0.17253035306930542,0.034825000911951065,0.35,0,0,600,FP32-token-IDs
RoBERTa,107a0dj,667,101,1099,Ġbad,bad,False,brain dysfunction (forget),-0.012324994208756834,0.012324994208756834,0.17044810950756073,0.3622249364852905,0.35,1,1,600,FP32-token-IDs
RoBERTa,107a0dj,667,101,1099,Ġbad,bad,False,emptiness,-0.004341384017607197,0.004341384017607197,0.1288936883211136,0.1701594591140747,0.35,0,0,600,FP32-token-IDs
RoBERTa,107a0dj,667,101,1099,Ġbad,bad,False,hopelessness,0.0123599867336452,0.0123599867336452,0.23900723457336426,0.965188205242157,0.35,1,1,600,FP32-token-IDs
RoBERTa,107a0dj,667,101,1099,Ġbad,bad,False,loneliness,-0.008305669063702226,0.008305669063702226,0.46824121475219727,0.01818273216485977,0.35,0,0,600,FP32-token-IDs
RoBERTa,107a0dj,667,101,1099,Ġbad,bad,False,sadness,0.016103625879622996,0.016103625879622996,0.2721138298511505,0.909073531627655,0.35,1,1,600,FP32-token-IDs
RoBERTa,107a0dj,667,101,1099,Ġbad,bad,False,suicide intent,0.003734754864126444,0.003734754864126444,0.06211342662572861,0.20536360144615173,0.35,0,0,600,FP32-token-IDs
RoBERTa,107a0dj,667,101,1099,Ġbad,bad,False,worthlessness,0.011906584724783897,0.011906584724783897,0.20004579424858093,0.900713324546814,0.35,1,1,600,FP32-token-IDs
RoBERTa,107a0dj,667,102,8,Ġand,and,False,anger,0.0027321838308125733,0.0027321838308125733,0.17253035306930542,0.034825000911951065,0.35,0,0,600,FP32-token-IDs
RoBERTa,107a0dj,667,102,8,Ġand,and,False,brain dysfunction (forget),-0.009509890293702482,0.009509890293702482,0.17044810950756073,0.3622249364852905,0.35,1,1,600,FP32-token-IDs
RoBERTa,107a0dj,667,102,8,Ġand,and,False,emptiness,-0.006541985436342657,0.006541985436342657,0.1288936883211136,0.1701594591140747,0.35,0,0,600,FP32-token-IDs
RoBERTa,107a0dj,667,102,8,Ġand,and,False,hopelessness,0.010370734333992004,0.010370734333992004,0.23900723457336426,0.965188205242157,0.35,1,1,600,FP32-token-IDs
RoBERTa,107a0dj,667,102,8,Ġand,and,False,loneliness,-0.010986053035594523,0.010986053035594523,0.46824121475219727,0.01818273216485977,0.35,0,0,600,FP32-token-IDs
RoBERTa,107a0dj,667,102,8,Ġand,and,False,sadness,0.007586026564240456,0.007586026564240456,0.2721138298511505,0.909073531627655,0.35,1,1,600,FP32-token-IDs
RoBERTa,107a0dj,667,102,8,Ġand,and,False,suicide intent,0.004746579681523144,0.004746579681523144,0.06211342662572861,0.20536360144615173,0.35,0,0,600,FP32-token-IDs
RoBERTa,107a0dj,667,102,8,Ġand,and,False,worthlessness,0.013310919515788555,0.013310919515788555,0.20004579424858093,0.900713324546814,0.35,1,1,600,FP32-token-IDs
RoBERTa,107a0dj,667,103,122,Ġnow,now,False,anger,0.005359482931089588,0.005359482931089588,0.17253035306930542,0.034825000911951065,0.35,0,0,600,FP32-token-IDs
RoBERTa,107a0dj,667,103,122,Ġnow,now,False,brain dysfunction (forget),0.012341287510935217,0.012341287510935217,0.17044810950756073,0.3622249364852905,0.35,1,1,600,FP32-token-IDs
RoBERTa,107a0dj,667,103,122,Ġnow,now,False,emptiness,0.004953221807954833,0.004953221807954833,0.1288936883211136,0.1701594591140747,0.35,0,0,600,FP32-token-IDs
RoBERTa,107a0dj,667,103,122,Ġnow,now,False,hopelessness,0.006765639642253518,0.006765639642253518,0.23900723457336426,0.965188205242157,0.35,1,1,600,FP32-token-IDs
RoBERTa,107a0dj,667,103,122,Ġnow,now,False,loneliness,-0.0007216930840513669,0.0007216930840513669,0.46824121475219727,0.01818273216485977,0.35,0,0,600,FP32-token-IDs
RoBERTa,107a0dj,667,103,122,Ġnow,now,False,sadness,0.0031959714367985727,0.0031959714367985727,0.2721138298511505,0.909073531627655,0.35,1,1,600,FP32-token-IDs
RoBERTa,107a0dj,667,103,122,Ġnow,now,False,suicide intent,0.0023344366141827776,0.0023344366141827776,0.06211342662572861,0.20536360144615173,0.35,0,0,600,FP32-token-IDs
RoBERTa,107a0dj,667,103,122,Ġnow,now,False,worthlessness,0.006409023865126073,0.006409023865126073,0.20004579424858093,0.900713324546814,0.35,1,1,600,FP32-token-IDs
RoBERTa,107a0dj,667,104,24,Ġit,it,False,anger,0.005359482931089588,0.005359482931089588,0.17253035306930542,0.034825000911951065,0.35,0,0,600,FP32-token-IDs
RoBERTa,107a0dj,667,104,24,Ġit,it,False,brain dysfunction (forget),0.012341287510935217,0.012341287510935217,0.17044810950756073,0.3622249364852905,0.35,1,1,600,FP32-token-IDs
RoBERTa,107a0dj,667,104,24,Ġit,it,False,emptiness,0.004953221807954833,0.004953221807954833,0.1288936883211136,0.1701594591140747,0.35,0,0,600,FP32-token-IDs
RoBERTa,107a0dj,667,104,24,Ġit,it,False,hopelessness,0.006765639642253518,0.006765639642253518,0.23900723457336426,0.965188205242157,0.35,1,1,600,FP32-token-IDs
RoBERTa,107a0dj,667,104,24,Ġit,it,False,loneliness,-0.0007216930840513669,0.0007216930840513669,0.46824121475219727,0.01818273216485977,0.35,0,0,600,FP32-token-IDs
RoBERTa,107a0dj,667,104,24,Ġit,it,False,sadness,0.0031959714367985727,0.0031959714367985727,0.2721138298511505,0.909073531627655,0.35,1,1,600,FP32-token-IDs
RoBERTa,107a0dj,667,104,24,Ġit,it,False,suicide intent,0.0023344366141827776,0.0023344366141827776,0.06211342662572861,0.20536360144615173,0.35,0,0,600,FP32-token-IDs
RoBERTa,107a0dj,667,104,24,Ġit,it,False,worthlessness,0.006409023865126073,0.006409023865126073,0.20004579424858093,0.900713324546814,0.35,1,1,600,FP32-token-IDs
RoBERTa,107a0dj,667,105,18,'s,'s,False,anger,0.004358265528571792,0.004358265528571792,0.17253035306930542,0.034825000911951065,0.35,0,0,600,FP32-token-IDs
RoBERTa,107a0dj,667,105,18,'s,'s,False,brain dysfunction (forget),0.012444482243154198,0.012444482243154198,0.17044810950756073,0.3622249364852905,0.35,1,1,600,FP32-token-IDs
RoBERTa,107a0dj,667,105,18,'s,'s,False,emptiness,0.0053820376459043475,0.0053820376459043475,0.1288936883211136,0.1701594591140747,0.35,0,0,600,FP32-token-IDs
RoBERTa,107a0dj,667,105,18,'s,'s,False,hopelessness,0.007179315900430083,0.007179315900430083,0.23900723457336426,0.965188205242157,0.35,1,1,600,FP32-token-IDs
RoBERTa,107a0dj,667,105,18,'s,'s,False,loneliness,0.0011572371717193165,0.0011572371717193165,0.46824121475219727,0.01818273216485977,0.35,0,0,600,FP32-token-IDs
RoBERTa,107a0dj,667,105,18,'s,'s,False,sadness,0.0027670587413012983,0.0027670587413012983,0.2721138298511505,0.909073531627655,0.35,1,1,600,FP32-token-IDs
RoBERTa,107a0dj,667,105,18,'s,'s,False,suicide intent,0.002120560247567482,0.002120560247567482,0.06211342662572861,0.20536360144615173,0.35,0,0,600,FP32-token-IDs
RoBERTa,107a0dj,667,105,18,'s,'s,False,worthlessness,0.006371457339264452,0.006371457339264452,0.20004579424858093,0.900713324546814,0.35,1,1,600,FP32-token-IDs
RoBERTa,107a0dj,667,106,101,Ġlike,like,False,anger,0.004358265528571792,0.004358265528571792,0.17253035306930542,0.034825000911951065,0.35,0,0,600,FP32-token-IDs
RoBERTa,107a0dj,667,106,101,Ġlike,like,False,brain dysfunction (forget),0.012444482243154198,0.012444482243154198,0.17044810950756073,0.3622249364852905,0.35,1,1,600,FP32-token-IDs
RoBERTa,107a0dj,667,106,101,Ġlike,like,False,emptiness,0.0053820376459043475,0.0053820376459043475,0.1288936883211136,0.1701594591140747,0.35,0,0,600,FP32-token-IDs
RoBERTa,107a0dj,667,106,101,Ġlike,like,False,hopelessness,0.007179315900430083,0.007179315900430083,0.23900723457336426,0.965188205242157,0.35,1,1,600,FP32-token-IDs
RoBERTa,107a0dj,667,106,101,Ġlike,like,False,loneliness,0.0011572371717193165,0.0011572371717193165,0.46824121475219727,0.01818273216485977,0.35,0,0,600,FP32-token-IDs
RoBERTa,107a0dj,667,106,101,Ġlike,like,False,sadness,0.0027670587413012983,0.0027670587413012983,0.2721138298511505,0.909073531627655,0.35,1,1,600,FP32-token-IDs
RoBERTa,107a0dj,667,106,101,Ġlike,like,False,suicide intent,0.002120560247567482,0.002120560247567482,0.06211342662572861,0.20536360144615173,0.35,0,0,600,FP32-token-IDs
RoBERTa,107a0dj,667,106,101,Ġlike,like,False,worthlessness,0.006371457339264452,0.006371457339264452,0.20004579424858093,0.900713324546814,0.35,1,1,600,FP32-token-IDs
RoBERTa,107a0dj,667,107,277,Ġanother,another,False,anger,-0.025349743189872244,0.025349743189872244,0.17253035306930542,0.034825000911951065,0.35,0,0,600,FP32-token-IDs
RoBERTa,107a0dj,667,107,277,Ġanother,another,False,brain dysfunction (forget),0.00999315152876079,0.00999315152876079,0.17044810950756073,0.3622249364852905,0.35,1,1,600,FP32-token-IDs
RoBERTa,107a0dj,667,107,277,Ġanother,another,False,emptiness,0.007153832374994333,0.007153832374994333,0.1288936883211136,0.1701594591140747,0.35,0,0,600,FP32-token-IDs
RoBERTa,107a0dj,667,107,277,Ġanother,another,False,hopelessness,0.0009243184079726539,0.0009243184079726539,0.23900723457336426,0.965188205242157,0.35,1,1,600,FP32-token-IDs
RoBERTa,107a0dj,667,107,277,Ġanother,another,False,loneliness,-0.00034265764309869453,0.00034265764309869453,0.46824121475219727,0.01818273216485977,0.35,0,0,600,FP32-token-IDs
RoBERTa,107a0dj,667,107,277,Ġanother,another,False,sadness,0.005325326106200615,0.005325326106200615,0.2721138298511505,0.909073531627655,0.35,1,1,600,FP32-token-IDs
RoBERTa,107a0dj,667,107,277,Ġanother,another,False,suicide intent,0.012231280064588646,0.012231280064588646,0.06211342662572861,0.20536360144615173,0.35,0,0,600,FP32-token-IDs
RoBERTa,107a0dj,667,107,277,Ġanother,another,False,worthlessness,0.0012139583278136948,0.0012139583278136948,0.20004579424858093,0.900713324546814,0.35,1,1,600,FP32-token-IDs
RoBERTa,107a0dj,667,108,233,Ġpart,part,False,anger,-0.025349743189872244,0.025349743189872244,0.17253035306930542,0.034825000911951065,0.35,0,0,600,FP32-token-IDs
RoBERTa,107a0dj,667,108,233,Ġpart,part,False,brain dysfunction (forget),0.00999315152876079,0.00999315152876079,0.17044810950756073,0.3622249364852905,0.35,1,1,600,FP32-token-IDs
RoBERTa,107a0dj,667,108,233,Ġpart,part,False,emptiness,0.007153832374994333,0.007153832374994333,0.1288936883211136,0.1701594591140747,0.35,0,0,600,FP32-token-IDs
RoBERTa,107a0dj,667,108,233,Ġpart,part,False,hopelessness,0.0009243184079726539,0.0009243184079726539,0.23900723457336426,0.965188205242157,0.35,1,1,600,FP32-token-IDs
RoBERTa,107a0dj,667,108,233,Ġpart,part,False,loneliness,-0.00034265764309869453,0.00034265764309869453,0.46824121475219727,0.01818273216485977,0.35,0,0,600,FP32-token-IDs
RoBERTa,107a0dj,667,108,233,Ġpart,part,False,sadness,0.005325326106200615,0.005325326106200615,0.2721138298511505,0.909073531627655,0.35,1,1,600,FP32-token-IDs
RoBERTa,107a0dj,667,108,233,Ġpart,part,False,suicide intent,0.012231280064588646,0.012231280064588646,0.06211342662572861,0.20536360144615173,0.35,0,0,600,FP32-token-IDs
RoBERTa,107a0dj,667,108,233,Ġpart,part,False,worthlessness,0.0012139583278136948,0.0012139583278136948,0.20004579424858093,0.900713324546814,0.35,1,1,600,FP32-token-IDs
RoBERTa,107a0dj,667,109,9,Ġof,of,False,anger,-0.025349743189872244,0.025349743189872244,0.17253035306930542,0.034825000911951065,0.35,0,0,600,FP32-token-IDs
RoBERTa,107a0dj,667,109,9,Ġof,of,False,brain dysfunction (forget),0.00999315152876079,0.00999315152876079,0.17044810950756073,0.3622249364852905,0.35,1,1,600,FP32-token-IDs
RoBERTa,107a0dj,667,109,9,Ġof,of,False,emptiness,0.007153832374994333,0.007153832374994333,0.1288936883211136,0.1701594591140747,0.35,0,0,600,FP32-token-IDs
RoBERTa,107a0dj,667,109,9,Ġof,of,False,hopelessness,0.0009243184079726539,0.0009243184079726539,0.23900723457336426,0.965188205242157,0.35,1,1,600,FP32-token-IDs
RoBERTa,107a0dj,667,109,9,Ġof,of,False,loneliness,-0.00034265764309869453,0.00034265764309869453,0.46824121475219727,0.01818273216485977,0.35,0,0,600,FP32-token-IDs
RoBERTa,107a0dj,667,109,9,Ġof,of,False,sadness,0.005325326106200615,0.005325326106200615,0.2721138298511505,0.909073531627655,0.35,1,1,600,FP32-token-IDs
RoBERTa,107a0dj,667,109,9,Ġof,of,False,suicide intent,0.012231280064588646,0.012231280064588646,0.06211342662572861,0.20536360144615173,0.35,0,0,600,FP32-token-IDs
RoBERTa,107a0dj,667,109,9,Ġof,of,False,worthlessness,0.0012139583278136948,0.0012139583278136948,0.20004579424858093,0.900713324546814,0.35,1,1,600,FP32-token-IDs
RoBERTa,107a0dj,667,110,162,Ġme,me,False,anger,-0.025349743189872244,0.025349743189872244,0.17253035306930542,0.034825000911951065,0.35,0,0,600,FP32-token-IDs
RoBERTa,107a0dj,667,110,162,Ġme,me,False,brain dysfunction (forget),0.00999315152876079,0.00999315152876079,0.17044810950756073,0.3622249364852905,0.35,1,1,600,FP32-token-IDs
RoBERTa,107a0dj,667,110,162,Ġme,me,False,emptiness,0.007153832374994333,0.007153832374994333,0.1288936883211136,0.1701594591140747,0.35,0,0,600,FP32-token-IDs
RoBERTa,107a0dj,667,110,162,Ġme,me,False,hopelessness,0.0009243184079726539,0.0009243184079726539,0.23900723457336426,0.965188205242157,0.35,1,1,600,FP32-token-IDs
RoBERTa,107a0dj,667,110,162,Ġme,me,False,loneliness,-0.00034265764309869453,0.00034265764309869453,0.46824121475219727,0.01818273216485977,0.35,0,0,600,FP32-token-IDs
RoBERTa,107a0dj,667,110,162,Ġme,me,False,sadness,0.005325326106200615,0.005325326106200615,0.2721138298511505,0.909073531627655,0.35,1,1,600,FP32-token-IDs
RoBERTa,107a0dj,667,110,162,Ġme,me,False,suicide intent,0.012231280064588646,0.012231280064588646,0.06211342662572861,0.20536360144615173,0.35,0,0,600,FP32-token-IDs
RoBERTa,107a0dj,667,110,162,Ġme,me,False,worthlessness,0.0012139583278136948,0.0012139583278136948,0.20004579424858093,0.900713324546814,0.35,1,1,600,FP32-token-IDs
RoBERTa,107a0dj,667,111,962,Ġdied,died,False,anger,-0.018409931310452522,0.018409931310452522,0.17253035306930542,0.034825000911951065,0.35,0,0,600,FP32-token-IDs
RoBERTa,107a0dj,667,111,962,Ġdied,died,False,brain dysfunction (forget),0.011440505622886121,0.011440505622886121,0.17044810950756073,0.3622249364852905,0.35,1,1,600,FP32-token-IDs
RoBERTa,107a0dj,667,111,962,Ġdied,died,False,emptiness,0.022565537008146445,0.022565537008146445,0.1288936883211136,0.1701594591140747,0.35,0,0,600,FP32-token-IDs
RoBERTa,107a0dj,667,111,962,Ġdied,died,False,hopelessness,0.018658631791671116,0.018658631791671116,0.23900723457336426,0.965188205242157,0.35,1,1,600,FP32-token-IDs
RoBERTa,107a0dj,667,111,962,Ġdied,died,False,loneliness,0.0030672080766332025,0.0030672080766332025,0.46824121475219727,0.01818273216485977,0.35,0,0,600,FP32-token-IDs
RoBERTa,107a0dj,667,111,962,Ġdied,died,False,sadness,0.020720406776914994,0.020720406776914994,0.2721138298511505,0.909073531627655,0.35,1,1,600,FP32-token-IDs
RoBERTa,107a0dj,667,111,962,Ġdied,died,False,suicide intent,0.023658340085239614,0.023658340085239614,0.06211342662572861,0.20536360144615173,0.35,0,0,600,FP32-token-IDs
RoBERTa,107a0dj,667,111,962,Ġdied,died,False,worthlessness,0.017268308570298055,0.017268308570298055,0.20004579424858093,0.900713324546814,0.35,1,1,600,FP32-token-IDs
RoBERTa,107a0dj,667,112,2,</s>,,True,anger,-0.018409931310452522,0.018409931310452522,0.17253035306930542,0.034825000911951065,0.35,0,0,600,FP32-token-IDs
RoBERTa,107a0dj,667,112,2,</s>,,True,brain dysfunction (forget),0.011440505622886121,0.011440505622886121,0.17044810950756073,0.3622249364852905,0.35,1,1,600,FP32-token-IDs
RoBERTa,107a0dj,667,112,2,</s>,,True,emptiness,0.022565537008146445,0.022565537008146445,0.1288936883211136,0.1701594591140747,0.35,0,0,600,FP32-token-IDs
RoBERTa,107a0dj,667,112,2,</s>,,True,hopelessness,0.018658631791671116,0.018658631791671116,0.23900723457336426,0.965188205242157,0.35,1,1,600,FP32-token-IDs
RoBERTa,107a0dj,667,112,2,</s>,,True,loneliness,0.0030672080766332025,0.0030672080766332025,0.46824121475219727,0.01818273216485977,0.35,0,0,600,FP32-token-IDs
RoBERTa,107a0dj,667,112,2,</s>,,True,sadness,0.020720406776914994,0.020720406776914994,0.2721138298511505,0.909073531627655,0.35,1,1,600,FP32-token-IDs
RoBERTa,107a0dj,667,112,2,</s>,,True,suicide intent,0.023658340085239614,0.023658340085239614,0.06211342662572861,0.20536360144615173,0.35,0,0,600,FP32-token-IDs
RoBERTa,107a0dj,667,112,2,</s>,,True,worthlessness,0.017268308570298055,0.017268308570298055,0.20004579424858093,0.900713324546814,0.35,1,1,600,FP32-token-IDs
