Model,Sample_ID,Test_Index,Token_Index,Token_ID,Raw_Token,Token,Is_Special_Token,Emotion,SHAP_Value,Abs_SHAP,Base_Value,Model_Probability,Threshold,True_Label,Predicted_Label,SHAP_Max_Evals,XAI_Inference
RoBERTa,d0judl,497,0,0,<s>,,True,anger,-0.0021673178622115623,0.0021673178622115623,0.23181675374507904,0.29161426424980164,0.35,1,0,600,FP32-token-IDs
RoBERTa,d0judl,497,0,0,<s>,,True,brain dysfunction (forget),-0.0018062024490277777,0.0018062024490277777,0.1699400395154953,0.11315593868494034,0.35,0,0,600,FP32-token-IDs
RoBERTa,d0judl,497,0,0,<s>,,True,emptiness,-0.0057661072736236215,0.0057661072736236215,0.09006647765636444,0.1454521119594574,0.35,1,0,600,FP32-token-IDs
RoBERTa,d0judl,497,0,0,<s>,,True,hopelessness,-0.005125512589823783,0.005125512589823783,0.24530725181102753,0.893997073173523,0.35,1,1,600,FP32-token-IDs
RoBERTa,d0judl,497,0,0,<s>,,True,loneliness,0.0013202456226709355,0.0013202456226709355,0.352027028799057,0.9641240239143372,0.35,1,1,600,FP32-token-IDs
RoBERTa,d0judl,497,0,0,<s>,,True,sadness,-0.0024838880498838775,0.0024838880498838775,0.265706866979599,0.9805826544761658,0.35,1,1,600,FP32-token-IDs
RoBERTa,d0judl,497,0,0,<s>,,True,suicide intent,-0.00261935295395019,0.00261935295395019,0.059769634157419205,0.02220616675913334,0.35,0,0,600,FP32-token-IDs
RoBERTa,d0judl,497,0,0,<s>,,True,worthlessness,-0.007885294445954701,0.007885294445954701,0.22466899454593658,0.37808647751808167,0.35,1,1,600,FP32-token-IDs
RoBERTa,d0judl,497,1,27847,Does,does,False,anger,-0.0021673178622115623,0.0021673178622115623,0.23181675374507904,0.29161426424980164,0.35,1,0,600,FP32-token-IDs
RoBERTa,d0judl,497,1,27847,Does,does,False,brain dysfunction (forget),-0.0018062024490277777,0.0018062024490277777,0.1699400395154953,0.11315593868494034,0.35,0,0,600,FP32-token-IDs
RoBERTa,d0judl,497,1,27847,Does,does,False,emptiness,-0.0057661072736236215,0.0057661072736236215,0.09006647765636444,0.1454521119594574,0.35,1,0,600,FP32-token-IDs
RoBERTa,d0judl,497,1,27847,Does,does,False,hopelessness,-0.005125512589823783,0.005125512589823783,0.24530725181102753,0.893997073173523,0.35,1,1,600,FP32-token-IDs
RoBERTa,d0judl,497,1,27847,Does,does,False,loneliness,0.0013202456226709355,0.0013202456226709355,0.352027028799057,0.9641240239143372,0.35,1,1,600,FP32-token-IDs
RoBERTa,d0judl,497,1,27847,Does,does,False,sadness,-0.0024838880498838775,0.0024838880498838775,0.265706866979599,0.9805826544761658,0.35,1,1,600,FP32-token-IDs
RoBERTa,d0judl,497,1,27847,Does,does,False,suicide intent,-0.00261935295395019,0.00261935295395019,0.059769634157419205,0.02220616675913334,0.35,0,0,600,FP32-token-IDs
RoBERTa,d0judl,497,1,27847,Does,does,False,worthlessness,-0.007885294445954701,0.007885294445954701,0.22466899454593658,0.37808647751808167,0.35,1,1,600,FP32-token-IDs
RoBERTa,d0judl,497,2,1268,Ġanyone,anyone,False,anger,-0.0021673178622115623,0.0021673178622115623,0.23181675374507904,0.29161426424980164,0.35,1,0,600,FP32-token-IDs
RoBERTa,d0judl,497,2,1268,Ġanyone,anyone,False,brain dysfunction (forget),-0.0018062024490277777,0.0018062024490277777,0.1699400395154953,0.11315593868494034,0.35,0,0,600,FP32-token-IDs
RoBERTa,d0judl,497,2,1268,Ġanyone,anyone,False,emptiness,-0.0057661072736236215,0.0057661072736236215,0.09006647765636444,0.1454521119594574,0.35,1,0,600,FP32-token-IDs
RoBERTa,d0judl,497,2,1268,Ġanyone,anyone,False,hopelessness,-0.005125512589823783,0.005125512589823783,0.24530725181102753,0.893997073173523,0.35,1,1,600,FP32-token-IDs
RoBERTa,d0judl,497,2,1268,Ġanyone,anyone,False,loneliness,0.0013202456226709355,0.0013202456226709355,0.352027028799057,0.9641240239143372,0.35,1,1,600,FP32-token-IDs
RoBERTa,d0judl,497,2,1268,Ġanyone,anyone,False,sadness,-0.0024838880498838775,0.0024838880498838775,0.265706866979599,0.9805826544761658,0.35,1,1,600,FP32-token-IDs
RoBERTa,d0judl,497,2,1268,Ġanyone,anyone,False,suicide intent,-0.00261935295395019,0.00261935295395019,0.059769634157419205,0.02220616675913334,0.35,0,0,600,FP32-token-IDs
RoBERTa,d0judl,497,2,1268,Ġanyone,anyone,False,worthlessness,-0.007885294445954701,0.007885294445954701,0.22466899454593658,0.37808647751808167,0.35,1,1,600,FP32-token-IDs
RoBERTa,d0judl,497,3,1493,Ġelse,else,False,anger,-0.0021673178622115623,0.0021673178622115623,0.23181675374507904,0.29161426424980164,0.35,1,0,600,FP32-token-IDs
RoBERTa,d0judl,497,3,1493,Ġelse,else,False,brain dysfunction (forget),-0.0018062024490277777,0.0018062024490277777,0.1699400395154953,0.11315593868494034,0.35,0,0,600,FP32-token-IDs
RoBERTa,d0judl,497,3,1493,Ġelse,else,False,emptiness,-0.0057661072736236215,0.0057661072736236215,0.09006647765636444,0.1454521119594574,0.35,1,0,600,FP32-token-IDs
RoBERTa,d0judl,497,3,1493,Ġelse,else,False,hopelessness,-0.005125512589823783,0.005125512589823783,0.24530725181102753,0.893997073173523,0.35,1,1,600,FP32-token-IDs
RoBERTa,d0judl,497,3,1493,Ġelse,else,False,loneliness,0.0013202456226709355,0.0013202456226709355,0.352027028799057,0.9641240239143372,0.35,1,1,600,FP32-token-IDs
RoBERTa,d0judl,497,3,1493,Ġelse,else,False,sadness,-0.0024838880498838775,0.0024838880498838775,0.265706866979599,0.9805826544761658,0.35,1,1,600,FP32-token-IDs
RoBERTa,d0judl,497,3,1493,Ġelse,else,False,suicide intent,-0.00261935295395019,0.00261935295395019,0.059769634157419205,0.02220616675913334,0.35,0,0,600,FP32-token-IDs
RoBERTa,d0judl,497,3,1493,Ġelse,else,False,worthlessness,-0.007885294445954701,0.007885294445954701,0.22466899454593658,0.37808647751808167,0.35,1,1,600,FP32-token-IDs
RoBERTa,d0judl,497,4,120,Ġget,get,False,anger,0.0010537860593210686,0.0010537860593210686,0.23181675374507904,0.29161426424980164,0.35,1,0,600,FP32-token-IDs
RoBERTa,d0judl,497,4,120,Ġget,get,False,brain dysfunction (forget),-0.0018711931941866437,0.0018711931941866437,0.1699400395154953,0.11315593868494034,0.35,0,0,600,FP32-token-IDs
RoBERTa,d0judl,497,4,120,Ġget,get,False,emptiness,-0.005877372439820594,0.005877372439820594,0.09006647765636444,0.1454521119594574,0.35,1,0,600,FP32-token-IDs
RoBERTa,d0judl,497,4,120,Ġget,get,False,hopelessness,-0.004502417856950641,0.004502417856950641,0.24530725181102753,0.893997073173523,0.35,1,1,600,FP32-token-IDs
RoBERTa,d0judl,497,4,120,Ġget,get,False,loneliness,-0.0013176122978192698,0.0013176122978192698,0.352027028799057,0.9641240239143372,0.35,1,1,600,FP32-token-IDs
RoBERTa,d0judl,497,4,120,Ġget,get,False,sadness,-0.0023353160222006194,0.0023353160222006194,0.265706866979599,0.9805826544761658,0.35,1,1,600,FP32-token-IDs
RoBERTa,d0judl,497,4,120,Ġget,get,False,suicide intent,-0.0026808484745903544,0.0026808484745903544,0.059769634157419205,0.02220616675913334,0.35,0,0,600,FP32-token-IDs
RoBERTa,d0judl,497,4,120,Ġget,get,False,worthlessness,-0.0060635486768339485,0.0060635486768339485,0.22466899454593658,0.37808647751808167,0.35,1,1,600,FP32-token-IDs
RoBERTa,d0judl,497,5,9800,Ġuncomfortable,uncomfortable,False,anger,0.0010537860593210686,0.0010537860593210686,0.23181675374507904,0.29161426424980164,0.35,1,0,600,FP32-token-IDs
RoBERTa,d0judl,497,5,9800,Ġuncomfortable,uncomfortable,False,brain dysfunction (forget),-0.0018711931941866437,0.0018711931941866437,0.1699400395154953,0.11315593868494034,0.35,0,0,600,FP32-token-IDs
RoBERTa,d0judl,497,5,9800,Ġuncomfortable,uncomfortable,False,emptiness,-0.005877372439820594,0.005877372439820594,0.09006647765636444,0.1454521119594574,0.35,1,0,600,FP32-token-IDs
RoBERTa,d0judl,497,5,9800,Ġuncomfortable,uncomfortable,False,hopelessness,-0.004502417856950641,0.004502417856950641,0.24530725181102753,0.893997073173523,0.35,1,1,600,FP32-token-IDs
RoBERTa,d0judl,497,5,9800,Ġuncomfortable,uncomfortable,False,loneliness,-0.0013176122978192698,0.0013176122978192698,0.352027028799057,0.9641240239143372,0.35,1,1,600,FP32-token-IDs
RoBERTa,d0judl,497,5,9800,Ġuncomfortable,uncomfortable,False,sadness,-0.0023353160222006194,0.0023353160222006194,0.265706866979599,0.9805826544761658,0.35,1,1,600,FP32-token-IDs
RoBERTa,d0judl,497,5,9800,Ġuncomfortable,uncomfortable,False,suicide intent,-0.0026808484745903544,0.0026808484745903544,0.059769634157419205,0.02220616675913334,0.35,0,0,600,FP32-token-IDs
RoBERTa,d0judl,497,5,9800,Ġuncomfortable,uncomfortable,False,worthlessness,-0.0060635486768339485,0.0060635486768339485,0.22466899454593658,0.37808647751808167,0.35,1,1,600,FP32-token-IDs
RoBERTa,d0judl,497,6,77,Ġwhen,when,False,anger,0.0010537860593210686,0.0010537860593210686,0.23181675374507904,0.29161426424980164,0.35,1,0,600,FP32-token-IDs
RoBERTa,d0judl,497,6,77,Ġwhen,when,False,brain dysfunction (forget),-0.0018711931941866437,0.0018711931941866437,0.1699400395154953,0.11315593868494034,0.35,0,0,600,FP32-token-IDs
RoBERTa,d0judl,497,6,77,Ġwhen,when,False,emptiness,-0.005877372439820594,0.005877372439820594,0.09006647765636444,0.1454521119594574,0.35,1,0,600,FP32-token-IDs
RoBERTa,d0judl,497,6,77,Ġwhen,when,False,hopelessness,-0.004502417856950641,0.004502417856950641,0.24530725181102753,0.893997073173523,0.35,1,1,600,FP32-token-IDs
RoBERTa,d0judl,497,6,77,Ġwhen,when,False,loneliness,-0.0013176122978192698,0.0013176122978192698,0.352027028799057,0.9641240239143372,0.35,1,1,600,FP32-token-IDs
RoBERTa,d0judl,497,6,77,Ġwhen,when,False,sadness,-0.0023353160222006194,0.0023353160222006194,0.265706866979599,0.9805826544761658,0.35,1,1,600,FP32-token-IDs
RoBERTa,d0judl,497,6,77,Ġwhen,when,False,suicide intent,-0.0026808484745903544,0.0026808484745903544,0.059769634157419205,0.02220616675913334,0.35,0,0,600,FP32-token-IDs
RoBERTa,d0judl,497,6,77,Ġwhen,when,False,worthlessness,-0.0060635486768339485,0.0060635486768339485,0.22466899454593658,0.37808647751808167,0.35,1,1,600,FP32-token-IDs
RoBERTa,d0judl,497,7,82,Ġpeople,people,False,anger,0.0010537860593210686,0.0010537860593210686,0.23181675374507904,0.29161426424980164,0.35,1,0,600,FP32-token-IDs
RoBERTa,d0judl,497,7,82,Ġpeople,people,False,brain dysfunction (forget),-0.0018711931941866437,0.0018711931941866437,0.1699400395154953,0.11315593868494034,0.35,0,0,600,FP32-token-IDs
RoBERTa,d0judl,497,7,82,Ġpeople,people,False,emptiness,-0.005877372439820594,0.005877372439820594,0.09006647765636444,0.1454521119594574,0.35,1,0,600,FP32-token-IDs
RoBERTa,d0judl,497,7,82,Ġpeople,people,False,hopelessness,-0.004502417856950641,0.004502417856950641,0.24530725181102753,0.893997073173523,0.35,1,1,600,FP32-token-IDs
RoBERTa,d0judl,497,7,82,Ġpeople,people,False,loneliness,-0.0013176122978192698,0.0013176122978192698,0.352027028799057,0.9641240239143372,0.35,1,1,600,FP32-token-IDs
RoBERTa,d0judl,497,7,82,Ġpeople,people,False,sadness,-0.0023353160222006194,0.0023353160222006194,0.265706866979599,0.9805826544761658,0.35,1,1,600,FP32-token-IDs
RoBERTa,d0judl,497,7,82,Ġpeople,people,False,suicide intent,-0.0026808484745903544,0.0026808484745903544,0.059769634157419205,0.02220616675913334,0.35,0,0,600,FP32-token-IDs
RoBERTa,d0judl,497,7,82,Ġpeople,people,False,worthlessness,-0.0060635486768339485,0.0060635486768339485,0.22466899454593658,0.37808647751808167,0.35,1,1,600,FP32-token-IDs
RoBERTa,d0judl,497,8,109,Ġdo,do,False,anger,-0.003352206812683018,0.003352206812683018,0.23181675374507904,0.29161426424980164,0.35,1,0,600,FP32-token-IDs
RoBERTa,d0judl,497,8,109,Ġdo,do,False,brain dysfunction (forget),-0.0009338424062269612,0.0009338424062269612,0.1699400395154953,0.11315593868494034,0.35,0,0,600,FP32-token-IDs
RoBERTa,d0judl,497,8,109,Ġdo,do,False,emptiness,-0.004656118149713163,0.004656118149713163,0.09006647765636444,0.1454521119594574,0.35,1,0,600,FP32-token-IDs
RoBERTa,d0judl,497,8,109,Ġdo,do,False,hopelessness,-0.014378734690622652,0.014378734690622652,0.24530725181102753,0.893997073173523,0.35,1,1,600,FP32-token-IDs
RoBERTa,d0judl,497,8,109,Ġdo,do,False,loneliness,0.0016131087826805348,0.0016131087826805348,0.352027028799057,0.9641240239143372,0.35,1,1,600,FP32-token-IDs
RoBERTa,d0judl,497,8,109,Ġdo,do,False,sadness,-0.009681638497615757,0.009681638497615757,0.265706866979599,0.9805826544761658,0.35,1,1,600,FP32-token-IDs
RoBERTa,d0judl,497,8,109,Ġdo,do,False,suicide intent,0.0007064598581100832,0.0007064598581100832,0.059769634157419205,0.02220616675913334,0.35,0,0,600,FP32-token-IDs
RoBERTa,d0judl,497,8,109,Ġdo,do,False,worthlessness,-0.008809903251947653,0.008809903251947653,0.22466899454593658,0.37808647751808167,0.35,1,1,600,FP32-token-IDs
RoBERTa,d0judl,497,9,2579,Ġnice,nice,False,anger,-0.003352206812683018,0.003352206812683018,0.23181675374507904,0.29161426424980164,0.35,1,0,600,FP32-token-IDs
RoBERTa,d0judl,497,9,2579,Ġnice,nice,False,brain dysfunction (forget),-0.0009338424062269612,0.0009338424062269612,0.1699400395154953,0.11315593868494034,0.35,0,0,600,FP32-token-IDs
RoBERTa,d0judl,497,9,2579,Ġnice,nice,False,emptiness,-0.004656118149713163,0.004656118149713163,0.09006647765636444,0.1454521119594574,0.35,1,0,600,FP32-token-IDs
RoBERTa,d0judl,497,9,2579,Ġnice,nice,False,hopelessness,-0.014378734690622652,0.014378734690622652,0.24530725181102753,0.893997073173523,0.35,1,1,600,FP32-token-IDs
RoBERTa,d0judl,497,9,2579,Ġnice,nice,False,loneliness,0.0016131087826805348,0.0016131087826805348,0.352027028799057,0.9641240239143372,0.35,1,1,600,FP32-token-IDs
RoBERTa,d0judl,497,9,2579,Ġnice,nice,False,sadness,-0.009681638497615757,0.009681638497615757,0.265706866979599,0.9805826544761658,0.35,1,1,600,FP32-token-IDs
RoBERTa,d0judl,497,9,2579,Ġnice,nice,False,suicide intent,0.0007064598581100832,0.0007064598581100832,0.059769634157419205,0.02220616675913334,0.35,0,0,600,FP32-token-IDs
RoBERTa,d0judl,497,9,2579,Ġnice,nice,False,worthlessness,-0.008809903251947653,0.008809903251947653,0.22466899454593658,0.37808647751808167,0.35,1,1,600,FP32-token-IDs
RoBERTa,d0judl,497,10,383,Ġthings,things,False,anger,0.0004066669778195302,0.0004066669778195302,0.23181675374507904,0.29161426424980164,0.35,1,0,600,FP32-token-IDs
RoBERTa,d0judl,497,10,383,Ġthings,things,False,brain dysfunction (forget),-0.0010424976573238953,0.0010424976573238953,0.1699400395154953,0.11315593868494034,0.35,0,0,600,FP32-token-IDs
RoBERTa,d0judl,497,10,383,Ġthings,things,False,emptiness,-0.004959085619619597,0.004959085619619597,0.09006647765636444,0.1454521119594574,0.35,1,0,600,FP32-token-IDs
RoBERTa,d0judl,497,10,383,Ġthings,things,False,hopelessness,-0.010265240504891837,0.010265240504891837,0.24530725181102753,0.893997073173523,0.35,1,1,600,FP32-token-IDs
RoBERTa,d0judl,497,10,383,Ġthings,things,False,loneliness,-0.0006483820694258278,0.0006483820694258278,0.352027028799057,0.9641240239143372,0.35,1,1,600,FP32-token-IDs
RoBERTa,d0judl,497,10,383,Ġthings,things,False,sadness,-0.0077260296603092575,0.0077260296603092575,0.265706866979599,0.9805826544761658,0.35,1,1,600,FP32-token-IDs
RoBERTa,d0judl,497,10,383,Ġthings,things,False,suicide intent,0.0007818175040929596,0.0007818175040929596,0.059769634157419205,0.02220616675913334,0.35,0,0,600,FP32-token-IDs
RoBERTa,d0judl,497,10,383,Ġthings,things,False,worthlessness,-0.005627107654707324,0.005627107654707324,0.22466899454593658,0.37808647751808167,0.35,1,1,600,FP32-token-IDs
RoBERTa,d0judl,497,11,13,Ġfor,for,False,anger,0.0004066669778195302,0.0004066669778195302,0.23181675374507904,0.29161426424980164,0.35,1,0,600,FP32-token-IDs
RoBERTa,d0judl,497,11,13,Ġfor,for,False,brain dysfunction (forget),-0.0010424976573238953,0.0010424976573238953,0.1699400395154953,0.11315593868494034,0.35,0,0,600,FP32-token-IDs
RoBERTa,d0judl,497,11,13,Ġfor,for,False,emptiness,-0.004959085619619597,0.004959085619619597,0.09006647765636444,0.1454521119594574,0.35,1,0,600,FP32-token-IDs
RoBERTa,d0judl,497,11,13,Ġfor,for,False,hopelessness,-0.010265240504891837,0.010265240504891837,0.24530725181102753,0.893997073173523,0.35,1,1,600,FP32-token-IDs
RoBERTa,d0judl,497,11,13,Ġfor,for,False,loneliness,-0.0006483820694258278,0.0006483820694258278,0.352027028799057,0.9641240239143372,0.35,1,1,600,FP32-token-IDs
RoBERTa,d0judl,497,11,13,Ġfor,for,False,sadness,-0.0077260296603092575,0.0077260296603092575,0.265706866979599,0.9805826544761658,0.35,1,1,600,FP32-token-IDs
RoBERTa,d0judl,497,11,13,Ġfor,for,False,suicide intent,0.0007818175040929596,0.0007818175040929596,0.059769634157419205,0.02220616675913334,0.35,0,0,600,FP32-token-IDs
RoBERTa,d0judl,497,11,13,Ġfor,for,False,worthlessness,-0.005627107654707324,0.005627107654707324,0.22466899454593658,0.37808647751808167,0.35,1,1,600,FP32-token-IDs
RoBERTa,d0judl,497,12,47,Ġyou,you,False,anger,0.020331317127006605,0.020331317127006605,0.23181675374507904,0.29161426424980164,0.35,1,0,600,FP32-token-IDs
RoBERTa,d0judl,497,12,47,Ġyou,you,False,brain dysfunction (forget),-0.0002752129557455762,0.0002752129557455762,0.1699400395154953,0.11315593868494034,0.35,0,0,600,FP32-token-IDs
RoBERTa,d0judl,497,12,47,Ġyou,you,False,emptiness,-0.0014514533754740994,0.0014514533754740994,0.09006647765636444,0.1454521119594574,0.35,1,0,600,FP32-token-IDs
RoBERTa,d0judl,497,12,47,Ġyou,you,False,hopelessness,0.007651332293384483,0.007651332293384483,0.24530725181102753,0.893997073173523,0.35,1,1,600,FP32-token-IDs
RoBERTa,d0judl,497,12,47,Ġyou,you,False,loneliness,-0.0033392813483944005,0.0033392813483944005,0.352027028799057,0.9641240239143372,0.35,1,1,600,FP32-token-IDs
RoBERTa,d0judl,497,12,47,Ġyou,you,False,sadness,0.011876959605385958,0.011876959605385958,0.265706866979599,0.9805826544761658,0.35,1,1,600,FP32-token-IDs
RoBERTa,d0judl,497,12,47,Ġyou,you,False,suicide intent,0.0011124214933706932,0.0011124214933706932,0.059769634157419205,0.02220616675913334,0.35,0,0,600,FP32-token-IDs
RoBERTa,d0judl,497,12,47,Ġyou,you,False,worthlessness,0.009621216106917891,0.009621216106917891,0.22466899454593658,0.37808647751808167,0.35,1,1,600,FP32-token-IDs
RoBERTa,d0judl,497,13,142,Ġbecause,because,False,anger,0.020331317127006605,0.020331317127006605,0.23181675374507904,0.29161426424980164,0.35,1,0,600,FP32-token-IDs
RoBERTa,d0judl,497,13,142,Ġbecause,because,False,brain dysfunction (forget),-0.0002752129557455762,0.0002752129557455762,0.1699400395154953,0.11315593868494034,0.35,0,0,600,FP32-token-IDs
RoBERTa,d0judl,497,13,142,Ġbecause,because,False,emptiness,-0.0014514533754740994,0.0014514533754740994,0.09006647765636444,0.1454521119594574,0.35,1,0,600,FP32-token-IDs
RoBERTa,d0judl,497,13,142,Ġbecause,because,False,hopelessness,0.007651332293384483,0.007651332293384483,0.24530725181102753,0.893997073173523,0.35,1,1,600,FP32-token-IDs
RoBERTa,d0judl,497,13,142,Ġbecause,because,False,loneliness,-0.0033392813483944005,0.0033392813483944005,0.352027028799057,0.9641240239143372,0.35,1,1,600,FP32-token-IDs
RoBERTa,d0judl,497,13,142,Ġbecause,because,False,sadness,0.011876959605385958,0.011876959605385958,0.265706866979599,0.9805826544761658,0.35,1,1,600,FP32-token-IDs
RoBERTa,d0judl,497,13,142,Ġbecause,because,False,suicide intent,0.0011124214933706932,0.0011124214933706932,0.059769634157419205,0.02220616675913334,0.35,0,0,600,FP32-token-IDs
RoBERTa,d0judl,497,13,142,Ġbecause,because,False,worthlessness,0.009621216106917891,0.009621216106917891,0.22466899454593658,0.37808647751808167,0.35,1,1,600,FP32-token-IDs
RoBERTa,d0judl,497,14,47,Ġyou,you,False,anger,0.037799444587846454,0.037799444587846454,0.23181675374507904,0.29161426424980164,0.35,1,0,600,FP32-token-IDs
RoBERTa,d0judl,497,14,47,Ġyou,you,False,brain dysfunction (forget),-0.0019001593460630187,0.0019001593460630187,0.1699400395154953,0.11315593868494034,0.35,0,0,600,FP32-token-IDs
RoBERTa,d0judl,497,14,47,Ġyou,you,False,emptiness,-0.002917027229015575,0.002917027229015575,0.09006647765636444,0.1454521119594574,0.35,1,0,600,FP32-token-IDs
RoBERTa,d0judl,497,14,47,Ġyou,you,False,hopelessness,0.012001910453564883,0.012001910453564883,0.24530725181102753,0.893997073173523,0.35,1,1,600,FP32-token-IDs
RoBERTa,d0judl,497,14,47,Ġyou,you,False,loneliness,-0.013488143152828189,0.013488143152828189,0.352027028799057,0.9641240239143372,0.35,1,1,600,FP32-token-IDs
RoBERTa,d0judl,497,14,47,Ġyou,you,False,sadness,0.022156363372003135,0.022156363372003135,0.265706866979599,0.9805826544761658,0.35,1,1,600,FP32-token-IDs
RoBERTa,d0judl,497,14,47,Ġyou,you,False,suicide intent,0.001330055500404663,0.001330055500404663,0.059769634157419205,0.02220616675913334,0.35,0,0,600,FP32-token-IDs
RoBERTa,d0judl,497,14,47,Ġyou,you,False,worthlessness,0.01590931155221245,0.01590931155221245,0.22466899454593658,0.37808647751808167,0.35,1,1,600,FP32-token-IDs
RoBERTa,d0judl,497,15,4157,Ġhate,hate,False,anger,0.037799444587846454,0.037799444587846454,0.23181675374507904,0.29161426424980164,0.35,1,0,600,FP32-token-IDs
RoBERTa,d0judl,497,15,4157,Ġhate,hate,False,brain dysfunction (forget),-0.0019001593460630187,0.0019001593460630187,0.1699400395154953,0.11315593868494034,0.35,0,0,600,FP32-token-IDs
RoBERTa,d0judl,497,15,4157,Ġhate,hate,False,emptiness,-0.002917027229015575,0.002917027229015575,0.09006647765636444,0.1454521119594574,0.35,1,0,600,FP32-token-IDs
RoBERTa,d0judl,497,15,4157,Ġhate,hate,False,hopelessness,0.012001910453564883,0.012001910453564883,0.24530725181102753,0.893997073173523,0.35,1,1,600,FP32-token-IDs
RoBERTa,d0judl,497,15,4157,Ġhate,hate,False,loneliness,-0.013488143152828189,0.013488143152828189,0.352027028799057,0.9641240239143372,0.35,1,1,600,FP32-token-IDs
RoBERTa,d0judl,497,15,4157,Ġhate,hate,False,sadness,0.022156363372003135,0.022156363372003135,0.265706866979599,0.9805826544761658,0.35,1,1,600,FP32-token-IDs
RoBERTa,d0judl,497,15,4157,Ġhate,hate,False,suicide intent,0.001330055500404663,0.001330055500404663,0.059769634157419205,0.02220616675913334,0.35,0,0,600,FP32-token-IDs
RoBERTa,d0judl,497,15,4157,Ġhate,hate,False,worthlessness,0.01590931155221245,0.01590931155221245,0.22466899454593658,0.37808647751808167,0.35,1,1,600,FP32-token-IDs
RoBERTa,d0judl,497,16,2512,Ġyourself,yourself,False,anger,0.037799444587846454,0.037799444587846454,0.23181675374507904,0.29161426424980164,0.35,1,0,600,FP32-token-IDs
RoBERTa,d0judl,497,16,2512,Ġyourself,yourself,False,brain dysfunction (forget),-0.0019001593460630187,0.0019001593460630187,0.1699400395154953,0.11315593868494034,0.35,0,0,600,FP32-token-IDs
RoBERTa,d0judl,497,16,2512,Ġyourself,yourself,False,emptiness,-0.002917027229015575,0.002917027229015575,0.09006647765636444,0.1454521119594574,0.35,1,0,600,FP32-token-IDs
RoBERTa,d0judl,497,16,2512,Ġyourself,yourself,False,hopelessness,0.012001910453564883,0.012001910453564883,0.24530725181102753,0.893997073173523,0.35,1,1,600,FP32-token-IDs
RoBERTa,d0judl,497,16,2512,Ġyourself,yourself,False,loneliness,-0.013488143152828189,0.013488143152828189,0.352027028799057,0.9641240239143372,0.35,1,1,600,FP32-token-IDs
RoBERTa,d0judl,497,16,2512,Ġyourself,yourself,False,sadness,0.022156363372003135,0.022156363372003135,0.265706866979599,0.9805826544761658,0.35,1,1,600,FP32-token-IDs
RoBERTa,d0judl,497,16,2512,Ġyourself,yourself,False,suicide intent,0.001330055500404663,0.001330055500404663,0.059769634157419205,0.02220616675913334,0.35,0,0,600,FP32-token-IDs
RoBERTa,d0judl,497,16,2512,Ġyourself,yourself,False,worthlessness,0.01590931155221245,0.01590931155221245,0.22466899454593658,0.37808647751808167,0.35,1,1,600,FP32-token-IDs
RoBERTa,d0judl,497,17,116,?,?,False,anger,-0.012939889859851627,0.012939889859851627,0.23181675374507904,0.29161426424980164,0.35,1,0,600,FP32-token-IDs
RoBERTa,d0judl,497,17,116,?,?,False,brain dysfunction (forget),-0.0003353601301230543,0.0003353601301230543,0.1699400395154953,0.11315593868494034,0.35,0,0,600,FP32-token-IDs
RoBERTa,d0judl,497,17,116,?,?,False,emptiness,3.6571615795631066e-05,3.6571615795631066e-05,0.09006647765636444,0.1454521119594574,0.35,1,0,600,FP32-token-IDs
RoBERTa,d0judl,497,17,116,?,?,False,hopelessness,-0.0003473032047937813,0.0003473032047937813,0.24530725181102753,0.893997073173523,0.35,1,1,600,FP32-token-IDs
RoBERTa,d0judl,497,17,116,?,?,False,loneliness,0.0036032601164903864,0.0036032601164903864,0.352027028799057,0.9641240239143372,0.35,1,1,600,FP32-token-IDs
RoBERTa,d0judl,497,17,116,?,?,False,sadness,0.00044780723030932905,0.00044780723030932905,0.265706866979599,0.9805826544761658,0.35,1,1,600,FP32-token-IDs
RoBERTa,d0judl,497,17,116,?,?,False,suicide intent,8.060994531704289e-05,8.060994531704289e-05,0.059769634157419205,0.02220616675913334,0.35,0,0,600,FP32-token-IDs
RoBERTa,d0judl,497,17,116,?,?,False,worthlessness,-0.007048117986855548,0.007048117986855548,0.22466899454593658,0.37808647751808167,0.35,1,1,600,FP32-token-IDs
RoBERTa,d0judl,497,18,22560,Ġ###,#,False,anger,-0.012939889859851627,0.012939889859851627,0.23181675374507904,0.29161426424980164,0.35,1,0,600,FP32-token-IDs
RoBERTa,d0judl,497,18,22560,Ġ###,#,False,brain dysfunction (forget),-0.0003353601301230543,0.0003353601301230543,0.1699400395154953,0.11315593868494034,0.35,0,0,600,FP32-token-IDs
RoBERTa,d0judl,497,18,22560,Ġ###,#,False,emptiness,3.6571615795631066e-05,3.6571615795631066e-05,0.09006647765636444,0.1454521119594574,0.35,1,0,600,FP32-token-IDs
RoBERTa,d0judl,497,18,22560,Ġ###,#,False,hopelessness,-0.0003473032047937813,0.0003473032047937813,0.24530725181102753,0.893997073173523,0.35,1,1,600,FP32-token-IDs
RoBERTa,d0judl,497,18,22560,Ġ###,#,False,loneliness,0.0036032601164903864,0.0036032601164903864,0.352027028799057,0.9641240239143372,0.35,1,1,600,FP32-token-IDs
RoBERTa,d0judl,497,18,22560,Ġ###,#,False,sadness,0.00044780723030932905,0.00044780723030932905,0.265706866979599,0.9805826544761658,0.35,1,1,600,FP32-token-IDs
RoBERTa,d0judl,497,18,22560,Ġ###,#,False,suicide intent,8.060994531704289e-05,8.060994531704289e-05,0.059769634157419205,0.02220616675913334,0.35,0,0,600,FP32-token-IDs
RoBERTa,d0judl,497,18,22560,Ġ###,#,False,worthlessness,-0.007048117986855548,0.007048117986855548,0.22466899454593658,0.37808647751808167,0.35,1,1,600,FP32-token-IDs
RoBERTa,d0judl,497,19,15267,ĠYesterday,yesterday,False,anger,-0.012939889859851627,0.012939889859851627,0.23181675374507904,0.29161426424980164,0.35,1,0,600,FP32-token-IDs
RoBERTa,d0judl,497,19,15267,ĠYesterday,yesterday,False,brain dysfunction (forget),-0.0003353601301230543,0.0003353601301230543,0.1699400395154953,0.11315593868494034,0.35,0,0,600,FP32-token-IDs
RoBERTa,d0judl,497,19,15267,ĠYesterday,yesterday,False,emptiness,3.6571615795631066e-05,3.6571615795631066e-05,0.09006647765636444,0.1454521119594574,0.35,1,0,600,FP32-token-IDs
RoBERTa,d0judl,497,19,15267,ĠYesterday,yesterday,False,hopelessness,-0.0003473032047937813,0.0003473032047937813,0.24530725181102753,0.893997073173523,0.35,1,1,600,FP32-token-IDs
RoBERTa,d0judl,497,19,15267,ĠYesterday,yesterday,False,loneliness,0.0036032601164903864,0.0036032601164903864,0.352027028799057,0.9641240239143372,0.35,1,1,600,FP32-token-IDs
RoBERTa,d0judl,497,19,15267,ĠYesterday,yesterday,False,sadness,0.00044780723030932905,0.00044780723030932905,0.265706866979599,0.9805826544761658,0.35,1,1,600,FP32-token-IDs
RoBERTa,d0judl,497,19,15267,ĠYesterday,yesterday,False,suicide intent,8.060994531704289e-05,8.060994531704289e-05,0.059769634157419205,0.02220616675913334,0.35,0,0,600,FP32-token-IDs
RoBERTa,d0judl,497,19,15267,ĠYesterday,yesterday,False,worthlessness,-0.007048117986855548,0.007048117986855548,0.22466899454593658,0.37808647751808167,0.35,1,1,600,FP32-token-IDs
RoBERTa,d0judl,497,20,21,Ġwas,was,False,anger,-0.012939889859851627,0.012939889859851627,0.23181675374507904,0.29161426424980164,0.35,1,0,600,FP32-token-IDs
RoBERTa,d0judl,497,20,21,Ġwas,was,False,brain dysfunction (forget),-0.0003353601301230543,0.0003353601301230543,0.1699400395154953,0.11315593868494034,0.35,0,0,600,FP32-token-IDs
RoBERTa,d0judl,497,20,21,Ġwas,was,False,emptiness,3.6571615795631066e-05,3.6571615795631066e-05,0.09006647765636444,0.1454521119594574,0.35,1,0,600,FP32-token-IDs
RoBERTa,d0judl,497,20,21,Ġwas,was,False,hopelessness,-0.0003473032047937813,0.0003473032047937813,0.24530725181102753,0.893997073173523,0.35,1,1,600,FP32-token-IDs
RoBERTa,d0judl,497,20,21,Ġwas,was,False,loneliness,0.0036032601164903864,0.0036032601164903864,0.352027028799057,0.9641240239143372,0.35,1,1,600,FP32-token-IDs
RoBERTa,d0judl,497,20,21,Ġwas,was,False,sadness,0.00044780723030932905,0.00044780723030932905,0.265706866979599,0.9805826544761658,0.35,1,1,600,FP32-token-IDs
RoBERTa,d0judl,497,20,21,Ġwas,was,False,suicide intent,8.060994531704289e-05,8.060994531704289e-05,0.059769634157419205,0.02220616675913334,0.35,0,0,600,FP32-token-IDs
RoBERTa,d0judl,497,20,21,Ġwas,was,False,worthlessness,-0.007048117986855548,0.007048117986855548,0.22466899454593658,0.37808647751808167,0.35,1,1,600,FP32-token-IDs
RoBERTa,d0judl,497,21,127,Ġmy,my,False,anger,-0.004026947371173827,0.004026947371173827,0.23181675374507904,0.29161426424980164,0.35,1,0,600,FP32-token-IDs
RoBERTa,d0judl,497,21,127,Ġmy,my,False,brain dysfunction (forget),-0.0008178721641914039,0.0008178721641914039,0.1699400395154953,0.11315593868494034,0.35,0,0,600,FP32-token-IDs
RoBERTa,d0judl,497,21,127,Ġmy,my,False,emptiness,-0.0003650820028143673,0.0003650820028143673,0.09006647765636444,0.1454521119594574,0.35,1,0,600,FP32-token-IDs
RoBERTa,d0judl,497,21,127,Ġmy,my,False,hopelessness,-0.0007566411392884208,0.0007566411392884208,0.24530725181102753,0.893997073173523,0.35,1,1,600,FP32-token-IDs
RoBERTa,d0judl,497,21,127,Ġmy,my,False,loneliness,0.0008748084910463913,0.0008748084910463913,0.352027028799057,0.9641240239143372,0.35,1,1,600,FP32-token-IDs
RoBERTa,d0judl,497,21,127,Ġmy,my,False,sadness,0.003790312658318064,0.003790312658318064,0.265706866979599,0.9805826544761658,0.35,1,1,600,FP32-token-IDs
RoBERTa,d0judl,497,21,127,Ġmy,my,False,suicide intent,5.175744098821831e-05,5.175744098821831e-05,0.059769634157419205,0.02220616675913334,0.35,0,0,600,FP32-token-IDs
RoBERTa,d0judl,497,21,127,Ġmy,my,False,worthlessness,-0.005006477009208704,0.005006477009208704,0.22466899454593658,0.37808647751808167,0.35,1,1,600,FP32-token-IDs
RoBERTa,d0judl,497,22,4115,Ġbirthday,birthday,False,anger,-0.004026947371173827,0.004026947371173827,0.23181675374507904,0.29161426424980164,0.35,1,0,600,FP32-token-IDs
RoBERTa,d0judl,497,22,4115,Ġbirthday,birthday,False,brain dysfunction (forget),-0.0008178721641914039,0.0008178721641914039,0.1699400395154953,0.11315593868494034,0.35,0,0,600,FP32-token-IDs
RoBERTa,d0judl,497,22,4115,Ġbirthday,birthday,False,emptiness,-0.0003650820028143673,0.0003650820028143673,0.09006647765636444,0.1454521119594574,0.35,1,0,600,FP32-token-IDs
RoBERTa,d0judl,497,22,4115,Ġbirthday,birthday,False,hopelessness,-0.0007566411392884208,0.0007566411392884208,0.24530725181102753,0.893997073173523,0.35,1,1,600,FP32-token-IDs
RoBERTa,d0judl,497,22,4115,Ġbirthday,birthday,False,loneliness,0.0008748084910463913,0.0008748084910463913,0.352027028799057,0.9641240239143372,0.35,1,1,600,FP32-token-IDs
RoBERTa,d0judl,497,22,4115,Ġbirthday,birthday,False,sadness,0.003790312658318064,0.003790312658318064,0.265706866979599,0.9805826544761658,0.35,1,1,600,FP32-token-IDs
RoBERTa,d0judl,497,22,4115,Ġbirthday,birthday,False,suicide intent,5.175744098821831e-05,5.175744098821831e-05,0.059769634157419205,0.02220616675913334,0.35,0,0,600,FP32-token-IDs
RoBERTa,d0judl,497,22,4115,Ġbirthday,birthday,False,worthlessness,-0.005006477009208704,0.005006477009208704,0.22466899454593658,0.37808647751808167,0.35,1,1,600,FP32-token-IDs
RoBERTa,d0judl,497,23,8,Ġand,and,False,anger,-0.004026947371173827,0.004026947371173827,0.23181675374507904,0.29161426424980164,0.35,1,0,600,FP32-token-IDs
RoBERTa,d0judl,497,23,8,Ġand,and,False,brain dysfunction (forget),-0.0008178721641914039,0.0008178721641914039,0.1699400395154953,0.11315593868494034,0.35,0,0,600,FP32-token-IDs
RoBERTa,d0judl,497,23,8,Ġand,and,False,emptiness,-0.0003650820028143673,0.0003650820028143673,0.09006647765636444,0.1454521119594574,0.35,1,0,600,FP32-token-IDs
RoBERTa,d0judl,497,23,8,Ġand,and,False,hopelessness,-0.0007566411392884208,0.0007566411392884208,0.24530725181102753,0.893997073173523,0.35,1,1,600,FP32-token-IDs
RoBERTa,d0judl,497,23,8,Ġand,and,False,loneliness,0.0008748084910463913,0.0008748084910463913,0.352027028799057,0.9641240239143372,0.35,1,1,600,FP32-token-IDs
RoBERTa,d0judl,497,23,8,Ġand,and,False,sadness,0.003790312658318064,0.003790312658318064,0.265706866979599,0.9805826544761658,0.35,1,1,600,FP32-token-IDs
RoBERTa,d0judl,497,23,8,Ġand,and,False,suicide intent,5.175744098821831e-05,5.175744098821831e-05,0.059769634157419205,0.02220616675913334,0.35,0,0,600,FP32-token-IDs
RoBERTa,d0judl,497,23,8,Ġand,and,False,worthlessness,-0.005006477009208704,0.005006477009208704,0.22466899454593658,0.37808647751808167,0.35,1,1,600,FP32-token-IDs
RoBERTa,d0judl,497,24,127,Ġmy,my,False,anger,0.0028517865963901086,0.0028517865963901086,0.23181675374507904,0.29161426424980164,0.35,1,0,600,FP32-token-IDs
RoBERTa,d0judl,497,24,127,Ġmy,my,False,brain dysfunction (forget),-0.0007341516422898029,0.0007341516422898029,0.1699400395154953,0.11315593868494034,0.35,0,0,600,FP32-token-IDs
RoBERTa,d0judl,497,24,127,Ġmy,my,False,emptiness,-0.0006630203291548021,0.0006630203291548021,0.09006647765636444,0.1454521119594574,0.35,1,0,600,FP32-token-IDs
RoBERTa,d0judl,497,24,127,Ġmy,my,False,hopelessness,-5.875758925509272e-05,5.875758925509272e-05,0.24530725181102753,0.893997073173523,0.35,1,1,600,FP32-token-IDs
RoBERTa,d0judl,497,24,127,Ġmy,my,False,loneliness,-0.0018252525273992708,0.0018252525273992708,0.352027028799057,0.9641240239143372,0.35,1,1,600,FP32-token-IDs
RoBERTa,d0judl,497,24,127,Ġmy,my,False,sadness,0.005357215858318589,0.005357215858318589,0.265706866979599,0.9805826544761658,0.35,1,1,600,FP32-token-IDs
RoBERTa,d0judl,497,24,127,Ġmy,my,False,suicide intent,-4.861135918569439e-05,4.861135918569439e-05,0.059769634157419205,0.02220616675913334,0.35,0,0,600,FP32-token-IDs
RoBERTa,d0judl,497,24,127,Ġmy,my,False,worthlessness,-0.003807461550318156,0.003807461550318156,0.22466899454593658,0.37808647751808167,0.35,1,1,600,FP32-token-IDs
RoBERTa,d0judl,497,25,32666,Ġcoworkers,coworkers,False,anger,0.0028517865963901086,0.0028517865963901086,0.23181675374507904,0.29161426424980164,0.35,1,0,600,FP32-token-IDs
RoBERTa,d0judl,497,25,32666,Ġcoworkers,coworkers,False,brain dysfunction (forget),-0.0007341516422898029,0.0007341516422898029,0.1699400395154953,0.11315593868494034,0.35,0,0,600,FP32-token-IDs
RoBERTa,d0judl,497,25,32666,Ġcoworkers,coworkers,False,emptiness,-0.0006630203291548021,0.0006630203291548021,0.09006647765636444,0.1454521119594574,0.35,1,0,600,FP32-token-IDs
RoBERTa,d0judl,497,25,32666,Ġcoworkers,coworkers,False,hopelessness,-5.875758925509272e-05,5.875758925509272e-05,0.24530725181102753,0.893997073173523,0.35,1,1,600,FP32-token-IDs
RoBERTa,d0judl,497,25,32666,Ġcoworkers,coworkers,False,loneliness,-0.0018252525273992708,0.0018252525273992708,0.352027028799057,0.9641240239143372,0.35,1,1,600,FP32-token-IDs
RoBERTa,d0judl,497,25,32666,Ġcoworkers,coworkers,False,sadness,0.005357215858318589,0.005357215858318589,0.265706866979599,0.9805826544761658,0.35,1,1,600,FP32-token-IDs
RoBERTa,d0judl,497,25,32666,Ġcoworkers,coworkers,False,suicide intent,-4.861135918569439e-05,4.861135918569439e-05,0.059769634157419205,0.02220616675913334,0.35,0,0,600,FP32-token-IDs
RoBERTa,d0judl,497,25,32666,Ġcoworkers,coworkers,False,worthlessness,-0.003807461550318156,0.003807461550318156,0.22466899454593658,0.37808647751808167,0.35,1,1,600,FP32-token-IDs
RoBERTa,d0judl,497,26,300,Ġgot,got,False,anger,0.002851786596390108,0.002851786596390108,0.23181675374507904,0.29161426424980164,0.35,1,0,600,FP32-token-IDs
RoBERTa,d0judl,497,26,300,Ġgot,got,False,brain dysfunction (forget),-0.0007341516422898028,0.0007341516422898028,0.1699400395154953,0.11315593868494034,0.35,0,0,600,FP32-token-IDs
RoBERTa,d0judl,497,26,300,Ġgot,got,False,emptiness,-0.0006630203291548021,0.0006630203291548021,0.09006647765636444,0.1454521119594574,0.35,1,0,600,FP32-token-IDs
RoBERTa,d0judl,497,26,300,Ġgot,got,False,hopelessness,-5.875758925509272e-05,5.875758925509272e-05,0.24530725181102753,0.893997073173523,0.35,1,1,600,FP32-token-IDs
RoBERTa,d0judl,497,26,300,Ġgot,got,False,loneliness,-0.001825252527399271,0.001825252527399271,0.352027028799057,0.9641240239143372,0.35,1,1,600,FP32-token-IDs
RoBERTa,d0judl,497,26,300,Ġgot,got,False,sadness,0.005357215858318588,0.005357215858318588,0.265706866979599,0.9805826544761658,0.35,1,1,600,FP32-token-IDs
RoBERTa,d0judl,497,26,300,Ġgot,got,False,suicide intent,-4.861135918569439e-05,4.861135918569439e-05,0.059769634157419205,0.02220616675913334,0.35,0,0,600,FP32-token-IDs
RoBERTa,d0judl,497,26,300,Ġgot,got,False,worthlessness,-0.003807461550318156,0.003807461550318156,0.22466899454593658,0.37808647751808167,0.35,1,1,600,FP32-token-IDs
RoBERTa,d0judl,497,27,162,Ġme,me,False,anger,0.002851786596390108,0.002851786596390108,0.23181675374507904,0.29161426424980164,0.35,1,0,600,FP32-token-IDs
RoBERTa,d0judl,497,27,162,Ġme,me,False,brain dysfunction (forget),-0.0007341516422898028,0.0007341516422898028,0.1699400395154953,0.11315593868494034,0.35,0,0,600,FP32-token-IDs
RoBERTa,d0judl,497,27,162,Ġme,me,False,emptiness,-0.0006630203291548021,0.0006630203291548021,0.09006647765636444,0.1454521119594574,0.35,1,0,600,FP32-token-IDs
RoBERTa,d0judl,497,27,162,Ġme,me,False,hopelessness,-5.875758925509272e-05,5.875758925509272e-05,0.24530725181102753,0.893997073173523,0.35,1,1,600,FP32-token-IDs
RoBERTa,d0judl,497,27,162,Ġme,me,False,loneliness,-0.001825252527399271,0.001825252527399271,0.352027028799057,0.9641240239143372,0.35,1,1,600,FP32-token-IDs
RoBERTa,d0judl,497,27,162,Ġme,me,False,sadness,0.005357215858318588,0.005357215858318588,0.265706866979599,0.9805826544761658,0.35,1,1,600,FP32-token-IDs
RoBERTa,d0judl,497,27,162,Ġme,me,False,suicide intent,-4.861135918569439e-05,4.861135918569439e-05,0.059769634157419205,0.02220616675913334,0.35,0,0,600,FP32-token-IDs
RoBERTa,d0judl,497,27,162,Ġme,me,False,worthlessness,-0.003807461550318156,0.003807461550318156,0.22466899454593658,0.37808647751808167,0.35,1,1,600,FP32-token-IDs
RoBERTa,d0judl,497,28,15269,Ġcookies,cookies,False,anger,0.002851786596390108,0.002851786596390108,0.23181675374507904,0.29161426424980164,0.35,1,0,600,FP32-token-IDs
RoBERTa,d0judl,497,28,15269,Ġcookies,cookies,False,brain dysfunction (forget),-0.0007341516422898028,0.0007341516422898028,0.1699400395154953,0.11315593868494034,0.35,0,0,600,FP32-token-IDs
RoBERTa,d0judl,497,28,15269,Ġcookies,cookies,False,emptiness,-0.0006630203291548021,0.0006630203291548021,0.09006647765636444,0.1454521119594574,0.35,1,0,600,FP32-token-IDs
RoBERTa,d0judl,497,28,15269,Ġcookies,cookies,False,hopelessness,-5.875758925509272e-05,5.875758925509272e-05,0.24530725181102753,0.893997073173523,0.35,1,1,600,FP32-token-IDs
RoBERTa,d0judl,497,28,15269,Ġcookies,cookies,False,loneliness,-0.001825252527399271,0.001825252527399271,0.352027028799057,0.9641240239143372,0.35,1,1,600,FP32-token-IDs
RoBERTa,d0judl,497,28,15269,Ġcookies,cookies,False,sadness,0.005357215858318588,0.005357215858318588,0.265706866979599,0.9805826544761658,0.35,1,1,600,FP32-token-IDs
RoBERTa,d0judl,497,28,15269,Ġcookies,cookies,False,suicide intent,-4.861135918569439e-05,4.861135918569439e-05,0.059769634157419205,0.02220616675913334,0.35,0,0,600,FP32-token-IDs
RoBERTa,d0judl,497,28,15269,Ġcookies,cookies,False,worthlessness,-0.003807461550318156,0.003807461550318156,0.22466899454593658,0.37808647751808167,0.35,1,1,600,FP32-token-IDs
RoBERTa,d0judl,497,29,8,Ġand,and,False,anger,0.0023259738925844433,0.0023259738925844433,0.23181675374507904,0.29161426424980164,0.35,1,0,600,FP32-token-IDs
RoBERTa,d0judl,497,29,8,Ġand,and,False,brain dysfunction (forget),0.0005251653312536126,0.0005251653312536126,0.1699400395154953,0.11315593868494034,0.35,0,0,600,FP32-token-IDs
RoBERTa,d0judl,497,29,8,Ġand,and,False,emptiness,0.0012427355945956978,0.0012427355945956978,0.09006647765636444,0.1454521119594574,0.35,1,0,600,FP32-token-IDs
RoBERTa,d0judl,497,29,8,Ġand,and,False,hopelessness,4.205494399436493e-05,4.205494399436493e-05,0.24530725181102753,0.893997073173523,0.35,1,1,600,FP32-token-IDs
RoBERTa,d0judl,497,29,8,Ġand,and,False,loneliness,0.00043490758504379884,0.00043490758504379884,0.352027028799057,0.9641240239143372,0.35,1,1,600,FP32-token-IDs
RoBERTa,d0judl,497,29,8,Ġand,and,False,sadness,0.00041669041595675737,0.00041669041595675737,0.265706866979599,0.9805826544761658,0.35,1,1,600,FP32-token-IDs
RoBERTa,d0judl,497,29,8,Ġand,and,False,suicide intent,0.00040928237431216987,0.00040928237431216987,0.059769634157419205,0.02220616675913334,0.35,0,0,600,FP32-token-IDs
RoBERTa,d0judl,497,29,8,Ġand,and,False,worthlessness,-0.000619111227040941,0.000619111227040941,0.22466899454593658,0.37808647751808167,0.35,1,1,600,FP32-token-IDs
RoBERTa,d0judl,497,30,10,Ġa,a,False,anger,0.0023259738925844433,0.0023259738925844433,0.23181675374507904,0.29161426424980164,0.35,1,0,600,FP32-token-IDs
RoBERTa,d0judl,497,30,10,Ġa,a,False,brain dysfunction (forget),0.0005251653312536126,0.0005251653312536126,0.1699400395154953,0.11315593868494034,0.35,0,0,600,FP32-token-IDs
RoBERTa,d0judl,497,30,10,Ġa,a,False,emptiness,0.0012427355945956978,0.0012427355945956978,0.09006647765636444,0.1454521119594574,0.35,1,0,600,FP32-token-IDs
RoBERTa,d0judl,497,30,10,Ġa,a,False,hopelessness,4.205494399436493e-05,4.205494399436493e-05,0.24530725181102753,0.893997073173523,0.35,1,1,600,FP32-token-IDs
RoBERTa,d0judl,497,30,10,Ġa,a,False,loneliness,0.00043490758504379884,0.00043490758504379884,0.352027028799057,0.9641240239143372,0.35,1,1,600,FP32-token-IDs
RoBERTa,d0judl,497,30,10,Ġa,a,False,sadness,0.00041669041595675737,0.00041669041595675737,0.265706866979599,0.9805826544761658,0.35,1,1,600,FP32-token-IDs
RoBERTa,d0judl,497,30,10,Ġa,a,False,suicide intent,0.00040928237431216987,0.00040928237431216987,0.059769634157419205,0.02220616675913334,0.35,0,0,600,FP32-token-IDs
RoBERTa,d0judl,497,30,10,Ġa,a,False,worthlessness,-0.000619111227040941,0.000619111227040941,0.22466899454593658,0.37808647751808167,0.35,1,1,600,FP32-token-IDs
RoBERTa,d0judl,497,31,891,Ġcouple,couple,False,anger,0.0023259738925844433,0.0023259738925844433,0.23181675374507904,0.29161426424980164,0.35,1,0,600,FP32-token-IDs
RoBERTa,d0judl,497,31,891,Ġcouple,couple,False,brain dysfunction (forget),0.0005251653312536126,0.0005251653312536126,0.1699400395154953,0.11315593868494034,0.35,0,0,600,FP32-token-IDs
RoBERTa,d0judl,497,31,891,Ġcouple,couple,False,emptiness,0.0012427355945956978,0.0012427355945956978,0.09006647765636444,0.1454521119594574,0.35,1,0,600,FP32-token-IDs
RoBERTa,d0judl,497,31,891,Ġcouple,couple,False,hopelessness,4.205494399436493e-05,4.205494399436493e-05,0.24530725181102753,0.893997073173523,0.35,1,1,600,FP32-token-IDs
RoBERTa,d0judl,497,31,891,Ġcouple,couple,False,loneliness,0.00043490758504379884,0.00043490758504379884,0.352027028799057,0.9641240239143372,0.35,1,1,600,FP32-token-IDs
RoBERTa,d0judl,497,31,891,Ġcouple,couple,False,sadness,0.00041669041595675737,0.00041669041595675737,0.265706866979599,0.9805826544761658,0.35,1,1,600,FP32-token-IDs
RoBERTa,d0judl,497,31,891,Ġcouple,couple,False,suicide intent,0.00040928237431216987,0.00040928237431216987,0.059769634157419205,0.02220616675913334,0.35,0,0,600,FP32-token-IDs
RoBERTa,d0judl,497,31,891,Ġcouple,couple,False,worthlessness,-0.000619111227040941,0.000619111227040941,0.22466899454593658,0.37808647751808167,0.35,1,1,600,FP32-token-IDs
RoBERTa,d0judl,497,32,964,Ġfriends,friends,False,anger,0.0023259738925844433,0.0023259738925844433,0.23181675374507904,0.29161426424980164,0.35,1,0,600,FP32-token-IDs
RoBERTa,d0judl,497,32,964,Ġfriends,friends,False,brain dysfunction (forget),0.0005251653312536126,0.0005251653312536126,0.1699400395154953,0.11315593868494034,0.35,0,0,600,FP32-token-IDs
RoBERTa,d0judl,497,32,964,Ġfriends,friends,False,emptiness,0.0012427355945956978,0.0012427355945956978,0.09006647765636444,0.1454521119594574,0.35,1,0,600,FP32-token-IDs
RoBERTa,d0judl,497,32,964,Ġfriends,friends,False,hopelessness,4.205494399436493e-05,4.205494399436493e-05,0.24530725181102753,0.893997073173523,0.35,1,1,600,FP32-token-IDs
RoBERTa,d0judl,497,32,964,Ġfriends,friends,False,loneliness,0.00043490758504379884,0.00043490758504379884,0.352027028799057,0.9641240239143372,0.35,1,1,600,FP32-token-IDs
RoBERTa,d0judl,497,32,964,Ġfriends,friends,False,sadness,0.00041669041595675737,0.00041669041595675737,0.265706866979599,0.9805826544761658,0.35,1,1,600,FP32-token-IDs
RoBERTa,d0judl,497,32,964,Ġfriends,friends,False,suicide intent,0.00040928237431216987,0.00040928237431216987,0.059769634157419205,0.02220616675913334,0.35,0,0,600,FP32-token-IDs
RoBERTa,d0judl,497,32,964,Ġfriends,friends,False,worthlessness,-0.000619111227040941,0.000619111227040941,0.22466899454593658,0.37808647751808167,0.35,1,1,600,FP32-token-IDs
RoBERTa,d0judl,497,33,362,Ġtook,took,False,anger,0.0023259738925844433,0.0023259738925844433,0.23181675374507904,0.29161426424980164,0.35,1,0,600,FP32-token-IDs
RoBERTa,d0judl,497,33,362,Ġtook,took,False,brain dysfunction (forget),0.0005251653312536126,0.0005251653312536126,0.1699400395154953,0.11315593868494034,0.35,0,0,600,FP32-token-IDs
RoBERTa,d0judl,497,33,362,Ġtook,took,False,emptiness,0.0012427355945956978,0.0012427355945956978,0.09006647765636444,0.1454521119594574,0.35,1,0,600,FP32-token-IDs
RoBERTa,d0judl,497,33,362,Ġtook,took,False,hopelessness,4.205494399436493e-05,4.205494399436493e-05,0.24530725181102753,0.893997073173523,0.35,1,1,600,FP32-token-IDs
RoBERTa,d0judl,497,33,362,Ġtook,took,False,loneliness,0.00043490758504379884,0.00043490758504379884,0.352027028799057,0.9641240239143372,0.35,1,1,600,FP32-token-IDs
RoBERTa,d0judl,497,33,362,Ġtook,took,False,sadness,0.00041669041595675737,0.00041669041595675737,0.265706866979599,0.9805826544761658,0.35,1,1,600,FP32-token-IDs
RoBERTa,d0judl,497,33,362,Ġtook,took,False,suicide intent,0.00040928237431216987,0.00040928237431216987,0.059769634157419205,0.02220616675913334,0.35,0,0,600,FP32-token-IDs
RoBERTa,d0judl,497,33,362,Ġtook,took,False,worthlessness,-0.000619111227040941,0.000619111227040941,0.22466899454593658,0.37808647751808167,0.35,1,1,600,FP32-token-IDs
RoBERTa,d0judl,497,34,162,Ġme,me,False,anger,0.0027170317713171243,0.0027170317713171243,0.23181675374507904,0.29161426424980164,0.35,1,0,600,FP32-token-IDs
RoBERTa,d0judl,497,34,162,Ġme,me,False,brain dysfunction (forget),0.0005546475115062839,0.0005546475115062839,0.1699400395154953,0.11315593868494034,0.35,0,0,600,FP32-token-IDs
RoBERTa,d0judl,497,34,162,Ġme,me,False,emptiness,0.0013687933181327852,0.0013687933181327852,0.09006647765636444,0.1454521119594574,0.35,1,0,600,FP32-token-IDs
RoBERTa,d0judl,497,34,162,Ġme,me,False,hopelessness,0.00012366804505952378,0.00012366804505952378,0.24530725181102753,0.893997073173523,0.35,1,1,600,FP32-token-IDs
RoBERTa,d0judl,497,34,162,Ġme,me,False,loneliness,0.0023615047928284517,0.0023615047928284517,0.352027028799057,0.9641240239143372,0.35,1,1,600,FP32-token-IDs
RoBERTa,d0judl,497,34,162,Ġme,me,False,sadness,-0.0011294715783812781,0.0011294715783812781,0.265706866979599,0.9805826544761658,0.35,1,1,600,FP32-token-IDs
RoBERTa,d0judl,497,34,162,Ġme,me,False,suicide intent,0.0003749099822016433,0.0003749099822016433,0.059769634157419205,0.02220616675913334,0.35,0,0,600,FP32-token-IDs
RoBERTa,d0judl,497,34,162,Ġme,me,False,worthlessness,-0.0004897547589445656,0.0004897547589445656,0.22466899454593658,0.37808647751808167,0.35,1,1,600,FP32-token-IDs
RoBERTa,d0judl,497,35,66,Ġout,out,False,anger,0.0027170317713171243,0.0027170317713171243,0.23181675374507904,0.29161426424980164,0.35,1,0,600,FP32-token-IDs
RoBERTa,d0judl,497,35,66,Ġout,out,False,brain dysfunction (forget),0.0005546475115062839,0.0005546475115062839,0.1699400395154953,0.11315593868494034,0.35,0,0,600,FP32-token-IDs
RoBERTa,d0judl,497,35,66,Ġout,out,False,emptiness,0.0013687933181327852,0.0013687933181327852,0.09006647765636444,0.1454521119594574,0.35,1,0,600,FP32-token-IDs
RoBERTa,d0judl,497,35,66,Ġout,out,False,hopelessness,0.00012366804505952378,0.00012366804505952378,0.24530725181102753,0.893997073173523,0.35,1,1,600,FP32-token-IDs
RoBERTa,d0judl,497,35,66,Ġout,out,False,loneliness,0.0023615047928284517,0.0023615047928284517,0.352027028799057,0.9641240239143372,0.35,1,1,600,FP32-token-IDs
RoBERTa,d0judl,497,35,66,Ġout,out,False,sadness,-0.0011294715783812781,0.0011294715783812781,0.265706866979599,0.9805826544761658,0.35,1,1,600,FP32-token-IDs
RoBERTa,d0judl,497,35,66,Ġout,out,False,suicide intent,0.0003749099822016433,0.0003749099822016433,0.059769634157419205,0.02220616675913334,0.35,0,0,600,FP32-token-IDs
RoBERTa,d0judl,497,35,66,Ġout,out,False,worthlessness,-0.0004897547589445656,0.0004897547589445656,0.22466899454593658,0.37808647751808167,0.35,1,1,600,FP32-token-IDs
RoBERTa,d0judl,497,36,7,Ġto,to,False,anger,0.0027170317713171243,0.0027170317713171243,0.23181675374507904,0.29161426424980164,0.35,1,0,600,FP32-token-IDs
RoBERTa,d0judl,497,36,7,Ġto,to,False,brain dysfunction (forget),0.0005546475115062839,0.0005546475115062839,0.1699400395154953,0.11315593868494034,0.35,0,0,600,FP32-token-IDs
RoBERTa,d0judl,497,36,7,Ġto,to,False,emptiness,0.0013687933181327852,0.0013687933181327852,0.09006647765636444,0.1454521119594574,0.35,1,0,600,FP32-token-IDs
RoBERTa,d0judl,497,36,7,Ġto,to,False,hopelessness,0.00012366804505952378,0.00012366804505952378,0.24530725181102753,0.893997073173523,0.35,1,1,600,FP32-token-IDs
RoBERTa,d0judl,497,36,7,Ġto,to,False,loneliness,0.0023615047928284517,0.0023615047928284517,0.352027028799057,0.9641240239143372,0.35,1,1,600,FP32-token-IDs
RoBERTa,d0judl,497,36,7,Ġto,to,False,sadness,-0.0011294715783812781,0.0011294715783812781,0.265706866979599,0.9805826544761658,0.35,1,1,600,FP32-token-IDs
RoBERTa,d0judl,497,36,7,Ġto,to,False,suicide intent,0.0003749099822016433,0.0003749099822016433,0.059769634157419205,0.02220616675913334,0.35,0,0,600,FP32-token-IDs
RoBERTa,d0judl,497,36,7,Ġto,to,False,worthlessness,-0.0004897547589445656,0.0004897547589445656,0.22466899454593658,0.37808647751808167,0.35,1,1,600,FP32-token-IDs
RoBERTa,d0judl,497,37,4592,Ġlunch,lunch,False,anger,0.0027170317713171243,0.0027170317713171243,0.23181675374507904,0.29161426424980164,0.35,1,0,600,FP32-token-IDs
RoBERTa,d0judl,497,37,4592,Ġlunch,lunch,False,brain dysfunction (forget),0.0005546475115062839,0.0005546475115062839,0.1699400395154953,0.11315593868494034,0.35,0,0,600,FP32-token-IDs
RoBERTa,d0judl,497,37,4592,Ġlunch,lunch,False,emptiness,0.0013687933181327852,0.0013687933181327852,0.09006647765636444,0.1454521119594574,0.35,1,0,600,FP32-token-IDs
RoBERTa,d0judl,497,37,4592,Ġlunch,lunch,False,hopelessness,0.00012366804505952378,0.00012366804505952378,0.24530725181102753,0.893997073173523,0.35,1,1,600,FP32-token-IDs
RoBERTa,d0judl,497,37,4592,Ġlunch,lunch,False,loneliness,0.0023615047928284517,0.0023615047928284517,0.352027028799057,0.9641240239143372,0.35,1,1,600,FP32-token-IDs
RoBERTa,d0judl,497,37,4592,Ġlunch,lunch,False,sadness,-0.0011294715783812781,0.0011294715783812781,0.265706866979599,0.9805826544761658,0.35,1,1,600,FP32-token-IDs
RoBERTa,d0judl,497,37,4592,Ġlunch,lunch,False,suicide intent,0.0003749099822016433,0.0003749099822016433,0.059769634157419205,0.02220616675913334,0.35,0,0,600,FP32-token-IDs
RoBERTa,d0judl,497,37,4592,Ġlunch,lunch,False,worthlessness,-0.0004897547589445656,0.0004897547589445656,0.22466899454593658,0.37808647751808167,0.35,1,1,600,FP32-token-IDs
RoBERTa,d0judl,497,38,4,.,.,False,anger,0.0027170317713171243,0.0027170317713171243,0.23181675374507904,0.29161426424980164,0.35,1,0,600,FP32-token-IDs
RoBERTa,d0judl,497,38,4,.,.,False,brain dysfunction (forget),0.0005546475115062839,0.0005546475115062839,0.1699400395154953,0.11315593868494034,0.35,0,0,600,FP32-token-IDs
RoBERTa,d0judl,497,38,4,.,.,False,emptiness,0.0013687933181327852,0.0013687933181327852,0.09006647765636444,0.1454521119594574,0.35,1,0,600,FP32-token-IDs
RoBERTa,d0judl,497,38,4,.,.,False,hopelessness,0.00012366804505952378,0.00012366804505952378,0.24530725181102753,0.893997073173523,0.35,1,1,600,FP32-token-IDs
RoBERTa,d0judl,497,38,4,.,.,False,loneliness,0.0023615047928284517,0.0023615047928284517,0.352027028799057,0.9641240239143372,0.35,1,1,600,FP32-token-IDs
RoBERTa,d0judl,497,38,4,.,.,False,sadness,-0.0011294715783812781,0.0011294715783812781,0.265706866979599,0.9805826544761658,0.35,1,1,600,FP32-token-IDs
RoBERTa,d0judl,497,38,4,.,.,False,suicide intent,0.0003749099822016433,0.0003749099822016433,0.059769634157419205,0.02220616675913334,0.35,0,0,600,FP32-token-IDs
RoBERTa,d0judl,497,38,4,.,.,False,worthlessness,-0.0004897547589445656,0.0004897547589445656,0.22466899454593658,0.37808647751808167,0.35,1,1,600,FP32-token-IDs
RoBERTa,d0judl,497,39,38,ĠI,i,False,anger,0.0034218349503048343,0.0034218349503048343,0.23181675374507904,0.29161426424980164,0.35,1,0,600,FP32-token-IDs
RoBERTa,d0judl,497,39,38,ĠI,i,False,brain dysfunction (forget),0.004798454615367865,0.004798454615367865,0.1699400395154953,0.11315593868494034,0.35,0,0,600,FP32-token-IDs
RoBERTa,d0judl,497,39,38,ĠI,i,False,emptiness,0.008451352564970009,0.008451352564970009,0.09006647765636444,0.1454521119594574,0.35,1,0,600,FP32-token-IDs
RoBERTa,d0judl,497,39,38,ĠI,i,False,hopelessness,0.020531562229734845,0.020531562229734845,0.24530725181102753,0.893997073173523,0.35,1,1,600,FP32-token-IDs
RoBERTa,d0judl,497,39,38,ĠI,i,False,loneliness,-0.0042209231233712105,0.0042209231233712105,0.352027028799057,0.9641240239143372,0.35,1,1,600,FP32-token-IDs
RoBERTa,d0judl,497,39,38,ĠI,i,False,sadness,0.009503314343635879,0.009503314343635879,0.265706866979599,0.9805826544761658,0.35,1,1,600,FP32-token-IDs
RoBERTa,d0judl,497,39,38,ĠI,i,False,suicide intent,-0.0010185503909139826,0.0010185503909139826,0.059769634157419205,0.02220616675913334,0.35,0,0,600,FP32-token-IDs
RoBERTa,d0judl,497,39,38,ĠI,i,False,worthlessness,0.040398069662928936,0.040398069662928936,0.22466899454593658,0.37808647751808167,0.35,1,1,600,FP32-token-IDs
RoBERTa,d0judl,497,40,619,Ġfeel,feel,False,anger,0.0034218349503048343,0.0034218349503048343,0.23181675374507904,0.29161426424980164,0.35,1,0,600,FP32-token-IDs
RoBERTa,d0judl,497,40,619,Ġfeel,feel,False,brain dysfunction (forget),0.004798454615367865,0.004798454615367865,0.1699400395154953,0.11315593868494034,0.35,0,0,600,FP32-token-IDs
RoBERTa,d0judl,497,40,619,Ġfeel,feel,False,emptiness,0.008451352564970009,0.008451352564970009,0.09006647765636444,0.1454521119594574,0.35,1,0,600,FP32-token-IDs
RoBERTa,d0judl,497,40,619,Ġfeel,feel,False,hopelessness,0.020531562229734845,0.020531562229734845,0.24530725181102753,0.893997073173523,0.35,1,1,600,FP32-token-IDs
RoBERTa,d0judl,497,40,619,Ġfeel,feel,False,loneliness,-0.0042209231233712105,0.0042209231233712105,0.352027028799057,0.9641240239143372,0.35,1,1,600,FP32-token-IDs
RoBERTa,d0judl,497,40,619,Ġfeel,feel,False,sadness,0.009503314343635879,0.009503314343635879,0.265706866979599,0.9805826544761658,0.35,1,1,600,FP32-token-IDs
RoBERTa,d0judl,497,40,619,Ġfeel,feel,False,suicide intent,-0.0010185503909139826,0.0010185503909139826,0.059769634157419205,0.02220616675913334,0.35,0,0,600,FP32-token-IDs
RoBERTa,d0judl,497,40,619,Ġfeel,feel,False,worthlessness,0.040398069662928936,0.040398069662928936,0.22466899454593658,0.37808647751808167,0.35,1,1,600,FP32-token-IDs
RoBERTa,d0judl,497,41,16881,Ġdumb,dumb,False,anger,0.0034218349503048343,0.0034218349503048343,0.23181675374507904,0.29161426424980164,0.35,1,0,600,FP32-token-IDs
RoBERTa,d0judl,497,41,16881,Ġdumb,dumb,False,brain dysfunction (forget),0.004798454615367865,0.004798454615367865,0.1699400395154953,0.11315593868494034,0.35,0,0,600,FP32-token-IDs
RoBERTa,d0judl,497,41,16881,Ġdumb,dumb,False,emptiness,0.008451352564970009,0.008451352564970009,0.09006647765636444,0.1454521119594574,0.35,1,0,600,FP32-token-IDs
RoBERTa,d0judl,497,41,16881,Ġdumb,dumb,False,hopelessness,0.020531562229734845,0.020531562229734845,0.24530725181102753,0.893997073173523,0.35,1,1,600,FP32-token-IDs
RoBERTa,d0judl,497,41,16881,Ġdumb,dumb,False,loneliness,-0.0042209231233712105,0.0042209231233712105,0.352027028799057,0.9641240239143372,0.35,1,1,600,FP32-token-IDs
RoBERTa,d0judl,497,41,16881,Ġdumb,dumb,False,sadness,0.009503314343635879,0.009503314343635879,0.265706866979599,0.9805826544761658,0.35,1,1,600,FP32-token-IDs
RoBERTa,d0judl,497,41,16881,Ġdumb,dumb,False,suicide intent,-0.0010185503909139826,0.0010185503909139826,0.059769634157419205,0.02220616675913334,0.35,0,0,600,FP32-token-IDs
RoBERTa,d0judl,497,41,16881,Ġdumb,dumb,False,worthlessness,0.040398069662928936,0.040398069662928936,0.22466899454593658,0.37808647751808167,0.35,1,1,600,FP32-token-IDs
RoBERTa,d0judl,497,42,73,/,/,False,anger,0.0034218349503048343,0.0034218349503048343,0.23181675374507904,0.29161426424980164,0.35,1,0,600,FP32-token-IDs
RoBERTa,d0judl,497,42,73,/,/,False,brain dysfunction (forget),0.004798454615367865,0.004798454615367865,0.1699400395154953,0.11315593868494034,0.35,0,0,600,FP32-token-IDs
RoBERTa,d0judl,497,42,73,/,/,False,emptiness,0.008451352564970009,0.008451352564970009,0.09006647765636444,0.1454521119594574,0.35,1,0,600,FP32-token-IDs
RoBERTa,d0judl,497,42,73,/,/,False,hopelessness,0.020531562229734845,0.020531562229734845,0.24530725181102753,0.893997073173523,0.35,1,1,600,FP32-token-IDs
RoBERTa,d0judl,497,42,73,/,/,False,loneliness,-0.0042209231233712105,0.0042209231233712105,0.352027028799057,0.9641240239143372,0.35,1,1,600,FP32-token-IDs
RoBERTa,d0judl,497,42,73,/,/,False,sadness,0.009503314343635879,0.009503314343635879,0.265706866979599,0.9805826544761658,0.35,1,1,600,FP32-token-IDs
RoBERTa,d0judl,497,42,73,/,/,False,suicide intent,-0.0010185503909139826,0.0010185503909139826,0.059769634157419205,0.02220616675913334,0.35,0,0,600,FP32-token-IDs
RoBERTa,d0judl,497,42,73,/,/,False,worthlessness,0.040398069662928936,0.040398069662928936,0.22466899454593658,0.37808647751808167,0.35,1,1,600,FP32-token-IDs
RoBERTa,d0judl,497,43,1545,ung,ung,False,anger,0.008980921102366188,0.008980921102366188,0.23181675374507904,0.29161426424980164,0.35,1,0,600,FP32-token-IDs
RoBERTa,d0judl,497,43,1545,ung,ung,False,brain dysfunction (forget),-0.00016705984100034193,0.00016705984100034193,0.1699400395154953,0.11315593868494034,0.35,0,0,600,FP32-token-IDs
RoBERTa,d0judl,497,43,1545,ung,ung,False,emptiness,0.0019474995469430552,0.0019474995469430552,0.09006647765636444,0.1454521119594574,0.35,1,0,600,FP32-token-IDs
RoBERTa,d0judl,497,43,1545,ung,ung,False,hopelessness,0.005762604938354343,0.005762604938354343,0.24530725181102753,0.893997073173523,0.35,1,1,600,FP32-token-IDs
RoBERTa,d0judl,497,43,1545,ung,ung,False,loneliness,-0.0015959080053670775,0.0015959080053670775,0.352027028799057,0.9641240239143372,0.35,1,1,600,FP32-token-IDs
RoBERTa,d0judl,497,43,1545,ung,ung,False,sadness,0.006340855843431893,0.006340855843431893,0.265706866979599,0.9805826544761658,0.35,1,1,600,FP32-token-IDs
RoBERTa,d0judl,497,43,1545,ung,ung,False,suicide intent,-0.0007252006467925163,0.0007252006467925163,0.059769634157419205,0.02220616675913334,0.35,0,0,600,FP32-token-IDs
RoBERTa,d0judl,497,43,1545,ung,ung,False,worthlessness,0.01847945922608709,0.01847945922608709,0.22466899454593658,0.37808647751808167,0.35,1,1,600,FP32-token-IDs
RoBERTa,d0judl,497,44,7954,rate,rate,False,anger,0.008980921102366188,0.008980921102366188,0.23181675374507904,0.29161426424980164,0.35,1,0,600,FP32-token-IDs
RoBERTa,d0judl,497,44,7954,rate,rate,False,brain dysfunction (forget),-0.00016705984100034193,0.00016705984100034193,0.1699400395154953,0.11315593868494034,0.35,0,0,600,FP32-token-IDs
RoBERTa,d0judl,497,44,7954,rate,rate,False,emptiness,0.0019474995469430552,0.0019474995469430552,0.09006647765636444,0.1454521119594574,0.35,1,0,600,FP32-token-IDs
RoBERTa,d0judl,497,44,7954,rate,rate,False,hopelessness,0.005762604938354343,0.005762604938354343,0.24530725181102753,0.893997073173523,0.35,1,1,600,FP32-token-IDs
RoBERTa,d0judl,497,44,7954,rate,rate,False,loneliness,-0.0015959080053670775,0.0015959080053670775,0.352027028799057,0.9641240239143372,0.35,1,1,600,FP32-token-IDs
RoBERTa,d0judl,497,44,7954,rate,rate,False,sadness,0.006340855843431893,0.006340855843431893,0.265706866979599,0.9805826544761658,0.35,1,1,600,FP32-token-IDs
RoBERTa,d0judl,497,44,7954,rate,rate,False,suicide intent,-0.0007252006467925163,0.0007252006467925163,0.059769634157419205,0.02220616675913334,0.35,0,0,600,FP32-token-IDs
RoBERTa,d0judl,497,44,7954,rate,rate,False,worthlessness,0.01847945922608709,0.01847945922608709,0.22466899454593658,0.37808647751808167,0.35,1,1,600,FP32-token-IDs
RoBERTa,d0judl,497,45,2650,ful,ful,False,anger,0.008980921102366188,0.008980921102366188,0.23181675374507904,0.29161426424980164,0.35,1,0,600,FP32-token-IDs
RoBERTa,d0judl,497,45,2650,ful,ful,False,brain dysfunction (forget),-0.00016705984100034193,0.00016705984100034193,0.1699400395154953,0.11315593868494034,0.35,0,0,600,FP32-token-IDs
RoBERTa,d0judl,497,45,2650,ful,ful,False,emptiness,0.0019474995469430552,0.0019474995469430552,0.09006647765636444,0.1454521119594574,0.35,1,0,600,FP32-token-IDs
RoBERTa,d0judl,497,45,2650,ful,ful,False,hopelessness,0.005762604938354343,0.005762604938354343,0.24530725181102753,0.893997073173523,0.35,1,1,600,FP32-token-IDs
RoBERTa,d0judl,497,45,2650,ful,ful,False,loneliness,-0.0015959080053670775,0.0015959080053670775,0.352027028799057,0.9641240239143372,0.35,1,1,600,FP32-token-IDs
RoBERTa,d0judl,497,45,2650,ful,ful,False,sadness,0.006340855843431893,0.006340855843431893,0.265706866979599,0.9805826544761658,0.35,1,1,600,FP32-token-IDs
RoBERTa,d0judl,497,45,2650,ful,ful,False,suicide intent,-0.0007252006467925163,0.0007252006467925163,0.059769634157419205,0.02220616675913334,0.35,0,0,600,FP32-token-IDs
RoBERTa,d0judl,497,45,2650,ful,ful,False,worthlessness,0.01847945922608709,0.01847945922608709,0.22466899454593658,0.37808647751808167,0.35,1,1,600,FP32-token-IDs
RoBERTa,d0judl,497,46,13,Ġfor,for,False,anger,0.0019146845404369138,0.0019146845404369138,0.23181675374507904,0.29161426424980164,0.35,1,0,600,FP32-token-IDs
RoBERTa,d0judl,497,46,13,Ġfor,for,False,brain dysfunction (forget),-0.002794630751789858,0.002794630751789858,0.1699400395154953,0.11315593868494034,0.35,0,0,600,FP32-token-IDs
RoBERTa,d0judl,497,46,13,Ġfor,for,False,emptiness,-0.004546244423060368,0.004546244423060368,0.09006647765636444,0.1454521119594574,0.35,1,0,600,FP32-token-IDs
RoBERTa,d0judl,497,46,13,Ġfor,for,False,hopelessness,-0.0032733295811340213,0.0032733295811340213,0.24530725181102753,0.893997073173523,0.35,1,1,600,FP32-token-IDs
RoBERTa,d0judl,497,46,13,Ġfor,for,False,loneliness,-0.002621711643102268,0.002621711643102268,0.352027028799057,0.9641240239143372,0.35,1,1,600,FP32-token-IDs
RoBERTa,d0judl,497,46,13,Ġfor,for,False,sadness,0.001872170592347781,0.001872170592347781,0.265706866979599,0.9805826544761658,0.35,1,1,600,FP32-token-IDs
RoBERTa,d0judl,497,46,13,Ġfor,for,False,suicide intent,-0.001330706627049949,0.001330706627049949,0.059769634157419205,0.02220616675913334,0.35,0,0,600,FP32-token-IDs
RoBERTa,d0judl,497,46,13,Ġfor,for,False,worthlessness,0.00047155492162952796,0.00047155492162952796,0.22466899454593658,0.37808647751808167,0.35,1,1,600,FP32-token-IDs
RoBERTa,d0judl,497,47,2157,Ġfeeling,feeling,False,anger,0.0019146845404369138,0.0019146845404369138,0.23181675374507904,0.29161426424980164,0.35,1,0,600,FP32-token-IDs
RoBERTa,d0judl,497,47,2157,Ġfeeling,feeling,False,brain dysfunction (forget),-0.002794630751789858,0.002794630751789858,0.1699400395154953,0.11315593868494034,0.35,0,0,600,FP32-token-IDs
RoBERTa,d0judl,497,47,2157,Ġfeeling,feeling,False,emptiness,-0.004546244423060368,0.004546244423060368,0.09006647765636444,0.1454521119594574,0.35,1,0,600,FP32-token-IDs
RoBERTa,d0judl,497,47,2157,Ġfeeling,feeling,False,hopelessness,-0.0032733295811340213,0.0032733295811340213,0.24530725181102753,0.893997073173523,0.35,1,1,600,FP32-token-IDs
RoBERTa,d0judl,497,47,2157,Ġfeeling,feeling,False,loneliness,-0.002621711643102268,0.002621711643102268,0.352027028799057,0.9641240239143372,0.35,1,1,600,FP32-token-IDs
RoBERTa,d0judl,497,47,2157,Ġfeeling,feeling,False,sadness,0.001872170592347781,0.001872170592347781,0.265706866979599,0.9805826544761658,0.35,1,1,600,FP32-token-IDs
RoBERTa,d0judl,497,47,2157,Ġfeeling,feeling,False,suicide intent,-0.001330706627049949,0.001330706627049949,0.059769634157419205,0.02220616675913334,0.35,0,0,600,FP32-token-IDs
RoBERTa,d0judl,497,47,2157,Ġfeeling,feeling,False,worthlessness,0.00047155492162952796,0.00047155492162952796,0.22466899454593658,0.37808647751808167,0.35,1,1,600,FP32-token-IDs
RoBERTa,d0judl,497,48,42,Ġthis,this,False,anger,0.0019146845404369138,0.0019146845404369138,0.23181675374507904,0.29161426424980164,0.35,1,0,600,FP32-token-IDs
RoBERTa,d0judl,497,48,42,Ġthis,this,False,brain dysfunction (forget),-0.002794630751789858,0.002794630751789858,0.1699400395154953,0.11315593868494034,0.35,0,0,600,FP32-token-IDs
RoBERTa,d0judl,497,48,42,Ġthis,this,False,emptiness,-0.004546244423060368,0.004546244423060368,0.09006647765636444,0.1454521119594574,0.35,1,0,600,FP32-token-IDs
RoBERTa,d0judl,497,48,42,Ġthis,this,False,hopelessness,-0.0032733295811340213,0.0032733295811340213,0.24530725181102753,0.893997073173523,0.35,1,1,600,FP32-token-IDs
RoBERTa,d0judl,497,48,42,Ġthis,this,False,loneliness,-0.002621711643102268,0.002621711643102268,0.352027028799057,0.9641240239143372,0.35,1,1,600,FP32-token-IDs
RoBERTa,d0judl,497,48,42,Ġthis,this,False,sadness,0.001872170592347781,0.001872170592347781,0.265706866979599,0.9805826544761658,0.35,1,1,600,FP32-token-IDs
RoBERTa,d0judl,497,48,42,Ġthis,this,False,suicide intent,-0.001330706627049949,0.001330706627049949,0.059769634157419205,0.02220616675913334,0.35,0,0,600,FP32-token-IDs
RoBERTa,d0judl,497,48,42,Ġthis,this,False,worthlessness,0.00047155492162952796,0.00047155492162952796,0.22466899454593658,0.37808647751808167,0.35,1,1,600,FP32-token-IDs
RoBERTa,d0judl,497,49,169,Ġway,way,False,anger,0.0019146845404369138,0.0019146845404369138,0.23181675374507904,0.29161426424980164,0.35,1,0,600,FP32-token-IDs
RoBERTa,d0judl,497,49,169,Ġway,way,False,brain dysfunction (forget),-0.002794630751789858,0.002794630751789858,0.1699400395154953,0.11315593868494034,0.35,0,0,600,FP32-token-IDs
RoBERTa,d0judl,497,49,169,Ġway,way,False,emptiness,-0.004546244423060368,0.004546244423060368,0.09006647765636444,0.1454521119594574,0.35,1,0,600,FP32-token-IDs
RoBERTa,d0judl,497,49,169,Ġway,way,False,hopelessness,-0.0032733295811340213,0.0032733295811340213,0.24530725181102753,0.893997073173523,0.35,1,1,600,FP32-token-IDs
RoBERTa,d0judl,497,49,169,Ġway,way,False,loneliness,-0.002621711643102268,0.002621711643102268,0.352027028799057,0.9641240239143372,0.35,1,1,600,FP32-token-IDs
RoBERTa,d0judl,497,49,169,Ġway,way,False,sadness,0.001872170592347781,0.001872170592347781,0.265706866979599,0.9805826544761658,0.35,1,1,600,FP32-token-IDs
RoBERTa,d0judl,497,49,169,Ġway,way,False,suicide intent,-0.001330706627049949,0.001330706627049949,0.059769634157419205,0.02220616675913334,0.35,0,0,600,FP32-token-IDs
RoBERTa,d0judl,497,49,169,Ġway,way,False,worthlessness,0.00047155492162952796,0.00047155492162952796,0.22466899454593658,0.37808647751808167,0.35,1,1,600,FP32-token-IDs
RoBERTa,d0judl,497,50,6,",",",",False,anger,0.0019146845404369138,0.0019146845404369138,0.23181675374507904,0.29161426424980164,0.35,1,0,600,FP32-token-IDs
RoBERTa,d0judl,497,50,6,",",",",False,brain dysfunction (forget),-0.002794630751789858,0.002794630751789858,0.1699400395154953,0.11315593868494034,0.35,0,0,600,FP32-token-IDs
RoBERTa,d0judl,497,50,6,",",",",False,emptiness,-0.004546244423060368,0.004546244423060368,0.09006647765636444,0.1454521119594574,0.35,1,0,600,FP32-token-IDs
RoBERTa,d0judl,497,50,6,",",",",False,hopelessness,-0.0032733295811340213,0.0032733295811340213,0.24530725181102753,0.893997073173523,0.35,1,1,600,FP32-token-IDs
RoBERTa,d0judl,497,50,6,",",",",False,loneliness,-0.002621711643102268,0.002621711643102268,0.352027028799057,0.9641240239143372,0.35,1,1,600,FP32-token-IDs
RoBERTa,d0judl,497,50,6,",",",",False,sadness,0.001872170592347781,0.001872170592347781,0.265706866979599,0.9805826544761658,0.35,1,1,600,FP32-token-IDs
RoBERTa,d0judl,497,50,6,",",",",False,suicide intent,-0.001330706627049949,0.001330706627049949,0.059769634157419205,0.02220616675913334,0.35,0,0,600,FP32-token-IDs
RoBERTa,d0judl,497,50,6,",",",",False,worthlessness,0.00047155492162952796,0.00047155492162952796,0.22466899454593658,0.37808647751808167,0.35,1,1,600,FP32-token-IDs
RoBERTa,d0judl,497,51,53,Ġbut,but,False,anger,-0.00033693999506621846,0.00033693999506621846,0.23181675374507904,0.29161426424980164,0.35,1,0,600,FP32-token-IDs
RoBERTa,d0judl,497,51,53,Ġbut,but,False,brain dysfunction (forget),-0.0022241520285162897,0.0022241520285162897,0.1699400395154953,0.11315593868494034,0.35,0,0,600,FP32-token-IDs
RoBERTa,d0judl,497,51,53,Ġbut,but,False,emptiness,-0.007961843021413577,0.007961843021413577,0.09006647765636444,0.1454521119594574,0.35,1,0,600,FP32-token-IDs
RoBERTa,d0judl,497,51,53,Ġbut,but,False,hopelessness,-0.008080449842640922,0.008080449842640922,0.24530725181102753,0.893997073173523,0.35,1,1,600,FP32-token-IDs
RoBERTa,d0judl,497,51,53,Ġbut,but,False,loneliness,-0.002457109054121824,0.002457109054121824,0.352027028799057,0.9641240239143372,0.35,1,1,600,FP32-token-IDs
RoBERTa,d0judl,497,51,53,Ġbut,but,False,sadness,-0.0009748436067075957,0.0009748436067075957,0.265706866979599,0.9805826544761658,0.35,1,1,600,FP32-token-IDs
RoBERTa,d0judl,497,51,53,Ġbut,but,False,suicide intent,-0.0009362180225527105,0.0009362180225527105,0.059769634157419205,0.02220616675913334,0.35,0,0,600,FP32-token-IDs
RoBERTa,d0judl,497,51,53,Ġbut,but,False,worthlessness,-0.01203012463252341,0.01203012463252341,0.22466899454593658,0.37808647751808167,0.35,1,1,600,FP32-token-IDs
RoBERTa,d0judl,497,52,24,Ġit,it,False,anger,-0.00033693999506621846,0.00033693999506621846,0.23181675374507904,0.29161426424980164,0.35,1,0,600,FP32-token-IDs
RoBERTa,d0judl,497,52,24,Ġit,it,False,brain dysfunction (forget),-0.0022241520285162897,0.0022241520285162897,0.1699400395154953,0.11315593868494034,0.35,0,0,600,FP32-token-IDs
RoBERTa,d0judl,497,52,24,Ġit,it,False,emptiness,-0.007961843021413577,0.007961843021413577,0.09006647765636444,0.1454521119594574,0.35,1,0,600,FP32-token-IDs
RoBERTa,d0judl,497,52,24,Ġit,it,False,hopelessness,-0.008080449842640922,0.008080449842640922,0.24530725181102753,0.893997073173523,0.35,1,1,600,FP32-token-IDs
RoBERTa,d0judl,497,52,24,Ġit,it,False,loneliness,-0.002457109054121824,0.002457109054121824,0.352027028799057,0.9641240239143372,0.35,1,1,600,FP32-token-IDs
RoBERTa,d0judl,497,52,24,Ġit,it,False,sadness,-0.0009748436067075957,0.0009748436067075957,0.265706866979599,0.9805826544761658,0.35,1,1,600,FP32-token-IDs
RoBERTa,d0judl,497,52,24,Ġit,it,False,suicide intent,-0.0009362180225527105,0.0009362180225527105,0.059769634157419205,0.02220616675913334,0.35,0,0,600,FP32-token-IDs
RoBERTa,d0judl,497,52,24,Ġit,it,False,worthlessness,-0.01203012463252341,0.01203012463252341,0.22466899454593658,0.37808647751808167,0.35,1,1,600,FP32-token-IDs
RoBERTa,d0judl,497,53,460,Ġalways,always,False,anger,-0.00033693999506621846,0.00033693999506621846,0.23181675374507904,0.29161426424980164,0.35,1,0,600,FP32-token-IDs
RoBERTa,d0judl,497,53,460,Ġalways,always,False,brain dysfunction (forget),-0.0022241520285162897,0.0022241520285162897,0.1699400395154953,0.11315593868494034,0.35,0,0,600,FP32-token-IDs
RoBERTa,d0judl,497,53,460,Ġalways,always,False,emptiness,-0.007961843021413577,0.007961843021413577,0.09006647765636444,0.1454521119594574,0.35,1,0,600,FP32-token-IDs
RoBERTa,d0judl,497,53,460,Ġalways,always,False,hopelessness,-0.008080449842640922,0.008080449842640922,0.24530725181102753,0.893997073173523,0.35,1,1,600,FP32-token-IDs
RoBERTa,d0judl,497,53,460,Ġalways,always,False,loneliness,-0.002457109054121824,0.002457109054121824,0.352027028799057,0.9641240239143372,0.35,1,1,600,FP32-token-IDs
RoBERTa,d0judl,497,53,460,Ġalways,always,False,sadness,-0.0009748436067075957,0.0009748436067075957,0.265706866979599,0.9805826544761658,0.35,1,1,600,FP32-token-IDs
RoBERTa,d0judl,497,53,460,Ġalways,always,False,suicide intent,-0.0009362180225527105,0.0009362180225527105,0.059769634157419205,0.02220616675913334,0.35,0,0,600,FP32-token-IDs
RoBERTa,d0judl,497,53,460,Ġalways,always,False,worthlessness,-0.01203012463252341,0.01203012463252341,0.22466899454593658,0.37808647751808167,0.35,1,1,600,FP32-token-IDs
RoBERTa,d0judl,497,54,817,Ġmakes,makes,False,anger,-0.00033693999506621846,0.00033693999506621846,0.23181675374507904,0.29161426424980164,0.35,1,0,600,FP32-token-IDs
RoBERTa,d0judl,497,54,817,Ġmakes,makes,False,brain dysfunction (forget),-0.0022241520285162897,0.0022241520285162897,0.1699400395154953,0.11315593868494034,0.35,0,0,600,FP32-token-IDs
RoBERTa,d0judl,497,54,817,Ġmakes,makes,False,emptiness,-0.007961843021413577,0.007961843021413577,0.09006647765636444,0.1454521119594574,0.35,1,0,600,FP32-token-IDs
RoBERTa,d0judl,497,54,817,Ġmakes,makes,False,hopelessness,-0.008080449842640922,0.008080449842640922,0.24530725181102753,0.893997073173523,0.35,1,1,600,FP32-token-IDs
RoBERTa,d0judl,497,54,817,Ġmakes,makes,False,loneliness,-0.002457109054121824,0.002457109054121824,0.352027028799057,0.9641240239143372,0.35,1,1,600,FP32-token-IDs
RoBERTa,d0judl,497,54,817,Ġmakes,makes,False,sadness,-0.0009748436067075957,0.0009748436067075957,0.265706866979599,0.9805826544761658,0.35,1,1,600,FP32-token-IDs
RoBERTa,d0judl,497,54,817,Ġmakes,makes,False,suicide intent,-0.0009362180225527105,0.0009362180225527105,0.059769634157419205,0.02220616675913334,0.35,0,0,600,FP32-token-IDs
RoBERTa,d0judl,497,54,817,Ġmakes,makes,False,worthlessness,-0.01203012463252341,0.01203012463252341,0.22466899454593658,0.37808647751808167,0.35,1,1,600,FP32-token-IDs
RoBERTa,d0judl,497,55,162,Ġme,me,False,anger,-0.00033693999506621846,0.00033693999506621846,0.23181675374507904,0.29161426424980164,0.35,1,0,600,FP32-token-IDs
RoBERTa,d0judl,497,55,162,Ġme,me,False,brain dysfunction (forget),-0.0022241520285162897,0.0022241520285162897,0.1699400395154953,0.11315593868494034,0.35,0,0,600,FP32-token-IDs
RoBERTa,d0judl,497,55,162,Ġme,me,False,emptiness,-0.007961843021413577,0.007961843021413577,0.09006647765636444,0.1454521119594574,0.35,1,0,600,FP32-token-IDs
RoBERTa,d0judl,497,55,162,Ġme,me,False,hopelessness,-0.008080449842640922,0.008080449842640922,0.24530725181102753,0.893997073173523,0.35,1,1,600,FP32-token-IDs
RoBERTa,d0judl,497,55,162,Ġme,me,False,loneliness,-0.002457109054121824,0.002457109054121824,0.352027028799057,0.9641240239143372,0.35,1,1,600,FP32-token-IDs
RoBERTa,d0judl,497,55,162,Ġme,me,False,sadness,-0.0009748436067075957,0.0009748436067075957,0.265706866979599,0.9805826544761658,0.35,1,1,600,FP32-token-IDs
RoBERTa,d0judl,497,55,162,Ġme,me,False,suicide intent,-0.0009362180225527105,0.0009362180225527105,0.059769634157419205,0.02220616675913334,0.35,0,0,600,FP32-token-IDs
RoBERTa,d0judl,497,55,162,Ġme,me,False,worthlessness,-0.01203012463252341,0.01203012463252341,0.22466899454593658,0.37808647751808167,0.35,1,1,600,FP32-token-IDs
RoBERTa,d0judl,497,56,9800,Ġuncomfortable,uncomfortable,False,anger,0.0025882074703639816,0.0025882074703639816,0.23181675374507904,0.29161426424980164,0.35,1,0,600,FP32-token-IDs
RoBERTa,d0judl,497,56,9800,Ġuncomfortable,uncomfortable,False,brain dysfunction (forget),-0.002281261235198361,0.002281261235198361,0.1699400395154953,0.11315593868494034,0.35,0,0,600,FP32-token-IDs
RoBERTa,d0judl,497,56,9800,Ġuncomfortable,uncomfortable,False,emptiness,-0.007806354512078022,0.007806354512078022,0.09006647765636444,0.1454521119594574,0.35,1,0,600,FP32-token-IDs
RoBERTa,d0judl,497,56,9800,Ġuncomfortable,uncomfortable,False,hopelessness,-0.006319075848700272,0.006319075848700272,0.24530725181102753,0.893997073173523,0.35,1,1,600,FP32-token-IDs
RoBERTa,d0judl,497,56,9800,Ġuncomfortable,uncomfortable,False,loneliness,-0.002279267932790967,0.002279267932790967,0.352027028799057,0.9641240239143372,0.35,1,1,600,FP32-token-IDs
RoBERTa,d0judl,497,56,9800,Ġuncomfortable,uncomfortable,False,sadness,-0.0006982008483083476,0.0006982008483083476,0.265706866979599,0.9805826544761658,0.35,1,1,600,FP32-token-IDs
RoBERTa,d0judl,497,56,9800,Ġuncomfortable,uncomfortable,False,suicide intent,-0.0009367190038848627,0.0009367190038848627,0.059769634157419205,0.02220616675913334,0.35,0,0,600,FP32-token-IDs
RoBERTa,d0judl,497,56,9800,Ġuncomfortable,uncomfortable,False,worthlessness,-0.010178863085688107,0.010178863085688107,0.22466899454593658,0.37808647751808167,0.35,1,1,600,FP32-token-IDs
RoBERTa,d0judl,497,57,77,Ġwhen,when,False,anger,0.0025882074703639816,0.0025882074703639816,0.23181675374507904,0.29161426424980164,0.35,1,0,600,FP32-token-IDs
RoBERTa,d0judl,497,57,77,Ġwhen,when,False,brain dysfunction (forget),-0.002281261235198361,0.002281261235198361,0.1699400395154953,0.11315593868494034,0.35,0,0,600,FP32-token-IDs
RoBERTa,d0judl,497,57,77,Ġwhen,when,False,emptiness,-0.007806354512078022,0.007806354512078022,0.09006647765636444,0.1454521119594574,0.35,1,0,600,FP32-token-IDs
RoBERTa,d0judl,497,57,77,Ġwhen,when,False,hopelessness,-0.006319075848700272,0.006319075848700272,0.24530725181102753,0.893997073173523,0.35,1,1,600,FP32-token-IDs
RoBERTa,d0judl,497,57,77,Ġwhen,when,False,loneliness,-0.002279267932790967,0.002279267932790967,0.352027028799057,0.9641240239143372,0.35,1,1,600,FP32-token-IDs
RoBERTa,d0judl,497,57,77,Ġwhen,when,False,sadness,-0.0006982008483083476,0.0006982008483083476,0.265706866979599,0.9805826544761658,0.35,1,1,600,FP32-token-IDs
RoBERTa,d0judl,497,57,77,Ġwhen,when,False,suicide intent,-0.0009367190038848627,0.0009367190038848627,0.059769634157419205,0.02220616675913334,0.35,0,0,600,FP32-token-IDs
RoBERTa,d0judl,497,57,77,Ġwhen,when,False,worthlessness,-0.010178863085688107,0.010178863085688107,0.22466899454593658,0.37808647751808167,0.35,1,1,600,FP32-token-IDs
RoBERTa,d0judl,497,58,82,Ġpeople,people,False,anger,0.0025882074703639816,0.0025882074703639816,0.23181675374507904,0.29161426424980164,0.35,1,0,600,FP32-token-IDs
RoBERTa,d0judl,497,58,82,Ġpeople,people,False,brain dysfunction (forget),-0.002281261235198361,0.002281261235198361,0.1699400395154953,0.11315593868494034,0.35,0,0,600,FP32-token-IDs
RoBERTa,d0judl,497,58,82,Ġpeople,people,False,emptiness,-0.007806354512078022,0.007806354512078022,0.09006647765636444,0.1454521119594574,0.35,1,0,600,FP32-token-IDs
RoBERTa,d0judl,497,58,82,Ġpeople,people,False,hopelessness,-0.006319075848700272,0.006319075848700272,0.24530725181102753,0.893997073173523,0.35,1,1,600,FP32-token-IDs
RoBERTa,d0judl,497,58,82,Ġpeople,people,False,loneliness,-0.002279267932790967,0.002279267932790967,0.352027028799057,0.9641240239143372,0.35,1,1,600,FP32-token-IDs
RoBERTa,d0judl,497,58,82,Ġpeople,people,False,sadness,-0.0006982008483083476,0.0006982008483083476,0.265706866979599,0.9805826544761658,0.35,1,1,600,FP32-token-IDs
RoBERTa,d0judl,497,58,82,Ġpeople,people,False,suicide intent,-0.0009367190038848627,0.0009367190038848627,0.059769634157419205,0.02220616675913334,0.35,0,0,600,FP32-token-IDs
RoBERTa,d0judl,497,58,82,Ġpeople,people,False,worthlessness,-0.010178863085688107,0.010178863085688107,0.22466899454593658,0.37808647751808167,0.35,1,1,600,FP32-token-IDs
RoBERTa,d0judl,497,59,109,Ġdo,do,False,anger,0.0025882074703639816,0.0025882074703639816,0.23181675374507904,0.29161426424980164,0.35,1,0,600,FP32-token-IDs
RoBERTa,d0judl,497,59,109,Ġdo,do,False,brain dysfunction (forget),-0.002281261235198361,0.002281261235198361,0.1699400395154953,0.11315593868494034,0.35,0,0,600,FP32-token-IDs
RoBERTa,d0judl,497,59,109,Ġdo,do,False,emptiness,-0.007806354512078022,0.007806354512078022,0.09006647765636444,0.1454521119594574,0.35,1,0,600,FP32-token-IDs
RoBERTa,d0judl,497,59,109,Ġdo,do,False,hopelessness,-0.006319075848700272,0.006319075848700272,0.24530725181102753,0.893997073173523,0.35,1,1,600,FP32-token-IDs
RoBERTa,d0judl,497,59,109,Ġdo,do,False,loneliness,-0.002279267932790967,0.002279267932790967,0.352027028799057,0.9641240239143372,0.35,1,1,600,FP32-token-IDs
RoBERTa,d0judl,497,59,109,Ġdo,do,False,sadness,-0.0006982008483083476,0.0006982008483083476,0.265706866979599,0.9805826544761658,0.35,1,1,600,FP32-token-IDs
RoBERTa,d0judl,497,59,109,Ġdo,do,False,suicide intent,-0.0009367190038848627,0.0009367190038848627,0.059769634157419205,0.02220616675913334,0.35,0,0,600,FP32-token-IDs
RoBERTa,d0judl,497,59,109,Ġdo,do,False,worthlessness,-0.010178863085688107,0.010178863085688107,0.22466899454593658,0.37808647751808167,0.35,1,1,600,FP32-token-IDs
RoBERTa,d0judl,497,60,2579,Ġnice,nice,False,anger,-0.009973454939401043,0.009973454939401043,0.23181675374507904,0.29161426424980164,0.35,1,0,600,FP32-token-IDs
RoBERTa,d0judl,497,60,2579,Ġnice,nice,False,brain dysfunction (forget),-0.0015444756269321909,0.0015444756269321909,0.1699400395154953,0.11315593868494034,0.35,0,0,600,FP32-token-IDs
RoBERTa,d0judl,497,60,2579,Ġnice,nice,False,emptiness,-0.008298790860655053,0.008298790860655053,0.09006647765636444,0.1454521119594574,0.35,1,0,600,FP32-token-IDs
RoBERTa,d0judl,497,60,2579,Ġnice,nice,False,hopelessness,-0.011106221762020141,0.011106221762020141,0.24530725181102753,0.893997073173523,0.35,1,1,600,FP32-token-IDs
RoBERTa,d0judl,497,60,2579,Ġnice,nice,False,loneliness,-0.003616764829660367,0.003616764829660367,0.352027028799057,0.9641240239143372,0.35,1,1,600,FP32-token-IDs
RoBERTa,d0judl,497,60,2579,Ġnice,nice,False,sadness,-0.0008884726424834557,0.0008884726424834557,0.265706866979599,0.9805826544761658,0.35,1,1,600,FP32-token-IDs
RoBERTa,d0judl,497,60,2579,Ġnice,nice,False,suicide intent,-0.0006621964518542103,0.0006621964518542103,0.059769634157419205,0.02220616675913334,0.35,0,0,600,FP32-token-IDs
RoBERTa,d0judl,497,60,2579,Ġnice,nice,False,worthlessness,-0.01448541876993009,0.01448541876993009,0.22466899454593658,0.37808647751808167,0.35,1,1,600,FP32-token-IDs
RoBERTa,d0judl,497,61,383,Ġthings,things,False,anger,-0.009973454939401043,0.009973454939401043,0.23181675374507904,0.29161426424980164,0.35,1,0,600,FP32-token-IDs
RoBERTa,d0judl,497,61,383,Ġthings,things,False,brain dysfunction (forget),-0.0015444756269321909,0.0015444756269321909,0.1699400395154953,0.11315593868494034,0.35,0,0,600,FP32-token-IDs
RoBERTa,d0judl,497,61,383,Ġthings,things,False,emptiness,-0.008298790860655053,0.008298790860655053,0.09006647765636444,0.1454521119594574,0.35,1,0,600,FP32-token-IDs
RoBERTa,d0judl,497,61,383,Ġthings,things,False,hopelessness,-0.011106221762020141,0.011106221762020141,0.24530725181102753,0.893997073173523,0.35,1,1,600,FP32-token-IDs
RoBERTa,d0judl,497,61,383,Ġthings,things,False,loneliness,-0.003616764829660367,0.003616764829660367,0.352027028799057,0.9641240239143372,0.35,1,1,600,FP32-token-IDs
RoBERTa,d0judl,497,61,383,Ġthings,things,False,sadness,-0.0008884726424834557,0.0008884726424834557,0.265706866979599,0.9805826544761658,0.35,1,1,600,FP32-token-IDs
RoBERTa,d0judl,497,61,383,Ġthings,things,False,suicide intent,-0.0006621964518542103,0.0006621964518542103,0.059769634157419205,0.02220616675913334,0.35,0,0,600,FP32-token-IDs
RoBERTa,d0judl,497,61,383,Ġthings,things,False,worthlessness,-0.01448541876993009,0.01448541876993009,0.22466899454593658,0.37808647751808167,0.35,1,1,600,FP32-token-IDs
RoBERTa,d0judl,497,62,13,Ġfor,for,False,anger,-0.009973454939401043,0.009973454939401043,0.23181675374507904,0.29161426424980164,0.35,1,0,600,FP32-token-IDs
RoBERTa,d0judl,497,62,13,Ġfor,for,False,brain dysfunction (forget),-0.0015444756269321909,0.0015444756269321909,0.1699400395154953,0.11315593868494034,0.35,0,0,600,FP32-token-IDs
RoBERTa,d0judl,497,62,13,Ġfor,for,False,emptiness,-0.008298790860655053,0.008298790860655053,0.09006647765636444,0.1454521119594574,0.35,1,0,600,FP32-token-IDs
RoBERTa,d0judl,497,62,13,Ġfor,for,False,hopelessness,-0.011106221762020141,0.011106221762020141,0.24530725181102753,0.893997073173523,0.35,1,1,600,FP32-token-IDs
RoBERTa,d0judl,497,62,13,Ġfor,for,False,loneliness,-0.003616764829660367,0.003616764829660367,0.352027028799057,0.9641240239143372,0.35,1,1,600,FP32-token-IDs
RoBERTa,d0judl,497,62,13,Ġfor,for,False,sadness,-0.0008884726424834557,0.0008884726424834557,0.265706866979599,0.9805826544761658,0.35,1,1,600,FP32-token-IDs
RoBERTa,d0judl,497,62,13,Ġfor,for,False,suicide intent,-0.0006621964518542103,0.0006621964518542103,0.059769634157419205,0.02220616675913334,0.35,0,0,600,FP32-token-IDs
RoBERTa,d0judl,497,62,13,Ġfor,for,False,worthlessness,-0.01448541876993009,0.01448541876993009,0.22466899454593658,0.37808647751808167,0.35,1,1,600,FP32-token-IDs
RoBERTa,d0judl,497,63,162,Ġme,me,False,anger,-0.009973454939401043,0.009973454939401043,0.23181675374507904,0.29161426424980164,0.35,1,0,600,FP32-token-IDs
RoBERTa,d0judl,497,63,162,Ġme,me,False,brain dysfunction (forget),-0.0015444756269321909,0.0015444756269321909,0.1699400395154953,0.11315593868494034,0.35,0,0,600,FP32-token-IDs
RoBERTa,d0judl,497,63,162,Ġme,me,False,emptiness,-0.008298790860655053,0.008298790860655053,0.09006647765636444,0.1454521119594574,0.35,1,0,600,FP32-token-IDs
RoBERTa,d0judl,497,63,162,Ġme,me,False,hopelessness,-0.011106221762020141,0.011106221762020141,0.24530725181102753,0.893997073173523,0.35,1,1,600,FP32-token-IDs
RoBERTa,d0judl,497,63,162,Ġme,me,False,loneliness,-0.003616764829660367,0.003616764829660367,0.352027028799057,0.9641240239143372,0.35,1,1,600,FP32-token-IDs
RoBERTa,d0judl,497,63,162,Ġme,me,False,sadness,-0.0008884726424834557,0.0008884726424834557,0.265706866979599,0.9805826544761658,0.35,1,1,600,FP32-token-IDs
RoBERTa,d0judl,497,63,162,Ġme,me,False,suicide intent,-0.0006621964518542103,0.0006621964518542103,0.059769634157419205,0.02220616675913334,0.35,0,0,600,FP32-token-IDs
RoBERTa,d0judl,497,63,162,Ġme,me,False,worthlessness,-0.01448541876993009,0.01448541876993009,0.22466899454593658,0.37808647751808167,0.35,1,1,600,FP32-token-IDs
RoBERTa,d0judl,497,64,4,.,.,False,anger,-0.0023393895926087033,0.0023393895926087033,0.23181675374507904,0.29161426424980164,0.35,1,0,600,FP32-token-IDs
RoBERTa,d0judl,497,64,4,.,.,False,brain dysfunction (forget),-0.0010887972445094158,0.0010887972445094158,0.1699400395154953,0.11315593868494034,0.35,0,0,600,FP32-token-IDs
RoBERTa,d0judl,497,64,4,.,.,False,emptiness,-0.00467204555004303,0.00467204555004303,0.09006647765636444,0.1454521119594574,0.35,1,0,600,FP32-token-IDs
RoBERTa,d0judl,497,64,4,.,.,False,hopelessness,-0.0056945012183859944,0.0056945012183859944,0.24530725181102753,0.893997073173523,0.35,1,1,600,FP32-token-IDs
RoBERTa,d0judl,497,64,4,.,.,False,loneliness,-0.002509966326345291,0.002509966326345291,0.352027028799057,0.9641240239143372,0.35,1,1,600,FP32-token-IDs
RoBERTa,d0judl,497,64,4,.,.,False,sadness,-5.4466990487916055e-05,5.4466990487916055e-05,0.265706866979599,0.9805826544761658,0.35,1,1,600,FP32-token-IDs
RoBERTa,d0judl,497,64,4,.,.,False,suicide intent,-0.0005466182635115859,0.0005466182635115859,0.059769634157419205,0.02220616675913334,0.35,0,0,600,FP32-token-IDs
RoBERTa,d0judl,497,64,4,.,.,False,worthlessness,-0.010275860523272838,0.010275860523272838,0.22466899454593658,0.37808647751808167,0.35,1,1,600,FP32-token-IDs
RoBERTa,d0judl,497,65,38,ĠI,i,False,anger,-0.0016119421197799966,0.0016119421197799966,0.23181675374507904,0.29161426424980164,0.35,1,0,600,FP32-token-IDs
RoBERTa,d0judl,497,65,38,ĠI,i,False,brain dysfunction (forget),0.0024348604420083575,0.0024348604420083575,0.1699400395154953,0.11315593868494034,0.35,0,0,600,FP32-token-IDs
RoBERTa,d0judl,497,65,38,ĠI,i,False,emptiness,0.01857429881056305,0.01857429881056305,0.09006647765636444,0.1454521119594574,0.35,1,0,600,FP32-token-IDs
RoBERTa,d0judl,497,65,38,ĠI,i,False,hopelessness,0.04203697448247112,0.04203697448247112,0.24530725181102753,0.893997073173523,0.35,1,1,600,FP32-token-IDs
RoBERTa,d0judl,497,65,38,ĠI,i,False,loneliness,0.005043162236688659,0.005043162236688659,0.352027028799057,0.9641240239143372,0.35,1,1,600,FP32-token-IDs
RoBERTa,d0judl,497,65,38,ĠI,i,False,sadness,0.011762893293052912,0.011762893293052912,0.265706866979599,0.9805826544761658,0.35,1,1,600,FP32-token-IDs
RoBERTa,d0judl,497,65,38,ĠI,i,False,suicide intent,0.001207167333632242,0.001207167333632242,0.059769634157419205,0.02220616675913334,0.35,0,0,600,FP32-token-IDs
RoBERTa,d0judl,497,65,38,ĠI,i,False,worthlessness,0.05220093112438917,0.05220093112438917,0.22466899454593658,0.37808647751808167,0.35,1,1,600,FP32-token-IDs
RoBERTa,d0judl,497,66,218,Ġdon,don,False,anger,-0.0016119421197799966,0.0016119421197799966,0.23181675374507904,0.29161426424980164,0.35,1,0,600,FP32-token-IDs
RoBERTa,d0judl,497,66,218,Ġdon,don,False,brain dysfunction (forget),0.0024348604420083575,0.0024348604420083575,0.1699400395154953,0.11315593868494034,0.35,0,0,600,FP32-token-IDs
RoBERTa,d0judl,497,66,218,Ġdon,don,False,emptiness,0.01857429881056305,0.01857429881056305,0.09006647765636444,0.1454521119594574,0.35,1,0,600,FP32-token-IDs
RoBERTa,d0judl,497,66,218,Ġdon,don,False,hopelessness,0.04203697448247112,0.04203697448247112,0.24530725181102753,0.893997073173523,0.35,1,1,600,FP32-token-IDs
RoBERTa,d0judl,497,66,218,Ġdon,don,False,loneliness,0.005043162236688659,0.005043162236688659,0.352027028799057,0.9641240239143372,0.35,1,1,600,FP32-token-IDs
RoBERTa,d0judl,497,66,218,Ġdon,don,False,sadness,0.011762893293052912,0.011762893293052912,0.265706866979599,0.9805826544761658,0.35,1,1,600,FP32-token-IDs
RoBERTa,d0judl,497,66,218,Ġdon,don,False,suicide intent,0.001207167333632242,0.001207167333632242,0.059769634157419205,0.02220616675913334,0.35,0,0,600,FP32-token-IDs
RoBERTa,d0judl,497,66,218,Ġdon,don,False,worthlessness,0.05220093112438917,0.05220093112438917,0.22466899454593658,0.37808647751808167,0.35,1,1,600,FP32-token-IDs
RoBERTa,d0judl,497,67,75,'t,'t,False,anger,-0.006858485678094439,0.006858485678094439,0.23181675374507904,0.29161426424980164,0.35,1,0,600,FP32-token-IDs
RoBERTa,d0judl,497,67,75,'t,'t,False,brain dysfunction (forget),0.001984981914574746,0.001984981914574746,0.1699400395154953,0.11315593868494034,0.35,0,0,600,FP32-token-IDs
RoBERTa,d0judl,497,67,75,'t,'t,False,emptiness,0.01928415229485836,0.01928415229485836,0.09006647765636444,0.1454521119594574,0.35,1,0,600,FP32-token-IDs
RoBERTa,d0judl,497,67,75,'t,'t,False,hopelessness,0.04146963465609588,0.04146963465609588,0.24530725181102753,0.893997073173523,0.35,1,1,600,FP32-token-IDs
RoBERTa,d0judl,497,67,75,'t,'t,False,loneliness,0.0072297405858989805,0.0072297405858989805,0.352027028799057,0.9641240239143372,0.35,1,1,600,FP32-token-IDs
RoBERTa,d0judl,497,67,75,'t,'t,False,sadness,0.012752063572406769,0.012752063572406769,0.265706866979599,0.9805826544761658,0.35,1,1,600,FP32-token-IDs
RoBERTa,d0judl,497,67,75,'t,'t,False,suicide intent,0.0006516096837003715,0.0006516096837003715,0.059769634157419205,0.02220616675913334,0.35,0,0,600,FP32-token-IDs
RoBERTa,d0judl,497,67,75,'t,'t,False,worthlessness,0.051430775318294764,0.051430775318294764,0.22466899454593658,0.37808647751808167,0.35,1,1,600,FP32-token-IDs
RoBERTa,d0judl,497,68,619,Ġfeel,feel,False,anger,-0.006858485678094439,0.006858485678094439,0.23181675374507904,0.29161426424980164,0.35,1,0,600,FP32-token-IDs
RoBERTa,d0judl,497,68,619,Ġfeel,feel,False,brain dysfunction (forget),0.001984981914574746,0.001984981914574746,0.1699400395154953,0.11315593868494034,0.35,0,0,600,FP32-token-IDs
RoBERTa,d0judl,497,68,619,Ġfeel,feel,False,emptiness,0.01928415229485836,0.01928415229485836,0.09006647765636444,0.1454521119594574,0.35,1,0,600,FP32-token-IDs
RoBERTa,d0judl,497,68,619,Ġfeel,feel,False,hopelessness,0.04146963465609588,0.04146963465609588,0.24530725181102753,0.893997073173523,0.35,1,1,600,FP32-token-IDs
RoBERTa,d0judl,497,68,619,Ġfeel,feel,False,loneliness,0.0072297405858989805,0.0072297405858989805,0.352027028799057,0.9641240239143372,0.35,1,1,600,FP32-token-IDs
RoBERTa,d0judl,497,68,619,Ġfeel,feel,False,sadness,0.012752063572406769,0.012752063572406769,0.265706866979599,0.9805826544761658,0.35,1,1,600,FP32-token-IDs
RoBERTa,d0judl,497,68,619,Ġfeel,feel,False,suicide intent,0.0006516096837003715,0.0006516096837003715,0.059769634157419205,0.02220616675913334,0.35,0,0,600,FP32-token-IDs
RoBERTa,d0judl,497,68,619,Ġfeel,feel,False,worthlessness,0.051430775318294764,0.051430775318294764,0.22466899454593658,0.37808647751808167,0.35,1,1,600,FP32-token-IDs
RoBERTa,d0judl,497,69,101,Ġlike,like,False,anger,0.016782983412849718,0.016782983412849718,0.23181675374507904,0.29161426424980164,0.35,1,0,600,FP32-token-IDs
RoBERTa,d0judl,497,69,101,Ġlike,like,False,brain dysfunction (forget),0.0007786033049342223,0.0007786033049342223,0.1699400395154953,0.11315593868494034,0.35,0,0,600,FP32-token-IDs
RoBERTa,d0judl,497,69,101,Ġlike,like,False,emptiness,0.008708376396680251,0.008708376396680251,0.09006647765636444,0.1454521119594574,0.35,1,0,600,FP32-token-IDs
RoBERTa,d0judl,497,69,101,Ġlike,like,False,hopelessness,0.036653886339627205,0.036653886339627205,0.24530725181102753,0.893997073173523,0.35,1,1,600,FP32-token-IDs
RoBERTa,d0judl,497,69,101,Ġlike,like,False,loneliness,0.0002375882933847606,0.0002375882933847606,0.352027028799057,0.9641240239143372,0.35,1,1,600,FP32-token-IDs
RoBERTa,d0judl,497,69,101,Ġlike,like,False,sadness,0.009670061990618706,0.009670061990618706,0.265706866979599,0.9805826544761658,0.35,1,1,600,FP32-token-IDs
RoBERTa,d0judl,497,69,101,Ġlike,like,False,suicide intent,0.0008025905081012752,0.0008025905081012752,0.059769634157419205,0.02220616675913334,0.35,0,0,600,FP32-token-IDs
RoBERTa,d0judl,497,69,101,Ġlike,like,False,worthlessness,0.04136576004675589,0.04136576004675589,0.22466899454593658,0.37808647751808167,0.35,1,1,600,FP32-token-IDs
RoBERTa,d0judl,497,70,38,ĠI,i,False,anger,0.016782983412849718,0.016782983412849718,0.23181675374507904,0.29161426424980164,0.35,1,0,600,FP32-token-IDs
RoBERTa,d0judl,497,70,38,ĠI,i,False,brain dysfunction (forget),0.0007786033049342223,0.0007786033049342223,0.1699400395154953,0.11315593868494034,0.35,0,0,600,FP32-token-IDs
RoBERTa,d0judl,497,70,38,ĠI,i,False,emptiness,0.008708376396680251,0.008708376396680251,0.09006647765636444,0.1454521119594574,0.35,1,0,600,FP32-token-IDs
RoBERTa,d0judl,497,70,38,ĠI,i,False,hopelessness,0.036653886339627205,0.036653886339627205,0.24530725181102753,0.893997073173523,0.35,1,1,600,FP32-token-IDs
RoBERTa,d0judl,497,70,38,ĠI,i,False,loneliness,0.0002375882933847606,0.0002375882933847606,0.352027028799057,0.9641240239143372,0.35,1,1,600,FP32-token-IDs
RoBERTa,d0judl,497,70,38,ĠI,i,False,sadness,0.009670061990618706,0.009670061990618706,0.265706866979599,0.9805826544761658,0.35,1,1,600,FP32-token-IDs
RoBERTa,d0judl,497,70,38,ĠI,i,False,suicide intent,0.0008025905081012752,0.0008025905081012752,0.059769634157419205,0.02220616675913334,0.35,0,0,600,FP32-token-IDs
RoBERTa,d0judl,497,70,38,ĠI,i,False,worthlessness,0.04136576004675589,0.04136576004675589,0.22466899454593658,0.37808647751808167,0.35,1,1,600,FP32-token-IDs
RoBERTa,d0judl,497,71,6565,Ġdeserve,deserve,False,anger,0.016782983412849718,0.016782983412849718,0.23181675374507904,0.29161426424980164,0.35,1,0,600,FP32-token-IDs
RoBERTa,d0judl,497,71,6565,Ġdeserve,deserve,False,brain dysfunction (forget),0.0007786033049342223,0.0007786033049342223,0.1699400395154953,0.11315593868494034,0.35,0,0,600,FP32-token-IDs
RoBERTa,d0judl,497,71,6565,Ġdeserve,deserve,False,emptiness,0.008708376396680251,0.008708376396680251,0.09006647765636444,0.1454521119594574,0.35,1,0,600,FP32-token-IDs
RoBERTa,d0judl,497,71,6565,Ġdeserve,deserve,False,hopelessness,0.036653886339627205,0.036653886339627205,0.24530725181102753,0.893997073173523,0.35,1,1,600,FP32-token-IDs
RoBERTa,d0judl,497,71,6565,Ġdeserve,deserve,False,loneliness,0.0002375882933847606,0.0002375882933847606,0.352027028799057,0.9641240239143372,0.35,1,1,600,FP32-token-IDs
RoBERTa,d0judl,497,71,6565,Ġdeserve,deserve,False,sadness,0.009670061990618706,0.009670061990618706,0.265706866979599,0.9805826544761658,0.35,1,1,600,FP32-token-IDs
RoBERTa,d0judl,497,71,6565,Ġdeserve,deserve,False,suicide intent,0.0008025905081012752,0.0008025905081012752,0.059769634157419205,0.02220616675913334,0.35,0,0,600,FP32-token-IDs
RoBERTa,d0judl,497,71,6565,Ġdeserve,deserve,False,worthlessness,0.04136576004675589,0.04136576004675589,0.22466899454593658,0.37808647751808167,0.35,1,1,600,FP32-token-IDs
RoBERTa,d0judl,497,72,932,Ġanything,anything,False,anger,0.016782983412849718,0.016782983412849718,0.23181675374507904,0.29161426424980164,0.35,1,0,600,FP32-token-IDs
RoBERTa,d0judl,497,72,932,Ġanything,anything,False,brain dysfunction (forget),0.0007786033049342223,0.0007786033049342223,0.1699400395154953,0.11315593868494034,0.35,0,0,600,FP32-token-IDs
RoBERTa,d0judl,497,72,932,Ġanything,anything,False,emptiness,0.008708376396680251,0.008708376396680251,0.09006647765636444,0.1454521119594574,0.35,1,0,600,FP32-token-IDs
RoBERTa,d0judl,497,72,932,Ġanything,anything,False,hopelessness,0.036653886339627205,0.036653886339627205,0.24530725181102753,0.893997073173523,0.35,1,1,600,FP32-token-IDs
RoBERTa,d0judl,497,72,932,Ġanything,anything,False,loneliness,0.0002375882933847606,0.0002375882933847606,0.352027028799057,0.9641240239143372,0.35,1,1,600,FP32-token-IDs
RoBERTa,d0judl,497,72,932,Ġanything,anything,False,sadness,0.009670061990618706,0.009670061990618706,0.265706866979599,0.9805826544761658,0.35,1,1,600,FP32-token-IDs
RoBERTa,d0judl,497,72,932,Ġanything,anything,False,suicide intent,0.0008025905081012752,0.0008025905081012752,0.059769634157419205,0.02220616675913334,0.35,0,0,600,FP32-token-IDs
RoBERTa,d0judl,497,72,932,Ġanything,anything,False,worthlessness,0.04136576004675589,0.04136576004675589,0.22466899454593658,0.37808647751808167,0.35,1,1,600,FP32-token-IDs
RoBERTa,d0judl,497,73,8,Ġand,and,False,anger,0.015705691114999355,0.015705691114999355,0.23181675374507904,0.29161426424980164,0.35,1,0,600,FP32-token-IDs
RoBERTa,d0judl,497,73,8,Ġand,and,False,brain dysfunction (forget),0.0006806371558923275,0.0006806371558923275,0.1699400395154953,0.11315593868494034,0.35,0,0,600,FP32-token-IDs
RoBERTa,d0judl,497,73,8,Ġand,and,False,emptiness,0.005408168991561979,0.005408168991561979,0.09006647765636444,0.1454521119594574,0.35,1,0,600,FP32-token-IDs
RoBERTa,d0judl,497,73,8,Ġand,and,False,hopelessness,0.0333556821802631,0.0333556821802631,0.24530725181102753,0.893997073173523,0.35,1,1,600,FP32-token-IDs
RoBERTa,d0judl,497,73,8,Ġand,and,False,loneliness,-0.00029788429383188487,0.00029788429383188487,0.352027028799057,0.9641240239143372,0.35,1,1,600,FP32-token-IDs
RoBERTa,d0judl,497,73,8,Ġand,and,False,sadness,0.009192672558128834,0.009192672558128834,0.265706866979599,0.9805826544761658,0.35,1,1,600,FP32-token-IDs
RoBERTa,d0judl,497,73,8,Ġand,and,False,suicide intent,0.001487450979766436,0.001487450979766436,0.059769634157419205,0.02220616675913334,0.35,0,0,600,FP32-token-IDs
RoBERTa,d0judl,497,73,8,Ġand,and,False,worthlessness,0.03881626429501921,0.03881626429501921,0.22466899454593658,0.37808647751808167,0.35,1,1,600,FP32-token-IDs
RoBERTa,d0judl,497,74,5,Ġthe,the,False,anger,0.0034842312961700372,0.0034842312961700372,0.23181675374507904,0.29161426424980164,0.35,1,0,600,FP32-token-IDs
RoBERTa,d0judl,497,74,5,Ġthe,the,False,brain dysfunction (forget),0.0010470746929058805,0.0010470746929058805,0.1699400395154953,0.11315593868494034,0.35,0,0,600,FP32-token-IDs
RoBERTa,d0judl,497,74,5,Ġthe,the,False,emptiness,-0.006626166381465737,0.006626166381465737,0.09006647765636444,0.1454521119594574,0.35,1,0,600,FP32-token-IDs
RoBERTa,d0judl,497,74,5,Ġthe,the,False,hopelessness,0.002731005966779776,0.002731005966779776,0.24530725181102753,0.893997073173523,0.35,1,1,600,FP32-token-IDs
RoBERTa,d0judl,497,74,5,Ġthe,the,False,loneliness,-0.005070155515568331,0.005070155515568331,0.352027028799057,0.9641240239143372,0.35,1,1,600,FP32-token-IDs
RoBERTa,d0judl,497,74,5,Ġthe,the,False,sadness,0.0015533572295680642,0.0015533572295680642,0.265706866979599,0.9805826544761658,0.35,1,1,600,FP32-token-IDs
RoBERTa,d0judl,497,74,5,Ġthe,the,False,suicide intent,-0.001155247786300606,0.001155247786300606,0.059769634157419205,0.02220616675913334,0.35,0,0,600,FP32-token-IDs
RoBERTa,d0judl,497,74,5,Ġthe,the,False,worthlessness,0.006469928950536996,0.006469928950536996,0.22466899454593658,0.37808647751808167,0.35,1,1,600,FP32-token-IDs
RoBERTa,d0judl,497,75,4972,Ġrecognition,recognition,False,anger,0.0034842312961700372,0.0034842312961700372,0.23181675374507904,0.29161426424980164,0.35,1,0,600,FP32-token-IDs
RoBERTa,d0judl,497,75,4972,Ġrecognition,recognition,False,brain dysfunction (forget),0.0010470746929058805,0.0010470746929058805,0.1699400395154953,0.11315593868494034,0.35,0,0,600,FP32-token-IDs
RoBERTa,d0judl,497,75,4972,Ġrecognition,recognition,False,emptiness,-0.006626166381465737,0.006626166381465737,0.09006647765636444,0.1454521119594574,0.35,1,0,600,FP32-token-IDs
RoBERTa,d0judl,497,75,4972,Ġrecognition,recognition,False,hopelessness,0.002731005966779776,0.002731005966779776,0.24530725181102753,0.893997073173523,0.35,1,1,600,FP32-token-IDs
RoBERTa,d0judl,497,75,4972,Ġrecognition,recognition,False,loneliness,-0.005070155515568331,0.005070155515568331,0.352027028799057,0.9641240239143372,0.35,1,1,600,FP32-token-IDs
RoBERTa,d0judl,497,75,4972,Ġrecognition,recognition,False,sadness,0.0015533572295680642,0.0015533572295680642,0.265706866979599,0.9805826544761658,0.35,1,1,600,FP32-token-IDs
RoBERTa,d0judl,497,75,4972,Ġrecognition,recognition,False,suicide intent,-0.001155247786300606,0.001155247786300606,0.059769634157419205,0.02220616675913334,0.35,0,0,600,FP32-token-IDs
RoBERTa,d0judl,497,75,4972,Ġrecognition,recognition,False,worthlessness,0.006469928950536996,0.006469928950536996,0.22466899454593658,0.37808647751808167,0.35,1,1,600,FP32-token-IDs
RoBERTa,d0judl,497,76,817,Ġmakes,makes,False,anger,0.0034842312961700372,0.0034842312961700372,0.23181675374507904,0.29161426424980164,0.35,1,0,600,FP32-token-IDs
RoBERTa,d0judl,497,76,817,Ġmakes,makes,False,brain dysfunction (forget),0.0010470746929058805,0.0010470746929058805,0.1699400395154953,0.11315593868494034,0.35,0,0,600,FP32-token-IDs
RoBERTa,d0judl,497,76,817,Ġmakes,makes,False,emptiness,-0.006626166381465737,0.006626166381465737,0.09006647765636444,0.1454521119594574,0.35,1,0,600,FP32-token-IDs
RoBERTa,d0judl,497,76,817,Ġmakes,makes,False,hopelessness,0.002731005966779776,0.002731005966779776,0.24530725181102753,0.893997073173523,0.35,1,1,600,FP32-token-IDs
RoBERTa,d0judl,497,76,817,Ġmakes,makes,False,loneliness,-0.005070155515568331,0.005070155515568331,0.352027028799057,0.9641240239143372,0.35,1,1,600,FP32-token-IDs
RoBERTa,d0judl,497,76,817,Ġmakes,makes,False,sadness,0.0015533572295680642,0.0015533572295680642,0.265706866979599,0.9805826544761658,0.35,1,1,600,FP32-token-IDs
RoBERTa,d0judl,497,76,817,Ġmakes,makes,False,suicide intent,-0.001155247786300606,0.001155247786300606,0.059769634157419205,0.02220616675913334,0.35,0,0,600,FP32-token-IDs
RoBERTa,d0judl,497,76,817,Ġmakes,makes,False,worthlessness,0.006469928950536996,0.006469928950536996,0.22466899454593658,0.37808647751808167,0.35,1,1,600,FP32-token-IDs
RoBERTa,d0judl,497,77,162,Ġme,me,False,anger,0.0034842312961700372,0.0034842312961700372,0.23181675374507904,0.29161426424980164,0.35,1,0,600,FP32-token-IDs
RoBERTa,d0judl,497,77,162,Ġme,me,False,brain dysfunction (forget),0.0010470746929058805,0.0010470746929058805,0.1699400395154953,0.11315593868494034,0.35,0,0,600,FP32-token-IDs
RoBERTa,d0judl,497,77,162,Ġme,me,False,emptiness,-0.006626166381465737,0.006626166381465737,0.09006647765636444,0.1454521119594574,0.35,1,0,600,FP32-token-IDs
RoBERTa,d0judl,497,77,162,Ġme,me,False,hopelessness,0.002731005966779776,0.002731005966779776,0.24530725181102753,0.893997073173523,0.35,1,1,600,FP32-token-IDs
RoBERTa,d0judl,497,77,162,Ġme,me,False,loneliness,-0.005070155515568331,0.005070155515568331,0.352027028799057,0.9641240239143372,0.35,1,1,600,FP32-token-IDs
RoBERTa,d0judl,497,77,162,Ġme,me,False,sadness,0.0015533572295680642,0.0015533572295680642,0.265706866979599,0.9805826544761658,0.35,1,1,600,FP32-token-IDs
RoBERTa,d0judl,497,77,162,Ġme,me,False,suicide intent,-0.001155247786300606,0.001155247786300606,0.059769634157419205,0.02220616675913334,0.35,0,0,600,FP32-token-IDs
RoBERTa,d0judl,497,77,162,Ġme,me,False,worthlessness,0.006469928950536996,0.006469928950536996,0.22466899454593658,0.37808647751808167,0.35,1,1,600,FP32-token-IDs
RoBERTa,d0judl,497,78,37393,Ġcringe,cringe,False,anger,0.0034842312961700372,0.0034842312961700372,0.23181675374507904,0.29161426424980164,0.35,1,0,600,FP32-token-IDs
RoBERTa,d0judl,497,78,37393,Ġcringe,cringe,False,brain dysfunction (forget),0.0010470746929058805,0.0010470746929058805,0.1699400395154953,0.11315593868494034,0.35,0,0,600,FP32-token-IDs
RoBERTa,d0judl,497,78,37393,Ġcringe,cringe,False,emptiness,-0.006626166381465737,0.006626166381465737,0.09006647765636444,0.1454521119594574,0.35,1,0,600,FP32-token-IDs
RoBERTa,d0judl,497,78,37393,Ġcringe,cringe,False,hopelessness,0.002731005966779776,0.002731005966779776,0.24530725181102753,0.893997073173523,0.35,1,1,600,FP32-token-IDs
RoBERTa,d0judl,497,78,37393,Ġcringe,cringe,False,loneliness,-0.005070155515568331,0.005070155515568331,0.352027028799057,0.9641240239143372,0.35,1,1,600,FP32-token-IDs
RoBERTa,d0judl,497,78,37393,Ġcringe,cringe,False,sadness,0.0015533572295680642,0.0015533572295680642,0.265706866979599,0.9805826544761658,0.35,1,1,600,FP32-token-IDs
RoBERTa,d0judl,497,78,37393,Ġcringe,cringe,False,suicide intent,-0.001155247786300606,0.001155247786300606,0.059769634157419205,0.02220616675913334,0.35,0,0,600,FP32-token-IDs
RoBERTa,d0judl,497,78,37393,Ġcringe,cringe,False,worthlessness,0.006469928950536996,0.006469928950536996,0.22466899454593658,0.37808647751808167,0.35,1,1,600,FP32-token-IDs
RoBERTa,d0judl,497,79,142,Ġbecause,because,False,anger,0.0034842312961700372,0.0034842312961700372,0.23181675374507904,0.29161426424980164,0.35,1,0,600,FP32-token-IDs
RoBERTa,d0judl,497,79,142,Ġbecause,because,False,brain dysfunction (forget),0.0010470746929058805,0.0010470746929058805,0.1699400395154953,0.11315593868494034,0.35,0,0,600,FP32-token-IDs
RoBERTa,d0judl,497,79,142,Ġbecause,because,False,emptiness,-0.006626166381465737,0.006626166381465737,0.09006647765636444,0.1454521119594574,0.35,1,0,600,FP32-token-IDs
RoBERTa,d0judl,497,79,142,Ġbecause,because,False,hopelessness,0.002731005966779776,0.002731005966779776,0.24530725181102753,0.893997073173523,0.35,1,1,600,FP32-token-IDs
RoBERTa,d0judl,497,79,142,Ġbecause,because,False,loneliness,-0.005070155515568331,0.005070155515568331,0.352027028799057,0.9641240239143372,0.35,1,1,600,FP32-token-IDs
RoBERTa,d0judl,497,79,142,Ġbecause,because,False,sadness,0.0015533572295680642,0.0015533572295680642,0.265706866979599,0.9805826544761658,0.35,1,1,600,FP32-token-IDs
RoBERTa,d0judl,497,79,142,Ġbecause,because,False,suicide intent,-0.001155247786300606,0.001155247786300606,0.059769634157419205,0.02220616675913334,0.35,0,0,600,FP32-token-IDs
RoBERTa,d0judl,497,79,142,Ġbecause,because,False,worthlessness,0.006469928950536996,0.006469928950536996,0.22466899454593658,0.37808647751808167,0.35,1,1,600,FP32-token-IDs
RoBERTa,d0judl,497,80,38,ĠI,i,False,anger,0.0034842312961700372,0.0034842312961700372,0.23181675374507904,0.29161426424980164,0.35,1,0,600,FP32-token-IDs
RoBERTa,d0judl,497,80,38,ĠI,i,False,brain dysfunction (forget),0.0010470746929058805,0.0010470746929058805,0.1699400395154953,0.11315593868494034,0.35,0,0,600,FP32-token-IDs
RoBERTa,d0judl,497,80,38,ĠI,i,False,emptiness,-0.006626166381465737,0.006626166381465737,0.09006647765636444,0.1454521119594574,0.35,1,0,600,FP32-token-IDs
RoBERTa,d0judl,497,80,38,ĠI,i,False,hopelessness,0.002731005966779776,0.002731005966779776,0.24530725181102753,0.893997073173523,0.35,1,1,600,FP32-token-IDs
RoBERTa,d0judl,497,80,38,ĠI,i,False,loneliness,-0.005070155515568331,0.005070155515568331,0.352027028799057,0.9641240239143372,0.35,1,1,600,FP32-token-IDs
RoBERTa,d0judl,497,80,38,ĠI,i,False,sadness,0.0015533572295680642,0.0015533572295680642,0.265706866979599,0.9805826544761658,0.35,1,1,600,FP32-token-IDs
RoBERTa,d0judl,497,80,38,ĠI,i,False,suicide intent,-0.001155247786300606,0.001155247786300606,0.059769634157419205,0.02220616675913334,0.35,0,0,600,FP32-token-IDs
RoBERTa,d0judl,497,80,38,ĠI,i,False,worthlessness,0.006469928950536996,0.006469928950536996,0.22466899454593658,0.37808647751808167,0.35,1,1,600,FP32-token-IDs
RoBERTa,d0judl,497,81,95,Ġjust,just,False,anger,0.0034842312961700372,0.0034842312961700372,0.23181675374507904,0.29161426424980164,0.35,1,0,600,FP32-token-IDs
RoBERTa,d0judl,497,81,95,Ġjust,just,False,brain dysfunction (forget),0.0010470746929058805,0.0010470746929058805,0.1699400395154953,0.11315593868494034,0.35,0,0,600,FP32-token-IDs
RoBERTa,d0judl,497,81,95,Ġjust,just,False,emptiness,-0.006626166381465737,0.006626166381465737,0.09006647765636444,0.1454521119594574,0.35,1,0,600,FP32-token-IDs
RoBERTa,d0judl,497,81,95,Ġjust,just,False,hopelessness,0.002731005966779776,0.002731005966779776,0.24530725181102753,0.893997073173523,0.35,1,1,600,FP32-token-IDs
RoBERTa,d0judl,497,81,95,Ġjust,just,False,loneliness,-0.005070155515568331,0.005070155515568331,0.352027028799057,0.9641240239143372,0.35,1,1,600,FP32-token-IDs
RoBERTa,d0judl,497,81,95,Ġjust,just,False,sadness,0.0015533572295680642,0.0015533572295680642,0.265706866979599,0.9805826544761658,0.35,1,1,600,FP32-token-IDs
RoBERTa,d0judl,497,81,95,Ġjust,just,False,suicide intent,-0.001155247786300606,0.001155247786300606,0.059769634157419205,0.02220616675913334,0.35,0,0,600,FP32-token-IDs
RoBERTa,d0judl,497,81,95,Ġjust,just,False,worthlessness,0.006469928950536996,0.006469928950536996,0.22466899454593658,0.37808647751808167,0.35,1,1,600,FP32-token-IDs
RoBERTa,d0judl,497,82,33,Ġhave,have,False,anger,0.010266546822094824,0.010266546822094824,0.23181675374507904,0.29161426424980164,0.35,1,0,600,FP32-token-IDs
RoBERTa,d0judl,497,82,33,Ġhave,have,False,brain dysfunction (forget),-0.0027553399122552946,0.0027553399122552946,0.1699400395154953,0.11315593868494034,0.35,0,0,600,FP32-token-IDs
RoBERTa,d0judl,497,82,33,Ġhave,have,False,emptiness,-0.006906181944941636,0.006906181944941636,0.09006647765636444,0.1454521119594574,0.35,1,0,600,FP32-token-IDs
RoBERTa,d0judl,497,82,33,Ġhave,have,False,hopelessness,0.005095682412502356,0.005095682412502356,0.24530725181102753,0.893997073173523,0.35,1,1,600,FP32-token-IDs
RoBERTa,d0judl,497,82,33,Ġhave,have,False,loneliness,-0.0069978867250029,0.0069978867250029,0.352027028799057,0.9641240239143372,0.35,1,1,600,FP32-token-IDs
RoBERTa,d0judl,497,82,33,Ġhave,have,False,sadness,0.010965651366859674,0.010965651366859674,0.265706866979599,0.9805826544761658,0.35,1,1,600,FP32-token-IDs
RoBERTa,d0judl,497,82,33,Ġhave,have,False,suicide intent,-0.0014384153819264611,0.0014384153819264611,0.059769634157419205,0.02220616675913334,0.35,0,0,600,FP32-token-IDs
RoBERTa,d0judl,497,82,33,Ġhave,have,False,worthlessness,0.0006788274622522295,0.0006788274622522295,0.22466899454593658,0.37808647751808167,0.35,1,1,600,FP32-token-IDs
RoBERTa,d0judl,497,83,98,Ġso,so,False,anger,0.010266546822094824,0.010266546822094824,0.23181675374507904,0.29161426424980164,0.35,1,0,600,FP32-token-IDs
RoBERTa,d0judl,497,83,98,Ġso,so,False,brain dysfunction (forget),-0.0027553399122552946,0.0027553399122552946,0.1699400395154953,0.11315593868494034,0.35,0,0,600,FP32-token-IDs
RoBERTa,d0judl,497,83,98,Ġso,so,False,emptiness,-0.006906181944941636,0.006906181944941636,0.09006647765636444,0.1454521119594574,0.35,1,0,600,FP32-token-IDs
RoBERTa,d0judl,497,83,98,Ġso,so,False,hopelessness,0.005095682412502356,0.005095682412502356,0.24530725181102753,0.893997073173523,0.35,1,1,600,FP32-token-IDs
RoBERTa,d0judl,497,83,98,Ġso,so,False,loneliness,-0.0069978867250029,0.0069978867250029,0.352027028799057,0.9641240239143372,0.35,1,1,600,FP32-token-IDs
RoBERTa,d0judl,497,83,98,Ġso,so,False,sadness,0.010965651366859674,0.010965651366859674,0.265706866979599,0.9805826544761658,0.35,1,1,600,FP32-token-IDs
RoBERTa,d0judl,497,83,98,Ġso,so,False,suicide intent,-0.0014384153819264611,0.0014384153819264611,0.059769634157419205,0.02220616675913334,0.35,0,0,600,FP32-token-IDs
RoBERTa,d0judl,497,83,98,Ġso,so,False,worthlessness,0.0006788274622522295,0.0006788274622522295,0.22466899454593658,0.37808647751808167,0.35,1,1,600,FP32-token-IDs
RoBERTa,d0judl,497,84,171,Ġmany,many,False,anger,0.010266546822094824,0.010266546822094824,0.23181675374507904,0.29161426424980164,0.35,1,0,600,FP32-token-IDs
RoBERTa,d0judl,497,84,171,Ġmany,many,False,brain dysfunction (forget),-0.0027553399122552946,0.0027553399122552946,0.1699400395154953,0.11315593868494034,0.35,0,0,600,FP32-token-IDs
RoBERTa,d0judl,497,84,171,Ġmany,many,False,emptiness,-0.006906181944941636,0.006906181944941636,0.09006647765636444,0.1454521119594574,0.35,1,0,600,FP32-token-IDs
RoBERTa,d0judl,497,84,171,Ġmany,many,False,hopelessness,0.005095682412502356,0.005095682412502356,0.24530725181102753,0.893997073173523,0.35,1,1,600,FP32-token-IDs
RoBERTa,d0judl,497,84,171,Ġmany,many,False,loneliness,-0.0069978867250029,0.0069978867250029,0.352027028799057,0.9641240239143372,0.35,1,1,600,FP32-token-IDs
RoBERTa,d0judl,497,84,171,Ġmany,many,False,sadness,0.010965651366859674,0.010965651366859674,0.265706866979599,0.9805826544761658,0.35,1,1,600,FP32-token-IDs
RoBERTa,d0judl,497,84,171,Ġmany,many,False,suicide intent,-0.0014384153819264611,0.0014384153819264611,0.059769634157419205,0.02220616675913334,0.35,0,0,600,FP32-token-IDs
RoBERTa,d0judl,497,84,171,Ġmany,many,False,worthlessness,0.0006788274622522295,0.0006788274622522295,0.22466899454593658,0.37808647751808167,0.35,1,1,600,FP32-token-IDs
RoBERTa,d0judl,497,85,2430,Ġnegative,negative,False,anger,0.010266546822094824,0.010266546822094824,0.23181675374507904,0.29161426424980164,0.35,1,0,600,FP32-token-IDs
RoBERTa,d0judl,497,85,2430,Ġnegative,negative,False,brain dysfunction (forget),-0.0027553399122552946,0.0027553399122552946,0.1699400395154953,0.11315593868494034,0.35,0,0,600,FP32-token-IDs
RoBERTa,d0judl,497,85,2430,Ġnegative,negative,False,emptiness,-0.006906181944941636,0.006906181944941636,0.09006647765636444,0.1454521119594574,0.35,1,0,600,FP32-token-IDs
RoBERTa,d0judl,497,85,2430,Ġnegative,negative,False,hopelessness,0.005095682412502356,0.005095682412502356,0.24530725181102753,0.893997073173523,0.35,1,1,600,FP32-token-IDs
RoBERTa,d0judl,497,85,2430,Ġnegative,negative,False,loneliness,-0.0069978867250029,0.0069978867250029,0.352027028799057,0.9641240239143372,0.35,1,1,600,FP32-token-IDs
RoBERTa,d0judl,497,85,2430,Ġnegative,negative,False,sadness,0.010965651366859674,0.010965651366859674,0.265706866979599,0.9805826544761658,0.35,1,1,600,FP32-token-IDs
RoBERTa,d0judl,497,85,2430,Ġnegative,negative,False,suicide intent,-0.0014384153819264611,0.0014384153819264611,0.059769634157419205,0.02220616675913334,0.35,0,0,600,FP32-token-IDs
RoBERTa,d0judl,497,85,2430,Ġnegative,negative,False,worthlessness,0.0006788274622522295,0.0006788274622522295,0.22466899454593658,0.37808647751808167,0.35,1,1,600,FP32-token-IDs
RoBERTa,d0judl,497,86,6453,Ġfeelings,feelings,False,anger,0.0018189211477874778,0.0018189211477874778,0.23181675374507904,0.29161426424980164,0.35,1,0,600,FP32-token-IDs
RoBERTa,d0judl,497,86,6453,Ġfeelings,feelings,False,brain dysfunction (forget),-0.0024804462009342387,0.0024804462009342387,0.1699400395154953,0.11315593868494034,0.35,0,0,600,FP32-token-IDs
RoBERTa,d0judl,497,86,6453,Ġfeelings,feelings,False,emptiness,-0.005418395121523645,0.005418395121523645,0.09006647765636444,0.1454521119594574,0.35,1,0,600,FP32-token-IDs
RoBERTa,d0judl,497,86,6453,Ġfeelings,feelings,False,hopelessness,0.0040743965219007805,0.0040743965219007805,0.24530725181102753,0.893997073173523,0.35,1,1,600,FP32-token-IDs
RoBERTa,d0judl,497,86,6453,Ġfeelings,feelings,False,loneliness,-0.0006513182015623897,0.0006513182015623897,0.352027028799057,0.9641240239143372,0.35,1,1,600,FP32-token-IDs
RoBERTa,d0judl,497,86,6453,Ġfeelings,feelings,False,sadness,0.009277499048039317,0.009277499048039317,0.265706866979599,0.9805826544761658,0.35,1,1,600,FP32-token-IDs
RoBERTa,d0judl,497,86,6453,Ġfeelings,feelings,False,suicide intent,-0.0016034202835726319,0.0016034202835726319,0.059769634157419205,0.02220616675913334,0.35,0,0,600,FP32-token-IDs
RoBERTa,d0judl,497,86,6453,Ġfeelings,feelings,False,worthlessness,-0.0012642329675145447,0.0012642329675145447,0.22466899454593658,0.37808647751808167,0.35,1,1,600,FP32-token-IDs
RoBERTa,d0judl,497,87,59,Ġabout,about,False,anger,0.0018189211477874778,0.0018189211477874778,0.23181675374507904,0.29161426424980164,0.35,1,0,600,FP32-token-IDs
RoBERTa,d0judl,497,87,59,Ġabout,about,False,brain dysfunction (forget),-0.0024804462009342387,0.0024804462009342387,0.1699400395154953,0.11315593868494034,0.35,0,0,600,FP32-token-IDs
RoBERTa,d0judl,497,87,59,Ġabout,about,False,emptiness,-0.005418395121523645,0.005418395121523645,0.09006647765636444,0.1454521119594574,0.35,1,0,600,FP32-token-IDs
RoBERTa,d0judl,497,87,59,Ġabout,about,False,hopelessness,0.0040743965219007805,0.0040743965219007805,0.24530725181102753,0.893997073173523,0.35,1,1,600,FP32-token-IDs
RoBERTa,d0judl,497,87,59,Ġabout,about,False,loneliness,-0.0006513182015623897,0.0006513182015623897,0.352027028799057,0.9641240239143372,0.35,1,1,600,FP32-token-IDs
RoBERTa,d0judl,497,87,59,Ġabout,about,False,sadness,0.009277499048039317,0.009277499048039317,0.265706866979599,0.9805826544761658,0.35,1,1,600,FP32-token-IDs
RoBERTa,d0judl,497,87,59,Ġabout,about,False,suicide intent,-0.0016034202835726319,0.0016034202835726319,0.059769634157419205,0.02220616675913334,0.35,0,0,600,FP32-token-IDs
RoBERTa,d0judl,497,87,59,Ġabout,about,False,worthlessness,-0.0012642329675145447,0.0012642329675145447,0.22466899454593658,0.37808647751808167,0.35,1,1,600,FP32-token-IDs
RoBERTa,d0judl,497,88,2185,Ġmyself,myself,False,anger,0.0018189211477874778,0.0018189211477874778,0.23181675374507904,0.29161426424980164,0.35,1,0,600,FP32-token-IDs
RoBERTa,d0judl,497,88,2185,Ġmyself,myself,False,brain dysfunction (forget),-0.0024804462009342387,0.0024804462009342387,0.1699400395154953,0.11315593868494034,0.35,0,0,600,FP32-token-IDs
RoBERTa,d0judl,497,88,2185,Ġmyself,myself,False,emptiness,-0.005418395121523645,0.005418395121523645,0.09006647765636444,0.1454521119594574,0.35,1,0,600,FP32-token-IDs
RoBERTa,d0judl,497,88,2185,Ġmyself,myself,False,hopelessness,0.0040743965219007805,0.0040743965219007805,0.24530725181102753,0.893997073173523,0.35,1,1,600,FP32-token-IDs
RoBERTa,d0judl,497,88,2185,Ġmyself,myself,False,loneliness,-0.0006513182015623897,0.0006513182015623897,0.352027028799057,0.9641240239143372,0.35,1,1,600,FP32-token-IDs
RoBERTa,d0judl,497,88,2185,Ġmyself,myself,False,sadness,0.009277499048039317,0.009277499048039317,0.265706866979599,0.9805826544761658,0.35,1,1,600,FP32-token-IDs
RoBERTa,d0judl,497,88,2185,Ġmyself,myself,False,suicide intent,-0.0016034202835726319,0.0016034202835726319,0.059769634157419205,0.02220616675913334,0.35,0,0,600,FP32-token-IDs
RoBERTa,d0judl,497,88,2185,Ġmyself,myself,False,worthlessness,-0.0012642329675145447,0.0012642329675145447,0.22466899454593658,0.37808647751808167,0.35,1,1,600,FP32-token-IDs
RoBERTa,d0judl,497,89,4,.,.,False,anger,0.0018189211477874778,0.0018189211477874778,0.23181675374507904,0.29161426424980164,0.35,1,0,600,FP32-token-IDs
RoBERTa,d0judl,497,89,4,.,.,False,brain dysfunction (forget),-0.0024804462009342387,0.0024804462009342387,0.1699400395154953,0.11315593868494034,0.35,0,0,600,FP32-token-IDs
RoBERTa,d0judl,497,89,4,.,.,False,emptiness,-0.005418395121523645,0.005418395121523645,0.09006647765636444,0.1454521119594574,0.35,1,0,600,FP32-token-IDs
RoBERTa,d0judl,497,89,4,.,.,False,hopelessness,0.0040743965219007805,0.0040743965219007805,0.24530725181102753,0.893997073173523,0.35,1,1,600,FP32-token-IDs
RoBERTa,d0judl,497,89,4,.,.,False,loneliness,-0.0006513182015623897,0.0006513182015623897,0.352027028799057,0.9641240239143372,0.35,1,1,600,FP32-token-IDs
RoBERTa,d0judl,497,89,4,.,.,False,sadness,0.009277499048039317,0.009277499048039317,0.265706866979599,0.9805826544761658,0.35,1,1,600,FP32-token-IDs
RoBERTa,d0judl,497,89,4,.,.,False,suicide intent,-0.0016034202835726319,0.0016034202835726319,0.059769634157419205,0.02220616675913334,0.35,0,0,600,FP32-token-IDs
RoBERTa,d0judl,497,89,4,.,.,False,worthlessness,-0.0012642329675145447,0.0012642329675145447,0.22466899454593658,0.37808647751808167,0.35,1,1,600,FP32-token-IDs
RoBERTa,d0judl,497,90,2011,ĠLike,like,False,anger,0.012715440738247707,0.012715440738247707,0.23181675374507904,0.29161426424980164,0.35,1,0,600,FP32-token-IDs
RoBERTa,d0judl,497,90,2011,ĠLike,like,False,brain dysfunction (forget),0.0041013574082171544,0.0041013574082171544,0.1699400395154953,0.11315593868494034,0.35,0,0,600,FP32-token-IDs
RoBERTa,d0judl,497,90,2011,ĠLike,like,False,emptiness,0.013732981169596314,0.013732981169596314,0.09006647765636444,0.1454521119594574,0.35,1,0,600,FP32-token-IDs
RoBERTa,d0judl,497,90,2011,ĠLike,like,False,hopelessness,0.031133931886870414,0.031133931886870414,0.24530725181102753,0.893997073173523,0.35,1,1,600,FP32-token-IDs
RoBERTa,d0judl,497,90,2011,ĠLike,like,False,loneliness,0.013819938263623044,0.013819938263623044,0.352027028799057,0.9641240239143372,0.35,1,1,600,FP32-token-IDs
RoBERTa,d0judl,497,90,2011,ĠLike,like,False,sadness,0.012520830379799008,0.012520830379799008,0.265706866979599,0.9805826544761658,0.35,1,1,600,FP32-token-IDs
RoBERTa,d0judl,497,90,2011,ĠLike,like,False,suicide intent,0.0014579416420019697,0.0014579416420019697,0.059769634157419205,0.02220616675913334,0.35,0,0,600,FP32-token-IDs
RoBERTa,d0judl,497,90,2011,ĠLike,like,False,worthlessness,0.022635458648437634,0.022635458648437634,0.22466899454593658,0.37808647751808167,0.35,1,1,600,FP32-token-IDs
RoBERTa,d0judl,497,91,38,ĠI,i,False,anger,0.012715440738247707,0.012715440738247707,0.23181675374507904,0.29161426424980164,0.35,1,0,600,FP32-token-IDs
RoBERTa,d0judl,497,91,38,ĠI,i,False,brain dysfunction (forget),0.0041013574082171544,0.0041013574082171544,0.1699400395154953,0.11315593868494034,0.35,0,0,600,FP32-token-IDs
RoBERTa,d0judl,497,91,38,ĠI,i,False,emptiness,0.013732981169596314,0.013732981169596314,0.09006647765636444,0.1454521119594574,0.35,1,0,600,FP32-token-IDs
RoBERTa,d0judl,497,91,38,ĠI,i,False,hopelessness,0.031133931886870414,0.031133931886870414,0.24530725181102753,0.893997073173523,0.35,1,1,600,FP32-token-IDs
RoBERTa,d0judl,497,91,38,ĠI,i,False,loneliness,0.013819938263623044,0.013819938263623044,0.352027028799057,0.9641240239143372,0.35,1,1,600,FP32-token-IDs
RoBERTa,d0judl,497,91,38,ĠI,i,False,sadness,0.012520830379799008,0.012520830379799008,0.265706866979599,0.9805826544761658,0.35,1,1,600,FP32-token-IDs
RoBERTa,d0judl,497,91,38,ĠI,i,False,suicide intent,0.0014579416420019697,0.0014579416420019697,0.059769634157419205,0.02220616675913334,0.35,0,0,600,FP32-token-IDs
RoBERTa,d0judl,497,91,38,ĠI,i,False,worthlessness,0.022635458648437634,0.022635458648437634,0.22466899454593658,0.37808647751808167,0.35,1,1,600,FP32-token-IDs
RoBERTa,d0judl,497,92,95,Ġjust,just,False,anger,0.013584858301328495,0.013584858301328495,0.23181675374507904,0.29161426424980164,0.35,1,0,600,FP32-token-IDs
RoBERTa,d0judl,497,92,95,Ġjust,just,False,brain dysfunction (forget),0.004106058695469983,0.004106058695469983,0.1699400395154953,0.11315593868494034,0.35,0,0,600,FP32-token-IDs
RoBERTa,d0judl,497,92,95,Ġjust,just,False,emptiness,0.013903100625611842,0.013903100625611842,0.09006647765636444,0.1454521119594574,0.35,1,0,600,FP32-token-IDs
RoBERTa,d0judl,497,92,95,Ġjust,just,False,hopelessness,0.02364728628890589,0.02364728628890589,0.24530725181102753,0.893997073173523,0.35,1,1,600,FP32-token-IDs
RoBERTa,d0judl,497,92,95,Ġjust,just,False,loneliness,0.014155750861391425,0.014155750861391425,0.352027028799057,0.9641240239143372,0.35,1,1,600,FP32-token-IDs
RoBERTa,d0judl,497,92,95,Ġjust,just,False,sadness,0.009809418814256787,0.009809418814256787,0.265706866979599,0.9805826544761658,0.35,1,1,600,FP32-token-IDs
RoBERTa,d0judl,497,92,95,Ġjust,just,False,suicide intent,0.0014632571801485028,0.0014632571801485028,0.059769634157419205,0.02220616675913334,0.35,0,0,600,FP32-token-IDs
RoBERTa,d0judl,497,92,95,Ġjust,just,False,worthlessness,0.01699146759347059,0.01699146759347059,0.22466899454593658,0.37808647751808167,0.35,1,1,600,FP32-token-IDs
RoBERTa,d0judl,497,93,236,Ġwant,want,False,anger,0.013584858301328495,0.013584858301328495,0.23181675374507904,0.29161426424980164,0.35,1,0,600,FP32-token-IDs
RoBERTa,d0judl,497,93,236,Ġwant,want,False,brain dysfunction (forget),0.004106058695469983,0.004106058695469983,0.1699400395154953,0.11315593868494034,0.35,0,0,600,FP32-token-IDs
RoBERTa,d0judl,497,93,236,Ġwant,want,False,emptiness,0.013903100625611842,0.013903100625611842,0.09006647765636444,0.1454521119594574,0.35,1,0,600,FP32-token-IDs
RoBERTa,d0judl,497,93,236,Ġwant,want,False,hopelessness,0.02364728628890589,0.02364728628890589,0.24530725181102753,0.893997073173523,0.35,1,1,600,FP32-token-IDs
RoBERTa,d0judl,497,93,236,Ġwant,want,False,loneliness,0.014155750861391425,0.014155750861391425,0.352027028799057,0.9641240239143372,0.35,1,1,600,FP32-token-IDs
RoBERTa,d0judl,497,93,236,Ġwant,want,False,sadness,0.009809418814256787,0.009809418814256787,0.265706866979599,0.9805826544761658,0.35,1,1,600,FP32-token-IDs
RoBERTa,d0judl,497,93,236,Ġwant,want,False,suicide intent,0.0014632571801485028,0.0014632571801485028,0.059769634157419205,0.02220616675913334,0.35,0,0,600,FP32-token-IDs
RoBERTa,d0judl,497,93,236,Ġwant,want,False,worthlessness,0.01699146759347059,0.01699146759347059,0.22466899454593658,0.37808647751808167,0.35,1,1,600,FP32-token-IDs
RoBERTa,d0judl,497,94,7,Ġto,to,False,anger,0.008822472467727493,0.008822472467727493,0.23181675374507904,0.29161426424980164,0.35,1,0,600,FP32-token-IDs
RoBERTa,d0judl,497,94,7,Ġto,to,False,brain dysfunction (forget),0.0015215628664009273,0.0015215628664009273,0.1699400395154953,0.11315593868494034,0.35,0,0,600,FP32-token-IDs
RoBERTa,d0judl,497,94,7,Ġto,to,False,emptiness,0.011348543819622137,0.011348543819622137,0.09006647765636444,0.1454521119594574,0.35,1,0,600,FP32-token-IDs
RoBERTa,d0judl,497,94,7,Ġto,to,False,hopelessness,0.005391185055486858,0.005391185055486858,0.24530725181102753,0.893997073173523,0.35,1,1,600,FP32-token-IDs
RoBERTa,d0judl,497,94,7,Ġto,to,False,loneliness,0.013771443518635351,0.013771443518635351,0.352027028799057,0.9641240239143372,0.35,1,1,600,FP32-token-IDs
RoBERTa,d0judl,497,94,7,Ġto,to,False,sadness,0.003216135664843023,0.003216135664843023,0.265706866979599,0.9805826544761658,0.35,1,1,600,FP32-token-IDs
RoBERTa,d0judl,497,94,7,Ġto,to,False,suicide intent,0.0009682147083367454,0.0009682147083367454,0.059769634157419205,0.02220616675913334,0.35,0,0,600,FP32-token-IDs
RoBERTa,d0judl,497,94,7,Ġto,to,False,worthlessness,-0.005334374611265957,0.005334374611265957,0.22466899454593658,0.37808647751808167,0.35,1,1,600,FP32-token-IDs
RoBERTa,d0judl,497,95,28,Ġbe,be,False,anger,0.008822472467727493,0.008822472467727493,0.23181675374507904,0.29161426424980164,0.35,1,0,600,FP32-token-IDs
RoBERTa,d0judl,497,95,28,Ġbe,be,False,brain dysfunction (forget),0.0015215628664009273,0.0015215628664009273,0.1699400395154953,0.11315593868494034,0.35,0,0,600,FP32-token-IDs
RoBERTa,d0judl,497,95,28,Ġbe,be,False,emptiness,0.011348543819622137,0.011348543819622137,0.09006647765636444,0.1454521119594574,0.35,1,0,600,FP32-token-IDs
RoBERTa,d0judl,497,95,28,Ġbe,be,False,hopelessness,0.005391185055486858,0.005391185055486858,0.24530725181102753,0.893997073173523,0.35,1,1,600,FP32-token-IDs
RoBERTa,d0judl,497,95,28,Ġbe,be,False,loneliness,0.013771443518635351,0.013771443518635351,0.352027028799057,0.9641240239143372,0.35,1,1,600,FP32-token-IDs
RoBERTa,d0judl,497,95,28,Ġbe,be,False,sadness,0.003216135664843023,0.003216135664843023,0.265706866979599,0.9805826544761658,0.35,1,1,600,FP32-token-IDs
RoBERTa,d0judl,497,95,28,Ġbe,be,False,suicide intent,0.0009682147083367454,0.0009682147083367454,0.059769634157419205,0.02220616675913334,0.35,0,0,600,FP32-token-IDs
RoBERTa,d0judl,497,95,28,Ġbe,be,False,worthlessness,-0.005334374611265957,0.005334374611265957,0.22466899454593658,0.37808647751808167,0.35,1,1,600,FP32-token-IDs
RoBERTa,d0judl,497,96,314,Ġleft,left,False,anger,0.005885267935809679,0.005885267935809679,0.23181675374507904,0.29161426424980164,0.35,1,0,600,FP32-token-IDs
RoBERTa,d0judl,497,96,314,Ġleft,left,False,brain dysfunction (forget),0.005193889926886186,0.005193889926886186,0.1699400395154953,0.11315593868494034,0.35,0,0,600,FP32-token-IDs
RoBERTa,d0judl,497,96,314,Ġleft,left,False,emptiness,0.07079417268687394,0.07079417268687394,0.09006647765636444,0.1454521119594574,0.35,1,0,600,FP32-token-IDs
RoBERTa,d0judl,497,96,314,Ġleft,left,False,hopelessness,0.0751881473697722,0.0751881473697722,0.24530725181102753,0.893997073173523,0.35,1,1,600,FP32-token-IDs
RoBERTa,d0judl,497,96,314,Ġleft,left,False,loneliness,0.2248747439662111,0.2248747439662111,0.352027028799057,0.9641240239143372,0.35,1,1,600,FP32-token-IDs
RoBERTa,d0judl,497,96,314,Ġleft,left,False,sadness,0.04233692737761885,0.04233692737761885,0.265706866979599,0.9805826544761658,0.35,1,1,600,FP32-token-IDs
RoBERTa,d0judl,497,96,314,Ġleft,left,False,suicide intent,-0.0011469418441265589,0.0011469418441265589,0.059769634157419205,0.02220616675913334,0.35,0,0,600,FP32-token-IDs
RoBERTa,d0judl,497,96,314,Ġleft,left,False,worthlessness,0.027692344796378165,0.027692344796378165,0.22466899454593658,0.37808647751808167,0.35,1,1,600,FP32-token-IDs
RoBERTa,d0judl,497,97,1937,Ġalone,alone,False,anger,-0.02910858328687027,0.02910858328687027,0.23181675374507904,0.29161426424980164,0.35,1,0,600,FP32-token-IDs
RoBERTa,d0judl,497,97,1937,Ġalone,alone,False,brain dysfunction (forget),0.009794974030228332,0.009794974030228332,0.1699400395154953,0.11315593868494034,0.35,0,0,600,FP32-token-IDs
RoBERTa,d0judl,497,97,1937,Ġalone,alone,False,emptiness,0.111292438217788,0.111292438217788,0.09006647765636444,0.1454521119594574,0.35,1,0,600,FP32-token-IDs
RoBERTa,d0judl,497,97,1937,Ġalone,alone,False,hopelessness,0.05403882311657071,0.05403882311657071,0.24530725181102753,0.893997073173523,0.35,1,1,600,FP32-token-IDs
RoBERTa,d0judl,497,97,1937,Ġalone,alone,False,loneliness,0.5277884474853636,0.5277884474853636,0.352027028799057,0.9641240239143372,0.35,1,1,600,FP32-token-IDs
RoBERTa,d0judl,497,97,1937,Ġalone,alone,False,sadness,0.0437365515390411,0.0437365515390411,0.265706866979599,0.9805826544761658,0.35,1,1,600,FP32-token-IDs
RoBERTa,d0judl,497,97,1937,Ġalone,alone,False,suicide intent,-0.008950093933890457,0.008950093933890457,0.059769634157419205,0.02220616675913334,0.35,0,0,600,FP32-token-IDs
RoBERTa,d0judl,497,97,1937,Ġalone,alone,False,worthlessness,-0.06517710065236315,0.06517710065236315,0.22466899454593658,0.37808647751808167,0.35,1,1,600,FP32-token-IDs
RoBERTa,d0judl,497,98,7,Ġto,to,False,anger,0.04016199175966904,0.04016199175966904,0.23181675374507904,0.29161426424980164,0.35,1,0,600,FP32-token-IDs
RoBERTa,d0judl,497,98,7,Ġto,to,False,brain dysfunction (forget),-0.0023951956206777446,0.0023951956206777446,0.1699400395154953,0.11315593868494034,0.35,0,0,600,FP32-token-IDs
RoBERTa,d0judl,497,98,7,Ġto,to,False,emptiness,-0.014168777895004798,0.014168777895004798,0.09006647765636444,0.1454521119594574,0.35,1,0,600,FP32-token-IDs
RoBERTa,d0judl,497,98,7,Ġto,to,False,hopelessness,-0.0007474231766536835,0.0007474231766536835,0.24530725181102753,0.893997073173523,0.35,1,1,600,FP32-token-IDs
RoBERTa,d0judl,497,98,7,Ġto,to,False,loneliness,-0.004423927434254437,0.004423927434254437,0.352027028799057,0.9641240239143372,0.35,1,1,600,FP32-token-IDs
RoBERTa,d0judl,497,98,7,Ġto,to,False,sadness,0.008231095876544714,0.008231095876544714,0.265706866979599,0.9805826544761658,0.35,1,1,600,FP32-token-IDs
RoBERTa,d0judl,497,98,7,Ġto,to,False,suicide intent,0.0012080101014968628,0.0012080101014968628,0.059769634157419205,0.02220616675913334,0.35,0,0,600,FP32-token-IDs
RoBERTa,d0judl,497,98,7,Ġto,to,False,worthlessness,-0.004519607635059705,0.004519607635059705,0.22466899454593658,0.37808647751808167,0.35,1,1,600,FP32-token-IDs
RoBERTa,d0judl,497,99,4157,Ġhate,hate,False,anger,0.04016199175966904,0.04016199175966904,0.23181675374507904,0.29161426424980164,0.35,1,0,600,FP32-token-IDs
RoBERTa,d0judl,497,99,4157,Ġhate,hate,False,brain dysfunction (forget),-0.0023951956206777446,0.0023951956206777446,0.1699400395154953,0.11315593868494034,0.35,0,0,600,FP32-token-IDs
RoBERTa,d0judl,497,99,4157,Ġhate,hate,False,emptiness,-0.014168777895004798,0.014168777895004798,0.09006647765636444,0.1454521119594574,0.35,1,0,600,FP32-token-IDs
RoBERTa,d0judl,497,99,4157,Ġhate,hate,False,hopelessness,-0.0007474231766536835,0.0007474231766536835,0.24530725181102753,0.893997073173523,0.35,1,1,600,FP32-token-IDs
RoBERTa,d0judl,497,99,4157,Ġhate,hate,False,loneliness,-0.004423927434254437,0.004423927434254437,0.352027028799057,0.9641240239143372,0.35,1,1,600,FP32-token-IDs
RoBERTa,d0judl,497,99,4157,Ġhate,hate,False,sadness,0.008231095876544714,0.008231095876544714,0.265706866979599,0.9805826544761658,0.35,1,1,600,FP32-token-IDs
RoBERTa,d0judl,497,99,4157,Ġhate,hate,False,suicide intent,0.0012080101014968628,0.0012080101014968628,0.059769634157419205,0.02220616675913334,0.35,0,0,600,FP32-token-IDs
RoBERTa,d0judl,497,99,4157,Ġhate,hate,False,worthlessness,-0.004519607635059705,0.004519607635059705,0.22466899454593658,0.37808647751808167,0.35,1,1,600,FP32-token-IDs
RoBERTa,d0judl,497,100,960,Ġeverything,everything,False,anger,0.011474365461617708,0.011474365461617708,0.23181675374507904,0.29161426424980164,0.35,1,0,600,FP32-token-IDs
RoBERTa,d0judl,497,100,960,Ġeverything,everything,False,brain dysfunction (forget),-0.003305917369046559,0.003305917369046559,0.1699400395154953,0.11315593868494034,0.35,0,0,600,FP32-token-IDs
RoBERTa,d0judl,497,100,960,Ġeverything,everything,False,emptiness,-0.010360167714922378,0.010360167714922378,0.09006647765636444,0.1454521119594574,0.35,1,0,600,FP32-token-IDs
RoBERTa,d0judl,497,100,960,Ġeverything,everything,False,hopelessness,-0.017721289830903212,0.017721289830903212,0.24530725181102753,0.893997073173523,0.35,1,1,600,FP32-token-IDs
RoBERTa,d0judl,497,100,960,Ġeverything,everything,False,loneliness,-0.0021731345099397005,0.0021731345099397005,0.352027028799057,0.9641240239143372,0.35,1,1,600,FP32-token-IDs
RoBERTa,d0judl,497,100,960,Ġeverything,everything,False,sadness,-0.0007168975969155632,0.0007168975969155632,0.265706866979599,0.9805826544761658,0.35,1,1,600,FP32-token-IDs
RoBERTa,d0judl,497,100,960,Ġeverything,everything,False,suicide intent,0.0013913761416915803,0.0013913761416915803,0.059769634157419205,0.02220616675913334,0.35,0,0,600,FP32-token-IDs
RoBERTa,d0judl,497,100,960,Ġeverything,everything,False,worthlessness,-0.021082670365770658,0.021082670365770658,0.22466899454593658,0.37808647751808167,0.35,1,1,600,FP32-token-IDs
RoBERTa,d0judl,497,101,11,Ġin,in,False,anger,0.011474365461617708,0.011474365461617708,0.23181675374507904,0.29161426424980164,0.35,1,0,600,FP32-token-IDs
RoBERTa,d0judl,497,101,11,Ġin,in,False,brain dysfunction (forget),-0.003305917369046559,0.003305917369046559,0.1699400395154953,0.11315593868494034,0.35,0,0,600,FP32-token-IDs
RoBERTa,d0judl,497,101,11,Ġin,in,False,emptiness,-0.010360167714922378,0.010360167714922378,0.09006647765636444,0.1454521119594574,0.35,1,0,600,FP32-token-IDs
RoBERTa,d0judl,497,101,11,Ġin,in,False,hopelessness,-0.017721289830903212,0.017721289830903212,0.24530725181102753,0.893997073173523,0.35,1,1,600,FP32-token-IDs
RoBERTa,d0judl,497,101,11,Ġin,in,False,loneliness,-0.0021731345099397005,0.0021731345099397005,0.352027028799057,0.9641240239143372,0.35,1,1,600,FP32-token-IDs
RoBERTa,d0judl,497,101,11,Ġin,in,False,sadness,-0.0007168975969155632,0.0007168975969155632,0.265706866979599,0.9805826544761658,0.35,1,1,600,FP32-token-IDs
RoBERTa,d0judl,497,101,11,Ġin,in,False,suicide intent,0.0013913761416915803,0.0013913761416915803,0.059769634157419205,0.02220616675913334,0.35,0,0,600,FP32-token-IDs
RoBERTa,d0judl,497,101,11,Ġin,in,False,worthlessness,-0.021082670365770658,0.021082670365770658,0.22466899454593658,0.37808647751808167,0.35,1,1,600,FP32-token-IDs
RoBERTa,d0judl,497,102,1987,Ġpeace,peace,False,anger,0.011474365461617708,0.011474365461617708,0.23181675374507904,0.29161426424980164,0.35,1,0,600,FP32-token-IDs
RoBERTa,d0judl,497,102,1987,Ġpeace,peace,False,brain dysfunction (forget),-0.003305917369046559,0.003305917369046559,0.1699400395154953,0.11315593868494034,0.35,0,0,600,FP32-token-IDs
RoBERTa,d0judl,497,102,1987,Ġpeace,peace,False,emptiness,-0.010360167714922378,0.010360167714922378,0.09006647765636444,0.1454521119594574,0.35,1,0,600,FP32-token-IDs
RoBERTa,d0judl,497,102,1987,Ġpeace,peace,False,hopelessness,-0.017721289830903212,0.017721289830903212,0.24530725181102753,0.893997073173523,0.35,1,1,600,FP32-token-IDs
RoBERTa,d0judl,497,102,1987,Ġpeace,peace,False,loneliness,-0.0021731345099397005,0.0021731345099397005,0.352027028799057,0.9641240239143372,0.35,1,1,600,FP32-token-IDs
RoBERTa,d0judl,497,102,1987,Ġpeace,peace,False,sadness,-0.0007168975969155632,0.0007168975969155632,0.265706866979599,0.9805826544761658,0.35,1,1,600,FP32-token-IDs
RoBERTa,d0judl,497,102,1987,Ġpeace,peace,False,suicide intent,0.0013913761416915803,0.0013913761416915803,0.059769634157419205,0.02220616675913334,0.35,0,0,600,FP32-token-IDs
RoBERTa,d0judl,497,102,1987,Ġpeace,peace,False,worthlessness,-0.021082670365770658,0.021082670365770658,0.22466899454593658,0.37808647751808167,0.35,1,1,600,FP32-token-IDs
RoBERTa,d0judl,497,103,4,.,.,False,anger,0.0073391752084717155,0.0073391752084717155,0.23181675374507904,0.29161426424980164,0.35,1,0,600,FP32-token-IDs
RoBERTa,d0judl,497,103,4,.,.,False,brain dysfunction (forget),-0.0025301461185639105,0.0025301461185639105,0.1699400395154953,0.11315593868494034,0.35,0,0,600,FP32-token-IDs
RoBERTa,d0judl,497,103,4,.,.,False,emptiness,0.00033456876796359814,0.00033456876796359814,0.09006647765636444,0.1454521119594574,0.35,1,0,600,FP32-token-IDs
RoBERTa,d0judl,497,103,4,.,.,False,hopelessness,-0.014192441245540977,0.014192441245540977,0.24530725181102753,0.893997073173523,0.35,1,1,600,FP32-token-IDs
RoBERTa,d0judl,497,103,4,.,.,False,loneliness,0.0009423161973245442,0.0009423161973245442,0.352027028799057,0.9641240239143372,0.35,1,1,600,FP32-token-IDs
RoBERTa,d0judl,497,103,4,.,.,False,sadness,0.002656268887221813,0.002656268887221813,0.265706866979599,0.9805826544761658,0.35,1,1,600,FP32-token-IDs
RoBERTa,d0judl,497,103,4,.,.,False,suicide intent,0.0003839770312576245,0.0003839770312576245,0.059769634157419205,0.02220616675913334,0.35,0,0,600,FP32-token-IDs
RoBERTa,d0judl,497,103,4,.,.,False,worthlessness,-0.016737721821603675,0.016737721821603675,0.22466899454593658,0.37808647751808167,0.35,1,1,600,FP32-token-IDs
RoBERTa,d0judl,497,104,23384,ĠDepression,depression,False,anger,-0.11452827748144045,0.11452827748144045,0.23181675374507904,0.29161426424980164,0.35,1,0,600,FP32-token-IDs
RoBERTa,d0judl,497,104,23384,ĠDepression,depression,False,brain dysfunction (forget),-1.8181575190586347e-05,1.8181575190586347e-05,0.1699400395154953,0.11315593868494034,0.35,0,0,600,FP32-token-IDs
RoBERTa,d0judl,497,104,23384,ĠDepression,depression,False,emptiness,0.015546637354418635,0.015546637354418635,0.09006647765636444,0.1454521119594574,0.35,1,0,600,FP32-token-IDs
RoBERTa,d0judl,497,104,23384,ĠDepression,depression,False,hopelessness,0.06628355911622445,0.06628355911622445,0.24530725181102753,0.893997073173523,0.35,1,1,600,FP32-token-IDs
RoBERTa,d0judl,497,104,23384,ĠDepression,depression,False,loneliness,-0.01024852056192079,0.01024852056192079,0.352027028799057,0.9641240239143372,0.35,1,1,600,FP32-token-IDs
RoBERTa,d0judl,497,104,23384,ĠDepression,depression,False,sadness,0.055954307628174625,0.055954307628174625,0.265706866979599,0.9805826544761658,0.35,1,1,600,FP32-token-IDs
RoBERTa,d0judl,497,104,23384,ĠDepression,depression,False,suicide intent,0.0044381318099719165,0.0044381318099719165,0.059769634157419205,0.02220616675913334,0.35,0,0,600,FP32-token-IDs
RoBERTa,d0judl,497,104,23384,ĠDepression,depression,False,worthlessness,-0.0022502499050460756,0.0022502499050460756,0.22466899454593658,0.37808647751808167,0.35,1,1,600,FP32-token-IDs
RoBERTa,d0judl,497,105,16,Ġis,is,False,anger,-0.11452827748144045,0.11452827748144045,0.23181675374507904,0.29161426424980164,0.35,1,0,600,FP32-token-IDs
RoBERTa,d0judl,497,105,16,Ġis,is,False,brain dysfunction (forget),-1.8181575190586347e-05,1.8181575190586347e-05,0.1699400395154953,0.11315593868494034,0.35,0,0,600,FP32-token-IDs
RoBERTa,d0judl,497,105,16,Ġis,is,False,emptiness,0.015546637354418635,0.015546637354418635,0.09006647765636444,0.1454521119594574,0.35,1,0,600,FP32-token-IDs
RoBERTa,d0judl,497,105,16,Ġis,is,False,hopelessness,0.06628355911622445,0.06628355911622445,0.24530725181102753,0.893997073173523,0.35,1,1,600,FP32-token-IDs
RoBERTa,d0judl,497,105,16,Ġis,is,False,loneliness,-0.01024852056192079,0.01024852056192079,0.352027028799057,0.9641240239143372,0.35,1,1,600,FP32-token-IDs
RoBERTa,d0judl,497,105,16,Ġis,is,False,sadness,0.055954307628174625,0.055954307628174625,0.265706866979599,0.9805826544761658,0.35,1,1,600,FP32-token-IDs
RoBERTa,d0judl,497,105,16,Ġis,is,False,suicide intent,0.0044381318099719165,0.0044381318099719165,0.059769634157419205,0.02220616675913334,0.35,0,0,600,FP32-token-IDs
RoBERTa,d0judl,497,105,16,Ġis,is,False,worthlessness,-0.0022502499050460756,0.0022502499050460756,0.22466899454593658,0.37808647751808167,0.35,1,1,600,FP32-token-IDs
RoBERTa,d0judl,497,106,6744,Ġrough,rough,False,anger,-0.11452827748144045,0.11452827748144045,0.23181675374507904,0.29161426424980164,0.35,1,0,600,FP32-token-IDs
RoBERTa,d0judl,497,106,6744,Ġrough,rough,False,brain dysfunction (forget),-1.8181575190586347e-05,1.8181575190586347e-05,0.1699400395154953,0.11315593868494034,0.35,0,0,600,FP32-token-IDs
RoBERTa,d0judl,497,106,6744,Ġrough,rough,False,emptiness,0.015546637354418635,0.015546637354418635,0.09006647765636444,0.1454521119594574,0.35,1,0,600,FP32-token-IDs
RoBERTa,d0judl,497,106,6744,Ġrough,rough,False,hopelessness,0.06628355911622445,0.06628355911622445,0.24530725181102753,0.893997073173523,0.35,1,1,600,FP32-token-IDs
RoBERTa,d0judl,497,106,6744,Ġrough,rough,False,loneliness,-0.01024852056192079,0.01024852056192079,0.352027028799057,0.9641240239143372,0.35,1,1,600,FP32-token-IDs
RoBERTa,d0judl,497,106,6744,Ġrough,rough,False,sadness,0.055954307628174625,0.055954307628174625,0.265706866979599,0.9805826544761658,0.35,1,1,600,FP32-token-IDs
RoBERTa,d0judl,497,106,6744,Ġrough,rough,False,suicide intent,0.0044381318099719165,0.0044381318099719165,0.059769634157419205,0.02220616675913334,0.35,0,0,600,FP32-token-IDs
RoBERTa,d0judl,497,106,6744,Ġrough,rough,False,worthlessness,-0.0022502499050460756,0.0022502499050460756,0.22466899454593658,0.37808647751808167,0.35,1,1,600,FP32-token-IDs
RoBERTa,d0judl,497,107,4,.,.,False,anger,-0.012940742599312216,0.012940742599312216,0.23181675374507904,0.29161426424980164,0.35,1,0,600,FP32-token-IDs
RoBERTa,d0judl,497,107,4,.,.,False,brain dysfunction (forget),0.0012089689407730475,0.0012089689407730475,0.1699400395154953,0.11315593868494034,0.35,0,0,600,FP32-token-IDs
RoBERTa,d0judl,497,107,4,.,.,False,emptiness,0.014508446853142232,0.014508446853142232,0.09006647765636444,0.1454521119594574,0.35,1,0,600,FP32-token-IDs
RoBERTa,d0judl,497,107,4,.,.,False,hopelessness,0.030021363403648138,0.030021363403648138,0.24530725181102753,0.893997073173523,0.35,1,1,600,FP32-token-IDs
RoBERTa,d0judl,497,107,4,.,.,False,loneliness,0.008043166759307496,0.008043166759307496,0.352027028799057,0.9641240239143372,0.35,1,1,600,FP32-token-IDs
RoBERTa,d0judl,497,107,4,.,.,False,sadness,0.0164738018065691,0.0164738018065691,0.265706866979599,0.9805826544761658,0.35,1,1,600,FP32-token-IDs
RoBERTa,d0judl,497,107,4,.,.,False,suicide intent,0.002601903266622685,0.002601903266622685,0.059769634157419205,0.02220616675913334,0.35,0,0,600,FP32-token-IDs
RoBERTa,d0judl,497,107,4,.,.,False,worthlessness,0.010162888036575168,0.010162888036575168,0.22466899454593658,0.37808647751808167,0.35,1,1,600,FP32-token-IDs
RoBERTa,d0judl,497,108,8901,ĠDoes,does,False,anger,-0.00034702861947672706,0.00034702861947672706,0.23181675374507904,0.29161426424980164,0.35,1,0,600,FP32-token-IDs
RoBERTa,d0judl,497,108,8901,ĠDoes,does,False,brain dysfunction (forget),-9.746609222409981e-05,9.746609222409981e-05,0.1699400395154953,0.11315593868494034,0.35,0,0,600,FP32-token-IDs
RoBERTa,d0judl,497,108,8901,ĠDoes,does,False,emptiness,-5.151967967062124e-05,5.151967967062124e-05,0.09006647765636444,0.1454521119594574,0.35,1,0,600,FP32-token-IDs
RoBERTa,d0judl,497,108,8901,ĠDoes,does,False,hopelessness,0.004428039138604488,0.004428039138604488,0.24530725181102753,0.893997073173523,0.35,1,1,600,FP32-token-IDs
RoBERTa,d0judl,497,108,8901,ĠDoes,does,False,loneliness,-0.00041507446439936757,0.00041507446439936757,0.352027028799057,0.9641240239143372,0.35,1,1,600,FP32-token-IDs
RoBERTa,d0judl,497,108,8901,ĠDoes,does,False,sadness,0.002716324258861797,0.002716324258861797,0.265706866979599,0.9805826544761658,0.35,1,1,600,FP32-token-IDs
RoBERTa,d0judl,497,108,8901,ĠDoes,does,False,suicide intent,-0.0001096755575937485,0.0001096755575937485,0.059769634157419205,0.02220616675913334,0.35,0,0,600,FP32-token-IDs
RoBERTa,d0judl,497,108,8901,ĠDoes,does,False,worthlessness,-0.002103915038917746,0.002103915038917746,0.22466899454593658,0.37808647751808167,0.35,1,1,600,FP32-token-IDs
RoBERTa,d0judl,497,109,1268,Ġanyone,anyone,False,anger,-0.00034702861947672706,0.00034702861947672706,0.23181675374507904,0.29161426424980164,0.35,1,0,600,FP32-token-IDs
RoBERTa,d0judl,497,109,1268,Ġanyone,anyone,False,brain dysfunction (forget),-9.746609222409981e-05,9.746609222409981e-05,0.1699400395154953,0.11315593868494034,0.35,0,0,600,FP32-token-IDs
RoBERTa,d0judl,497,109,1268,Ġanyone,anyone,False,emptiness,-5.151967967062124e-05,5.151967967062124e-05,0.09006647765636444,0.1454521119594574,0.35,1,0,600,FP32-token-IDs
RoBERTa,d0judl,497,109,1268,Ġanyone,anyone,False,hopelessness,0.004428039138604488,0.004428039138604488,0.24530725181102753,0.893997073173523,0.35,1,1,600,FP32-token-IDs
RoBERTa,d0judl,497,109,1268,Ġanyone,anyone,False,loneliness,-0.00041507446439936757,0.00041507446439936757,0.352027028799057,0.9641240239143372,0.35,1,1,600,FP32-token-IDs
RoBERTa,d0judl,497,109,1268,Ġanyone,anyone,False,sadness,0.002716324258861797,0.002716324258861797,0.265706866979599,0.9805826544761658,0.35,1,1,600,FP32-token-IDs
RoBERTa,d0judl,497,109,1268,Ġanyone,anyone,False,suicide intent,-0.0001096755575937485,0.0001096755575937485,0.059769634157419205,0.02220616675913334,0.35,0,0,600,FP32-token-IDs
RoBERTa,d0judl,497,109,1268,Ġanyone,anyone,False,worthlessness,-0.002103915038917746,0.002103915038917746,0.22466899454593658,0.37808647751808167,0.35,1,1,600,FP32-token-IDs
RoBERTa,d0judl,497,110,1493,Ġelse,else,False,anger,-0.00034702861947672706,0.00034702861947672706,0.23181675374507904,0.29161426424980164,0.35,1,0,600,FP32-token-IDs
RoBERTa,d0judl,497,110,1493,Ġelse,else,False,brain dysfunction (forget),-9.746609222409981e-05,9.746609222409981e-05,0.1699400395154953,0.11315593868494034,0.35,0,0,600,FP32-token-IDs
RoBERTa,d0judl,497,110,1493,Ġelse,else,False,emptiness,-5.151967967062124e-05,5.151967967062124e-05,0.09006647765636444,0.1454521119594574,0.35,1,0,600,FP32-token-IDs
RoBERTa,d0judl,497,110,1493,Ġelse,else,False,hopelessness,0.004428039138604488,0.004428039138604488,0.24530725181102753,0.893997073173523,0.35,1,1,600,FP32-token-IDs
RoBERTa,d0judl,497,110,1493,Ġelse,else,False,loneliness,-0.00041507446439936757,0.00041507446439936757,0.352027028799057,0.9641240239143372,0.35,1,1,600,FP32-token-IDs
RoBERTa,d0judl,497,110,1493,Ġelse,else,False,sadness,0.002716324258861797,0.002716324258861797,0.265706866979599,0.9805826544761658,0.35,1,1,600,FP32-token-IDs
RoBERTa,d0judl,497,110,1493,Ġelse,else,False,suicide intent,-0.0001096755575937485,0.0001096755575937485,0.059769634157419205,0.02220616675913334,0.35,0,0,600,FP32-token-IDs
RoBERTa,d0judl,497,110,1493,Ġelse,else,False,worthlessness,-0.002103915038917746,0.002103915038917746,0.22466899454593658,0.37808647751808167,0.35,1,1,600,FP32-token-IDs
RoBERTa,d0judl,497,111,432,Ġdeal,deal,False,anger,-0.00034702861947672706,0.00034702861947672706,0.23181675374507904,0.29161426424980164,0.35,1,0,600,FP32-token-IDs
RoBERTa,d0judl,497,111,432,Ġdeal,deal,False,brain dysfunction (forget),-9.746609222409981e-05,9.746609222409981e-05,0.1699400395154953,0.11315593868494034,0.35,0,0,600,FP32-token-IDs
RoBERTa,d0judl,497,111,432,Ġdeal,deal,False,emptiness,-5.151967967062124e-05,5.151967967062124e-05,0.09006647765636444,0.1454521119594574,0.35,1,0,600,FP32-token-IDs
RoBERTa,d0judl,497,111,432,Ġdeal,deal,False,hopelessness,0.004428039138604488,0.004428039138604488,0.24530725181102753,0.893997073173523,0.35,1,1,600,FP32-token-IDs
RoBERTa,d0judl,497,111,432,Ġdeal,deal,False,loneliness,-0.00041507446439936757,0.00041507446439936757,0.352027028799057,0.9641240239143372,0.35,1,1,600,FP32-token-IDs
RoBERTa,d0judl,497,111,432,Ġdeal,deal,False,sadness,0.002716324258861797,0.002716324258861797,0.265706866979599,0.9805826544761658,0.35,1,1,600,FP32-token-IDs
RoBERTa,d0judl,497,111,432,Ġdeal,deal,False,suicide intent,-0.0001096755575937485,0.0001096755575937485,0.059769634157419205,0.02220616675913334,0.35,0,0,600,FP32-token-IDs
RoBERTa,d0judl,497,111,432,Ġdeal,deal,False,worthlessness,-0.002103915038917746,0.002103915038917746,0.22466899454593658,0.37808647751808167,0.35,1,1,600,FP32-token-IDs
RoBERTa,d0judl,497,112,19,Ġwith,with,False,anger,0.0012225973796809004,0.0012225973796809004,0.23181675374507904,0.29161426424980164,0.35,1,0,600,FP32-token-IDs
RoBERTa,d0judl,497,112,19,Ġwith,with,False,brain dysfunction (forget),2.4106622385304602e-05,2.4106622385304602e-05,0.1699400395154953,0.11315593868494034,0.35,0,0,600,FP32-token-IDs
RoBERTa,d0judl,497,112,19,Ġwith,with,False,emptiness,0.0007259212129394568,0.0007259212129394568,0.09006647765636444,0.1454521119594574,0.35,1,0,600,FP32-token-IDs
RoBERTa,d0judl,497,112,19,Ġwith,with,False,hopelessness,0.005072612226718948,0.005072612226718948,0.24530725181102753,0.893997073173523,0.35,1,1,600,FP32-token-IDs
RoBERTa,d0judl,497,112,19,Ġwith,with,False,loneliness,0.002358939091209322,0.002358939091209322,0.352027028799057,0.9641240239143372,0.35,1,1,600,FP32-token-IDs
RoBERTa,d0judl,497,112,19,Ġwith,with,False,sadness,0.0028020072551000683,0.0028020072551000683,0.265706866979599,0.9805826544761658,0.35,1,1,600,FP32-token-IDs
RoBERTa,d0judl,497,112,19,Ġwith,with,False,suicide intent,-0.00013128543061958182,0.00013128543061958182,0.059769634157419205,0.02220616675913334,0.35,0,0,600,FP32-token-IDs
RoBERTa,d0judl,497,112,19,Ġwith,with,False,worthlessness,-0.000386944844476169,0.000386944844476169,0.22466899454593658,0.37808647751808167,0.35,1,1,600,FP32-token-IDs
RoBERTa,d0judl,497,113,42,Ġthis,this,False,anger,0.0012225973796809004,0.0012225973796809004,0.23181675374507904,0.29161426424980164,0.35,1,0,600,FP32-token-IDs
RoBERTa,d0judl,497,113,42,Ġthis,this,False,brain dysfunction (forget),2.4106622385304602e-05,2.4106622385304602e-05,0.1699400395154953,0.11315593868494034,0.35,0,0,600,FP32-token-IDs
RoBERTa,d0judl,497,113,42,Ġthis,this,False,emptiness,0.0007259212129394568,0.0007259212129394568,0.09006647765636444,0.1454521119594574,0.35,1,0,600,FP32-token-IDs
RoBERTa,d0judl,497,113,42,Ġthis,this,False,hopelessness,0.005072612226718948,0.005072612226718948,0.24530725181102753,0.893997073173523,0.35,1,1,600,FP32-token-IDs
RoBERTa,d0judl,497,113,42,Ġthis,this,False,loneliness,0.002358939091209322,0.002358939091209322,0.352027028799057,0.9641240239143372,0.35,1,1,600,FP32-token-IDs
RoBERTa,d0judl,497,113,42,Ġthis,this,False,sadness,0.0028020072551000683,0.0028020072551000683,0.265706866979599,0.9805826544761658,0.35,1,1,600,FP32-token-IDs
RoBERTa,d0judl,497,113,42,Ġthis,this,False,suicide intent,-0.00013128543061958182,0.00013128543061958182,0.059769634157419205,0.02220616675913334,0.35,0,0,600,FP32-token-IDs
RoBERTa,d0judl,497,113,42,Ġthis,this,False,worthlessness,-0.000386944844476169,0.000386944844476169,0.22466899454593658,0.37808647751808167,0.35,1,1,600,FP32-token-IDs
RoBERTa,d0judl,497,114,116,?,?,False,anger,0.0012225973796809004,0.0012225973796809004,0.23181675374507904,0.29161426424980164,0.35,1,0,600,FP32-token-IDs
RoBERTa,d0judl,497,114,116,?,?,False,brain dysfunction (forget),2.4106622385304602e-05,2.4106622385304602e-05,0.1699400395154953,0.11315593868494034,0.35,0,0,600,FP32-token-IDs
RoBERTa,d0judl,497,114,116,?,?,False,emptiness,0.0007259212129394568,0.0007259212129394568,0.09006647765636444,0.1454521119594574,0.35,1,0,600,FP32-token-IDs
RoBERTa,d0judl,497,114,116,?,?,False,hopelessness,0.005072612226718948,0.005072612226718948,0.24530725181102753,0.893997073173523,0.35,1,1,600,FP32-token-IDs
RoBERTa,d0judl,497,114,116,?,?,False,loneliness,0.002358939091209322,0.002358939091209322,0.352027028799057,0.9641240239143372,0.35,1,1,600,FP32-token-IDs
RoBERTa,d0judl,497,114,116,?,?,False,sadness,0.0028020072551000683,0.0028020072551000683,0.265706866979599,0.9805826544761658,0.35,1,1,600,FP32-token-IDs
RoBERTa,d0judl,497,114,116,?,?,False,suicide intent,-0.00013128543061958182,0.00013128543061958182,0.059769634157419205,0.02220616675913334,0.35,0,0,600,FP32-token-IDs
RoBERTa,d0judl,497,114,116,?,?,False,worthlessness,-0.000386944844476169,0.000386944844476169,0.22466899454593658,0.37808647751808167,0.35,1,1,600,FP32-token-IDs
RoBERTa,d0judl,497,115,1336,ĠHow,how,False,anger,-0.00961922637985221,0.00961922637985221,0.23181675374507904,0.29161426424980164,0.35,1,0,600,FP32-token-IDs
RoBERTa,d0judl,497,115,1336,ĠHow,how,False,brain dysfunction (forget),-0.0007935924285058199,0.0007935924285058199,0.1699400395154953,0.11315593868494034,0.35,0,0,600,FP32-token-IDs
RoBERTa,d0judl,497,115,1336,ĠHow,how,False,emptiness,-0.003635114133690617,0.003635114133690617,0.09006647765636444,0.1454521119594574,0.35,1,0,600,FP32-token-IDs
RoBERTa,d0judl,497,115,1336,ĠHow,how,False,hopelessness,0.00010878559468047959,0.00010878559468047959,0.24530725181102753,0.893997073173523,0.35,1,1,600,FP32-token-IDs
RoBERTa,d0judl,497,115,1336,ĠHow,how,False,loneliness,-0.006094583301871483,0.006094583301871483,0.352027028799057,0.9641240239143372,0.35,1,1,600,FP32-token-IDs
RoBERTa,d0judl,497,115,1336,ĠHow,how,False,sadness,-0.00011081108823418617,0.00011081108823418617,0.265706866979599,0.9805826544761658,0.35,1,1,600,FP32-token-IDs
RoBERTa,d0judl,497,115,1336,ĠHow,how,False,suicide intent,-0.0004362327100742342,0.0004362327100742342,0.059769634157419205,0.02220616675913334,0.35,0,0,600,FP32-token-IDs
RoBERTa,d0judl,497,115,1336,ĠHow,how,False,worthlessness,-0.004496672323771885,0.004496672323771885,0.22466899454593658,0.37808647751808167,0.35,1,1,600,FP32-token-IDs
RoBERTa,d0judl,497,116,109,Ġdo,do,False,anger,-0.00961922637985221,0.00961922637985221,0.23181675374507904,0.29161426424980164,0.35,1,0,600,FP32-token-IDs
RoBERTa,d0judl,497,116,109,Ġdo,do,False,brain dysfunction (forget),-0.0007935924285058199,0.0007935924285058199,0.1699400395154953,0.11315593868494034,0.35,0,0,600,FP32-token-IDs
RoBERTa,d0judl,497,116,109,Ġdo,do,False,emptiness,-0.003635114133690617,0.003635114133690617,0.09006647765636444,0.1454521119594574,0.35,1,0,600,FP32-token-IDs
RoBERTa,d0judl,497,116,109,Ġdo,do,False,hopelessness,0.00010878559468047959,0.00010878559468047959,0.24530725181102753,0.893997073173523,0.35,1,1,600,FP32-token-IDs
RoBERTa,d0judl,497,116,109,Ġdo,do,False,loneliness,-0.006094583301871483,0.006094583301871483,0.352027028799057,0.9641240239143372,0.35,1,1,600,FP32-token-IDs
RoBERTa,d0judl,497,116,109,Ġdo,do,False,sadness,-0.00011081108823418617,0.00011081108823418617,0.265706866979599,0.9805826544761658,0.35,1,1,600,FP32-token-IDs
RoBERTa,d0judl,497,116,109,Ġdo,do,False,suicide intent,-0.0004362327100742342,0.0004362327100742342,0.059769634157419205,0.02220616675913334,0.35,0,0,600,FP32-token-IDs
RoBERTa,d0judl,497,116,109,Ġdo,do,False,worthlessness,-0.004496672323771885,0.004496672323771885,0.22466899454593658,0.37808647751808167,0.35,1,1,600,FP32-token-IDs
RoBERTa,d0judl,497,117,47,Ġyou,you,False,anger,-0.00961922637985221,0.00961922637985221,0.23181675374507904,0.29161426424980164,0.35,1,0,600,FP32-token-IDs
RoBERTa,d0judl,497,117,47,Ġyou,you,False,brain dysfunction (forget),-0.0007935924285058199,0.0007935924285058199,0.1699400395154953,0.11315593868494034,0.35,0,0,600,FP32-token-IDs
RoBERTa,d0judl,497,117,47,Ġyou,you,False,emptiness,-0.003635114133690617,0.003635114133690617,0.09006647765636444,0.1454521119594574,0.35,1,0,600,FP32-token-IDs
RoBERTa,d0judl,497,117,47,Ġyou,you,False,hopelessness,0.00010878559468047959,0.00010878559468047959,0.24530725181102753,0.893997073173523,0.35,1,1,600,FP32-token-IDs
RoBERTa,d0judl,497,117,47,Ġyou,you,False,loneliness,-0.006094583301871483,0.006094583301871483,0.352027028799057,0.9641240239143372,0.35,1,1,600,FP32-token-IDs
RoBERTa,d0judl,497,117,47,Ġyou,you,False,sadness,-0.00011081108823418617,0.00011081108823418617,0.265706866979599,0.9805826544761658,0.35,1,1,600,FP32-token-IDs
RoBERTa,d0judl,497,117,47,Ġyou,you,False,suicide intent,-0.0004362327100742342,0.0004362327100742342,0.059769634157419205,0.02220616675913334,0.35,0,0,600,FP32-token-IDs
RoBERTa,d0judl,497,117,47,Ġyou,you,False,worthlessness,-0.004496672323771885,0.004496672323771885,0.22466899454593658,0.37808647751808167,0.35,1,1,600,FP32-token-IDs
RoBERTa,d0judl,497,118,120,Ġget,get,False,anger,-0.00961922637985221,0.00961922637985221,0.23181675374507904,0.29161426424980164,0.35,1,0,600,FP32-token-IDs
RoBERTa,d0judl,497,118,120,Ġget,get,False,brain dysfunction (forget),-0.0007935924285058199,0.0007935924285058199,0.1699400395154953,0.11315593868494034,0.35,0,0,600,FP32-token-IDs
RoBERTa,d0judl,497,118,120,Ġget,get,False,emptiness,-0.003635114133690617,0.003635114133690617,0.09006647765636444,0.1454521119594574,0.35,1,0,600,FP32-token-IDs
RoBERTa,d0judl,497,118,120,Ġget,get,False,hopelessness,0.00010878559468047959,0.00010878559468047959,0.24530725181102753,0.893997073173523,0.35,1,1,600,FP32-token-IDs
RoBERTa,d0judl,497,118,120,Ġget,get,False,loneliness,-0.006094583301871483,0.006094583301871483,0.352027028799057,0.9641240239143372,0.35,1,1,600,FP32-token-IDs
RoBERTa,d0judl,497,118,120,Ġget,get,False,sadness,-0.00011081108823418617,0.00011081108823418617,0.265706866979599,0.9805826544761658,0.35,1,1,600,FP32-token-IDs
RoBERTa,d0judl,497,118,120,Ġget,get,False,suicide intent,-0.0004362327100742342,0.0004362327100742342,0.059769634157419205,0.02220616675913334,0.35,0,0,600,FP32-token-IDs
RoBERTa,d0judl,497,118,120,Ġget,get,False,worthlessness,-0.004496672323771885,0.004496672323771885,0.22466899454593658,0.37808647751808167,0.35,1,1,600,FP32-token-IDs
RoBERTa,d0judl,497,119,375,Ġpast,past,False,anger,-0.011615989896069679,0.011615989896069679,0.23181675374507904,0.29161426424980164,0.35,1,0,600,FP32-token-IDs
RoBERTa,d0judl,497,119,375,Ġpast,past,False,brain dysfunction (forget),-0.0012801708473402652,0.0012801708473402652,0.1699400395154953,0.11315593868494034,0.35,0,0,600,FP32-token-IDs
RoBERTa,d0judl,497,119,375,Ġpast,past,False,emptiness,-0.005115341295355133,0.005115341295355133,0.09006647765636444,0.1454521119594574,0.35,1,0,600,FP32-token-IDs
RoBERTa,d0judl,497,119,375,Ġpast,past,False,hopelessness,-0.0037056063523604756,0.0037056063523604756,0.24530725181102753,0.893997073173523,0.35,1,1,600,FP32-token-IDs
RoBERTa,d0judl,497,119,375,Ġpast,past,False,loneliness,-0.012447643803343886,0.012447643803343886,0.352027028799057,0.9641240239143372,0.35,1,1,600,FP32-token-IDs
RoBERTa,d0judl,497,119,375,Ġpast,past,False,sadness,-0.0006115214588741461,0.0006115214588741461,0.265706866979599,0.9805826544761658,0.35,1,1,600,FP32-token-IDs
RoBERTa,d0judl,497,119,375,Ġpast,past,False,suicide intent,-0.0003750686820629718,0.0003750686820629718,0.059769634157419205,0.02220616675913334,0.35,0,0,600,FP32-token-IDs
RoBERTa,d0judl,497,119,375,Ġpast,past,False,worthlessness,-0.007557227719752562,0.007557227719752562,0.22466899454593658,0.37808647751808167,0.35,1,1,600,FP32-token-IDs
RoBERTa,d0judl,497,120,24,Ġit,it,False,anger,-0.011615989896069679,0.011615989896069679,0.23181675374507904,0.29161426424980164,0.35,1,0,600,FP32-token-IDs
RoBERTa,d0judl,497,120,24,Ġit,it,False,brain dysfunction (forget),-0.0012801708473402652,0.0012801708473402652,0.1699400395154953,0.11315593868494034,0.35,0,0,600,FP32-token-IDs
RoBERTa,d0judl,497,120,24,Ġit,it,False,emptiness,-0.005115341295355133,0.005115341295355133,0.09006647765636444,0.1454521119594574,0.35,1,0,600,FP32-token-IDs
RoBERTa,d0judl,497,120,24,Ġit,it,False,hopelessness,-0.0037056063523604756,0.0037056063523604756,0.24530725181102753,0.893997073173523,0.35,1,1,600,FP32-token-IDs
RoBERTa,d0judl,497,120,24,Ġit,it,False,loneliness,-0.012447643803343886,0.012447643803343886,0.352027028799057,0.9641240239143372,0.35,1,1,600,FP32-token-IDs
RoBERTa,d0judl,497,120,24,Ġit,it,False,sadness,-0.0006115214588741461,0.0006115214588741461,0.265706866979599,0.9805826544761658,0.35,1,1,600,FP32-token-IDs
RoBERTa,d0judl,497,120,24,Ġit,it,False,suicide intent,-0.0003750686820629718,0.0003750686820629718,0.059769634157419205,0.02220616675913334,0.35,0,0,600,FP32-token-IDs
RoBERTa,d0judl,497,120,24,Ġit,it,False,worthlessness,-0.007557227719752562,0.007557227719752562,0.22466899454593658,0.37808647751808167,0.35,1,1,600,FP32-token-IDs
RoBERTa,d0judl,497,121,116,?,?,False,anger,-0.010886425318728599,0.010886425318728599,0.23181675374507904,0.29161426424980164,0.35,1,0,600,FP32-token-IDs
RoBERTa,d0judl,497,121,116,?,?,False,brain dysfunction (forget),-0.0012654562125958147,0.0012654562125958147,0.1699400395154953,0.11315593868494034,0.35,0,0,600,FP32-token-IDs
RoBERTa,d0judl,497,121,116,?,?,False,emptiness,-0.004738058562257461,0.004738058562257461,0.09006647765636444,0.1454521119594574,0.35,1,0,600,FP32-token-IDs
RoBERTa,d0judl,497,121,116,?,?,False,hopelessness,-0.005599050804795254,0.005599050804795254,0.24530725181102753,0.893997073173523,0.35,1,1,600,FP32-token-IDs
RoBERTa,d0judl,497,121,116,?,?,False,loneliness,-0.011066233750344032,0.011066233750344032,0.352027028799057,0.9641240239143372,0.35,1,1,600,FP32-token-IDs
RoBERTa,d0judl,497,121,116,?,?,False,sadness,-0.001340226891140143,0.001340226891140143,0.265706866979599,0.9805826544761658,0.35,1,1,600,FP32-token-IDs
RoBERTa,d0judl,497,121,116,?,?,False,suicide intent,-0.0004342108524204897,0.0004342108524204897,0.059769634157419205,0.02220616675913334,0.35,0,0,600,FP32-token-IDs
RoBERTa,d0judl,497,121,116,?,?,False,worthlessness,-0.007850303990943802,0.007850303990943802,0.22466899454593658,0.37808647751808167,0.35,1,1,600,FP32-token-IDs
RoBERTa,d0judl,497,122,38,ĠI,i,False,anger,0.005331672590479932,0.005331672590479932,0.23181675374507904,0.29161426424980164,0.35,1,0,600,FP32-token-IDs
RoBERTa,d0judl,497,122,38,ĠI,i,False,brain dysfunction (forget),-0.0009076905606145208,0.0009076905606145208,0.1699400395154953,0.11315593868494034,0.35,0,0,600,FP32-token-IDs
RoBERTa,d0judl,497,122,38,ĠI,i,False,emptiness,-0.0006189573164605959,0.0006189573164605959,0.09006647765636444,0.1454521119594574,0.35,1,0,600,FP32-token-IDs
RoBERTa,d0judl,497,122,38,ĠI,i,False,hopelessness,0.0033272083806381984,0.0033272083806381984,0.24530725181102753,0.893997073173523,0.35,1,1,600,FP32-token-IDs
RoBERTa,d0judl,497,122,38,ĠI,i,False,loneliness,0.0031720459545877848,0.0031720459545877848,0.352027028799057,0.9641240239143372,0.35,1,1,600,FP32-token-IDs
RoBERTa,d0judl,497,122,38,ĠI,i,False,sadness,0.007830167972398074,0.007830167972398074,0.265706866979599,0.9805826544761658,0.35,1,1,600,FP32-token-IDs
RoBERTa,d0judl,497,122,38,ĠI,i,False,suicide intent,0.0001829490912231532,0.0001829490912231532,0.059769634157419205,0.02220616675913334,0.35,0,0,600,FP32-token-IDs
RoBERTa,d0judl,497,122,38,ĠI,i,False,worthlessness,-0.003630654060874473,0.003630654060874473,0.22466899454593658,0.37808647751808167,0.35,1,1,600,FP32-token-IDs
RoBERTa,d0judl,497,123,437,'m,'m,False,anger,0.005331672590479932,0.005331672590479932,0.23181675374507904,0.29161426424980164,0.35,1,0,600,FP32-token-IDs
RoBERTa,d0judl,497,123,437,'m,'m,False,brain dysfunction (forget),-0.0009076905606145208,0.0009076905606145208,0.1699400395154953,0.11315593868494034,0.35,0,0,600,FP32-token-IDs
RoBERTa,d0judl,497,123,437,'m,'m,False,emptiness,-0.0006189573164605959,0.0006189573164605959,0.09006647765636444,0.1454521119594574,0.35,1,0,600,FP32-token-IDs
RoBERTa,d0judl,497,123,437,'m,'m,False,hopelessness,0.0033272083806381984,0.0033272083806381984,0.24530725181102753,0.893997073173523,0.35,1,1,600,FP32-token-IDs
RoBERTa,d0judl,497,123,437,'m,'m,False,loneliness,0.0031720459545877848,0.0031720459545877848,0.352027028799057,0.9641240239143372,0.35,1,1,600,FP32-token-IDs
RoBERTa,d0judl,497,123,437,'m,'m,False,sadness,0.007830167972398074,0.007830167972398074,0.265706866979599,0.9805826544761658,0.35,1,1,600,FP32-token-IDs
RoBERTa,d0judl,497,123,437,'m,'m,False,suicide intent,0.0001829490912231532,0.0001829490912231532,0.059769634157419205,0.02220616675913334,0.35,0,0,600,FP32-token-IDs
RoBERTa,d0judl,497,123,437,'m,'m,False,worthlessness,-0.003630654060874473,0.003630654060874473,0.22466899454593658,0.37808647751808167,0.35,1,1,600,FP32-token-IDs
RoBERTa,d0judl,497,124,164,Ġgoing,going,False,anger,0.005331672590479932,0.005331672590479932,0.23181675374507904,0.29161426424980164,0.35,1,0,600,FP32-token-IDs
RoBERTa,d0judl,497,124,164,Ġgoing,going,False,brain dysfunction (forget),-0.0009076905606145208,0.0009076905606145208,0.1699400395154953,0.11315593868494034,0.35,0,0,600,FP32-token-IDs
RoBERTa,d0judl,497,124,164,Ġgoing,going,False,emptiness,-0.0006189573164605959,0.0006189573164605959,0.09006647765636444,0.1454521119594574,0.35,1,0,600,FP32-token-IDs
RoBERTa,d0judl,497,124,164,Ġgoing,going,False,hopelessness,0.0033272083806381984,0.0033272083806381984,0.24530725181102753,0.893997073173523,0.35,1,1,600,FP32-token-IDs
RoBERTa,d0judl,497,124,164,Ġgoing,going,False,loneliness,0.0031720459545877848,0.0031720459545877848,0.352027028799057,0.9641240239143372,0.35,1,1,600,FP32-token-IDs
RoBERTa,d0judl,497,124,164,Ġgoing,going,False,sadness,0.007830167972398074,0.007830167972398074,0.265706866979599,0.9805826544761658,0.35,1,1,600,FP32-token-IDs
RoBERTa,d0judl,497,124,164,Ġgoing,going,False,suicide intent,0.0001829490912231532,0.0001829490912231532,0.059769634157419205,0.02220616675913334,0.35,0,0,600,FP32-token-IDs
RoBERTa,d0judl,497,124,164,Ġgoing,going,False,worthlessness,-0.003630654060874473,0.003630654060874473,0.22466899454593658,0.37808647751808167,0.35,1,1,600,FP32-token-IDs
RoBERTa,d0judl,497,125,7,Ġto,to,False,anger,0.005331672590479932,0.005331672590479932,0.23181675374507904,0.29161426424980164,0.35,1,0,600,FP32-token-IDs
RoBERTa,d0judl,497,125,7,Ġto,to,False,brain dysfunction (forget),-0.0009076905606145208,0.0009076905606145208,0.1699400395154953,0.11315593868494034,0.35,0,0,600,FP32-token-IDs
RoBERTa,d0judl,497,125,7,Ġto,to,False,emptiness,-0.0006189573164605959,0.0006189573164605959,0.09006647765636444,0.1454521119594574,0.35,1,0,600,FP32-token-IDs
RoBERTa,d0judl,497,125,7,Ġto,to,False,hopelessness,0.0033272083806381984,0.0033272083806381984,0.24530725181102753,0.893997073173523,0.35,1,1,600,FP32-token-IDs
RoBERTa,d0judl,497,125,7,Ġto,to,False,loneliness,0.0031720459545877848,0.0031720459545877848,0.352027028799057,0.9641240239143372,0.35,1,1,600,FP32-token-IDs
RoBERTa,d0judl,497,125,7,Ġto,to,False,sadness,0.007830167972398074,0.007830167972398074,0.265706866979599,0.9805826544761658,0.35,1,1,600,FP32-token-IDs
RoBERTa,d0judl,497,125,7,Ġto,to,False,suicide intent,0.0001829490912231532,0.0001829490912231532,0.059769634157419205,0.02220616675913334,0.35,0,0,600,FP32-token-IDs
RoBERTa,d0judl,497,125,7,Ġto,to,False,worthlessness,-0.003630654060874473,0.003630654060874473,0.22466899454593658,0.37808647751808167,0.35,1,1,600,FP32-token-IDs
RoBERTa,d0judl,497,126,836,Ġbring,bring,False,anger,0.0058943111171292795,0.0058943111171292795,0.23181675374507904,0.29161426424980164,0.35,1,0,600,FP32-token-IDs
RoBERTa,d0judl,497,126,836,Ġbring,bring,False,brain dysfunction (forget),-0.0008112533386893474,0.0008112533386893474,0.1699400395154953,0.11315593868494034,0.35,0,0,600,FP32-token-IDs
RoBERTa,d0judl,497,126,836,Ġbring,bring,False,emptiness,-0.0013562844092534347,0.0013562844092534347,0.09006647765636444,0.1454521119594574,0.35,1,0,600,FP32-token-IDs
RoBERTa,d0judl,497,126,836,Ġbring,bring,False,hopelessness,-0.0011997755991851355,0.0011997755991851355,0.24530725181102753,0.893997073173523,0.35,1,1,600,FP32-token-IDs
RoBERTa,d0judl,497,126,836,Ġbring,bring,False,loneliness,-0.0010309903066024766,0.0010309903066024766,0.352027028799057,0.9641240239143372,0.35,1,1,600,FP32-token-IDs
RoBERTa,d0judl,497,126,836,Ġbring,bring,False,sadness,0.0037453287196430292,0.0037453287196430292,0.265706866979599,0.9805826544761658,0.35,1,1,600,FP32-token-IDs
RoBERTa,d0judl,497,126,836,Ġbring,bring,False,suicide intent,-0.0004958055116683729,0.0004958055116683729,0.059769634157419205,0.02220616675913334,0.35,0,0,600,FP32-token-IDs
RoBERTa,d0judl,497,126,836,Ġbring,bring,False,worthlessness,-0.0033470434862394615,0.0033470434862394615,0.22466899454593658,0.37808647751808167,0.35,1,1,600,FP32-token-IDs
RoBERTa,d0judl,497,127,24,Ġit,it,False,anger,0.0058943111171292795,0.0058943111171292795,0.23181675374507904,0.29161426424980164,0.35,1,0,600,FP32-token-IDs
RoBERTa,d0judl,497,127,24,Ġit,it,False,brain dysfunction (forget),-0.0008112533386893474,0.0008112533386893474,0.1699400395154953,0.11315593868494034,0.35,0,0,600,FP32-token-IDs
RoBERTa,d0judl,497,127,24,Ġit,it,False,emptiness,-0.0013562844092534347,0.0013562844092534347,0.09006647765636444,0.1454521119594574,0.35,1,0,600,FP32-token-IDs
RoBERTa,d0judl,497,127,24,Ġit,it,False,hopelessness,-0.0011997755991851355,0.0011997755991851355,0.24530725181102753,0.893997073173523,0.35,1,1,600,FP32-token-IDs
RoBERTa,d0judl,497,127,24,Ġit,it,False,loneliness,-0.0010309903066024766,0.0010309903066024766,0.352027028799057,0.9641240239143372,0.35,1,1,600,FP32-token-IDs
RoBERTa,d0judl,497,127,24,Ġit,it,False,sadness,0.0037453287196430292,0.0037453287196430292,0.265706866979599,0.9805826544761658,0.35,1,1,600,FP32-token-IDs
RoBERTa,d0judl,497,127,24,Ġit,it,False,suicide intent,-0.0004958055116683729,0.0004958055116683729,0.059769634157419205,0.02220616675913334,0.35,0,0,600,FP32-token-IDs
RoBERTa,d0judl,497,127,24,Ġit,it,False,worthlessness,-0.0033470434862394615,0.0033470434862394615,0.22466899454593658,0.37808647751808167,0.35,1,1,600,FP32-token-IDs
RoBERTa,d0judl,497,128,62,Ġup,up,False,anger,0.0058943111171292795,0.0058943111171292795,0.23181675374507904,0.29161426424980164,0.35,1,0,600,FP32-token-IDs
RoBERTa,d0judl,497,128,62,Ġup,up,False,brain dysfunction (forget),-0.0008112533386893474,0.0008112533386893474,0.1699400395154953,0.11315593868494034,0.35,0,0,600,FP32-token-IDs
RoBERTa,d0judl,497,128,62,Ġup,up,False,emptiness,-0.0013562844092534347,0.0013562844092534347,0.09006647765636444,0.1454521119594574,0.35,1,0,600,FP32-token-IDs
RoBERTa,d0judl,497,128,62,Ġup,up,False,hopelessness,-0.0011997755991851355,0.0011997755991851355,0.24530725181102753,0.893997073173523,0.35,1,1,600,FP32-token-IDs
RoBERTa,d0judl,497,128,62,Ġup,up,False,loneliness,-0.0010309903066024766,0.0010309903066024766,0.352027028799057,0.9641240239143372,0.35,1,1,600,FP32-token-IDs
RoBERTa,d0judl,497,128,62,Ġup,up,False,sadness,0.0037453287196430292,0.0037453287196430292,0.265706866979599,0.9805826544761658,0.35,1,1,600,FP32-token-IDs
RoBERTa,d0judl,497,128,62,Ġup,up,False,suicide intent,-0.0004958055116683729,0.0004958055116683729,0.059769634157419205,0.02220616675913334,0.35,0,0,600,FP32-token-IDs
RoBERTa,d0judl,497,128,62,Ġup,up,False,worthlessness,-0.0033470434862394615,0.0033470434862394615,0.22466899454593658,0.37808647751808167,0.35,1,1,600,FP32-token-IDs
RoBERTa,d0judl,497,129,7,Ġto,to,False,anger,0.0058943111171292795,0.0058943111171292795,0.23181675374507904,0.29161426424980164,0.35,1,0,600,FP32-token-IDs
RoBERTa,d0judl,497,129,7,Ġto,to,False,brain dysfunction (forget),-0.0008112533386893474,0.0008112533386893474,0.1699400395154953,0.11315593868494034,0.35,0,0,600,FP32-token-IDs
RoBERTa,d0judl,497,129,7,Ġto,to,False,emptiness,-0.0013562844092534347,0.0013562844092534347,0.09006647765636444,0.1454521119594574,0.35,1,0,600,FP32-token-IDs
RoBERTa,d0judl,497,129,7,Ġto,to,False,hopelessness,-0.0011997755991851355,0.0011997755991851355,0.24530725181102753,0.893997073173523,0.35,1,1,600,FP32-token-IDs
RoBERTa,d0judl,497,129,7,Ġto,to,False,loneliness,-0.0010309903066024766,0.0010309903066024766,0.352027028799057,0.9641240239143372,0.35,1,1,600,FP32-token-IDs
RoBERTa,d0judl,497,129,7,Ġto,to,False,sadness,0.0037453287196430292,0.0037453287196430292,0.265706866979599,0.9805826544761658,0.35,1,1,600,FP32-token-IDs
RoBERTa,d0judl,497,129,7,Ġto,to,False,suicide intent,-0.0004958055116683729,0.0004958055116683729,0.059769634157419205,0.02220616675913334,0.35,0,0,600,FP32-token-IDs
RoBERTa,d0judl,497,129,7,Ġto,to,False,worthlessness,-0.0033470434862394615,0.0033470434862394615,0.22466899454593658,0.37808647751808167,0.35,1,1,600,FP32-token-IDs
RoBERTa,d0judl,497,130,127,Ġmy,my,False,anger,0.00589431111712928,0.00589431111712928,0.23181675374507904,0.29161426424980164,0.35,1,0,600,FP32-token-IDs
RoBERTa,d0judl,497,130,127,Ġmy,my,False,brain dysfunction (forget),-0.0008112533386893475,0.0008112533386893475,0.1699400395154953,0.11315593868494034,0.35,0,0,600,FP32-token-IDs
RoBERTa,d0judl,497,130,127,Ġmy,my,False,emptiness,-0.0013562844092534344,0.0013562844092534344,0.09006647765636444,0.1454521119594574,0.35,1,0,600,FP32-token-IDs
RoBERTa,d0judl,497,130,127,Ġmy,my,False,hopelessness,-0.0011997755991851355,0.0011997755991851355,0.24530725181102753,0.893997073173523,0.35,1,1,600,FP32-token-IDs
RoBERTa,d0judl,497,130,127,Ġmy,my,False,loneliness,-0.0010309903066024766,0.0010309903066024766,0.352027028799057,0.9641240239143372,0.35,1,1,600,FP32-token-IDs
RoBERTa,d0judl,497,130,127,Ġmy,my,False,sadness,0.003745328719643029,0.003745328719643029,0.265706866979599,0.9805826544761658,0.35,1,1,600,FP32-token-IDs
RoBERTa,d0judl,497,130,127,Ġmy,my,False,suicide intent,-0.0004958055116683729,0.0004958055116683729,0.059769634157419205,0.02220616675913334,0.35,0,0,600,FP32-token-IDs
RoBERTa,d0judl,497,130,127,Ġmy,my,False,worthlessness,-0.003347043486239461,0.003347043486239461,0.22466899454593658,0.37808647751808167,0.35,1,1,600,FP32-token-IDs
RoBERTa,d0judl,497,131,18931,Ġtherapist,therapist,False,anger,0.00589431111712928,0.00589431111712928,0.23181675374507904,0.29161426424980164,0.35,1,0,600,FP32-token-IDs
RoBERTa,d0judl,497,131,18931,Ġtherapist,therapist,False,brain dysfunction (forget),-0.0008112533386893475,0.0008112533386893475,0.1699400395154953,0.11315593868494034,0.35,0,0,600,FP32-token-IDs
RoBERTa,d0judl,497,131,18931,Ġtherapist,therapist,False,emptiness,-0.0013562844092534344,0.0013562844092534344,0.09006647765636444,0.1454521119594574,0.35,1,0,600,FP32-token-IDs
RoBERTa,d0judl,497,131,18931,Ġtherapist,therapist,False,hopelessness,-0.0011997755991851355,0.0011997755991851355,0.24530725181102753,0.893997073173523,0.35,1,1,600,FP32-token-IDs
RoBERTa,d0judl,497,131,18931,Ġtherapist,therapist,False,loneliness,-0.0010309903066024766,0.0010309903066024766,0.352027028799057,0.9641240239143372,0.35,1,1,600,FP32-token-IDs
RoBERTa,d0judl,497,131,18931,Ġtherapist,therapist,False,sadness,0.003745328719643029,0.003745328719643029,0.265706866979599,0.9805826544761658,0.35,1,1,600,FP32-token-IDs
RoBERTa,d0judl,497,131,18931,Ġtherapist,therapist,False,suicide intent,-0.0004958055116683729,0.0004958055116683729,0.059769634157419205,0.02220616675913334,0.35,0,0,600,FP32-token-IDs
RoBERTa,d0judl,497,131,18931,Ġtherapist,therapist,False,worthlessness,-0.003347043486239461,0.003347043486239461,0.22466899454593658,0.37808647751808167,0.35,1,1,600,FP32-token-IDs
RoBERTa,d0judl,497,132,53,Ġbut,but,False,anger,0.00589431111712928,0.00589431111712928,0.23181675374507904,0.29161426424980164,0.35,1,0,600,FP32-token-IDs
RoBERTa,d0judl,497,132,53,Ġbut,but,False,brain dysfunction (forget),-0.0008112533386893475,0.0008112533386893475,0.1699400395154953,0.11315593868494034,0.35,0,0,600,FP32-token-IDs
RoBERTa,d0judl,497,132,53,Ġbut,but,False,emptiness,-0.0013562844092534344,0.0013562844092534344,0.09006647765636444,0.1454521119594574,0.35,1,0,600,FP32-token-IDs
RoBERTa,d0judl,497,132,53,Ġbut,but,False,hopelessness,-0.0011997755991851355,0.0011997755991851355,0.24530725181102753,0.893997073173523,0.35,1,1,600,FP32-token-IDs
RoBERTa,d0judl,497,132,53,Ġbut,but,False,loneliness,-0.0010309903066024766,0.0010309903066024766,0.352027028799057,0.9641240239143372,0.35,1,1,600,FP32-token-IDs
RoBERTa,d0judl,497,132,53,Ġbut,but,False,sadness,0.003745328719643029,0.003745328719643029,0.265706866979599,0.9805826544761658,0.35,1,1,600,FP32-token-IDs
RoBERTa,d0judl,497,132,53,Ġbut,but,False,suicide intent,-0.0004958055116683729,0.0004958055116683729,0.059769634157419205,0.02220616675913334,0.35,0,0,600,FP32-token-IDs
RoBERTa,d0judl,497,132,53,Ġbut,but,False,worthlessness,-0.003347043486239461,0.003347043486239461,0.22466899454593658,0.37808647751808167,0.35,1,1,600,FP32-token-IDs
RoBERTa,d0judl,497,133,21,Ġwas,was,False,anger,-0.0035387818061280996,0.0035387818061280996,0.23181675374507904,0.29161426424980164,0.35,1,0,600,FP32-token-IDs
RoBERTa,d0judl,497,133,21,Ġwas,was,False,brain dysfunction (forget),-0.001220585108967498,0.001220585108967498,0.1699400395154953,0.11315593868494034,0.35,0,0,600,FP32-token-IDs
RoBERTa,d0judl,497,133,21,Ġwas,was,False,emptiness,-0.004456311056856066,0.004456311056856066,0.09006647765636444,0.1454521119594574,0.35,1,0,600,FP32-token-IDs
RoBERTa,d0judl,497,133,21,Ġwas,was,False,hopelessness,-0.019075709104072303,0.019075709104072303,0.24530725181102753,0.893997073173523,0.35,1,1,600,FP32-token-IDs
RoBERTa,d0judl,497,133,21,Ġwas,was,False,loneliness,0.003494145203148946,0.003494145203148946,0.352027028799057,0.9641240239143372,0.35,1,1,600,FP32-token-IDs
RoBERTa,d0judl,497,133,21,Ġwas,was,False,sadness,-0.005655521992594004,0.005655521992594004,0.265706866979599,0.9805826544761658,0.35,1,1,600,FP32-token-IDs
RoBERTa,d0judl,497,133,21,Ġwas,was,False,suicide intent,-0.0009803415377973579,0.0009803415377973579,0.059769634157419205,0.02220616675913334,0.35,0,0,600,FP32-token-IDs
RoBERTa,d0judl,497,133,21,Ġwas,was,False,worthlessness,-0.023771567968651652,0.023771567968651652,0.22466899454593658,0.37808647751808167,0.35,1,1,600,FP32-token-IDs
RoBERTa,d0judl,497,134,10691,Ġcurious,curious,False,anger,-0.0035387818061280996,0.0035387818061280996,0.23181675374507904,0.29161426424980164,0.35,1,0,600,FP32-token-IDs
RoBERTa,d0judl,497,134,10691,Ġcurious,curious,False,brain dysfunction (forget),-0.001220585108967498,0.001220585108967498,0.1699400395154953,0.11315593868494034,0.35,0,0,600,FP32-token-IDs
RoBERTa,d0judl,497,134,10691,Ġcurious,curious,False,emptiness,-0.004456311056856066,0.004456311056856066,0.09006647765636444,0.1454521119594574,0.35,1,0,600,FP32-token-IDs
RoBERTa,d0judl,497,134,10691,Ġcurious,curious,False,hopelessness,-0.019075709104072303,0.019075709104072303,0.24530725181102753,0.893997073173523,0.35,1,1,600,FP32-token-IDs
RoBERTa,d0judl,497,134,10691,Ġcurious,curious,False,loneliness,0.003494145203148946,0.003494145203148946,0.352027028799057,0.9641240239143372,0.35,1,1,600,FP32-token-IDs
RoBERTa,d0judl,497,134,10691,Ġcurious,curious,False,sadness,-0.005655521992594004,0.005655521992594004,0.265706866979599,0.9805826544761658,0.35,1,1,600,FP32-token-IDs
RoBERTa,d0judl,497,134,10691,Ġcurious,curious,False,suicide intent,-0.0009803415377973579,0.0009803415377973579,0.059769634157419205,0.02220616675913334,0.35,0,0,600,FP32-token-IDs
RoBERTa,d0judl,497,134,10691,Ġcurious,curious,False,worthlessness,-0.023771567968651652,0.023771567968651652,0.22466899454593658,0.37808647751808167,0.35,1,1,600,FP32-token-IDs
RoBERTa,d0judl,497,135,114,Ġif,if,False,anger,-0.0035387818061280996,0.0035387818061280996,0.23181675374507904,0.29161426424980164,0.35,1,0,600,FP32-token-IDs
RoBERTa,d0judl,497,135,114,Ġif,if,False,brain dysfunction (forget),-0.001220585108967498,0.001220585108967498,0.1699400395154953,0.11315593868494034,0.35,0,0,600,FP32-token-IDs
RoBERTa,d0judl,497,135,114,Ġif,if,False,emptiness,-0.004456311056856066,0.004456311056856066,0.09006647765636444,0.1454521119594574,0.35,1,0,600,FP32-token-IDs
RoBERTa,d0judl,497,135,114,Ġif,if,False,hopelessness,-0.019075709104072303,0.019075709104072303,0.24530725181102753,0.893997073173523,0.35,1,1,600,FP32-token-IDs
RoBERTa,d0judl,497,135,114,Ġif,if,False,loneliness,0.003494145203148946,0.003494145203148946,0.352027028799057,0.9641240239143372,0.35,1,1,600,FP32-token-IDs
RoBERTa,d0judl,497,135,114,Ġif,if,False,sadness,-0.005655521992594004,0.005655521992594004,0.265706866979599,0.9805826544761658,0.35,1,1,600,FP32-token-IDs
RoBERTa,d0judl,497,135,114,Ġif,if,False,suicide intent,-0.0009803415377973579,0.0009803415377973579,0.059769634157419205,0.02220616675913334,0.35,0,0,600,FP32-token-IDs
RoBERTa,d0judl,497,135,114,Ġif,if,False,worthlessness,-0.023771567968651652,0.023771567968651652,0.22466899454593658,0.37808647751808167,0.35,1,1,600,FP32-token-IDs
RoBERTa,d0judl,497,136,643,Ġothers,others,False,anger,-0.0035387818061280996,0.0035387818061280996,0.23181675374507904,0.29161426424980164,0.35,1,0,600,FP32-token-IDs
RoBERTa,d0judl,497,136,643,Ġothers,others,False,brain dysfunction (forget),-0.001220585108967498,0.001220585108967498,0.1699400395154953,0.11315593868494034,0.35,0,0,600,FP32-token-IDs
RoBERTa,d0judl,497,136,643,Ġothers,others,False,emptiness,-0.004456311056856066,0.004456311056856066,0.09006647765636444,0.1454521119594574,0.35,1,0,600,FP32-token-IDs
RoBERTa,d0judl,497,136,643,Ġothers,others,False,hopelessness,-0.019075709104072303,0.019075709104072303,0.24530725181102753,0.893997073173523,0.35,1,1,600,FP32-token-IDs
RoBERTa,d0judl,497,136,643,Ġothers,others,False,loneliness,0.003494145203148946,0.003494145203148946,0.352027028799057,0.9641240239143372,0.35,1,1,600,FP32-token-IDs
RoBERTa,d0judl,497,136,643,Ġothers,others,False,sadness,-0.005655521992594004,0.005655521992594004,0.265706866979599,0.9805826544761658,0.35,1,1,600,FP32-token-IDs
RoBERTa,d0judl,497,136,643,Ġothers,others,False,suicide intent,-0.0009803415377973579,0.0009803415377973579,0.059769634157419205,0.02220616675913334,0.35,0,0,600,FP32-token-IDs
RoBERTa,d0judl,497,136,643,Ġothers,others,False,worthlessness,-0.023771567968651652,0.023771567968651652,0.22466899454593658,0.37808647751808167,0.35,1,1,600,FP32-token-IDs
RoBERTa,d0judl,497,137,619,Ġfeel,feel,False,anger,-0.0022503506334032863,0.0022503506334032863,0.23181675374507904,0.29161426424980164,0.35,1,0,600,FP32-token-IDs
RoBERTa,d0judl,497,137,619,Ġfeel,feel,False,brain dysfunction (forget),-0.0009831835341174155,0.0009831835341174155,0.1699400395154953,0.11315593868494034,0.35,0,0,600,FP32-token-IDs
RoBERTa,d0judl,497,137,619,Ġfeel,feel,False,emptiness,-0.000600967148784548,0.000600967148784548,0.09006647765636444,0.1454521119594574,0.35,1,0,600,FP32-token-IDs
RoBERTa,d0judl,497,137,619,Ġfeel,feel,False,hopelessness,-0.01075299148214981,0.01075299148214981,0.24530725181102753,0.893997073173523,0.35,1,1,600,FP32-token-IDs
RoBERTa,d0judl,497,137,619,Ġfeel,feel,False,loneliness,-0.002257148880744353,0.002257148880744353,0.352027028799057,0.9641240239143372,0.35,1,1,600,FP32-token-IDs
RoBERTa,d0judl,497,137,619,Ġfeel,feel,False,sadness,0.0018213638104498386,0.0018213638104498386,0.265706866979599,0.9805826544761658,0.35,1,1,600,FP32-token-IDs
RoBERTa,d0judl,497,137,619,Ġfeel,feel,False,suicide intent,-0.0005848469663760625,0.0005848469663760625,0.059769634157419205,0.02220616675913334,0.35,0,0,600,FP32-token-IDs
RoBERTa,d0judl,497,137,619,Ġfeel,feel,False,worthlessness,-0.008569163153879344,0.008569163153879344,0.22466899454593658,0.37808647751808167,0.35,1,1,600,FP32-token-IDs
RoBERTa,d0judl,497,138,42,Ġthis,this,False,anger,-0.0022503506334032863,0.0022503506334032863,0.23181675374507904,0.29161426424980164,0.35,1,0,600,FP32-token-IDs
RoBERTa,d0judl,497,138,42,Ġthis,this,False,brain dysfunction (forget),-0.0009831835341174155,0.0009831835341174155,0.1699400395154953,0.11315593868494034,0.35,0,0,600,FP32-token-IDs
RoBERTa,d0judl,497,138,42,Ġthis,this,False,emptiness,-0.000600967148784548,0.000600967148784548,0.09006647765636444,0.1454521119594574,0.35,1,0,600,FP32-token-IDs
RoBERTa,d0judl,497,138,42,Ġthis,this,False,hopelessness,-0.01075299148214981,0.01075299148214981,0.24530725181102753,0.893997073173523,0.35,1,1,600,FP32-token-IDs
RoBERTa,d0judl,497,138,42,Ġthis,this,False,loneliness,-0.002257148880744353,0.002257148880744353,0.352027028799057,0.9641240239143372,0.35,1,1,600,FP32-token-IDs
RoBERTa,d0judl,497,138,42,Ġthis,this,False,sadness,0.0018213638104498386,0.0018213638104498386,0.265706866979599,0.9805826544761658,0.35,1,1,600,FP32-token-IDs
RoBERTa,d0judl,497,138,42,Ġthis,this,False,suicide intent,-0.0005848469663760625,0.0005848469663760625,0.059769634157419205,0.02220616675913334,0.35,0,0,600,FP32-token-IDs
RoBERTa,d0judl,497,138,42,Ġthis,this,False,worthlessness,-0.008569163153879344,0.008569163153879344,0.22466899454593658,0.37808647751808167,0.35,1,1,600,FP32-token-IDs
RoBERTa,d0judl,497,139,169,Ġway,way,False,anger,-0.0022503506334032863,0.0022503506334032863,0.23181675374507904,0.29161426424980164,0.35,1,0,600,FP32-token-IDs
RoBERTa,d0judl,497,139,169,Ġway,way,False,brain dysfunction (forget),-0.0009831835341174155,0.0009831835341174155,0.1699400395154953,0.11315593868494034,0.35,0,0,600,FP32-token-IDs
RoBERTa,d0judl,497,139,169,Ġway,way,False,emptiness,-0.000600967148784548,0.000600967148784548,0.09006647765636444,0.1454521119594574,0.35,1,0,600,FP32-token-IDs
RoBERTa,d0judl,497,139,169,Ġway,way,False,hopelessness,-0.01075299148214981,0.01075299148214981,0.24530725181102753,0.893997073173523,0.35,1,1,600,FP32-token-IDs
RoBERTa,d0judl,497,139,169,Ġway,way,False,loneliness,-0.002257148880744353,0.002257148880744353,0.352027028799057,0.9641240239143372,0.35,1,1,600,FP32-token-IDs
RoBERTa,d0judl,497,139,169,Ġway,way,False,sadness,0.0018213638104498386,0.0018213638104498386,0.265706866979599,0.9805826544761658,0.35,1,1,600,FP32-token-IDs
RoBERTa,d0judl,497,139,169,Ġway,way,False,suicide intent,-0.0005848469663760625,0.0005848469663760625,0.059769634157419205,0.02220616675913334,0.35,0,0,600,FP32-token-IDs
RoBERTa,d0judl,497,139,169,Ġway,way,False,worthlessness,-0.008569163153879344,0.008569163153879344,0.22466899454593658,0.37808647751808167,0.35,1,1,600,FP32-token-IDs
RoBERTa,d0judl,497,140,4,.,.,False,anger,-0.0022503506334032863,0.0022503506334032863,0.23181675374507904,0.29161426424980164,0.35,1,0,600,FP32-token-IDs
RoBERTa,d0judl,497,140,4,.,.,False,brain dysfunction (forget),-0.0009831835341174155,0.0009831835341174155,0.1699400395154953,0.11315593868494034,0.35,0,0,600,FP32-token-IDs
RoBERTa,d0judl,497,140,4,.,.,False,emptiness,-0.000600967148784548,0.000600967148784548,0.09006647765636444,0.1454521119594574,0.35,1,0,600,FP32-token-IDs
RoBERTa,d0judl,497,140,4,.,.,False,hopelessness,-0.01075299148214981,0.01075299148214981,0.24530725181102753,0.893997073173523,0.35,1,1,600,FP32-token-IDs
RoBERTa,d0judl,497,140,4,.,.,False,loneliness,-0.002257148880744353,0.002257148880744353,0.352027028799057,0.9641240239143372,0.35,1,1,600,FP32-token-IDs
RoBERTa,d0judl,497,140,4,.,.,False,sadness,0.0018213638104498386,0.0018213638104498386,0.265706866979599,0.9805826544761658,0.35,1,1,600,FP32-token-IDs
RoBERTa,d0judl,497,140,4,.,.,False,suicide intent,-0.0005848469663760625,0.0005848469663760625,0.059769634157419205,0.02220616675913334,0.35,0,0,600,FP32-token-IDs
RoBERTa,d0judl,497,140,4,.,.,False,worthlessness,-0.008569163153879344,0.008569163153879344,0.22466899454593658,0.37808647751808167,0.35,1,1,600,FP32-token-IDs
RoBERTa,d0judl,497,141,2,</s>,,True,anger,-3.6135315895080566e-07,3.6135315895080566e-07,0.23181675374507904,0.29161426424980164,0.35,1,0,600,FP32-token-IDs
RoBERTa,d0judl,497,141,2,</s>,,True,brain dysfunction (forget),1.3969838619232178e-08,1.3969838619232178e-08,0.1699400395154953,0.11315593868494034,0.35,0,0,600,FP32-token-IDs
RoBERTa,d0judl,497,141,2,</s>,,True,emptiness,2.9848888516426086e-07,2.9848888516426086e-07,0.09006647765636444,0.1454521119594574,0.35,1,0,600,FP32-token-IDs
RoBERTa,d0judl,497,141,2,</s>,,True,hopelessness,-1.210719347000122e-08,1.210719347000122e-08,0.24530725181102753,0.893997073173523,0.35,1,1,600,FP32-token-IDs
RoBERTa,d0judl,497,141,2,</s>,,True,loneliness,1.2060627341270447e-07,1.2060627341270447e-07,0.352027028799057,0.9641240239143372,0.35,1,1,600,FP32-token-IDs
RoBERTa,d0judl,497,141,2,</s>,,True,sadness,1.1175870895385742e-07,1.1175870895385742e-07,0.265706866979599,0.9805826544761658,0.35,1,1,600,FP32-token-IDs
RoBERTa,d0judl,497,141,2,</s>,,True,suicide intent,3.993045538663864e-08,3.993045538663864e-08,0.059769634157419205,0.02220616675913334,0.35,0,0,600,FP32-token-IDs
RoBERTa,d0judl,497,141,2,</s>,,True,worthlessness,-4.470348358154297e-08,4.470348358154297e-08,0.22466899454593658,0.37808647751808167,0.35,1,1,600,FP32-token-IDs
