Model,Sample_ID,Test_Index,Token_Index,Token_ID,Raw_Token,Token,Is_Special_Token,Emotion,SHAP_Value,Abs_SHAP,Base_Value,Model_Probability,Threshold,True_Label,Predicted_Label,SHAP_Max_Evals,XAI_Inference
RoBERTa,lghad1,525,0,0,<s>,,True,anger,-0.016318011702969672,0.016318011702969672,0.3152667284011841,0.8488504886627197,0.35,1,1,797,FP32-token-IDs
RoBERTa,lghad1,525,0,0,<s>,,True,brain dysfunction (forget),0.002954269537613505,0.002954269537613505,0.17854474484920502,0.586258053779602,0.35,0,1,797,FP32-token-IDs
RoBERTa,lghad1,525,0,0,<s>,,True,emptiness,-0.001122427672990376,0.001122427672990376,0.1224183663725853,0.13897325098514557,0.35,0,0,797,FP32-token-IDs
RoBERTa,lghad1,525,0,0,<s>,,True,hopelessness,-0.01346539156511426,0.01346539156511426,0.2907838523387909,0.6040868759155273,0.35,1,1,797,FP32-token-IDs
RoBERTa,lghad1,525,0,0,<s>,,True,loneliness,-0.0016182136389293843,0.0016182136389293843,0.30062830448150635,0.9012202024459839,0.35,1,1,797,FP32-token-IDs
RoBERTa,lghad1,525,0,0,<s>,,True,sadness,-0.014089765852051123,0.014089765852051123,0.3040405511856079,0.4563634395599365,0.35,0,1,797,FP32-token-IDs
RoBERTa,lghad1,525,0,0,<s>,,True,suicide intent,-0.0005735810030490115,0.0005735810030490115,0.08356937021017075,0.008036630228161812,0.35,0,0,797,FP32-token-IDs
RoBERTa,lghad1,525,0,0,<s>,,True,worthlessness,-0.012957542108017063,0.012957542108017063,0.23034417629241943,0.3397594094276428,0.35,0,0,797,FP32-token-IDs
RoBERTa,lghad1,525,1,448,M,m,False,anger,-0.016318011702969672,0.016318011702969672,0.3152667284011841,0.8488504886627197,0.35,1,1,797,FP32-token-IDs
RoBERTa,lghad1,525,1,448,M,m,False,brain dysfunction (forget),0.002954269537613505,0.002954269537613505,0.17854474484920502,0.586258053779602,0.35,0,1,797,FP32-token-IDs
RoBERTa,lghad1,525,1,448,M,m,False,emptiness,-0.001122427672990376,0.001122427672990376,0.1224183663725853,0.13897325098514557,0.35,0,0,797,FP32-token-IDs
RoBERTa,lghad1,525,1,448,M,m,False,hopelessness,-0.01346539156511426,0.01346539156511426,0.2907838523387909,0.6040868759155273,0.35,1,1,797,FP32-token-IDs
RoBERTa,lghad1,525,1,448,M,m,False,loneliness,-0.0016182136389293843,0.0016182136389293843,0.30062830448150635,0.9012202024459839,0.35,1,1,797,FP32-token-IDs
RoBERTa,lghad1,525,1,448,M,m,False,sadness,-0.014089765852051123,0.014089765852051123,0.3040405511856079,0.4563634395599365,0.35,0,1,797,FP32-token-IDs
RoBERTa,lghad1,525,1,448,M,m,False,suicide intent,-0.0005735810030490115,0.0005735810030490115,0.08356937021017075,0.008036630228161812,0.35,0,0,797,FP32-token-IDs
RoBERTa,lghad1,525,1,448,M,m,False,worthlessness,-0.012957542108017063,0.012957542108017063,0.23034417629241943,0.3397594094276428,0.35,0,0,797,FP32-token-IDs
RoBERTa,lghad1,525,2,5715,ood,ood,False,anger,-0.016318011702969672,0.016318011702969672,0.3152667284011841,0.8488504886627197,0.35,1,1,797,FP32-token-IDs
RoBERTa,lghad1,525,2,5715,ood,ood,False,brain dysfunction (forget),0.002954269537613505,0.002954269537613505,0.17854474484920502,0.586258053779602,0.35,0,1,797,FP32-token-IDs
RoBERTa,lghad1,525,2,5715,ood,ood,False,emptiness,-0.001122427672990376,0.001122427672990376,0.1224183663725853,0.13897325098514557,0.35,0,0,797,FP32-token-IDs
RoBERTa,lghad1,525,2,5715,ood,ood,False,hopelessness,-0.01346539156511426,0.01346539156511426,0.2907838523387909,0.6040868759155273,0.35,1,1,797,FP32-token-IDs
RoBERTa,lghad1,525,2,5715,ood,ood,False,loneliness,-0.0016182136389293843,0.0016182136389293843,0.30062830448150635,0.9012202024459839,0.35,1,1,797,FP32-token-IDs
RoBERTa,lghad1,525,2,5715,ood,ood,False,sadness,-0.014089765852051123,0.014089765852051123,0.3040405511856079,0.4563634395599365,0.35,0,1,797,FP32-token-IDs
RoBERTa,lghad1,525,2,5715,ood,ood,False,suicide intent,-0.0005735810030490115,0.0005735810030490115,0.08356937021017075,0.008036630228161812,0.35,0,0,797,FP32-token-IDs
RoBERTa,lghad1,525,2,5715,ood,ood,False,worthlessness,-0.012957542108017063,0.012957542108017063,0.23034417629241943,0.3397594094276428,0.35,0,0,797,FP32-token-IDs
RoBERTa,lghad1,525,3,11533,ĠRing,ring,False,anger,-0.012475066414723793,0.012475066414723793,0.3152667284011841,0.8488504886627197,0.35,1,1,797,FP32-token-IDs
RoBERTa,lghad1,525,3,11533,ĠRing,ring,False,brain dysfunction (forget),0.0024255028997902718,0.0024255028997902718,0.17854474484920502,0.586258053779602,0.35,0,1,797,FP32-token-IDs
RoBERTa,lghad1,525,3,11533,ĠRing,ring,False,emptiness,-0.0009256999623695654,0.0009256999623695654,0.1224183663725853,0.13897325098514557,0.35,0,0,797,FP32-token-IDs
RoBERTa,lghad1,525,3,11533,ĠRing,ring,False,hopelessness,-0.010900473509294292,0.010900473509294292,0.2907838523387909,0.6040868759155273,0.35,1,1,797,FP32-token-IDs
RoBERTa,lghad1,525,3,11533,ĠRing,ring,False,loneliness,-0.0011160679110270438,0.0011160679110270438,0.30062830448150635,0.9012202024459839,0.35,1,1,797,FP32-token-IDs
RoBERTa,lghad1,525,3,11533,ĠRing,ring,False,sadness,-0.011331379539998515,0.011331379539998515,0.3040405511856079,0.4563634395599365,0.35,0,1,797,FP32-token-IDs
RoBERTa,lghad1,525,3,11533,ĠRing,ring,False,suicide intent,-0.0005592590650762543,0.0005592590650762543,0.08356937021017075,0.008036630228161812,0.35,0,0,797,FP32-token-IDs
RoBERTa,lghad1,525,3,11533,ĠRing,ring,False,worthlessness,-0.012321698810860869,0.012321698810860869,0.23034417629241943,0.3397594094276428,0.35,0,0,797,FP32-token-IDs
RoBERTa,lghad1,525,4,22560,Ġ###,#,False,anger,-0.012475066414723793,0.012475066414723793,0.3152667284011841,0.8488504886627197,0.35,1,1,797,FP32-token-IDs
RoBERTa,lghad1,525,4,22560,Ġ###,#,False,brain dysfunction (forget),0.0024255028997902718,0.0024255028997902718,0.17854474484920502,0.586258053779602,0.35,0,1,797,FP32-token-IDs
RoBERTa,lghad1,525,4,22560,Ġ###,#,False,emptiness,-0.0009256999623695654,0.0009256999623695654,0.1224183663725853,0.13897325098514557,0.35,0,0,797,FP32-token-IDs
RoBERTa,lghad1,525,4,22560,Ġ###,#,False,hopelessness,-0.010900473509294292,0.010900473509294292,0.2907838523387909,0.6040868759155273,0.35,1,1,797,FP32-token-IDs
RoBERTa,lghad1,525,4,22560,Ġ###,#,False,loneliness,-0.0011160679110270438,0.0011160679110270438,0.30062830448150635,0.9012202024459839,0.35,1,1,797,FP32-token-IDs
RoBERTa,lghad1,525,4,22560,Ġ###,#,False,sadness,-0.011331379539998515,0.011331379539998515,0.3040405511856079,0.4563634395599365,0.35,0,1,797,FP32-token-IDs
RoBERTa,lghad1,525,4,22560,Ġ###,#,False,suicide intent,-0.0005592590650762543,0.0005592590650762543,0.08356937021017075,0.008036630228161812,0.35,0,0,797,FP32-token-IDs
RoBERTa,lghad1,525,4,22560,Ġ###,#,False,worthlessness,-0.012321698810860869,0.012321698810860869,0.23034417629241943,0.3397594094276428,0.35,0,0,797,FP32-token-IDs
RoBERTa,lghad1,525,5,854,ĠY,y,False,anger,-0.012475066414723793,0.012475066414723793,0.3152667284011841,0.8488504886627197,0.35,1,1,797,FP32-token-IDs
RoBERTa,lghad1,525,5,854,ĠY,y,False,brain dysfunction (forget),0.0024255028997902718,0.0024255028997902718,0.17854474484920502,0.586258053779602,0.35,0,1,797,FP32-token-IDs
RoBERTa,lghad1,525,5,854,ĠY,y,False,emptiness,-0.0009256999623695654,0.0009256999623695654,0.1224183663725853,0.13897325098514557,0.35,0,0,797,FP32-token-IDs
RoBERTa,lghad1,525,5,854,ĠY,y,False,hopelessness,-0.010900473509294292,0.010900473509294292,0.2907838523387909,0.6040868759155273,0.35,1,1,797,FP32-token-IDs
RoBERTa,lghad1,525,5,854,ĠY,y,False,loneliness,-0.0011160679110270438,0.0011160679110270438,0.30062830448150635,0.9012202024459839,0.35,1,1,797,FP32-token-IDs
RoBERTa,lghad1,525,5,854,ĠY,y,False,sadness,-0.011331379539998515,0.011331379539998515,0.3040405511856079,0.4563634395599365,0.35,0,1,797,FP32-token-IDs
RoBERTa,lghad1,525,5,854,ĠY,y,False,suicide intent,-0.0005592590650762543,0.0005592590650762543,0.08356937021017075,0.008036630228161812,0.35,0,0,797,FP32-token-IDs
RoBERTa,lghad1,525,5,854,ĠY,y,False,worthlessness,-0.012321698810860869,0.012321698810860869,0.23034417629241943,0.3397594094276428,0.35,0,0,797,FP32-token-IDs
RoBERTa,lghad1,525,6,17,âĢ,âģ,False,anger,-0.012475066414723793,0.012475066414723793,0.3152667284011841,0.8488504886627197,0.35,1,1,797,FP32-token-IDs
RoBERTa,lghad1,525,6,17,âĢ,âģ,False,brain dysfunction (forget),0.0024255028997902718,0.0024255028997902718,0.17854474484920502,0.586258053779602,0.35,0,1,797,FP32-token-IDs
RoBERTa,lghad1,525,6,17,âĢ,âģ,False,emptiness,-0.0009256999623695654,0.0009256999623695654,0.1224183663725853,0.13897325098514557,0.35,0,0,797,FP32-token-IDs
RoBERTa,lghad1,525,6,17,âĢ,âģ,False,hopelessness,-0.010900473509294292,0.010900473509294292,0.2907838523387909,0.6040868759155273,0.35,1,1,797,FP32-token-IDs
RoBERTa,lghad1,525,6,17,âĢ,âģ,False,loneliness,-0.0011160679110270438,0.0011160679110270438,0.30062830448150635,0.9012202024459839,0.35,1,1,797,FP32-token-IDs
RoBERTa,lghad1,525,6,17,âĢ,âģ,False,sadness,-0.011331379539998515,0.011331379539998515,0.3040405511856079,0.4563634395599365,0.35,0,1,797,FP32-token-IDs
RoBERTa,lghad1,525,6,17,âĢ,âģ,False,suicide intent,-0.0005592590650762543,0.0005592590650762543,0.08356937021017075,0.008036630228161812,0.35,0,0,797,FP32-token-IDs
RoBERTa,lghad1,525,6,17,âĢ,âģ,False,worthlessness,-0.012321698810860869,0.012321698810860869,0.23034417629241943,0.3397594094276428,0.35,0,0,797,FP32-token-IDs
RoBERTa,lghad1,525,7,27,Ļ,ļ,False,anger,0.005127055595706528,0.005127055595706528,0.3152667284011841,0.8488504886627197,0.35,1,1,797,FP32-token-IDs
RoBERTa,lghad1,525,7,27,Ļ,ļ,False,brain dysfunction (forget),0.006905173252259071,0.006905173252259071,0.17854474484920502,0.586258053779602,0.35,0,1,797,FP32-token-IDs
RoBERTa,lghad1,525,7,27,Ļ,ļ,False,emptiness,-0.0016142527980264275,0.0016142527980264275,0.1224183663725853,0.13897325098514557,0.35,0,0,797,FP32-token-IDs
RoBERTa,lghad1,525,7,27,Ļ,ļ,False,hopelessness,0.005662567102505515,0.005662567102505515,0.2907838523387909,0.6040868759155273,0.35,1,1,797,FP32-token-IDs
RoBERTa,lghad1,525,7,27,Ļ,ļ,False,loneliness,-0.0008946485996906024,0.0008946485996906024,0.30062830448150635,0.9012202024459839,0.35,1,1,797,FP32-token-IDs
RoBERTa,lghad1,525,7,27,Ļ,ļ,False,sadness,0.007317132106982172,0.007317132106982172,0.3040405511856079,0.4563634395599365,0.35,0,1,797,FP32-token-IDs
RoBERTa,lghad1,525,7,27,Ļ,ļ,False,suicide intent,8.715713999360256e-05,8.715713999360256e-05,0.08356937021017075,0.008036630228161812,0.35,0,0,797,FP32-token-IDs
RoBERTa,lghad1,525,7,27,Ļ,ļ,False,worthlessness,-0.0037160367510902384,0.0037160367510902384,0.23034417629241943,0.3397594094276428,0.35,0,0,797,FP32-token-IDs
RoBERTa,lghad1,525,8,1250,all,all,False,anger,0.005127055595706528,0.005127055595706528,0.3152667284011841,0.8488504886627197,0.35,1,1,797,FP32-token-IDs
RoBERTa,lghad1,525,8,1250,all,all,False,brain dysfunction (forget),0.006905173252259071,0.006905173252259071,0.17854474484920502,0.586258053779602,0.35,0,1,797,FP32-token-IDs
RoBERTa,lghad1,525,8,1250,all,all,False,emptiness,-0.0016142527980264275,0.0016142527980264275,0.1224183663725853,0.13897325098514557,0.35,0,0,797,FP32-token-IDs
RoBERTa,lghad1,525,8,1250,all,all,False,hopelessness,0.005662567102505515,0.005662567102505515,0.2907838523387909,0.6040868759155273,0.35,1,1,797,FP32-token-IDs
RoBERTa,lghad1,525,8,1250,all,all,False,loneliness,-0.0008946485996906024,0.0008946485996906024,0.30062830448150635,0.9012202024459839,0.35,1,1,797,FP32-token-IDs
RoBERTa,lghad1,525,8,1250,all,all,False,sadness,0.007317132106982172,0.007317132106982172,0.3040405511856079,0.4563634395599365,0.35,0,1,797,FP32-token-IDs
RoBERTa,lghad1,525,8,1250,all,all,False,suicide intent,8.715713999360256e-05,8.715713999360256e-05,0.08356937021017075,0.008036630228161812,0.35,0,0,797,FP32-token-IDs
RoBERTa,lghad1,525,8,1250,all,all,False,worthlessness,-0.0037160367510902384,0.0037160367510902384,0.23034417629241943,0.3397594094276428,0.35,0,0,797,FP32-token-IDs
RoBERTa,lghad1,525,9,38,ĠI,i,False,anger,0.005127055595706528,0.005127055595706528,0.3152667284011841,0.8488504886627197,0.35,1,1,797,FP32-token-IDs
RoBERTa,lghad1,525,9,38,ĠI,i,False,brain dysfunction (forget),0.006905173252259071,0.006905173252259071,0.17854474484920502,0.586258053779602,0.35,0,1,797,FP32-token-IDs
RoBERTa,lghad1,525,9,38,ĠI,i,False,emptiness,-0.0016142527980264275,0.0016142527980264275,0.1224183663725853,0.13897325098514557,0.35,0,0,797,FP32-token-IDs
RoBERTa,lghad1,525,9,38,ĠI,i,False,hopelessness,0.005662567102505515,0.005662567102505515,0.2907838523387909,0.6040868759155273,0.35,1,1,797,FP32-token-IDs
RoBERTa,lghad1,525,9,38,ĠI,i,False,loneliness,-0.0008946485996906024,0.0008946485996906024,0.30062830448150635,0.9012202024459839,0.35,1,1,797,FP32-token-IDs
RoBERTa,lghad1,525,9,38,ĠI,i,False,sadness,0.007317132106982172,0.007317132106982172,0.3040405511856079,0.4563634395599365,0.35,0,1,797,FP32-token-IDs
RoBERTa,lghad1,525,9,38,ĠI,i,False,suicide intent,8.715713999360256e-05,8.715713999360256e-05,0.08356937021017075,0.008036630228161812,0.35,0,0,797,FP32-token-IDs
RoBERTa,lghad1,525,9,38,ĠI,i,False,worthlessness,-0.0037160367510902384,0.0037160367510902384,0.23034417629241943,0.3397594094276428,0.35,0,0,797,FP32-token-IDs
RoBERTa,lghad1,525,10,206,Ġthink,think,False,anger,0.005127055595706528,0.005127055595706528,0.3152667284011841,0.8488504886627197,0.35,1,1,797,FP32-token-IDs
RoBERTa,lghad1,525,10,206,Ġthink,think,False,brain dysfunction (forget),0.006905173252259071,0.006905173252259071,0.17854474484920502,0.586258053779602,0.35,0,1,797,FP32-token-IDs
RoBERTa,lghad1,525,10,206,Ġthink,think,False,emptiness,-0.0016142527980264275,0.0016142527980264275,0.1224183663725853,0.13897325098514557,0.35,0,0,797,FP32-token-IDs
RoBERTa,lghad1,525,10,206,Ġthink,think,False,hopelessness,0.005662567102505515,0.005662567102505515,0.2907838523387909,0.6040868759155273,0.35,1,1,797,FP32-token-IDs
RoBERTa,lghad1,525,10,206,Ġthink,think,False,loneliness,-0.0008946485996906024,0.0008946485996906024,0.30062830448150635,0.9012202024459839,0.35,1,1,797,FP32-token-IDs
RoBERTa,lghad1,525,10,206,Ġthink,think,False,sadness,0.007317132106982172,0.007317132106982172,0.3040405511856079,0.4563634395599365,0.35,0,1,797,FP32-token-IDs
RoBERTa,lghad1,525,10,206,Ġthink,think,False,suicide intent,8.715713999360256e-05,8.715713999360256e-05,0.08356937021017075,0.008036630228161812,0.35,0,0,797,FP32-token-IDs
RoBERTa,lghad1,525,10,206,Ġthink,think,False,worthlessness,-0.0037160367510902384,0.0037160367510902384,0.23034417629241943,0.3397594094276428,0.35,0,0,797,FP32-token-IDs
RoBERTa,lghad1,525,11,38,ĠI,i,False,anger,0.006253205788865065,0.006253205788865065,0.3152667284011841,0.8488504886627197,0.35,1,1,797,FP32-token-IDs
RoBERTa,lghad1,525,11,38,ĠI,i,False,brain dysfunction (forget),0.006531515226621802,0.006531515226621802,0.17854474484920502,0.586258053779602,0.35,0,1,797,FP32-token-IDs
RoBERTa,lghad1,525,11,38,ĠI,i,False,emptiness,-0.0020295054651796817,0.0020295054651796817,0.1224183663725853,0.13897325098514557,0.35,0,0,797,FP32-token-IDs
RoBERTa,lghad1,525,11,38,ĠI,i,False,hopelessness,0.007957374448111901,0.007957374448111901,0.2907838523387909,0.6040868759155273,0.35,1,1,797,FP32-token-IDs
RoBERTa,lghad1,525,11,38,ĠI,i,False,loneliness,-0.002152313123709367,0.002152313123709367,0.30062830448150635,0.9012202024459839,0.35,1,1,797,FP32-token-IDs
RoBERTa,lghad1,525,11,38,ĠI,i,False,sadness,0.010721926135011018,0.010721926135011018,0.3040405511856079,0.4563634395599365,0.35,0,1,797,FP32-token-IDs
RoBERTa,lghad1,525,11,38,ĠI,i,False,suicide intent,-1.9770434967843667e-05,1.9770434967843667e-05,0.08356937021017075,0.008036630228161812,0.35,0,0,797,FP32-token-IDs
RoBERTa,lghad1,525,11,38,ĠI,i,False,worthlessness,-0.0034205602870012322,0.0034205602870012322,0.23034417629241943,0.3397594094276428,0.35,0,0,797,FP32-token-IDs
RoBERTa,lghad1,525,12,240,Ġneed,need,False,anger,0.006253205788865065,0.006253205788865065,0.3152667284011841,0.8488504886627197,0.35,1,1,797,FP32-token-IDs
RoBERTa,lghad1,525,12,240,Ġneed,need,False,brain dysfunction (forget),0.006531515226621802,0.006531515226621802,0.17854474484920502,0.586258053779602,0.35,0,1,797,FP32-token-IDs
RoBERTa,lghad1,525,12,240,Ġneed,need,False,emptiness,-0.0020295054651796817,0.0020295054651796817,0.1224183663725853,0.13897325098514557,0.35,0,0,797,FP32-token-IDs
RoBERTa,lghad1,525,12,240,Ġneed,need,False,hopelessness,0.007957374448111901,0.007957374448111901,0.2907838523387909,0.6040868759155273,0.35,1,1,797,FP32-token-IDs
RoBERTa,lghad1,525,12,240,Ġneed,need,False,loneliness,-0.002152313123709367,0.002152313123709367,0.30062830448150635,0.9012202024459839,0.35,1,1,797,FP32-token-IDs
RoBERTa,lghad1,525,12,240,Ġneed,need,False,sadness,0.010721926135011018,0.010721926135011018,0.3040405511856079,0.4563634395599365,0.35,0,1,797,FP32-token-IDs
RoBERTa,lghad1,525,12,240,Ġneed,need,False,suicide intent,-1.9770434967843667e-05,1.9770434967843667e-05,0.08356937021017075,0.008036630228161812,0.35,0,0,797,FP32-token-IDs
RoBERTa,lghad1,525,12,240,Ġneed,need,False,worthlessness,-0.0034205602870012322,0.0034205602870012322,0.23034417629241943,0.3397594094276428,0.35,0,0,797,FP32-token-IDs
RoBERTa,lghad1,525,13,7,Ġto,to,False,anger,0.006253205788865065,0.006253205788865065,0.3152667284011841,0.8488504886627197,0.35,1,1,797,FP32-token-IDs
RoBERTa,lghad1,525,13,7,Ġto,to,False,brain dysfunction (forget),0.006531515226621802,0.006531515226621802,0.17854474484920502,0.586258053779602,0.35,0,1,797,FP32-token-IDs
RoBERTa,lghad1,525,13,7,Ġto,to,False,emptiness,-0.0020295054651796817,0.0020295054651796817,0.1224183663725853,0.13897325098514557,0.35,0,0,797,FP32-token-IDs
RoBERTa,lghad1,525,13,7,Ġto,to,False,hopelessness,0.007957374448111901,0.007957374448111901,0.2907838523387909,0.6040868759155273,0.35,1,1,797,FP32-token-IDs
RoBERTa,lghad1,525,13,7,Ġto,to,False,loneliness,-0.002152313123709367,0.002152313123709367,0.30062830448150635,0.9012202024459839,0.35,1,1,797,FP32-token-IDs
RoBERTa,lghad1,525,13,7,Ġto,to,False,sadness,0.010721926135011018,0.010721926135011018,0.3040405511856079,0.4563634395599365,0.35,0,1,797,FP32-token-IDs
RoBERTa,lghad1,525,13,7,Ġto,to,False,suicide intent,-1.9770434967843667e-05,1.9770434967843667e-05,0.08356937021017075,0.008036630228161812,0.35,0,0,797,FP32-token-IDs
RoBERTa,lghad1,525,13,7,Ġto,to,False,worthlessness,-0.0034205602870012322,0.0034205602870012322,0.23034417629241943,0.3397594094276428,0.35,0,0,797,FP32-token-IDs
RoBERTa,lghad1,525,14,120,Ġget,get,False,anger,0.006253205788865065,0.006253205788865065,0.3152667284011841,0.8488504886627197,0.35,1,1,797,FP32-token-IDs
RoBERTa,lghad1,525,14,120,Ġget,get,False,brain dysfunction (forget),0.006531515226621802,0.006531515226621802,0.17854474484920502,0.586258053779602,0.35,0,1,797,FP32-token-IDs
RoBERTa,lghad1,525,14,120,Ġget,get,False,emptiness,-0.0020295054651796817,0.0020295054651796817,0.1224183663725853,0.13897325098514557,0.35,0,0,797,FP32-token-IDs
RoBERTa,lghad1,525,14,120,Ġget,get,False,hopelessness,0.007957374448111901,0.007957374448111901,0.2907838523387909,0.6040868759155273,0.35,1,1,797,FP32-token-IDs
RoBERTa,lghad1,525,14,120,Ġget,get,False,loneliness,-0.002152313123709367,0.002152313123709367,0.30062830448150635,0.9012202024459839,0.35,1,1,797,FP32-token-IDs
RoBERTa,lghad1,525,14,120,Ġget,get,False,sadness,0.010721926135011018,0.010721926135011018,0.3040405511856079,0.4563634395599365,0.35,0,1,797,FP32-token-IDs
RoBERTa,lghad1,525,14,120,Ġget,get,False,suicide intent,-1.9770434967843667e-05,1.9770434967843667e-05,0.08356937021017075,0.008036630228161812,0.35,0,0,797,FP32-token-IDs
RoBERTa,lghad1,525,14,120,Ġget,get,False,worthlessness,-0.0034205602870012322,0.0034205602870012322,0.23034417629241943,0.3397594094276428,0.35,0,0,797,FP32-token-IDs
RoBERTa,lghad1,525,15,10,Ġa,a,False,anger,-0.009030062043310921,0.009030062043310921,0.3152667284011841,0.8488504886627197,0.35,1,1,797,FP32-token-IDs
RoBERTa,lghad1,525,15,10,Ġa,a,False,brain dysfunction (forget),-0.007793757155515821,0.007793757155515821,0.17854474484920502,0.586258053779602,0.35,0,1,797,FP32-token-IDs
RoBERTa,lghad1,525,15,10,Ġa,a,False,emptiness,-0.0032228831359054563,0.0032228831359054563,0.1224183663725853,0.13897325098514557,0.35,0,0,797,FP32-token-IDs
RoBERTa,lghad1,525,15,10,Ġa,a,False,hopelessness,-0.021110926915984058,0.021110926915984058,0.2907838523387909,0.6040868759155273,0.35,1,1,797,FP32-token-IDs
RoBERTa,lghad1,525,15,10,Ġa,a,False,loneliness,0.000399567348043821,0.000399567348043821,0.30062830448150635,0.9012202024459839,0.35,1,1,797,FP32-token-IDs
RoBERTa,lghad1,525,15,10,Ġa,a,False,sadness,-0.01362202424359949,0.01362202424359949,0.3040405511856079,0.4563634395599365,0.35,0,1,797,FP32-token-IDs
RoBERTa,lghad1,525,15,10,Ġa,a,False,suicide intent,-0.0006948632786556949,0.0006948632786556949,0.08356937021017075,0.008036630228161812,0.35,0,0,797,FP32-token-IDs
RoBERTa,lghad1,525,15,10,Ġa,a,False,worthlessness,-0.016077416379968717,0.016077416379968717,0.23034417629241943,0.3397594094276428,0.35,0,0,797,FP32-token-IDs
RoBERTa,lghad1,525,16,6711,Ġmood,mood,False,anger,-0.009030062043310921,0.009030062043310921,0.3152667284011841,0.8488504886627197,0.35,1,1,797,FP32-token-IDs
RoBERTa,lghad1,525,16,6711,Ġmood,mood,False,brain dysfunction (forget),-0.007793757155515821,0.007793757155515821,0.17854474484920502,0.586258053779602,0.35,0,1,797,FP32-token-IDs
RoBERTa,lghad1,525,16,6711,Ġmood,mood,False,emptiness,-0.0032228831359054563,0.0032228831359054563,0.1224183663725853,0.13897325098514557,0.35,0,0,797,FP32-token-IDs
RoBERTa,lghad1,525,16,6711,Ġmood,mood,False,hopelessness,-0.021110926915984058,0.021110926915984058,0.2907838523387909,0.6040868759155273,0.35,1,1,797,FP32-token-IDs
RoBERTa,lghad1,525,16,6711,Ġmood,mood,False,loneliness,0.000399567348043821,0.000399567348043821,0.30062830448150635,0.9012202024459839,0.35,1,1,797,FP32-token-IDs
RoBERTa,lghad1,525,16,6711,Ġmood,mood,False,sadness,-0.01362202424359949,0.01362202424359949,0.3040405511856079,0.4563634395599365,0.35,0,1,797,FP32-token-IDs
RoBERTa,lghad1,525,16,6711,Ġmood,mood,False,suicide intent,-0.0006948632786556949,0.0006948632786556949,0.08356937021017075,0.008036630228161812,0.35,0,0,797,FP32-token-IDs
RoBERTa,lghad1,525,16,6711,Ġmood,mood,False,worthlessness,-0.016077416379968717,0.016077416379968717,0.23034417629241943,0.3397594094276428,0.35,0,0,797,FP32-token-IDs
RoBERTa,lghad1,525,17,3758,Ġring,ring,False,anger,-0.009030062043310921,0.009030062043310921,0.3152667284011841,0.8488504886627197,0.35,1,1,797,FP32-token-IDs
RoBERTa,lghad1,525,17,3758,Ġring,ring,False,brain dysfunction (forget),-0.007793757155515821,0.007793757155515821,0.17854474484920502,0.586258053779602,0.35,0,1,797,FP32-token-IDs
RoBERTa,lghad1,525,17,3758,Ġring,ring,False,emptiness,-0.0032228831359054563,0.0032228831359054563,0.1224183663725853,0.13897325098514557,0.35,0,0,797,FP32-token-IDs
RoBERTa,lghad1,525,17,3758,Ġring,ring,False,hopelessness,-0.021110926915984055,0.021110926915984055,0.2907838523387909,0.6040868759155273,0.35,1,1,797,FP32-token-IDs
RoBERTa,lghad1,525,17,3758,Ġring,ring,False,loneliness,0.000399567348043821,0.000399567348043821,0.30062830448150635,0.9012202024459839,0.35,1,1,797,FP32-token-IDs
RoBERTa,lghad1,525,17,3758,Ġring,ring,False,sadness,-0.01362202424359949,0.01362202424359949,0.3040405511856079,0.4563634395599365,0.35,0,1,797,FP32-token-IDs
RoBERTa,lghad1,525,17,3758,Ġring,ring,False,suicide intent,-0.0006948632786556949,0.0006948632786556949,0.08356937021017075,0.008036630228161812,0.35,0,0,797,FP32-token-IDs
RoBERTa,lghad1,525,17,3758,Ġring,ring,False,worthlessness,-0.016077416379968717,0.016077416379968717,0.23034417629241943,0.3397594094276428,0.35,0,0,797,FP32-token-IDs
RoBERTa,lghad1,525,18,13,Ġfor,for,False,anger,-0.009030062043310921,0.009030062043310921,0.3152667284011841,0.8488504886627197,0.35,1,1,797,FP32-token-IDs
RoBERTa,lghad1,525,18,13,Ġfor,for,False,brain dysfunction (forget),-0.007793757155515821,0.007793757155515821,0.17854474484920502,0.586258053779602,0.35,0,1,797,FP32-token-IDs
RoBERTa,lghad1,525,18,13,Ġfor,for,False,emptiness,-0.0032228831359054563,0.0032228831359054563,0.1224183663725853,0.13897325098514557,0.35,0,0,797,FP32-token-IDs
RoBERTa,lghad1,525,18,13,Ġfor,for,False,hopelessness,-0.021110926915984055,0.021110926915984055,0.2907838523387909,0.6040868759155273,0.35,1,1,797,FP32-token-IDs
RoBERTa,lghad1,525,18,13,Ġfor,for,False,loneliness,0.000399567348043821,0.000399567348043821,0.30062830448150635,0.9012202024459839,0.35,1,1,797,FP32-token-IDs
RoBERTa,lghad1,525,18,13,Ġfor,for,False,sadness,-0.01362202424359949,0.01362202424359949,0.3040405511856079,0.4563634395599365,0.35,0,1,797,FP32-token-IDs
RoBERTa,lghad1,525,18,13,Ġfor,for,False,suicide intent,-0.0006948632786556949,0.0006948632786556949,0.08356937021017075,0.008036630228161812,0.35,0,0,797,FP32-token-IDs
RoBERTa,lghad1,525,18,13,Ġfor,for,False,worthlessness,-0.016077416379968717,0.016077416379968717,0.23034417629241943,0.3397594094276428,0.35,0,0,797,FP32-token-IDs
RoBERTa,lghad1,525,19,127,Ġmy,my,False,anger,-0.009030062043310921,0.009030062043310921,0.3152667284011841,0.8488504886627197,0.35,1,1,797,FP32-token-IDs
RoBERTa,lghad1,525,19,127,Ġmy,my,False,brain dysfunction (forget),-0.007793757155515821,0.007793757155515821,0.17854474484920502,0.586258053779602,0.35,0,1,797,FP32-token-IDs
RoBERTa,lghad1,525,19,127,Ġmy,my,False,emptiness,-0.0032228831359054563,0.0032228831359054563,0.1224183663725853,0.13897325098514557,0.35,0,0,797,FP32-token-IDs
RoBERTa,lghad1,525,19,127,Ġmy,my,False,hopelessness,-0.021110926915984055,0.021110926915984055,0.2907838523387909,0.6040868759155273,0.35,1,1,797,FP32-token-IDs
RoBERTa,lghad1,525,19,127,Ġmy,my,False,loneliness,0.000399567348043821,0.000399567348043821,0.30062830448150635,0.9012202024459839,0.35,1,1,797,FP32-token-IDs
RoBERTa,lghad1,525,19,127,Ġmy,my,False,sadness,-0.01362202424359949,0.01362202424359949,0.3040405511856079,0.4563634395599365,0.35,0,1,797,FP32-token-IDs
RoBERTa,lghad1,525,19,127,Ġmy,my,False,suicide intent,-0.0006948632786556949,0.0006948632786556949,0.08356937021017075,0.008036630228161812,0.35,0,0,797,FP32-token-IDs
RoBERTa,lghad1,525,19,127,Ġmy,my,False,worthlessness,-0.016077416379968717,0.016077416379968717,0.23034417629241943,0.3397594094276428,0.35,0,0,797,FP32-token-IDs
RoBERTa,lghad1,525,20,6756,Ġhub,hub,False,anger,-0.008650827480741159,0.008650827480741159,0.3152667284011841,0.8488504886627197,0.35,1,1,797,FP32-token-IDs
RoBERTa,lghad1,525,20,6756,Ġhub,hub,False,brain dysfunction (forget),-0.0043562556258184915,0.0043562556258184915,0.17854474484920502,0.586258053779602,0.35,0,1,797,FP32-token-IDs
RoBERTa,lghad1,525,20,6756,Ġhub,hub,False,emptiness,-0.0027879312296965764,0.0027879312296965764,0.1224183663725853,0.13897325098514557,0.35,0,0,797,FP32-token-IDs
RoBERTa,lghad1,525,20,6756,Ġhub,hub,False,hopelessness,-0.012075261979456445,0.012075261979456445,0.2907838523387909,0.6040868759155273,0.35,1,1,797,FP32-token-IDs
RoBERTa,lghad1,525,20,6756,Ġhub,hub,False,loneliness,-0.00040843250930829413,0.00040843250930829413,0.30062830448150635,0.9012202024459839,0.35,1,1,797,FP32-token-IDs
RoBERTa,lghad1,525,20,6756,Ġhub,hub,False,sadness,-0.005260354520654992,0.005260354520654992,0.3040405511856079,0.4563634395599365,0.35,0,1,797,FP32-token-IDs
RoBERTa,lghad1,525,20,6756,Ġhub,hub,False,suicide intent,-0.0005683661607658826,0.0005683661607658826,0.08356937021017075,0.008036630228161812,0.35,0,0,797,FP32-token-IDs
RoBERTa,lghad1,525,20,6756,Ġhub,hub,False,worthlessness,-0.011282165320855648,0.011282165320855648,0.23034417629241943,0.3397594094276428,0.35,0,0,797,FP32-token-IDs
RoBERTa,lghad1,525,21,1409,by,by,False,anger,-0.008650827480741159,0.008650827480741159,0.3152667284011841,0.8488504886627197,0.35,1,1,797,FP32-token-IDs
RoBERTa,lghad1,525,21,1409,by,by,False,brain dysfunction (forget),-0.0043562556258184915,0.0043562556258184915,0.17854474484920502,0.586258053779602,0.35,0,1,797,FP32-token-IDs
RoBERTa,lghad1,525,21,1409,by,by,False,emptiness,-0.0027879312296965764,0.0027879312296965764,0.1224183663725853,0.13897325098514557,0.35,0,0,797,FP32-token-IDs
RoBERTa,lghad1,525,21,1409,by,by,False,hopelessness,-0.012075261979456445,0.012075261979456445,0.2907838523387909,0.6040868759155273,0.35,1,1,797,FP32-token-IDs
RoBERTa,lghad1,525,21,1409,by,by,False,loneliness,-0.00040843250930829413,0.00040843250930829413,0.30062830448150635,0.9012202024459839,0.35,1,1,797,FP32-token-IDs
RoBERTa,lghad1,525,21,1409,by,by,False,sadness,-0.005260354520654992,0.005260354520654992,0.3040405511856079,0.4563634395599365,0.35,0,1,797,FP32-token-IDs
RoBERTa,lghad1,525,21,1409,by,by,False,suicide intent,-0.0005683661607658826,0.0005683661607658826,0.08356937021017075,0.008036630228161812,0.35,0,0,797,FP32-token-IDs
RoBERTa,lghad1,525,21,1409,by,by,False,worthlessness,-0.011282165320855648,0.011282165320855648,0.23034417629241943,0.3397594094276428,0.35,0,0,797,FP32-token-IDs
RoBERTa,lghad1,525,22,14,Ġthat,that,False,anger,-0.008650827480741159,0.008650827480741159,0.3152667284011841,0.8488504886627197,0.35,1,1,797,FP32-token-IDs
RoBERTa,lghad1,525,22,14,Ġthat,that,False,brain dysfunction (forget),-0.0043562556258184915,0.0043562556258184915,0.17854474484920502,0.586258053779602,0.35,0,1,797,FP32-token-IDs
RoBERTa,lghad1,525,22,14,Ġthat,that,False,emptiness,-0.0027879312296965764,0.0027879312296965764,0.1224183663725853,0.13897325098514557,0.35,0,0,797,FP32-token-IDs
RoBERTa,lghad1,525,22,14,Ġthat,that,False,hopelessness,-0.012075261979456445,0.012075261979456445,0.2907838523387909,0.6040868759155273,0.35,1,1,797,FP32-token-IDs
RoBERTa,lghad1,525,22,14,Ġthat,that,False,loneliness,-0.00040843250930829413,0.00040843250930829413,0.30062830448150635,0.9012202024459839,0.35,1,1,797,FP32-token-IDs
RoBERTa,lghad1,525,22,14,Ġthat,that,False,sadness,-0.005260354520654992,0.005260354520654992,0.3040405511856079,0.4563634395599365,0.35,0,1,797,FP32-token-IDs
RoBERTa,lghad1,525,22,14,Ġthat,that,False,suicide intent,-0.0005683661607658826,0.0005683661607658826,0.08356937021017075,0.008036630228161812,0.35,0,0,797,FP32-token-IDs
RoBERTa,lghad1,525,22,14,Ġthat,that,False,worthlessness,-0.011282165320855648,0.011282165320855648,0.23034417629241943,0.3397594094276428,0.35,0,0,797,FP32-token-IDs
RoBERTa,lghad1,525,23,169,Ġway,way,False,anger,-0.008650827480741159,0.008650827480741159,0.3152667284011841,0.8488504886627197,0.35,1,1,797,FP32-token-IDs
RoBERTa,lghad1,525,23,169,Ġway,way,False,brain dysfunction (forget),-0.0043562556258184915,0.0043562556258184915,0.17854474484920502,0.586258053779602,0.35,0,1,797,FP32-token-IDs
RoBERTa,lghad1,525,23,169,Ġway,way,False,emptiness,-0.0027879312296965764,0.0027879312296965764,0.1224183663725853,0.13897325098514557,0.35,0,0,797,FP32-token-IDs
RoBERTa,lghad1,525,23,169,Ġway,way,False,hopelessness,-0.012075261979456445,0.012075261979456445,0.2907838523387909,0.6040868759155273,0.35,1,1,797,FP32-token-IDs
RoBERTa,lghad1,525,23,169,Ġway,way,False,loneliness,-0.00040843250930829413,0.00040843250930829413,0.30062830448150635,0.9012202024459839,0.35,1,1,797,FP32-token-IDs
RoBERTa,lghad1,525,23,169,Ġway,way,False,sadness,-0.005260354520654992,0.005260354520654992,0.3040405511856079,0.4563634395599365,0.35,0,1,797,FP32-token-IDs
RoBERTa,lghad1,525,23,169,Ġway,way,False,suicide intent,-0.0005683661607658826,0.0005683661607658826,0.08356937021017075,0.008036630228161812,0.35,0,0,797,FP32-token-IDs
RoBERTa,lghad1,525,23,169,Ġway,way,False,worthlessness,-0.011282165320855648,0.011282165320855648,0.23034417629241943,0.3397594094276428,0.35,0,0,797,FP32-token-IDs
RoBERTa,lghad1,525,24,38,ĠI,i,False,anger,-0.004067597486152265,0.004067597486152265,0.3152667284011841,0.8488504886627197,0.35,1,1,797,FP32-token-IDs
RoBERTa,lghad1,525,24,38,ĠI,i,False,brain dysfunction (forget),0.0023392362581369907,0.0023392362581369907,0.17854474484920502,0.586258053779602,0.35,0,1,797,FP32-token-IDs
RoBERTa,lghad1,525,24,38,ĠI,i,False,emptiness,0.0005779447303594727,0.0005779447303594727,0.1224183663725853,0.13897325098514557,0.35,0,0,797,FP32-token-IDs
RoBERTa,lghad1,525,24,38,ĠI,i,False,hopelessness,-0.007169224027740328,0.007169224027740328,0.2907838523387909,0.6040868759155273,0.35,1,1,797,FP32-token-IDs
RoBERTa,lghad1,525,24,38,ĠI,i,False,loneliness,0.003020187889189018,0.003020187889189018,0.30062830448150635,0.9012202024459839,0.35,1,1,797,FP32-token-IDs
RoBERTa,lghad1,525,24,38,ĠI,i,False,sadness,-0.004936584791070536,0.004936584791070536,0.3040405511856079,0.4563634395599365,0.35,0,1,797,FP32-token-IDs
RoBERTa,lghad1,525,24,38,ĠI,i,False,suicide intent,-0.00023695394453457803,0.00023695394453457803,0.08356937021017075,0.008036630228161812,0.35,0,0,797,FP32-token-IDs
RoBERTa,lghad1,525,24,38,ĠI,i,False,worthlessness,-0.00499009219684491,0.00499009219684491,0.23034417629241943,0.3397594094276428,0.35,0,0,797,FP32-token-IDs
RoBERTa,lghad1,525,25,64,Ġcan,can,False,anger,-0.004067597486152265,0.004067597486152265,0.3152667284011841,0.8488504886627197,0.35,1,1,797,FP32-token-IDs
RoBERTa,lghad1,525,25,64,Ġcan,can,False,brain dysfunction (forget),0.0023392362581369907,0.0023392362581369907,0.17854474484920502,0.586258053779602,0.35,0,1,797,FP32-token-IDs
RoBERTa,lghad1,525,25,64,Ġcan,can,False,emptiness,0.0005779447303594727,0.0005779447303594727,0.1224183663725853,0.13897325098514557,0.35,0,0,797,FP32-token-IDs
RoBERTa,lghad1,525,25,64,Ġcan,can,False,hopelessness,-0.007169224027740328,0.007169224027740328,0.2907838523387909,0.6040868759155273,0.35,1,1,797,FP32-token-IDs
RoBERTa,lghad1,525,25,64,Ġcan,can,False,loneliness,0.003020187889189018,0.003020187889189018,0.30062830448150635,0.9012202024459839,0.35,1,1,797,FP32-token-IDs
RoBERTa,lghad1,525,25,64,Ġcan,can,False,sadness,-0.004936584791070536,0.004936584791070536,0.3040405511856079,0.4563634395599365,0.35,0,1,797,FP32-token-IDs
RoBERTa,lghad1,525,25,64,Ġcan,can,False,suicide intent,-0.00023695394453457803,0.00023695394453457803,0.08356937021017075,0.008036630228161812,0.35,0,0,797,FP32-token-IDs
RoBERTa,lghad1,525,25,64,Ġcan,can,False,worthlessness,-0.00499009219684491,0.00499009219684491,0.23034417629241943,0.3397594094276428,0.35,0,0,797,FP32-token-IDs
RoBERTa,lghad1,525,26,18969,Ġglance,glance,False,anger,-0.004067597486152264,0.004067597486152264,0.3152667284011841,0.8488504886627197,0.35,1,1,797,FP32-token-IDs
RoBERTa,lghad1,525,26,18969,Ġglance,glance,False,brain dysfunction (forget),0.0023392362581369907,0.0023392362581369907,0.17854474484920502,0.586258053779602,0.35,0,1,797,FP32-token-IDs
RoBERTa,lghad1,525,26,18969,Ġglance,glance,False,emptiness,0.0005779447303594728,0.0005779447303594728,0.1224183663725853,0.13897325098514557,0.35,0,0,797,FP32-token-IDs
RoBERTa,lghad1,525,26,18969,Ġglance,glance,False,hopelessness,-0.007169224027740328,0.007169224027740328,0.2907838523387909,0.6040868759155273,0.35,1,1,797,FP32-token-IDs
RoBERTa,lghad1,525,26,18969,Ġglance,glance,False,loneliness,0.003020187889189018,0.003020187889189018,0.30062830448150635,0.9012202024459839,0.35,1,1,797,FP32-token-IDs
RoBERTa,lghad1,525,26,18969,Ġglance,glance,False,sadness,-0.004936584791070536,0.004936584791070536,0.3040405511856079,0.4563634395599365,0.35,0,1,797,FP32-token-IDs
RoBERTa,lghad1,525,26,18969,Ġglance,glance,False,suicide intent,-0.00023695394453457805,0.00023695394453457805,0.08356937021017075,0.008036630228161812,0.35,0,0,797,FP32-token-IDs
RoBERTa,lghad1,525,26,18969,Ġglance,glance,False,worthlessness,-0.004990092196844911,0.004990092196844911,0.23034417629241943,0.3397594094276428,0.35,0,0,797,FP32-token-IDs
RoBERTa,lghad1,525,27,23,Ġat,at,False,anger,-0.004067597486152264,0.004067597486152264,0.3152667284011841,0.8488504886627197,0.35,1,1,797,FP32-token-IDs
RoBERTa,lghad1,525,27,23,Ġat,at,False,brain dysfunction (forget),0.0023392362581369907,0.0023392362581369907,0.17854474484920502,0.586258053779602,0.35,0,1,797,FP32-token-IDs
RoBERTa,lghad1,525,27,23,Ġat,at,False,emptiness,0.0005779447303594728,0.0005779447303594728,0.1224183663725853,0.13897325098514557,0.35,0,0,797,FP32-token-IDs
RoBERTa,lghad1,525,27,23,Ġat,at,False,hopelessness,-0.007169224027740328,0.007169224027740328,0.2907838523387909,0.6040868759155273,0.35,1,1,797,FP32-token-IDs
RoBERTa,lghad1,525,27,23,Ġat,at,False,loneliness,0.003020187889189018,0.003020187889189018,0.30062830448150635,0.9012202024459839,0.35,1,1,797,FP32-token-IDs
RoBERTa,lghad1,525,27,23,Ġat,at,False,sadness,-0.004936584791070536,0.004936584791070536,0.3040405511856079,0.4563634395599365,0.35,0,1,797,FP32-token-IDs
RoBERTa,lghad1,525,27,23,Ġat,at,False,suicide intent,-0.00023695394453457805,0.00023695394453457805,0.08356937021017075,0.008036630228161812,0.35,0,0,797,FP32-token-IDs
RoBERTa,lghad1,525,27,23,Ġat,at,False,worthlessness,-0.004990092196844911,0.004990092196844911,0.23034417629241943,0.3397594094276428,0.35,0,0,797,FP32-token-IDs
RoBERTa,lghad1,525,28,24,Ġit,it,False,anger,-0.004067597486152264,0.004067597486152264,0.3152667284011841,0.8488504886627197,0.35,1,1,797,FP32-token-IDs
RoBERTa,lghad1,525,28,24,Ġit,it,False,brain dysfunction (forget),0.0023392362581369907,0.0023392362581369907,0.17854474484920502,0.586258053779602,0.35,0,1,797,FP32-token-IDs
RoBERTa,lghad1,525,28,24,Ġit,it,False,emptiness,0.0005779447303594728,0.0005779447303594728,0.1224183663725853,0.13897325098514557,0.35,0,0,797,FP32-token-IDs
RoBERTa,lghad1,525,28,24,Ġit,it,False,hopelessness,-0.007169224027740328,0.007169224027740328,0.2907838523387909,0.6040868759155273,0.35,1,1,797,FP32-token-IDs
RoBERTa,lghad1,525,28,24,Ġit,it,False,loneliness,0.003020187889189018,0.003020187889189018,0.30062830448150635,0.9012202024459839,0.35,1,1,797,FP32-token-IDs
RoBERTa,lghad1,525,28,24,Ġit,it,False,sadness,-0.004936584791070536,0.004936584791070536,0.3040405511856079,0.4563634395599365,0.35,0,1,797,FP32-token-IDs
RoBERTa,lghad1,525,28,24,Ġit,it,False,suicide intent,-0.00023695394453457805,0.00023695394453457805,0.08356937021017075,0.008036630228161812,0.35,0,0,797,FP32-token-IDs
RoBERTa,lghad1,525,28,24,Ġit,it,False,worthlessness,-0.004990092196844911,0.004990092196844911,0.23034417629241943,0.3397594094276428,0.35,0,0,797,FP32-token-IDs
RoBERTa,lghad1,525,29,8,Ġand,and,False,anger,-0.004067597486152265,0.004067597486152265,0.3152667284011841,0.8488504886627197,0.35,1,1,797,FP32-token-IDs
RoBERTa,lghad1,525,29,8,Ġand,and,False,brain dysfunction (forget),0.0023392362581369907,0.0023392362581369907,0.17854474484920502,0.586258053779602,0.35,0,1,797,FP32-token-IDs
RoBERTa,lghad1,525,29,8,Ġand,and,False,emptiness,0.0005779447303594727,0.0005779447303594727,0.1224183663725853,0.13897325098514557,0.35,0,0,797,FP32-token-IDs
RoBERTa,lghad1,525,29,8,Ġand,and,False,hopelessness,-0.007169224027740328,0.007169224027740328,0.2907838523387909,0.6040868759155273,0.35,1,1,797,FP32-token-IDs
RoBERTa,lghad1,525,29,8,Ġand,and,False,loneliness,0.003020187889189018,0.003020187889189018,0.30062830448150635,0.9012202024459839,0.35,1,1,797,FP32-token-IDs
RoBERTa,lghad1,525,29,8,Ġand,and,False,sadness,-0.004936584791070536,0.004936584791070536,0.3040405511856079,0.4563634395599365,0.35,0,1,797,FP32-token-IDs
RoBERTa,lghad1,525,29,8,Ġand,and,False,suicide intent,-0.00023695394453457803,0.00023695394453457803,0.08356937021017075,0.008036630228161812,0.35,0,0,797,FP32-token-IDs
RoBERTa,lghad1,525,29,8,Ġand,and,False,worthlessness,-0.00499009219684491,0.00499009219684491,0.23034417629241943,0.3397594094276428,0.35,0,0,797,FP32-token-IDs
RoBERTa,lghad1,525,30,45,Ġnot,not,False,anger,-0.004067597486152265,0.004067597486152265,0.3152667284011841,0.8488504886627197,0.35,1,1,797,FP32-token-IDs
RoBERTa,lghad1,525,30,45,Ġnot,not,False,brain dysfunction (forget),0.0023392362581369907,0.0023392362581369907,0.17854474484920502,0.586258053779602,0.35,0,1,797,FP32-token-IDs
RoBERTa,lghad1,525,30,45,Ġnot,not,False,emptiness,0.0005779447303594727,0.0005779447303594727,0.1224183663725853,0.13897325098514557,0.35,0,0,797,FP32-token-IDs
RoBERTa,lghad1,525,30,45,Ġnot,not,False,hopelessness,-0.007169224027740328,0.007169224027740328,0.2907838523387909,0.6040868759155273,0.35,1,1,797,FP32-token-IDs
RoBERTa,lghad1,525,30,45,Ġnot,not,False,loneliness,0.003020187889189018,0.003020187889189018,0.30062830448150635,0.9012202024459839,0.35,1,1,797,FP32-token-IDs
RoBERTa,lghad1,525,30,45,Ġnot,not,False,sadness,-0.004936584791070536,0.004936584791070536,0.3040405511856079,0.4563634395599365,0.35,0,1,797,FP32-token-IDs
RoBERTa,lghad1,525,30,45,Ġnot,not,False,suicide intent,-0.00023695394453457803,0.00023695394453457803,0.08356937021017075,0.008036630228161812,0.35,0,0,797,FP32-token-IDs
RoBERTa,lghad1,525,30,45,Ġnot,not,False,worthlessness,-0.00499009219684491,0.00499009219684491,0.23034417629241943,0.3397594094276428,0.35,0,0,797,FP32-token-IDs
RoBERTa,lghad1,525,31,1394,Ġask,ask,False,anger,-0.004067597486152265,0.004067597486152265,0.3152667284011841,0.8488504886627197,0.35,1,1,797,FP32-token-IDs
RoBERTa,lghad1,525,31,1394,Ġask,ask,False,brain dysfunction (forget),0.0023392362581369907,0.0023392362581369907,0.17854474484920502,0.586258053779602,0.35,0,1,797,FP32-token-IDs
RoBERTa,lghad1,525,31,1394,Ġask,ask,False,emptiness,0.0005779447303594727,0.0005779447303594727,0.1224183663725853,0.13897325098514557,0.35,0,0,797,FP32-token-IDs
RoBERTa,lghad1,525,31,1394,Ġask,ask,False,hopelessness,-0.007169224027740328,0.007169224027740328,0.2907838523387909,0.6040868759155273,0.35,1,1,797,FP32-token-IDs
RoBERTa,lghad1,525,31,1394,Ġask,ask,False,loneliness,0.003020187889189018,0.003020187889189018,0.30062830448150635,0.9012202024459839,0.35,1,1,797,FP32-token-IDs
RoBERTa,lghad1,525,31,1394,Ġask,ask,False,sadness,-0.004936584791070536,0.004936584791070536,0.3040405511856079,0.4563634395599365,0.35,0,1,797,FP32-token-IDs
RoBERTa,lghad1,525,31,1394,Ġask,ask,False,suicide intent,-0.00023695394453457803,0.00023695394453457803,0.08356937021017075,0.008036630228161812,0.35,0,0,797,FP32-token-IDs
RoBERTa,lghad1,525,31,1394,Ġask,ask,False,worthlessness,-0.00499009219684491,0.00499009219684491,0.23034417629241943,0.3397594094276428,0.35,0,0,797,FP32-token-IDs
RoBERTa,lghad1,525,32,123,Ġhim,him,False,anger,-0.004067597486152265,0.004067597486152265,0.3152667284011841,0.8488504886627197,0.35,1,1,797,FP32-token-IDs
RoBERTa,lghad1,525,32,123,Ġhim,him,False,brain dysfunction (forget),0.0023392362581369907,0.0023392362581369907,0.17854474484920502,0.586258053779602,0.35,0,1,797,FP32-token-IDs
RoBERTa,lghad1,525,32,123,Ġhim,him,False,emptiness,0.0005779447303594727,0.0005779447303594727,0.1224183663725853,0.13897325098514557,0.35,0,0,797,FP32-token-IDs
RoBERTa,lghad1,525,32,123,Ġhim,him,False,hopelessness,-0.007169224027740328,0.007169224027740328,0.2907838523387909,0.6040868759155273,0.35,1,1,797,FP32-token-IDs
RoBERTa,lghad1,525,32,123,Ġhim,him,False,loneliness,0.003020187889189018,0.003020187889189018,0.30062830448150635,0.9012202024459839,0.35,1,1,797,FP32-token-IDs
RoBERTa,lghad1,525,32,123,Ġhim,him,False,sadness,-0.004936584791070536,0.004936584791070536,0.3040405511856079,0.4563634395599365,0.35,0,1,797,FP32-token-IDs
RoBERTa,lghad1,525,32,123,Ġhim,him,False,suicide intent,-0.00023695394453457803,0.00023695394453457803,0.08356937021017075,0.008036630228161812,0.35,0,0,797,FP32-token-IDs
RoBERTa,lghad1,525,32,123,Ġhim,him,False,worthlessness,-0.00499009219684491,0.00499009219684491,0.23034417629241943,0.3397594094276428,0.35,0,0,797,FP32-token-IDs
RoBERTa,lghad1,525,33,99,Ġwhat,what,False,anger,-0.004067597486152265,0.004067597486152265,0.3152667284011841,0.8488504886627197,0.35,1,1,797,FP32-token-IDs
RoBERTa,lghad1,525,33,99,Ġwhat,what,False,brain dysfunction (forget),0.0023392362581369907,0.0023392362581369907,0.17854474484920502,0.586258053779602,0.35,0,1,797,FP32-token-IDs
RoBERTa,lghad1,525,33,99,Ġwhat,what,False,emptiness,0.0005779447303594727,0.0005779447303594727,0.1224183663725853,0.13897325098514557,0.35,0,0,797,FP32-token-IDs
RoBERTa,lghad1,525,33,99,Ġwhat,what,False,hopelessness,-0.007169224027740328,0.007169224027740328,0.2907838523387909,0.6040868759155273,0.35,1,1,797,FP32-token-IDs
RoBERTa,lghad1,525,33,99,Ġwhat,what,False,loneliness,0.003020187889189018,0.003020187889189018,0.30062830448150635,0.9012202024459839,0.35,1,1,797,FP32-token-IDs
RoBERTa,lghad1,525,33,99,Ġwhat,what,False,sadness,-0.004936584791070536,0.004936584791070536,0.3040405511856079,0.4563634395599365,0.35,0,1,797,FP32-token-IDs
RoBERTa,lghad1,525,33,99,Ġwhat,what,False,suicide intent,-0.00023695394453457803,0.00023695394453457803,0.08356937021017075,0.008036630228161812,0.35,0,0,797,FP32-token-IDs
RoBERTa,lghad1,525,33,99,Ġwhat,what,False,worthlessness,-0.00499009219684491,0.00499009219684491,0.23034417629241943,0.3397594094276428,0.35,0,0,797,FP32-token-IDs
RoBERTa,lghad1,525,34,17,âĢ,âģ,False,anger,-0.0002517050392011047,0.0002517050392011047,0.3152667284011841,0.8488504886627197,0.35,1,1,797,FP32-token-IDs
RoBERTa,lghad1,525,34,17,âĢ,âģ,False,brain dysfunction (forget),0.0009323232383134643,0.0009323232383134643,0.17854474484920502,0.586258053779602,0.35,0,1,797,FP32-token-IDs
RoBERTa,lghad1,525,34,17,âĢ,âģ,False,emptiness,-0.00037160404095803166,0.00037160404095803166,0.1224183663725853,0.13897325098514557,0.35,0,0,797,FP32-token-IDs
RoBERTa,lghad1,525,34,17,âĢ,âģ,False,hopelessness,0.0015848481406768164,0.0015848481406768164,0.2907838523387909,0.6040868759155273,0.35,1,1,797,FP32-token-IDs
RoBERTa,lghad1,525,34,17,âĢ,âģ,False,loneliness,-0.0026233514937173043,0.0026233514937173043,0.30062830448150635,0.9012202024459839,0.35,1,1,797,FP32-token-IDs
RoBERTa,lghad1,525,34,17,âĢ,âģ,False,sadness,0.00141079082885491,0.00141079082885491,0.3040405511856079,0.4563634395599365,0.35,0,1,797,FP32-token-IDs
RoBERTa,lghad1,525,34,17,âĢ,âģ,False,suicide intent,-0.00023150406693838748,0.00023150406693838748,0.08356937021017075,0.008036630228161812,0.35,0,0,797,FP32-token-IDs
RoBERTa,lghad1,525,34,17,âĢ,âģ,False,worthlessness,0.0021228639622374126,0.0021228639622374126,0.23034417629241943,0.3397594094276428,0.35,0,0,797,FP32-token-IDs
RoBERTa,lghad1,525,35,27,Ļ,ļ,False,anger,-0.0002517050392011047,0.0002517050392011047,0.3152667284011841,0.8488504886627197,0.35,1,1,797,FP32-token-IDs
RoBERTa,lghad1,525,35,27,Ļ,ļ,False,brain dysfunction (forget),0.0009323232383134643,0.0009323232383134643,0.17854474484920502,0.586258053779602,0.35,0,1,797,FP32-token-IDs
RoBERTa,lghad1,525,35,27,Ļ,ļ,False,emptiness,-0.00037160404095803166,0.00037160404095803166,0.1224183663725853,0.13897325098514557,0.35,0,0,797,FP32-token-IDs
RoBERTa,lghad1,525,35,27,Ļ,ļ,False,hopelessness,0.0015848481406768164,0.0015848481406768164,0.2907838523387909,0.6040868759155273,0.35,1,1,797,FP32-token-IDs
RoBERTa,lghad1,525,35,27,Ļ,ļ,False,loneliness,-0.0026233514937173043,0.0026233514937173043,0.30062830448150635,0.9012202024459839,0.35,1,1,797,FP32-token-IDs
RoBERTa,lghad1,525,35,27,Ļ,ļ,False,sadness,0.00141079082885491,0.00141079082885491,0.3040405511856079,0.4563634395599365,0.35,0,1,797,FP32-token-IDs
RoBERTa,lghad1,525,35,27,Ļ,ļ,False,suicide intent,-0.00023150406693838748,0.00023150406693838748,0.08356937021017075,0.008036630228161812,0.35,0,0,797,FP32-token-IDs
RoBERTa,lghad1,525,35,27,Ļ,ļ,False,worthlessness,0.0021228639622374126,0.0021228639622374126,0.23034417629241943,0.3397594094276428,0.35,0,0,797,FP32-token-IDs
RoBERTa,lghad1,525,36,29,s,s,False,anger,-0.0002517050392011047,0.0002517050392011047,0.3152667284011841,0.8488504886627197,0.35,1,1,797,FP32-token-IDs
RoBERTa,lghad1,525,36,29,s,s,False,brain dysfunction (forget),0.0009323232383134643,0.0009323232383134643,0.17854474484920502,0.586258053779602,0.35,0,1,797,FP32-token-IDs
RoBERTa,lghad1,525,36,29,s,s,False,emptiness,-0.00037160404095803166,0.00037160404095803166,0.1224183663725853,0.13897325098514557,0.35,0,0,797,FP32-token-IDs
RoBERTa,lghad1,525,36,29,s,s,False,hopelessness,0.0015848481406768164,0.0015848481406768164,0.2907838523387909,0.6040868759155273,0.35,1,1,797,FP32-token-IDs
RoBERTa,lghad1,525,36,29,s,s,False,loneliness,-0.0026233514937173043,0.0026233514937173043,0.30062830448150635,0.9012202024459839,0.35,1,1,797,FP32-token-IDs
RoBERTa,lghad1,525,36,29,s,s,False,sadness,0.00141079082885491,0.00141079082885491,0.3040405511856079,0.4563634395599365,0.35,0,1,797,FP32-token-IDs
RoBERTa,lghad1,525,36,29,s,s,False,suicide intent,-0.00023150406693838748,0.00023150406693838748,0.08356937021017075,0.008036630228161812,0.35,0,0,797,FP32-token-IDs
RoBERTa,lghad1,525,36,29,s,s,False,worthlessness,0.0021228639622374126,0.0021228639622374126,0.23034417629241943,0.3397594094276428,0.35,0,0,797,FP32-token-IDs
RoBERTa,lghad1,525,37,1593,Ġwrong,wrong,False,anger,-0.0002517050392011047,0.0002517050392011047,0.3152667284011841,0.8488504886627197,0.35,1,1,797,FP32-token-IDs
RoBERTa,lghad1,525,37,1593,Ġwrong,wrong,False,brain dysfunction (forget),0.0009323232383134643,0.0009323232383134643,0.17854474484920502,0.586258053779602,0.35,0,1,797,FP32-token-IDs
RoBERTa,lghad1,525,37,1593,Ġwrong,wrong,False,emptiness,-0.00037160404095803166,0.00037160404095803166,0.1224183663725853,0.13897325098514557,0.35,0,0,797,FP32-token-IDs
RoBERTa,lghad1,525,37,1593,Ġwrong,wrong,False,hopelessness,0.0015848481406768164,0.0015848481406768164,0.2907838523387909,0.6040868759155273,0.35,1,1,797,FP32-token-IDs
RoBERTa,lghad1,525,37,1593,Ġwrong,wrong,False,loneliness,-0.0026233514937173043,0.0026233514937173043,0.30062830448150635,0.9012202024459839,0.35,1,1,797,FP32-token-IDs
RoBERTa,lghad1,525,37,1593,Ġwrong,wrong,False,sadness,0.00141079082885491,0.00141079082885491,0.3040405511856079,0.4563634395599365,0.35,0,1,797,FP32-token-IDs
RoBERTa,lghad1,525,37,1593,Ġwrong,wrong,False,suicide intent,-0.00023150406693838748,0.00023150406693838748,0.08356937021017075,0.008036630228161812,0.35,0,0,797,FP32-token-IDs
RoBERTa,lghad1,525,37,1593,Ġwrong,wrong,False,worthlessness,0.0021228639622374126,0.0021228639622374126,0.23034417629241943,0.3397594094276428,0.35,0,0,797,FP32-token-IDs
RoBERTa,lghad1,525,38,114,Ġif,if,False,anger,-0.0002517050392011047,0.0002517050392011047,0.3152667284011841,0.8488504886627197,0.35,1,1,797,FP32-token-IDs
RoBERTa,lghad1,525,38,114,Ġif,if,False,brain dysfunction (forget),0.0009323232383134643,0.0009323232383134643,0.17854474484920502,0.586258053779602,0.35,0,1,797,FP32-token-IDs
RoBERTa,lghad1,525,38,114,Ġif,if,False,emptiness,-0.00037160404095803166,0.00037160404095803166,0.1224183663725853,0.13897325098514557,0.35,0,0,797,FP32-token-IDs
RoBERTa,lghad1,525,38,114,Ġif,if,False,hopelessness,0.0015848481406768164,0.0015848481406768164,0.2907838523387909,0.6040868759155273,0.35,1,1,797,FP32-token-IDs
RoBERTa,lghad1,525,38,114,Ġif,if,False,loneliness,-0.0026233514937173043,0.0026233514937173043,0.30062830448150635,0.9012202024459839,0.35,1,1,797,FP32-token-IDs
RoBERTa,lghad1,525,38,114,Ġif,if,False,sadness,0.00141079082885491,0.00141079082885491,0.3040405511856079,0.4563634395599365,0.35,0,1,797,FP32-token-IDs
RoBERTa,lghad1,525,38,114,Ġif,if,False,suicide intent,-0.00023150406693838748,0.00023150406693838748,0.08356937021017075,0.008036630228161812,0.35,0,0,797,FP32-token-IDs
RoBERTa,lghad1,525,38,114,Ġif,if,False,worthlessness,0.0021228639622374126,0.0021228639622374126,0.23034417629241943,0.3397594094276428,0.35,0,0,797,FP32-token-IDs
RoBERTa,lghad1,525,39,24,Ġit,it,False,anger,-0.0002517050392011047,0.0002517050392011047,0.3152667284011841,0.8488504886627197,0.35,1,1,797,FP32-token-IDs
RoBERTa,lghad1,525,39,24,Ġit,it,False,brain dysfunction (forget),0.0009323232383134643,0.0009323232383134643,0.17854474484920502,0.586258053779602,0.35,0,1,797,FP32-token-IDs
RoBERTa,lghad1,525,39,24,Ġit,it,False,emptiness,-0.00037160404095803166,0.00037160404095803166,0.1224183663725853,0.13897325098514557,0.35,0,0,797,FP32-token-IDs
RoBERTa,lghad1,525,39,24,Ġit,it,False,hopelessness,0.0015848481406768164,0.0015848481406768164,0.2907838523387909,0.6040868759155273,0.35,1,1,797,FP32-token-IDs
RoBERTa,lghad1,525,39,24,Ġit,it,False,loneliness,-0.0026233514937173043,0.0026233514937173043,0.30062830448150635,0.9012202024459839,0.35,1,1,797,FP32-token-IDs
RoBERTa,lghad1,525,39,24,Ġit,it,False,sadness,0.00141079082885491,0.00141079082885491,0.3040405511856079,0.4563634395599365,0.35,0,1,797,FP32-token-IDs
RoBERTa,lghad1,525,39,24,Ġit,it,False,suicide intent,-0.00023150406693838748,0.00023150406693838748,0.08356937021017075,0.008036630228161812,0.35,0,0,797,FP32-token-IDs
RoBERTa,lghad1,525,39,24,Ġit,it,False,worthlessness,0.0021228639622374126,0.0021228639622374126,0.23034417629241943,0.3397594094276428,0.35,0,0,797,FP32-token-IDs
RoBERTa,lghad1,525,40,17,âĢ,âģ,False,anger,-0.0002517050392011047,0.0002517050392011047,0.3152667284011841,0.8488504886627197,0.35,1,1,797,FP32-token-IDs
RoBERTa,lghad1,525,40,17,âĢ,âģ,False,brain dysfunction (forget),0.0009323232383134643,0.0009323232383134643,0.17854474484920502,0.586258053779602,0.35,0,1,797,FP32-token-IDs
RoBERTa,lghad1,525,40,17,âĢ,âģ,False,emptiness,-0.00037160404095803166,0.00037160404095803166,0.1224183663725853,0.13897325098514557,0.35,0,0,797,FP32-token-IDs
RoBERTa,lghad1,525,40,17,âĢ,âģ,False,hopelessness,0.0015848481406768164,0.0015848481406768164,0.2907838523387909,0.6040868759155273,0.35,1,1,797,FP32-token-IDs
RoBERTa,lghad1,525,40,17,âĢ,âģ,False,loneliness,-0.0026233514937173043,0.0026233514937173043,0.30062830448150635,0.9012202024459839,0.35,1,1,797,FP32-token-IDs
RoBERTa,lghad1,525,40,17,âĢ,âģ,False,sadness,0.00141079082885491,0.00141079082885491,0.3040405511856079,0.4563634395599365,0.35,0,1,797,FP32-token-IDs
RoBERTa,lghad1,525,40,17,âĢ,âģ,False,suicide intent,-0.00023150406693838748,0.00023150406693838748,0.08356937021017075,0.008036630228161812,0.35,0,0,797,FP32-token-IDs
RoBERTa,lghad1,525,40,17,âĢ,âģ,False,worthlessness,0.0021228639622374126,0.0021228639622374126,0.23034417629241943,0.3397594094276428,0.35,0,0,797,FP32-token-IDs
RoBERTa,lghad1,525,41,27,Ļ,ļ,False,anger,-0.0002517050392011047,0.0002517050392011047,0.3152667284011841,0.8488504886627197,0.35,1,1,797,FP32-token-IDs
RoBERTa,lghad1,525,41,27,Ļ,ļ,False,brain dysfunction (forget),0.0009323232383134643,0.0009323232383134643,0.17854474484920502,0.586258053779602,0.35,0,1,797,FP32-token-IDs
RoBERTa,lghad1,525,41,27,Ļ,ļ,False,emptiness,-0.00037160404095803166,0.00037160404095803166,0.1224183663725853,0.13897325098514557,0.35,0,0,797,FP32-token-IDs
RoBERTa,lghad1,525,41,27,Ļ,ļ,False,hopelessness,0.0015848481406768164,0.0015848481406768164,0.2907838523387909,0.6040868759155273,0.35,1,1,797,FP32-token-IDs
RoBERTa,lghad1,525,41,27,Ļ,ļ,False,loneliness,-0.0026233514937173043,0.0026233514937173043,0.30062830448150635,0.9012202024459839,0.35,1,1,797,FP32-token-IDs
RoBERTa,lghad1,525,41,27,Ļ,ļ,False,sadness,0.00141079082885491,0.00141079082885491,0.3040405511856079,0.4563634395599365,0.35,0,1,797,FP32-token-IDs
RoBERTa,lghad1,525,41,27,Ļ,ļ,False,suicide intent,-0.00023150406693838748,0.00023150406693838748,0.08356937021017075,0.008036630228161812,0.35,0,0,797,FP32-token-IDs
RoBERTa,lghad1,525,41,27,Ļ,ļ,False,worthlessness,0.0021228639622374126,0.0021228639622374126,0.23034417629241943,0.3397594094276428,0.35,0,0,797,FP32-token-IDs
RoBERTa,lghad1,525,42,29,s,s,False,anger,-0.016061390919743904,0.016061390919743904,0.3152667284011841,0.8488504886627197,0.35,1,1,797,FP32-token-IDs
RoBERTa,lghad1,525,42,29,s,s,False,brain dysfunction (forget),0.009838292220540876,0.009838292220540876,0.17854474484920502,0.586258053779602,0.35,0,1,797,FP32-token-IDs
RoBERTa,lghad1,525,42,29,s,s,False,emptiness,0.002572711696986863,0.002572711696986863,0.1224183663725853,0.13897325098514557,0.35,0,0,797,FP32-token-IDs
RoBERTa,lghad1,525,42,29,s,s,False,hopelessness,0.007882460936283073,0.007882460936283073,0.2907838523387909,0.6040868759155273,0.35,1,1,797,FP32-token-IDs
RoBERTa,lghad1,525,42,29,s,s,False,loneliness,0.00016989720752462738,0.00016989720752462738,0.30062830448150635,0.9012202024459839,0.35,1,1,797,FP32-token-IDs
RoBERTa,lghad1,525,42,29,s,s,False,sadness,0.002868250122160784,0.002868250122160784,0.3040405511856079,0.4563634395599365,0.35,0,1,797,FP32-token-IDs
RoBERTa,lghad1,525,42,29,s,s,False,suicide intent,-0.00021677787836302912,0.00021677787836302912,0.08356937021017075,0.008036630228161812,0.35,0,0,797,FP32-token-IDs
RoBERTa,lghad1,525,42,29,s,s,False,worthlessness,0.004434407303398032,0.004434407303398032,0.23034417629241943,0.3397594094276428,0.35,0,0,797,FP32-token-IDs
RoBERTa,lghad1,525,43,10,Ġa,a,False,anger,-0.016061390919743904,0.016061390919743904,0.3152667284011841,0.8488504886627197,0.35,1,1,797,FP32-token-IDs
RoBERTa,lghad1,525,43,10,Ġa,a,False,brain dysfunction (forget),0.009838292220540876,0.009838292220540876,0.17854474484920502,0.586258053779602,0.35,0,1,797,FP32-token-IDs
RoBERTa,lghad1,525,43,10,Ġa,a,False,emptiness,0.002572711696986863,0.002572711696986863,0.1224183663725853,0.13897325098514557,0.35,0,0,797,FP32-token-IDs
RoBERTa,lghad1,525,43,10,Ġa,a,False,hopelessness,0.007882460936283073,0.007882460936283073,0.2907838523387909,0.6040868759155273,0.35,1,1,797,FP32-token-IDs
RoBERTa,lghad1,525,43,10,Ġa,a,False,loneliness,0.00016989720752462738,0.00016989720752462738,0.30062830448150635,0.9012202024459839,0.35,1,1,797,FP32-token-IDs
RoBERTa,lghad1,525,43,10,Ġa,a,False,sadness,0.002868250122160784,0.002868250122160784,0.3040405511856079,0.4563634395599365,0.35,0,1,797,FP32-token-IDs
RoBERTa,lghad1,525,43,10,Ġa,a,False,suicide intent,-0.00021677787836302912,0.00021677787836302912,0.08356937021017075,0.008036630228161812,0.35,0,0,797,FP32-token-IDs
RoBERTa,lghad1,525,43,10,Ġa,a,False,worthlessness,0.004434407303398032,0.004434407303398032,0.23034417629241943,0.3397594094276428,0.35,0,0,797,FP32-token-IDs
RoBERTa,lghad1,525,44,33782,Ġsleepy,sleepy,False,anger,-0.016061390919743904,0.016061390919743904,0.3152667284011841,0.8488504886627197,0.35,1,1,797,FP32-token-IDs
RoBERTa,lghad1,525,44,33782,Ġsleepy,sleepy,False,brain dysfunction (forget),0.009838292220540876,0.009838292220540876,0.17854474484920502,0.586258053779602,0.35,0,1,797,FP32-token-IDs
RoBERTa,lghad1,525,44,33782,Ġsleepy,sleepy,False,emptiness,0.002572711696986863,0.002572711696986863,0.1224183663725853,0.13897325098514557,0.35,0,0,797,FP32-token-IDs
RoBERTa,lghad1,525,44,33782,Ġsleepy,sleepy,False,hopelessness,0.007882460936283073,0.007882460936283073,0.2907838523387909,0.6040868759155273,0.35,1,1,797,FP32-token-IDs
RoBERTa,lghad1,525,44,33782,Ġsleepy,sleepy,False,loneliness,0.00016989720752462738,0.00016989720752462738,0.30062830448150635,0.9012202024459839,0.35,1,1,797,FP32-token-IDs
RoBERTa,lghad1,525,44,33782,Ġsleepy,sleepy,False,sadness,0.002868250122160784,0.002868250122160784,0.3040405511856079,0.4563634395599365,0.35,0,1,797,FP32-token-IDs
RoBERTa,lghad1,525,44,33782,Ġsleepy,sleepy,False,suicide intent,-0.00021677787836302912,0.00021677787836302912,0.08356937021017075,0.008036630228161812,0.35,0,0,797,FP32-token-IDs
RoBERTa,lghad1,525,44,33782,Ġsleepy,sleepy,False,worthlessness,0.004434407303398032,0.004434407303398032,0.23034417629241943,0.3397594094276428,0.35,0,0,797,FP32-token-IDs
RoBERTa,lghad1,525,45,3195,Ġcolor,color,False,anger,-0.016061390919743904,0.016061390919743904,0.3152667284011841,0.8488504886627197,0.35,1,1,797,FP32-token-IDs
RoBERTa,lghad1,525,45,3195,Ġcolor,color,False,brain dysfunction (forget),0.009838292220540876,0.009838292220540876,0.17854474484920502,0.586258053779602,0.35,0,1,797,FP32-token-IDs
RoBERTa,lghad1,525,45,3195,Ġcolor,color,False,emptiness,0.002572711696986863,0.002572711696986863,0.1224183663725853,0.13897325098514557,0.35,0,0,797,FP32-token-IDs
RoBERTa,lghad1,525,45,3195,Ġcolor,color,False,hopelessness,0.007882460936283073,0.007882460936283073,0.2907838523387909,0.6040868759155273,0.35,1,1,797,FP32-token-IDs
RoBERTa,lghad1,525,45,3195,Ġcolor,color,False,loneliness,0.00016989720752462738,0.00016989720752462738,0.30062830448150635,0.9012202024459839,0.35,1,1,797,FP32-token-IDs
RoBERTa,lghad1,525,45,3195,Ġcolor,color,False,sadness,0.002868250122160784,0.002868250122160784,0.3040405511856079,0.4563634395599365,0.35,0,1,797,FP32-token-IDs
RoBERTa,lghad1,525,45,3195,Ġcolor,color,False,suicide intent,-0.00021677787836302912,0.00021677787836302912,0.08356937021017075,0.008036630228161812,0.35,0,0,797,FP32-token-IDs
RoBERTa,lghad1,525,45,3195,Ġcolor,color,False,worthlessness,0.004434407303398032,0.004434407303398032,0.23034417629241943,0.3397594094276428,0.35,0,0,797,FP32-token-IDs
RoBERTa,lghad1,525,46,50,Ġor,or,False,anger,-0.006973723526711442,0.006973723526711442,0.3152667284011841,0.8488504886627197,0.35,1,1,797,FP32-token-IDs
RoBERTa,lghad1,525,46,50,Ġor,or,False,brain dysfunction (forget),0.007370250241919642,0.007370250241919642,0.17854474484920502,0.586258053779602,0.35,0,1,797,FP32-token-IDs
RoBERTa,lghad1,525,46,50,Ġor,or,False,emptiness,0.001520988908928952,0.001520988908928952,0.1224183663725853,0.13897325098514557,0.35,0,0,797,FP32-token-IDs
RoBERTa,lghad1,525,46,50,Ġor,or,False,hopelessness,0.0043691855234404406,0.0043691855234404406,0.2907838523387909,0.6040868759155273,0.35,1,1,797,FP32-token-IDs
RoBERTa,lghad1,525,46,50,Ġor,or,False,loneliness,-0.0010338855907320976,0.0010338855907320976,0.30062830448150635,0.9012202024459839,0.35,1,1,797,FP32-token-IDs
RoBERTa,lghad1,525,46,50,Ġor,or,False,sadness,-0.0005688357699130262,0.0005688357699130262,0.3040405511856079,0.4563634395599365,0.35,0,1,797,FP32-token-IDs
RoBERTa,lghad1,525,46,50,Ġor,or,False,suicide intent,-0.00020672731313555102,0.00020672731313555102,0.08356937021017075,0.008036630228161812,0.35,0,0,797,FP32-token-IDs
RoBERTa,lghad1,525,46,50,Ġor,or,False,worthlessness,0.0024770426320000773,0.0024770426320000773,0.23034417629241943,0.3397594094276428,0.35,0,0,797,FP32-token-IDs
RoBERTa,lghad1,525,47,402,Ġsomething,something,False,anger,-0.006973723526711442,0.006973723526711442,0.3152667284011841,0.8488504886627197,0.35,1,1,797,FP32-token-IDs
RoBERTa,lghad1,525,47,402,Ġsomething,something,False,brain dysfunction (forget),0.007370250241919642,0.007370250241919642,0.17854474484920502,0.586258053779602,0.35,0,1,797,FP32-token-IDs
RoBERTa,lghad1,525,47,402,Ġsomething,something,False,emptiness,0.001520988908928952,0.001520988908928952,0.1224183663725853,0.13897325098514557,0.35,0,0,797,FP32-token-IDs
RoBERTa,lghad1,525,47,402,Ġsomething,something,False,hopelessness,0.0043691855234404406,0.0043691855234404406,0.2907838523387909,0.6040868759155273,0.35,1,1,797,FP32-token-IDs
RoBERTa,lghad1,525,47,402,Ġsomething,something,False,loneliness,-0.0010338855907320976,0.0010338855907320976,0.30062830448150635,0.9012202024459839,0.35,1,1,797,FP32-token-IDs
RoBERTa,lghad1,525,47,402,Ġsomething,something,False,sadness,-0.0005688357699130262,0.0005688357699130262,0.3040405511856079,0.4563634395599365,0.35,0,1,797,FP32-token-IDs
RoBERTa,lghad1,525,47,402,Ġsomething,something,False,suicide intent,-0.00020672731313555102,0.00020672731313555102,0.08356937021017075,0.008036630228161812,0.35,0,0,797,FP32-token-IDs
RoBERTa,lghad1,525,47,402,Ġsomething,something,False,worthlessness,0.0024770426320000773,0.0024770426320000773,0.23034417629241943,0.3397594094276428,0.35,0,0,797,FP32-token-IDs
RoBERTa,lghad1,525,48,4,.,.,False,anger,-0.006973723526711442,0.006973723526711442,0.3152667284011841,0.8488504886627197,0.35,1,1,797,FP32-token-IDs
RoBERTa,lghad1,525,48,4,.,.,False,brain dysfunction (forget),0.007370250241919642,0.007370250241919642,0.17854474484920502,0.586258053779602,0.35,0,1,797,FP32-token-IDs
RoBERTa,lghad1,525,48,4,.,.,False,emptiness,0.001520988908928952,0.001520988908928952,0.1224183663725853,0.13897325098514557,0.35,0,0,797,FP32-token-IDs
RoBERTa,lghad1,525,48,4,.,.,False,hopelessness,0.0043691855234404406,0.0043691855234404406,0.2907838523387909,0.6040868759155273,0.35,1,1,797,FP32-token-IDs
RoBERTa,lghad1,525,48,4,.,.,False,loneliness,-0.0010338855907320976,0.0010338855907320976,0.30062830448150635,0.9012202024459839,0.35,1,1,797,FP32-token-IDs
RoBERTa,lghad1,525,48,4,.,.,False,sadness,-0.0005688357699130262,0.0005688357699130262,0.3040405511856079,0.4563634395599365,0.35,0,1,797,FP32-token-IDs
RoBERTa,lghad1,525,48,4,.,.,False,suicide intent,-0.00020672731313555102,0.00020672731313555102,0.08356937021017075,0.008036630228161812,0.35,0,0,797,FP32-token-IDs
RoBERTa,lghad1,525,48,4,.,.,False,worthlessness,0.0024770426320000773,0.0024770426320000773,0.23034417629241943,0.3397594094276428,0.35,0,0,797,FP32-token-IDs
RoBERTa,lghad1,525,49,8103,ĠðŁ,ðł,False,anger,-7.749016839335421e-05,7.749016839335421e-05,0.3152667284011841,0.8488504886627197,0.35,1,1,797,FP32-token-IDs
RoBERTa,lghad1,525,49,8103,ĠðŁ,ðł,False,brain dysfunction (forget),-0.0005265000243645652,0.0005265000243645652,0.17854474484920502,0.586258053779602,0.35,0,1,797,FP32-token-IDs
RoBERTa,lghad1,525,49,8103,ĠðŁ,ðł,False,emptiness,-0.0008632615105483097,0.0008632615105483097,0.1224183663725853,0.13897325098514557,0.35,0,0,797,FP32-token-IDs
RoBERTa,lghad1,525,49,8103,ĠðŁ,ðł,False,hopelessness,-0.003967330061221639,0.003967330061221639,0.2907838523387909,0.6040868759155273,0.35,1,1,797,FP32-token-IDs
RoBERTa,lghad1,525,49,8103,ĠðŁ,ðł,False,loneliness,0.0009047190465575473,0.0009047190465575473,0.30062830448150635,0.9012202024459839,0.35,1,1,797,FP32-token-IDs
RoBERTa,lghad1,525,49,8103,ĠðŁ,ðł,False,sadness,-0.004344929284083524,0.004344929284083524,0.3040405511856079,0.4563634395599365,0.35,0,1,797,FP32-token-IDs
RoBERTa,lghad1,525,49,8103,ĠðŁ,ðł,False,suicide intent,-0.0004545184030056199,0.0004545184030056199,0.08356937021017075,0.008036630228161812,0.35,0,0,797,FP32-token-IDs
RoBERTa,lghad1,525,49,8103,ĠðŁ,ðł,False,worthlessness,-0.0024926136561239567,0.0024926136561239567,0.23034417629241943,0.3397594094276428,0.35,0,0,797,FP32-token-IDs
RoBERTa,lghad1,525,50,10470,¤,¤,False,anger,-7.749016839335421e-05,7.749016839335421e-05,0.3152667284011841,0.8488504886627197,0.35,1,1,797,FP32-token-IDs
RoBERTa,lghad1,525,50,10470,¤,¤,False,brain dysfunction (forget),-0.0005265000243645652,0.0005265000243645652,0.17854474484920502,0.586258053779602,0.35,0,1,797,FP32-token-IDs
RoBERTa,lghad1,525,50,10470,¤,¤,False,emptiness,-0.0008632615105483097,0.0008632615105483097,0.1224183663725853,0.13897325098514557,0.35,0,0,797,FP32-token-IDs
RoBERTa,lghad1,525,50,10470,¤,¤,False,hopelessness,-0.003967330061221639,0.003967330061221639,0.2907838523387909,0.6040868759155273,0.35,1,1,797,FP32-token-IDs
RoBERTa,lghad1,525,50,10470,¤,¤,False,loneliness,0.0009047190465575473,0.0009047190465575473,0.30062830448150635,0.9012202024459839,0.35,1,1,797,FP32-token-IDs
RoBERTa,lghad1,525,50,10470,¤,¤,False,sadness,-0.004344929284083524,0.004344929284083524,0.3040405511856079,0.4563634395599365,0.35,0,1,797,FP32-token-IDs
RoBERTa,lghad1,525,50,10470,¤,¤,False,suicide intent,-0.0004545184030056199,0.0004545184030056199,0.08356937021017075,0.008036630228161812,0.35,0,0,797,FP32-token-IDs
RoBERTa,lghad1,525,50,10470,¤,¤,False,worthlessness,-0.0024926136561239567,0.0024926136561239567,0.23034417629241943,0.3397594094276428,0.35,0,0,797,FP32-token-IDs
RoBERTa,lghad1,525,51,18400,·,·,False,anger,-7.749016839335421e-05,7.749016839335421e-05,0.3152667284011841,0.8488504886627197,0.35,1,1,797,FP32-token-IDs
RoBERTa,lghad1,525,51,18400,·,·,False,brain dysfunction (forget),-0.0005265000243645652,0.0005265000243645652,0.17854474484920502,0.586258053779602,0.35,0,1,797,FP32-token-IDs
RoBERTa,lghad1,525,51,18400,·,·,False,emptiness,-0.0008632615105483097,0.0008632615105483097,0.1224183663725853,0.13897325098514557,0.35,0,0,797,FP32-token-IDs
RoBERTa,lghad1,525,51,18400,·,·,False,hopelessness,-0.003967330061221639,0.003967330061221639,0.2907838523387909,0.6040868759155273,0.35,1,1,797,FP32-token-IDs
RoBERTa,lghad1,525,51,18400,·,·,False,loneliness,0.0009047190465575473,0.0009047190465575473,0.30062830448150635,0.9012202024459839,0.35,1,1,797,FP32-token-IDs
RoBERTa,lghad1,525,51,18400,·,·,False,sadness,-0.004344929284083524,0.004344929284083524,0.3040405511856079,0.4563634395599365,0.35,0,1,797,FP32-token-IDs
RoBERTa,lghad1,525,51,18400,·,·,False,suicide intent,-0.0004545184030056199,0.0004545184030056199,0.08356937021017075,0.008036630228161812,0.35,0,0,797,FP32-token-IDs
RoBERTa,lghad1,525,51,18400,·,·,False,worthlessness,-0.0024926136561239567,0.0024926136561239567,0.23034417629241943,0.3397594094276428,0.35,0,0,797,FP32-token-IDs
RoBERTa,lghad1,525,52,17,âĢ,âģ,False,anger,-7.749016839335421e-05,7.749016839335421e-05,0.3152667284011841,0.8488504886627197,0.35,1,1,797,FP32-token-IDs
RoBERTa,lghad1,525,52,17,âĢ,âģ,False,brain dysfunction (forget),-0.0005265000243645652,0.0005265000243645652,0.17854474484920502,0.586258053779602,0.35,0,1,797,FP32-token-IDs
RoBERTa,lghad1,525,52,17,âĢ,âģ,False,emptiness,-0.0008632615105483097,0.0008632615105483097,0.1224183663725853,0.13897325098514557,0.35,0,0,797,FP32-token-IDs
RoBERTa,lghad1,525,52,17,âĢ,âģ,False,hopelessness,-0.003967330061221639,0.003967330061221639,0.2907838523387909,0.6040868759155273,0.35,1,1,797,FP32-token-IDs
RoBERTa,lghad1,525,52,17,âĢ,âģ,False,loneliness,0.0009047190465575473,0.0009047190465575473,0.30062830448150635,0.9012202024459839,0.35,1,1,797,FP32-token-IDs
RoBERTa,lghad1,525,52,17,âĢ,âģ,False,sadness,-0.004344929284083524,0.004344929284083524,0.3040405511856079,0.4563634395599365,0.35,0,1,797,FP32-token-IDs
RoBERTa,lghad1,525,52,17,âĢ,âģ,False,suicide intent,-0.0004545184030056199,0.0004545184030056199,0.08356937021017075,0.008036630228161812,0.35,0,0,797,FP32-token-IDs
RoBERTa,lghad1,525,52,17,âĢ,âģ,False,worthlessness,-0.0024926136561239567,0.0024926136561239567,0.23034417629241943,0.3397594094276428,0.35,0,0,797,FP32-token-IDs
RoBERTa,lghad1,525,53,8384,į,į,False,anger,-7.749016839335421e-05,7.749016839335421e-05,0.3152667284011841,0.8488504886627197,0.35,1,1,797,FP32-token-IDs
RoBERTa,lghad1,525,53,8384,į,į,False,brain dysfunction (forget),-0.0005265000243645652,0.0005265000243645652,0.17854474484920502,0.586258053779602,0.35,0,1,797,FP32-token-IDs
RoBERTa,lghad1,525,53,8384,į,į,False,emptiness,-0.0008632615105483097,0.0008632615105483097,0.1224183663725853,0.13897325098514557,0.35,0,0,797,FP32-token-IDs
RoBERTa,lghad1,525,53,8384,į,į,False,hopelessness,-0.003967330061221639,0.003967330061221639,0.2907838523387909,0.6040868759155273,0.35,1,1,797,FP32-token-IDs
RoBERTa,lghad1,525,53,8384,į,į,False,loneliness,0.0009047190465575473,0.0009047190465575473,0.30062830448150635,0.9012202024459839,0.35,1,1,797,FP32-token-IDs
RoBERTa,lghad1,525,53,8384,į,į,False,sadness,-0.004344929284083524,0.004344929284083524,0.3040405511856079,0.4563634395599365,0.35,0,1,797,FP32-token-IDs
RoBERTa,lghad1,525,53,8384,į,į,False,suicide intent,-0.0004545184030056199,0.0004545184030056199,0.08356937021017075,0.008036630228161812,0.35,0,0,797,FP32-token-IDs
RoBERTa,lghad1,525,53,8384,į,į,False,worthlessness,-0.0024926136561239567,0.0024926136561239567,0.23034417629241943,0.3397594094276428,0.35,0,0,797,FP32-token-IDs
RoBERTa,lghad1,525,54,38718,âĻ,âļ,False,anger,-7.749016839335421e-05,7.749016839335421e-05,0.3152667284011841,0.8488504886627197,0.35,1,1,797,FP32-token-IDs
RoBERTa,lghad1,525,54,38718,âĻ,âļ,False,brain dysfunction (forget),-0.0005265000243645652,0.0005265000243645652,0.17854474484920502,0.586258053779602,0.35,0,1,797,FP32-token-IDs
RoBERTa,lghad1,525,54,38718,âĻ,âļ,False,emptiness,-0.0008632615105483097,0.0008632615105483097,0.1224183663725853,0.13897325098514557,0.35,0,0,797,FP32-token-IDs
RoBERTa,lghad1,525,54,38718,âĻ,âļ,False,hopelessness,-0.003967330061221639,0.003967330061221639,0.2907838523387909,0.6040868759155273,0.35,1,1,797,FP32-token-IDs
RoBERTa,lghad1,525,54,38718,âĻ,âļ,False,loneliness,0.0009047190465575473,0.0009047190465575473,0.30062830448150635,0.9012202024459839,0.35,1,1,797,FP32-token-IDs
RoBERTa,lghad1,525,54,38718,âĻ,âļ,False,sadness,-0.004344929284083524,0.004344929284083524,0.3040405511856079,0.4563634395599365,0.35,0,1,797,FP32-token-IDs
RoBERTa,lghad1,525,54,38718,âĻ,âļ,False,suicide intent,-0.0004545184030056199,0.0004545184030056199,0.08356937021017075,0.008036630228161812,0.35,0,0,797,FP32-token-IDs
RoBERTa,lghad1,525,54,38718,âĻ,âļ,False,worthlessness,-0.0024926136561239567,0.0024926136561239567,0.23034417629241943,0.3397594094276428,0.35,0,0,797,FP32-token-IDs
RoBERTa,lghad1,525,55,7471,Ģ,ģ,False,anger,-7.749016839335421e-05,7.749016839335421e-05,0.3152667284011841,0.8488504886627197,0.35,1,1,797,FP32-token-IDs
RoBERTa,lghad1,525,55,7471,Ģ,ģ,False,brain dysfunction (forget),-0.0005265000243645652,0.0005265000243645652,0.17854474484920502,0.586258053779602,0.35,0,1,797,FP32-token-IDs
RoBERTa,lghad1,525,55,7471,Ģ,ģ,False,emptiness,-0.0008632615105483097,0.0008632615105483097,0.1224183663725853,0.13897325098514557,0.35,0,0,797,FP32-token-IDs
RoBERTa,lghad1,525,55,7471,Ģ,ģ,False,hopelessness,-0.003967330061221639,0.003967330061221639,0.2907838523387909,0.6040868759155273,0.35,1,1,797,FP32-token-IDs
RoBERTa,lghad1,525,55,7471,Ģ,ģ,False,loneliness,0.0009047190465575473,0.0009047190465575473,0.30062830448150635,0.9012202024459839,0.35,1,1,797,FP32-token-IDs
RoBERTa,lghad1,525,55,7471,Ģ,ģ,False,sadness,-0.004344929284083524,0.004344929284083524,0.3040405511856079,0.4563634395599365,0.35,0,1,797,FP32-token-IDs
RoBERTa,lghad1,525,55,7471,Ģ,ģ,False,suicide intent,-0.0004545184030056199,0.0004545184030056199,0.08356937021017075,0.008036630228161812,0.35,0,0,797,FP32-token-IDs
RoBERTa,lghad1,525,55,7471,Ģ,ģ,False,worthlessness,-0.0024926136561239567,0.0024926136561239567,0.23034417629241943,0.3397594094276428,0.35,0,0,797,FP32-token-IDs
RoBERTa,lghad1,525,56,12605,ï¸ı,ï¸ı,False,anger,-7.749016839335421e-05,7.749016839335421e-05,0.3152667284011841,0.8488504886627197,0.35,1,1,797,FP32-token-IDs
RoBERTa,lghad1,525,56,12605,ï¸ı,ï¸ı,False,brain dysfunction (forget),-0.0005265000243645652,0.0005265000243645652,0.17854474484920502,0.586258053779602,0.35,0,1,797,FP32-token-IDs
RoBERTa,lghad1,525,56,12605,ï¸ı,ï¸ı,False,emptiness,-0.0008632615105483097,0.0008632615105483097,0.1224183663725853,0.13897325098514557,0.35,0,0,797,FP32-token-IDs
RoBERTa,lghad1,525,56,12605,ï¸ı,ï¸ı,False,hopelessness,-0.003967330061221639,0.003967330061221639,0.2907838523387909,0.6040868759155273,0.35,1,1,797,FP32-token-IDs
RoBERTa,lghad1,525,56,12605,ï¸ı,ï¸ı,False,loneliness,0.0009047190465575473,0.0009047190465575473,0.30062830448150635,0.9012202024459839,0.35,1,1,797,FP32-token-IDs
RoBERTa,lghad1,525,56,12605,ï¸ı,ï¸ı,False,sadness,-0.004344929284083524,0.004344929284083524,0.3040405511856079,0.4563634395599365,0.35,0,1,797,FP32-token-IDs
RoBERTa,lghad1,525,56,12605,ï¸ı,ï¸ı,False,suicide intent,-0.0004545184030056199,0.0004545184030056199,0.08356937021017075,0.008036630228161812,0.35,0,0,797,FP32-token-IDs
RoBERTa,lghad1,525,56,12605,ï¸ı,ï¸ı,False,worthlessness,-0.0024926136561239567,0.0024926136561239567,0.23034417629241943,0.3397594094276428,0.35,0,0,797,FP32-token-IDs
RoBERTa,lghad1,525,57,1534,ĠIs,is,False,anger,-0.0005861725399761901,0.0005861725399761901,0.3152667284011841,0.8488504886627197,0.35,1,1,797,FP32-token-IDs
RoBERTa,lghad1,525,57,1534,ĠIs,is,False,brain dysfunction (forget),0.0012505406488224375,0.0012505406488224375,0.17854474484920502,0.586258053779602,0.35,0,1,797,FP32-token-IDs
RoBERTa,lghad1,525,57,1534,ĠIs,is,False,emptiness,-0.0005818463860663001,0.0005818463860663001,0.1224183663725853,0.13897325098514557,0.35,0,0,797,FP32-token-IDs
RoBERTa,lghad1,525,57,1534,ĠIs,is,False,hopelessness,-0.002737862201264271,0.002737862201264271,0.2907838523387909,0.6040868759155273,0.35,1,1,797,FP32-token-IDs
RoBERTa,lghad1,525,57,1534,ĠIs,is,False,loneliness,3.144218750134285e-05,3.144218750134285e-05,0.30062830448150635,0.9012202024459839,0.35,1,1,797,FP32-token-IDs
RoBERTa,lghad1,525,57,1534,ĠIs,is,False,sadness,-0.007614823949656316,0.007614823949656316,0.3040405511856079,0.4563634395599365,0.35,0,1,797,FP32-token-IDs
RoBERTa,lghad1,525,57,1534,ĠIs,is,False,suicide intent,-0.00041138770424627836,0.00041138770424627836,0.08356937021017075,0.008036630228161812,0.35,0,0,797,FP32-token-IDs
RoBERTa,lghad1,525,57,1534,ĠIs,is,False,worthlessness,0.0008965834079740139,0.0008965834079740139,0.23034417629241943,0.3397594094276428,0.35,0,0,797,FP32-token-IDs
RoBERTa,lghad1,525,58,14,Ġthat,that,False,anger,-0.0005861725399761901,0.0005861725399761901,0.3152667284011841,0.8488504886627197,0.35,1,1,797,FP32-token-IDs
RoBERTa,lghad1,525,58,14,Ġthat,that,False,brain dysfunction (forget),0.0012505406488224375,0.0012505406488224375,0.17854474484920502,0.586258053779602,0.35,0,1,797,FP32-token-IDs
RoBERTa,lghad1,525,58,14,Ġthat,that,False,emptiness,-0.0005818463860663001,0.0005818463860663001,0.1224183663725853,0.13897325098514557,0.35,0,0,797,FP32-token-IDs
RoBERTa,lghad1,525,58,14,Ġthat,that,False,hopelessness,-0.002737862201264271,0.002737862201264271,0.2907838523387909,0.6040868759155273,0.35,1,1,797,FP32-token-IDs
RoBERTa,lghad1,525,58,14,Ġthat,that,False,loneliness,3.144218750134285e-05,3.144218750134285e-05,0.30062830448150635,0.9012202024459839,0.35,1,1,797,FP32-token-IDs
RoBERTa,lghad1,525,58,14,Ġthat,that,False,sadness,-0.007614823949656316,0.007614823949656316,0.3040405511856079,0.4563634395599365,0.35,0,1,797,FP32-token-IDs
RoBERTa,lghad1,525,58,14,Ġthat,that,False,suicide intent,-0.00041138770424627836,0.00041138770424627836,0.08356937021017075,0.008036630228161812,0.35,0,0,797,FP32-token-IDs
RoBERTa,lghad1,525,58,14,Ġthat,that,False,worthlessness,0.0008965834079740139,0.0008965834079740139,0.23034417629241943,0.3397594094276428,0.35,0,0,797,FP32-token-IDs
RoBERTa,lghad1,525,59,10,Ġa,a,False,anger,-0.0005861725399761901,0.0005861725399761901,0.3152667284011841,0.8488504886627197,0.35,1,1,797,FP32-token-IDs
RoBERTa,lghad1,525,59,10,Ġa,a,False,brain dysfunction (forget),0.0012505406488224375,0.0012505406488224375,0.17854474484920502,0.586258053779602,0.35,0,1,797,FP32-token-IDs
RoBERTa,lghad1,525,59,10,Ġa,a,False,emptiness,-0.0005818463860663001,0.0005818463860663001,0.1224183663725853,0.13897325098514557,0.35,0,0,797,FP32-token-IDs
RoBERTa,lghad1,525,59,10,Ġa,a,False,hopelessness,-0.002737862201264271,0.002737862201264271,0.2907838523387909,0.6040868759155273,0.35,1,1,797,FP32-token-IDs
RoBERTa,lghad1,525,59,10,Ġa,a,False,loneliness,3.144218750134285e-05,3.144218750134285e-05,0.30062830448150635,0.9012202024459839,0.35,1,1,797,FP32-token-IDs
RoBERTa,lghad1,525,59,10,Ġa,a,False,sadness,-0.007614823949656316,0.007614823949656316,0.3040405511856079,0.4563634395599365,0.35,0,1,797,FP32-token-IDs
RoBERTa,lghad1,525,59,10,Ġa,a,False,suicide intent,-0.00041138770424627836,0.00041138770424627836,0.08356937021017075,0.008036630228161812,0.35,0,0,797,FP32-token-IDs
RoBERTa,lghad1,525,59,10,Ġa,a,False,worthlessness,0.0008965834079740139,0.0008965834079740139,0.23034417629241943,0.3397594094276428,0.35,0,0,797,FP32-token-IDs
RoBERTa,lghad1,525,60,631,Ġthing,thing,False,anger,-0.0005861725399761901,0.0005861725399761901,0.3152667284011841,0.8488504886627197,0.35,1,1,797,FP32-token-IDs
RoBERTa,lghad1,525,60,631,Ġthing,thing,False,brain dysfunction (forget),0.0012505406488224375,0.0012505406488224375,0.17854474484920502,0.586258053779602,0.35,0,1,797,FP32-token-IDs
RoBERTa,lghad1,525,60,631,Ġthing,thing,False,emptiness,-0.0005818463860663001,0.0005818463860663001,0.1224183663725853,0.13897325098514557,0.35,0,0,797,FP32-token-IDs
RoBERTa,lghad1,525,60,631,Ġthing,thing,False,hopelessness,-0.002737862201264271,0.002737862201264271,0.2907838523387909,0.6040868759155273,0.35,1,1,797,FP32-token-IDs
RoBERTa,lghad1,525,60,631,Ġthing,thing,False,loneliness,3.144218750134285e-05,3.144218750134285e-05,0.30062830448150635,0.9012202024459839,0.35,1,1,797,FP32-token-IDs
RoBERTa,lghad1,525,60,631,Ġthing,thing,False,sadness,-0.007614823949656316,0.007614823949656316,0.3040405511856079,0.4563634395599365,0.35,0,1,797,FP32-token-IDs
RoBERTa,lghad1,525,60,631,Ġthing,thing,False,suicide intent,-0.00041138770424627836,0.00041138770424627836,0.08356937021017075,0.008036630228161812,0.35,0,0,797,FP32-token-IDs
RoBERTa,lghad1,525,60,631,Ġthing,thing,False,worthlessness,0.0008965834079740139,0.0008965834079740139,0.23034417629241943,0.3397594094276428,0.35,0,0,797,FP32-token-IDs
RoBERTa,lghad1,525,61,116,?,?,False,anger,-0.0005861725399761901,0.0005861725399761901,0.3152667284011841,0.8488504886627197,0.35,1,1,797,FP32-token-IDs
RoBERTa,lghad1,525,61,116,?,?,False,brain dysfunction (forget),0.0012505406488224375,0.0012505406488224375,0.17854474484920502,0.586258053779602,0.35,0,1,797,FP32-token-IDs
RoBERTa,lghad1,525,61,116,?,?,False,emptiness,-0.0005818463860663001,0.0005818463860663001,0.1224183663725853,0.13897325098514557,0.35,0,0,797,FP32-token-IDs
RoBERTa,lghad1,525,61,116,?,?,False,hopelessness,-0.002737862201264271,0.002737862201264271,0.2907838523387909,0.6040868759155273,0.35,1,1,797,FP32-token-IDs
RoBERTa,lghad1,525,61,116,?,?,False,loneliness,3.144218750134285e-05,3.144218750134285e-05,0.30062830448150635,0.9012202024459839,0.35,1,1,797,FP32-token-IDs
RoBERTa,lghad1,525,61,116,?,?,False,sadness,-0.007614823949656316,0.007614823949656316,0.3040405511856079,0.4563634395599365,0.35,0,1,797,FP32-token-IDs
RoBERTa,lghad1,525,61,116,?,?,False,suicide intent,-0.00041138770424627836,0.00041138770424627836,0.08356937021017075,0.008036630228161812,0.35,0,0,797,FP32-token-IDs
RoBERTa,lghad1,525,61,116,?,?,False,worthlessness,0.0008965834079740139,0.0008965834079740139,0.23034417629241943,0.3397594094276428,0.35,0,0,797,FP32-token-IDs
RoBERTa,lghad1,525,62,38,ĠI,i,False,anger,0.0010158700502610632,0.0010158700502610632,0.3152667284011841,0.8488504886627197,0.35,1,1,797,FP32-token-IDs
RoBERTa,lghad1,525,62,38,ĠI,i,False,brain dysfunction (forget),0.004358675264354263,0.004358675264354263,0.17854474484920502,0.586258053779602,0.35,0,1,797,FP32-token-IDs
RoBERTa,lghad1,525,62,38,ĠI,i,False,emptiness,0.0019433737117131905,0.0019433737117131905,0.1224183663725853,0.13897325098514557,0.35,0,0,797,FP32-token-IDs
RoBERTa,lghad1,525,62,38,ĠI,i,False,hopelessness,0.00521281231859965,0.00521281231859965,0.2907838523387909,0.6040868759155273,0.35,1,1,797,FP32-token-IDs
RoBERTa,lghad1,525,62,38,ĠI,i,False,loneliness,0.004551263775543443,0.004551263775543443,0.30062830448150635,0.9012202024459839,0.35,1,1,797,FP32-token-IDs
RoBERTa,lghad1,525,62,38,ĠI,i,False,sadness,-0.002962848504206964,0.002962848504206964,0.3040405511856079,0.4563634395599365,0.35,0,1,797,FP32-token-IDs
RoBERTa,lghad1,525,62,38,ĠI,i,False,suicide intent,-9.919843536668591e-05,9.919843536668591e-05,0.08356937021017075,0.008036630228161812,0.35,0,0,797,FP32-token-IDs
RoBERTa,lghad1,525,62,38,ĠI,i,False,worthlessness,0.00637750414067081,0.00637750414067081,0.23034417629241943,0.3397594094276428,0.35,0,0,797,FP32-token-IDs
RoBERTa,lghad1,525,63,218,Ġdon,don,False,anger,0.0010158700502610632,0.0010158700502610632,0.3152667284011841,0.8488504886627197,0.35,1,1,797,FP32-token-IDs
RoBERTa,lghad1,525,63,218,Ġdon,don,False,brain dysfunction (forget),0.004358675264354263,0.004358675264354263,0.17854474484920502,0.586258053779602,0.35,0,1,797,FP32-token-IDs
RoBERTa,lghad1,525,63,218,Ġdon,don,False,emptiness,0.0019433737117131905,0.0019433737117131905,0.1224183663725853,0.13897325098514557,0.35,0,0,797,FP32-token-IDs
RoBERTa,lghad1,525,63,218,Ġdon,don,False,hopelessness,0.00521281231859965,0.00521281231859965,0.2907838523387909,0.6040868759155273,0.35,1,1,797,FP32-token-IDs
RoBERTa,lghad1,525,63,218,Ġdon,don,False,loneliness,0.004551263775543443,0.004551263775543443,0.30062830448150635,0.9012202024459839,0.35,1,1,797,FP32-token-IDs
RoBERTa,lghad1,525,63,218,Ġdon,don,False,sadness,-0.002962848504206964,0.002962848504206964,0.3040405511856079,0.4563634395599365,0.35,0,1,797,FP32-token-IDs
RoBERTa,lghad1,525,63,218,Ġdon,don,False,suicide intent,-9.919843536668591e-05,9.919843536668591e-05,0.08356937021017075,0.008036630228161812,0.35,0,0,797,FP32-token-IDs
RoBERTa,lghad1,525,63,218,Ġdon,don,False,worthlessness,0.00637750414067081,0.00637750414067081,0.23034417629241943,0.3397594094276428,0.35,0,0,797,FP32-token-IDs
RoBERTa,lghad1,525,64,17,âĢ,âģ,False,anger,0.0010158700502610632,0.0010158700502610632,0.3152667284011841,0.8488504886627197,0.35,1,1,797,FP32-token-IDs
RoBERTa,lghad1,525,64,17,âĢ,âģ,False,brain dysfunction (forget),0.004358675264354263,0.004358675264354263,0.17854474484920502,0.586258053779602,0.35,0,1,797,FP32-token-IDs
RoBERTa,lghad1,525,64,17,âĢ,âģ,False,emptiness,0.0019433737117131905,0.0019433737117131905,0.1224183663725853,0.13897325098514557,0.35,0,0,797,FP32-token-IDs
RoBERTa,lghad1,525,64,17,âĢ,âģ,False,hopelessness,0.00521281231859965,0.00521281231859965,0.2907838523387909,0.6040868759155273,0.35,1,1,797,FP32-token-IDs
RoBERTa,lghad1,525,64,17,âĢ,âģ,False,loneliness,0.004551263775543443,0.004551263775543443,0.30062830448150635,0.9012202024459839,0.35,1,1,797,FP32-token-IDs
RoBERTa,lghad1,525,64,17,âĢ,âģ,False,sadness,-0.002962848504206964,0.002962848504206964,0.3040405511856079,0.4563634395599365,0.35,0,1,797,FP32-token-IDs
RoBERTa,lghad1,525,64,17,âĢ,âģ,False,suicide intent,-9.919843536668591e-05,9.919843536668591e-05,0.08356937021017075,0.008036630228161812,0.35,0,0,797,FP32-token-IDs
RoBERTa,lghad1,525,64,17,âĢ,âģ,False,worthlessness,0.00637750414067081,0.00637750414067081,0.23034417629241943,0.3397594094276428,0.35,0,0,797,FP32-token-IDs
RoBERTa,lghad1,525,65,27,Ļ,ļ,False,anger,0.0010158700502610632,0.0010158700502610632,0.3152667284011841,0.8488504886627197,0.35,1,1,797,FP32-token-IDs
RoBERTa,lghad1,525,65,27,Ļ,ļ,False,brain dysfunction (forget),0.004358675264354263,0.004358675264354263,0.17854474484920502,0.586258053779602,0.35,0,1,797,FP32-token-IDs
RoBERTa,lghad1,525,65,27,Ļ,ļ,False,emptiness,0.0019433737117131905,0.0019433737117131905,0.1224183663725853,0.13897325098514557,0.35,0,0,797,FP32-token-IDs
RoBERTa,lghad1,525,65,27,Ļ,ļ,False,hopelessness,0.00521281231859965,0.00521281231859965,0.2907838523387909,0.6040868759155273,0.35,1,1,797,FP32-token-IDs
RoBERTa,lghad1,525,65,27,Ļ,ļ,False,loneliness,0.004551263775543443,0.004551263775543443,0.30062830448150635,0.9012202024459839,0.35,1,1,797,FP32-token-IDs
RoBERTa,lghad1,525,65,27,Ļ,ļ,False,sadness,-0.002962848504206964,0.002962848504206964,0.3040405511856079,0.4563634395599365,0.35,0,1,797,FP32-token-IDs
RoBERTa,lghad1,525,65,27,Ļ,ļ,False,suicide intent,-9.919843536668591e-05,9.919843536668591e-05,0.08356937021017075,0.008036630228161812,0.35,0,0,797,FP32-token-IDs
RoBERTa,lghad1,525,65,27,Ļ,ļ,False,worthlessness,0.00637750414067081,0.00637750414067081,0.23034417629241943,0.3397594094276428,0.35,0,0,797,FP32-token-IDs
RoBERTa,lghad1,525,66,90,t,t,False,anger,0.0010158700502610632,0.0010158700502610632,0.3152667284011841,0.8488504886627197,0.35,1,1,797,FP32-token-IDs
RoBERTa,lghad1,525,66,90,t,t,False,brain dysfunction (forget),0.004358675264354263,0.004358675264354263,0.17854474484920502,0.586258053779602,0.35,0,1,797,FP32-token-IDs
RoBERTa,lghad1,525,66,90,t,t,False,emptiness,0.0019433737117131907,0.0019433737117131907,0.1224183663725853,0.13897325098514557,0.35,0,0,797,FP32-token-IDs
RoBERTa,lghad1,525,66,90,t,t,False,hopelessness,0.00521281231859965,0.00521281231859965,0.2907838523387909,0.6040868759155273,0.35,1,1,797,FP32-token-IDs
RoBERTa,lghad1,525,66,90,t,t,False,loneliness,0.004551263775543443,0.004551263775543443,0.30062830448150635,0.9012202024459839,0.35,1,1,797,FP32-token-IDs
RoBERTa,lghad1,525,66,90,t,t,False,sadness,-0.0029628485042069636,0.0029628485042069636,0.3040405511856079,0.4563634395599365,0.35,0,1,797,FP32-token-IDs
RoBERTa,lghad1,525,66,90,t,t,False,suicide intent,-9.91984353666859e-05,9.91984353666859e-05,0.08356937021017075,0.008036630228161812,0.35,0,0,797,FP32-token-IDs
RoBERTa,lghad1,525,66,90,t,t,False,worthlessness,0.006377504140670811,0.006377504140670811,0.23034417629241943,0.3397594094276428,0.35,0,0,797,FP32-token-IDs
RoBERTa,lghad1,525,67,216,Ġknow,know,False,anger,0.0010158700502610632,0.0010158700502610632,0.3152667284011841,0.8488504886627197,0.35,1,1,797,FP32-token-IDs
RoBERTa,lghad1,525,67,216,Ġknow,know,False,brain dysfunction (forget),0.004358675264354263,0.004358675264354263,0.17854474484920502,0.586258053779602,0.35,0,1,797,FP32-token-IDs
RoBERTa,lghad1,525,67,216,Ġknow,know,False,emptiness,0.0019433737117131907,0.0019433737117131907,0.1224183663725853,0.13897325098514557,0.35,0,0,797,FP32-token-IDs
RoBERTa,lghad1,525,67,216,Ġknow,know,False,hopelessness,0.00521281231859965,0.00521281231859965,0.2907838523387909,0.6040868759155273,0.35,1,1,797,FP32-token-IDs
RoBERTa,lghad1,525,67,216,Ġknow,know,False,loneliness,0.004551263775543443,0.004551263775543443,0.30062830448150635,0.9012202024459839,0.35,1,1,797,FP32-token-IDs
RoBERTa,lghad1,525,67,216,Ġknow,know,False,sadness,-0.0029628485042069636,0.0029628485042069636,0.3040405511856079,0.4563634395599365,0.35,0,1,797,FP32-token-IDs
RoBERTa,lghad1,525,67,216,Ġknow,know,False,suicide intent,-9.91984353666859e-05,9.91984353666859e-05,0.08356937021017075,0.008036630228161812,0.35,0,0,797,FP32-token-IDs
RoBERTa,lghad1,525,67,216,Ġknow,know,False,worthlessness,0.006377504140670811,0.006377504140670811,0.23034417629241943,0.3397594094276428,0.35,0,0,797,FP32-token-IDs
RoBERTa,lghad1,525,68,53,Ġbut,but,False,anger,0.0010158700502610632,0.0010158700502610632,0.3152667284011841,0.8488504886627197,0.35,1,1,797,FP32-token-IDs
RoBERTa,lghad1,525,68,53,Ġbut,but,False,brain dysfunction (forget),0.004358675264354263,0.004358675264354263,0.17854474484920502,0.586258053779602,0.35,0,1,797,FP32-token-IDs
RoBERTa,lghad1,525,68,53,Ġbut,but,False,emptiness,0.0019433737117131907,0.0019433737117131907,0.1224183663725853,0.13897325098514557,0.35,0,0,797,FP32-token-IDs
RoBERTa,lghad1,525,68,53,Ġbut,but,False,hopelessness,0.00521281231859965,0.00521281231859965,0.2907838523387909,0.6040868759155273,0.35,1,1,797,FP32-token-IDs
RoBERTa,lghad1,525,68,53,Ġbut,but,False,loneliness,0.004551263775543443,0.004551263775543443,0.30062830448150635,0.9012202024459839,0.35,1,1,797,FP32-token-IDs
RoBERTa,lghad1,525,68,53,Ġbut,but,False,sadness,-0.0029628485042069636,0.0029628485042069636,0.3040405511856079,0.4563634395599365,0.35,0,1,797,FP32-token-IDs
RoBERTa,lghad1,525,68,53,Ġbut,but,False,suicide intent,-9.91984353666859e-05,9.91984353666859e-05,0.08356937021017075,0.008036630228161812,0.35,0,0,797,FP32-token-IDs
RoBERTa,lghad1,525,68,53,Ġbut,but,False,worthlessness,0.006377504140670811,0.006377504140670811,0.23034417629241943,0.3397594094276428,0.35,0,0,797,FP32-token-IDs
RoBERTa,lghad1,525,69,24,Ġit,it,False,anger,0.05609747912239982,0.05609747912239982,0.3152667284011841,0.8488504886627197,0.35,1,1,797,FP32-token-IDs
RoBERTa,lghad1,525,69,24,Ġit,it,False,brain dysfunction (forget),-0.0032306248031090945,0.0032306248031090945,0.17854474484920502,0.586258053779602,0.35,0,1,797,FP32-token-IDs
RoBERTa,lghad1,525,69,24,Ġit,it,False,emptiness,-0.003782414431043435,0.003782414431043435,0.1224183663725853,0.13897325098514557,0.35,0,0,797,FP32-token-IDs
RoBERTa,lghad1,525,69,24,Ġit,it,False,hopelessness,0.02203576493775472,0.02203576493775472,0.2907838523387909,0.6040868759155273,0.35,1,1,797,FP32-token-IDs
RoBERTa,lghad1,525,69,24,Ġit,it,False,loneliness,-0.027775299007771537,0.027775299007771537,0.30062830448150635,0.9012202024459839,0.35,1,1,797,FP32-token-IDs
RoBERTa,lghad1,525,69,24,Ġit,it,False,sadness,0.015122511074878275,0.015122511074878275,0.3040405511856079,0.4563634395599365,0.35,0,1,797,FP32-token-IDs
RoBERTa,lghad1,525,69,24,Ġit,it,False,suicide intent,-0.0008784767596807797,0.0008784767596807797,0.08356937021017075,0.008036630228161812,0.35,0,0,797,FP32-token-IDs
RoBERTa,lghad1,525,69,24,Ġit,it,False,worthlessness,0.04260656006226782,0.04260656006226782,0.23034417629241943,0.3397594094276428,0.35,0,0,797,FP32-token-IDs
RoBERTa,lghad1,525,70,16,Ġis,is,False,anger,0.05609747912239982,0.05609747912239982,0.3152667284011841,0.8488504886627197,0.35,1,1,797,FP32-token-IDs
RoBERTa,lghad1,525,70,16,Ġis,is,False,brain dysfunction (forget),-0.0032306248031090945,0.0032306248031090945,0.17854474484920502,0.586258053779602,0.35,0,1,797,FP32-token-IDs
RoBERTa,lghad1,525,70,16,Ġis,is,False,emptiness,-0.003782414431043435,0.003782414431043435,0.1224183663725853,0.13897325098514557,0.35,0,0,797,FP32-token-IDs
RoBERTa,lghad1,525,70,16,Ġis,is,False,hopelessness,0.02203576493775472,0.02203576493775472,0.2907838523387909,0.6040868759155273,0.35,1,1,797,FP32-token-IDs
RoBERTa,lghad1,525,70,16,Ġis,is,False,loneliness,-0.027775299007771537,0.027775299007771537,0.30062830448150635,0.9012202024459839,0.35,1,1,797,FP32-token-IDs
RoBERTa,lghad1,525,70,16,Ġis,is,False,sadness,0.015122511074878275,0.015122511074878275,0.3040405511856079,0.4563634395599365,0.35,0,1,797,FP32-token-IDs
RoBERTa,lghad1,525,70,16,Ġis,is,False,suicide intent,-0.0008784767596807797,0.0008784767596807797,0.08356937021017075,0.008036630228161812,0.35,0,0,797,FP32-token-IDs
RoBERTa,lghad1,525,70,16,Ġis,is,False,worthlessness,0.04260656006226782,0.04260656006226782,0.23034417629241943,0.3397594094276428,0.35,0,0,797,FP32-token-IDs
RoBERTa,lghad1,525,71,269,Ġreally,really,False,anger,0.09325332944717957,0.09325332944717957,0.3152667284011841,0.8488504886627197,0.35,1,1,797,FP32-token-IDs
RoBERTa,lghad1,525,71,269,Ġreally,really,False,brain dysfunction (forget),-0.0007227063470054418,0.0007227063470054418,0.17854474484920502,0.586258053779602,0.35,0,1,797,FP32-token-IDs
RoBERTa,lghad1,525,71,269,Ġreally,really,False,emptiness,-0.0055819979243096896,0.0055819979243096896,0.1224183663725853,0.13897325098514557,0.35,0,0,797,FP32-token-IDs
RoBERTa,lghad1,525,71,269,Ġreally,really,False,hopelessness,0.04710810485994443,0.04710810485994443,0.2907838523387909,0.6040868759155273,0.35,1,1,797,FP32-token-IDs
RoBERTa,lghad1,525,71,269,Ġreally,really,False,loneliness,-0.04785050291684456,0.04785050291684456,0.30062830448150635,0.9012202024459839,0.35,1,1,797,FP32-token-IDs
RoBERTa,lghad1,525,71,269,Ġreally,really,False,sadness,0.029038246138952672,0.029038246138952672,0.3040405511856079,0.4563634395599365,0.35,0,1,797,FP32-token-IDs
RoBERTa,lghad1,525,71,269,Ġreally,really,False,suicide intent,-0.0011473812446638476,0.0011473812446638476,0.08356937021017075,0.008036630228161812,0.35,0,0,797,FP32-token-IDs
RoBERTa,lghad1,525,71,269,Ġreally,really,False,worthlessness,0.07145615601621103,0.07145615601621103,0.23034417629241943,0.3397594094276428,0.35,0,0,797,FP32-token-IDs
RoBERTa,lghad1,525,72,38279,Ġirritating,irritating,False,anger,0.09325332944717957,0.09325332944717957,0.3152667284011841,0.8488504886627197,0.35,1,1,797,FP32-token-IDs
RoBERTa,lghad1,525,72,38279,Ġirritating,irritating,False,brain dysfunction (forget),-0.0007227063470054418,0.0007227063470054418,0.17854474484920502,0.586258053779602,0.35,0,1,797,FP32-token-IDs
RoBERTa,lghad1,525,72,38279,Ġirritating,irritating,False,emptiness,-0.0055819979243096896,0.0055819979243096896,0.1224183663725853,0.13897325098514557,0.35,0,0,797,FP32-token-IDs
RoBERTa,lghad1,525,72,38279,Ġirritating,irritating,False,hopelessness,0.04710810485994443,0.04710810485994443,0.2907838523387909,0.6040868759155273,0.35,1,1,797,FP32-token-IDs
RoBERTa,lghad1,525,72,38279,Ġirritating,irritating,False,loneliness,-0.04785050291684456,0.04785050291684456,0.30062830448150635,0.9012202024459839,0.35,1,1,797,FP32-token-IDs
RoBERTa,lghad1,525,72,38279,Ġirritating,irritating,False,sadness,0.029038246138952672,0.029038246138952672,0.3040405511856079,0.4563634395599365,0.35,0,1,797,FP32-token-IDs
RoBERTa,lghad1,525,72,38279,Ġirritating,irritating,False,suicide intent,-0.0011473812446638476,0.0011473812446638476,0.08356937021017075,0.008036630228161812,0.35,0,0,797,FP32-token-IDs
RoBERTa,lghad1,525,72,38279,Ġirritating,irritating,False,worthlessness,0.07145615601621103,0.07145615601621103,0.23034417629241943,0.3397594094276428,0.35,0,0,797,FP32-token-IDs
RoBERTa,lghad1,525,73,7,Ġto,to,False,anger,0.022091960105171893,0.022091960105171893,0.3152667284011841,0.8488504886627197,0.35,1,1,797,FP32-token-IDs
RoBERTa,lghad1,525,73,7,Ġto,to,False,brain dysfunction (forget),-0.0009995216969400644,0.0009995216969400644,0.17854474484920502,0.586258053779602,0.35,0,1,797,FP32-token-IDs
RoBERTa,lghad1,525,73,7,Ġto,to,False,emptiness,-0.0013695257730432786,0.0013695257730432786,0.1224183663725853,0.13897325098514557,0.35,0,0,797,FP32-token-IDs
RoBERTa,lghad1,525,73,7,Ġto,to,False,hopelessness,0.005972299259155989,0.005972299259155989,0.2907838523387909,0.6040868759155273,0.35,1,1,797,FP32-token-IDs
RoBERTa,lghad1,525,73,7,Ġto,to,False,loneliness,-0.005546264495933428,0.005546264495933428,0.30062830448150635,0.9012202024459839,0.35,1,1,797,FP32-token-IDs
RoBERTa,lghad1,525,73,7,Ġto,to,False,sadness,0.011067309998907149,0.011067309998907149,0.3040405511856079,0.4563634395599365,0.35,0,1,797,FP32-token-IDs
RoBERTa,lghad1,525,73,7,Ġto,to,False,suicide intent,-0.00014944910071790218,0.00014944910071790218,0.08356937021017075,0.008036630228161812,0.35,0,0,797,FP32-token-IDs
RoBERTa,lghad1,525,73,7,Ġto,to,False,worthlessness,0.009259483107598498,0.009259483107598498,0.23034417629241943,0.3397594094276428,0.35,0,0,797,FP32-token-IDs
RoBERTa,lghad1,525,74,1798,Ġhear,hear,False,anger,0.022091960105171893,0.022091960105171893,0.3152667284011841,0.8488504886627197,0.35,1,1,797,FP32-token-IDs
RoBERTa,lghad1,525,74,1798,Ġhear,hear,False,brain dysfunction (forget),-0.0009995216969400644,0.0009995216969400644,0.17854474484920502,0.586258053779602,0.35,0,1,797,FP32-token-IDs
RoBERTa,lghad1,525,74,1798,Ġhear,hear,False,emptiness,-0.0013695257730432786,0.0013695257730432786,0.1224183663725853,0.13897325098514557,0.35,0,0,797,FP32-token-IDs
RoBERTa,lghad1,525,74,1798,Ġhear,hear,False,hopelessness,0.005972299259155989,0.005972299259155989,0.2907838523387909,0.6040868759155273,0.35,1,1,797,FP32-token-IDs
RoBERTa,lghad1,525,74,1798,Ġhear,hear,False,loneliness,-0.005546264495933428,0.005546264495933428,0.30062830448150635,0.9012202024459839,0.35,1,1,797,FP32-token-IDs
RoBERTa,lghad1,525,74,1798,Ġhear,hear,False,sadness,0.011067309998907149,0.011067309998907149,0.3040405511856079,0.4563634395599365,0.35,0,1,797,FP32-token-IDs
RoBERTa,lghad1,525,74,1798,Ġhear,hear,False,suicide intent,-0.00014944910071790218,0.00014944910071790218,0.08356937021017075,0.008036630228161812,0.35,0,0,797,FP32-token-IDs
RoBERTa,lghad1,525,74,1798,Ġhear,hear,False,worthlessness,0.009259483107598498,0.009259483107598498,0.23034417629241943,0.3397594094276428,0.35,0,0,797,FP32-token-IDs
RoBERTa,lghad1,525,75,123,Ġhim,him,False,anger,0.022091960105171893,0.022091960105171893,0.3152667284011841,0.8488504886627197,0.35,1,1,797,FP32-token-IDs
RoBERTa,lghad1,525,75,123,Ġhim,him,False,brain dysfunction (forget),-0.0009995216969400644,0.0009995216969400644,0.17854474484920502,0.586258053779602,0.35,0,1,797,FP32-token-IDs
RoBERTa,lghad1,525,75,123,Ġhim,him,False,emptiness,-0.0013695257730432786,0.0013695257730432786,0.1224183663725853,0.13897325098514557,0.35,0,0,797,FP32-token-IDs
RoBERTa,lghad1,525,75,123,Ġhim,him,False,hopelessness,0.005972299259155989,0.005972299259155989,0.2907838523387909,0.6040868759155273,0.35,1,1,797,FP32-token-IDs
RoBERTa,lghad1,525,75,123,Ġhim,him,False,loneliness,-0.005546264495933428,0.005546264495933428,0.30062830448150635,0.9012202024459839,0.35,1,1,797,FP32-token-IDs
RoBERTa,lghad1,525,75,123,Ġhim,him,False,sadness,0.011067309998907149,0.011067309998907149,0.3040405511856079,0.4563634395599365,0.35,0,1,797,FP32-token-IDs
RoBERTa,lghad1,525,75,123,Ġhim,him,False,suicide intent,-0.00014944910071790218,0.00014944910071790218,0.08356937021017075,0.008036630228161812,0.35,0,0,797,FP32-token-IDs
RoBERTa,lghad1,525,75,123,Ġhim,him,False,worthlessness,0.009259483107598498,0.009259483107598498,0.23034417629241943,0.3397594094276428,0.35,0,0,797,FP32-token-IDs
RoBERTa,lghad1,525,76,70,Ġall,all,False,anger,0.022091960105171893,0.022091960105171893,0.3152667284011841,0.8488504886627197,0.35,1,1,797,FP32-token-IDs
RoBERTa,lghad1,525,76,70,Ġall,all,False,brain dysfunction (forget),-0.0009995216969400644,0.0009995216969400644,0.17854474484920502,0.586258053779602,0.35,0,1,797,FP32-token-IDs
RoBERTa,lghad1,525,76,70,Ġall,all,False,emptiness,-0.0013695257730432786,0.0013695257730432786,0.1224183663725853,0.13897325098514557,0.35,0,0,797,FP32-token-IDs
RoBERTa,lghad1,525,76,70,Ġall,all,False,hopelessness,0.005972299259155989,0.005972299259155989,0.2907838523387909,0.6040868759155273,0.35,1,1,797,FP32-token-IDs
RoBERTa,lghad1,525,76,70,Ġall,all,False,loneliness,-0.005546264495933428,0.005546264495933428,0.30062830448150635,0.9012202024459839,0.35,1,1,797,FP32-token-IDs
RoBERTa,lghad1,525,76,70,Ġall,all,False,sadness,0.011067309998907149,0.011067309998907149,0.3040405511856079,0.4563634395599365,0.35,0,1,797,FP32-token-IDs
RoBERTa,lghad1,525,76,70,Ġall,all,False,suicide intent,-0.00014944910071790218,0.00014944910071790218,0.08356937021017075,0.008036630228161812,0.35,0,0,797,FP32-token-IDs
RoBERTa,lghad1,525,76,70,Ġall,all,False,worthlessness,0.009259483107598498,0.009259483107598498,0.23034417629241943,0.3397594094276428,0.35,0,0,797,FP32-token-IDs
RoBERTa,lghad1,525,77,1855,Ġch,ch,False,anger,0.0012656585948372428,0.0012656585948372428,0.3152667284011841,0.8488504886627197,0.35,1,1,797,FP32-token-IDs
RoBERTa,lghad1,525,77,1855,Ġch,ch,False,brain dysfunction (forget),-0.006823190133383667,0.006823190133383667,0.17854474484920502,0.586258053779602,0.35,0,1,797,FP32-token-IDs
RoBERTa,lghad1,525,77,1855,Ġch,ch,False,emptiness,-0.003307267097459937,0.003307267097459937,0.1224183663725853,0.13897325098514557,0.35,0,0,797,FP32-token-IDs
RoBERTa,lghad1,525,77,1855,Ġch,ch,False,hopelessness,-0.020441070590591567,0.020441070590591567,0.2907838523387909,0.6040868759155273,0.35,1,1,797,FP32-token-IDs
RoBERTa,lghad1,525,77,1855,Ġch,ch,False,loneliness,-0.0019418919215571473,0.0019418919215571473,0.30062830448150635,0.9012202024459839,0.35,1,1,797,FP32-token-IDs
RoBERTa,lghad1,525,77,1855,Ġch,ch,False,sadness,-0.01037829140709205,0.01037829140709205,0.3040405511856079,0.4563634395599365,0.35,0,1,797,FP32-token-IDs
RoBERTa,lghad1,525,77,1855,Ġch,ch,False,suicide intent,-0.0003270192653210622,0.0003270192653210622,0.08356937021017075,0.008036630228161812,0.35,0,0,797,FP32-token-IDs
RoBERTa,lghad1,525,77,1855,Ġch,ch,False,worthlessness,-0.013558207227933137,0.013558207227933137,0.23034417629241943,0.3397594094276428,0.35,0,0,797,FP32-token-IDs
RoBERTa,lghad1,525,78,8288,ipper,ipper,False,anger,0.0012656585948372428,0.0012656585948372428,0.3152667284011841,0.8488504886627197,0.35,1,1,797,FP32-token-IDs
RoBERTa,lghad1,525,78,8288,ipper,ipper,False,brain dysfunction (forget),-0.006823190133383667,0.006823190133383667,0.17854474484920502,0.586258053779602,0.35,0,1,797,FP32-token-IDs
RoBERTa,lghad1,525,78,8288,ipper,ipper,False,emptiness,-0.003307267097459937,0.003307267097459937,0.1224183663725853,0.13897325098514557,0.35,0,0,797,FP32-token-IDs
RoBERTa,lghad1,525,78,8288,ipper,ipper,False,hopelessness,-0.020441070590591567,0.020441070590591567,0.2907838523387909,0.6040868759155273,0.35,1,1,797,FP32-token-IDs
RoBERTa,lghad1,525,78,8288,ipper,ipper,False,loneliness,-0.0019418919215571473,0.0019418919215571473,0.30062830448150635,0.9012202024459839,0.35,1,1,797,FP32-token-IDs
RoBERTa,lghad1,525,78,8288,ipper,ipper,False,sadness,-0.01037829140709205,0.01037829140709205,0.3040405511856079,0.4563634395599365,0.35,0,1,797,FP32-token-IDs
RoBERTa,lghad1,525,78,8288,ipper,ipper,False,suicide intent,-0.0003270192653210622,0.0003270192653210622,0.08356937021017075,0.008036630228161812,0.35,0,0,797,FP32-token-IDs
RoBERTa,lghad1,525,78,8288,ipper,ipper,False,worthlessness,-0.013558207227933137,0.013558207227933137,0.23034417629241943,0.3397594094276428,0.35,0,0,797,FP32-token-IDs
RoBERTa,lghad1,525,79,1686,Ġtalking,talking,False,anger,0.0009790971578860824,0.0009790971578860824,0.3152667284011841,0.8488504886627197,0.35,1,1,797,FP32-token-IDs
RoBERTa,lghad1,525,79,1686,Ġtalking,talking,False,brain dysfunction (forget),-0.005560826155653393,0.005560826155653393,0.17854474484920502,0.586258053779602,0.35,0,1,797,FP32-token-IDs
RoBERTa,lghad1,525,79,1686,Ġtalking,talking,False,emptiness,-0.003376326470805163,0.003376326470805163,0.1224183663725853,0.13897325098514557,0.35,0,0,797,FP32-token-IDs
RoBERTa,lghad1,525,79,1686,Ġtalking,talking,False,hopelessness,-0.0166617472846569,0.0166617472846569,0.2907838523387909,0.6040868759155273,0.35,1,1,797,FP32-token-IDs
RoBERTa,lghad1,525,79,1686,Ġtalking,talking,False,loneliness,-0.0034681438224982808,0.0034681438224982808,0.30062830448150635,0.9012202024459839,0.35,1,1,797,FP32-token-IDs
RoBERTa,lghad1,525,79,1686,Ġtalking,talking,False,sadness,-0.006571278018368916,0.006571278018368916,0.3040405511856079,0.4563634395599365,0.35,0,1,797,FP32-token-IDs
RoBERTa,lghad1,525,79,1686,Ġtalking,talking,False,suicide intent,-0.00032639635239981794,0.00032639635239981794,0.08356937021017075,0.008036630228161812,0.35,0,0,797,FP32-token-IDs
RoBERTa,lghad1,525,79,1686,Ġtalking,talking,False,worthlessness,-0.01201157053847882,0.01201157053847882,0.23034417629241943,0.3397594094276428,0.35,0,0,797,FP32-token-IDs
RoBERTa,lghad1,525,80,7,Ġto,to,False,anger,0.0009790971578860824,0.0009790971578860824,0.3152667284011841,0.8488504886627197,0.35,1,1,797,FP32-token-IDs
RoBERTa,lghad1,525,80,7,Ġto,to,False,brain dysfunction (forget),-0.005560826155653393,0.005560826155653393,0.17854474484920502,0.586258053779602,0.35,0,1,797,FP32-token-IDs
RoBERTa,lghad1,525,80,7,Ġto,to,False,emptiness,-0.003376326470805163,0.003376326470805163,0.1224183663725853,0.13897325098514557,0.35,0,0,797,FP32-token-IDs
RoBERTa,lghad1,525,80,7,Ġto,to,False,hopelessness,-0.0166617472846569,0.0166617472846569,0.2907838523387909,0.6040868759155273,0.35,1,1,797,FP32-token-IDs
RoBERTa,lghad1,525,80,7,Ġto,to,False,loneliness,-0.0034681438224982808,0.0034681438224982808,0.30062830448150635,0.9012202024459839,0.35,1,1,797,FP32-token-IDs
RoBERTa,lghad1,525,80,7,Ġto,to,False,sadness,-0.006571278018368916,0.006571278018368916,0.3040405511856079,0.4563634395599365,0.35,0,1,797,FP32-token-IDs
RoBERTa,lghad1,525,80,7,Ġto,to,False,suicide intent,-0.00032639635239981794,0.00032639635239981794,0.08356937021017075,0.008036630228161812,0.35,0,0,797,FP32-token-IDs
RoBERTa,lghad1,525,80,7,Ġto,to,False,worthlessness,-0.01201157053847882,0.01201157053847882,0.23034417629241943,0.3397594094276428,0.35,0,0,797,FP32-token-IDs
RoBERTa,lghad1,525,81,39,Ġhis,his,False,anger,0.0020450261790402138,0.0020450261790402138,0.3152667284011841,0.8488504886627197,0.35,1,1,797,FP32-token-IDs
RoBERTa,lghad1,525,81,39,Ġhis,his,False,brain dysfunction (forget),0.0003927308769727294,0.0003927308769727294,0.17854474484920502,0.586258053779602,0.35,0,1,797,FP32-token-IDs
RoBERTa,lghad1,525,81,39,Ġhis,his,False,emptiness,-0.0005826109856996057,0.0005826109856996057,0.1224183663725853,0.13897325098514557,0.35,0,0,797,FP32-token-IDs
RoBERTa,lghad1,525,81,39,Ġhis,his,False,hopelessness,0.0027755880305035544,0.0027755880305035544,0.2907838523387909,0.6040868759155273,0.35,1,1,797,FP32-token-IDs
RoBERTa,lghad1,525,81,39,Ġhis,his,False,loneliness,0.0008251925857810231,0.0008251925857810231,0.30062830448150635,0.9012202024459839,0.35,1,1,797,FP32-token-IDs
RoBERTa,lghad1,525,81,39,Ġhis,his,False,sadness,0.006176138187867481,0.006176138187867481,0.3040405511856079,0.4563634395599365,0.35,0,1,797,FP32-token-IDs
RoBERTa,lghad1,525,81,39,Ġhis,his,False,suicide intent,-0.0002747764796745818,0.0002747764796745818,0.08356937021017075,0.008036630228161812,0.35,0,0,797,FP32-token-IDs
RoBERTa,lghad1,525,81,39,Ġhis,his,False,worthlessness,0.00011416889013504832,0.00011416889013504832,0.23034417629241943,0.3397594094276428,0.35,0,0,797,FP32-token-IDs
RoBERTa,lghad1,525,82,275,Ġbest,best,False,anger,0.0020450261790402138,0.0020450261790402138,0.3152667284011841,0.8488504886627197,0.35,1,1,797,FP32-token-IDs
RoBERTa,lghad1,525,82,275,Ġbest,best,False,brain dysfunction (forget),0.0003927308769727294,0.0003927308769727294,0.17854474484920502,0.586258053779602,0.35,0,1,797,FP32-token-IDs
RoBERTa,lghad1,525,82,275,Ġbest,best,False,emptiness,-0.0005826109856996057,0.0005826109856996057,0.1224183663725853,0.13897325098514557,0.35,0,0,797,FP32-token-IDs
RoBERTa,lghad1,525,82,275,Ġbest,best,False,hopelessness,0.0027755880305035544,0.0027755880305035544,0.2907838523387909,0.6040868759155273,0.35,1,1,797,FP32-token-IDs
RoBERTa,lghad1,525,82,275,Ġbest,best,False,loneliness,0.0008251925857810231,0.0008251925857810231,0.30062830448150635,0.9012202024459839,0.35,1,1,797,FP32-token-IDs
RoBERTa,lghad1,525,82,275,Ġbest,best,False,sadness,0.006176138187867481,0.006176138187867481,0.3040405511856079,0.4563634395599365,0.35,0,1,797,FP32-token-IDs
RoBERTa,lghad1,525,82,275,Ġbest,best,False,suicide intent,-0.0002747764796745818,0.0002747764796745818,0.08356937021017075,0.008036630228161812,0.35,0,0,797,FP32-token-IDs
RoBERTa,lghad1,525,82,275,Ġbest,best,False,worthlessness,0.00011416889013504832,0.00011416889013504832,0.23034417629241943,0.3397594094276428,0.35,0,0,797,FP32-token-IDs
RoBERTa,lghad1,525,83,1441,Ġfriend,friend,False,anger,0.0020450261790402138,0.0020450261790402138,0.3152667284011841,0.8488504886627197,0.35,1,1,797,FP32-token-IDs
RoBERTa,lghad1,525,83,1441,Ġfriend,friend,False,brain dysfunction (forget),0.0003927308769727294,0.0003927308769727294,0.17854474484920502,0.586258053779602,0.35,0,1,797,FP32-token-IDs
RoBERTa,lghad1,525,83,1441,Ġfriend,friend,False,emptiness,-0.0005826109856996057,0.0005826109856996057,0.1224183663725853,0.13897325098514557,0.35,0,0,797,FP32-token-IDs
RoBERTa,lghad1,525,83,1441,Ġfriend,friend,False,hopelessness,0.0027755880305035544,0.0027755880305035544,0.2907838523387909,0.6040868759155273,0.35,1,1,797,FP32-token-IDs
RoBERTa,lghad1,525,83,1441,Ġfriend,friend,False,loneliness,0.0008251925857810231,0.0008251925857810231,0.30062830448150635,0.9012202024459839,0.35,1,1,797,FP32-token-IDs
RoBERTa,lghad1,525,83,1441,Ġfriend,friend,False,sadness,0.006176138187867481,0.006176138187867481,0.3040405511856079,0.4563634395599365,0.35,0,1,797,FP32-token-IDs
RoBERTa,lghad1,525,83,1441,Ġfriend,friend,False,suicide intent,-0.0002747764796745818,0.0002747764796745818,0.08356937021017075,0.008036630228161812,0.35,0,0,797,FP32-token-IDs
RoBERTa,lghad1,525,83,1441,Ġfriend,friend,False,worthlessness,0.00011416889013504832,0.00011416889013504832,0.23034417629241943,0.3397594094276428,0.35,0,0,797,FP32-token-IDs
RoBERTa,lghad1,525,84,15,Ġon,on,False,anger,0.0020450261790402138,0.0020450261790402138,0.3152667284011841,0.8488504886627197,0.35,1,1,797,FP32-token-IDs
RoBERTa,lghad1,525,84,15,Ġon,on,False,brain dysfunction (forget),0.0003927308769727294,0.0003927308769727294,0.17854474484920502,0.586258053779602,0.35,0,1,797,FP32-token-IDs
RoBERTa,lghad1,525,84,15,Ġon,on,False,emptiness,-0.0005826109856996057,0.0005826109856996057,0.1224183663725853,0.13897325098514557,0.35,0,0,797,FP32-token-IDs
RoBERTa,lghad1,525,84,15,Ġon,on,False,hopelessness,0.0027755880305035544,0.0027755880305035544,0.2907838523387909,0.6040868759155273,0.35,1,1,797,FP32-token-IDs
RoBERTa,lghad1,525,84,15,Ġon,on,False,loneliness,0.0008251925857810231,0.0008251925857810231,0.30062830448150635,0.9012202024459839,0.35,1,1,797,FP32-token-IDs
RoBERTa,lghad1,525,84,15,Ġon,on,False,sadness,0.006176138187867481,0.006176138187867481,0.3040405511856079,0.4563634395599365,0.35,0,1,797,FP32-token-IDs
RoBERTa,lghad1,525,84,15,Ġon,on,False,suicide intent,-0.0002747764796745818,0.0002747764796745818,0.08356937021017075,0.008036630228161812,0.35,0,0,797,FP32-token-IDs
RoBERTa,lghad1,525,84,15,Ġon,on,False,worthlessness,0.00011416889013504832,0.00011416889013504832,0.23034417629241943,0.3397594094276428,0.35,0,0,797,FP32-token-IDs
RoBERTa,lghad1,525,85,5,Ġthe,the,False,anger,0.0020450261790402138,0.0020450261790402138,0.3152667284011841,0.8488504886627197,0.35,1,1,797,FP32-token-IDs
RoBERTa,lghad1,525,85,5,Ġthe,the,False,brain dysfunction (forget),0.00039273087697272945,0.00039273087697272945,0.17854474484920502,0.586258053779602,0.35,0,1,797,FP32-token-IDs
RoBERTa,lghad1,525,85,5,Ġthe,the,False,emptiness,-0.0005826109856996057,0.0005826109856996057,0.1224183663725853,0.13897325098514557,0.35,0,0,797,FP32-token-IDs
RoBERTa,lghad1,525,85,5,Ġthe,the,False,hopelessness,0.002775588030503555,0.002775588030503555,0.2907838523387909,0.6040868759155273,0.35,1,1,797,FP32-token-IDs
RoBERTa,lghad1,525,85,5,Ġthe,the,False,loneliness,0.000825192585781023,0.000825192585781023,0.30062830448150635,0.9012202024459839,0.35,1,1,797,FP32-token-IDs
RoBERTa,lghad1,525,85,5,Ġthe,the,False,sadness,0.0061761381878674805,0.0061761381878674805,0.3040405511856079,0.4563634395599365,0.35,0,1,797,FP32-token-IDs
RoBERTa,lghad1,525,85,5,Ġthe,the,False,suicide intent,-0.0002747764796745818,0.0002747764796745818,0.08356937021017075,0.008036630228161812,0.35,0,0,797,FP32-token-IDs
RoBERTa,lghad1,525,85,5,Ġthe,the,False,worthlessness,0.00011416889013504831,0.00011416889013504831,0.23034417629241943,0.3397594094276428,0.35,0,0,797,FP32-token-IDs
RoBERTa,lghad1,525,86,1028,Ġphone,phone,False,anger,0.0020450261790402138,0.0020450261790402138,0.3152667284011841,0.8488504886627197,0.35,1,1,797,FP32-token-IDs
RoBERTa,lghad1,525,86,1028,Ġphone,phone,False,brain dysfunction (forget),0.00039273087697272945,0.00039273087697272945,0.17854474484920502,0.586258053779602,0.35,0,1,797,FP32-token-IDs
RoBERTa,lghad1,525,86,1028,Ġphone,phone,False,emptiness,-0.0005826109856996057,0.0005826109856996057,0.1224183663725853,0.13897325098514557,0.35,0,0,797,FP32-token-IDs
RoBERTa,lghad1,525,86,1028,Ġphone,phone,False,hopelessness,0.002775588030503555,0.002775588030503555,0.2907838523387909,0.6040868759155273,0.35,1,1,797,FP32-token-IDs
RoBERTa,lghad1,525,86,1028,Ġphone,phone,False,loneliness,0.000825192585781023,0.000825192585781023,0.30062830448150635,0.9012202024459839,0.35,1,1,797,FP32-token-IDs
RoBERTa,lghad1,525,86,1028,Ġphone,phone,False,sadness,0.0061761381878674805,0.0061761381878674805,0.3040405511856079,0.4563634395599365,0.35,0,1,797,FP32-token-IDs
RoBERTa,lghad1,525,86,1028,Ġphone,phone,False,suicide intent,-0.0002747764796745818,0.0002747764796745818,0.08356937021017075,0.008036630228161812,0.35,0,0,797,FP32-token-IDs
RoBERTa,lghad1,525,86,1028,Ġphone,phone,False,worthlessness,0.00011416889013504831,0.00011416889013504831,0.23034417629241943,0.3397594094276428,0.35,0,0,797,FP32-token-IDs
RoBERTa,lghad1,525,87,8,Ġand,and,False,anger,0.0020450261790402138,0.0020450261790402138,0.3152667284011841,0.8488504886627197,0.35,1,1,797,FP32-token-IDs
RoBERTa,lghad1,525,87,8,Ġand,and,False,brain dysfunction (forget),0.00039273087697272945,0.00039273087697272945,0.17854474484920502,0.586258053779602,0.35,0,1,797,FP32-token-IDs
RoBERTa,lghad1,525,87,8,Ġand,and,False,emptiness,-0.0005826109856996057,0.0005826109856996057,0.1224183663725853,0.13897325098514557,0.35,0,0,797,FP32-token-IDs
RoBERTa,lghad1,525,87,8,Ġand,and,False,hopelessness,0.002775588030503555,0.002775588030503555,0.2907838523387909,0.6040868759155273,0.35,1,1,797,FP32-token-IDs
RoBERTa,lghad1,525,87,8,Ġand,and,False,loneliness,0.000825192585781023,0.000825192585781023,0.30062830448150635,0.9012202024459839,0.35,1,1,797,FP32-token-IDs
RoBERTa,lghad1,525,87,8,Ġand,and,False,sadness,0.0061761381878674805,0.0061761381878674805,0.3040405511856079,0.4563634395599365,0.35,0,1,797,FP32-token-IDs
RoBERTa,lghad1,525,87,8,Ġand,and,False,suicide intent,-0.0002747764796745818,0.0002747764796745818,0.08356937021017075,0.008036630228161812,0.35,0,0,797,FP32-token-IDs
RoBERTa,lghad1,525,87,8,Ġand,and,False,worthlessness,0.00011416889013504831,0.00011416889013504831,0.23034417629241943,0.3397594094276428,0.35,0,0,797,FP32-token-IDs
RoBERTa,lghad1,525,88,172,Ġthen,then,False,anger,0.007406990414892789,0.007406990414892789,0.3152667284011841,0.8488504886627197,0.35,1,1,797,FP32-token-IDs
RoBERTa,lghad1,525,88,172,Ġthen,then,False,brain dysfunction (forget),0.006311797420494258,0.006311797420494258,0.17854474484920502,0.586258053779602,0.35,0,1,797,FP32-token-IDs
RoBERTa,lghad1,525,88,172,Ġthen,then,False,emptiness,0.0011222057000850327,0.0011222057000850327,0.1224183663725853,0.13897325098514557,0.35,0,0,797,FP32-token-IDs
RoBERTa,lghad1,525,88,172,Ġthen,then,False,hopelessness,0.0021112200047355145,0.0021112200047355145,0.2907838523387909,0.6040868759155273,0.35,1,1,797,FP32-token-IDs
RoBERTa,lghad1,525,88,172,Ġthen,then,False,loneliness,0.0012361454719211906,0.0012361454719211906,0.30062830448150635,0.9012202024459839,0.35,1,1,797,FP32-token-IDs
RoBERTa,lghad1,525,88,172,Ġthen,then,False,sadness,-0.002472889667842537,0.002472889667842537,0.3040405511856079,0.4563634395599365,0.35,0,1,797,FP32-token-IDs
RoBERTa,lghad1,525,88,172,Ġthen,then,False,suicide intent,-7.874796028772835e-05,7.874796028772835e-05,0.08356937021017075,0.008036630228161812,0.35,0,0,797,FP32-token-IDs
RoBERTa,lghad1,525,88,172,Ġthen,then,False,worthlessness,0.0017271875840378925,0.0017271875840378925,0.23034417629241943,0.3397594094276428,0.35,0,0,797,FP32-token-IDs
RoBERTa,lghad1,525,89,25,Ġas,as,False,anger,0.007406990414892789,0.007406990414892789,0.3152667284011841,0.8488504886627197,0.35,1,1,797,FP32-token-IDs
RoBERTa,lghad1,525,89,25,Ġas,as,False,brain dysfunction (forget),0.006311797420494258,0.006311797420494258,0.17854474484920502,0.586258053779602,0.35,0,1,797,FP32-token-IDs
RoBERTa,lghad1,525,89,25,Ġas,as,False,emptiness,0.0011222057000850327,0.0011222057000850327,0.1224183663725853,0.13897325098514557,0.35,0,0,797,FP32-token-IDs
RoBERTa,lghad1,525,89,25,Ġas,as,False,hopelessness,0.0021112200047355145,0.0021112200047355145,0.2907838523387909,0.6040868759155273,0.35,1,1,797,FP32-token-IDs
RoBERTa,lghad1,525,89,25,Ġas,as,False,loneliness,0.0012361454719211906,0.0012361454719211906,0.30062830448150635,0.9012202024459839,0.35,1,1,797,FP32-token-IDs
RoBERTa,lghad1,525,89,25,Ġas,as,False,sadness,-0.002472889667842537,0.002472889667842537,0.3040405511856079,0.4563634395599365,0.35,0,1,797,FP32-token-IDs
RoBERTa,lghad1,525,89,25,Ġas,as,False,suicide intent,-7.874796028772835e-05,7.874796028772835e-05,0.08356937021017075,0.008036630228161812,0.35,0,0,797,FP32-token-IDs
RoBERTa,lghad1,525,89,25,Ġas,as,False,worthlessness,0.0017271875840378925,0.0017271875840378925,0.23034417629241943,0.3397594094276428,0.35,0,0,797,FP32-token-IDs
RoBERTa,lghad1,525,90,1010,Ġsoon,soon,False,anger,0.007406990414892789,0.007406990414892789,0.3152667284011841,0.8488504886627197,0.35,1,1,797,FP32-token-IDs
RoBERTa,lghad1,525,90,1010,Ġsoon,soon,False,brain dysfunction (forget),0.006311797420494258,0.006311797420494258,0.17854474484920502,0.586258053779602,0.35,0,1,797,FP32-token-IDs
RoBERTa,lghad1,525,90,1010,Ġsoon,soon,False,emptiness,0.0011222057000850327,0.0011222057000850327,0.1224183663725853,0.13897325098514557,0.35,0,0,797,FP32-token-IDs
RoBERTa,lghad1,525,90,1010,Ġsoon,soon,False,hopelessness,0.0021112200047355145,0.0021112200047355145,0.2907838523387909,0.6040868759155273,0.35,1,1,797,FP32-token-IDs
RoBERTa,lghad1,525,90,1010,Ġsoon,soon,False,loneliness,0.0012361454719211906,0.0012361454719211906,0.30062830448150635,0.9012202024459839,0.35,1,1,797,FP32-token-IDs
RoBERTa,lghad1,525,90,1010,Ġsoon,soon,False,sadness,-0.002472889667842537,0.002472889667842537,0.3040405511856079,0.4563634395599365,0.35,0,1,797,FP32-token-IDs
RoBERTa,lghad1,525,90,1010,Ġsoon,soon,False,suicide intent,-7.874796028772835e-05,7.874796028772835e-05,0.08356937021017075,0.008036630228161812,0.35,0,0,797,FP32-token-IDs
RoBERTa,lghad1,525,90,1010,Ġsoon,soon,False,worthlessness,0.0017271875840378925,0.0017271875840378925,0.23034417629241943,0.3397594094276428,0.35,0,0,797,FP32-token-IDs
RoBERTa,lghad1,525,91,25,Ġas,as,False,anger,0.007406990414892789,0.007406990414892789,0.3152667284011841,0.8488504886627197,0.35,1,1,797,FP32-token-IDs
RoBERTa,lghad1,525,91,25,Ġas,as,False,brain dysfunction (forget),0.006311797420494258,0.006311797420494258,0.17854474484920502,0.586258053779602,0.35,0,1,797,FP32-token-IDs
RoBERTa,lghad1,525,91,25,Ġas,as,False,emptiness,0.0011222057000850327,0.0011222057000850327,0.1224183663725853,0.13897325098514557,0.35,0,0,797,FP32-token-IDs
RoBERTa,lghad1,525,91,25,Ġas,as,False,hopelessness,0.0021112200047355145,0.0021112200047355145,0.2907838523387909,0.6040868759155273,0.35,1,1,797,FP32-token-IDs
RoBERTa,lghad1,525,91,25,Ġas,as,False,loneliness,0.0012361454719211906,0.0012361454719211906,0.30062830448150635,0.9012202024459839,0.35,1,1,797,FP32-token-IDs
RoBERTa,lghad1,525,91,25,Ġas,as,False,sadness,-0.002472889667842537,0.002472889667842537,0.3040405511856079,0.4563634395599365,0.35,0,1,797,FP32-token-IDs
RoBERTa,lghad1,525,91,25,Ġas,as,False,suicide intent,-7.874796028772835e-05,7.874796028772835e-05,0.08356937021017075,0.008036630228161812,0.35,0,0,797,FP32-token-IDs
RoBERTa,lghad1,525,91,25,Ġas,as,False,worthlessness,0.0017271875840378925,0.0017271875840378925,0.23034417629241943,0.3397594094276428,0.35,0,0,797,FP32-token-IDs
RoBERTa,lghad1,525,92,37,Ġhe,he,False,anger,0.007406990414892789,0.007406990414892789,0.3152667284011841,0.8488504886627197,0.35,1,1,797,FP32-token-IDs
RoBERTa,lghad1,525,92,37,Ġhe,he,False,brain dysfunction (forget),0.006311797420494258,0.006311797420494258,0.17854474484920502,0.586258053779602,0.35,0,1,797,FP32-token-IDs
RoBERTa,lghad1,525,92,37,Ġhe,he,False,emptiness,0.0011222057000850327,0.0011222057000850327,0.1224183663725853,0.13897325098514557,0.35,0,0,797,FP32-token-IDs
RoBERTa,lghad1,525,92,37,Ġhe,he,False,hopelessness,0.0021112200047355145,0.0021112200047355145,0.2907838523387909,0.6040868759155273,0.35,1,1,797,FP32-token-IDs
RoBERTa,lghad1,525,92,37,Ġhe,he,False,loneliness,0.0012361454719211906,0.0012361454719211906,0.30062830448150635,0.9012202024459839,0.35,1,1,797,FP32-token-IDs
RoBERTa,lghad1,525,92,37,Ġhe,he,False,sadness,-0.002472889667842537,0.002472889667842537,0.3040405511856079,0.4563634395599365,0.35,0,1,797,FP32-token-IDs
RoBERTa,lghad1,525,92,37,Ġhe,he,False,suicide intent,-7.874796028772835e-05,7.874796028772835e-05,0.08356937021017075,0.008036630228161812,0.35,0,0,797,FP32-token-IDs
RoBERTa,lghad1,525,92,37,Ġhe,he,False,worthlessness,0.0017271875840378925,0.0017271875840378925,0.23034417629241943,0.3397594094276428,0.35,0,0,797,FP32-token-IDs
RoBERTa,lghad1,525,93,16,Ġis,is,False,anger,0.007406990414892789,0.007406990414892789,0.3152667284011841,0.8488504886627197,0.35,1,1,797,FP32-token-IDs
RoBERTa,lghad1,525,93,16,Ġis,is,False,brain dysfunction (forget),0.006311797420494258,0.006311797420494258,0.17854474484920502,0.586258053779602,0.35,0,1,797,FP32-token-IDs
RoBERTa,lghad1,525,93,16,Ġis,is,False,emptiness,0.0011222057000850327,0.0011222057000850327,0.1224183663725853,0.13897325098514557,0.35,0,0,797,FP32-token-IDs
RoBERTa,lghad1,525,93,16,Ġis,is,False,hopelessness,0.0021112200047355145,0.0021112200047355145,0.2907838523387909,0.6040868759155273,0.35,1,1,797,FP32-token-IDs
RoBERTa,lghad1,525,93,16,Ġis,is,False,loneliness,0.0012361454719211906,0.0012361454719211906,0.30062830448150635,0.9012202024459839,0.35,1,1,797,FP32-token-IDs
RoBERTa,lghad1,525,93,16,Ġis,is,False,sadness,-0.002472889667842537,0.002472889667842537,0.3040405511856079,0.4563634395599365,0.35,0,1,797,FP32-token-IDs
RoBERTa,lghad1,525,93,16,Ġis,is,False,suicide intent,-7.874796028772835e-05,7.874796028772835e-05,0.08356937021017075,0.008036630228161812,0.35,0,0,797,FP32-token-IDs
RoBERTa,lghad1,525,93,16,Ġis,is,False,worthlessness,0.0017271875840378925,0.0017271875840378925,0.23034417629241943,0.3397594094276428,0.35,0,0,797,FP32-token-IDs
RoBERTa,lghad1,525,94,160,Ġoff,off,False,anger,0.007406990414892789,0.007406990414892789,0.3152667284011841,0.8488504886627197,0.35,1,1,797,FP32-token-IDs
RoBERTa,lghad1,525,94,160,Ġoff,off,False,brain dysfunction (forget),0.006311797420494258,0.006311797420494258,0.17854474484920502,0.586258053779602,0.35,0,1,797,FP32-token-IDs
RoBERTa,lghad1,525,94,160,Ġoff,off,False,emptiness,0.0011222057000850327,0.0011222057000850327,0.1224183663725853,0.13897325098514557,0.35,0,0,797,FP32-token-IDs
RoBERTa,lghad1,525,94,160,Ġoff,off,False,hopelessness,0.0021112200047355145,0.0021112200047355145,0.2907838523387909,0.6040868759155273,0.35,1,1,797,FP32-token-IDs
RoBERTa,lghad1,525,94,160,Ġoff,off,False,loneliness,0.0012361454719211906,0.0012361454719211906,0.30062830448150635,0.9012202024459839,0.35,1,1,797,FP32-token-IDs
RoBERTa,lghad1,525,94,160,Ġoff,off,False,sadness,-0.002472889667842537,0.002472889667842537,0.3040405511856079,0.4563634395599365,0.35,0,1,797,FP32-token-IDs
RoBERTa,lghad1,525,94,160,Ġoff,off,False,suicide intent,-7.874796028772835e-05,7.874796028772835e-05,0.08356937021017075,0.008036630228161812,0.35,0,0,797,FP32-token-IDs
RoBERTa,lghad1,525,94,160,Ġoff,off,False,worthlessness,0.0017271875840378925,0.0017271875840378925,0.23034417629241943,0.3397594094276428,0.35,0,0,797,FP32-token-IDs
RoBERTa,lghad1,525,95,5,Ġthe,the,False,anger,0.007406990414892789,0.007406990414892789,0.3152667284011841,0.8488504886627197,0.35,1,1,797,FP32-token-IDs
RoBERTa,lghad1,525,95,5,Ġthe,the,False,brain dysfunction (forget),0.006311797420494258,0.006311797420494258,0.17854474484920502,0.586258053779602,0.35,0,1,797,FP32-token-IDs
RoBERTa,lghad1,525,95,5,Ġthe,the,False,emptiness,0.0011222057000850327,0.0011222057000850327,0.1224183663725853,0.13897325098514557,0.35,0,0,797,FP32-token-IDs
RoBERTa,lghad1,525,95,5,Ġthe,the,False,hopelessness,0.0021112200047355145,0.0021112200047355145,0.2907838523387909,0.6040868759155273,0.35,1,1,797,FP32-token-IDs
RoBERTa,lghad1,525,95,5,Ġthe,the,False,loneliness,0.0012361454719211906,0.0012361454719211906,0.30062830448150635,0.9012202024459839,0.35,1,1,797,FP32-token-IDs
RoBERTa,lghad1,525,95,5,Ġthe,the,False,sadness,-0.002472889667842537,0.002472889667842537,0.3040405511856079,0.4563634395599365,0.35,0,1,797,FP32-token-IDs
RoBERTa,lghad1,525,95,5,Ġthe,the,False,suicide intent,-7.874796028772835e-05,7.874796028772835e-05,0.08356937021017075,0.008036630228161812,0.35,0,0,797,FP32-token-IDs
RoBERTa,lghad1,525,95,5,Ġthe,the,False,worthlessness,0.0017271875840378925,0.0017271875840378925,0.23034417629241943,0.3397594094276428,0.35,0,0,797,FP32-token-IDs
RoBERTa,lghad1,525,96,1028,Ġphone,phone,False,anger,0.004016336919448804,0.004016336919448804,0.3152667284011841,0.8488504886627197,0.35,1,1,797,FP32-token-IDs
RoBERTa,lghad1,525,96,1028,Ġphone,phone,False,brain dysfunction (forget),0.0007663792930543423,0.0007663792930543423,0.17854474484920502,0.586258053779602,0.35,0,1,797,FP32-token-IDs
RoBERTa,lghad1,525,96,1028,Ġphone,phone,False,emptiness,-0.0004172477711108513,0.0004172477711108513,0.1224183663725853,0.13897325098514557,0.35,0,0,797,FP32-token-IDs
RoBERTa,lghad1,525,96,1028,Ġphone,phone,False,hopelessness,-0.004383457329822704,0.004383457329822704,0.2907838523387909,0.6040868759155273,0.35,1,1,797,FP32-token-IDs
RoBERTa,lghad1,525,96,1028,Ġphone,phone,False,loneliness,0.004712783935246989,0.004712783935246989,0.30062830448150635,0.9012202024459839,0.35,1,1,797,FP32-token-IDs
RoBERTa,lghad1,525,96,1028,Ġphone,phone,False,sadness,-0.006272723956499249,0.006272723956499249,0.3040405511856079,0.4563634395599365,0.35,0,1,797,FP32-token-IDs
RoBERTa,lghad1,525,96,1028,Ġphone,phone,False,suicide intent,-0.00025269757861678954,0.00025269757861678954,0.08356937021017075,0.008036630228161812,0.35,0,0,797,FP32-token-IDs
RoBERTa,lghad1,525,96,1028,Ġphone,phone,False,worthlessness,-0.0006297909858403727,0.0006297909858403727,0.23034417629241943,0.3397594094276428,0.35,0,0,797,FP32-token-IDs
RoBERTa,lghad1,525,97,2029,Ġgives,gives,False,anger,0.004016336919448804,0.004016336919448804,0.3152667284011841,0.8488504886627197,0.35,1,1,797,FP32-token-IDs
RoBERTa,lghad1,525,97,2029,Ġgives,gives,False,brain dysfunction (forget),0.0007663792930543423,0.0007663792930543423,0.17854474484920502,0.586258053779602,0.35,0,1,797,FP32-token-IDs
RoBERTa,lghad1,525,97,2029,Ġgives,gives,False,emptiness,-0.0004172477711108513,0.0004172477711108513,0.1224183663725853,0.13897325098514557,0.35,0,0,797,FP32-token-IDs
RoBERTa,lghad1,525,97,2029,Ġgives,gives,False,hopelessness,-0.004383457329822704,0.004383457329822704,0.2907838523387909,0.6040868759155273,0.35,1,1,797,FP32-token-IDs
RoBERTa,lghad1,525,97,2029,Ġgives,gives,False,loneliness,0.004712783935246989,0.004712783935246989,0.30062830448150635,0.9012202024459839,0.35,1,1,797,FP32-token-IDs
RoBERTa,lghad1,525,97,2029,Ġgives,gives,False,sadness,-0.006272723956499249,0.006272723956499249,0.3040405511856079,0.4563634395599365,0.35,0,1,797,FP32-token-IDs
RoBERTa,lghad1,525,97,2029,Ġgives,gives,False,suicide intent,-0.00025269757861678954,0.00025269757861678954,0.08356937021017075,0.008036630228161812,0.35,0,0,797,FP32-token-IDs
RoBERTa,lghad1,525,97,2029,Ġgives,gives,False,worthlessness,-0.0006297909858403727,0.0006297909858403727,0.23034417629241943,0.3397594094276428,0.35,0,0,797,FP32-token-IDs
RoBERTa,lghad1,525,98,162,Ġme,me,False,anger,0.004016336919448804,0.004016336919448804,0.3152667284011841,0.8488504886627197,0.35,1,1,797,FP32-token-IDs
RoBERTa,lghad1,525,98,162,Ġme,me,False,brain dysfunction (forget),0.0007663792930543423,0.0007663792930543423,0.17854474484920502,0.586258053779602,0.35,0,1,797,FP32-token-IDs
RoBERTa,lghad1,525,98,162,Ġme,me,False,emptiness,-0.0004172477711108513,0.0004172477711108513,0.1224183663725853,0.13897325098514557,0.35,0,0,797,FP32-token-IDs
RoBERTa,lghad1,525,98,162,Ġme,me,False,hopelessness,-0.004383457329822704,0.004383457329822704,0.2907838523387909,0.6040868759155273,0.35,1,1,797,FP32-token-IDs
RoBERTa,lghad1,525,98,162,Ġme,me,False,loneliness,0.004712783935246989,0.004712783935246989,0.30062830448150635,0.9012202024459839,0.35,1,1,797,FP32-token-IDs
RoBERTa,lghad1,525,98,162,Ġme,me,False,sadness,-0.006272723956499249,0.006272723956499249,0.3040405511856079,0.4563634395599365,0.35,0,1,797,FP32-token-IDs
RoBERTa,lghad1,525,98,162,Ġme,me,False,suicide intent,-0.00025269757861678954,0.00025269757861678954,0.08356937021017075,0.008036630228161812,0.35,0,0,797,FP32-token-IDs
RoBERTa,lghad1,525,98,162,Ġme,me,False,worthlessness,-0.0006297909858403727,0.0006297909858403727,0.23034417629241943,0.3397594094276428,0.35,0,0,797,FP32-token-IDs
RoBERTa,lghad1,525,99,10,Ġa,a,False,anger,0.004016336919448804,0.004016336919448804,0.3152667284011841,0.8488504886627197,0.35,1,1,797,FP32-token-IDs
RoBERTa,lghad1,525,99,10,Ġa,a,False,brain dysfunction (forget),0.0007663792930543423,0.0007663792930543423,0.17854474484920502,0.586258053779602,0.35,0,1,797,FP32-token-IDs
RoBERTa,lghad1,525,99,10,Ġa,a,False,emptiness,-0.0004172477711108513,0.0004172477711108513,0.1224183663725853,0.13897325098514557,0.35,0,0,797,FP32-token-IDs
RoBERTa,lghad1,525,99,10,Ġa,a,False,hopelessness,-0.004383457329822704,0.004383457329822704,0.2907838523387909,0.6040868759155273,0.35,1,1,797,FP32-token-IDs
RoBERTa,lghad1,525,99,10,Ġa,a,False,loneliness,0.004712783935246989,0.004712783935246989,0.30062830448150635,0.9012202024459839,0.35,1,1,797,FP32-token-IDs
RoBERTa,lghad1,525,99,10,Ġa,a,False,sadness,-0.006272723956499249,0.006272723956499249,0.3040405511856079,0.4563634395599365,0.35,0,1,797,FP32-token-IDs
RoBERTa,lghad1,525,99,10,Ġa,a,False,suicide intent,-0.00025269757861678954,0.00025269757861678954,0.08356937021017075,0.008036630228161812,0.35,0,0,797,FP32-token-IDs
RoBERTa,lghad1,525,99,10,Ġa,a,False,worthlessness,-0.0006297909858403727,0.0006297909858403727,0.23034417629241943,0.3397594094276428,0.35,0,0,797,FP32-token-IDs
RoBERTa,lghad1,525,100,356,Ġlook,look,False,anger,0.004016336919448804,0.004016336919448804,0.3152667284011841,0.8488504886627197,0.35,1,1,797,FP32-token-IDs
RoBERTa,lghad1,525,100,356,Ġlook,look,False,brain dysfunction (forget),0.0007663792930543423,0.0007663792930543423,0.17854474484920502,0.586258053779602,0.35,0,1,797,FP32-token-IDs
RoBERTa,lghad1,525,100,356,Ġlook,look,False,emptiness,-0.0004172477711108513,0.0004172477711108513,0.1224183663725853,0.13897325098514557,0.35,0,0,797,FP32-token-IDs
RoBERTa,lghad1,525,100,356,Ġlook,look,False,hopelessness,-0.004383457329822704,0.004383457329822704,0.2907838523387909,0.6040868759155273,0.35,1,1,797,FP32-token-IDs
RoBERTa,lghad1,525,100,356,Ġlook,look,False,loneliness,0.004712783935246989,0.004712783935246989,0.30062830448150635,0.9012202024459839,0.35,1,1,797,FP32-token-IDs
RoBERTa,lghad1,525,100,356,Ġlook,look,False,sadness,-0.006272723956499249,0.006272723956499249,0.3040405511856079,0.4563634395599365,0.35,0,1,797,FP32-token-IDs
RoBERTa,lghad1,525,100,356,Ġlook,look,False,suicide intent,-0.00025269757861678954,0.00025269757861678954,0.08356937021017075,0.008036630228161812,0.35,0,0,797,FP32-token-IDs
RoBERTa,lghad1,525,100,356,Ġlook,look,False,worthlessness,-0.0006297909858403727,0.0006297909858403727,0.23034417629241943,0.3397594094276428,0.35,0,0,797,FP32-token-IDs
RoBERTa,lghad1,525,101,9,Ġof,of,False,anger,0.004016336919448804,0.004016336919448804,0.3152667284011841,0.8488504886627197,0.35,1,1,797,FP32-token-IDs
RoBERTa,lghad1,525,101,9,Ġof,of,False,brain dysfunction (forget),0.0007663792930543423,0.0007663792930543423,0.17854474484920502,0.586258053779602,0.35,0,1,797,FP32-token-IDs
RoBERTa,lghad1,525,101,9,Ġof,of,False,emptiness,-0.0004172477711108513,0.0004172477711108513,0.1224183663725853,0.13897325098514557,0.35,0,0,797,FP32-token-IDs
RoBERTa,lghad1,525,101,9,Ġof,of,False,hopelessness,-0.004383457329822704,0.004383457329822704,0.2907838523387909,0.6040868759155273,0.35,1,1,797,FP32-token-IDs
RoBERTa,lghad1,525,101,9,Ġof,of,False,loneliness,0.004712783935246989,0.004712783935246989,0.30062830448150635,0.9012202024459839,0.35,1,1,797,FP32-token-IDs
RoBERTa,lghad1,525,101,9,Ġof,of,False,sadness,-0.006272723956499249,0.006272723956499249,0.3040405511856079,0.4563634395599365,0.35,0,1,797,FP32-token-IDs
RoBERTa,lghad1,525,101,9,Ġof,of,False,suicide intent,-0.00025269757861678954,0.00025269757861678954,0.08356937021017075,0.008036630228161812,0.35,0,0,797,FP32-token-IDs
RoBERTa,lghad1,525,101,9,Ġof,of,False,worthlessness,-0.0006297909858403727,0.0006297909858403727,0.23034417629241943,0.3397594094276428,0.35,0,0,797,FP32-token-IDs
RoBERTa,lghad1,525,102,44,ĠâĢ,âģ,False,anger,0.004016336919448804,0.004016336919448804,0.3152667284011841,0.8488504886627197,0.35,1,1,797,FP32-token-IDs
RoBERTa,lghad1,525,102,44,ĠâĢ,âģ,False,brain dysfunction (forget),0.0007663792930543423,0.0007663792930543423,0.17854474484920502,0.586258053779602,0.35,0,1,797,FP32-token-IDs
RoBERTa,lghad1,525,102,44,ĠâĢ,âģ,False,emptiness,-0.0004172477711108513,0.0004172477711108513,0.1224183663725853,0.13897325098514557,0.35,0,0,797,FP32-token-IDs
RoBERTa,lghad1,525,102,44,ĠâĢ,âģ,False,hopelessness,-0.004383457329822704,0.004383457329822704,0.2907838523387909,0.6040868759155273,0.35,1,1,797,FP32-token-IDs
RoBERTa,lghad1,525,102,44,ĠâĢ,âģ,False,loneliness,0.004712783935246989,0.004712783935246989,0.30062830448150635,0.9012202024459839,0.35,1,1,797,FP32-token-IDs
RoBERTa,lghad1,525,102,44,ĠâĢ,âģ,False,sadness,-0.006272723956499249,0.006272723956499249,0.3040405511856079,0.4563634395599365,0.35,0,1,797,FP32-token-IDs
RoBERTa,lghad1,525,102,44,ĠâĢ,âģ,False,suicide intent,-0.00025269757861678954,0.00025269757861678954,0.08356937021017075,0.008036630228161812,0.35,0,0,797,FP32-token-IDs
RoBERTa,lghad1,525,102,44,ĠâĢ,âģ,False,worthlessness,-0.0006297909858403727,0.0006297909858403727,0.23034417629241943,0.3397594094276428,0.35,0,0,797,FP32-token-IDs
RoBERTa,lghad1,525,103,48,ľ,ľ,False,anger,0.004016336919448804,0.004016336919448804,0.3152667284011841,0.8488504886627197,0.35,1,1,797,FP32-token-IDs
RoBERTa,lghad1,525,103,48,ľ,ľ,False,brain dysfunction (forget),0.0007663792930543423,0.0007663792930543423,0.17854474484920502,0.586258053779602,0.35,0,1,797,FP32-token-IDs
RoBERTa,lghad1,525,103,48,ľ,ľ,False,emptiness,-0.0004172477711108513,0.0004172477711108513,0.1224183663725853,0.13897325098514557,0.35,0,0,797,FP32-token-IDs
RoBERTa,lghad1,525,103,48,ľ,ľ,False,hopelessness,-0.004383457329822704,0.004383457329822704,0.2907838523387909,0.6040868759155273,0.35,1,1,797,FP32-token-IDs
RoBERTa,lghad1,525,103,48,ľ,ľ,False,loneliness,0.004712783935246989,0.004712783935246989,0.30062830448150635,0.9012202024459839,0.35,1,1,797,FP32-token-IDs
RoBERTa,lghad1,525,103,48,ľ,ľ,False,sadness,-0.006272723956499249,0.006272723956499249,0.3040405511856079,0.4563634395599365,0.35,0,1,797,FP32-token-IDs
RoBERTa,lghad1,525,103,48,ľ,ľ,False,suicide intent,-0.00025269757861678954,0.00025269757861678954,0.08356937021017075,0.008036630228161812,0.35,0,0,797,FP32-token-IDs
RoBERTa,lghad1,525,103,48,ľ,ľ,False,worthlessness,-0.0006297909858403727,0.0006297909858403727,0.23034417629241943,0.3397594094276428,0.35,0,0,797,FP32-token-IDs
RoBERTa,lghad1,525,104,7254,don,don,False,anger,-0.002288126858184114,0.002288126858184114,0.3152667284011841,0.8488504886627197,0.35,1,1,797,FP32-token-IDs
RoBERTa,lghad1,525,104,7254,don,don,False,brain dysfunction (forget),0.009029819793067873,0.009029819793067873,0.17854474484920502,0.586258053779602,0.35,0,1,797,FP32-token-IDs
RoBERTa,lghad1,525,104,7254,don,don,False,emptiness,0.007330650289077312,0.007330650289077312,0.1224183663725853,0.13897325098514557,0.35,0,0,797,FP32-token-IDs
RoBERTa,lghad1,525,104,7254,don,don,False,hopelessness,0.021094086940865963,0.021094086940865963,0.2907838523387909,0.6040868759155273,0.35,1,1,797,FP32-token-IDs
RoBERTa,lghad1,525,104,7254,don,don,False,loneliness,0.012268703599693254,0.012268703599693254,0.30062830448150635,0.9012202024459839,0.35,1,1,797,FP32-token-IDs
RoBERTa,lghad1,525,104,7254,don,don,False,sadness,0.004657139489427209,0.004657139489427209,0.3040405511856079,0.4563634395599365,0.35,0,1,797,FP32-token-IDs
RoBERTa,lghad1,525,104,7254,don,don,False,suicide intent,-0.0008197569786716485,0.0008197569786716485,0.08356937021017075,0.008036630228161812,0.35,0,0,797,FP32-token-IDs
RoBERTa,lghad1,525,104,7254,don,don,False,worthlessness,0.021639054449042305,0.021639054449042305,0.23034417629241943,0.3397594094276428,0.35,0,0,797,FP32-token-IDs
RoBERTa,lghad1,525,105,17,âĢ,âģ,False,anger,-0.002288126858184114,0.002288126858184114,0.3152667284011841,0.8488504886627197,0.35,1,1,797,FP32-token-IDs
RoBERTa,lghad1,525,105,17,âĢ,âģ,False,brain dysfunction (forget),0.009029819793067873,0.009029819793067873,0.17854474484920502,0.586258053779602,0.35,0,1,797,FP32-token-IDs
RoBERTa,lghad1,525,105,17,âĢ,âģ,False,emptiness,0.007330650289077312,0.007330650289077312,0.1224183663725853,0.13897325098514557,0.35,0,0,797,FP32-token-IDs
RoBERTa,lghad1,525,105,17,âĢ,âģ,False,hopelessness,0.021094086940865963,0.021094086940865963,0.2907838523387909,0.6040868759155273,0.35,1,1,797,FP32-token-IDs
RoBERTa,lghad1,525,105,17,âĢ,âģ,False,loneliness,0.012268703599693254,0.012268703599693254,0.30062830448150635,0.9012202024459839,0.35,1,1,797,FP32-token-IDs
RoBERTa,lghad1,525,105,17,âĢ,âģ,False,sadness,0.004657139489427209,0.004657139489427209,0.3040405511856079,0.4563634395599365,0.35,0,1,797,FP32-token-IDs
RoBERTa,lghad1,525,105,17,âĢ,âģ,False,suicide intent,-0.0008197569786716485,0.0008197569786716485,0.08356937021017075,0.008036630228161812,0.35,0,0,797,FP32-token-IDs
RoBERTa,lghad1,525,105,17,âĢ,âģ,False,worthlessness,0.021639054449042305,0.021639054449042305,0.23034417629241943,0.3397594094276428,0.35,0,0,797,FP32-token-IDs
RoBERTa,lghad1,525,106,27,Ļ,ļ,False,anger,-0.002288126858184114,0.002288126858184114,0.3152667284011841,0.8488504886627197,0.35,1,1,797,FP32-token-IDs
RoBERTa,lghad1,525,106,27,Ļ,ļ,False,brain dysfunction (forget),0.009029819793067873,0.009029819793067873,0.17854474484920502,0.586258053779602,0.35,0,1,797,FP32-token-IDs
RoBERTa,lghad1,525,106,27,Ļ,ļ,False,emptiness,0.007330650289077312,0.007330650289077312,0.1224183663725853,0.13897325098514557,0.35,0,0,797,FP32-token-IDs
RoBERTa,lghad1,525,106,27,Ļ,ļ,False,hopelessness,0.021094086940865963,0.021094086940865963,0.2907838523387909,0.6040868759155273,0.35,1,1,797,FP32-token-IDs
RoBERTa,lghad1,525,106,27,Ļ,ļ,False,loneliness,0.012268703599693254,0.012268703599693254,0.30062830448150635,0.9012202024459839,0.35,1,1,797,FP32-token-IDs
RoBERTa,lghad1,525,106,27,Ļ,ļ,False,sadness,0.004657139489427209,0.004657139489427209,0.3040405511856079,0.4563634395599365,0.35,0,1,797,FP32-token-IDs
RoBERTa,lghad1,525,106,27,Ļ,ļ,False,suicide intent,-0.0008197569786716485,0.0008197569786716485,0.08356937021017075,0.008036630228161812,0.35,0,0,797,FP32-token-IDs
RoBERTa,lghad1,525,106,27,Ļ,ļ,False,worthlessness,0.021639054449042305,0.021639054449042305,0.23034417629241943,0.3397594094276428,0.35,0,0,797,FP32-token-IDs
RoBERTa,lghad1,525,107,90,t,t,False,anger,-0.002288126858184114,0.002288126858184114,0.3152667284011841,0.8488504886627197,0.35,1,1,797,FP32-token-IDs
RoBERTa,lghad1,525,107,90,t,t,False,brain dysfunction (forget),0.009029819793067873,0.009029819793067873,0.17854474484920502,0.586258053779602,0.35,0,1,797,FP32-token-IDs
RoBERTa,lghad1,525,107,90,t,t,False,emptiness,0.007330650289077312,0.007330650289077312,0.1224183663725853,0.13897325098514557,0.35,0,0,797,FP32-token-IDs
RoBERTa,lghad1,525,107,90,t,t,False,hopelessness,0.021094086940865963,0.021094086940865963,0.2907838523387909,0.6040868759155273,0.35,1,1,797,FP32-token-IDs
RoBERTa,lghad1,525,107,90,t,t,False,loneliness,0.012268703599693254,0.012268703599693254,0.30062830448150635,0.9012202024459839,0.35,1,1,797,FP32-token-IDs
RoBERTa,lghad1,525,107,90,t,t,False,sadness,0.004657139489427209,0.004657139489427209,0.3040405511856079,0.4563634395599365,0.35,0,1,797,FP32-token-IDs
RoBERTa,lghad1,525,107,90,t,t,False,suicide intent,-0.0008197569786716485,0.0008197569786716485,0.08356937021017075,0.008036630228161812,0.35,0,0,797,FP32-token-IDs
RoBERTa,lghad1,525,107,90,t,t,False,worthlessness,0.021639054449042305,0.021639054449042305,0.23034417629241943,0.3397594094276428,0.35,0,0,797,FP32-token-IDs
RoBERTa,lghad1,525,108,1067,Ġtalk,talk,False,anger,-0.0015011574432719499,0.0015011574432719499,0.3152667284011841,0.8488504886627197,0.35,1,1,797,FP32-token-IDs
RoBERTa,lghad1,525,108,1067,Ġtalk,talk,False,brain dysfunction (forget),0.00344242084150513,0.00344242084150513,0.17854474484920502,0.586258053779602,0.35,0,1,797,FP32-token-IDs
RoBERTa,lghad1,525,108,1067,Ġtalk,talk,False,emptiness,0.004933969109940032,0.004933969109940032,0.1224183663725853,0.13897325098514557,0.35,0,0,797,FP32-token-IDs
RoBERTa,lghad1,525,108,1067,Ġtalk,talk,False,hopelessness,0.010335730101602773,0.010335730101602773,0.2907838523387909,0.6040868759155273,0.35,1,1,797,FP32-token-IDs
RoBERTa,lghad1,525,108,1067,Ġtalk,talk,False,loneliness,0.011686918034683913,0.011686918034683913,0.30062830448150635,0.9012202024459839,0.35,1,1,797,FP32-token-IDs
RoBERTa,lghad1,525,108,1067,Ġtalk,talk,False,sadness,0.004998623890181382,0.004998623890181382,0.3040405511856079,0.4563634395599365,0.35,0,1,797,FP32-token-IDs
RoBERTa,lghad1,525,108,1067,Ġtalk,talk,False,suicide intent,-0.0006056780245368525,0.0006056780245368525,0.08356937021017075,0.008036630228161812,0.35,0,0,797,FP32-token-IDs
RoBERTa,lghad1,525,108,1067,Ġtalk,talk,False,worthlessness,0.009478602810607601,0.009478602810607601,0.23034417629241943,0.3397594094276428,0.35,0,0,797,FP32-token-IDs
RoBERTa,lghad1,525,109,7,Ġto,to,False,anger,-0.0015011574432719499,0.0015011574432719499,0.3152667284011841,0.8488504886627197,0.35,1,1,797,FP32-token-IDs
RoBERTa,lghad1,525,109,7,Ġto,to,False,brain dysfunction (forget),0.00344242084150513,0.00344242084150513,0.17854474484920502,0.586258053779602,0.35,0,1,797,FP32-token-IDs
RoBERTa,lghad1,525,109,7,Ġto,to,False,emptiness,0.004933969109940032,0.004933969109940032,0.1224183663725853,0.13897325098514557,0.35,0,0,797,FP32-token-IDs
RoBERTa,lghad1,525,109,7,Ġto,to,False,hopelessness,0.010335730101602773,0.010335730101602773,0.2907838523387909,0.6040868759155273,0.35,1,1,797,FP32-token-IDs
RoBERTa,lghad1,525,109,7,Ġto,to,False,loneliness,0.011686918034683913,0.011686918034683913,0.30062830448150635,0.9012202024459839,0.35,1,1,797,FP32-token-IDs
RoBERTa,lghad1,525,109,7,Ġto,to,False,sadness,0.004998623890181382,0.004998623890181382,0.3040405511856079,0.4563634395599365,0.35,0,1,797,FP32-token-IDs
RoBERTa,lghad1,525,109,7,Ġto,to,False,suicide intent,-0.0006056780245368525,0.0006056780245368525,0.08356937021017075,0.008036630228161812,0.35,0,0,797,FP32-token-IDs
RoBERTa,lghad1,525,109,7,Ġto,to,False,worthlessness,0.009478602810607601,0.009478602810607601,0.23034417629241943,0.3397594094276428,0.35,0,0,797,FP32-token-IDs
RoBERTa,lghad1,525,110,162,Ġme,me,False,anger,-0.0015011574432719499,0.0015011574432719499,0.3152667284011841,0.8488504886627197,0.35,1,1,797,FP32-token-IDs
RoBERTa,lghad1,525,110,162,Ġme,me,False,brain dysfunction (forget),0.0034424208415051298,0.0034424208415051298,0.17854474484920502,0.586258053779602,0.35,0,1,797,FP32-token-IDs
RoBERTa,lghad1,525,110,162,Ġme,me,False,emptiness,0.004933969109940032,0.004933969109940032,0.1224183663725853,0.13897325098514557,0.35,0,0,797,FP32-token-IDs
RoBERTa,lghad1,525,110,162,Ġme,me,False,hopelessness,0.010335730101602773,0.010335730101602773,0.2907838523387909,0.6040868759155273,0.35,1,1,797,FP32-token-IDs
RoBERTa,lghad1,525,110,162,Ġme,me,False,loneliness,0.011686918034683913,0.011686918034683913,0.30062830448150635,0.9012202024459839,0.35,1,1,797,FP32-token-IDs
RoBERTa,lghad1,525,110,162,Ġme,me,False,sadness,0.004998623890181382,0.004998623890181382,0.3040405511856079,0.4563634395599365,0.35,0,1,797,FP32-token-IDs
RoBERTa,lghad1,525,110,162,Ġme,me,False,suicide intent,-0.0006056780245368524,0.0006056780245368524,0.08356937021017075,0.008036630228161812,0.35,0,0,797,FP32-token-IDs
RoBERTa,lghad1,525,110,162,Ġme,me,False,worthlessness,0.009478602810607603,0.009478602810607603,0.23034417629241943,0.3397594094276428,0.35,0,0,797,FP32-token-IDs
RoBERTa,lghad1,525,111,17,âĢ,âģ,False,anger,-0.0015011574432719499,0.0015011574432719499,0.3152667284011841,0.8488504886627197,0.35,1,1,797,FP32-token-IDs
RoBERTa,lghad1,525,111,17,âĢ,âģ,False,brain dysfunction (forget),0.0034424208415051298,0.0034424208415051298,0.17854474484920502,0.586258053779602,0.35,0,1,797,FP32-token-IDs
RoBERTa,lghad1,525,111,17,âĢ,âģ,False,emptiness,0.004933969109940032,0.004933969109940032,0.1224183663725853,0.13897325098514557,0.35,0,0,797,FP32-token-IDs
RoBERTa,lghad1,525,111,17,âĢ,âģ,False,hopelessness,0.010335730101602773,0.010335730101602773,0.2907838523387909,0.6040868759155273,0.35,1,1,797,FP32-token-IDs
RoBERTa,lghad1,525,111,17,âĢ,âģ,False,loneliness,0.011686918034683913,0.011686918034683913,0.30062830448150635,0.9012202024459839,0.35,1,1,797,FP32-token-IDs
RoBERTa,lghad1,525,111,17,âĢ,âģ,False,sadness,0.004998623890181382,0.004998623890181382,0.3040405511856079,0.4563634395599365,0.35,0,1,797,FP32-token-IDs
RoBERTa,lghad1,525,111,17,âĢ,âģ,False,suicide intent,-0.0006056780245368524,0.0006056780245368524,0.08356937021017075,0.008036630228161812,0.35,0,0,797,FP32-token-IDs
RoBERTa,lghad1,525,111,17,âĢ,âģ,False,worthlessness,0.009478602810607603,0.009478602810607603,0.23034417629241943,0.3397594094276428,0.35,0,0,797,FP32-token-IDs
RoBERTa,lghad1,525,112,46,Ŀ,ŀ,False,anger,-0.0015011574432719499,0.0015011574432719499,0.3152667284011841,0.8488504886627197,0.35,1,1,797,FP32-token-IDs
RoBERTa,lghad1,525,112,46,Ŀ,ŀ,False,brain dysfunction (forget),0.0034424208415051298,0.0034424208415051298,0.17854474484920502,0.586258053779602,0.35,0,1,797,FP32-token-IDs
RoBERTa,lghad1,525,112,46,Ŀ,ŀ,False,emptiness,0.004933969109940032,0.004933969109940032,0.1224183663725853,0.13897325098514557,0.35,0,0,797,FP32-token-IDs
RoBERTa,lghad1,525,112,46,Ŀ,ŀ,False,hopelessness,0.010335730101602773,0.010335730101602773,0.2907838523387909,0.6040868759155273,0.35,1,1,797,FP32-token-IDs
RoBERTa,lghad1,525,112,46,Ŀ,ŀ,False,loneliness,0.011686918034683913,0.011686918034683913,0.30062830448150635,0.9012202024459839,0.35,1,1,797,FP32-token-IDs
RoBERTa,lghad1,525,112,46,Ŀ,ŀ,False,sadness,0.004998623890181382,0.004998623890181382,0.3040405511856079,0.4563634395599365,0.35,0,1,797,FP32-token-IDs
RoBERTa,lghad1,525,112,46,Ŀ,ŀ,False,suicide intent,-0.0006056780245368524,0.0006056780245368524,0.08356937021017075,0.008036630228161812,0.35,0,0,797,FP32-token-IDs
RoBERTa,lghad1,525,112,46,Ŀ,ŀ,False,worthlessness,0.009478602810607603,0.009478602810607603,0.23034417629241943,0.3397594094276428,0.35,0,0,797,FP32-token-IDs
RoBERTa,lghad1,525,113,6,",",",",False,anger,-0.0014421783329453318,0.0014421783329453318,0.3152667284011841,0.8488504886627197,0.35,1,1,797,FP32-token-IDs
RoBERTa,lghad1,525,113,6,",",",",False,brain dysfunction (forget),0.0036752197270592053,0.0036752197270592053,0.17854474484920502,0.586258053779602,0.35,0,1,797,FP32-token-IDs
RoBERTa,lghad1,525,113,6,",",",",False,emptiness,0.004599601069154839,0.004599601069154839,0.1224183663725853,0.13897325098514557,0.35,0,0,797,FP32-token-IDs
RoBERTa,lghad1,525,113,6,",",",",False,hopelessness,0.009928124017703037,0.009928124017703037,0.2907838523387909,0.6040868759155273,0.35,1,1,797,FP32-token-IDs
RoBERTa,lghad1,525,113,6,",",",",False,loneliness,0.009397486073430628,0.009397486073430628,0.30062830448150635,0.9012202024459839,0.35,1,1,797,FP32-token-IDs
RoBERTa,lghad1,525,113,6,",",",",False,sadness,0.004299284455676873,0.004299284455676873,0.3040405511856079,0.4563634395599365,0.35,0,1,797,FP32-token-IDs
RoBERTa,lghad1,525,113,6,",",",",False,suicide intent,-0.0005795648745940222,0.0005795648745940222,0.08356937021017075,0.008036630228161812,0.35,0,0,797,FP32-token-IDs
RoBERTa,lghad1,525,113,6,",",",",False,worthlessness,0.009562078370557477,0.009562078370557477,0.23034417629241943,0.3397594094276428,0.35,0,0,797,FP32-token-IDs
RoBERTa,lghad1,525,114,44,ĠâĢ,âģ,False,anger,0.0014674297999590635,0.0014674297999590635,0.3152667284011841,0.8488504886627197,0.35,1,1,797,FP32-token-IDs
RoBERTa,lghad1,525,114,44,ĠâĢ,âģ,False,brain dysfunction (forget),0.005770746618509293,0.005770746618509293,0.17854474484920502,0.586258053779602,0.35,0,1,797,FP32-token-IDs
RoBERTa,lghad1,525,114,44,ĠâĢ,âģ,False,emptiness,0.0020755014120368287,0.0020755014120368287,0.1224183663725853,0.13897325098514557,0.35,0,0,797,FP32-token-IDs
RoBERTa,lghad1,525,114,44,ĠâĢ,âģ,False,hopelessness,0.00592706527095288,0.00592706527095288,0.2907838523387909,0.6040868759155273,0.35,1,1,797,FP32-token-IDs
RoBERTa,lghad1,525,114,44,ĠâĢ,âģ,False,loneliness,0.0043023526086471975,0.0043023526086471975,0.30062830448150635,0.9012202024459839,0.35,1,1,797,FP32-token-IDs
RoBERTa,lghad1,525,114,44,ĠâĢ,âģ,False,sadness,-0.002753438660874963,0.002753438660874963,0.3040405511856079,0.4563634395599365,0.35,0,1,797,FP32-token-IDs
RoBERTa,lghad1,525,114,44,ĠâĢ,âģ,False,suicide intent,-0.0002621525673021097,0.0002621525673021097,0.08356937021017075,0.008036630228161812,0.35,0,0,797,FP32-token-IDs
RoBERTa,lghad1,525,114,44,ĠâĢ,âģ,False,worthlessness,0.008026412484468892,0.008026412484468892,0.23034417629241943,0.3397594094276428,0.35,0,0,797,FP32-token-IDs
RoBERTa,lghad1,525,115,48,ľ,ľ,False,anger,0.0014674297999590635,0.0014674297999590635,0.3152667284011841,0.8488504886627197,0.35,1,1,797,FP32-token-IDs
RoBERTa,lghad1,525,115,48,ľ,ľ,False,brain dysfunction (forget),0.005770746618509293,0.005770746618509293,0.17854474484920502,0.586258053779602,0.35,0,1,797,FP32-token-IDs
RoBERTa,lghad1,525,115,48,ľ,ľ,False,emptiness,0.0020755014120368287,0.0020755014120368287,0.1224183663725853,0.13897325098514557,0.35,0,0,797,FP32-token-IDs
RoBERTa,lghad1,525,115,48,ľ,ľ,False,hopelessness,0.00592706527095288,0.00592706527095288,0.2907838523387909,0.6040868759155273,0.35,1,1,797,FP32-token-IDs
RoBERTa,lghad1,525,115,48,ľ,ľ,False,loneliness,0.0043023526086471975,0.0043023526086471975,0.30062830448150635,0.9012202024459839,0.35,1,1,797,FP32-token-IDs
RoBERTa,lghad1,525,115,48,ľ,ľ,False,sadness,-0.002753438660874963,0.002753438660874963,0.3040405511856079,0.4563634395599365,0.35,0,1,797,FP32-token-IDs
RoBERTa,lghad1,525,115,48,ľ,ľ,False,suicide intent,-0.0002621525673021097,0.0002621525673021097,0.08356937021017075,0.008036630228161812,0.35,0,0,797,FP32-token-IDs
RoBERTa,lghad1,525,115,48,ľ,ľ,False,worthlessness,0.008026412484468892,0.008026412484468892,0.23034417629241943,0.3397594094276428,0.35,0,0,797,FP32-token-IDs
RoBERTa,lghad1,525,116,7254,don,don,False,anger,0.0014674297999590635,0.0014674297999590635,0.3152667284011841,0.8488504886627197,0.35,1,1,797,FP32-token-IDs
RoBERTa,lghad1,525,116,7254,don,don,False,brain dysfunction (forget),0.005770746618509293,0.005770746618509293,0.17854474484920502,0.586258053779602,0.35,0,1,797,FP32-token-IDs
RoBERTa,lghad1,525,116,7254,don,don,False,emptiness,0.0020755014120368287,0.0020755014120368287,0.1224183663725853,0.13897325098514557,0.35,0,0,797,FP32-token-IDs
RoBERTa,lghad1,525,116,7254,don,don,False,hopelessness,0.00592706527095288,0.00592706527095288,0.2907838523387909,0.6040868759155273,0.35,1,1,797,FP32-token-IDs
RoBERTa,lghad1,525,116,7254,don,don,False,loneliness,0.0043023526086471975,0.0043023526086471975,0.30062830448150635,0.9012202024459839,0.35,1,1,797,FP32-token-IDs
RoBERTa,lghad1,525,116,7254,don,don,False,sadness,-0.002753438660874963,0.002753438660874963,0.3040405511856079,0.4563634395599365,0.35,0,1,797,FP32-token-IDs
RoBERTa,lghad1,525,116,7254,don,don,False,suicide intent,-0.0002621525673021097,0.0002621525673021097,0.08356937021017075,0.008036630228161812,0.35,0,0,797,FP32-token-IDs
RoBERTa,lghad1,525,116,7254,don,don,False,worthlessness,0.008026412484468892,0.008026412484468892,0.23034417629241943,0.3397594094276428,0.35,0,0,797,FP32-token-IDs
RoBERTa,lghad1,525,117,17,âĢ,âģ,False,anger,0.0014674297999590635,0.0014674297999590635,0.3152667284011841,0.8488504886627197,0.35,1,1,797,FP32-token-IDs
RoBERTa,lghad1,525,117,17,âĢ,âģ,False,brain dysfunction (forget),0.005770746618509293,0.005770746618509293,0.17854474484920502,0.586258053779602,0.35,0,1,797,FP32-token-IDs
RoBERTa,lghad1,525,117,17,âĢ,âģ,False,emptiness,0.0020755014120368287,0.0020755014120368287,0.1224183663725853,0.13897325098514557,0.35,0,0,797,FP32-token-IDs
RoBERTa,lghad1,525,117,17,âĢ,âģ,False,hopelessness,0.00592706527095288,0.00592706527095288,0.2907838523387909,0.6040868759155273,0.35,1,1,797,FP32-token-IDs
RoBERTa,lghad1,525,117,17,âĢ,âģ,False,loneliness,0.0043023526086471975,0.0043023526086471975,0.30062830448150635,0.9012202024459839,0.35,1,1,797,FP32-token-IDs
RoBERTa,lghad1,525,117,17,âĢ,âģ,False,sadness,-0.002753438660874963,0.002753438660874963,0.3040405511856079,0.4563634395599365,0.35,0,1,797,FP32-token-IDs
RoBERTa,lghad1,525,117,17,âĢ,âģ,False,suicide intent,-0.0002621525673021097,0.0002621525673021097,0.08356937021017075,0.008036630228161812,0.35,0,0,797,FP32-token-IDs
RoBERTa,lghad1,525,117,17,âĢ,âģ,False,worthlessness,0.008026412484468892,0.008026412484468892,0.23034417629241943,0.3397594094276428,0.35,0,0,797,FP32-token-IDs
RoBERTa,lghad1,525,118,27,Ļ,ļ,False,anger,-0.0017037952784448862,0.0017037952784448862,0.3152667284011841,0.8488504886627197,0.35,1,1,797,FP32-token-IDs
RoBERTa,lghad1,525,118,27,Ļ,ļ,False,brain dysfunction (forget),0.007538907928392291,0.007538907928392291,0.17854474484920502,0.586258053779602,0.35,0,1,797,FP32-token-IDs
RoBERTa,lghad1,525,118,27,Ļ,ļ,False,emptiness,0.0031555792811559513,0.0031555792811559513,0.1224183663725853,0.13897325098514557,0.35,0,0,797,FP32-token-IDs
RoBERTa,lghad1,525,118,27,Ļ,ļ,False,hopelessness,0.010361375170759857,0.010361375170759857,0.2907838523387909,0.6040868759155273,0.35,1,1,797,FP32-token-IDs
RoBERTa,lghad1,525,118,27,Ļ,ļ,False,loneliness,0.005695314146578312,0.005695314146578312,0.30062830448150635,0.9012202024459839,0.35,1,1,797,FP32-token-IDs
RoBERTa,lghad1,525,118,27,Ļ,ļ,False,sadness,-0.00149065931327641,0.00149065931327641,0.3040405511856079,0.4563634395599365,0.35,0,1,797,FP32-token-IDs
RoBERTa,lghad1,525,118,27,Ļ,ļ,False,suicide intent,-0.0004796077664650511,0.0004796077664650511,0.08356937021017075,0.008036630228161812,0.35,0,0,797,FP32-token-IDs
RoBERTa,lghad1,525,118,27,Ļ,ļ,False,worthlessness,0.013386780658038333,0.013386780658038333,0.23034417629241943,0.3397594094276428,0.35,0,0,797,FP32-token-IDs
RoBERTa,lghad1,525,119,90,t,t,False,anger,-0.0017037952784448862,0.0017037952784448862,0.3152667284011841,0.8488504886627197,0.35,1,1,797,FP32-token-IDs
RoBERTa,lghad1,525,119,90,t,t,False,brain dysfunction (forget),0.007538907928392291,0.007538907928392291,0.17854474484920502,0.586258053779602,0.35,0,1,797,FP32-token-IDs
RoBERTa,lghad1,525,119,90,t,t,False,emptiness,0.0031555792811559513,0.0031555792811559513,0.1224183663725853,0.13897325098514557,0.35,0,0,797,FP32-token-IDs
RoBERTa,lghad1,525,119,90,t,t,False,hopelessness,0.010361375170759857,0.010361375170759857,0.2907838523387909,0.6040868759155273,0.35,1,1,797,FP32-token-IDs
RoBERTa,lghad1,525,119,90,t,t,False,loneliness,0.005695314146578312,0.005695314146578312,0.30062830448150635,0.9012202024459839,0.35,1,1,797,FP32-token-IDs
RoBERTa,lghad1,525,119,90,t,t,False,sadness,-0.00149065931327641,0.00149065931327641,0.3040405511856079,0.4563634395599365,0.35,0,1,797,FP32-token-IDs
RoBERTa,lghad1,525,119,90,t,t,False,suicide intent,-0.0004796077664650511,0.0004796077664650511,0.08356937021017075,0.008036630228161812,0.35,0,0,797,FP32-token-IDs
RoBERTa,lghad1,525,119,90,t,t,False,worthlessness,0.013386780658038333,0.013386780658038333,0.23034417629241943,0.3397594094276428,0.35,0,0,797,FP32-token-IDs
RoBERTa,lghad1,525,120,1394,Ġask,ask,False,anger,-0.0017037952784448862,0.0017037952784448862,0.3152667284011841,0.8488504886627197,0.35,1,1,797,FP32-token-IDs
RoBERTa,lghad1,525,120,1394,Ġask,ask,False,brain dysfunction (forget),0.007538907928392291,0.007538907928392291,0.17854474484920502,0.586258053779602,0.35,0,1,797,FP32-token-IDs
RoBERTa,lghad1,525,120,1394,Ġask,ask,False,emptiness,0.0031555792811559513,0.0031555792811559513,0.1224183663725853,0.13897325098514557,0.35,0,0,797,FP32-token-IDs
RoBERTa,lghad1,525,120,1394,Ġask,ask,False,hopelessness,0.010361375170759857,0.010361375170759857,0.2907838523387909,0.6040868759155273,0.35,1,1,797,FP32-token-IDs
RoBERTa,lghad1,525,120,1394,Ġask,ask,False,loneliness,0.005695314146578312,0.005695314146578312,0.30062830448150635,0.9012202024459839,0.35,1,1,797,FP32-token-IDs
RoBERTa,lghad1,525,120,1394,Ġask,ask,False,sadness,-0.00149065931327641,0.00149065931327641,0.3040405511856079,0.4563634395599365,0.35,0,1,797,FP32-token-IDs
RoBERTa,lghad1,525,120,1394,Ġask,ask,False,suicide intent,-0.0004796077664650511,0.0004796077664650511,0.08356937021017075,0.008036630228161812,0.35,0,0,797,FP32-token-IDs
RoBERTa,lghad1,525,120,1394,Ġask,ask,False,worthlessness,0.013386780658038333,0.013386780658038333,0.23034417629241943,0.3397594094276428,0.35,0,0,797,FP32-token-IDs
RoBERTa,lghad1,525,121,162,Ġme,me,False,anger,-0.0017037952784448862,0.0017037952784448862,0.3152667284011841,0.8488504886627197,0.35,1,1,797,FP32-token-IDs
RoBERTa,lghad1,525,121,162,Ġme,me,False,brain dysfunction (forget),0.007538907928392291,0.007538907928392291,0.17854474484920502,0.586258053779602,0.35,0,1,797,FP32-token-IDs
RoBERTa,lghad1,525,121,162,Ġme,me,False,emptiness,0.0031555792811559513,0.0031555792811559513,0.1224183663725853,0.13897325098514557,0.35,0,0,797,FP32-token-IDs
RoBERTa,lghad1,525,121,162,Ġme,me,False,hopelessness,0.010361375170759857,0.010361375170759857,0.2907838523387909,0.6040868759155273,0.35,1,1,797,FP32-token-IDs
RoBERTa,lghad1,525,121,162,Ġme,me,False,loneliness,0.005695314146578312,0.005695314146578312,0.30062830448150635,0.9012202024459839,0.35,1,1,797,FP32-token-IDs
RoBERTa,lghad1,525,121,162,Ġme,me,False,sadness,-0.00149065931327641,0.00149065931327641,0.3040405511856079,0.4563634395599365,0.35,0,1,797,FP32-token-IDs
RoBERTa,lghad1,525,121,162,Ġme,me,False,suicide intent,-0.0004796077664650511,0.0004796077664650511,0.08356937021017075,0.008036630228161812,0.35,0,0,797,FP32-token-IDs
RoBERTa,lghad1,525,121,162,Ġme,me,False,worthlessness,0.013386780658038333,0.013386780658038333,0.23034417629241943,0.3397594094276428,0.35,0,0,797,FP32-token-IDs
RoBERTa,lghad1,525,122,99,Ġwhat,what,False,anger,0.0007627441664226353,0.0007627441664226353,0.3152667284011841,0.8488504886627197,0.35,1,1,797,FP32-token-IDs
RoBERTa,lghad1,525,122,99,Ġwhat,what,False,brain dysfunction (forget),0.001570604945300147,0.001570604945300147,0.17854474484920502,0.586258053779602,0.35,0,1,797,FP32-token-IDs
RoBERTa,lghad1,525,122,99,Ġwhat,what,False,emptiness,-0.00040332345088245347,0.00040332345088245347,0.1224183663725853,0.13897325098514557,0.35,0,0,797,FP32-token-IDs
RoBERTa,lghad1,525,122,99,Ġwhat,what,False,hopelessness,-0.0033608695084694773,0.0033608695084694773,0.2907838523387909,0.6040868759155273,0.35,1,1,797,FP32-token-IDs
RoBERTa,lghad1,525,122,99,Ġwhat,what,False,loneliness,0.003715897284564562,0.003715897284564562,0.30062830448150635,0.9012202024459839,0.35,1,1,797,FP32-token-IDs
RoBERTa,lghad1,525,122,99,Ġwhat,what,False,sadness,-0.0030672522261738777,0.0030672522261738777,0.3040405511856079,0.4563634395599365,0.35,0,1,797,FP32-token-IDs
RoBERTa,lghad1,525,122,99,Ġwhat,what,False,suicide intent,-0.00023029896419757279,0.00023029896419757279,0.08356937021017075,0.008036630228161812,0.35,0,0,797,FP32-token-IDs
RoBERTa,lghad1,525,122,99,Ġwhat,what,False,worthlessness,-0.0012113734555896372,0.0012113734555896372,0.23034417629241943,0.3397594094276428,0.35,0,0,797,FP32-token-IDs
RoBERTa,lghad1,525,123,17,âĢ,âģ,False,anger,0.0007627441664226353,0.0007627441664226353,0.3152667284011841,0.8488504886627197,0.35,1,1,797,FP32-token-IDs
RoBERTa,lghad1,525,123,17,âĢ,âģ,False,brain dysfunction (forget),0.001570604945300147,0.001570604945300147,0.17854474484920502,0.586258053779602,0.35,0,1,797,FP32-token-IDs
RoBERTa,lghad1,525,123,17,âĢ,âģ,False,emptiness,-0.00040332345088245347,0.00040332345088245347,0.1224183663725853,0.13897325098514557,0.35,0,0,797,FP32-token-IDs
RoBERTa,lghad1,525,123,17,âĢ,âģ,False,hopelessness,-0.0033608695084694773,0.0033608695084694773,0.2907838523387909,0.6040868759155273,0.35,1,1,797,FP32-token-IDs
RoBERTa,lghad1,525,123,17,âĢ,âģ,False,loneliness,0.003715897284564562,0.003715897284564562,0.30062830448150635,0.9012202024459839,0.35,1,1,797,FP32-token-IDs
RoBERTa,lghad1,525,123,17,âĢ,âģ,False,sadness,-0.0030672522261738777,0.0030672522261738777,0.3040405511856079,0.4563634395599365,0.35,0,1,797,FP32-token-IDs
RoBERTa,lghad1,525,123,17,âĢ,âģ,False,suicide intent,-0.00023029896419757279,0.00023029896419757279,0.08356937021017075,0.008036630228161812,0.35,0,0,797,FP32-token-IDs
RoBERTa,lghad1,525,123,17,âĢ,âģ,False,worthlessness,-0.0012113734555896372,0.0012113734555896372,0.23034417629241943,0.3397594094276428,0.35,0,0,797,FP32-token-IDs
RoBERTa,lghad1,525,124,27,Ļ,ļ,False,anger,0.0007627441664226353,0.0007627441664226353,0.3152667284011841,0.8488504886627197,0.35,1,1,797,FP32-token-IDs
RoBERTa,lghad1,525,124,27,Ļ,ļ,False,brain dysfunction (forget),0.001570604945300147,0.001570604945300147,0.17854474484920502,0.586258053779602,0.35,0,1,797,FP32-token-IDs
RoBERTa,lghad1,525,124,27,Ļ,ļ,False,emptiness,-0.00040332345088245347,0.00040332345088245347,0.1224183663725853,0.13897325098514557,0.35,0,0,797,FP32-token-IDs
RoBERTa,lghad1,525,124,27,Ļ,ļ,False,hopelessness,-0.0033608695084694773,0.0033608695084694773,0.2907838523387909,0.6040868759155273,0.35,1,1,797,FP32-token-IDs
RoBERTa,lghad1,525,124,27,Ļ,ļ,False,loneliness,0.003715897284564562,0.003715897284564562,0.30062830448150635,0.9012202024459839,0.35,1,1,797,FP32-token-IDs
RoBERTa,lghad1,525,124,27,Ļ,ļ,False,sadness,-0.0030672522261738777,0.0030672522261738777,0.3040405511856079,0.4563634395599365,0.35,0,1,797,FP32-token-IDs
RoBERTa,lghad1,525,124,27,Ļ,ļ,False,suicide intent,-0.00023029896419757279,0.00023029896419757279,0.08356937021017075,0.008036630228161812,0.35,0,0,797,FP32-token-IDs
RoBERTa,lghad1,525,124,27,Ļ,ļ,False,worthlessness,-0.0012113734555896372,0.0012113734555896372,0.23034417629241943,0.3397594094276428,0.35,0,0,797,FP32-token-IDs
RoBERTa,lghad1,525,125,29,s,s,False,anger,0.0007627441664226353,0.0007627441664226353,0.3152667284011841,0.8488504886627197,0.35,1,1,797,FP32-token-IDs
RoBERTa,lghad1,525,125,29,s,s,False,brain dysfunction (forget),0.001570604945300147,0.001570604945300147,0.17854474484920502,0.586258053779602,0.35,0,1,797,FP32-token-IDs
RoBERTa,lghad1,525,125,29,s,s,False,emptiness,-0.00040332345088245347,0.00040332345088245347,0.1224183663725853,0.13897325098514557,0.35,0,0,797,FP32-token-IDs
RoBERTa,lghad1,525,125,29,s,s,False,hopelessness,-0.0033608695084694773,0.0033608695084694773,0.2907838523387909,0.6040868759155273,0.35,1,1,797,FP32-token-IDs
RoBERTa,lghad1,525,125,29,s,s,False,loneliness,0.003715897284564562,0.003715897284564562,0.30062830448150635,0.9012202024459839,0.35,1,1,797,FP32-token-IDs
RoBERTa,lghad1,525,125,29,s,s,False,sadness,-0.0030672522261738777,0.0030672522261738777,0.3040405511856079,0.4563634395599365,0.35,0,1,797,FP32-token-IDs
RoBERTa,lghad1,525,125,29,s,s,False,suicide intent,-0.00023029896419757279,0.00023029896419757279,0.08356937021017075,0.008036630228161812,0.35,0,0,797,FP32-token-IDs
RoBERTa,lghad1,525,125,29,s,s,False,worthlessness,-0.0012113734555896372,0.0012113734555896372,0.23034417629241943,0.3397594094276428,0.35,0,0,797,FP32-token-IDs
RoBERTa,lghad1,525,126,1593,Ġwrong,wrong,False,anger,0.0007627441664226353,0.0007627441664226353,0.3152667284011841,0.8488504886627197,0.35,1,1,797,FP32-token-IDs
RoBERTa,lghad1,525,126,1593,Ġwrong,wrong,False,brain dysfunction (forget),0.001570604945300147,0.001570604945300147,0.17854474484920502,0.586258053779602,0.35,0,1,797,FP32-token-IDs
RoBERTa,lghad1,525,126,1593,Ġwrong,wrong,False,emptiness,-0.00040332345088245347,0.00040332345088245347,0.1224183663725853,0.13897325098514557,0.35,0,0,797,FP32-token-IDs
RoBERTa,lghad1,525,126,1593,Ġwrong,wrong,False,hopelessness,-0.0033608695084694773,0.0033608695084694773,0.2907838523387909,0.6040868759155273,0.35,1,1,797,FP32-token-IDs
RoBERTa,lghad1,525,126,1593,Ġwrong,wrong,False,loneliness,0.003715897284564562,0.003715897284564562,0.30062830448150635,0.9012202024459839,0.35,1,1,797,FP32-token-IDs
RoBERTa,lghad1,525,126,1593,Ġwrong,wrong,False,sadness,-0.0030672522261738777,0.0030672522261738777,0.3040405511856079,0.4563634395599365,0.35,0,1,797,FP32-token-IDs
RoBERTa,lghad1,525,126,1593,Ġwrong,wrong,False,suicide intent,-0.00023029896419757279,0.00023029896419757279,0.08356937021017075,0.008036630228161812,0.35,0,0,797,FP32-token-IDs
RoBERTa,lghad1,525,126,1593,Ġwrong,wrong,False,worthlessness,-0.0012113734555896372,0.0012113734555896372,0.23034417629241943,0.3397594094276428,0.35,0,0,797,FP32-token-IDs
RoBERTa,lghad1,525,127,17,âĢ,âģ,False,anger,0.0007627441664226353,0.0007627441664226353,0.3152667284011841,0.8488504886627197,0.35,1,1,797,FP32-token-IDs
RoBERTa,lghad1,525,127,17,âĢ,âģ,False,brain dysfunction (forget),0.001570604945300147,0.001570604945300147,0.17854474484920502,0.586258053779602,0.35,0,1,797,FP32-token-IDs
RoBERTa,lghad1,525,127,17,âĢ,âģ,False,emptiness,-0.00040332345088245347,0.00040332345088245347,0.1224183663725853,0.13897325098514557,0.35,0,0,797,FP32-token-IDs
RoBERTa,lghad1,525,127,17,âĢ,âģ,False,hopelessness,-0.0033608695084694773,0.0033608695084694773,0.2907838523387909,0.6040868759155273,0.35,1,1,797,FP32-token-IDs
RoBERTa,lghad1,525,127,17,âĢ,âģ,False,loneliness,0.003715897284564562,0.003715897284564562,0.30062830448150635,0.9012202024459839,0.35,1,1,797,FP32-token-IDs
RoBERTa,lghad1,525,127,17,âĢ,âģ,False,sadness,-0.0030672522261738777,0.0030672522261738777,0.3040405511856079,0.4563634395599365,0.35,0,1,797,FP32-token-IDs
RoBERTa,lghad1,525,127,17,âĢ,âģ,False,suicide intent,-0.00023029896419757279,0.00023029896419757279,0.08356937021017075,0.008036630228161812,0.35,0,0,797,FP32-token-IDs
RoBERTa,lghad1,525,127,17,âĢ,âģ,False,worthlessness,-0.0012113734555896372,0.0012113734555896372,0.23034417629241943,0.3397594094276428,0.35,0,0,797,FP32-token-IDs
RoBERTa,lghad1,525,128,46,Ŀ,ŀ,False,anger,0.0007627441664226353,0.0007627441664226353,0.3152667284011841,0.8488504886627197,0.35,1,1,797,FP32-token-IDs
RoBERTa,lghad1,525,128,46,Ŀ,ŀ,False,brain dysfunction (forget),0.001570604945300147,0.001570604945300147,0.17854474484920502,0.586258053779602,0.35,0,1,797,FP32-token-IDs
RoBERTa,lghad1,525,128,46,Ŀ,ŀ,False,emptiness,-0.00040332345088245347,0.00040332345088245347,0.1224183663725853,0.13897325098514557,0.35,0,0,797,FP32-token-IDs
RoBERTa,lghad1,525,128,46,Ŀ,ŀ,False,hopelessness,-0.0033608695084694773,0.0033608695084694773,0.2907838523387909,0.6040868759155273,0.35,1,1,797,FP32-token-IDs
RoBERTa,lghad1,525,128,46,Ŀ,ŀ,False,loneliness,0.003715897284564562,0.003715897284564562,0.30062830448150635,0.9012202024459839,0.35,1,1,797,FP32-token-IDs
RoBERTa,lghad1,525,128,46,Ŀ,ŀ,False,sadness,-0.0030672522261738777,0.0030672522261738777,0.3040405511856079,0.4563634395599365,0.35,0,1,797,FP32-token-IDs
RoBERTa,lghad1,525,128,46,Ŀ,ŀ,False,suicide intent,-0.00023029896419757279,0.00023029896419757279,0.08356937021017075,0.008036630228161812,0.35,0,0,797,FP32-token-IDs
RoBERTa,lghad1,525,128,46,Ŀ,ŀ,False,worthlessness,-0.0012113734555896372,0.0012113734555896372,0.23034417629241943,0.3397594094276428,0.35,0,0,797,FP32-token-IDs
RoBERTa,lghad1,525,129,44,ĠâĢ,âģ,False,anger,0.0007627441664226353,0.0007627441664226353,0.3152667284011841,0.8488504886627197,0.35,1,1,797,FP32-token-IDs
RoBERTa,lghad1,525,129,44,ĠâĢ,âģ,False,brain dysfunction (forget),0.001570604945300147,0.001570604945300147,0.17854474484920502,0.586258053779602,0.35,0,1,797,FP32-token-IDs
RoBERTa,lghad1,525,129,44,ĠâĢ,âģ,False,emptiness,-0.00040332345088245347,0.00040332345088245347,0.1224183663725853,0.13897325098514557,0.35,0,0,797,FP32-token-IDs
RoBERTa,lghad1,525,129,44,ĠâĢ,âģ,False,hopelessness,-0.0033608695084694773,0.0033608695084694773,0.2907838523387909,0.6040868759155273,0.35,1,1,797,FP32-token-IDs
RoBERTa,lghad1,525,129,44,ĠâĢ,âģ,False,loneliness,0.003715897284564562,0.003715897284564562,0.30062830448150635,0.9012202024459839,0.35,1,1,797,FP32-token-IDs
RoBERTa,lghad1,525,129,44,ĠâĢ,âģ,False,sadness,-0.0030672522261738777,0.0030672522261738777,0.3040405511856079,0.4563634395599365,0.35,0,1,797,FP32-token-IDs
RoBERTa,lghad1,525,129,44,ĠâĢ,âģ,False,suicide intent,-0.00023029896419757279,0.00023029896419757279,0.08356937021017075,0.008036630228161812,0.35,0,0,797,FP32-token-IDs
RoBERTa,lghad1,525,129,44,ĠâĢ,âģ,False,worthlessness,-0.0012113734555896372,0.0012113734555896372,0.23034417629241943,0.3397594094276428,0.35,0,0,797,FP32-token-IDs
RoBERTa,lghad1,525,130,48,ľ,ľ,False,anger,0.024355718807782978,0.024355718807782978,0.3152667284011841,0.8488504886627197,0.35,1,1,797,FP32-token-IDs
RoBERTa,lghad1,525,130,48,ľ,ľ,False,brain dysfunction (forget),-0.0076243532239459455,0.0076243532239459455,0.17854474484920502,0.586258053779602,0.35,0,1,797,FP32-token-IDs
RoBERTa,lghad1,525,130,48,ľ,ľ,False,emptiness,-0.004151270251895767,0.004151270251895767,0.1224183663725853,0.13897325098514557,0.35,0,0,797,FP32-token-IDs
RoBERTa,lghad1,525,130,48,ľ,ľ,False,hopelessness,-0.013554337958339602,0.013554337958339602,0.2907838523387909,0.6040868759155273,0.35,1,1,797,FP32-token-IDs
RoBERTa,lghad1,525,130,48,ľ,ľ,False,loneliness,0.04895301791111706,0.04895301791111706,0.30062830448150635,0.9012202024459839,0.35,1,1,797,FP32-token-IDs
RoBERTa,lghad1,525,130,48,ľ,ľ,False,sadness,-0.007492504839319736,0.007492504839319736,0.3040405511856079,0.4563634395599365,0.35,0,1,797,FP32-token-IDs
RoBERTa,lghad1,525,130,48,ľ,ľ,False,suicide intent,-0.0010940222291537793,0.0010940222291537793,0.08356937021017075,0.008036630228161812,0.35,0,0,797,FP32-token-IDs
RoBERTa,lghad1,525,130,48,ľ,ľ,False,worthlessness,-0.013363367688725702,0.013363367688725702,0.23034417629241943,0.3397594094276428,0.35,0,0,797,FP32-token-IDs
RoBERTa,lghad1,525,131,38457,leave,leave,False,anger,0.024355718807782978,0.024355718807782978,0.3152667284011841,0.8488504886627197,0.35,1,1,797,FP32-token-IDs
RoBERTa,lghad1,525,131,38457,leave,leave,False,brain dysfunction (forget),-0.0076243532239459455,0.0076243532239459455,0.17854474484920502,0.586258053779602,0.35,0,1,797,FP32-token-IDs
RoBERTa,lghad1,525,131,38457,leave,leave,False,emptiness,-0.004151270251895767,0.004151270251895767,0.1224183663725853,0.13897325098514557,0.35,0,0,797,FP32-token-IDs
RoBERTa,lghad1,525,131,38457,leave,leave,False,hopelessness,-0.013554337958339602,0.013554337958339602,0.2907838523387909,0.6040868759155273,0.35,1,1,797,FP32-token-IDs
RoBERTa,lghad1,525,131,38457,leave,leave,False,loneliness,0.04895301791111706,0.04895301791111706,0.30062830448150635,0.9012202024459839,0.35,1,1,797,FP32-token-IDs
RoBERTa,lghad1,525,131,38457,leave,leave,False,sadness,-0.007492504839319736,0.007492504839319736,0.3040405511856079,0.4563634395599365,0.35,0,1,797,FP32-token-IDs
RoBERTa,lghad1,525,131,38457,leave,leave,False,suicide intent,-0.0010940222291537793,0.0010940222291537793,0.08356937021017075,0.008036630228161812,0.35,0,0,797,FP32-token-IDs
RoBERTa,lghad1,525,131,38457,leave,leave,False,worthlessness,-0.013363367688725702,0.013363367688725702,0.23034417629241943,0.3397594094276428,0.35,0,0,797,FP32-token-IDs
RoBERTa,lghad1,525,132,162,Ġme,me,False,anger,0.04604047740576789,0.04604047740576789,0.3152667284011841,0.8488504886627197,0.35,1,1,797,FP32-token-IDs
RoBERTa,lghad1,525,132,162,Ġme,me,False,brain dysfunction (forget),-0.05382078068214469,0.05382078068214469,0.17854474484920502,0.586258053779602,0.35,0,1,797,FP32-token-IDs
RoBERTa,lghad1,525,132,162,Ġme,me,False,emptiness,0.02754502745665377,0.02754502745665377,0.1224183663725853,0.13897325098514557,0.35,0,0,797,FP32-token-IDs
RoBERTa,lghad1,525,132,162,Ġme,me,False,hopelessness,-0.019833450845908374,0.019833450845908374,0.2907838523387909,0.6040868759155273,0.35,1,1,797,FP32-token-IDs
RoBERTa,lghad1,525,132,162,Ġme,me,False,loneliness,0.28014396115759155,0.28014396115759155,0.30062830448150635,0.9012202024459839,0.35,1,1,797,FP32-token-IDs
RoBERTa,lghad1,525,132,162,Ġme,me,False,sadness,0.00730636838125065,0.00730636838125065,0.3040405511856079,0.4563634395599365,0.35,0,1,797,FP32-token-IDs
RoBERTa,lghad1,525,132,162,Ġme,me,False,suicide intent,-0.0016688436498952797,0.0016688436498952797,0.08356937021017075,0.008036630228161812,0.35,0,0,797,FP32-token-IDs
RoBERTa,lghad1,525,132,162,Ġme,me,False,worthlessness,-0.0452750018594088,0.0452750018594088,0.23034417629241943,0.3397594094276428,0.35,0,0,797,FP32-token-IDs
RoBERTa,lghad1,525,133,1937,Ġalone,alone,False,anger,0.04604047740576789,0.04604047740576789,0.3152667284011841,0.8488504886627197,0.35,1,1,797,FP32-token-IDs
RoBERTa,lghad1,525,133,1937,Ġalone,alone,False,brain dysfunction (forget),-0.05382078068214469,0.05382078068214469,0.17854474484920502,0.586258053779602,0.35,0,1,797,FP32-token-IDs
RoBERTa,lghad1,525,133,1937,Ġalone,alone,False,emptiness,0.02754502745665377,0.02754502745665377,0.1224183663725853,0.13897325098514557,0.35,0,0,797,FP32-token-IDs
RoBERTa,lghad1,525,133,1937,Ġalone,alone,False,hopelessness,-0.019833450845908374,0.019833450845908374,0.2907838523387909,0.6040868759155273,0.35,1,1,797,FP32-token-IDs
RoBERTa,lghad1,525,133,1937,Ġalone,alone,False,loneliness,0.28014396115759155,0.28014396115759155,0.30062830448150635,0.9012202024459839,0.35,1,1,797,FP32-token-IDs
RoBERTa,lghad1,525,133,1937,Ġalone,alone,False,sadness,0.00730636838125065,0.00730636838125065,0.3040405511856079,0.4563634395599365,0.35,0,1,797,FP32-token-IDs
RoBERTa,lghad1,525,133,1937,Ġalone,alone,False,suicide intent,-0.0016688436498952797,0.0016688436498952797,0.08356937021017075,0.008036630228161812,0.35,0,0,797,FP32-token-IDs
RoBERTa,lghad1,525,133,1937,Ġalone,alone,False,worthlessness,-0.0452750018594088,0.0452750018594088,0.23034417629241943,0.3397594094276428,0.35,0,0,797,FP32-token-IDs
RoBERTa,lghad1,525,134,17,âĢ,âģ,False,anger,0.005791272735223174,0.005791272735223174,0.3152667284011841,0.8488504886627197,0.35,1,1,797,FP32-token-IDs
RoBERTa,lghad1,525,134,17,âĢ,âģ,False,brain dysfunction (forget),-0.000750900071579963,0.000750900071579963,0.17854474484920502,0.586258053779602,0.35,0,1,797,FP32-token-IDs
RoBERTa,lghad1,525,134,17,âĢ,âģ,False,emptiness,-0.0016850664590795834,0.0016850664590795834,0.1224183663725853,0.13897325098514557,0.35,0,0,797,FP32-token-IDs
RoBERTa,lghad1,525,134,17,âĢ,âģ,False,hopelessness,-0.002384158860271176,0.002384158860271176,0.2907838523387909,0.6040868759155273,0.35,1,1,797,FP32-token-IDs
RoBERTa,lghad1,525,134,17,âĢ,âģ,False,loneliness,-0.0016200885584112257,0.0016200885584112257,0.30062830448150635,0.9012202024459839,0.35,1,1,797,FP32-token-IDs
RoBERTa,lghad1,525,134,17,âĢ,âģ,False,sadness,-0.005992707796394825,0.005992707796394825,0.3040405511856079,0.4563634395599365,0.35,0,1,797,FP32-token-IDs
RoBERTa,lghad1,525,134,17,âĢ,âģ,False,suicide intent,8.878193087487792e-05,8.878193087487792e-05,0.08356937021017075,0.008036630228161812,0.35,0,0,797,FP32-token-IDs
RoBERTa,lghad1,525,134,17,âĢ,âģ,False,worthlessness,-0.001925319666042924,0.001925319666042924,0.23034417629241943,0.3397594094276428,0.35,0,0,797,FP32-token-IDs
RoBERTa,lghad1,525,135,46,Ŀ,ŀ,False,anger,0.005791272735223174,0.005791272735223174,0.3152667284011841,0.8488504886627197,0.35,1,1,797,FP32-token-IDs
RoBERTa,lghad1,525,135,46,Ŀ,ŀ,False,brain dysfunction (forget),-0.000750900071579963,0.000750900071579963,0.17854474484920502,0.586258053779602,0.35,0,1,797,FP32-token-IDs
RoBERTa,lghad1,525,135,46,Ŀ,ŀ,False,emptiness,-0.0016850664590795834,0.0016850664590795834,0.1224183663725853,0.13897325098514557,0.35,0,0,797,FP32-token-IDs
RoBERTa,lghad1,525,135,46,Ŀ,ŀ,False,hopelessness,-0.002384158860271176,0.002384158860271176,0.2907838523387909,0.6040868759155273,0.35,1,1,797,FP32-token-IDs
RoBERTa,lghad1,525,135,46,Ŀ,ŀ,False,loneliness,-0.0016200885584112257,0.0016200885584112257,0.30062830448150635,0.9012202024459839,0.35,1,1,797,FP32-token-IDs
RoBERTa,lghad1,525,135,46,Ŀ,ŀ,False,sadness,-0.005992707796394825,0.005992707796394825,0.3040405511856079,0.4563634395599365,0.35,0,1,797,FP32-token-IDs
RoBERTa,lghad1,525,135,46,Ŀ,ŀ,False,suicide intent,8.878193087487792e-05,8.878193087487792e-05,0.08356937021017075,0.008036630228161812,0.35,0,0,797,FP32-token-IDs
RoBERTa,lghad1,525,135,46,Ŀ,ŀ,False,worthlessness,-0.001925319666042924,0.001925319666042924,0.23034417629241943,0.3397594094276428,0.35,0,0,797,FP32-token-IDs
RoBERTa,lghad1,525,136,50,Ġor,or,False,anger,0.005791272735223174,0.005791272735223174,0.3152667284011841,0.8488504886627197,0.35,1,1,797,FP32-token-IDs
RoBERTa,lghad1,525,136,50,Ġor,or,False,brain dysfunction (forget),-0.000750900071579963,0.000750900071579963,0.17854474484920502,0.586258053779602,0.35,0,1,797,FP32-token-IDs
RoBERTa,lghad1,525,136,50,Ġor,or,False,emptiness,-0.0016850664590795834,0.0016850664590795834,0.1224183663725853,0.13897325098514557,0.35,0,0,797,FP32-token-IDs
RoBERTa,lghad1,525,136,50,Ġor,or,False,hopelessness,-0.002384158860271176,0.002384158860271176,0.2907838523387909,0.6040868759155273,0.35,1,1,797,FP32-token-IDs
RoBERTa,lghad1,525,136,50,Ġor,or,False,loneliness,-0.0016200885584112257,0.0016200885584112257,0.30062830448150635,0.9012202024459839,0.35,1,1,797,FP32-token-IDs
RoBERTa,lghad1,525,136,50,Ġor,or,False,sadness,-0.005992707796394825,0.005992707796394825,0.3040405511856079,0.4563634395599365,0.35,0,1,797,FP32-token-IDs
RoBERTa,lghad1,525,136,50,Ġor,or,False,suicide intent,8.878193087487792e-05,8.878193087487792e-05,0.08356937021017075,0.008036630228161812,0.35,0,0,797,FP32-token-IDs
RoBERTa,lghad1,525,136,50,Ġor,or,False,worthlessness,-0.001925319666042924,0.001925319666042924,0.23034417629241943,0.3397594094276428,0.35,0,0,797,FP32-token-IDs
RoBERTa,lghad1,525,137,38,ĠI,i,False,anger,0.008473183697788045,0.008473183697788045,0.3152667284011841,0.8488504886627197,0.35,1,1,797,FP32-token-IDs
RoBERTa,lghad1,525,137,38,ĠI,i,False,brain dysfunction (forget),-0.0006578613295763112,0.0006578613295763112,0.17854474484920502,0.586258053779602,0.35,0,1,797,FP32-token-IDs
RoBERTa,lghad1,525,137,38,ĠI,i,False,emptiness,-0.003048765785933938,0.003048765785933938,0.1224183663725853,0.13897325098514557,0.35,0,0,797,FP32-token-IDs
RoBERTa,lghad1,525,137,38,ĠI,i,False,hopelessness,-0.0012963722595789782,0.0012963722595789782,0.2907838523387909,0.6040868759155273,0.35,1,1,797,FP32-token-IDs
RoBERTa,lghad1,525,137,38,ĠI,i,False,loneliness,-0.0025540677282454754,0.0025540677282454754,0.30062830448150635,0.9012202024459839,0.35,1,1,797,FP32-token-IDs
RoBERTa,lghad1,525,137,38,ĠI,i,False,sadness,-0.0014813277715196211,0.0014813277715196211,0.3040405511856079,0.4563634395599365,0.35,0,1,797,FP32-token-IDs
RoBERTa,lghad1,525,137,38,ĠI,i,False,suicide intent,0.00021368033624942956,0.00021368033624942956,0.08356937021017075,0.008036630228161812,0.35,0,0,797,FP32-token-IDs
RoBERTa,lghad1,525,137,38,ĠI,i,False,worthlessness,-0.0033149240965334075,0.0033149240965334075,0.23034417629241943,0.3397594094276428,0.35,0,0,797,FP32-token-IDs
RoBERTa,lghad1,525,138,222,Ġdid,did,False,anger,0.008473183697788045,0.008473183697788045,0.3152667284011841,0.8488504886627197,0.35,1,1,797,FP32-token-IDs
RoBERTa,lghad1,525,138,222,Ġdid,did,False,brain dysfunction (forget),-0.0006578613295763112,0.0006578613295763112,0.17854474484920502,0.586258053779602,0.35,0,1,797,FP32-token-IDs
RoBERTa,lghad1,525,138,222,Ġdid,did,False,emptiness,-0.003048765785933938,0.003048765785933938,0.1224183663725853,0.13897325098514557,0.35,0,0,797,FP32-token-IDs
RoBERTa,lghad1,525,138,222,Ġdid,did,False,hopelessness,-0.0012963722595789782,0.0012963722595789782,0.2907838523387909,0.6040868759155273,0.35,1,1,797,FP32-token-IDs
RoBERTa,lghad1,525,138,222,Ġdid,did,False,loneliness,-0.0025540677282454754,0.0025540677282454754,0.30062830448150635,0.9012202024459839,0.35,1,1,797,FP32-token-IDs
RoBERTa,lghad1,525,138,222,Ġdid,did,False,sadness,-0.0014813277715196211,0.0014813277715196211,0.3040405511856079,0.4563634395599365,0.35,0,1,797,FP32-token-IDs
RoBERTa,lghad1,525,138,222,Ġdid,did,False,suicide intent,0.00021368033624942956,0.00021368033624942956,0.08356937021017075,0.008036630228161812,0.35,0,0,797,FP32-token-IDs
RoBERTa,lghad1,525,138,222,Ġdid,did,False,worthlessness,-0.0033149240965334075,0.0033149240965334075,0.23034417629241943,0.3397594094276428,0.35,0,0,797,FP32-token-IDs
RoBERTa,lghad1,525,139,402,Ġsomething,something,False,anger,0.008473183697788045,0.008473183697788045,0.3152667284011841,0.8488504886627197,0.35,1,1,797,FP32-token-IDs
RoBERTa,lghad1,525,139,402,Ġsomething,something,False,brain dysfunction (forget),-0.0006578613295763112,0.0006578613295763112,0.17854474484920502,0.586258053779602,0.35,0,1,797,FP32-token-IDs
RoBERTa,lghad1,525,139,402,Ġsomething,something,False,emptiness,-0.003048765785933938,0.003048765785933938,0.1224183663725853,0.13897325098514557,0.35,0,0,797,FP32-token-IDs
RoBERTa,lghad1,525,139,402,Ġsomething,something,False,hopelessness,-0.0012963722595789782,0.0012963722595789782,0.2907838523387909,0.6040868759155273,0.35,1,1,797,FP32-token-IDs
RoBERTa,lghad1,525,139,402,Ġsomething,something,False,loneliness,-0.0025540677282454754,0.0025540677282454754,0.30062830448150635,0.9012202024459839,0.35,1,1,797,FP32-token-IDs
RoBERTa,lghad1,525,139,402,Ġsomething,something,False,sadness,-0.0014813277715196211,0.0014813277715196211,0.3040405511856079,0.4563634395599365,0.35,0,1,797,FP32-token-IDs
RoBERTa,lghad1,525,139,402,Ġsomething,something,False,suicide intent,0.00021368033624942956,0.00021368033624942956,0.08356937021017075,0.008036630228161812,0.35,0,0,797,FP32-token-IDs
RoBERTa,lghad1,525,139,402,Ġsomething,something,False,worthlessness,-0.0033149240965334075,0.0033149240965334075,0.23034417629241943,0.3397594094276428,0.35,0,0,797,FP32-token-IDs
RoBERTa,lghad1,525,140,7,Ġto,to,False,anger,0.008473183697788045,0.008473183697788045,0.3152667284011841,0.8488504886627197,0.35,1,1,797,FP32-token-IDs
RoBERTa,lghad1,525,140,7,Ġto,to,False,brain dysfunction (forget),-0.0006578613295763112,0.0006578613295763112,0.17854474484920502,0.586258053779602,0.35,0,1,797,FP32-token-IDs
RoBERTa,lghad1,525,140,7,Ġto,to,False,emptiness,-0.003048765785933938,0.003048765785933938,0.1224183663725853,0.13897325098514557,0.35,0,0,797,FP32-token-IDs
RoBERTa,lghad1,525,140,7,Ġto,to,False,hopelessness,-0.0012963722595789782,0.0012963722595789782,0.2907838523387909,0.6040868759155273,0.35,1,1,797,FP32-token-IDs
RoBERTa,lghad1,525,140,7,Ġto,to,False,loneliness,-0.0025540677282454754,0.0025540677282454754,0.30062830448150635,0.9012202024459839,0.35,1,1,797,FP32-token-IDs
RoBERTa,lghad1,525,140,7,Ġto,to,False,sadness,-0.0014813277715196211,0.0014813277715196211,0.3040405511856079,0.4563634395599365,0.35,0,1,797,FP32-token-IDs
RoBERTa,lghad1,525,140,7,Ġto,to,False,suicide intent,0.00021368033624942956,0.00021368033624942956,0.08356937021017075,0.008036630228161812,0.35,0,0,797,FP32-token-IDs
RoBERTa,lghad1,525,140,7,Ġto,to,False,worthlessness,-0.0033149240965334075,0.0033149240965334075,0.23034417629241943,0.3397594094276428,0.35,0,0,797,FP32-token-IDs
RoBERTa,lghad1,525,141,38768,Ġpiss,piss,False,anger,0.06634648117081572,0.06634648117081572,0.3152667284011841,0.8488504886627197,0.35,1,1,797,FP32-token-IDs
RoBERTa,lghad1,525,141,38768,Ġpiss,piss,False,brain dysfunction (forget),0.004410717786716607,0.004410717786716607,0.17854474484920502,0.586258053779602,0.35,0,1,797,FP32-token-IDs
RoBERTa,lghad1,525,141,38768,Ġpiss,piss,False,emptiness,-0.005604488690247915,0.005604488690247915,0.1224183663725853,0.13897325098514557,0.35,0,0,797,FP32-token-IDs
RoBERTa,lghad1,525,141,38768,Ġpiss,piss,False,hopelessness,0.015023744888215637,0.015023744888215637,0.2907838523387909,0.6040868759155273,0.35,1,1,797,FP32-token-IDs
RoBERTa,lghad1,525,141,38768,Ġpiss,piss,False,loneliness,-0.024600595960995026,0.024600595960995026,0.30062830448150635,0.9012202024459839,0.35,1,1,797,FP32-token-IDs
RoBERTa,lghad1,525,141,38768,Ġpiss,piss,False,sadness,0.001331154489889741,0.001331154489889741,0.3040405511856079,0.4563634395599365,0.35,0,1,797,FP32-token-IDs
RoBERTa,lghad1,525,141,38768,Ġpiss,piss,False,suicide intent,-0.0004000105773229734,0.0004000105773229734,0.08356937021017075,0.008036630228161812,0.35,0,0,797,FP32-token-IDs
RoBERTa,lghad1,525,141,38768,Ġpiss,piss,False,worthlessness,0.025420271384064108,0.025420271384064108,0.23034417629241943,0.3397594094276428,0.35,0,0,797,FP32-token-IDs
RoBERTa,lghad1,525,142,123,Ġhim,him,False,anger,0.06634648117081572,0.06634648117081572,0.3152667284011841,0.8488504886627197,0.35,1,1,797,FP32-token-IDs
RoBERTa,lghad1,525,142,123,Ġhim,him,False,brain dysfunction (forget),0.004410717786716607,0.004410717786716607,0.17854474484920502,0.586258053779602,0.35,0,1,797,FP32-token-IDs
RoBERTa,lghad1,525,142,123,Ġhim,him,False,emptiness,-0.005604488690247915,0.005604488690247915,0.1224183663725853,0.13897325098514557,0.35,0,0,797,FP32-token-IDs
RoBERTa,lghad1,525,142,123,Ġhim,him,False,hopelessness,0.015023744888215637,0.015023744888215637,0.2907838523387909,0.6040868759155273,0.35,1,1,797,FP32-token-IDs
RoBERTa,lghad1,525,142,123,Ġhim,him,False,loneliness,-0.024600595960995026,0.024600595960995026,0.30062830448150635,0.9012202024459839,0.35,1,1,797,FP32-token-IDs
RoBERTa,lghad1,525,142,123,Ġhim,him,False,sadness,0.001331154489889741,0.001331154489889741,0.3040405511856079,0.4563634395599365,0.35,0,1,797,FP32-token-IDs
RoBERTa,lghad1,525,142,123,Ġhim,him,False,suicide intent,-0.0004000105773229734,0.0004000105773229734,0.08356937021017075,0.008036630228161812,0.35,0,0,797,FP32-token-IDs
RoBERTa,lghad1,525,142,123,Ġhim,him,False,worthlessness,0.025420271384064108,0.025420271384064108,0.23034417629241943,0.3397594094276428,0.35,0,0,797,FP32-token-IDs
RoBERTa,lghad1,525,143,160,Ġoff,off,False,anger,0.06634648117081572,0.06634648117081572,0.3152667284011841,0.8488504886627197,0.35,1,1,797,FP32-token-IDs
RoBERTa,lghad1,525,143,160,Ġoff,off,False,brain dysfunction (forget),0.004410717786716607,0.004410717786716607,0.17854474484920502,0.586258053779602,0.35,0,1,797,FP32-token-IDs
RoBERTa,lghad1,525,143,160,Ġoff,off,False,emptiness,-0.005604488690247915,0.005604488690247915,0.1224183663725853,0.13897325098514557,0.35,0,0,797,FP32-token-IDs
RoBERTa,lghad1,525,143,160,Ġoff,off,False,hopelessness,0.015023744888215637,0.015023744888215637,0.2907838523387909,0.6040868759155273,0.35,1,1,797,FP32-token-IDs
RoBERTa,lghad1,525,143,160,Ġoff,off,False,loneliness,-0.024600595960995026,0.024600595960995026,0.30062830448150635,0.9012202024459839,0.35,1,1,797,FP32-token-IDs
RoBERTa,lghad1,525,143,160,Ġoff,off,False,sadness,0.001331154489889741,0.001331154489889741,0.3040405511856079,0.4563634395599365,0.35,0,1,797,FP32-token-IDs
RoBERTa,lghad1,525,143,160,Ġoff,off,False,suicide intent,-0.0004000105773229734,0.0004000105773229734,0.08356937021017075,0.008036630228161812,0.35,0,0,797,FP32-token-IDs
RoBERTa,lghad1,525,143,160,Ġoff,off,False,worthlessness,0.025420271384064108,0.025420271384064108,0.23034417629241943,0.3397594094276428,0.35,0,0,797,FP32-token-IDs
RoBERTa,lghad1,525,144,8,Ġand,and,False,anger,0.056814557290636,0.056814557290636,0.3152667284011841,0.8488504886627197,0.35,1,1,797,FP32-token-IDs
RoBERTa,lghad1,525,144,8,Ġand,and,False,brain dysfunction (forget),0.004360262881770419,0.004360262881770419,0.17854474484920502,0.586258053779602,0.35,0,1,797,FP32-token-IDs
RoBERTa,lghad1,525,144,8,Ġand,and,False,emptiness,-0.004527054486970883,0.004527054486970883,0.1224183663725853,0.13897325098514557,0.35,0,0,797,FP32-token-IDs
RoBERTa,lghad1,525,144,8,Ġand,and,False,hopelessness,0.013583904665817196,0.013583904665817196,0.2907838523387909,0.6040868759155273,0.35,1,1,797,FP32-token-IDs
RoBERTa,lghad1,525,144,8,Ġand,and,False,loneliness,-0.019733485093941756,0.019733485093941756,0.30062830448150635,0.9012202024459839,0.35,1,1,797,FP32-token-IDs
RoBERTa,lghad1,525,144,8,Ġand,and,False,sadness,0.0001228902644167344,0.0001228902644167344,0.3040405511856079,0.4563634395599365,0.35,0,1,797,FP32-token-IDs
RoBERTa,lghad1,525,144,8,Ġand,and,False,suicide intent,-0.0003175568305474978,0.0003175568305474978,0.08356937021017075,0.008036630228161812,0.35,0,0,797,FP32-token-IDs
RoBERTa,lghad1,525,144,8,Ġand,and,False,worthlessness,0.02320349319294716,0.02320349319294716,0.23034417629241943,0.3397594094276428,0.35,0,0,797,FP32-token-IDs
RoBERTa,lghad1,525,145,37,Ġhe,he,False,anger,-0.0019213667765143327,0.0019213667765143327,0.3152667284011841,0.8488504886627197,0.35,1,1,797,FP32-token-IDs
RoBERTa,lghad1,525,145,37,Ġhe,he,False,brain dysfunction (forget),0.0016815646401179643,0.0016815646401179643,0.17854474484920502,0.586258053779602,0.35,0,1,797,FP32-token-IDs
RoBERTa,lghad1,525,145,37,Ġhe,he,False,emptiness,0.00023371976203634404,0.00023371976203634404,0.1224183663725853,0.13897325098514557,0.35,0,0,797,FP32-token-IDs
RoBERTa,lghad1,525,145,37,Ġhe,he,False,hopelessness,2.15439164700606e-05,2.15439164700606e-05,0.2907838523387909,0.6040868759155273,0.35,1,1,797,FP32-token-IDs
RoBERTa,lghad1,525,145,37,Ġhe,he,False,loneliness,0.0028858604115763837,0.0028858604115763837,0.30062830448150635,0.9012202024459839,0.35,1,1,797,FP32-token-IDs
RoBERTa,lghad1,525,145,37,Ġhe,he,False,sadness,-0.0008421377181851617,0.0008421377181851617,0.3040405511856079,0.4563634395599365,0.35,0,1,797,FP32-token-IDs
RoBERTa,lghad1,525,145,37,Ġhe,he,False,suicide intent,-0.0003092705507394082,0.0003092705507394082,0.08356937021017075,0.008036630228161812,0.35,0,0,797,FP32-token-IDs
RoBERTa,lghad1,525,145,37,Ġhe,he,False,worthlessness,-0.002494808145759938,0.002494808145759938,0.23034417629241943,0.3397594094276428,0.35,0,0,797,FP32-token-IDs
RoBERTa,lghad1,525,146,95,Ġjust,just,False,anger,-0.0019213667765143327,0.0019213667765143327,0.3152667284011841,0.8488504886627197,0.35,1,1,797,FP32-token-IDs
RoBERTa,lghad1,525,146,95,Ġjust,just,False,brain dysfunction (forget),0.0016815646401179643,0.0016815646401179643,0.17854474484920502,0.586258053779602,0.35,0,1,797,FP32-token-IDs
RoBERTa,lghad1,525,146,95,Ġjust,just,False,emptiness,0.00023371976203634404,0.00023371976203634404,0.1224183663725853,0.13897325098514557,0.35,0,0,797,FP32-token-IDs
RoBERTa,lghad1,525,146,95,Ġjust,just,False,hopelessness,2.15439164700606e-05,2.15439164700606e-05,0.2907838523387909,0.6040868759155273,0.35,1,1,797,FP32-token-IDs
RoBERTa,lghad1,525,146,95,Ġjust,just,False,loneliness,0.0028858604115763837,0.0028858604115763837,0.30062830448150635,0.9012202024459839,0.35,1,1,797,FP32-token-IDs
RoBERTa,lghad1,525,146,95,Ġjust,just,False,sadness,-0.0008421377181851617,0.0008421377181851617,0.3040405511856079,0.4563634395599365,0.35,0,1,797,FP32-token-IDs
RoBERTa,lghad1,525,146,95,Ġjust,just,False,suicide intent,-0.0003092705507394082,0.0003092705507394082,0.08356937021017075,0.008036630228161812,0.35,0,0,797,FP32-token-IDs
RoBERTa,lghad1,525,146,95,Ġjust,just,False,worthlessness,-0.002494808145759938,0.002494808145759938,0.23034417629241943,0.3397594094276428,0.35,0,0,797,FP32-token-IDs
RoBERTa,lghad1,525,147,351,Ġwon,won,False,anger,-0.0019213667765143327,0.0019213667765143327,0.3152667284011841,0.8488504886627197,0.35,1,1,797,FP32-token-IDs
RoBERTa,lghad1,525,147,351,Ġwon,won,False,brain dysfunction (forget),0.0016815646401179643,0.0016815646401179643,0.17854474484920502,0.586258053779602,0.35,0,1,797,FP32-token-IDs
RoBERTa,lghad1,525,147,351,Ġwon,won,False,emptiness,0.00023371976203634404,0.00023371976203634404,0.1224183663725853,0.13897325098514557,0.35,0,0,797,FP32-token-IDs
RoBERTa,lghad1,525,147,351,Ġwon,won,False,hopelessness,2.15439164700606e-05,2.15439164700606e-05,0.2907838523387909,0.6040868759155273,0.35,1,1,797,FP32-token-IDs
RoBERTa,lghad1,525,147,351,Ġwon,won,False,loneliness,0.0028858604115763837,0.0028858604115763837,0.30062830448150635,0.9012202024459839,0.35,1,1,797,FP32-token-IDs
RoBERTa,lghad1,525,147,351,Ġwon,won,False,sadness,-0.0008421377181851617,0.0008421377181851617,0.3040405511856079,0.4563634395599365,0.35,0,1,797,FP32-token-IDs
RoBERTa,lghad1,525,147,351,Ġwon,won,False,suicide intent,-0.0003092705507394082,0.0003092705507394082,0.08356937021017075,0.008036630228161812,0.35,0,0,797,FP32-token-IDs
RoBERTa,lghad1,525,147,351,Ġwon,won,False,worthlessness,-0.002494808145759938,0.002494808145759938,0.23034417629241943,0.3397594094276428,0.35,0,0,797,FP32-token-IDs
RoBERTa,lghad1,525,148,17,âĢ,âģ,False,anger,-0.0019213667765143327,0.0019213667765143327,0.3152667284011841,0.8488504886627197,0.35,1,1,797,FP32-token-IDs
RoBERTa,lghad1,525,148,17,âĢ,âģ,False,brain dysfunction (forget),0.0016815646401179643,0.0016815646401179643,0.17854474484920502,0.586258053779602,0.35,0,1,797,FP32-token-IDs
RoBERTa,lghad1,525,148,17,âĢ,âģ,False,emptiness,0.00023371976203634404,0.00023371976203634404,0.1224183663725853,0.13897325098514557,0.35,0,0,797,FP32-token-IDs
RoBERTa,lghad1,525,148,17,âĢ,âģ,False,hopelessness,2.15439164700606e-05,2.15439164700606e-05,0.2907838523387909,0.6040868759155273,0.35,1,1,797,FP32-token-IDs
RoBERTa,lghad1,525,148,17,âĢ,âģ,False,loneliness,0.0028858604115763837,0.0028858604115763837,0.30062830448150635,0.9012202024459839,0.35,1,1,797,FP32-token-IDs
RoBERTa,lghad1,525,148,17,âĢ,âģ,False,sadness,-0.0008421377181851617,0.0008421377181851617,0.3040405511856079,0.4563634395599365,0.35,0,1,797,FP32-token-IDs
RoBERTa,lghad1,525,148,17,âĢ,âģ,False,suicide intent,-0.0003092705507394082,0.0003092705507394082,0.08356937021017075,0.008036630228161812,0.35,0,0,797,FP32-token-IDs
RoBERTa,lghad1,525,148,17,âĢ,âģ,False,worthlessness,-0.002494808145759938,0.002494808145759938,0.23034417629241943,0.3397594094276428,0.35,0,0,797,FP32-token-IDs
RoBERTa,lghad1,525,149,27,Ļ,ļ,False,anger,-0.0019213667765143327,0.0019213667765143327,0.3152667284011841,0.8488504886627197,0.35,1,1,797,FP32-token-IDs
RoBERTa,lghad1,525,149,27,Ļ,ļ,False,brain dysfunction (forget),0.0016815646401179643,0.0016815646401179643,0.17854474484920502,0.586258053779602,0.35,0,1,797,FP32-token-IDs
RoBERTa,lghad1,525,149,27,Ļ,ļ,False,emptiness,0.00023371976203634404,0.00023371976203634404,0.1224183663725853,0.13897325098514557,0.35,0,0,797,FP32-token-IDs
RoBERTa,lghad1,525,149,27,Ļ,ļ,False,hopelessness,2.15439164700606e-05,2.15439164700606e-05,0.2907838523387909,0.6040868759155273,0.35,1,1,797,FP32-token-IDs
RoBERTa,lghad1,525,149,27,Ļ,ļ,False,loneliness,0.0028858604115763837,0.0028858604115763837,0.30062830448150635,0.9012202024459839,0.35,1,1,797,FP32-token-IDs
RoBERTa,lghad1,525,149,27,Ļ,ļ,False,sadness,-0.0008421377181851617,0.0008421377181851617,0.3040405511856079,0.4563634395599365,0.35,0,1,797,FP32-token-IDs
RoBERTa,lghad1,525,149,27,Ļ,ļ,False,suicide intent,-0.0003092705507394082,0.0003092705507394082,0.08356937021017075,0.008036630228161812,0.35,0,0,797,FP32-token-IDs
RoBERTa,lghad1,525,149,27,Ļ,ļ,False,worthlessness,-0.002494808145759938,0.002494808145759938,0.23034417629241943,0.3397594094276428,0.35,0,0,797,FP32-token-IDs
RoBERTa,lghad1,525,150,90,t,t,False,anger,-0.0019213667765143327,0.0019213667765143327,0.3152667284011841,0.8488504886627197,0.35,1,1,797,FP32-token-IDs
RoBERTa,lghad1,525,150,90,t,t,False,brain dysfunction (forget),0.0016815646401179643,0.0016815646401179643,0.17854474484920502,0.586258053779602,0.35,0,1,797,FP32-token-IDs
RoBERTa,lghad1,525,150,90,t,t,False,emptiness,0.00023371976203634404,0.00023371976203634404,0.1224183663725853,0.13897325098514557,0.35,0,0,797,FP32-token-IDs
RoBERTa,lghad1,525,150,90,t,t,False,hopelessness,2.15439164700606e-05,2.15439164700606e-05,0.2907838523387909,0.6040868759155273,0.35,1,1,797,FP32-token-IDs
RoBERTa,lghad1,525,150,90,t,t,False,loneliness,0.0028858604115763837,0.0028858604115763837,0.30062830448150635,0.9012202024459839,0.35,1,1,797,FP32-token-IDs
RoBERTa,lghad1,525,150,90,t,t,False,sadness,-0.0008421377181851617,0.0008421377181851617,0.3040405511856079,0.4563634395599365,0.35,0,1,797,FP32-token-IDs
RoBERTa,lghad1,525,150,90,t,t,False,suicide intent,-0.0003092705507394082,0.0003092705507394082,0.08356937021017075,0.008036630228161812,0.35,0,0,797,FP32-token-IDs
RoBERTa,lghad1,525,150,90,t,t,False,worthlessness,-0.002494808145759938,0.002494808145759938,0.23034417629241943,0.3397594094276428,0.35,0,0,797,FP32-token-IDs
RoBERTa,lghad1,525,151,1137,Ġtell,tell,False,anger,-0.0019213667765143327,0.0019213667765143327,0.3152667284011841,0.8488504886627197,0.35,1,1,797,FP32-token-IDs
RoBERTa,lghad1,525,151,1137,Ġtell,tell,False,brain dysfunction (forget),0.0016815646401179643,0.0016815646401179643,0.17854474484920502,0.586258053779602,0.35,0,1,797,FP32-token-IDs
RoBERTa,lghad1,525,151,1137,Ġtell,tell,False,emptiness,0.00023371976203634404,0.00023371976203634404,0.1224183663725853,0.13897325098514557,0.35,0,0,797,FP32-token-IDs
RoBERTa,lghad1,525,151,1137,Ġtell,tell,False,hopelessness,2.15439164700606e-05,2.15439164700606e-05,0.2907838523387909,0.6040868759155273,0.35,1,1,797,FP32-token-IDs
RoBERTa,lghad1,525,151,1137,Ġtell,tell,False,loneliness,0.0028858604115763837,0.0028858604115763837,0.30062830448150635,0.9012202024459839,0.35,1,1,797,FP32-token-IDs
RoBERTa,lghad1,525,151,1137,Ġtell,tell,False,sadness,-0.0008421377181851617,0.0008421377181851617,0.3040405511856079,0.4563634395599365,0.35,0,1,797,FP32-token-IDs
RoBERTa,lghad1,525,151,1137,Ġtell,tell,False,suicide intent,-0.0003092705507394082,0.0003092705507394082,0.08356937021017075,0.008036630228161812,0.35,0,0,797,FP32-token-IDs
RoBERTa,lghad1,525,151,1137,Ġtell,tell,False,worthlessness,-0.002494808145759938,0.002494808145759938,0.23034417629241943,0.3397594094276428,0.35,0,0,797,FP32-token-IDs
RoBERTa,lghad1,525,152,162,Ġme,me,False,anger,-0.0019213667765143327,0.0019213667765143327,0.3152667284011841,0.8488504886627197,0.35,1,1,797,FP32-token-IDs
RoBERTa,lghad1,525,152,162,Ġme,me,False,brain dysfunction (forget),0.0016815646401179643,0.0016815646401179643,0.17854474484920502,0.586258053779602,0.35,0,1,797,FP32-token-IDs
RoBERTa,lghad1,525,152,162,Ġme,me,False,emptiness,0.00023371976203634404,0.00023371976203634404,0.1224183663725853,0.13897325098514557,0.35,0,0,797,FP32-token-IDs
RoBERTa,lghad1,525,152,162,Ġme,me,False,hopelessness,2.15439164700606e-05,2.15439164700606e-05,0.2907838523387909,0.6040868759155273,0.35,1,1,797,FP32-token-IDs
RoBERTa,lghad1,525,152,162,Ġme,me,False,loneliness,0.0028858604115763837,0.0028858604115763837,0.30062830448150635,0.9012202024459839,0.35,1,1,797,FP32-token-IDs
RoBERTa,lghad1,525,152,162,Ġme,me,False,sadness,-0.0008421377181851617,0.0008421377181851617,0.3040405511856079,0.4563634395599365,0.35,0,1,797,FP32-token-IDs
RoBERTa,lghad1,525,152,162,Ġme,me,False,suicide intent,-0.0003092705507394082,0.0003092705507394082,0.08356937021017075,0.008036630228161812,0.35,0,0,797,FP32-token-IDs
RoBERTa,lghad1,525,152,162,Ġme,me,False,worthlessness,-0.002494808145759938,0.002494808145759938,0.23034417629241943,0.3397594094276428,0.35,0,0,797,FP32-token-IDs
RoBERTa,lghad1,525,153,8103,ĠðŁ,ðł,False,anger,-0.00701517360721482,0.00701517360721482,0.3152667284011841,0.8488504886627197,0.35,1,1,797,FP32-token-IDs
RoBERTa,lghad1,525,153,8103,ĠðŁ,ðł,False,brain dysfunction (forget),0.0011624920322598578,0.0011624920322598578,0.17854474484920502,0.586258053779602,0.35,0,1,797,FP32-token-IDs
RoBERTa,lghad1,525,153,8103,ĠðŁ,ðł,False,emptiness,-5.509140464710072e-06,5.509140464710072e-06,0.1224183663725853,0.13897325098514557,0.35,0,0,797,FP32-token-IDs
RoBERTa,lghad1,525,153,8103,ĠðŁ,ðł,False,hopelessness,-0.002781543026988705,0.002781543026988705,0.2907838523387909,0.6040868759155273,0.35,1,1,797,FP32-token-IDs
RoBERTa,lghad1,525,153,8103,ĠðŁ,ðł,False,loneliness,0.0023516125572011033,0.0023516125572011033,0.30062830448150635,0.9012202024459839,0.35,1,1,797,FP32-token-IDs
RoBERTa,lghad1,525,153,8103,ĠðŁ,ðł,False,sadness,-0.0006470049168759338,0.0006470049168759338,0.3040405511856079,0.4563634395599365,0.35,0,1,797,FP32-token-IDs
RoBERTa,lghad1,525,153,8103,ĠðŁ,ðł,False,suicide intent,-0.0003026907585687392,0.0003026907585687392,0.08356937021017075,0.008036630228161812,0.35,0,0,797,FP32-token-IDs
RoBERTa,lghad1,525,153,8103,ĠðŁ,ðł,False,worthlessness,-0.0058346488707078,0.0058346488707078,0.23034417629241943,0.3397594094276428,0.35,0,0,797,FP32-token-IDs
RoBERTa,lghad1,525,154,6248,§,§,False,anger,-0.00701517360721482,0.00701517360721482,0.3152667284011841,0.8488504886627197,0.35,1,1,797,FP32-token-IDs
RoBERTa,lghad1,525,154,6248,§,§,False,brain dysfunction (forget),0.0011624920322598578,0.0011624920322598578,0.17854474484920502,0.586258053779602,0.35,0,1,797,FP32-token-IDs
RoBERTa,lghad1,525,154,6248,§,§,False,emptiness,-5.509140464710072e-06,5.509140464710072e-06,0.1224183663725853,0.13897325098514557,0.35,0,0,797,FP32-token-IDs
RoBERTa,lghad1,525,154,6248,§,§,False,hopelessness,-0.002781543026988705,0.002781543026988705,0.2907838523387909,0.6040868759155273,0.35,1,1,797,FP32-token-IDs
RoBERTa,lghad1,525,154,6248,§,§,False,loneliness,0.0023516125572011033,0.0023516125572011033,0.30062830448150635,0.9012202024459839,0.35,1,1,797,FP32-token-IDs
RoBERTa,lghad1,525,154,6248,§,§,False,sadness,-0.0006470049168759338,0.0006470049168759338,0.3040405511856079,0.4563634395599365,0.35,0,1,797,FP32-token-IDs
RoBERTa,lghad1,525,154,6248,§,§,False,suicide intent,-0.0003026907585687392,0.0003026907585687392,0.08356937021017075,0.008036630228161812,0.35,0,0,797,FP32-token-IDs
RoBERTa,lghad1,525,154,6248,§,§,False,worthlessness,-0.0058346488707078,0.0058346488707078,0.23034417629241943,0.3397594094276428,0.35,0,0,797,FP32-token-IDs
RoBERTa,lghad1,525,155,16948,Ĳ,ĳ,False,anger,-0.00701517360721482,0.00701517360721482,0.3152667284011841,0.8488504886627197,0.35,1,1,797,FP32-token-IDs
RoBERTa,lghad1,525,155,16948,Ĳ,ĳ,False,brain dysfunction (forget),0.0011624920322598578,0.0011624920322598578,0.17854474484920502,0.586258053779602,0.35,0,1,797,FP32-token-IDs
RoBERTa,lghad1,525,155,16948,Ĳ,ĳ,False,emptiness,-5.509140464710072e-06,5.509140464710072e-06,0.1224183663725853,0.13897325098514557,0.35,0,0,797,FP32-token-IDs
RoBERTa,lghad1,525,155,16948,Ĳ,ĳ,False,hopelessness,-0.002781543026988705,0.002781543026988705,0.2907838523387909,0.6040868759155273,0.35,1,1,797,FP32-token-IDs
RoBERTa,lghad1,525,155,16948,Ĳ,ĳ,False,loneliness,0.0023516125572011033,0.0023516125572011033,0.30062830448150635,0.9012202024459839,0.35,1,1,797,FP32-token-IDs
RoBERTa,lghad1,525,155,16948,Ĳ,ĳ,False,sadness,-0.0006470049168759338,0.0006470049168759338,0.3040405511856079,0.4563634395599365,0.35,0,1,797,FP32-token-IDs
RoBERTa,lghad1,525,155,16948,Ĳ,ĳ,False,suicide intent,-0.0003026907585687392,0.0003026907585687392,0.08356937021017075,0.008036630228161812,0.35,0,0,797,FP32-token-IDs
RoBERTa,lghad1,525,155,16948,Ĳ,ĳ,False,worthlessness,-0.0058346488707078,0.0058346488707078,0.23034417629241943,0.3397594094276428,0.35,0,0,797,FP32-token-IDs
RoBERTa,lghad1,525,156,1169,Ġeither,either,False,anger,-0.00701517360721482,0.00701517360721482,0.3152667284011841,0.8488504886627197,0.35,1,1,797,FP32-token-IDs
RoBERTa,lghad1,525,156,1169,Ġeither,either,False,brain dysfunction (forget),0.0011624920322598578,0.0011624920322598578,0.17854474484920502,0.586258053779602,0.35,0,1,797,FP32-token-IDs
RoBERTa,lghad1,525,156,1169,Ġeither,either,False,emptiness,-5.509140464710072e-06,5.509140464710072e-06,0.1224183663725853,0.13897325098514557,0.35,0,0,797,FP32-token-IDs
RoBERTa,lghad1,525,156,1169,Ġeither,either,False,hopelessness,-0.002781543026988705,0.002781543026988705,0.2907838523387909,0.6040868759155273,0.35,1,1,797,FP32-token-IDs
RoBERTa,lghad1,525,156,1169,Ġeither,either,False,loneliness,0.0023516125572011033,0.0023516125572011033,0.30062830448150635,0.9012202024459839,0.35,1,1,797,FP32-token-IDs
RoBERTa,lghad1,525,156,1169,Ġeither,either,False,sadness,-0.0006470049168759338,0.0006470049168759338,0.3040405511856079,0.4563634395599365,0.35,0,1,797,FP32-token-IDs
RoBERTa,lghad1,525,156,1169,Ġeither,either,False,suicide intent,-0.0003026907585687392,0.0003026907585687392,0.08356937021017075,0.008036630228161812,0.35,0,0,797,FP32-token-IDs
RoBERTa,lghad1,525,156,1169,Ġeither,either,False,worthlessness,-0.0058346488707078,0.0058346488707078,0.23034417629241943,0.3397594094276428,0.35,0,0,797,FP32-token-IDs
RoBERTa,lghad1,525,157,169,Ġway,way,False,anger,-0.00701517360721482,0.00701517360721482,0.3152667284011841,0.8488504886627197,0.35,1,1,797,FP32-token-IDs
RoBERTa,lghad1,525,157,169,Ġway,way,False,brain dysfunction (forget),0.0011624920322598578,0.0011624920322598578,0.17854474484920502,0.586258053779602,0.35,0,1,797,FP32-token-IDs
RoBERTa,lghad1,525,157,169,Ġway,way,False,emptiness,-5.509140464710072e-06,5.509140464710072e-06,0.1224183663725853,0.13897325098514557,0.35,0,0,797,FP32-token-IDs
RoBERTa,lghad1,525,157,169,Ġway,way,False,hopelessness,-0.002781543026988705,0.002781543026988705,0.2907838523387909,0.6040868759155273,0.35,1,1,797,FP32-token-IDs
RoBERTa,lghad1,525,157,169,Ġway,way,False,loneliness,0.0023516125572011033,0.0023516125572011033,0.30062830448150635,0.9012202024459839,0.35,1,1,797,FP32-token-IDs
RoBERTa,lghad1,525,157,169,Ġway,way,False,sadness,-0.0006470049168759338,0.0006470049168759338,0.3040405511856079,0.4563634395599365,0.35,0,1,797,FP32-token-IDs
RoBERTa,lghad1,525,157,169,Ġway,way,False,suicide intent,-0.0003026907585687392,0.0003026907585687392,0.08356937021017075,0.008036630228161812,0.35,0,0,797,FP32-token-IDs
RoBERTa,lghad1,525,157,169,Ġway,way,False,worthlessness,-0.0058346488707078,0.0058346488707078,0.23034417629241943,0.3397594094276428,0.35,0,0,797,FP32-token-IDs
RoBERTa,lghad1,525,158,24,Ġit,it,False,anger,-0.00701517360721482,0.00701517360721482,0.3152667284011841,0.8488504886627197,0.35,1,1,797,FP32-token-IDs
RoBERTa,lghad1,525,158,24,Ġit,it,False,brain dysfunction (forget),0.0011624920322598578,0.0011624920322598578,0.17854474484920502,0.586258053779602,0.35,0,1,797,FP32-token-IDs
RoBERTa,lghad1,525,158,24,Ġit,it,False,emptiness,-5.509140464710072e-06,5.509140464710072e-06,0.1224183663725853,0.13897325098514557,0.35,0,0,797,FP32-token-IDs
RoBERTa,lghad1,525,158,24,Ġit,it,False,hopelessness,-0.002781543026988705,0.002781543026988705,0.2907838523387909,0.6040868759155273,0.35,1,1,797,FP32-token-IDs
RoBERTa,lghad1,525,158,24,Ġit,it,False,loneliness,0.0023516125572011033,0.0023516125572011033,0.30062830448150635,0.9012202024459839,0.35,1,1,797,FP32-token-IDs
RoBERTa,lghad1,525,158,24,Ġit,it,False,sadness,-0.0006470049168759338,0.0006470049168759338,0.3040405511856079,0.4563634395599365,0.35,0,1,797,FP32-token-IDs
RoBERTa,lghad1,525,158,24,Ġit,it,False,suicide intent,-0.0003026907585687392,0.0003026907585687392,0.08356937021017075,0.008036630228161812,0.35,0,0,797,FP32-token-IDs
RoBERTa,lghad1,525,158,24,Ġit,it,False,worthlessness,-0.0058346488707078,0.0058346488707078,0.23034417629241943,0.3397594094276428,0.35,0,0,797,FP32-token-IDs
RoBERTa,lghad1,525,159,17,âĢ,âģ,False,anger,-0.00701517360721482,0.00701517360721482,0.3152667284011841,0.8488504886627197,0.35,1,1,797,FP32-token-IDs
RoBERTa,lghad1,525,159,17,âĢ,âģ,False,brain dysfunction (forget),0.0011624920322598578,0.0011624920322598578,0.17854474484920502,0.586258053779602,0.35,0,1,797,FP32-token-IDs
RoBERTa,lghad1,525,159,17,âĢ,âģ,False,emptiness,-5.509140464710072e-06,5.509140464710072e-06,0.1224183663725853,0.13897325098514557,0.35,0,0,797,FP32-token-IDs
RoBERTa,lghad1,525,159,17,âĢ,âģ,False,hopelessness,-0.002781543026988705,0.002781543026988705,0.2907838523387909,0.6040868759155273,0.35,1,1,797,FP32-token-IDs
RoBERTa,lghad1,525,159,17,âĢ,âģ,False,loneliness,0.0023516125572011033,0.0023516125572011033,0.30062830448150635,0.9012202024459839,0.35,1,1,797,FP32-token-IDs
RoBERTa,lghad1,525,159,17,âĢ,âģ,False,sadness,-0.0006470049168759338,0.0006470049168759338,0.3040405511856079,0.4563634395599365,0.35,0,1,797,FP32-token-IDs
RoBERTa,lghad1,525,159,17,âĢ,âģ,False,suicide intent,-0.0003026907585687392,0.0003026907585687392,0.08356937021017075,0.008036630228161812,0.35,0,0,797,FP32-token-IDs
RoBERTa,lghad1,525,159,17,âĢ,âģ,False,worthlessness,-0.0058346488707078,0.0058346488707078,0.23034417629241943,0.3397594094276428,0.35,0,0,797,FP32-token-IDs
RoBERTa,lghad1,525,160,27,Ļ,ļ,False,anger,-0.00701517360721482,0.00701517360721482,0.3152667284011841,0.8488504886627197,0.35,1,1,797,FP32-token-IDs
RoBERTa,lghad1,525,160,27,Ļ,ļ,False,brain dysfunction (forget),0.0011624920322598578,0.0011624920322598578,0.17854474484920502,0.586258053779602,0.35,0,1,797,FP32-token-IDs
RoBERTa,lghad1,525,160,27,Ļ,ļ,False,emptiness,-5.509140464710072e-06,5.509140464710072e-06,0.1224183663725853,0.13897325098514557,0.35,0,0,797,FP32-token-IDs
RoBERTa,lghad1,525,160,27,Ļ,ļ,False,hopelessness,-0.002781543026988705,0.002781543026988705,0.2907838523387909,0.6040868759155273,0.35,1,1,797,FP32-token-IDs
RoBERTa,lghad1,525,160,27,Ļ,ļ,False,loneliness,0.0023516125572011033,0.0023516125572011033,0.30062830448150635,0.9012202024459839,0.35,1,1,797,FP32-token-IDs
RoBERTa,lghad1,525,160,27,Ļ,ļ,False,sadness,-0.0006470049168759338,0.0006470049168759338,0.3040405511856079,0.4563634395599365,0.35,0,1,797,FP32-token-IDs
RoBERTa,lghad1,525,160,27,Ļ,ļ,False,suicide intent,-0.0003026907585687392,0.0003026907585687392,0.08356937021017075,0.008036630228161812,0.35,0,0,797,FP32-token-IDs
RoBERTa,lghad1,525,160,27,Ļ,ļ,False,worthlessness,-0.0058346488707078,0.0058346488707078,0.23034417629241943,0.3397594094276428,0.35,0,0,797,FP32-token-IDs
RoBERTa,lghad1,525,161,29,s,s,False,anger,-0.02258290653117001,0.02258290653117001,0.3152667284011841,0.8488504886627197,0.35,1,1,797,FP32-token-IDs
RoBERTa,lghad1,525,161,29,s,s,False,brain dysfunction (forget),-0.002171469765016809,0.002171469765016809,0.17854474484920502,0.586258053779602,0.35,0,1,797,FP32-token-IDs
RoBERTa,lghad1,525,161,29,s,s,False,emptiness,-0.000699396085110493,0.000699396085110493,0.1224183663725853,0.13897325098514557,0.35,0,0,797,FP32-token-IDs
RoBERTa,lghad1,525,161,29,s,s,False,hopelessness,-0.0005214136908762157,0.0005214136908762157,0.2907838523387909,0.6040868759155273,0.35,1,1,797,FP32-token-IDs
RoBERTa,lghad1,525,161,29,s,s,False,loneliness,-0.0003732899567694403,0.0003732899567694403,0.30062830448150635,0.9012202024459839,0.35,1,1,797,FP32-token-IDs
RoBERTa,lghad1,525,161,29,s,s,False,sadness,0.0024881328572519124,0.0024881328572519124,0.3040405511856079,0.4563634395599365,0.35,0,1,797,FP32-token-IDs
RoBERTa,lghad1,525,161,29,s,s,False,suicide intent,-0.0006275692130657262,0.0006275692130657262,0.08356937021017075,0.008036630228161812,0.35,0,0,797,FP32-token-IDs
RoBERTa,lghad1,525,161,29,s,s,False,worthlessness,-0.010582133356365375,0.010582133356365375,0.23034417629241943,0.3397594094276428,0.35,0,0,797,FP32-token-IDs
RoBERTa,lghad1,525,162,1202,Ġdifficult,difficult,False,anger,-0.02258290653117001,0.02258290653117001,0.3152667284011841,0.8488504886627197,0.35,1,1,797,FP32-token-IDs
RoBERTa,lghad1,525,162,1202,Ġdifficult,difficult,False,brain dysfunction (forget),-0.002171469765016809,0.002171469765016809,0.17854474484920502,0.586258053779602,0.35,0,1,797,FP32-token-IDs
RoBERTa,lghad1,525,162,1202,Ġdifficult,difficult,False,emptiness,-0.000699396085110493,0.000699396085110493,0.1224183663725853,0.13897325098514557,0.35,0,0,797,FP32-token-IDs
RoBERTa,lghad1,525,162,1202,Ġdifficult,difficult,False,hopelessness,-0.0005214136908762157,0.0005214136908762157,0.2907838523387909,0.6040868759155273,0.35,1,1,797,FP32-token-IDs
RoBERTa,lghad1,525,162,1202,Ġdifficult,difficult,False,loneliness,-0.0003732899567694403,0.0003732899567694403,0.30062830448150635,0.9012202024459839,0.35,1,1,797,FP32-token-IDs
RoBERTa,lghad1,525,162,1202,Ġdifficult,difficult,False,sadness,0.0024881328572519124,0.0024881328572519124,0.3040405511856079,0.4563634395599365,0.35,0,1,797,FP32-token-IDs
RoBERTa,lghad1,525,162,1202,Ġdifficult,difficult,False,suicide intent,-0.0006275692130657262,0.0006275692130657262,0.08356937021017075,0.008036630228161812,0.35,0,0,797,FP32-token-IDs
RoBERTa,lghad1,525,162,1202,Ġdifficult,difficult,False,worthlessness,-0.010582133356365375,0.010582133356365375,0.23034417629241943,0.3397594094276428,0.35,0,0,797,FP32-token-IDs
RoBERTa,lghad1,525,163,7,Ġto,to,False,anger,-0.02258290653117001,0.02258290653117001,0.3152667284011841,0.8488504886627197,0.35,1,1,797,FP32-token-IDs
RoBERTa,lghad1,525,163,7,Ġto,to,False,brain dysfunction (forget),-0.002171469765016809,0.002171469765016809,0.17854474484920502,0.586258053779602,0.35,0,1,797,FP32-token-IDs
RoBERTa,lghad1,525,163,7,Ġto,to,False,emptiness,-0.000699396085110493,0.000699396085110493,0.1224183663725853,0.13897325098514557,0.35,0,0,797,FP32-token-IDs
RoBERTa,lghad1,525,163,7,Ġto,to,False,hopelessness,-0.0005214136908762157,0.0005214136908762157,0.2907838523387909,0.6040868759155273,0.35,1,1,797,FP32-token-IDs
RoBERTa,lghad1,525,163,7,Ġto,to,False,loneliness,-0.0003732899567694403,0.0003732899567694403,0.30062830448150635,0.9012202024459839,0.35,1,1,797,FP32-token-IDs
RoBERTa,lghad1,525,163,7,Ġto,to,False,sadness,0.0024881328572519124,0.0024881328572519124,0.3040405511856079,0.4563634395599365,0.35,0,1,797,FP32-token-IDs
RoBERTa,lghad1,525,163,7,Ġto,to,False,suicide intent,-0.0006275692130657262,0.0006275692130657262,0.08356937021017075,0.008036630228161812,0.35,0,0,797,FP32-token-IDs
RoBERTa,lghad1,525,163,7,Ġto,to,False,worthlessness,-0.010582133356365375,0.010582133356365375,0.23034417629241943,0.3397594094276428,0.35,0,0,797,FP32-token-IDs
RoBERTa,lghad1,525,164,393,Ġnever,never,False,anger,-0.02258290653117001,0.02258290653117001,0.3152667284011841,0.8488504886627197,0.35,1,1,797,FP32-token-IDs
RoBERTa,lghad1,525,164,393,Ġnever,never,False,brain dysfunction (forget),-0.002171469765016809,0.002171469765016809,0.17854474484920502,0.586258053779602,0.35,0,1,797,FP32-token-IDs
RoBERTa,lghad1,525,164,393,Ġnever,never,False,emptiness,-0.000699396085110493,0.000699396085110493,0.1224183663725853,0.13897325098514557,0.35,0,0,797,FP32-token-IDs
RoBERTa,lghad1,525,164,393,Ġnever,never,False,hopelessness,-0.0005214136908762157,0.0005214136908762157,0.2907838523387909,0.6040868759155273,0.35,1,1,797,FP32-token-IDs
RoBERTa,lghad1,525,164,393,Ġnever,never,False,loneliness,-0.0003732899567694403,0.0003732899567694403,0.30062830448150635,0.9012202024459839,0.35,1,1,797,FP32-token-IDs
RoBERTa,lghad1,525,164,393,Ġnever,never,False,sadness,0.0024881328572519124,0.0024881328572519124,0.3040405511856079,0.4563634395599365,0.35,0,1,797,FP32-token-IDs
RoBERTa,lghad1,525,164,393,Ġnever,never,False,suicide intent,-0.0006275692130657262,0.0006275692130657262,0.08356937021017075,0.008036630228161812,0.35,0,0,797,FP32-token-IDs
RoBERTa,lghad1,525,164,393,Ġnever,never,False,worthlessness,-0.010582133356365375,0.010582133356365375,0.23034417629241943,0.3397594094276428,0.35,0,0,797,FP32-token-IDs
RoBERTa,lghad1,525,165,216,Ġknow,know,False,anger,-0.005982990609481931,0.005982990609481931,0.3152667284011841,0.8488504886627197,0.35,1,1,797,FP32-token-IDs
RoBERTa,lghad1,525,165,216,Ġknow,know,False,brain dysfunction (forget),0.0025572596641723067,0.0025572596641723067,0.17854474484920502,0.586258053779602,0.35,0,1,797,FP32-token-IDs
RoBERTa,lghad1,525,165,216,Ġknow,know,False,emptiness,-0.000427191422204487,0.000427191422204487,0.1224183663725853,0.13897325098514557,0.35,0,0,797,FP32-token-IDs
RoBERTa,lghad1,525,165,216,Ġknow,know,False,hopelessness,0.006601969769690186,0.006601969769690186,0.2907838523387909,0.6040868759155273,0.35,1,1,797,FP32-token-IDs
RoBERTa,lghad1,525,165,216,Ġknow,know,False,loneliness,-0.0037604386525345035,0.0037604386525345035,0.30062830448150635,0.9012202024459839,0.35,1,1,797,FP32-token-IDs
RoBERTa,lghad1,525,165,216,Ġknow,know,False,sadness,0.001202816900331527,0.001202816900331527,0.3040405511856079,0.4563634395599365,0.35,0,1,797,FP32-token-IDs
RoBERTa,lghad1,525,165,216,Ġknow,know,False,suicide intent,-0.0003445971624387312,0.0003445971624387312,0.08356937021017075,0.008036630228161812,0.35,0,0,797,FP32-token-IDs
RoBERTa,lghad1,525,165,216,Ġknow,know,False,worthlessness,0.002408762011327781,0.002408762011327781,0.23034417629241943,0.3397594094276428,0.35,0,0,797,FP32-token-IDs
RoBERTa,lghad1,525,166,99,Ġwhat,what,False,anger,-0.005982990609481931,0.005982990609481931,0.3152667284011841,0.8488504886627197,0.35,1,1,797,FP32-token-IDs
RoBERTa,lghad1,525,166,99,Ġwhat,what,False,brain dysfunction (forget),0.0025572596641723067,0.0025572596641723067,0.17854474484920502,0.586258053779602,0.35,0,1,797,FP32-token-IDs
RoBERTa,lghad1,525,166,99,Ġwhat,what,False,emptiness,-0.000427191422204487,0.000427191422204487,0.1224183663725853,0.13897325098514557,0.35,0,0,797,FP32-token-IDs
RoBERTa,lghad1,525,166,99,Ġwhat,what,False,hopelessness,0.006601969769690186,0.006601969769690186,0.2907838523387909,0.6040868759155273,0.35,1,1,797,FP32-token-IDs
RoBERTa,lghad1,525,166,99,Ġwhat,what,False,loneliness,-0.0037604386525345035,0.0037604386525345035,0.30062830448150635,0.9012202024459839,0.35,1,1,797,FP32-token-IDs
RoBERTa,lghad1,525,166,99,Ġwhat,what,False,sadness,0.001202816900331527,0.001202816900331527,0.3040405511856079,0.4563634395599365,0.35,0,1,797,FP32-token-IDs
RoBERTa,lghad1,525,166,99,Ġwhat,what,False,suicide intent,-0.0003445971624387312,0.0003445971624387312,0.08356937021017075,0.008036630228161812,0.35,0,0,797,FP32-token-IDs
RoBERTa,lghad1,525,166,99,Ġwhat,what,False,worthlessness,0.002408762011327781,0.002408762011327781,0.23034417629241943,0.3397594094276428,0.35,0,0,797,FP32-token-IDs
RoBERTa,lghad1,525,167,5,Ġthe,the,False,anger,-0.005982990609481931,0.005982990609481931,0.3152667284011841,0.8488504886627197,0.35,1,1,797,FP32-token-IDs
RoBERTa,lghad1,525,167,5,Ġthe,the,False,brain dysfunction (forget),0.0025572596641723067,0.0025572596641723067,0.17854474484920502,0.586258053779602,0.35,0,1,797,FP32-token-IDs
RoBERTa,lghad1,525,167,5,Ġthe,the,False,emptiness,-0.000427191422204487,0.000427191422204487,0.1224183663725853,0.13897325098514557,0.35,0,0,797,FP32-token-IDs
RoBERTa,lghad1,525,167,5,Ġthe,the,False,hopelessness,0.006601969769690186,0.006601969769690186,0.2907838523387909,0.6040868759155273,0.35,1,1,797,FP32-token-IDs
RoBERTa,lghad1,525,167,5,Ġthe,the,False,loneliness,-0.0037604386525345035,0.0037604386525345035,0.30062830448150635,0.9012202024459839,0.35,1,1,797,FP32-token-IDs
RoBERTa,lghad1,525,167,5,Ġthe,the,False,sadness,0.001202816900331527,0.001202816900331527,0.3040405511856079,0.4563634395599365,0.35,0,1,797,FP32-token-IDs
RoBERTa,lghad1,525,167,5,Ġthe,the,False,suicide intent,-0.0003445971624387312,0.0003445971624387312,0.08356937021017075,0.008036630228161812,0.35,0,0,797,FP32-token-IDs
RoBERTa,lghad1,525,167,5,Ġthe,the,False,worthlessness,0.002408762011327781,0.002408762011327781,0.23034417629241943,0.3397594094276428,0.35,0,0,797,FP32-token-IDs
RoBERTa,lghad1,525,168,7105,Ġhell,hell,False,anger,-0.005982990609481931,0.005982990609481931,0.3152667284011841,0.8488504886627197,0.35,1,1,797,FP32-token-IDs
RoBERTa,lghad1,525,168,7105,Ġhell,hell,False,brain dysfunction (forget),0.0025572596641723067,0.0025572596641723067,0.17854474484920502,0.586258053779602,0.35,0,1,797,FP32-token-IDs
RoBERTa,lghad1,525,168,7105,Ġhell,hell,False,emptiness,-0.000427191422204487,0.000427191422204487,0.1224183663725853,0.13897325098514557,0.35,0,0,797,FP32-token-IDs
RoBERTa,lghad1,525,168,7105,Ġhell,hell,False,hopelessness,0.006601969769690186,0.006601969769690186,0.2907838523387909,0.6040868759155273,0.35,1,1,797,FP32-token-IDs
RoBERTa,lghad1,525,168,7105,Ġhell,hell,False,loneliness,-0.0037604386525345035,0.0037604386525345035,0.30062830448150635,0.9012202024459839,0.35,1,1,797,FP32-token-IDs
RoBERTa,lghad1,525,168,7105,Ġhell,hell,False,sadness,0.001202816900331527,0.001202816900331527,0.3040405511856079,0.4563634395599365,0.35,0,1,797,FP32-token-IDs
RoBERTa,lghad1,525,168,7105,Ġhell,hell,False,suicide intent,-0.0003445971624387312,0.0003445971624387312,0.08356937021017075,0.008036630228161812,0.35,0,0,797,FP32-token-IDs
RoBERTa,lghad1,525,168,7105,Ġhell,hell,False,worthlessness,0.002408762011327781,0.002408762011327781,0.23034417629241943,0.3397594094276428,0.35,0,0,797,FP32-token-IDs
RoBERTa,lghad1,525,169,6711,Ġmood,mood,False,anger,-0.0012300236849114299,0.0012300236849114299,0.3152667284011841,0.8488504886627197,0.35,1,1,797,FP32-token-IDs
RoBERTa,lghad1,525,169,6711,Ġmood,mood,False,brain dysfunction (forget),-0.0009561782353557646,0.0009561782353557646,0.17854474484920502,0.586258053779602,0.35,0,1,797,FP32-token-IDs
RoBERTa,lghad1,525,169,6711,Ġmood,mood,False,emptiness,0.0007584383856737986,0.0007584383856737986,0.1224183663725853,0.13897325098514557,0.35,0,0,797,FP32-token-IDs
RoBERTa,lghad1,525,169,6711,Ġmood,mood,False,hopelessness,-0.008645624329801649,0.008645624329801649,0.2907838523387909,0.6040868759155273,0.35,1,1,797,FP32-token-IDs
RoBERTa,lghad1,525,169,6711,Ġmood,mood,False,loneliness,0.0029610319979838096,0.0029610319979838096,0.30062830448150635,0.9012202024459839,0.35,1,1,797,FP32-token-IDs
RoBERTa,lghad1,525,169,6711,Ġmood,mood,False,sadness,-0.0022927617537789047,0.0022927617537789047,0.3040405511856079,0.4563634395599365,0.35,0,1,797,FP32-token-IDs
RoBERTa,lghad1,525,169,6711,Ġmood,mood,False,suicide intent,-3.3259143492614385e-05,3.3259143492614385e-05,0.08356937021017075,0.008036630228161812,0.35,0,0,797,FP32-token-IDs
RoBERTa,lghad1,525,169,6711,Ġmood,mood,False,worthlessness,-0.012381613327306695,0.012381613327306695,0.23034417629241943,0.3397594094276428,0.35,0,0,797,FP32-token-IDs
RoBERTa,lghad1,525,170,37,Ġhe,he,False,anger,-0.0012300236849114299,0.0012300236849114299,0.3152667284011841,0.8488504886627197,0.35,1,1,797,FP32-token-IDs
RoBERTa,lghad1,525,170,37,Ġhe,he,False,brain dysfunction (forget),-0.0009561782353557646,0.0009561782353557646,0.17854474484920502,0.586258053779602,0.35,0,1,797,FP32-token-IDs
RoBERTa,lghad1,525,170,37,Ġhe,he,False,emptiness,0.0007584383856737986,0.0007584383856737986,0.1224183663725853,0.13897325098514557,0.35,0,0,797,FP32-token-IDs
RoBERTa,lghad1,525,170,37,Ġhe,he,False,hopelessness,-0.008645624329801649,0.008645624329801649,0.2907838523387909,0.6040868759155273,0.35,1,1,797,FP32-token-IDs
RoBERTa,lghad1,525,170,37,Ġhe,he,False,loneliness,0.0029610319979838096,0.0029610319979838096,0.30062830448150635,0.9012202024459839,0.35,1,1,797,FP32-token-IDs
RoBERTa,lghad1,525,170,37,Ġhe,he,False,sadness,-0.0022927617537789047,0.0022927617537789047,0.3040405511856079,0.4563634395599365,0.35,0,1,797,FP32-token-IDs
RoBERTa,lghad1,525,170,37,Ġhe,he,False,suicide intent,-3.3259143492614385e-05,3.3259143492614385e-05,0.08356937021017075,0.008036630228161812,0.35,0,0,797,FP32-token-IDs
RoBERTa,lghad1,525,170,37,Ġhe,he,False,worthlessness,-0.012381613327306695,0.012381613327306695,0.23034417629241943,0.3397594094276428,0.35,0,0,797,FP32-token-IDs
RoBERTa,lghad1,525,171,17,âĢ,âģ,False,anger,-0.0012300236849114299,0.0012300236849114299,0.3152667284011841,0.8488504886627197,0.35,1,1,797,FP32-token-IDs
RoBERTa,lghad1,525,171,17,âĢ,âģ,False,brain dysfunction (forget),-0.0009561782353557646,0.0009561782353557646,0.17854474484920502,0.586258053779602,0.35,0,1,797,FP32-token-IDs
RoBERTa,lghad1,525,171,17,âĢ,âģ,False,emptiness,0.0007584383856737986,0.0007584383856737986,0.1224183663725853,0.13897325098514557,0.35,0,0,797,FP32-token-IDs
RoBERTa,lghad1,525,171,17,âĢ,âģ,False,hopelessness,-0.008645624329801649,0.008645624329801649,0.2907838523387909,0.6040868759155273,0.35,1,1,797,FP32-token-IDs
RoBERTa,lghad1,525,171,17,âĢ,âģ,False,loneliness,0.0029610319979838096,0.0029610319979838096,0.30062830448150635,0.9012202024459839,0.35,1,1,797,FP32-token-IDs
RoBERTa,lghad1,525,171,17,âĢ,âģ,False,sadness,-0.0022927617537789047,0.0022927617537789047,0.3040405511856079,0.4563634395599365,0.35,0,1,797,FP32-token-IDs
RoBERTa,lghad1,525,171,17,âĢ,âģ,False,suicide intent,-3.3259143492614385e-05,3.3259143492614385e-05,0.08356937021017075,0.008036630228161812,0.35,0,0,797,FP32-token-IDs
RoBERTa,lghad1,525,171,17,âĢ,âģ,False,worthlessness,-0.012381613327306695,0.012381613327306695,0.23034417629241943,0.3397594094276428,0.35,0,0,797,FP32-token-IDs
RoBERTa,lghad1,525,172,27,Ļ,ļ,False,anger,-0.0012300236849114299,0.0012300236849114299,0.3152667284011841,0.8488504886627197,0.35,1,1,797,FP32-token-IDs
RoBERTa,lghad1,525,172,27,Ļ,ļ,False,brain dysfunction (forget),-0.0009561782353557646,0.0009561782353557646,0.17854474484920502,0.586258053779602,0.35,0,1,797,FP32-token-IDs
RoBERTa,lghad1,525,172,27,Ļ,ļ,False,emptiness,0.0007584383856737986,0.0007584383856737986,0.1224183663725853,0.13897325098514557,0.35,0,0,797,FP32-token-IDs
RoBERTa,lghad1,525,172,27,Ļ,ļ,False,hopelessness,-0.008645624329801649,0.008645624329801649,0.2907838523387909,0.6040868759155273,0.35,1,1,797,FP32-token-IDs
RoBERTa,lghad1,525,172,27,Ļ,ļ,False,loneliness,0.0029610319979838096,0.0029610319979838096,0.30062830448150635,0.9012202024459839,0.35,1,1,797,FP32-token-IDs
RoBERTa,lghad1,525,172,27,Ļ,ļ,False,sadness,-0.0022927617537789047,0.0022927617537789047,0.3040405511856079,0.4563634395599365,0.35,0,1,797,FP32-token-IDs
RoBERTa,lghad1,525,172,27,Ļ,ļ,False,suicide intent,-3.3259143492614385e-05,3.3259143492614385e-05,0.08356937021017075,0.008036630228161812,0.35,0,0,797,FP32-token-IDs
RoBERTa,lghad1,525,172,27,Ļ,ļ,False,worthlessness,-0.012381613327306695,0.012381613327306695,0.23034417629241943,0.3397594094276428,0.35,0,0,797,FP32-token-IDs
RoBERTa,lghad1,525,173,890,ll,ll,False,anger,-0.0051863923436030746,0.0051863923436030746,0.3152667284011841,0.8488504886627197,0.35,1,1,797,FP32-token-IDs
RoBERTa,lghad1,525,173,890,ll,ll,False,brain dysfunction (forget),-0.0012697721249423921,0.0012697721249423921,0.17854474484920502,0.586258053779602,0.35,0,1,797,FP32-token-IDs
RoBERTa,lghad1,525,173,890,ll,ll,False,emptiness,0.00041015037277247757,0.00041015037277247757,0.1224183663725853,0.13897325098514557,0.35,0,0,797,FP32-token-IDs
RoBERTa,lghad1,525,173,890,ll,ll,False,hopelessness,-0.008659982529934496,0.008659982529934496,0.2907838523387909,0.6040868759155273,0.35,1,1,797,FP32-token-IDs
RoBERTa,lghad1,525,173,890,ll,ll,False,loneliness,0.0027591174803092144,0.0027591174803092144,0.30062830448150635,0.9012202024459839,0.35,1,1,797,FP32-token-IDs
RoBERTa,lghad1,525,173,890,ll,ll,False,sadness,-0.0021595467696897686,0.0021595467696897686,0.3040405511856079,0.4563634395599365,0.35,0,1,797,FP32-token-IDs
RoBERTa,lghad1,525,173,890,ll,ll,False,suicide intent,-3.155693320877617e-05,3.155693320877617e-05,0.08356937021017075,0.008036630228161812,0.35,0,0,797,FP32-token-IDs
RoBERTa,lghad1,525,173,890,ll,ll,False,worthlessness,-0.013333089955267496,0.013333089955267496,0.23034417629241943,0.3397594094276428,0.35,0,0,797,FP32-token-IDs
RoBERTa,lghad1,525,174,28,Ġbe,be,False,anger,-0.0051863923436030746,0.0051863923436030746,0.3152667284011841,0.8488504886627197,0.35,1,1,797,FP32-token-IDs
RoBERTa,lghad1,525,174,28,Ġbe,be,False,brain dysfunction (forget),-0.0012697721249423921,0.0012697721249423921,0.17854474484920502,0.586258053779602,0.35,0,1,797,FP32-token-IDs
RoBERTa,lghad1,525,174,28,Ġbe,be,False,emptiness,0.00041015037277247757,0.00041015037277247757,0.1224183663725853,0.13897325098514557,0.35,0,0,797,FP32-token-IDs
RoBERTa,lghad1,525,174,28,Ġbe,be,False,hopelessness,-0.008659982529934496,0.008659982529934496,0.2907838523387909,0.6040868759155273,0.35,1,1,797,FP32-token-IDs
RoBERTa,lghad1,525,174,28,Ġbe,be,False,loneliness,0.0027591174803092144,0.0027591174803092144,0.30062830448150635,0.9012202024459839,0.35,1,1,797,FP32-token-IDs
RoBERTa,lghad1,525,174,28,Ġbe,be,False,sadness,-0.0021595467696897686,0.0021595467696897686,0.3040405511856079,0.4563634395599365,0.35,0,1,797,FP32-token-IDs
RoBERTa,lghad1,525,174,28,Ġbe,be,False,suicide intent,-3.155693320877617e-05,3.155693320877617e-05,0.08356937021017075,0.008036630228161812,0.35,0,0,797,FP32-token-IDs
RoBERTa,lghad1,525,174,28,Ġbe,be,False,worthlessness,-0.013333089955267496,0.013333089955267496,0.23034417629241943,0.3397594094276428,0.35,0,0,797,FP32-token-IDs
RoBERTa,lghad1,525,175,11,Ġin,in,False,anger,-0.0051863923436030746,0.0051863923436030746,0.3152667284011841,0.8488504886627197,0.35,1,1,797,FP32-token-IDs
RoBERTa,lghad1,525,175,11,Ġin,in,False,brain dysfunction (forget),-0.0012697721249423921,0.0012697721249423921,0.17854474484920502,0.586258053779602,0.35,0,1,797,FP32-token-IDs
RoBERTa,lghad1,525,175,11,Ġin,in,False,emptiness,0.00041015037277247757,0.00041015037277247757,0.1224183663725853,0.13897325098514557,0.35,0,0,797,FP32-token-IDs
RoBERTa,lghad1,525,175,11,Ġin,in,False,hopelessness,-0.008659982529934496,0.008659982529934496,0.2907838523387909,0.6040868759155273,0.35,1,1,797,FP32-token-IDs
RoBERTa,lghad1,525,175,11,Ġin,in,False,loneliness,0.0027591174803092144,0.0027591174803092144,0.30062830448150635,0.9012202024459839,0.35,1,1,797,FP32-token-IDs
RoBERTa,lghad1,525,175,11,Ġin,in,False,sadness,-0.0021595467696897686,0.0021595467696897686,0.3040405511856079,0.4563634395599365,0.35,0,1,797,FP32-token-IDs
RoBERTa,lghad1,525,175,11,Ġin,in,False,suicide intent,-3.155693320877617e-05,3.155693320877617e-05,0.08356937021017075,0.008036630228161812,0.35,0,0,797,FP32-token-IDs
RoBERTa,lghad1,525,175,11,Ġin,in,False,worthlessness,-0.013333089955267496,0.013333089955267496,0.23034417629241943,0.3397594094276428,0.35,0,0,797,FP32-token-IDs
RoBERTa,lghad1,525,176,4,.,.,False,anger,-0.0051863923436030746,0.0051863923436030746,0.3152667284011841,0.8488504886627197,0.35,1,1,797,FP32-token-IDs
RoBERTa,lghad1,525,176,4,.,.,False,brain dysfunction (forget),-0.0012697721249423921,0.0012697721249423921,0.17854474484920502,0.586258053779602,0.35,0,1,797,FP32-token-IDs
RoBERTa,lghad1,525,176,4,.,.,False,emptiness,0.00041015037277247757,0.00041015037277247757,0.1224183663725853,0.13897325098514557,0.35,0,0,797,FP32-token-IDs
RoBERTa,lghad1,525,176,4,.,.,False,hopelessness,-0.008659982529934496,0.008659982529934496,0.2907838523387909,0.6040868759155273,0.35,1,1,797,FP32-token-IDs
RoBERTa,lghad1,525,176,4,.,.,False,loneliness,0.0027591174803092144,0.0027591174803092144,0.30062830448150635,0.9012202024459839,0.35,1,1,797,FP32-token-IDs
RoBERTa,lghad1,525,176,4,.,.,False,sadness,-0.0021595467696897686,0.0021595467696897686,0.3040405511856079,0.4563634395599365,0.35,0,1,797,FP32-token-IDs
RoBERTa,lghad1,525,176,4,.,.,False,suicide intent,-3.155693320877617e-05,3.155693320877617e-05,0.08356937021017075,0.008036630228161812,0.35,0,0,797,FP32-token-IDs
RoBERTa,lghad1,525,176,4,.,.,False,worthlessness,-0.013333089955267496,0.013333089955267496,0.23034417629241943,0.3397594094276428,0.35,0,0,797,FP32-token-IDs
RoBERTa,lghad1,525,177,17841,ĠðŁĺ,ðłĺ,False,anger,0.011679763672873378,0.011679763672873378,0.3152667284011841,0.8488504886627197,0.35,1,1,797,FP32-token-IDs
RoBERTa,lghad1,525,177,17841,ĠðŁĺ,ðłĺ,False,brain dysfunction (forget),0.0003709790180437267,0.0003709790180437267,0.17854474484920502,0.586258053779602,0.35,0,1,797,FP32-token-IDs
RoBERTa,lghad1,525,177,17841,ĠðŁĺ,ðłĺ,False,emptiness,-0.001021767471684143,0.001021767471684143,0.1224183663725853,0.13897325098514557,0.35,0,0,797,FP32-token-IDs
RoBERTa,lghad1,525,177,17841,ĠðŁĺ,ðłĺ,False,hopelessness,0.0026605247985571623,0.0026605247985571623,0.2907838523387909,0.6040868759155273,0.35,1,1,797,FP32-token-IDs
RoBERTa,lghad1,525,177,17841,ĠðŁĺ,ðłĺ,False,loneliness,-0.0026054259797092527,0.0026054259797092527,0.30062830448150635,0.9012202024459839,0.35,1,1,797,FP32-token-IDs
RoBERTa,lghad1,525,177,17841,ĠðŁĺ,ðłĺ,False,sadness,0.010873964056372643,0.010873964056372643,0.3040405511856079,0.4563634395599365,0.35,0,1,797,FP32-token-IDs
RoBERTa,lghad1,525,177,17841,ĠðŁĺ,ðłĺ,False,suicide intent,-0.0014413642602448817,0.0014413642602448817,0.08356937021017075,0.008036630228161812,0.35,0,0,797,FP32-token-IDs
RoBERTa,lghad1,525,177,17841,ĠðŁĺ,ðłĺ,False,worthlessness,0.0046811364009045064,0.0046811364009045064,0.23034417629241943,0.3397594094276428,0.35,0,0,797,FP32-token-IDs
RoBERTa,lghad1,525,178,12410,Ń,ń,False,anger,0.011679763672873378,0.011679763672873378,0.3152667284011841,0.8488504886627197,0.35,1,1,797,FP32-token-IDs
RoBERTa,lghad1,525,178,12410,Ń,ń,False,brain dysfunction (forget),0.0003709790180437267,0.0003709790180437267,0.17854474484920502,0.586258053779602,0.35,0,1,797,FP32-token-IDs
RoBERTa,lghad1,525,178,12410,Ń,ń,False,emptiness,-0.001021767471684143,0.001021767471684143,0.1224183663725853,0.13897325098514557,0.35,0,0,797,FP32-token-IDs
RoBERTa,lghad1,525,178,12410,Ń,ń,False,hopelessness,0.0026605247985571623,0.0026605247985571623,0.2907838523387909,0.6040868759155273,0.35,1,1,797,FP32-token-IDs
RoBERTa,lghad1,525,178,12410,Ń,ń,False,loneliness,-0.0026054259797092527,0.0026054259797092527,0.30062830448150635,0.9012202024459839,0.35,1,1,797,FP32-token-IDs
RoBERTa,lghad1,525,178,12410,Ń,ń,False,sadness,0.010873964056372643,0.010873964056372643,0.3040405511856079,0.4563634395599365,0.35,0,1,797,FP32-token-IDs
RoBERTa,lghad1,525,178,12410,Ń,ń,False,suicide intent,-0.0014413642602448817,0.0014413642602448817,0.08356937021017075,0.008036630228161812,0.35,0,0,797,FP32-token-IDs
RoBERTa,lghad1,525,178,12410,Ń,ń,False,worthlessness,0.0046811364009045064,0.0046811364009045064,0.23034417629241943,0.3397594094276428,0.35,0,0,797,FP32-token-IDs
RoBERTa,lghad1,525,179,18636,ðŁĺ,ðłĺ,False,anger,0.011679763672873378,0.011679763672873378,0.3152667284011841,0.8488504886627197,0.35,1,1,797,FP32-token-IDs
RoBERTa,lghad1,525,179,18636,ðŁĺ,ðłĺ,False,brain dysfunction (forget),0.0003709790180437267,0.0003709790180437267,0.17854474484920502,0.586258053779602,0.35,0,1,797,FP32-token-IDs
RoBERTa,lghad1,525,179,18636,ðŁĺ,ðłĺ,False,emptiness,-0.001021767471684143,0.001021767471684143,0.1224183663725853,0.13897325098514557,0.35,0,0,797,FP32-token-IDs
RoBERTa,lghad1,525,179,18636,ðŁĺ,ðłĺ,False,hopelessness,0.0026605247985571623,0.0026605247985571623,0.2907838523387909,0.6040868759155273,0.35,1,1,797,FP32-token-IDs
RoBERTa,lghad1,525,179,18636,ðŁĺ,ðłĺ,False,loneliness,-0.0026054259797092527,0.0026054259797092527,0.30062830448150635,0.9012202024459839,0.35,1,1,797,FP32-token-IDs
RoBERTa,lghad1,525,179,18636,ðŁĺ,ðłĺ,False,sadness,0.010873964056372643,0.010873964056372643,0.3040405511856079,0.4563634395599365,0.35,0,1,797,FP32-token-IDs
RoBERTa,lghad1,525,179,18636,ðŁĺ,ðłĺ,False,suicide intent,-0.0014413642602448817,0.0014413642602448817,0.08356937021017075,0.008036630228161812,0.35,0,0,797,FP32-token-IDs
RoBERTa,lghad1,525,179,18636,ðŁĺ,ðłĺ,False,worthlessness,0.0046811364009045064,0.0046811364009045064,0.23034417629241943,0.3397594094276428,0.35,0,0,797,FP32-token-IDs
RoBERTa,lghad1,525,180,12410,Ń,ń,False,anger,0.011679763672873378,0.011679763672873378,0.3152667284011841,0.8488504886627197,0.35,1,1,797,FP32-token-IDs
RoBERTa,lghad1,525,180,12410,Ń,ń,False,brain dysfunction (forget),0.0003709790180437267,0.0003709790180437267,0.17854474484920502,0.586258053779602,0.35,0,1,797,FP32-token-IDs
RoBERTa,lghad1,525,180,12410,Ń,ń,False,emptiness,-0.001021767471684143,0.001021767471684143,0.1224183663725853,0.13897325098514557,0.35,0,0,797,FP32-token-IDs
RoBERTa,lghad1,525,180,12410,Ń,ń,False,hopelessness,0.0026605247985571623,0.0026605247985571623,0.2907838523387909,0.6040868759155273,0.35,1,1,797,FP32-token-IDs
RoBERTa,lghad1,525,180,12410,Ń,ń,False,loneliness,-0.0026054259797092527,0.0026054259797092527,0.30062830448150635,0.9012202024459839,0.35,1,1,797,FP32-token-IDs
RoBERTa,lghad1,525,180,12410,Ń,ń,False,sadness,0.010873964056372643,0.010873964056372643,0.3040405511856079,0.4563634395599365,0.35,0,1,797,FP32-token-IDs
RoBERTa,lghad1,525,180,12410,Ń,ń,False,suicide intent,-0.0014413642602448817,0.0014413642602448817,0.08356937021017075,0.008036630228161812,0.35,0,0,797,FP32-token-IDs
RoBERTa,lghad1,525,180,12410,Ń,ń,False,worthlessness,0.0046811364009045064,0.0046811364009045064,0.23034417629241943,0.3397594094276428,0.35,0,0,797,FP32-token-IDs
RoBERTa,lghad1,525,181,18636,ðŁĺ,ðłĺ,False,anger,0.029094539349898696,0.029094539349898696,0.3152667284011841,0.8488504886627197,0.35,1,1,797,FP32-token-IDs
RoBERTa,lghad1,525,181,18636,ðŁĺ,ðłĺ,False,brain dysfunction (forget),0.0008402832900173962,0.0008402832900173962,0.17854474484920502,0.586258053779602,0.35,0,1,797,FP32-token-IDs
RoBERTa,lghad1,525,181,18636,ðŁĺ,ðłĺ,False,emptiness,-0.0013304141466505826,0.0013304141466505826,0.1224183663725853,0.13897325098514557,0.35,0,0,797,FP32-token-IDs
RoBERTa,lghad1,525,181,18636,ðŁĺ,ðłĺ,False,hopelessness,0.006409824592992663,0.006409824592992663,0.2907838523387909,0.6040868759155273,0.35,1,1,797,FP32-token-IDs
RoBERTa,lghad1,525,181,18636,ðŁĺ,ðłĺ,False,loneliness,-0.0053593632474076,0.0053593632474076,0.30062830448150635,0.9012202024459839,0.35,1,1,797,FP32-token-IDs
RoBERTa,lghad1,525,181,18636,ðŁĺ,ðłĺ,False,sadness,0.0029938933439552784,0.0029938933439552784,0.3040405511856079,0.4563634395599365,0.35,0,1,797,FP32-token-IDs
RoBERTa,lghad1,525,181,18636,ðŁĺ,ðłĺ,False,suicide intent,-0.0002705998995224945,0.0002705998995224945,0.08356937021017075,0.008036630228161812,0.35,0,0,797,FP32-token-IDs
RoBERTa,lghad1,525,181,18636,ðŁĺ,ðłĺ,False,worthlessness,0.002095189003739506,0.002095189003739506,0.23034417629241943,0.3397594094276428,0.35,0,0,797,FP32-token-IDs
RoBERTa,lghad1,525,182,12410,Ń,ń,False,anger,0.029094539349898696,0.029094539349898696,0.3152667284011841,0.8488504886627197,0.35,1,1,797,FP32-token-IDs
RoBERTa,lghad1,525,182,12410,Ń,ń,False,brain dysfunction (forget),0.0008402832900173962,0.0008402832900173962,0.17854474484920502,0.586258053779602,0.35,0,1,797,FP32-token-IDs
RoBERTa,lghad1,525,182,12410,Ń,ń,False,emptiness,-0.0013304141466505826,0.0013304141466505826,0.1224183663725853,0.13897325098514557,0.35,0,0,797,FP32-token-IDs
RoBERTa,lghad1,525,182,12410,Ń,ń,False,hopelessness,0.006409824592992663,0.006409824592992663,0.2907838523387909,0.6040868759155273,0.35,1,1,797,FP32-token-IDs
RoBERTa,lghad1,525,182,12410,Ń,ń,False,loneliness,-0.0053593632474076,0.0053593632474076,0.30062830448150635,0.9012202024459839,0.35,1,1,797,FP32-token-IDs
RoBERTa,lghad1,525,182,12410,Ń,ń,False,sadness,0.0029938933439552784,0.0029938933439552784,0.3040405511856079,0.4563634395599365,0.35,0,1,797,FP32-token-IDs
RoBERTa,lghad1,525,182,12410,Ń,ń,False,suicide intent,-0.0002705998995224945,0.0002705998995224945,0.08356937021017075,0.008036630228161812,0.35,0,0,797,FP32-token-IDs
RoBERTa,lghad1,525,182,12410,Ń,ń,False,worthlessness,0.002095189003739506,0.002095189003739506,0.23034417629241943,0.3397594094276428,0.35,0,0,797,FP32-token-IDs
RoBERTa,lghad1,525,183,1892,ĠThen,then,False,anger,0.029094539349898696,0.029094539349898696,0.3152667284011841,0.8488504886627197,0.35,1,1,797,FP32-token-IDs
RoBERTa,lghad1,525,183,1892,ĠThen,then,False,brain dysfunction (forget),0.0008402832900173962,0.0008402832900173962,0.17854474484920502,0.586258053779602,0.35,0,1,797,FP32-token-IDs
RoBERTa,lghad1,525,183,1892,ĠThen,then,False,emptiness,-0.0013304141466505826,0.0013304141466505826,0.1224183663725853,0.13897325098514557,0.35,0,0,797,FP32-token-IDs
RoBERTa,lghad1,525,183,1892,ĠThen,then,False,hopelessness,0.006409824592992663,0.006409824592992663,0.2907838523387909,0.6040868759155273,0.35,1,1,797,FP32-token-IDs
RoBERTa,lghad1,525,183,1892,ĠThen,then,False,loneliness,-0.0053593632474076,0.0053593632474076,0.30062830448150635,0.9012202024459839,0.35,1,1,797,FP32-token-IDs
RoBERTa,lghad1,525,183,1892,ĠThen,then,False,sadness,0.0029938933439552784,0.0029938933439552784,0.3040405511856079,0.4563634395599365,0.35,0,1,797,FP32-token-IDs
RoBERTa,lghad1,525,183,1892,ĠThen,then,False,suicide intent,-0.0002705998995224945,0.0002705998995224945,0.08356937021017075,0.008036630228161812,0.35,0,0,797,FP32-token-IDs
RoBERTa,lghad1,525,183,1892,ĠThen,then,False,worthlessness,0.002095189003739506,0.002095189003739506,0.23034417629241943,0.3397594094276428,0.35,0,0,797,FP32-token-IDs
RoBERTa,lghad1,525,184,37,Ġhe,he,False,anger,0.029094539349898696,0.029094539349898696,0.3152667284011841,0.8488504886627197,0.35,1,1,797,FP32-token-IDs
RoBERTa,lghad1,525,184,37,Ġhe,he,False,brain dysfunction (forget),0.0008402832900173962,0.0008402832900173962,0.17854474484920502,0.586258053779602,0.35,0,1,797,FP32-token-IDs
RoBERTa,lghad1,525,184,37,Ġhe,he,False,emptiness,-0.0013304141466505826,0.0013304141466505826,0.1224183663725853,0.13897325098514557,0.35,0,0,797,FP32-token-IDs
RoBERTa,lghad1,525,184,37,Ġhe,he,False,hopelessness,0.006409824592992663,0.006409824592992663,0.2907838523387909,0.6040868759155273,0.35,1,1,797,FP32-token-IDs
RoBERTa,lghad1,525,184,37,Ġhe,he,False,loneliness,-0.0053593632474076,0.0053593632474076,0.30062830448150635,0.9012202024459839,0.35,1,1,797,FP32-token-IDs
RoBERTa,lghad1,525,184,37,Ġhe,he,False,sadness,0.0029938933439552784,0.0029938933439552784,0.3040405511856079,0.4563634395599365,0.35,0,1,797,FP32-token-IDs
RoBERTa,lghad1,525,184,37,Ġhe,he,False,suicide intent,-0.0002705998995224945,0.0002705998995224945,0.08356937021017075,0.008036630228161812,0.35,0,0,797,FP32-token-IDs
RoBERTa,lghad1,525,184,37,Ġhe,he,False,worthlessness,0.002095189003739506,0.002095189003739506,0.23034417629241943,0.3397594094276428,0.35,0,0,797,FP32-token-IDs
RoBERTa,lghad1,525,185,17694,Ġwonders,wonders,False,anger,0.018269144231453538,0.018269144231453538,0.3152667284011841,0.8488504886627197,0.35,1,1,797,FP32-token-IDs
RoBERTa,lghad1,525,185,17694,Ġwonders,wonders,False,brain dysfunction (forget),0.022996658459305763,0.022996658459305763,0.17854474484920502,0.586258053779602,0.35,0,1,797,FP32-token-IDs
RoBERTa,lghad1,525,185,17694,Ġwonders,wonders,False,emptiness,-0.0037316612142603844,0.0037316612142603844,0.1224183663725853,0.13897325098514557,0.35,0,0,797,FP32-token-IDs
RoBERTa,lghad1,525,185,17694,Ġwonders,wonders,False,hopelessness,0.0529225158970803,0.0529225158970803,0.2907838523387909,0.6040868759155273,0.35,1,1,797,FP32-token-IDs
RoBERTa,lghad1,525,185,17694,Ġwonders,wonders,False,loneliness,-0.022238963923882693,0.022238963923882693,0.30062830448150635,0.9012202024459839,0.35,1,1,797,FP32-token-IDs
RoBERTa,lghad1,525,185,17694,Ġwonders,wonders,False,sadness,0.04997773643117398,0.04997773643117398,0.3040405511856079,0.4563634395599365,0.35,0,1,797,FP32-token-IDs
RoBERTa,lghad1,525,185,17694,Ġwonders,wonders,False,suicide intent,-0.0012549656366900308,0.0012549656366900308,0.08356937021017075,0.008036630228161812,0.35,0,0,797,FP32-token-IDs
RoBERTa,lghad1,525,185,17694,Ġwonders,wonders,False,worthlessness,0.025940248800907284,0.025940248800907284,0.23034417629241943,0.3397594094276428,0.35,0,0,797,FP32-token-IDs
RoBERTa,lghad1,525,186,596,Ġwhy,why,False,anger,0.018269144231453538,0.018269144231453538,0.3152667284011841,0.8488504886627197,0.35,1,1,797,FP32-token-IDs
RoBERTa,lghad1,525,186,596,Ġwhy,why,False,brain dysfunction (forget),0.022996658459305763,0.022996658459305763,0.17854474484920502,0.586258053779602,0.35,0,1,797,FP32-token-IDs
RoBERTa,lghad1,525,186,596,Ġwhy,why,False,emptiness,-0.0037316612142603844,0.0037316612142603844,0.1224183663725853,0.13897325098514557,0.35,0,0,797,FP32-token-IDs
RoBERTa,lghad1,525,186,596,Ġwhy,why,False,hopelessness,0.0529225158970803,0.0529225158970803,0.2907838523387909,0.6040868759155273,0.35,1,1,797,FP32-token-IDs
RoBERTa,lghad1,525,186,596,Ġwhy,why,False,loneliness,-0.022238963923882693,0.022238963923882693,0.30062830448150635,0.9012202024459839,0.35,1,1,797,FP32-token-IDs
RoBERTa,lghad1,525,186,596,Ġwhy,why,False,sadness,0.04997773643117398,0.04997773643117398,0.3040405511856079,0.4563634395599365,0.35,0,1,797,FP32-token-IDs
RoBERTa,lghad1,525,186,596,Ġwhy,why,False,suicide intent,-0.0012549656366900308,0.0012549656366900308,0.08356937021017075,0.008036630228161812,0.35,0,0,797,FP32-token-IDs
RoBERTa,lghad1,525,186,596,Ġwhy,why,False,worthlessness,0.025940248800907284,0.025940248800907284,0.23034417629241943,0.3397594094276428,0.35,0,0,797,FP32-token-IDs
RoBERTa,lghad1,525,187,38,ĠI,i,False,anger,-0.04501013201661408,0.04501013201661408,0.3152667284011841,0.8488504886627197,0.35,1,1,797,FP32-token-IDs
RoBERTa,lghad1,525,187,38,ĠI,i,False,brain dysfunction (forget),0.06931495247408748,0.06931495247408748,0.17854474484920502,0.586258053779602,0.35,0,1,797,FP32-token-IDs
RoBERTa,lghad1,525,187,38,ĠI,i,False,emptiness,0.007201726548373699,0.007201726548373699,0.1224183663725853,0.13897325098514557,0.35,0,0,797,FP32-token-IDs
RoBERTa,lghad1,525,187,38,ĠI,i,False,hopelessness,0.10600083973258734,0.10600083973258734,0.2907838523387909,0.6040868759155273,0.35,1,1,797,FP32-token-IDs
RoBERTa,lghad1,525,187,38,ĠI,i,False,loneliness,-0.0006480527808889747,0.0006480527808889747,0.30062830448150635,0.9012202024459839,0.35,1,1,797,FP32-token-IDs
RoBERTa,lghad1,525,187,38,ĠI,i,False,sadness,0.07614055031444877,0.07614055031444877,0.3040405511856079,0.4563634395599365,0.35,0,1,797,FP32-token-IDs
RoBERTa,lghad1,525,187,38,ĠI,i,False,suicide intent,-0.00031307713106798474,0.00031307713106798474,0.08356937021017075,0.008036630228161812,0.35,0,0,797,FP32-token-IDs
RoBERTa,lghad1,525,187,38,ĠI,i,False,worthlessness,0.05424746545031667,0.05424746545031667,0.23034417629241943,0.3397594094276428,0.35,0,0,797,FP32-token-IDs
RoBERTa,lghad1,525,188,30431,Ġdrown,drown,False,anger,-0.04501013201661408,0.04501013201661408,0.3152667284011841,0.8488504886627197,0.35,1,1,797,FP32-token-IDs
RoBERTa,lghad1,525,188,30431,Ġdrown,drown,False,brain dysfunction (forget),0.06931495247408748,0.06931495247408748,0.17854474484920502,0.586258053779602,0.35,0,1,797,FP32-token-IDs
RoBERTa,lghad1,525,188,30431,Ġdrown,drown,False,emptiness,0.007201726548373699,0.007201726548373699,0.1224183663725853,0.13897325098514557,0.35,0,0,797,FP32-token-IDs
RoBERTa,lghad1,525,188,30431,Ġdrown,drown,False,hopelessness,0.10600083973258734,0.10600083973258734,0.2907838523387909,0.6040868759155273,0.35,1,1,797,FP32-token-IDs
RoBERTa,lghad1,525,188,30431,Ġdrown,drown,False,loneliness,-0.0006480527808889747,0.0006480527808889747,0.30062830448150635,0.9012202024459839,0.35,1,1,797,FP32-token-IDs
RoBERTa,lghad1,525,188,30431,Ġdrown,drown,False,sadness,0.07614055031444877,0.07614055031444877,0.3040405511856079,0.4563634395599365,0.35,0,1,797,FP32-token-IDs
RoBERTa,lghad1,525,188,30431,Ġdrown,drown,False,suicide intent,-0.00031307713106798474,0.00031307713106798474,0.08356937021017075,0.008036630228161812,0.35,0,0,797,FP32-token-IDs
RoBERTa,lghad1,525,188,30431,Ġdrown,drown,False,worthlessness,0.05424746545031667,0.05424746545031667,0.23034417629241943,0.3397594094276428,0.35,0,0,797,FP32-token-IDs
RoBERTa,lghad1,525,189,2185,Ġmyself,myself,False,anger,-0.01341547560878098,0.01341547560878098,0.3152667284011841,0.8488504886627197,0.35,1,1,797,FP32-token-IDs
RoBERTa,lghad1,525,189,2185,Ġmyself,myself,False,brain dysfunction (forget),0.007121856790035963,0.007121856790035963,0.17854474484920502,0.586258053779602,0.35,0,1,797,FP32-token-IDs
RoBERTa,lghad1,525,189,2185,Ġmyself,myself,False,emptiness,0.0007737501728115603,0.0007737501728115603,0.1224183663725853,0.13897325098514557,0.35,0,0,797,FP32-token-IDs
RoBERTa,lghad1,525,189,2185,Ġmyself,myself,False,hopelessness,0.0011299742618575692,0.0011299742618575692,0.2907838523387909,0.6040868759155273,0.35,1,1,797,FP32-token-IDs
RoBERTa,lghad1,525,189,2185,Ġmyself,myself,False,loneliness,0.002545513183576986,0.002545513183576986,0.30062830448150635,0.9012202024459839,0.35,1,1,797,FP32-token-IDs
RoBERTa,lghad1,525,189,2185,Ġmyself,myself,False,sadness,0.00119713821914047,0.00119713821914047,0.3040405511856079,0.4563634395599365,0.35,0,1,797,FP32-token-IDs
RoBERTa,lghad1,525,189,2185,Ġmyself,myself,False,suicide intent,-0.00032108204686664976,0.00032108204686664976,0.08356937021017075,0.008036630228161812,0.35,0,0,797,FP32-token-IDs
RoBERTa,lghad1,525,189,2185,Ġmyself,myself,False,worthlessness,-0.003759729122975841,0.003759729122975841,0.23034417629241943,0.3397594094276428,0.35,0,0,797,FP32-token-IDs
RoBERTa,lghad1,525,190,11,Ġin,in,False,anger,-0.01341547560878098,0.01341547560878098,0.3152667284011841,0.8488504886627197,0.35,1,1,797,FP32-token-IDs
RoBERTa,lghad1,525,190,11,Ġin,in,False,brain dysfunction (forget),0.007121856790035963,0.007121856790035963,0.17854474484920502,0.586258053779602,0.35,0,1,797,FP32-token-IDs
RoBERTa,lghad1,525,190,11,Ġin,in,False,emptiness,0.0007737501728115603,0.0007737501728115603,0.1224183663725853,0.13897325098514557,0.35,0,0,797,FP32-token-IDs
RoBERTa,lghad1,525,190,11,Ġin,in,False,hopelessness,0.0011299742618575692,0.0011299742618575692,0.2907838523387909,0.6040868759155273,0.35,1,1,797,FP32-token-IDs
RoBERTa,lghad1,525,190,11,Ġin,in,False,loneliness,0.002545513183576986,0.002545513183576986,0.30062830448150635,0.9012202024459839,0.35,1,1,797,FP32-token-IDs
RoBERTa,lghad1,525,190,11,Ġin,in,False,sadness,0.00119713821914047,0.00119713821914047,0.3040405511856079,0.4563634395599365,0.35,0,1,797,FP32-token-IDs
RoBERTa,lghad1,525,190,11,Ġin,in,False,suicide intent,-0.00032108204686664976,0.00032108204686664976,0.08356937021017075,0.008036630228161812,0.35,0,0,797,FP32-token-IDs
RoBERTa,lghad1,525,190,11,Ġin,in,False,worthlessness,-0.003759729122975841,0.003759729122975841,0.23034417629241943,0.3397594094276428,0.35,0,0,797,FP32-token-IDs
RoBERTa,lghad1,525,191,127,Ġmy,my,False,anger,-0.010773771209642291,0.010773771209642291,0.3152667284011841,0.8488504886627197,0.35,1,1,797,FP32-token-IDs
RoBERTa,lghad1,525,191,127,Ġmy,my,False,brain dysfunction (forget),0.005664143245667219,0.005664143245667219,0.17854474484920502,0.586258053779602,0.35,0,1,797,FP32-token-IDs
RoBERTa,lghad1,525,191,127,Ġmy,my,False,emptiness,0.0005910303298151121,0.0005910303298151121,0.1224183663725853,0.13897325098514557,0.35,0,0,797,FP32-token-IDs
RoBERTa,lghad1,525,191,127,Ġmy,my,False,hopelessness,-0.0010767442872747779,0.0010767442872747779,0.2907838523387909,0.6040868759155273,0.35,1,1,797,FP32-token-IDs
RoBERTa,lghad1,525,191,127,Ġmy,my,False,loneliness,0.002116071031196043,0.002116071031196043,0.30062830448150635,0.9012202024459839,0.35,1,1,797,FP32-token-IDs
RoBERTa,lghad1,525,191,127,Ġmy,my,False,sadness,0.0009119216119870543,0.0009119216119870543,0.3040405511856079,0.4563634395599365,0.35,0,1,797,FP32-token-IDs
RoBERTa,lghad1,525,191,127,Ġmy,my,False,suicide intent,-0.000352409446350066,0.000352409446350066,0.08356937021017075,0.008036630228161812,0.35,0,0,797,FP32-token-IDs
RoBERTa,lghad1,525,191,127,Ġmy,my,False,worthlessness,-0.00478991205454804,0.00478991205454804,0.23034417629241943,0.3397594094276428,0.35,0,0,797,FP32-token-IDs
RoBERTa,lghad1,525,192,173,Ġwork,work,False,anger,-0.010773771209642291,0.010773771209642291,0.3152667284011841,0.8488504886627197,0.35,1,1,797,FP32-token-IDs
RoBERTa,lghad1,525,192,173,Ġwork,work,False,brain dysfunction (forget),0.005664143245667219,0.005664143245667219,0.17854474484920502,0.586258053779602,0.35,0,1,797,FP32-token-IDs
RoBERTa,lghad1,525,192,173,Ġwork,work,False,emptiness,0.0005910303298151121,0.0005910303298151121,0.1224183663725853,0.13897325098514557,0.35,0,0,797,FP32-token-IDs
RoBERTa,lghad1,525,192,173,Ġwork,work,False,hopelessness,-0.0010767442872747779,0.0010767442872747779,0.2907838523387909,0.6040868759155273,0.35,1,1,797,FP32-token-IDs
RoBERTa,lghad1,525,192,173,Ġwork,work,False,loneliness,0.002116071031196043,0.002116071031196043,0.30062830448150635,0.9012202024459839,0.35,1,1,797,FP32-token-IDs
RoBERTa,lghad1,525,192,173,Ġwork,work,False,sadness,0.0009119216119870543,0.0009119216119870543,0.3040405511856079,0.4563634395599365,0.35,0,1,797,FP32-token-IDs
RoBERTa,lghad1,525,192,173,Ġwork,work,False,suicide intent,-0.000352409446350066,0.000352409446350066,0.08356937021017075,0.008036630228161812,0.35,0,0,797,FP32-token-IDs
RoBERTa,lghad1,525,192,173,Ġwork,work,False,worthlessness,-0.00478991205454804,0.00478991205454804,0.23034417629241943,0.3397594094276428,0.35,0,0,797,FP32-token-IDs
RoBERTa,lghad1,525,193,8,Ġand,and,False,anger,0.0018879730875293415,0.0018879730875293415,0.3152667284011841,0.8488504886627197,0.35,1,1,797,FP32-token-IDs
RoBERTa,lghad1,525,193,8,Ġand,and,False,brain dysfunction (forget),0.0016051088459789753,0.0016051088459789753,0.17854474484920502,0.586258053779602,0.35,0,1,797,FP32-token-IDs
RoBERTa,lghad1,525,193,8,Ġand,and,False,emptiness,-0.0005474987750252088,0.0005474987750252088,0.1224183663725853,0.13897325098514557,0.35,0,0,797,FP32-token-IDs
RoBERTa,lghad1,525,193,8,Ġand,and,False,hopelessness,0.00020278524607419968,0.00020278524607419968,0.2907838523387909,0.6040868759155273,0.35,1,1,797,FP32-token-IDs
RoBERTa,lghad1,525,193,8,Ġand,and,False,loneliness,-0.0014628393885989983,0.0014628393885989983,0.30062830448150635,0.9012202024459839,0.35,1,1,797,FP32-token-IDs
RoBERTa,lghad1,525,193,8,Ġand,and,False,sadness,0.0030110195900003114,0.0030110195900003114,0.3040405511856079,0.4563634395599365,0.35,0,1,797,FP32-token-IDs
RoBERTa,lghad1,525,193,8,Ġand,and,False,suicide intent,-0.00017232179622321078,0.00017232179622321078,0.08356937021017075,0.008036630228161812,0.35,0,0,797,FP32-token-IDs
RoBERTa,lghad1,525,193,8,Ġand,and,False,worthlessness,-0.007366270059719682,0.007366270059719682,0.23034417629241943,0.3397594094276428,0.35,0,0,797,FP32-token-IDs
RoBERTa,lghad1,525,194,5,Ġthe,the,False,anger,0.0018879730875293415,0.0018879730875293415,0.3152667284011841,0.8488504886627197,0.35,1,1,797,FP32-token-IDs
RoBERTa,lghad1,525,194,5,Ġthe,the,False,brain dysfunction (forget),0.0016051088459789753,0.0016051088459789753,0.17854474484920502,0.586258053779602,0.35,0,1,797,FP32-token-IDs
RoBERTa,lghad1,525,194,5,Ġthe,the,False,emptiness,-0.0005474987750252088,0.0005474987750252088,0.1224183663725853,0.13897325098514557,0.35,0,0,797,FP32-token-IDs
RoBERTa,lghad1,525,194,5,Ġthe,the,False,hopelessness,0.00020278524607419968,0.00020278524607419968,0.2907838523387909,0.6040868759155273,0.35,1,1,797,FP32-token-IDs
RoBERTa,lghad1,525,194,5,Ġthe,the,False,loneliness,-0.0014628393885989983,0.0014628393885989983,0.30062830448150635,0.9012202024459839,0.35,1,1,797,FP32-token-IDs
RoBERTa,lghad1,525,194,5,Ġthe,the,False,sadness,0.0030110195900003114,0.0030110195900003114,0.3040405511856079,0.4563634395599365,0.35,0,1,797,FP32-token-IDs
RoBERTa,lghad1,525,194,5,Ġthe,the,False,suicide intent,-0.00017232179622321078,0.00017232179622321078,0.08356937021017075,0.008036630228161812,0.35,0,0,797,FP32-token-IDs
RoBERTa,lghad1,525,194,5,Ġthe,the,False,worthlessness,-0.007366270059719682,0.007366270059719682,0.23034417629241943,0.3397594094276428,0.35,0,0,797,FP32-token-IDs
RoBERTa,lghad1,525,195,30016,Ġtv,tv,False,anger,0.0018879730875293415,0.0018879730875293415,0.3152667284011841,0.8488504886627197,0.35,1,1,797,FP32-token-IDs
RoBERTa,lghad1,525,195,30016,Ġtv,tv,False,brain dysfunction (forget),0.0016051088459789753,0.0016051088459789753,0.17854474484920502,0.586258053779602,0.35,0,1,797,FP32-token-IDs
RoBERTa,lghad1,525,195,30016,Ġtv,tv,False,emptiness,-0.0005474987750252088,0.0005474987750252088,0.1224183663725853,0.13897325098514557,0.35,0,0,797,FP32-token-IDs
RoBERTa,lghad1,525,195,30016,Ġtv,tv,False,hopelessness,0.00020278524607419968,0.00020278524607419968,0.2907838523387909,0.6040868759155273,0.35,1,1,797,FP32-token-IDs
RoBERTa,lghad1,525,195,30016,Ġtv,tv,False,loneliness,-0.0014628393885989983,0.0014628393885989983,0.30062830448150635,0.9012202024459839,0.35,1,1,797,FP32-token-IDs
RoBERTa,lghad1,525,195,30016,Ġtv,tv,False,sadness,0.0030110195900003114,0.0030110195900003114,0.3040405511856079,0.4563634395599365,0.35,0,1,797,FP32-token-IDs
RoBERTa,lghad1,525,195,30016,Ġtv,tv,False,suicide intent,-0.00017232179622321078,0.00017232179622321078,0.08356937021017075,0.008036630228161812,0.35,0,0,797,FP32-token-IDs
RoBERTa,lghad1,525,195,30016,Ġtv,tv,False,worthlessness,-0.007366270059719682,0.007366270059719682,0.23034417629241943,0.3397594094276428,0.35,0,0,797,FP32-token-IDs
RoBERTa,lghad1,525,196,17841,ĠðŁĺ,ðłĺ,False,anger,9.630046163996075e-05,9.630046163996075e-05,0.3152667284011841,0.8488504886627197,0.35,1,1,797,FP32-token-IDs
RoBERTa,lghad1,525,196,17841,ĠðŁĺ,ðłĺ,False,brain dysfunction (forget),-0.0015413963701575994,0.0015413963701575994,0.17854474484920502,0.586258053779602,0.35,0,1,797,FP32-token-IDs
RoBERTa,lghad1,525,196,17841,ĠðŁĺ,ðłĺ,False,emptiness,-0.0017742043904339273,0.0017742043904339273,0.1224183663725853,0.13897325098514557,0.35,0,0,797,FP32-token-IDs
RoBERTa,lghad1,525,196,17841,ĠðŁĺ,ðłĺ,False,hopelessness,-0.008848237805068493,0.008848237805068493,0.2907838523387909,0.6040868759155273,0.35,1,1,797,FP32-token-IDs
RoBERTa,lghad1,525,196,17841,ĠðŁĺ,ðłĺ,False,loneliness,-0.0016018661359945932,0.0016018661359945932,0.30062830448150635,0.9012202024459839,0.35,1,1,797,FP32-token-IDs
RoBERTa,lghad1,525,196,17841,ĠðŁĺ,ðłĺ,False,sadness,0.003911177938183148,0.003911177938183148,0.3040405511856079,0.4563634395599365,0.35,0,1,797,FP32-token-IDs
RoBERTa,lghad1,525,196,17841,ĠðŁĺ,ðłĺ,False,suicide intent,-0.0016523544036317617,0.0016523544036317617,0.08356937021017075,0.008036630228161812,0.35,0,0,797,FP32-token-IDs
RoBERTa,lghad1,525,196,17841,ĠðŁĺ,ðłĺ,False,worthlessness,-0.008637716023561854,0.008637716023561854,0.23034417629241943,0.3397594094276428,0.35,0,0,797,FP32-token-IDs
RoBERTa,lghad1,525,197,15375,©,©,False,anger,9.630046163996075e-05,9.630046163996075e-05,0.3152667284011841,0.8488504886627197,0.35,1,1,797,FP32-token-IDs
RoBERTa,lghad1,525,197,15375,©,©,False,brain dysfunction (forget),-0.0015413963701575994,0.0015413963701575994,0.17854474484920502,0.586258053779602,0.35,0,1,797,FP32-token-IDs
RoBERTa,lghad1,525,197,15375,©,©,False,emptiness,-0.0017742043904339273,0.0017742043904339273,0.1224183663725853,0.13897325098514557,0.35,0,0,797,FP32-token-IDs
RoBERTa,lghad1,525,197,15375,©,©,False,hopelessness,-0.008848237805068493,0.008848237805068493,0.2907838523387909,0.6040868759155273,0.35,1,1,797,FP32-token-IDs
RoBERTa,lghad1,525,197,15375,©,©,False,loneliness,-0.0016018661359945932,0.0016018661359945932,0.30062830448150635,0.9012202024459839,0.35,1,1,797,FP32-token-IDs
RoBERTa,lghad1,525,197,15375,©,©,False,sadness,0.003911177938183148,0.003911177938183148,0.3040405511856079,0.4563634395599365,0.35,0,1,797,FP32-token-IDs
RoBERTa,lghad1,525,197,15375,©,©,False,suicide intent,-0.0016523544036317617,0.0016523544036317617,0.08356937021017075,0.008036630228161812,0.35,0,0,797,FP32-token-IDs
RoBERTa,lghad1,525,197,15375,©,©,False,worthlessness,-0.008637716023561854,0.008637716023561854,0.23034417629241943,0.3397594094276428,0.35,0,0,797,FP32-token-IDs
RoBERTa,lghad1,525,198,2,</s>,,True,anger,0.0030652557810147605,0.0030652557810147605,0.3152667284011841,0.8488504886627197,0.35,1,1,797,FP32-token-IDs
RoBERTa,lghad1,525,198,2,</s>,,True,brain dysfunction (forget),-0.0005651833489537239,0.0005651833489537239,0.17854474484920502,0.586258053779602,0.35,0,1,797,FP32-token-IDs
RoBERTa,lghad1,525,198,2,</s>,,True,emptiness,-0.001520115261276563,0.001520115261276563,0.1224183663725853,0.13897325098514557,0.35,0,0,797,FP32-token-IDs
RoBERTa,lghad1,525,198,2,</s>,,True,hopelessness,-0.0031889667734503746,0.0031889667734503746,0.2907838523387909,0.6040868759155273,0.35,1,1,797,FP32-token-IDs
RoBERTa,lghad1,525,198,2,</s>,,True,loneliness,-0.0019733874748150506,0.0019733874748150506,0.30062830448150635,0.9012202024459839,0.35,1,1,797,FP32-token-IDs
RoBERTa,lghad1,525,198,2,</s>,,True,sadness,0.006769698423643907,0.006769698423643907,0.3040405511856079,0.4563634395599365,0.35,0,1,797,FP32-token-IDs
RoBERTa,lghad1,525,198,2,</s>,,True,suicide intent,-0.0016541541699552909,0.0016541541699552909,0.08356937021017075,0.008036630228161812,0.35,0,0,797,FP32-token-IDs
RoBERTa,lghad1,525,198,2,</s>,,True,worthlessness,-0.004844920554508765,0.004844920554508765,0.23034417629241943,0.3397594094276428,0.35,0,0,797,FP32-token-IDs
