Model,Sample_ID,Test_Index,Token_Index,Token_ID,Raw_Token,Token,Is_Special_Token,Emotion,SHAP_Value,Abs_SHAP,Base_Value,Model_Probability,Threshold,True_Label,Predicted_Label,SHAP_Max_Evals,XAI_Inference
RoBERTa,141cj66,539,0,0,<s>,,True,anger,0.0011846639483172278,0.0011846639483172278,0.21465615928173065,0.010582405142486095,0.35,0,0,600,FP32-token-IDs
RoBERTa,141cj66,539,0,0,<s>,,True,brain dysfunction (forget),-0.002111565332267095,0.002111565332267095,0.17485284805297852,0.34033212065696716,0.35,0,0,600,FP32-token-IDs
RoBERTa,141cj66,539,0,0,<s>,,True,emptiness,-0.0021412178784058515,0.0021412178784058515,0.10588504374027252,0.7483553886413574,0.35,0,1,600,FP32-token-IDs
RoBERTa,141cj66,539,0,0,<s>,,True,hopelessness,-0.01008365653582256,0.01008365653582256,0.23048549890518188,0.3428015112876892,0.35,1,0,600,FP32-token-IDs
RoBERTa,141cj66,539,0,0,<s>,,True,loneliness,0.0008055281941778958,0.0008055281941778958,0.394043892621994,0.5468522310256958,0.35,0,1,600,FP32-token-IDs
RoBERTa,141cj66,539,0,0,<s>,,True,sadness,-0.01299664316254414,0.01299664316254414,0.22076761722564697,0.08327151834964752,0.35,0,0,600,FP32-token-IDs
RoBERTa,141cj66,539,0,0,<s>,,True,suicide intent,-0.0003837403465612707,0.0003837403465612707,0.058215148746967316,0.025850897654891014,0.35,0,0,600,FP32-token-IDs
RoBERTa,141cj66,539,0,0,<s>,,True,worthlessness,-0.002554262300360609,0.002554262300360609,0.22474482655525208,0.2674315571784973,0.35,1,0,600,FP32-token-IDs
RoBERTa,141cj66,539,1,8275,Do,do,False,anger,0.0011846639483172278,0.0011846639483172278,0.21465615928173065,0.010582405142486095,0.35,0,0,600,FP32-token-IDs
RoBERTa,141cj66,539,1,8275,Do,do,False,brain dysfunction (forget),-0.002111565332267095,0.002111565332267095,0.17485284805297852,0.34033212065696716,0.35,0,0,600,FP32-token-IDs
RoBERTa,141cj66,539,1,8275,Do,do,False,emptiness,-0.0021412178784058515,0.0021412178784058515,0.10588504374027252,0.7483553886413574,0.35,0,1,600,FP32-token-IDs
RoBERTa,141cj66,539,1,8275,Do,do,False,hopelessness,-0.01008365653582256,0.01008365653582256,0.23048549890518188,0.3428015112876892,0.35,1,0,600,FP32-token-IDs
RoBERTa,141cj66,539,1,8275,Do,do,False,loneliness,0.0008055281941778958,0.0008055281941778958,0.394043892621994,0.5468522310256958,0.35,0,1,600,FP32-token-IDs
RoBERTa,141cj66,539,1,8275,Do,do,False,sadness,-0.01299664316254414,0.01299664316254414,0.22076761722564697,0.08327151834964752,0.35,0,0,600,FP32-token-IDs
RoBERTa,141cj66,539,1,8275,Do,do,False,suicide intent,-0.0003837403465612707,0.0003837403465612707,0.058215148746967316,0.025850897654891014,0.35,0,0,600,FP32-token-IDs
RoBERTa,141cj66,539,1,8275,Do,do,False,worthlessness,-0.002554262300360609,0.002554262300360609,0.22474482655525208,0.2674315571784973,0.35,1,0,600,FP32-token-IDs
RoBERTa,141cj66,539,2,47,Ġyou,you,False,anger,-0.00047668023564090777,0.00047668023564090777,0.21465615928173065,0.010582405142486095,0.35,0,0,600,FP32-token-IDs
RoBERTa,141cj66,539,2,47,Ġyou,you,False,brain dysfunction (forget),-0.020088545755821873,0.020088545755821873,0.17485284805297852,0.34033212065696716,0.35,0,0,600,FP32-token-IDs
RoBERTa,141cj66,539,2,47,Ġyou,you,False,emptiness,0.006745772841069001,0.006745772841069001,0.10588504374027252,0.7483553886413574,0.35,0,1,600,FP32-token-IDs
RoBERTa,141cj66,539,2,47,Ġyou,you,False,hopelessness,-0.013904160364869644,0.013904160364869644,0.23048549890518188,0.3428015112876892,0.35,1,0,600,FP32-token-IDs
RoBERTa,141cj66,539,2,47,Ġyou,you,False,loneliness,0.013682390854228288,0.013682390854228288,0.394043892621994,0.5468522310256958,0.35,0,1,600,FP32-token-IDs
RoBERTa,141cj66,539,2,47,Ġyou,you,False,sadness,-0.024941535862374374,0.024941535862374374,0.22076761722564697,0.08327151834964752,0.35,0,0,600,FP32-token-IDs
RoBERTa,141cj66,539,2,47,Ġyou,you,False,suicide intent,-0.0017519527437715706,0.0017519527437715706,0.058215148746967316,0.025850897654891014,0.35,0,0,600,FP32-token-IDs
RoBERTa,141cj66,539,2,47,Ġyou,you,False,worthlessness,-0.0013228006533939729,0.0013228006533939729,0.22474482655525208,0.2674315571784973,0.35,1,0,600,FP32-token-IDs
RoBERTa,141cj66,539,3,1413,Ġstand,stand,False,anger,0.0012502630653960462,0.0012502630653960462,0.21465615928173065,0.010582405142486095,0.35,0,0,600,FP32-token-IDs
RoBERTa,141cj66,539,3,1413,Ġstand,stand,False,brain dysfunction (forget),-0.018483302799392153,0.018483302799392153,0.17485284805297852,0.34033212065696716,0.35,0,0,600,FP32-token-IDs
RoBERTa,141cj66,539,3,1413,Ġstand,stand,False,emptiness,0.00775316258395006,0.00775316258395006,0.10588504374027252,0.7483553886413574,0.35,0,1,600,FP32-token-IDs
RoBERTa,141cj66,539,3,1413,Ġstand,stand,False,hopelessness,-0.011914460464719345,0.011914460464719345,0.23048549890518188,0.3428015112876892,0.35,1,0,600,FP32-token-IDs
RoBERTa,141cj66,539,3,1413,Ġstand,stand,False,loneliness,0.010427740693558007,0.010427740693558007,0.394043892621994,0.5468522310256958,0.35,0,1,600,FP32-token-IDs
RoBERTa,141cj66,539,3,1413,Ġstand,stand,False,sadness,-0.022036330970215866,0.022036330970215866,0.22076761722564697,0.08327151834964752,0.35,0,0,600,FP32-token-IDs
RoBERTa,141cj66,539,3,1413,Ġstand,stand,False,suicide intent,-0.0012661542833401736,0.0012661542833401736,0.058215148746967316,0.025850897654891014,0.35,0,0,600,FP32-token-IDs
RoBERTa,141cj66,539,3,1413,Ġstand,stand,False,worthlessness,0.002086668381128799,0.002086668381128799,0.22474482655525208,0.2674315571784973,0.35,1,0,600,FP32-token-IDs
RoBERTa,141cj66,539,4,202,Ġstill,still,False,anger,-0.0010397726162574888,0.0010397726162574888,0.21465615928173065,0.010582405142486095,0.35,0,0,600,FP32-token-IDs
RoBERTa,141cj66,539,4,202,Ġstill,still,False,brain dysfunction (forget),0.003270496869786316,0.003270496869786316,0.17485284805297852,0.34033212065696716,0.35,0,0,600,FP32-token-IDs
RoBERTa,141cj66,539,4,202,Ġstill,still,False,emptiness,0.010382635052680255,0.010382635052680255,0.10588504374027252,0.7483553886413574,0.35,0,1,600,FP32-token-IDs
RoBERTa,141cj66,539,4,202,Ġstill,still,False,hopelessness,0.006636598644106854,0.006636598644106854,0.23048549890518188,0.3428015112876892,0.35,1,0,600,FP32-token-IDs
RoBERTa,141cj66,539,4,202,Ġstill,still,False,loneliness,0.011390247598423489,0.011390247598423489,0.394043892621994,0.5468522310256958,0.35,0,1,600,FP32-token-IDs
RoBERTa,141cj66,539,4,202,Ġstill,still,False,sadness,0.0071014228738789965,0.0071014228738789965,0.22076761722564697,0.08327151834964752,0.35,0,0,600,FP32-token-IDs
RoBERTa,141cj66,539,4,202,Ġstill,still,False,suicide intent,0.00023083705262299143,0.00023083705262299143,0.058215148746967316,0.025850897654891014,0.35,0,0,600,FP32-token-IDs
RoBERTa,141cj66,539,4,202,Ġstill,still,False,worthlessness,0.0016338762422031783,0.0016338762422031783,0.22474482655525208,0.2674315571784973,0.35,1,0,600,FP32-token-IDs
RoBERTa,141cj66,539,5,11,Ġin,in,False,anger,-0.0010397726162574888,0.0010397726162574888,0.21465615928173065,0.010582405142486095,0.35,0,0,600,FP32-token-IDs
RoBERTa,141cj66,539,5,11,Ġin,in,False,brain dysfunction (forget),0.003270496869786316,0.003270496869786316,0.17485284805297852,0.34033212065696716,0.35,0,0,600,FP32-token-IDs
RoBERTa,141cj66,539,5,11,Ġin,in,False,emptiness,0.010382635052680255,0.010382635052680255,0.10588504374027252,0.7483553886413574,0.35,0,1,600,FP32-token-IDs
RoBERTa,141cj66,539,5,11,Ġin,in,False,hopelessness,0.006636598644106854,0.006636598644106854,0.23048549890518188,0.3428015112876892,0.35,1,0,600,FP32-token-IDs
RoBERTa,141cj66,539,5,11,Ġin,in,False,loneliness,0.011390247598423489,0.011390247598423489,0.394043892621994,0.5468522310256958,0.35,0,1,600,FP32-token-IDs
RoBERTa,141cj66,539,5,11,Ġin,in,False,sadness,0.0071014228738789965,0.0071014228738789965,0.22076761722564697,0.08327151834964752,0.35,0,0,600,FP32-token-IDs
RoBERTa,141cj66,539,5,11,Ġin,in,False,suicide intent,0.00023083705262299143,0.00023083705262299143,0.058215148746967316,0.025850897654891014,0.35,0,0,600,FP32-token-IDs
RoBERTa,141cj66,539,5,11,Ġin,in,False,worthlessness,0.0016338762422031783,0.0016338762422031783,0.22474482655525208,0.2674315571784973,0.35,1,0,600,FP32-token-IDs
RoBERTa,141cj66,539,6,760,Ġfront,front,False,anger,-0.0014080556300706865,0.0014080556300706865,0.21465615928173065,0.010582405142486095,0.35,0,0,600,FP32-token-IDs
RoBERTa,141cj66,539,6,760,Ġfront,front,False,brain dysfunction (forget),0.0039473509177105955,0.0039473509177105955,0.17485284805297852,0.34033212065696716,0.35,0,0,600,FP32-token-IDs
RoBERTa,141cj66,539,6,760,Ġfront,front,False,emptiness,0.0111482511268847,0.0111482511268847,0.10588504374027252,0.7483553886413574,0.35,0,1,600,FP32-token-IDs
RoBERTa,141cj66,539,6,760,Ġfront,front,False,hopelessness,0.006958130312412251,0.006958130312412251,0.23048549890518188,0.3428015112876892,0.35,1,0,600,FP32-token-IDs
RoBERTa,141cj66,539,6,760,Ġfront,front,False,loneliness,0.012561881199612148,0.012561881199612148,0.394043892621994,0.5468522310256958,0.35,0,1,600,FP32-token-IDs
RoBERTa,141cj66,539,6,760,Ġfront,front,False,sadness,0.007887691957498114,0.007887691957498114,0.22076761722564697,0.08327151834964752,0.35,0,0,600,FP32-token-IDs
RoBERTa,141cj66,539,6,760,Ġfront,front,False,suicide intent,0.00017684455768223367,0.00017684455768223367,0.058215148746967316,0.025850897654891014,0.35,0,0,600,FP32-token-IDs
RoBERTa,141cj66,539,6,760,Ġfront,front,False,worthlessness,0.0016220419262475395,0.0016220419262475395,0.22474482655525208,0.2674315571784973,0.35,1,0,600,FP32-token-IDs
RoBERTa,141cj66,539,7,9,Ġof,of,False,anger,-0.0014080556300706865,0.0014080556300706865,0.21465615928173065,0.010582405142486095,0.35,0,0,600,FP32-token-IDs
RoBERTa,141cj66,539,7,9,Ġof,of,False,brain dysfunction (forget),0.0039473509177105955,0.0039473509177105955,0.17485284805297852,0.34033212065696716,0.35,0,0,600,FP32-token-IDs
RoBERTa,141cj66,539,7,9,Ġof,of,False,emptiness,0.0111482511268847,0.0111482511268847,0.10588504374027252,0.7483553886413574,0.35,0,1,600,FP32-token-IDs
RoBERTa,141cj66,539,7,9,Ġof,of,False,hopelessness,0.006958130312412251,0.006958130312412251,0.23048549890518188,0.3428015112876892,0.35,1,0,600,FP32-token-IDs
RoBERTa,141cj66,539,7,9,Ġof,of,False,loneliness,0.012561881199612148,0.012561881199612148,0.394043892621994,0.5468522310256958,0.35,0,1,600,FP32-token-IDs
RoBERTa,141cj66,539,7,9,Ġof,of,False,sadness,0.007887691957498114,0.007887691957498114,0.22076761722564697,0.08327151834964752,0.35,0,0,600,FP32-token-IDs
RoBERTa,141cj66,539,7,9,Ġof,of,False,suicide intent,0.00017684455768223367,0.00017684455768223367,0.058215148746967316,0.025850897654891014,0.35,0,0,600,FP32-token-IDs
RoBERTa,141cj66,539,7,9,Ġof,of,False,worthlessness,0.0016220419262475395,0.0016220419262475395,0.22474482655525208,0.2674315571784973,0.35,1,0,600,FP32-token-IDs
RoBERTa,141cj66,539,8,5,Ġthe,the,False,anger,-0.0035760692266966075,0.0035760692266966075,0.21465615928173065,0.010582405142486095,0.35,0,0,600,FP32-token-IDs
RoBERTa,141cj66,539,8,5,Ġthe,the,False,brain dysfunction (forget),0.0015795931912499007,0.0015795931912499007,0.17485284805297852,0.34033212065696716,0.35,0,0,600,FP32-token-IDs
RoBERTa,141cj66,539,8,5,Ġthe,the,False,emptiness,0.011302132241365408,0.011302132241365408,0.10588504374027252,0.7483553886413574,0.35,0,1,600,FP32-token-IDs
RoBERTa,141cj66,539,8,5,Ġthe,the,False,hopelessness,0.008714316540812969,0.008714316540812969,0.23048549890518188,0.3428015112876892,0.35,1,0,600,FP32-token-IDs
RoBERTa,141cj66,539,8,5,Ġthe,the,False,loneliness,0.014343664615548084,0.014343664615548084,0.394043892621994,0.5468522310256958,0.35,0,1,600,FP32-token-IDs
RoBERTa,141cj66,539,8,5,Ġthe,the,False,sadness,0.005496589806096153,0.005496589806096153,0.22076761722564697,0.08327151834964752,0.35,0,0,600,FP32-token-IDs
RoBERTa,141cj66,539,8,5,Ġthe,the,False,suicide intent,0.00012398618080671392,0.00012398618080671392,0.058215148746967316,0.025850897654891014,0.35,0,0,600,FP32-token-IDs
RoBERTa,141cj66,539,8,5,Ġthe,the,False,worthlessness,0.002675846768381856,0.002675846768381856,0.22474482655525208,0.2674315571784973,0.35,1,0,600,FP32-token-IDs
RoBERTa,141cj66,539,9,9807,Ġmirror,mirror,False,anger,-0.0035760692266966075,0.0035760692266966075,0.21465615928173065,0.010582405142486095,0.35,0,0,600,FP32-token-IDs
RoBERTa,141cj66,539,9,9807,Ġmirror,mirror,False,brain dysfunction (forget),0.0015795931912499007,0.0015795931912499007,0.17485284805297852,0.34033212065696716,0.35,0,0,600,FP32-token-IDs
RoBERTa,141cj66,539,9,9807,Ġmirror,mirror,False,emptiness,0.011302132241365408,0.011302132241365408,0.10588504374027252,0.7483553886413574,0.35,0,1,600,FP32-token-IDs
RoBERTa,141cj66,539,9,9807,Ġmirror,mirror,False,hopelessness,0.008714316540812969,0.008714316540812969,0.23048549890518188,0.3428015112876892,0.35,1,0,600,FP32-token-IDs
RoBERTa,141cj66,539,9,9807,Ġmirror,mirror,False,loneliness,0.014343664615548084,0.014343664615548084,0.394043892621994,0.5468522310256958,0.35,0,1,600,FP32-token-IDs
RoBERTa,141cj66,539,9,9807,Ġmirror,mirror,False,sadness,0.005496589806096153,0.005496589806096153,0.22076761722564697,0.08327151834964752,0.35,0,0,600,FP32-token-IDs
RoBERTa,141cj66,539,9,9807,Ġmirror,mirror,False,suicide intent,0.00012398618080671392,0.00012398618080671392,0.058215148746967316,0.025850897654891014,0.35,0,0,600,FP32-token-IDs
RoBERTa,141cj66,539,9,9807,Ġmirror,mirror,False,worthlessness,0.002675846768381856,0.002675846768381856,0.22474482655525208,0.2674315571784973,0.35,1,0,600,FP32-token-IDs
RoBERTa,141cj66,539,10,6,",",",",False,anger,-0.00404390238735218,0.00404390238735218,0.21465615928173065,0.010582405142486095,0.35,0,0,600,FP32-token-IDs
RoBERTa,141cj66,539,10,6,",",",",False,brain dysfunction (forget),0.0006908275180967983,0.0006908275180967983,0.17485284805297852,0.34033212065696716,0.35,0,0,600,FP32-token-IDs
RoBERTa,141cj66,539,10,6,",",",",False,emptiness,0.013477232854750847,0.013477232854750847,0.10588504374027252,0.7483553886413574,0.35,0,1,600,FP32-token-IDs
RoBERTa,141cj66,539,10,6,",",",",False,hopelessness,0.008240042382335186,0.008240042382335186,0.23048549890518188,0.3428015112876892,0.35,1,0,600,FP32-token-IDs
RoBERTa,141cj66,539,10,6,",",",",False,loneliness,0.015643796983308027,0.015643796983308027,0.394043892621994,0.5468522310256958,0.35,0,1,600,FP32-token-IDs
RoBERTa,141cj66,539,10,6,",",",",False,sadness,0.0018787964844866555,0.0018787964844866555,0.22076761722564697,0.08327151834964752,0.35,0,0,600,FP32-token-IDs
RoBERTa,141cj66,539,10,6,",",",",False,suicide intent,8.942277734651679e-05,8.942277734651679e-05,0.058215148746967316,0.025850897654891014,0.35,0,0,600,FP32-token-IDs
RoBERTa,141cj66,539,10,6,",",",",False,worthlessness,0.002448417795660756,0.002448417795660756,0.22474482655525208,0.2674315571784973,0.35,1,0,600,FP32-token-IDs
RoBERTa,141cj66,539,11,4298,Ġmotion,motion,False,anger,-0.0031208678556140512,0.0031208678556140512,0.21465615928173065,0.010582405142486095,0.35,0,0,600,FP32-token-IDs
RoBERTa,141cj66,539,11,4298,Ġmotion,motion,False,brain dysfunction (forget),0.10582780186086893,0.10582780186086893,0.17485284805297852,0.34033212065696716,0.35,0,0,600,FP32-token-IDs
RoBERTa,141cj66,539,11,4298,Ġmotion,motion,False,emptiness,0.027505056466907263,0.027505056466907263,0.10588504374027252,0.7483553886413574,0.35,0,1,600,FP32-token-IDs
RoBERTa,141cj66,539,11,4298,Ġmotion,motion,False,hopelessness,0.014548266306519508,0.014548266306519508,0.23048549890518188,0.3428015112876892,0.35,1,0,600,FP32-token-IDs
RoBERTa,141cj66,539,11,4298,Ġmotion,motion,False,loneliness,0.008117067569401115,0.008117067569401115,0.394043892621994,0.5468522310256958,0.35,0,1,600,FP32-token-IDs
RoBERTa,141cj66,539,11,4298,Ġmotion,motion,False,sadness,-0.04188407922629267,0.04188407922629267,0.22076761722564697,0.08327151834964752,0.35,0,0,600,FP32-token-IDs
RoBERTa,141cj66,539,11,4298,Ġmotion,motion,False,suicide intent,0.007117141532944515,0.007117141532944515,0.058215148746967316,0.025850897654891014,0.35,0,0,600,FP32-token-IDs
RoBERTa,141cj66,539,11,4298,Ġmotion,motion,False,worthlessness,-0.012720493134111166,0.012720493134111166,0.22474482655525208,0.2674315571784973,0.35,1,0,600,FP32-token-IDs
RoBERTa,141cj66,539,12,1672,less,less,False,anger,-0.04895199477323331,0.04895199477323331,0.21465615928173065,0.010582405142486095,0.35,0,0,600,FP32-token-IDs
RoBERTa,141cj66,539,12,1672,less,less,False,brain dysfunction (forget),0.11792945861816406,0.11792945861816406,0.17485284805297852,0.34033212065696716,0.35,0,0,600,FP32-token-IDs
RoBERTa,141cj66,539,12,1672,less,less,False,emptiness,0.3730018361238763,0.3730018361238763,0.10588504374027252,0.7483553886413574,0.35,0,1,600,FP32-token-IDs
RoBERTa,141cj66,539,12,1672,less,less,False,hopelessness,0.25927750347182155,0.25927750347182155,0.23048549890518188,0.3428015112876892,0.35,1,0,600,FP32-token-IDs
RoBERTa,141cj66,539,12,1672,less,less,False,loneliness,0.33357634634012356,0.33357634634012356,0.394043892621994,0.5468522310256958,0.35,0,1,600,FP32-token-IDs
RoBERTa,141cj66,539,12,1672,less,less,False,sadness,0.09822939604055136,0.09822939604055136,0.22076761722564697,0.08327151834964752,0.35,0,0,600,FP32-token-IDs
RoBERTa,141cj66,539,12,1672,less,less,False,suicide intent,-0.0006436719850171357,0.0006436719850171357,0.058215148746967316,0.025850897654891014,0.35,0,0,600,FP32-token-IDs
RoBERTa,141cj66,539,12,1672,less,less,False,worthlessness,0.2153094750829041,0.2153094750829041,0.22474482655525208,0.2674315571784973,0.35,1,0,600,FP32-token-IDs
RoBERTa,141cj66,539,13,8,Ġand,and,False,anger,-0.01653185047325678,0.01653185047325678,0.21465615928173065,0.010582405142486095,0.35,0,0,600,FP32-token-IDs
RoBERTa,141cj66,539,13,8,Ġand,and,False,brain dysfunction (forget),0.006710635032504797,0.006710635032504797,0.17485284805297852,0.34033212065696716,0.35,0,0,600,FP32-token-IDs
RoBERTa,141cj66,539,13,8,Ġand,and,False,emptiness,0.06942533463006839,0.06942533463006839,0.10588504374027252,0.7483553886413574,0.35,0,1,600,FP32-token-IDs
RoBERTa,141cj66,539,13,8,Ġand,and,False,hopelessness,0.043388349178712815,0.043388349178712815,0.23048549890518188,0.3428015112876892,0.35,1,0,600,FP32-token-IDs
RoBERTa,141cj66,539,13,8,Ġand,and,False,loneliness,0.0375458033522591,0.0375458033522591,0.394043892621994,0.5468522310256958,0.35,0,1,600,FP32-token-IDs
RoBERTa,141cj66,539,13,8,Ġand,and,False,sadness,0.008552484796382487,0.008552484796382487,0.22076761722564697,0.08327151834964752,0.35,0,0,600,FP32-token-IDs
RoBERTa,141cj66,539,13,8,Ġand,and,False,suicide intent,-0.0048006394354160875,0.0048006394354160875,0.058215148746967316,0.025850897654891014,0.35,0,0,600,FP32-token-IDs
RoBERTa,141cj66,539,13,8,Ġand,and,False,worthlessness,0.049368638545274734,0.049368638545274734,0.22474482655525208,0.2674315571784973,0.35,1,0,600,FP32-token-IDs
RoBERTa,141cj66,539,14,22018,Ġdull,dull,False,anger,-0.005556133313803002,0.005556133313803002,0.21465615928173065,0.010582405142486095,0.35,0,0,600,FP32-token-IDs
RoBERTa,141cj66,539,14,22018,Ġdull,dull,False,brain dysfunction (forget),0.03645049734041095,0.03645049734041095,0.17485284805297852,0.34033212065696716,0.35,0,0,600,FP32-token-IDs
RoBERTa,141cj66,539,14,22018,Ġdull,dull,False,emptiness,0.1930709154694341,0.1930709154694341,0.10588504374027252,0.7483553886413574,0.35,0,1,600,FP32-token-IDs
RoBERTa,141cj66,539,14,22018,Ġdull,dull,False,hopelessness,0.15967221494065598,0.15967221494065598,0.23048549890518188,0.3428015112876892,0.35,1,0,600,FP32-token-IDs
RoBERTa,141cj66,539,14,22018,Ġdull,dull,False,loneliness,0.008998423931188881,0.008998423931188881,0.394043892621994,0.5468522310256958,0.35,0,1,600,FP32-token-IDs
RoBERTa,141cj66,539,14,22018,Ġdull,dull,False,sadness,0.13416813791263849,0.13416813791263849,0.22076761722564697,0.08327151834964752,0.35,0,0,600,FP32-token-IDs
RoBERTa,141cj66,539,14,22018,Ġdull,dull,False,suicide intent,-0.012228928186232224,0.012228928186232224,0.058215148746967316,0.025850897654891014,0.35,0,0,600,FP32-token-IDs
RoBERTa,141cj66,539,14,22018,Ġdull,dull,False,worthlessness,0.2148450342938304,0.2148450342938304,0.22474482655525208,0.2674315571784973,0.35,1,0,600,FP32-token-IDs
RoBERTa,141cj66,539,15,116,?,?,False,anger,0.006635749807173852,0.006635749807173852,0.21465615928173065,0.010582405142486095,0.35,0,0,600,FP32-token-IDs
RoBERTa,141cj66,539,15,116,?,?,False,brain dysfunction (forget),-0.00855740817496553,0.00855740817496553,0.17485284805297852,0.34033212065696716,0.35,0,0,600,FP32-token-IDs
RoBERTa,141cj66,539,15,116,?,?,False,emptiness,-0.0014513711357722059,0.0014513711357722059,0.10588504374027252,0.7483553886413574,0.35,0,1,600,FP32-token-IDs
RoBERTa,141cj66,539,15,116,?,?,False,hopelessness,0.004645125474780798,0.004645125474780798,0.23048549890518188,0.3428015112876892,0.35,1,0,600,FP32-token-IDs
RoBERTa,141cj66,539,15,116,?,?,False,loneliness,-0.016779114739620127,0.016779114739620127,0.394043892621994,0.5468522310256958,0.35,0,1,600,FP32-token-IDs
RoBERTa,141cj66,539,15,116,?,?,False,sadness,0.0074011157266795635,0.0074011157266795635,0.22076761722564697,0.08327151834964752,0.35,0,0,600,FP32-token-IDs
RoBERTa,141cj66,539,15,116,?,?,False,suicide intent,-0.0020489035596256144,0.0020489035596256144,0.058215148746967316,0.025850897654891014,0.35,0,0,600,FP32-token-IDs
RoBERTa,141cj66,539,15,116,?,?,False,worthlessness,0.008640154177555814,0.008640154177555814,0.22474482655525208,0.2674315571784973,0.35,1,0,600,FP32-token-IDs
RoBERTa,141cj66,539,16,22560,Ġ###,#,False,anger,0.006635749807173852,0.006635749807173852,0.21465615928173065,0.010582405142486095,0.35,0,0,600,FP32-token-IDs
RoBERTa,141cj66,539,16,22560,Ġ###,#,False,brain dysfunction (forget),-0.00855740817496553,0.00855740817496553,0.17485284805297852,0.34033212065696716,0.35,0,0,600,FP32-token-IDs
RoBERTa,141cj66,539,16,22560,Ġ###,#,False,emptiness,-0.0014513711357722059,0.0014513711357722059,0.10588504374027252,0.7483553886413574,0.35,0,1,600,FP32-token-IDs
RoBERTa,141cj66,539,16,22560,Ġ###,#,False,hopelessness,0.004645125474780798,0.004645125474780798,0.23048549890518188,0.3428015112876892,0.35,1,0,600,FP32-token-IDs
RoBERTa,141cj66,539,16,22560,Ġ###,#,False,loneliness,-0.016779114739620127,0.016779114739620127,0.394043892621994,0.5468522310256958,0.35,0,1,600,FP32-token-IDs
RoBERTa,141cj66,539,16,22560,Ġ###,#,False,sadness,0.0074011157266795635,0.0074011157266795635,0.22076761722564697,0.08327151834964752,0.35,0,0,600,FP32-token-IDs
RoBERTa,141cj66,539,16,22560,Ġ###,#,False,suicide intent,-0.0020489035596256144,0.0020489035596256144,0.058215148746967316,0.025850897654891014,0.35,0,0,600,FP32-token-IDs
RoBERTa,141cj66,539,16,22560,Ġ###,#,False,worthlessness,0.008640154177555814,0.008640154177555814,0.22474482655525208,0.2674315571784973,0.35,1,0,600,FP32-token-IDs
RoBERTa,141cj66,539,17,38,ĠI,i,False,anger,0.0056334304172196425,0.0056334304172196425,0.21465615928173065,0.010582405142486095,0.35,0,0,600,FP32-token-IDs
RoBERTa,141cj66,539,17,38,ĠI,i,False,brain dysfunction (forget),-0.007249992748256773,0.007249992748256773,0.17485284805297852,0.34033212065696716,0.35,0,0,600,FP32-token-IDs
RoBERTa,141cj66,539,17,38,ĠI,i,False,emptiness,-0.0011691039107972756,0.0011691039107972756,0.10588504374027252,0.7483553886413574,0.35,0,1,600,FP32-token-IDs
RoBERTa,141cj66,539,17,38,ĠI,i,False,hopelessness,0.004386330954730511,0.004386330954730511,0.23048549890518188,0.3428015112876892,0.35,1,0,600,FP32-token-IDs
RoBERTa,141cj66,539,17,38,ĠI,i,False,loneliness,-0.015543520465143956,0.015543520465143956,0.394043892621994,0.5468522310256958,0.35,0,1,600,FP32-token-IDs
RoBERTa,141cj66,539,17,38,ĠI,i,False,sadness,0.00734545080922544,0.00734545080922544,0.22076761722564697,0.08327151834964752,0.35,0,0,600,FP32-token-IDs
RoBERTa,141cj66,539,17,38,ĠI,i,False,suicide intent,-0.0018757593716145493,0.0018757593716145493,0.058215148746967316,0.025850897654891014,0.35,0,0,600,FP32-token-IDs
RoBERTa,141cj66,539,17,38,ĠI,i,False,worthlessness,0.006566781463334337,0.006566781463334337,0.22474482655525208,0.2674315571784973,0.35,1,0,600,FP32-token-IDs
RoBERTa,141cj66,539,18,1266,Ġmean,mean,False,anger,0.0056334304172196425,0.0056334304172196425,0.21465615928173065,0.010582405142486095,0.35,0,0,600,FP32-token-IDs
RoBERTa,141cj66,539,18,1266,Ġmean,mean,False,brain dysfunction (forget),-0.007249992748256773,0.007249992748256773,0.17485284805297852,0.34033212065696716,0.35,0,0,600,FP32-token-IDs
RoBERTa,141cj66,539,18,1266,Ġmean,mean,False,emptiness,-0.0011691039107972756,0.0011691039107972756,0.10588504374027252,0.7483553886413574,0.35,0,1,600,FP32-token-IDs
RoBERTa,141cj66,539,18,1266,Ġmean,mean,False,hopelessness,0.004386330954730511,0.004386330954730511,0.23048549890518188,0.3428015112876892,0.35,1,0,600,FP32-token-IDs
RoBERTa,141cj66,539,18,1266,Ġmean,mean,False,loneliness,-0.015543520465143956,0.015543520465143956,0.394043892621994,0.5468522310256958,0.35,0,1,600,FP32-token-IDs
RoBERTa,141cj66,539,18,1266,Ġmean,mean,False,sadness,0.00734545080922544,0.00734545080922544,0.22076761722564697,0.08327151834964752,0.35,0,0,600,FP32-token-IDs
RoBERTa,141cj66,539,18,1266,Ġmean,mean,False,suicide intent,-0.0018757593716145493,0.0018757593716145493,0.058215148746967316,0.025850897654891014,0.35,0,0,600,FP32-token-IDs
RoBERTa,141cj66,539,18,1266,Ġmean,mean,False,worthlessness,0.006566781463334337,0.006566781463334337,0.22474482655525208,0.2674315571784973,0.35,1,0,600,FP32-token-IDs
RoBERTa,141cj66,539,19,42,Ġthis,this,False,anger,0.0010256445166305639,0.0010256445166305639,0.21465615928173065,0.010582405142486095,0.35,0,0,600,FP32-token-IDs
RoBERTa,141cj66,539,19,42,Ġthis,this,False,brain dysfunction (forget),-0.0014134733355604112,0.0014134733355604112,0.17485284805297852,0.34033212065696716,0.35,0,0,600,FP32-token-IDs
RoBERTa,141cj66,539,19,42,Ġthis,this,False,emptiness,0.007960287606692873,0.007960287606692873,0.10588504374027252,0.7483553886413574,0.35,0,1,600,FP32-token-IDs
RoBERTa,141cj66,539,19,42,Ġthis,this,False,hopelessness,0.002722080796957016,0.002722080796957016,0.23048549890518188,0.3428015112876892,0.35,1,0,600,FP32-token-IDs
RoBERTa,141cj66,539,19,42,Ġthis,this,False,loneliness,0.001465548513806425,0.001465548513806425,0.394043892621994,0.5468522310256958,0.35,0,1,600,FP32-token-IDs
RoBERTa,141cj66,539,19,42,Ġthis,this,False,sadness,-0.005610562046058476,0.005610562046058476,0.22076761722564697,0.08327151834964752,0.35,0,0,600,FP32-token-IDs
RoBERTa,141cj66,539,19,42,Ġthis,this,False,suicide intent,-0.0009686860357760452,0.0009686860357760452,0.058215148746967316,0.025850897654891014,0.35,0,0,600,FP32-token-IDs
RoBERTa,141cj66,539,19,42,Ġthis,this,False,worthlessness,0.008414796116994694,0.008414796116994694,0.22474482655525208,0.2674315571784973,0.35,1,0,600,FP32-token-IDs
RoBERTa,141cj66,539,20,16,Ġis,is,False,anger,0.0010256445166305639,0.0010256445166305639,0.21465615928173065,0.010582405142486095,0.35,0,0,600,FP32-token-IDs
RoBERTa,141cj66,539,20,16,Ġis,is,False,brain dysfunction (forget),-0.0014134733355604112,0.0014134733355604112,0.17485284805297852,0.34033212065696716,0.35,0,0,600,FP32-token-IDs
RoBERTa,141cj66,539,20,16,Ġis,is,False,emptiness,0.007960287606692873,0.007960287606692873,0.10588504374027252,0.7483553886413574,0.35,0,1,600,FP32-token-IDs
RoBERTa,141cj66,539,20,16,Ġis,is,False,hopelessness,0.002722080796957016,0.002722080796957016,0.23048549890518188,0.3428015112876892,0.35,1,0,600,FP32-token-IDs
RoBERTa,141cj66,539,20,16,Ġis,is,False,loneliness,0.001465548513806425,0.001465548513806425,0.394043892621994,0.5468522310256958,0.35,0,1,600,FP32-token-IDs
RoBERTa,141cj66,539,20,16,Ġis,is,False,sadness,-0.005610562046058476,0.005610562046058476,0.22076761722564697,0.08327151834964752,0.35,0,0,600,FP32-token-IDs
RoBERTa,141cj66,539,20,16,Ġis,is,False,suicide intent,-0.0009686860357760452,0.0009686860357760452,0.058215148746967316,0.025850897654891014,0.35,0,0,600,FP32-token-IDs
RoBERTa,141cj66,539,20,16,Ġis,is,False,worthlessness,0.008414796116994694,0.008414796116994694,0.22474482655525208,0.2674315571784973,0.35,1,0,600,FP32-token-IDs
RoBERTa,141cj66,539,21,45,Ġnot,not,False,anger,0.005650320039421786,0.005650320039421786,0.21465615928173065,0.010582405142486095,0.35,0,0,600,FP32-token-IDs
RoBERTa,141cj66,539,21,45,Ġnot,not,False,brain dysfunction (forget),-0.0006859670975245535,0.0006859670975245535,0.17485284805297852,0.34033212065696716,0.35,0,0,600,FP32-token-IDs
RoBERTa,141cj66,539,21,45,Ġnot,not,False,emptiness,0.00812554695585277,0.00812554695585277,0.10588504374027252,0.7483553886413574,0.35,0,1,600,FP32-token-IDs
RoBERTa,141cj66,539,21,45,Ġnot,not,False,hopelessness,0.005828415974974632,0.005828415974974632,0.23048549890518188,0.3428015112876892,0.35,1,0,600,FP32-token-IDs
RoBERTa,141cj66,539,21,45,Ġnot,not,False,loneliness,-0.0030563511099899188,0.0030563511099899188,0.394043892621994,0.5468522310256958,0.35,0,1,600,FP32-token-IDs
RoBERTa,141cj66,539,21,45,Ġnot,not,False,sadness,-0.0028272956842556596,0.0028272956842556596,0.22076761722564697,0.08327151834964752,0.35,0,0,600,FP32-token-IDs
RoBERTa,141cj66,539,21,45,Ġnot,not,False,suicide intent,-0.0009569297471898608,0.0009569297471898608,0.058215148746967316,0.025850897654891014,0.35,0,0,600,FP32-token-IDs
RoBERTa,141cj66,539,21,45,Ġnot,not,False,worthlessness,0.013495571940438822,0.013495571940438822,0.22474482655525208,0.2674315571784973,0.35,1,0,600,FP32-token-IDs
RoBERTa,141cj66,539,22,5,Ġthe,the,False,anger,0.005650320039421786,0.005650320039421786,0.21465615928173065,0.010582405142486095,0.35,0,0,600,FP32-token-IDs
RoBERTa,141cj66,539,22,5,Ġthe,the,False,brain dysfunction (forget),-0.0006859670975245535,0.0006859670975245535,0.17485284805297852,0.34033212065696716,0.35,0,0,600,FP32-token-IDs
RoBERTa,141cj66,539,22,5,Ġthe,the,False,emptiness,0.00812554695585277,0.00812554695585277,0.10588504374027252,0.7483553886413574,0.35,0,1,600,FP32-token-IDs
RoBERTa,141cj66,539,22,5,Ġthe,the,False,hopelessness,0.005828415974974632,0.005828415974974632,0.23048549890518188,0.3428015112876892,0.35,1,0,600,FP32-token-IDs
RoBERTa,141cj66,539,22,5,Ġthe,the,False,loneliness,-0.0030563511099899188,0.0030563511099899188,0.394043892621994,0.5468522310256958,0.35,0,1,600,FP32-token-IDs
RoBERTa,141cj66,539,22,5,Ġthe,the,False,sadness,-0.0028272956842556596,0.0028272956842556596,0.22076761722564697,0.08327151834964752,0.35,0,0,600,FP32-token-IDs
RoBERTa,141cj66,539,22,5,Ġthe,the,False,suicide intent,-0.0009569297471898608,0.0009569297471898608,0.058215148746967316,0.025850897654891014,0.35,0,0,600,FP32-token-IDs
RoBERTa,141cj66,539,22,5,Ġthe,the,False,worthlessness,0.013495571940438822,0.013495571940438822,0.22474482655525208,0.2674315571784973,0.35,1,0,600,FP32-token-IDs
RoBERTa,141cj66,539,23,78,Ġfirst,first,False,anger,-0.0071865165386539465,0.0071865165386539465,0.21465615928173065,0.010582405142486095,0.35,0,0,600,FP32-token-IDs
RoBERTa,141cj66,539,23,78,Ġfirst,first,False,brain dysfunction (forget),-0.0013375027020546522,0.0013375027020546522,0.17485284805297852,0.34033212065696716,0.35,0,0,600,FP32-token-IDs
RoBERTa,141cj66,539,23,78,Ġfirst,first,False,emptiness,-0.0018403519299516283,0.0018403519299516283,0.10588504374027252,0.7483553886413574,0.35,0,1,600,FP32-token-IDs
RoBERTa,141cj66,539,23,78,Ġfirst,first,False,hopelessness,-0.01997499563731253,0.01997499563731253,0.23048549890518188,0.3428015112876892,0.35,1,0,600,FP32-token-IDs
RoBERTa,141cj66,539,23,78,Ġfirst,first,False,loneliness,0.005206798520785841,0.005206798520785841,0.394043892621994,0.5468522310256958,0.35,0,1,600,FP32-token-IDs
RoBERTa,141cj66,539,23,78,Ġfirst,first,False,sadness,-0.0034807209105400198,0.0034807209105400198,0.22076761722564697,0.08327151834964752,0.35,0,0,600,FP32-token-IDs
RoBERTa,141cj66,539,23,78,Ġfirst,first,False,suicide intent,-0.0006901387866739904,0.0006901387866739904,0.058215148746967316,0.025850897654891014,0.35,0,0,600,FP32-token-IDs
RoBERTa,141cj66,539,23,78,Ġfirst,first,False,worthlessness,-0.0202434881251644,0.0202434881251644,0.22474482655525208,0.2674315571784973,0.35,1,0,600,FP32-token-IDs
RoBERTa,141cj66,539,24,86,Ġtime,time,False,anger,-0.007122316049803472,0.007122316049803472,0.21465615928173065,0.010582405142486095,0.35,0,0,600,FP32-token-IDs
RoBERTa,141cj66,539,24,86,Ġtime,time,False,brain dysfunction (forget),-0.0012282958169552412,0.0012282958169552412,0.17485284805297852,0.34033212065696716,0.35,0,0,600,FP32-token-IDs
RoBERTa,141cj66,539,24,86,Ġtime,time,False,emptiness,-0.0014202284748369657,0.0014202284748369657,0.10588504374027252,0.7483553886413574,0.35,0,1,600,FP32-token-IDs
RoBERTa,141cj66,539,24,86,Ġtime,time,False,hopelessness,-0.0183470465708524,0.0183470465708524,0.23048549890518188,0.3428015112876892,0.35,1,0,600,FP32-token-IDs
RoBERTa,141cj66,539,24,86,Ġtime,time,False,loneliness,0.005650944859636101,0.005650944859636101,0.394043892621994,0.5468522310256958,0.35,0,1,600,FP32-token-IDs
RoBERTa,141cj66,539,24,86,Ġtime,time,False,sadness,-0.002179226949175989,0.002179226949175989,0.22076761722564697,0.08327151834964752,0.35,0,0,600,FP32-token-IDs
RoBERTa,141cj66,539,24,86,Ġtime,time,False,suicide intent,-0.000712609635890906,0.000712609635890906,0.058215148746967316,0.025850897654891014,0.35,0,0,600,FP32-token-IDs
RoBERTa,141cj66,539,24,86,Ġtime,time,False,worthlessness,-0.01953586294654418,0.01953586294654418,0.22474482655525208,0.2674315571784973,0.35,1,0,600,FP32-token-IDs
RoBERTa,141cj66,539,25,38,ĠI,i,False,anger,-0.004877556756996042,0.004877556756996042,0.21465615928173065,0.010582405142486095,0.35,0,0,600,FP32-token-IDs
RoBERTa,141cj66,539,25,38,ĠI,i,False,brain dysfunction (forget),-0.0003550002266737548,0.0003550002266737548,0.17485284805297852,0.34033212065696716,0.35,0,0,600,FP32-token-IDs
RoBERTa,141cj66,539,25,38,ĠI,i,False,emptiness,0.001787570863433013,0.001787570863433013,0.10588504374027252,0.7483553886413574,0.35,0,1,600,FP32-token-IDs
RoBERTa,141cj66,539,25,38,ĠI,i,False,hopelessness,-0.006397934164851904,0.006397934164851904,0.23048549890518188,0.3428015112876892,0.35,1,0,600,FP32-token-IDs
RoBERTa,141cj66,539,25,38,ĠI,i,False,loneliness,0.0029676319946619597,0.0029676319946619597,0.394043892621994,0.5468522310256958,0.35,0,1,600,FP32-token-IDs
RoBERTa,141cj66,539,25,38,ĠI,i,False,sadness,0.00018012209858914684,0.00018012209858914684,0.22076761722564697,0.08327151834964752,0.35,0,0,600,FP32-token-IDs
RoBERTa,141cj66,539,25,38,ĠI,i,False,suicide intent,-0.0006456132730156903,0.0006456132730156903,0.058215148746967316,0.025850897654891014,0.35,0,0,600,FP32-token-IDs
RoBERTa,141cj66,539,25,38,ĠI,i,False,worthlessness,-0.006309674692932855,0.006309674692932855,0.22474482655525208,0.2674315571784973,0.35,1,0,600,FP32-token-IDs
RoBERTa,141cj66,539,26,356,Ġlook,look,False,anger,-0.004877556756996042,0.004877556756996042,0.21465615928173065,0.010582405142486095,0.35,0,0,600,FP32-token-IDs
RoBERTa,141cj66,539,26,356,Ġlook,look,False,brain dysfunction (forget),-0.0003550002266737548,0.0003550002266737548,0.17485284805297852,0.34033212065696716,0.35,0,0,600,FP32-token-IDs
RoBERTa,141cj66,539,26,356,Ġlook,look,False,emptiness,0.001787570863433013,0.001787570863433013,0.10588504374027252,0.7483553886413574,0.35,0,1,600,FP32-token-IDs
RoBERTa,141cj66,539,26,356,Ġlook,look,False,hopelessness,-0.006397934164851904,0.006397934164851904,0.23048549890518188,0.3428015112876892,0.35,1,0,600,FP32-token-IDs
RoBERTa,141cj66,539,26,356,Ġlook,look,False,loneliness,0.0029676319946619597,0.0029676319946619597,0.394043892621994,0.5468522310256958,0.35,0,1,600,FP32-token-IDs
RoBERTa,141cj66,539,26,356,Ġlook,look,False,sadness,0.00018012209858914684,0.00018012209858914684,0.22076761722564697,0.08327151834964752,0.35,0,0,600,FP32-token-IDs
RoBERTa,141cj66,539,26,356,Ġlook,look,False,suicide intent,-0.0006456132730156903,0.0006456132730156903,0.058215148746967316,0.025850897654891014,0.35,0,0,600,FP32-token-IDs
RoBERTa,141cj66,539,26,356,Ġlook,look,False,worthlessness,-0.006309674692932855,0.006309674692932855,0.22474482655525208,0.2674315571784973,0.35,1,0,600,FP32-token-IDs
RoBERTa,141cj66,539,27,2185,Ġmyself,myself,False,anger,-0.0023717575630899925,0.0023717575630899925,0.21465615928173065,0.010582405142486095,0.35,0,0,600,FP32-token-IDs
RoBERTa,141cj66,539,27,2185,Ġmyself,myself,False,brain dysfunction (forget),0.003317557502456324,0.003317557502456324,0.17485284805297852,0.34033212065696716,0.35,0,0,600,FP32-token-IDs
RoBERTa,141cj66,539,27,2185,Ġmyself,myself,False,emptiness,0.003939271581362231,0.003939271581362231,0.10588504374027252,0.7483553886413574,0.35,0,1,600,FP32-token-IDs
RoBERTa,141cj66,539,27,2185,Ġmyself,myself,False,hopelessness,0.0011937422844182169,0.0011937422844182169,0.23048549890518188,0.3428015112876892,0.35,1,0,600,FP32-token-IDs
RoBERTa,141cj66,539,27,2185,Ġmyself,myself,False,loneliness,0.0007621858317356606,0.0007621858317356606,0.394043892621994,0.5468522310256958,0.35,0,1,600,FP32-token-IDs
RoBERTa,141cj66,539,27,2185,Ġmyself,myself,False,sadness,-0.002337952887536595,0.002337952887536595,0.22076761722564697,0.08327151834964752,0.35,0,0,600,FP32-token-IDs
RoBERTa,141cj66,539,27,2185,Ġmyself,myself,False,suicide intent,-0.0002720497815570017,0.0002720497815570017,0.058215148746967316,0.025850897654891014,0.35,0,0,600,FP32-token-IDs
RoBERTa,141cj66,539,27,2185,Ġmyself,myself,False,worthlessness,-0.0004772409424790508,0.0004772409424790508,0.22474482655525208,0.2674315571784973,0.35,1,0,600,FP32-token-IDs
RoBERTa,141cj66,539,28,11,Ġin,in,False,anger,-0.0023717575630899925,0.0023717575630899925,0.21465615928173065,0.010582405142486095,0.35,0,0,600,FP32-token-IDs
RoBERTa,141cj66,539,28,11,Ġin,in,False,brain dysfunction (forget),0.003317557502456324,0.003317557502456324,0.17485284805297852,0.34033212065696716,0.35,0,0,600,FP32-token-IDs
RoBERTa,141cj66,539,28,11,Ġin,in,False,emptiness,0.003939271581362231,0.003939271581362231,0.10588504374027252,0.7483553886413574,0.35,0,1,600,FP32-token-IDs
RoBERTa,141cj66,539,28,11,Ġin,in,False,hopelessness,0.0011937422844182169,0.0011937422844182169,0.23048549890518188,0.3428015112876892,0.35,1,0,600,FP32-token-IDs
RoBERTa,141cj66,539,28,11,Ġin,in,False,loneliness,0.0007621858317356606,0.0007621858317356606,0.394043892621994,0.5468522310256958,0.35,0,1,600,FP32-token-IDs
RoBERTa,141cj66,539,28,11,Ġin,in,False,sadness,-0.002337952887536595,0.002337952887536595,0.22076761722564697,0.08327151834964752,0.35,0,0,600,FP32-token-IDs
RoBERTa,141cj66,539,28,11,Ġin,in,False,suicide intent,-0.0002720497815570017,0.0002720497815570017,0.058215148746967316,0.025850897654891014,0.35,0,0,600,FP32-token-IDs
RoBERTa,141cj66,539,28,11,Ġin,in,False,worthlessness,-0.0004772409424790508,0.0004772409424790508,0.22474482655525208,0.2674315571784973,0.35,1,0,600,FP32-token-IDs
RoBERTa,141cj66,539,29,760,Ġfront,front,False,anger,-0.0023717575630899925,0.0023717575630899925,0.21465615928173065,0.010582405142486095,0.35,0,0,600,FP32-token-IDs
RoBERTa,141cj66,539,29,760,Ġfront,front,False,brain dysfunction (forget),0.003317557502456324,0.003317557502456324,0.17485284805297852,0.34033212065696716,0.35,0,0,600,FP32-token-IDs
RoBERTa,141cj66,539,29,760,Ġfront,front,False,emptiness,0.003939271581362231,0.003939271581362231,0.10588504374027252,0.7483553886413574,0.35,0,1,600,FP32-token-IDs
RoBERTa,141cj66,539,29,760,Ġfront,front,False,hopelessness,0.0011937422844182169,0.0011937422844182169,0.23048549890518188,0.3428015112876892,0.35,1,0,600,FP32-token-IDs
RoBERTa,141cj66,539,29,760,Ġfront,front,False,loneliness,0.0007621858317356606,0.0007621858317356606,0.394043892621994,0.5468522310256958,0.35,0,1,600,FP32-token-IDs
RoBERTa,141cj66,539,29,760,Ġfront,front,False,sadness,-0.002337952887536595,0.002337952887536595,0.22076761722564697,0.08327151834964752,0.35,0,0,600,FP32-token-IDs
RoBERTa,141cj66,539,29,760,Ġfront,front,False,suicide intent,-0.0002720497815570017,0.0002720497815570017,0.058215148746967316,0.025850897654891014,0.35,0,0,600,FP32-token-IDs
RoBERTa,141cj66,539,29,760,Ġfront,front,False,worthlessness,-0.0004772409424790508,0.0004772409424790508,0.22474482655525208,0.2674315571784973,0.35,1,0,600,FP32-token-IDs
RoBERTa,141cj66,539,30,9,Ġof,of,False,anger,-0.0023717575630899925,0.0023717575630899925,0.21465615928173065,0.010582405142486095,0.35,0,0,600,FP32-token-IDs
RoBERTa,141cj66,539,30,9,Ġof,of,False,brain dysfunction (forget),0.003317557502456324,0.003317557502456324,0.17485284805297852,0.34033212065696716,0.35,0,0,600,FP32-token-IDs
RoBERTa,141cj66,539,30,9,Ġof,of,False,emptiness,0.003939271581362231,0.003939271581362231,0.10588504374027252,0.7483553886413574,0.35,0,1,600,FP32-token-IDs
RoBERTa,141cj66,539,30,9,Ġof,of,False,hopelessness,0.0011937422844182169,0.0011937422844182169,0.23048549890518188,0.3428015112876892,0.35,1,0,600,FP32-token-IDs
RoBERTa,141cj66,539,30,9,Ġof,of,False,loneliness,0.0007621858317356606,0.0007621858317356606,0.394043892621994,0.5468522310256958,0.35,0,1,600,FP32-token-IDs
RoBERTa,141cj66,539,30,9,Ġof,of,False,sadness,-0.002337952887536595,0.002337952887536595,0.22076761722564697,0.08327151834964752,0.35,0,0,600,FP32-token-IDs
RoBERTa,141cj66,539,30,9,Ġof,of,False,suicide intent,-0.0002720497815570017,0.0002720497815570017,0.058215148746967316,0.025850897654891014,0.35,0,0,600,FP32-token-IDs
RoBERTa,141cj66,539,30,9,Ġof,of,False,worthlessness,-0.0004772409424790508,0.0004772409424790508,0.22474482655525208,0.2674315571784973,0.35,1,0,600,FP32-token-IDs
RoBERTa,141cj66,539,31,10,Ġa,a,False,anger,-0.005175563414210456,0.005175563414210456,0.21465615928173065,0.010582405142486095,0.35,0,0,600,FP32-token-IDs
RoBERTa,141cj66,539,31,10,Ġa,a,False,brain dysfunction (forget),0.0041508042526701506,0.0041508042526701506,0.17485284805297852,0.34033212065696716,0.35,0,0,600,FP32-token-IDs
RoBERTa,141cj66,539,31,10,Ġa,a,False,emptiness,0.003416451350866426,0.003416451350866426,0.10588504374027252,0.7483553886413574,0.35,0,1,600,FP32-token-IDs
RoBERTa,141cj66,539,31,10,Ġa,a,False,hopelessness,0.0019958036109095525,0.0019958036109095525,0.23048549890518188,0.3428015112876892,0.35,1,0,600,FP32-token-IDs
RoBERTa,141cj66,539,31,10,Ġa,a,False,loneliness,-0.0002333576820218266,0.0002333576820218266,0.394043892621994,0.5468522310256958,0.35,0,1,600,FP32-token-IDs
RoBERTa,141cj66,539,31,10,Ġa,a,False,sadness,1.4417081087569316e-05,1.4417081087569316e-05,0.22076761722564697,0.08327151834964752,0.35,0,0,600,FP32-token-IDs
RoBERTa,141cj66,539,31,10,Ġa,a,False,suicide intent,-0.000299912097782463,0.000299912097782463,0.058215148746967316,0.025850897654891014,0.35,0,0,600,FP32-token-IDs
RoBERTa,141cj66,539,31,10,Ġa,a,False,worthlessness,-0.0014739195832345652,0.0014739195832345652,0.22474482655525208,0.2674315571784973,0.35,1,0,600,FP32-token-IDs
RoBERTa,141cj66,539,32,9807,Ġmirror,mirror,False,anger,-0.005175563414210456,0.005175563414210456,0.21465615928173065,0.010582405142486095,0.35,0,0,600,FP32-token-IDs
RoBERTa,141cj66,539,32,9807,Ġmirror,mirror,False,brain dysfunction (forget),0.0041508042526701506,0.0041508042526701506,0.17485284805297852,0.34033212065696716,0.35,0,0,600,FP32-token-IDs
RoBERTa,141cj66,539,32,9807,Ġmirror,mirror,False,emptiness,0.003416451350866426,0.003416451350866426,0.10588504374027252,0.7483553886413574,0.35,0,1,600,FP32-token-IDs
RoBERTa,141cj66,539,32,9807,Ġmirror,mirror,False,hopelessness,0.0019958036109095525,0.0019958036109095525,0.23048549890518188,0.3428015112876892,0.35,1,0,600,FP32-token-IDs
RoBERTa,141cj66,539,32,9807,Ġmirror,mirror,False,loneliness,-0.0002333576820218266,0.0002333576820218266,0.394043892621994,0.5468522310256958,0.35,0,1,600,FP32-token-IDs
RoBERTa,141cj66,539,32,9807,Ġmirror,mirror,False,sadness,1.4417081087569316e-05,1.4417081087569316e-05,0.22076761722564697,0.08327151834964752,0.35,0,0,600,FP32-token-IDs
RoBERTa,141cj66,539,32,9807,Ġmirror,mirror,False,suicide intent,-0.000299912097782463,0.000299912097782463,0.058215148746967316,0.025850897654891014,0.35,0,0,600,FP32-token-IDs
RoBERTa,141cj66,539,32,9807,Ġmirror,mirror,False,worthlessness,-0.0014739195832345652,0.0014739195832345652,0.22474482655525208,0.2674315571784973,0.35,1,0,600,FP32-token-IDs
RoBERTa,141cj66,539,33,53,Ġbut,but,False,anger,-0.005175563414210456,0.005175563414210456,0.21465615928173065,0.010582405142486095,0.35,0,0,600,FP32-token-IDs
RoBERTa,141cj66,539,33,53,Ġbut,but,False,brain dysfunction (forget),0.0041508042526701506,0.0041508042526701506,0.17485284805297852,0.34033212065696716,0.35,0,0,600,FP32-token-IDs
RoBERTa,141cj66,539,33,53,Ġbut,but,False,emptiness,0.003416451350866426,0.003416451350866426,0.10588504374027252,0.7483553886413574,0.35,0,1,600,FP32-token-IDs
RoBERTa,141cj66,539,33,53,Ġbut,but,False,hopelessness,0.0019958036109095525,0.0019958036109095525,0.23048549890518188,0.3428015112876892,0.35,1,0,600,FP32-token-IDs
RoBERTa,141cj66,539,33,53,Ġbut,but,False,loneliness,-0.0002333576820218266,0.0002333576820218266,0.394043892621994,0.5468522310256958,0.35,0,1,600,FP32-token-IDs
RoBERTa,141cj66,539,33,53,Ġbut,but,False,sadness,1.4417081087569316e-05,1.4417081087569316e-05,0.22076761722564697,0.08327151834964752,0.35,0,0,600,FP32-token-IDs
RoBERTa,141cj66,539,33,53,Ġbut,but,False,suicide intent,-0.000299912097782463,0.000299912097782463,0.058215148746967316,0.025850897654891014,0.35,0,0,600,FP32-token-IDs
RoBERTa,141cj66,539,33,53,Ġbut,but,False,worthlessness,-0.0014739195832345652,0.0014739195832345652,0.22474482655525208,0.2674315571784973,0.35,1,0,600,FP32-token-IDs
RoBERTa,141cj66,539,34,11,Ġin,in,False,anger,-0.003237669107167878,0.003237669107167878,0.21465615928173065,0.010582405142486095,0.35,0,0,600,FP32-token-IDs
RoBERTa,141cj66,539,34,11,Ġin,in,False,brain dysfunction (forget),-0.002957255501920978,0.002957255501920978,0.17485284805297852,0.34033212065696716,0.35,0,0,600,FP32-token-IDs
RoBERTa,141cj66,539,34,11,Ġin,in,False,emptiness,-0.00038718895909066,0.00038718895909066,0.10588504374027252,0.7483553886413574,0.35,0,1,600,FP32-token-IDs
RoBERTa,141cj66,539,34,11,Ġin,in,False,hopelessness,0.0017123546244369615,0.0017123546244369615,0.23048549890518188,0.3428015112876892,0.35,1,0,600,FP32-token-IDs
RoBERTa,141cj66,539,34,11,Ġin,in,False,loneliness,-0.002210067326409949,0.002210067326409949,0.394043892621994,0.5468522310256958,0.35,0,1,600,FP32-token-IDs
RoBERTa,141cj66,539,34,11,Ġin,in,False,sadness,0.0002346418073607816,0.0002346418073607816,0.22076761722564697,0.08327151834964752,0.35,0,0,600,FP32-token-IDs
RoBERTa,141cj66,539,34,11,Ġin,in,False,suicide intent,0.00029884967403227673,0.00029884967403227673,0.058215148746967316,0.025850897654891014,0.35,0,0,600,FP32-token-IDs
RoBERTa,141cj66,539,34,11,Ġin,in,False,worthlessness,-0.0015711656564639674,0.0015711656564639674,0.22474482655525208,0.2674315571784973,0.35,1,0,600,FP32-token-IDs
RoBERTa,141cj66,539,35,209,Ġthese,these,False,anger,-0.003237669107167878,0.003237669107167878,0.21465615928173065,0.010582405142486095,0.35,0,0,600,FP32-token-IDs
RoBERTa,141cj66,539,35,209,Ġthese,these,False,brain dysfunction (forget),-0.002957255501920978,0.002957255501920978,0.17485284805297852,0.34033212065696716,0.35,0,0,600,FP32-token-IDs
RoBERTa,141cj66,539,35,209,Ġthese,these,False,emptiness,-0.00038718895909066,0.00038718895909066,0.10588504374027252,0.7483553886413574,0.35,0,1,600,FP32-token-IDs
RoBERTa,141cj66,539,35,209,Ġthese,these,False,hopelessness,0.0017123546244369615,0.0017123546244369615,0.23048549890518188,0.3428015112876892,0.35,1,0,600,FP32-token-IDs
RoBERTa,141cj66,539,35,209,Ġthese,these,False,loneliness,-0.002210067326409949,0.002210067326409949,0.394043892621994,0.5468522310256958,0.35,0,1,600,FP32-token-IDs
RoBERTa,141cj66,539,35,209,Ġthese,these,False,sadness,0.0002346418073607816,0.0002346418073607816,0.22076761722564697,0.08327151834964752,0.35,0,0,600,FP32-token-IDs
RoBERTa,141cj66,539,35,209,Ġthese,these,False,suicide intent,0.00029884967403227673,0.00029884967403227673,0.058215148746967316,0.025850897654891014,0.35,0,0,600,FP32-token-IDs
RoBERTa,141cj66,539,35,209,Ġthese,these,False,worthlessness,-0.0015711656564639674,0.0015711656564639674,0.22474482655525208,0.2674315571784973,0.35,1,0,600,FP32-token-IDs
RoBERTa,141cj66,539,36,360,Ġdays,days,False,anger,-0.005035060790962436,0.005035060790962436,0.21465615928173065,0.010582405142486095,0.35,0,0,600,FP32-token-IDs
RoBERTa,141cj66,539,36,360,Ġdays,days,False,brain dysfunction (forget),-0.0045780627212176715,0.0045780627212176715,0.17485284805297852,0.34033212065696716,0.35,0,0,600,FP32-token-IDs
RoBERTa,141cj66,539,36,360,Ġdays,days,False,emptiness,-0.0005893339208948115,0.0005893339208948115,0.10588504374027252,0.7483553886413574,0.35,0,1,600,FP32-token-IDs
RoBERTa,141cj66,539,36,360,Ġdays,days,False,hopelessness,0.005470646803991662,0.005470646803991662,0.23048549890518188,0.3428015112876892,0.35,1,0,600,FP32-token-IDs
RoBERTa,141cj66,539,36,360,Ġdays,days,False,loneliness,-0.002540439108593596,0.002540439108593596,0.394043892621994,0.5468522310256958,0.35,0,1,600,FP32-token-IDs
RoBERTa,141cj66,539,36,360,Ġdays,days,False,sadness,0.005354895929081572,0.005354895929081572,0.22076761722564697,0.08327151834964752,0.35,0,0,600,FP32-token-IDs
RoBERTa,141cj66,539,36,360,Ġdays,days,False,suicide intent,3.1604449355250456e-05,3.1604449355250456e-05,0.058215148746967316,0.025850897654891014,0.35,0,0,600,FP32-token-IDs
RoBERTa,141cj66,539,36,360,Ġdays,days,False,worthlessness,-0.0013516203293369876,0.0013516203293369876,0.22474482655525208,0.2674315571784973,0.35,1,0,600,FP32-token-IDs
RoBERTa,141cj66,539,37,38,ĠI,i,False,anger,-0.005035060790962436,0.005035060790962436,0.21465615928173065,0.010582405142486095,0.35,0,0,600,FP32-token-IDs
RoBERTa,141cj66,539,37,38,ĠI,i,False,brain dysfunction (forget),-0.0045780627212176715,0.0045780627212176715,0.17485284805297852,0.34033212065696716,0.35,0,0,600,FP32-token-IDs
RoBERTa,141cj66,539,37,38,ĠI,i,False,emptiness,-0.0005893339208948115,0.0005893339208948115,0.10588504374027252,0.7483553886413574,0.35,0,1,600,FP32-token-IDs
RoBERTa,141cj66,539,37,38,ĠI,i,False,hopelessness,0.005470646803991662,0.005470646803991662,0.23048549890518188,0.3428015112876892,0.35,1,0,600,FP32-token-IDs
RoBERTa,141cj66,539,37,38,ĠI,i,False,loneliness,-0.002540439108593596,0.002540439108593596,0.394043892621994,0.5468522310256958,0.35,0,1,600,FP32-token-IDs
RoBERTa,141cj66,539,37,38,ĠI,i,False,sadness,0.005354895929081572,0.005354895929081572,0.22076761722564697,0.08327151834964752,0.35,0,0,600,FP32-token-IDs
RoBERTa,141cj66,539,37,38,ĠI,i,False,suicide intent,3.1604449355250456e-05,3.1604449355250456e-05,0.058215148746967316,0.025850897654891014,0.35,0,0,600,FP32-token-IDs
RoBERTa,141cj66,539,37,38,ĠI,i,False,worthlessness,-0.0013516203293369876,0.0013516203293369876,0.22474482655525208,0.2674315571784973,0.35,1,0,600,FP32-token-IDs
RoBERTa,141cj66,539,38,109,Ġdo,do,False,anger,-0.002359342386464252,0.002359342386464252,0.21465615928173065,0.010582405142486095,0.35,0,0,600,FP32-token-IDs
RoBERTa,141cj66,539,38,109,Ġdo,do,False,brain dysfunction (forget),0.0004080913572882613,0.0004080913572882613,0.17485284805297852,0.34033212065696716,0.35,0,0,600,FP32-token-IDs
RoBERTa,141cj66,539,38,109,Ġdo,do,False,emptiness,-0.0036702690975895774,0.0036702690975895774,0.10588504374027252,0.7483553886413574,0.35,0,1,600,FP32-token-IDs
RoBERTa,141cj66,539,38,109,Ġdo,do,False,hopelessness,-0.01810414129609449,0.01810414129609449,0.23048549890518188,0.3428015112876892,0.35,1,0,600,FP32-token-IDs
RoBERTa,141cj66,539,38,109,Ġdo,do,False,loneliness,0.0018645304513888227,0.0018645304513888227,0.394043892621994,0.5468522310256958,0.35,0,1,600,FP32-token-IDs
RoBERTa,141cj66,539,38,109,Ġdo,do,False,sadness,-0.01939886224249171,0.01939886224249171,0.22076761722564697,0.08327151834964752,0.35,0,0,600,FP32-token-IDs
RoBERTa,141cj66,539,38,109,Ġdo,do,False,suicide intent,0.000904763899193818,0.000904763899193818,0.058215148746967316,0.025850897654891014,0.35,0,0,600,FP32-token-IDs
RoBERTa,141cj66,539,38,109,Ġdo,do,False,worthlessness,-0.010724317005628512,0.010724317005628512,0.22474482655525208,0.2674315571784973,0.35,1,0,600,FP32-token-IDs
RoBERTa,141cj66,539,39,24,Ġit,it,False,anger,-0.002359342386464252,0.002359342386464252,0.21465615928173065,0.010582405142486095,0.35,0,0,600,FP32-token-IDs
RoBERTa,141cj66,539,39,24,Ġit,it,False,brain dysfunction (forget),0.0004080913572882613,0.0004080913572882613,0.17485284805297852,0.34033212065696716,0.35,0,0,600,FP32-token-IDs
RoBERTa,141cj66,539,39,24,Ġit,it,False,emptiness,-0.0036702690975895774,0.0036702690975895774,0.10588504374027252,0.7483553886413574,0.35,0,1,600,FP32-token-IDs
RoBERTa,141cj66,539,39,24,Ġit,it,False,hopelessness,-0.01810414129609449,0.01810414129609449,0.23048549890518188,0.3428015112876892,0.35,1,0,600,FP32-token-IDs
RoBERTa,141cj66,539,39,24,Ġit,it,False,loneliness,0.0018645304513888227,0.0018645304513888227,0.394043892621994,0.5468522310256958,0.35,0,1,600,FP32-token-IDs
RoBERTa,141cj66,539,39,24,Ġit,it,False,sadness,-0.01939886224249171,0.01939886224249171,0.22076761722564697,0.08327151834964752,0.35,0,0,600,FP32-token-IDs
RoBERTa,141cj66,539,39,24,Ġit,it,False,suicide intent,0.000904763899193818,0.000904763899193818,0.058215148746967316,0.025850897654891014,0.35,0,0,600,FP32-token-IDs
RoBERTa,141cj66,539,39,24,Ġit,it,False,worthlessness,-0.010724317005628512,0.010724317005628512,0.22474482655525208,0.2674315571784973,0.35,1,0,600,FP32-token-IDs
RoBERTa,141cj66,539,40,55,Ġmore,more,False,anger,-0.0029910042392859598,0.0029910042392859598,0.21465615928173065,0.010582405142486095,0.35,0,0,600,FP32-token-IDs
RoBERTa,141cj66,539,40,55,Ġmore,more,False,brain dysfunction (forget),0.0005252596534167727,0.0005252596534167727,0.17485284805297852,0.34033212065696716,0.35,0,0,600,FP32-token-IDs
RoBERTa,141cj66,539,40,55,Ġmore,more,False,emptiness,-0.004164348761939133,0.004164348761939133,0.10588504374027252,0.7483553886413574,0.35,0,1,600,FP32-token-IDs
RoBERTa,141cj66,539,40,55,Ġmore,more,False,hopelessness,-0.018931985550767017,0.018931985550767017,0.23048549890518188,0.3428015112876892,0.35,1,0,600,FP32-token-IDs
RoBERTa,141cj66,539,40,55,Ġmore,more,False,loneliness,0.0029941437093334066,0.0029941437093334066,0.394043892621994,0.5468522310256958,0.35,0,1,600,FP32-token-IDs
RoBERTa,141cj66,539,40,55,Ġmore,more,False,sadness,-0.021172825924845207,0.021172825924845207,0.22076761722564697,0.08327151834964752,0.35,0,0,600,FP32-token-IDs
RoBERTa,141cj66,539,40,55,Ġmore,more,False,suicide intent,0.0006336436450106299,0.0006336436450106299,0.058215148746967316,0.025850897654891014,0.35,0,0,600,FP32-token-IDs
RoBERTa,141cj66,539,40,55,Ġmore,more,False,worthlessness,-0.012854915766769812,0.012854915766769812,0.22474482655525208,0.2674315571784973,0.35,1,0,600,FP32-token-IDs
RoBERTa,141cj66,539,41,5705,Ġfrequently,frequently,False,anger,-0.0029910042392859598,0.0029910042392859598,0.21465615928173065,0.010582405142486095,0.35,0,0,600,FP32-token-IDs
RoBERTa,141cj66,539,41,5705,Ġfrequently,frequently,False,brain dysfunction (forget),0.0005252596534167727,0.0005252596534167727,0.17485284805297852,0.34033212065696716,0.35,0,0,600,FP32-token-IDs
RoBERTa,141cj66,539,41,5705,Ġfrequently,frequently,False,emptiness,-0.004164348761939133,0.004164348761939133,0.10588504374027252,0.7483553886413574,0.35,0,1,600,FP32-token-IDs
RoBERTa,141cj66,539,41,5705,Ġfrequently,frequently,False,hopelessness,-0.018931985550767017,0.018931985550767017,0.23048549890518188,0.3428015112876892,0.35,1,0,600,FP32-token-IDs
RoBERTa,141cj66,539,41,5705,Ġfrequently,frequently,False,loneliness,0.0029941437093334066,0.0029941437093334066,0.394043892621994,0.5468522310256958,0.35,0,1,600,FP32-token-IDs
RoBERTa,141cj66,539,41,5705,Ġfrequently,frequently,False,sadness,-0.021172825924845207,0.021172825924845207,0.22076761722564697,0.08327151834964752,0.35,0,0,600,FP32-token-IDs
RoBERTa,141cj66,539,41,5705,Ġfrequently,frequently,False,suicide intent,0.0006336436450106299,0.0006336436450106299,0.058215148746967316,0.025850897654891014,0.35,0,0,600,FP32-token-IDs
RoBERTa,141cj66,539,41,5705,Ġfrequently,frequently,False,worthlessness,-0.012854915766769812,0.012854915766769812,0.22474482655525208,0.2674315571784973,0.35,1,0,600,FP32-token-IDs
RoBERTa,141cj66,539,42,4,.,.,False,anger,0.0005197277716231636,0.0005197277716231636,0.21465615928173065,0.010582405142486095,0.35,0,0,600,FP32-token-IDs
RoBERTa,141cj66,539,42,4,.,.,False,brain dysfunction (forget),0.0053442498979469144,0.0053442498979469144,0.17485284805297852,0.34033212065696716,0.35,0,0,600,FP32-token-IDs
RoBERTa,141cj66,539,42,4,.,.,False,emptiness,-0.0004145396795744696,0.0004145396795744696,0.10588504374027252,0.7483553886413574,0.35,0,1,600,FP32-token-IDs
RoBERTa,141cj66,539,42,4,.,.,False,hopelessness,0.006025136148350106,0.006025136148350106,0.23048549890518188,0.3428015112876892,0.35,1,0,600,FP32-token-IDs
RoBERTa,141cj66,539,42,4,.,.,False,loneliness,0.0031653571201281415,0.0031653571201281415,0.394043892621994,0.5468522310256958,0.35,0,1,600,FP32-token-IDs
RoBERTa,141cj66,539,42,4,.,.,False,sadness,0.007016073001755609,0.007016073001755609,0.22076761722564697,0.08327151834964752,0.35,0,0,600,FP32-token-IDs
RoBERTa,141cj66,539,42,4,.,.,False,suicide intent,2.8433281436769523e-05,2.8433281436769523e-05,0.058215148746967316,0.025850897654891014,0.35,0,0,600,FP32-token-IDs
RoBERTa,141cj66,539,42,4,.,.,False,worthlessness,0.0007292813828421963,0.0007292813828421963,0.22474482655525208,0.2674315571784973,0.35,1,0,600,FP32-token-IDs
RoBERTa,141cj66,539,43,497,ĠAt,at,False,anger,-0.00212240133583287,0.00212240133583287,0.21465615928173065,0.010582405142486095,0.35,0,0,600,FP32-token-IDs
RoBERTa,141cj66,539,43,497,ĠAt,at,False,brain dysfunction (forget),-0.004118844401091337,0.004118844401091337,0.17485284805297852,0.34033212065696716,0.35,0,0,600,FP32-token-IDs
RoBERTa,141cj66,539,43,497,ĠAt,at,False,emptiness,-0.001870744790519691,0.001870744790519691,0.10588504374027252,0.7483553886413574,0.35,0,1,600,FP32-token-IDs
RoBERTa,141cj66,539,43,497,ĠAt,at,False,hopelessness,-0.0045878045364386505,0.0045878045364386505,0.23048549890518188,0.3428015112876892,0.35,1,0,600,FP32-token-IDs
RoBERTa,141cj66,539,43,497,ĠAt,at,False,loneliness,0.005154561057376365,0.005154561057376365,0.394043892621994,0.5468522310256958,0.35,0,1,600,FP32-token-IDs
RoBERTa,141cj66,539,43,497,ĠAt,at,False,sadness,-0.006988739931128092,0.006988739931128092,0.22076761722564697,0.08327151834964752,0.35,0,0,600,FP32-token-IDs
RoBERTa,141cj66,539,43,497,ĠAt,at,False,suicide intent,-0.00042472122651007445,0.00042472122651007445,0.058215148746967316,0.025850897654891014,0.35,0,0,600,FP32-token-IDs
RoBERTa,141cj66,539,43,497,ĠAt,at,False,worthlessness,-0.008225158270862367,0.008225158270862367,0.22474482655525208,0.2674315571784973,0.35,1,0,600,FP32-token-IDs
RoBERTa,141cj66,539,44,184,Ġhome,home,False,anger,-0.00212240133583287,0.00212240133583287,0.21465615928173065,0.010582405142486095,0.35,0,0,600,FP32-token-IDs
RoBERTa,141cj66,539,44,184,Ġhome,home,False,brain dysfunction (forget),-0.004118844401091337,0.004118844401091337,0.17485284805297852,0.34033212065696716,0.35,0,0,600,FP32-token-IDs
RoBERTa,141cj66,539,44,184,Ġhome,home,False,emptiness,-0.001870744790519691,0.001870744790519691,0.10588504374027252,0.7483553886413574,0.35,0,1,600,FP32-token-IDs
RoBERTa,141cj66,539,44,184,Ġhome,home,False,hopelessness,-0.0045878045364386505,0.0045878045364386505,0.23048549890518188,0.3428015112876892,0.35,1,0,600,FP32-token-IDs
RoBERTa,141cj66,539,44,184,Ġhome,home,False,loneliness,0.005154561057376365,0.005154561057376365,0.394043892621994,0.5468522310256958,0.35,0,1,600,FP32-token-IDs
RoBERTa,141cj66,539,44,184,Ġhome,home,False,sadness,-0.006988739931128092,0.006988739931128092,0.22076761722564697,0.08327151834964752,0.35,0,0,600,FP32-token-IDs
RoBERTa,141cj66,539,44,184,Ġhome,home,False,suicide intent,-0.00042472122651007445,0.00042472122651007445,0.058215148746967316,0.025850897654891014,0.35,0,0,600,FP32-token-IDs
RoBERTa,141cj66,539,44,184,Ġhome,home,False,worthlessness,-0.008225158270862367,0.008225158270862367,0.22474482655525208,0.2674315571784973,0.35,1,0,600,FP32-token-IDs
RoBERTa,141cj66,539,45,6,",",",",False,anger,-0.00212240133583287,0.00212240133583287,0.21465615928173065,0.010582405142486095,0.35,0,0,600,FP32-token-IDs
RoBERTa,141cj66,539,45,6,",",",",False,brain dysfunction (forget),-0.004118844401091337,0.004118844401091337,0.17485284805297852,0.34033212065696716,0.35,0,0,600,FP32-token-IDs
RoBERTa,141cj66,539,45,6,",",",",False,emptiness,-0.001870744790519691,0.001870744790519691,0.10588504374027252,0.7483553886413574,0.35,0,1,600,FP32-token-IDs
RoBERTa,141cj66,539,45,6,",",",",False,hopelessness,-0.0045878045364386505,0.0045878045364386505,0.23048549890518188,0.3428015112876892,0.35,1,0,600,FP32-token-IDs
RoBERTa,141cj66,539,45,6,",",",",False,loneliness,0.005154561057376365,0.005154561057376365,0.394043892621994,0.5468522310256958,0.35,0,1,600,FP32-token-IDs
RoBERTa,141cj66,539,45,6,",",",",False,sadness,-0.006988739931128092,0.006988739931128092,0.22076761722564697,0.08327151834964752,0.35,0,0,600,FP32-token-IDs
RoBERTa,141cj66,539,45,6,",",",",False,suicide intent,-0.00042472122651007445,0.00042472122651007445,0.058215148746967316,0.025850897654891014,0.35,0,0,600,FP32-token-IDs
RoBERTa,141cj66,539,45,6,",",",",False,worthlessness,-0.008225158270862367,0.008225158270862367,0.22474482655525208,0.2674315571784973,0.35,1,0,600,FP32-token-IDs
RoBERTa,141cj66,539,46,23,Ġat,at,False,anger,-0.000269416329522048,0.000269416329522048,0.21465615928173065,0.010582405142486095,0.35,0,0,600,FP32-token-IDs
RoBERTa,141cj66,539,46,23,Ġat,at,False,brain dysfunction (forget),-0.0013290241360664368,0.0013290241360664368,0.17485284805297852,0.34033212065696716,0.35,0,0,600,FP32-token-IDs
RoBERTa,141cj66,539,46,23,Ġat,at,False,emptiness,-0.0010262433581778572,0.0010262433581778572,0.10588504374027252,0.7483553886413574,0.35,0,1,600,FP32-token-IDs
RoBERTa,141cj66,539,46,23,Ġat,at,False,hopelessness,-0.0002371445867336463,0.0002371445867336463,0.23048549890518188,0.3428015112876892,0.35,1,0,600,FP32-token-IDs
RoBERTa,141cj66,539,46,23,Ġat,at,False,loneliness,0.0037073179380968215,0.0037073179380968215,0.394043892621994,0.5468522310256958,0.35,0,1,600,FP32-token-IDs
RoBERTa,141cj66,539,46,23,Ġat,at,False,sadness,0.0004614300379115671,0.0004614300379115671,0.22076761722564697,0.08327151834964752,0.35,0,0,600,FP32-token-IDs
RoBERTa,141cj66,539,46,23,Ġat,at,False,suicide intent,-0.0001662812338003682,0.0001662812338003682,0.058215148746967316,0.025850897654891014,0.35,0,0,600,FP32-token-IDs
RoBERTa,141cj66,539,46,23,Ġat,at,False,worthlessness,-0.0056726209146695,0.0056726209146695,0.22474482655525208,0.2674315571784973,0.35,1,0,600,FP32-token-IDs
RoBERTa,141cj66,539,47,951,Ġsomeone,someone,False,anger,-0.000269416329522048,0.000269416329522048,0.21465615928173065,0.010582405142486095,0.35,0,0,600,FP32-token-IDs
RoBERTa,141cj66,539,47,951,Ġsomeone,someone,False,brain dysfunction (forget),-0.0013290241360664368,0.0013290241360664368,0.17485284805297852,0.34033212065696716,0.35,0,0,600,FP32-token-IDs
RoBERTa,141cj66,539,47,951,Ġsomeone,someone,False,emptiness,-0.0010262433581778572,0.0010262433581778572,0.10588504374027252,0.7483553886413574,0.35,0,1,600,FP32-token-IDs
RoBERTa,141cj66,539,47,951,Ġsomeone,someone,False,hopelessness,-0.0002371445867336463,0.0002371445867336463,0.23048549890518188,0.3428015112876892,0.35,1,0,600,FP32-token-IDs
RoBERTa,141cj66,539,47,951,Ġsomeone,someone,False,loneliness,0.0037073179380968215,0.0037073179380968215,0.394043892621994,0.5468522310256958,0.35,0,1,600,FP32-token-IDs
RoBERTa,141cj66,539,47,951,Ġsomeone,someone,False,sadness,0.0004614300379115671,0.0004614300379115671,0.22076761722564697,0.08327151834964752,0.35,0,0,600,FP32-token-IDs
RoBERTa,141cj66,539,47,951,Ġsomeone,someone,False,suicide intent,-0.0001662812338003682,0.0001662812338003682,0.058215148746967316,0.025850897654891014,0.35,0,0,600,FP32-token-IDs
RoBERTa,141cj66,539,47,951,Ġsomeone,someone,False,worthlessness,-0.0056726209146695,0.0056726209146695,0.22474482655525208,0.2674315571784973,0.35,1,0,600,FP32-token-IDs
RoBERTa,141cj66,539,48,1493,Ġelse,else,False,anger,-0.00026941632952204807,0.00026941632952204807,0.21465615928173065,0.010582405142486095,0.35,0,0,600,FP32-token-IDs
RoBERTa,141cj66,539,48,1493,Ġelse,else,False,brain dysfunction (forget),-0.0013290241360664368,0.0013290241360664368,0.17485284805297852,0.34033212065696716,0.35,0,0,600,FP32-token-IDs
RoBERTa,141cj66,539,48,1493,Ġelse,else,False,emptiness,-0.001026243358177857,0.001026243358177857,0.10588504374027252,0.7483553886413574,0.35,0,1,600,FP32-token-IDs
RoBERTa,141cj66,539,48,1493,Ġelse,else,False,hopelessness,-0.0002371445867336463,0.0002371445867336463,0.23048549890518188,0.3428015112876892,0.35,1,0,600,FP32-token-IDs
RoBERTa,141cj66,539,48,1493,Ġelse,else,False,loneliness,0.003707317938096821,0.003707317938096821,0.394043892621994,0.5468522310256958,0.35,0,1,600,FP32-token-IDs
RoBERTa,141cj66,539,48,1493,Ġelse,else,False,sadness,0.00046143003791156715,0.00046143003791156715,0.22076761722564697,0.08327151834964752,0.35,0,0,600,FP32-token-IDs
RoBERTa,141cj66,539,48,1493,Ġelse,else,False,suicide intent,-0.0001662812338003682,0.0001662812338003682,0.058215148746967316,0.025850897654891014,0.35,0,0,600,FP32-token-IDs
RoBERTa,141cj66,539,48,1493,Ġelse,else,False,worthlessness,-0.0056726209146695,0.0056726209146695,0.22474482655525208,0.2674315571784973,0.35,1,0,600,FP32-token-IDs
RoBERTa,141cj66,539,49,18,'s,'s,False,anger,-0.00026941632952204807,0.00026941632952204807,0.21465615928173065,0.010582405142486095,0.35,0,0,600,FP32-token-IDs
RoBERTa,141cj66,539,49,18,'s,'s,False,brain dysfunction (forget),-0.0013290241360664368,0.0013290241360664368,0.17485284805297852,0.34033212065696716,0.35,0,0,600,FP32-token-IDs
RoBERTa,141cj66,539,49,18,'s,'s,False,emptiness,-0.001026243358177857,0.001026243358177857,0.10588504374027252,0.7483553886413574,0.35,0,1,600,FP32-token-IDs
RoBERTa,141cj66,539,49,18,'s,'s,False,hopelessness,-0.0002371445867336463,0.0002371445867336463,0.23048549890518188,0.3428015112876892,0.35,1,0,600,FP32-token-IDs
RoBERTa,141cj66,539,49,18,'s,'s,False,loneliness,0.003707317938096821,0.003707317938096821,0.394043892621994,0.5468522310256958,0.35,0,1,600,FP32-token-IDs
RoBERTa,141cj66,539,49,18,'s,'s,False,sadness,0.00046143003791156715,0.00046143003791156715,0.22076761722564697,0.08327151834964752,0.35,0,0,600,FP32-token-IDs
RoBERTa,141cj66,539,49,18,'s,'s,False,suicide intent,-0.0001662812338003682,0.0001662812338003682,0.058215148746967316,0.025850897654891014,0.35,0,0,600,FP32-token-IDs
RoBERTa,141cj66,539,49,18,'s,'s,False,worthlessness,-0.0056726209146695,0.0056726209146695,0.22474482655525208,0.2674315571784973,0.35,1,0,600,FP32-token-IDs
RoBERTa,141cj66,539,50,790,Ġhouse,house,False,anger,-0.00026941632952204807,0.00026941632952204807,0.21465615928173065,0.010582405142486095,0.35,0,0,600,FP32-token-IDs
RoBERTa,141cj66,539,50,790,Ġhouse,house,False,brain dysfunction (forget),-0.0013290241360664368,0.0013290241360664368,0.17485284805297852,0.34033212065696716,0.35,0,0,600,FP32-token-IDs
RoBERTa,141cj66,539,50,790,Ġhouse,house,False,emptiness,-0.001026243358177857,0.001026243358177857,0.10588504374027252,0.7483553886413574,0.35,0,1,600,FP32-token-IDs
RoBERTa,141cj66,539,50,790,Ġhouse,house,False,hopelessness,-0.0002371445867336463,0.0002371445867336463,0.23048549890518188,0.3428015112876892,0.35,1,0,600,FP32-token-IDs
RoBERTa,141cj66,539,50,790,Ġhouse,house,False,loneliness,0.003707317938096821,0.003707317938096821,0.394043892621994,0.5468522310256958,0.35,0,1,600,FP32-token-IDs
RoBERTa,141cj66,539,50,790,Ġhouse,house,False,sadness,0.00046143003791156715,0.00046143003791156715,0.22076761722564697,0.08327151834964752,0.35,0,0,600,FP32-token-IDs
RoBERTa,141cj66,539,50,790,Ġhouse,house,False,suicide intent,-0.0001662812338003682,0.0001662812338003682,0.058215148746967316,0.025850897654891014,0.35,0,0,600,FP32-token-IDs
RoBERTa,141cj66,539,50,790,Ġhouse,house,False,worthlessness,-0.0056726209146695,0.0056726209146695,0.22474482655525208,0.2674315571784973,0.35,1,0,600,FP32-token-IDs
RoBERTa,141cj66,539,51,6,",",",",False,anger,0.00024880805883892917,0.00024880805883892917,0.21465615928173065,0.010582405142486095,0.35,0,0,600,FP32-token-IDs
RoBERTa,141cj66,539,51,6,",",",",False,brain dysfunction (forget),-0.0019078413024544716,0.0019078413024544716,0.17485284805297852,0.34033212065696716,0.35,0,0,600,FP32-token-IDs
RoBERTa,141cj66,539,51,6,",",",",False,emptiness,-0.0007921182227114008,0.0007921182227114008,0.10588504374027252,0.7483553886413574,0.35,0,1,600,FP32-token-IDs
RoBERTa,141cj66,539,51,6,",",",",False,hopelessness,-0.0009880385930753418,0.0009880385930753418,0.23048549890518188,0.3428015112876892,0.35,1,0,600,FP32-token-IDs
RoBERTa,141cj66,539,51,6,",",",",False,loneliness,0.0041699736611917615,0.0041699736611917615,0.394043892621994,0.5468522310256958,0.35,0,1,600,FP32-token-IDs
RoBERTa,141cj66,539,51,6,",",",",False,sadness,-0.0014754911600094703,0.0014754911600094703,0.22076761722564697,0.08327151834964752,0.35,0,0,600,FP32-token-IDs
RoBERTa,141cj66,539,51,6,",",",",False,suicide intent,-0.0001882980254271792,0.0001882980254271792,0.058215148746967316,0.025850897654891014,0.35,0,0,600,FP32-token-IDs
RoBERTa,141cj66,539,51,6,",",",",False,worthlessness,-0.004627224083782897,0.004627224083782897,0.22474482655525208,0.2674315571784973,0.35,1,0,600,FP32-token-IDs
RoBERTa,141cj66,539,52,11,Ġin,in,False,anger,-0.0015612373008480063,0.0015612373008480063,0.21465615928173065,0.010582405142486095,0.35,0,0,600,FP32-token-IDs
RoBERTa,141cj66,539,52,11,Ġin,in,False,brain dysfunction (forget),0.0012908656208310276,0.0012908656208310276,0.17485284805297852,0.34033212065696716,0.35,0,0,600,FP32-token-IDs
RoBERTa,141cj66,539,52,11,Ġin,in,False,emptiness,-0.00214317438803846,0.00214317438803846,0.10588504374027252,0.7483553886413574,0.35,0,1,600,FP32-token-IDs
RoBERTa,141cj66,539,52,11,Ġin,in,False,hopelessness,-0.003623776283347979,0.003623776283347979,0.23048549890518188,0.3428015112876892,0.35,1,0,600,FP32-token-IDs
RoBERTa,141cj66,539,52,11,Ġin,in,False,loneliness,-0.0045879505269113,0.0045879505269113,0.394043892621994,0.5468522310256958,0.35,0,1,600,FP32-token-IDs
RoBERTa,141cj66,539,52,11,Ġin,in,False,sadness,-0.009523786517092958,0.009523786517092958,0.22076761722564697,0.08327151834964752,0.35,0,0,600,FP32-token-IDs
RoBERTa,141cj66,539,52,11,Ġin,in,False,suicide intent,-0.00012528391380328685,0.00012528391380328685,0.058215148746967316,0.025850897654891014,0.35,0,0,600,FP32-token-IDs
RoBERTa,141cj66,539,52,11,Ġin,in,False,worthlessness,-0.004002935645985417,0.004002935645985417,0.22474482655525208,0.2674315571784973,0.35,1,0,600,FP32-token-IDs
RoBERTa,141cj66,539,53,5,Ġthe,the,False,anger,-0.0015612373008480063,0.0015612373008480063,0.21465615928173065,0.010582405142486095,0.35,0,0,600,FP32-token-IDs
RoBERTa,141cj66,539,53,5,Ġthe,the,False,brain dysfunction (forget),0.0012908656208310276,0.0012908656208310276,0.17485284805297852,0.34033212065696716,0.35,0,0,600,FP32-token-IDs
RoBERTa,141cj66,539,53,5,Ġthe,the,False,emptiness,-0.00214317438803846,0.00214317438803846,0.10588504374027252,0.7483553886413574,0.35,0,1,600,FP32-token-IDs
RoBERTa,141cj66,539,53,5,Ġthe,the,False,hopelessness,-0.003623776283347979,0.003623776283347979,0.23048549890518188,0.3428015112876892,0.35,1,0,600,FP32-token-IDs
RoBERTa,141cj66,539,53,5,Ġthe,the,False,loneliness,-0.0045879505269113,0.0045879505269113,0.394043892621994,0.5468522310256958,0.35,0,1,600,FP32-token-IDs
RoBERTa,141cj66,539,53,5,Ġthe,the,False,sadness,-0.009523786517092958,0.009523786517092958,0.22076761722564697,0.08327151834964752,0.35,0,0,600,FP32-token-IDs
RoBERTa,141cj66,539,53,5,Ġthe,the,False,suicide intent,-0.00012528391380328685,0.00012528391380328685,0.058215148746967316,0.025850897654891014,0.35,0,0,600,FP32-token-IDs
RoBERTa,141cj66,539,53,5,Ġthe,the,False,worthlessness,-0.004002935645985417,0.004002935645985417,0.22474482655525208,0.2674315571784973,0.35,1,0,600,FP32-token-IDs
RoBERTa,141cj66,539,54,558,Ġoffice,office,False,anger,-0.0015612373008480063,0.0015612373008480063,0.21465615928173065,0.010582405142486095,0.35,0,0,600,FP32-token-IDs
RoBERTa,141cj66,539,54,558,Ġoffice,office,False,brain dysfunction (forget),0.0012908656208310276,0.0012908656208310276,0.17485284805297852,0.34033212065696716,0.35,0,0,600,FP32-token-IDs
RoBERTa,141cj66,539,54,558,Ġoffice,office,False,emptiness,-0.00214317438803846,0.00214317438803846,0.10588504374027252,0.7483553886413574,0.35,0,1,600,FP32-token-IDs
RoBERTa,141cj66,539,54,558,Ġoffice,office,False,hopelessness,-0.003623776283347979,0.003623776283347979,0.23048549890518188,0.3428015112876892,0.35,1,0,600,FP32-token-IDs
RoBERTa,141cj66,539,54,558,Ġoffice,office,False,loneliness,-0.0045879505269113,0.0045879505269113,0.394043892621994,0.5468522310256958,0.35,0,1,600,FP32-token-IDs
RoBERTa,141cj66,539,54,558,Ġoffice,office,False,sadness,-0.009523786517092958,0.009523786517092958,0.22076761722564697,0.08327151834964752,0.35,0,0,600,FP32-token-IDs
RoBERTa,141cj66,539,54,558,Ġoffice,office,False,suicide intent,-0.00012528391380328685,0.00012528391380328685,0.058215148746967316,0.025850897654891014,0.35,0,0,600,FP32-token-IDs
RoBERTa,141cj66,539,54,558,Ġoffice,office,False,worthlessness,-0.004002935645985417,0.004002935645985417,0.22474482655525208,0.2674315571784973,0.35,1,0,600,FP32-token-IDs
RoBERTa,141cj66,539,55,131,;,;,False,anger,-0.0015612373008480063,0.0015612373008480063,0.21465615928173065,0.010582405142486095,0.35,0,0,600,FP32-token-IDs
RoBERTa,141cj66,539,55,131,;,;,False,brain dysfunction (forget),0.0012908656208310276,0.0012908656208310276,0.17485284805297852,0.34033212065696716,0.35,0,0,600,FP32-token-IDs
RoBERTa,141cj66,539,55,131,;,;,False,emptiness,-0.00214317438803846,0.00214317438803846,0.10588504374027252,0.7483553886413574,0.35,0,1,600,FP32-token-IDs
RoBERTa,141cj66,539,55,131,;,;,False,hopelessness,-0.003623776283347979,0.003623776283347979,0.23048549890518188,0.3428015112876892,0.35,1,0,600,FP32-token-IDs
RoBERTa,141cj66,539,55,131,;,;,False,loneliness,-0.0045879505269113,0.0045879505269113,0.394043892621994,0.5468522310256958,0.35,0,1,600,FP32-token-IDs
RoBERTa,141cj66,539,55,131,;,;,False,sadness,-0.009523786517092958,0.009523786517092958,0.22076761722564697,0.08327151834964752,0.35,0,0,600,FP32-token-IDs
RoBERTa,141cj66,539,55,131,;,;,False,suicide intent,-0.00012528391380328685,0.00012528391380328685,0.058215148746967316,0.025850897654891014,0.35,0,0,600,FP32-token-IDs
RoBERTa,141cj66,539,55,131,;,;,False,worthlessness,-0.004002935645985417,0.004002935645985417,0.22474482655525208,0.2674315571784973,0.35,1,0,600,FP32-token-IDs
RoBERTa,141cj66,539,56,38,ĠI,i,False,anger,-0.0018101255973306252,0.0018101255973306252,0.21465615928173065,0.010582405142486095,0.35,0,0,600,FP32-token-IDs
RoBERTa,141cj66,539,56,38,ĠI,i,False,brain dysfunction (forget),0.0013481283967848867,0.0013481283967848867,0.17485284805297852,0.34033212065696716,0.35,0,0,600,FP32-token-IDs
RoBERTa,141cj66,539,56,38,ĠI,i,False,emptiness,-0.0026787552415044047,0.0026787552415044047,0.10588504374027252,0.7483553886413574,0.35,0,1,600,FP32-token-IDs
RoBERTa,141cj66,539,56,38,ĠI,i,False,hopelessness,-0.003854545677313581,0.003854545677313581,0.23048549890518188,0.3428015112876892,0.35,1,0,600,FP32-token-IDs
RoBERTa,141cj66,539,56,38,ĠI,i,False,loneliness,-0.005478670493175741,0.005478670493175741,0.394043892621994,0.5468522310256958,0.35,0,1,600,FP32-token-IDs
RoBERTa,141cj66,539,56,38,ĠI,i,False,sadness,-0.011732427083188668,0.011732427083188668,0.22076761722564697,0.08327151834964752,0.35,0,0,600,FP32-token-IDs
RoBERTa,141cj66,539,56,38,ĠI,i,False,suicide intent,-0.000146176025737077,0.000146176025737077,0.058215148746967316,0.025850897654891014,0.35,0,0,600,FP32-token-IDs
RoBERTa,141cj66,539,56,38,ĠI,i,False,worthlessness,-0.003960939633543603,0.003960939633543603,0.22474482655525208,0.2674315571784973,0.35,1,0,600,FP32-token-IDs
RoBERTa,141cj66,539,57,1413,Ġstand,stand,False,anger,-0.0018101255973306252,0.0018101255973306252,0.21465615928173065,0.010582405142486095,0.35,0,0,600,FP32-token-IDs
RoBERTa,141cj66,539,57,1413,Ġstand,stand,False,brain dysfunction (forget),0.0013481283967848867,0.0013481283967848867,0.17485284805297852,0.34033212065696716,0.35,0,0,600,FP32-token-IDs
RoBERTa,141cj66,539,57,1413,Ġstand,stand,False,emptiness,-0.0026787552415044047,0.0026787552415044047,0.10588504374027252,0.7483553886413574,0.35,0,1,600,FP32-token-IDs
RoBERTa,141cj66,539,57,1413,Ġstand,stand,False,hopelessness,-0.003854545677313581,0.003854545677313581,0.23048549890518188,0.3428015112876892,0.35,1,0,600,FP32-token-IDs
RoBERTa,141cj66,539,57,1413,Ġstand,stand,False,loneliness,-0.005478670493175741,0.005478670493175741,0.394043892621994,0.5468522310256958,0.35,0,1,600,FP32-token-IDs
RoBERTa,141cj66,539,57,1413,Ġstand,stand,False,sadness,-0.011732427083188668,0.011732427083188668,0.22076761722564697,0.08327151834964752,0.35,0,0,600,FP32-token-IDs
RoBERTa,141cj66,539,57,1413,Ġstand,stand,False,suicide intent,-0.000146176025737077,0.000146176025737077,0.058215148746967316,0.025850897654891014,0.35,0,0,600,FP32-token-IDs
RoBERTa,141cj66,539,57,1413,Ġstand,stand,False,worthlessness,-0.003960939633543603,0.003960939633543603,0.22474482655525208,0.2674315571784973,0.35,1,0,600,FP32-token-IDs
RoBERTa,141cj66,539,58,202,Ġstill,still,False,anger,-0.0018101255973306252,0.0018101255973306252,0.21465615928173065,0.010582405142486095,0.35,0,0,600,FP32-token-IDs
RoBERTa,141cj66,539,58,202,Ġstill,still,False,brain dysfunction (forget),0.0013481283967848867,0.0013481283967848867,0.17485284805297852,0.34033212065696716,0.35,0,0,600,FP32-token-IDs
RoBERTa,141cj66,539,58,202,Ġstill,still,False,emptiness,-0.0026787552415044047,0.0026787552415044047,0.10588504374027252,0.7483553886413574,0.35,0,1,600,FP32-token-IDs
RoBERTa,141cj66,539,58,202,Ġstill,still,False,hopelessness,-0.003854545677313581,0.003854545677313581,0.23048549890518188,0.3428015112876892,0.35,1,0,600,FP32-token-IDs
RoBERTa,141cj66,539,58,202,Ġstill,still,False,loneliness,-0.005478670493175741,0.005478670493175741,0.394043892621994,0.5468522310256958,0.35,0,1,600,FP32-token-IDs
RoBERTa,141cj66,539,58,202,Ġstill,still,False,sadness,-0.011732427083188668,0.011732427083188668,0.22076761722564697,0.08327151834964752,0.35,0,0,600,FP32-token-IDs
RoBERTa,141cj66,539,58,202,Ġstill,still,False,suicide intent,-0.000146176025737077,0.000146176025737077,0.058215148746967316,0.025850897654891014,0.35,0,0,600,FP32-token-IDs
RoBERTa,141cj66,539,58,202,Ġstill,still,False,worthlessness,-0.003960939633543603,0.003960939633543603,0.22474482655525208,0.2674315571784973,0.35,1,0,600,FP32-token-IDs
RoBERTa,141cj66,539,59,8,Ġand,and,False,anger,-0.0018101255973306252,0.0018101255973306252,0.21465615928173065,0.010582405142486095,0.35,0,0,600,FP32-token-IDs
RoBERTa,141cj66,539,59,8,Ġand,and,False,brain dysfunction (forget),0.0013481283967848867,0.0013481283967848867,0.17485284805297852,0.34033212065696716,0.35,0,0,600,FP32-token-IDs
RoBERTa,141cj66,539,59,8,Ġand,and,False,emptiness,-0.0026787552415044047,0.0026787552415044047,0.10588504374027252,0.7483553886413574,0.35,0,1,600,FP32-token-IDs
RoBERTa,141cj66,539,59,8,Ġand,and,False,hopelessness,-0.003854545677313581,0.003854545677313581,0.23048549890518188,0.3428015112876892,0.35,1,0,600,FP32-token-IDs
RoBERTa,141cj66,539,59,8,Ġand,and,False,loneliness,-0.005478670493175741,0.005478670493175741,0.394043892621994,0.5468522310256958,0.35,0,1,600,FP32-token-IDs
RoBERTa,141cj66,539,59,8,Ġand,and,False,sadness,-0.011732427083188668,0.011732427083188668,0.22076761722564697,0.08327151834964752,0.35,0,0,600,FP32-token-IDs
RoBERTa,141cj66,539,59,8,Ġand,and,False,suicide intent,-0.000146176025737077,0.000146176025737077,0.058215148746967316,0.025850897654891014,0.35,0,0,600,FP32-token-IDs
RoBERTa,141cj66,539,59,8,Ġand,and,False,worthlessness,-0.003960939633543603,0.003960939633543603,0.22474482655525208,0.2674315571784973,0.35,1,0,600,FP32-token-IDs
RoBERTa,141cj66,539,60,356,Ġlook,look,False,anger,-0.0019285010512248846,0.0019285010512248846,0.21465615928173065,0.010582405142486095,0.35,0,0,600,FP32-token-IDs
RoBERTa,141cj66,539,60,356,Ġlook,look,False,brain dysfunction (forget),0.002524329873267561,0.002524329873267561,0.17485284805297852,0.34033212065696716,0.35,0,0,600,FP32-token-IDs
RoBERTa,141cj66,539,60,356,Ġlook,look,False,emptiness,0.0005350835708668455,0.0005350835708668455,0.10588504374027252,0.7483553886413574,0.35,0,1,600,FP32-token-IDs
RoBERTa,141cj66,539,60,356,Ġlook,look,False,hopelessness,-0.0025658845261204988,0.0025658845261204988,0.23048549890518188,0.3428015112876892,0.35,1,0,600,FP32-token-IDs
RoBERTa,141cj66,539,60,356,Ġlook,look,False,loneliness,0.0029250646693981253,0.0029250646693981253,0.394043892621994,0.5468522310256958,0.35,0,1,600,FP32-token-IDs
RoBERTa,141cj66,539,60,356,Ġlook,look,False,sadness,-0.0033852742926683277,0.0033852742926683277,0.22076761722564697,0.08327151834964752,0.35,0,0,600,FP32-token-IDs
RoBERTa,141cj66,539,60,356,Ġlook,look,False,suicide intent,-0.0005044819044996984,0.0005044819044996984,0.058215148746967316,0.025850897654891014,0.35,0,0,600,FP32-token-IDs
RoBERTa,141cj66,539,60,356,Ġlook,look,False,worthlessness,-0.005794877899461426,0.005794877899461426,0.22474482655525208,0.2674315571784973,0.35,1,0,600,FP32-token-IDs
RoBERTa,141cj66,539,61,23,Ġat,at,False,anger,-0.0019285010512248846,0.0019285010512248846,0.21465615928173065,0.010582405142486095,0.35,0,0,600,FP32-token-IDs
RoBERTa,141cj66,539,61,23,Ġat,at,False,brain dysfunction (forget),0.002524329873267561,0.002524329873267561,0.17485284805297852,0.34033212065696716,0.35,0,0,600,FP32-token-IDs
RoBERTa,141cj66,539,61,23,Ġat,at,False,emptiness,0.0005350835708668455,0.0005350835708668455,0.10588504374027252,0.7483553886413574,0.35,0,1,600,FP32-token-IDs
RoBERTa,141cj66,539,61,23,Ġat,at,False,hopelessness,-0.0025658845261204988,0.0025658845261204988,0.23048549890518188,0.3428015112876892,0.35,1,0,600,FP32-token-IDs
RoBERTa,141cj66,539,61,23,Ġat,at,False,loneliness,0.0029250646693981253,0.0029250646693981253,0.394043892621994,0.5468522310256958,0.35,0,1,600,FP32-token-IDs
RoBERTa,141cj66,539,61,23,Ġat,at,False,sadness,-0.0033852742926683277,0.0033852742926683277,0.22076761722564697,0.08327151834964752,0.35,0,0,600,FP32-token-IDs
RoBERTa,141cj66,539,61,23,Ġat,at,False,suicide intent,-0.0005044819044996984,0.0005044819044996984,0.058215148746967316,0.025850897654891014,0.35,0,0,600,FP32-token-IDs
RoBERTa,141cj66,539,61,23,Ġat,at,False,worthlessness,-0.005794877899461426,0.005794877899461426,0.22474482655525208,0.2674315571784973,0.35,1,0,600,FP32-token-IDs
RoBERTa,141cj66,539,62,127,Ġmy,my,False,anger,-0.0019285010512248846,0.0019285010512248846,0.21465615928173065,0.010582405142486095,0.35,0,0,600,FP32-token-IDs
RoBERTa,141cj66,539,62,127,Ġmy,my,False,brain dysfunction (forget),0.002524329873267561,0.002524329873267561,0.17485284805297852,0.34033212065696716,0.35,0,0,600,FP32-token-IDs
RoBERTa,141cj66,539,62,127,Ġmy,my,False,emptiness,0.0005350835708668455,0.0005350835708668455,0.10588504374027252,0.7483553886413574,0.35,0,1,600,FP32-token-IDs
RoBERTa,141cj66,539,62,127,Ġmy,my,False,hopelessness,-0.0025658845261204988,0.0025658845261204988,0.23048549890518188,0.3428015112876892,0.35,1,0,600,FP32-token-IDs
RoBERTa,141cj66,539,62,127,Ġmy,my,False,loneliness,0.0029250646693981253,0.0029250646693981253,0.394043892621994,0.5468522310256958,0.35,0,1,600,FP32-token-IDs
RoBERTa,141cj66,539,62,127,Ġmy,my,False,sadness,-0.0033852742926683277,0.0033852742926683277,0.22076761722564697,0.08327151834964752,0.35,0,0,600,FP32-token-IDs
RoBERTa,141cj66,539,62,127,Ġmy,my,False,suicide intent,-0.0005044819044996984,0.0005044819044996984,0.058215148746967316,0.025850897654891014,0.35,0,0,600,FP32-token-IDs
RoBERTa,141cj66,539,62,127,Ġmy,my,False,worthlessness,-0.005794877899461426,0.005794877899461426,0.22474482655525208,0.2674315571784973,0.35,1,0,600,FP32-token-IDs
RoBERTa,141cj66,539,63,652,Ġface,face,False,anger,-0.0019285010512248846,0.0019285010512248846,0.21465615928173065,0.010582405142486095,0.35,0,0,600,FP32-token-IDs
RoBERTa,141cj66,539,63,652,Ġface,face,False,brain dysfunction (forget),0.002524329873267561,0.002524329873267561,0.17485284805297852,0.34033212065696716,0.35,0,0,600,FP32-token-IDs
RoBERTa,141cj66,539,63,652,Ġface,face,False,emptiness,0.0005350835708668455,0.0005350835708668455,0.10588504374027252,0.7483553886413574,0.35,0,1,600,FP32-token-IDs
RoBERTa,141cj66,539,63,652,Ġface,face,False,hopelessness,-0.0025658845261204988,0.0025658845261204988,0.23048549890518188,0.3428015112876892,0.35,1,0,600,FP32-token-IDs
RoBERTa,141cj66,539,63,652,Ġface,face,False,loneliness,0.0029250646693981253,0.0029250646693981253,0.394043892621994,0.5468522310256958,0.35,0,1,600,FP32-token-IDs
RoBERTa,141cj66,539,63,652,Ġface,face,False,sadness,-0.0033852742926683277,0.0033852742926683277,0.22076761722564697,0.08327151834964752,0.35,0,0,600,FP32-token-IDs
RoBERTa,141cj66,539,63,652,Ġface,face,False,suicide intent,-0.0005044819044996984,0.0005044819044996984,0.058215148746967316,0.025850897654891014,0.35,0,0,600,FP32-token-IDs
RoBERTa,141cj66,539,63,652,Ġface,face,False,worthlessness,-0.005794877899461426,0.005794877899461426,0.22474482655525208,0.2674315571784973,0.35,1,0,600,FP32-token-IDs
RoBERTa,141cj66,539,64,13,Ġfor,for,False,anger,-0.0019285010512248846,0.0019285010512248846,0.21465615928173065,0.010582405142486095,0.35,0,0,600,FP32-token-IDs
RoBERTa,141cj66,539,64,13,Ġfor,for,False,brain dysfunction (forget),0.002524329873267561,0.002524329873267561,0.17485284805297852,0.34033212065696716,0.35,0,0,600,FP32-token-IDs
RoBERTa,141cj66,539,64,13,Ġfor,for,False,emptiness,0.0005350835708668455,0.0005350835708668455,0.10588504374027252,0.7483553886413574,0.35,0,1,600,FP32-token-IDs
RoBERTa,141cj66,539,64,13,Ġfor,for,False,hopelessness,-0.0025658845261204988,0.0025658845261204988,0.23048549890518188,0.3428015112876892,0.35,1,0,600,FP32-token-IDs
RoBERTa,141cj66,539,64,13,Ġfor,for,False,loneliness,0.0029250646693981253,0.0029250646693981253,0.394043892621994,0.5468522310256958,0.35,0,1,600,FP32-token-IDs
RoBERTa,141cj66,539,64,13,Ġfor,for,False,sadness,-0.0033852742926683277,0.0033852742926683277,0.22076761722564697,0.08327151834964752,0.35,0,0,600,FP32-token-IDs
RoBERTa,141cj66,539,64,13,Ġfor,for,False,suicide intent,-0.0005044819044996984,0.0005044819044996984,0.058215148746967316,0.025850897654891014,0.35,0,0,600,FP32-token-IDs
RoBERTa,141cj66,539,64,13,Ġfor,for,False,worthlessness,-0.005794877899461426,0.005794877899461426,0.22474482655525208,0.2674315571784973,0.35,1,0,600,FP32-token-IDs
RoBERTa,141cj66,539,65,251,Ġlong,long,False,anger,-0.0019285010512248846,0.0019285010512248846,0.21465615928173065,0.010582405142486095,0.35,0,0,600,FP32-token-IDs
RoBERTa,141cj66,539,65,251,Ġlong,long,False,brain dysfunction (forget),0.002524329873267561,0.002524329873267561,0.17485284805297852,0.34033212065696716,0.35,0,0,600,FP32-token-IDs
RoBERTa,141cj66,539,65,251,Ġlong,long,False,emptiness,0.0005350835708668455,0.0005350835708668455,0.10588504374027252,0.7483553886413574,0.35,0,1,600,FP32-token-IDs
RoBERTa,141cj66,539,65,251,Ġlong,long,False,hopelessness,-0.0025658845261204988,0.0025658845261204988,0.23048549890518188,0.3428015112876892,0.35,1,0,600,FP32-token-IDs
RoBERTa,141cj66,539,65,251,Ġlong,long,False,loneliness,0.0029250646693981253,0.0029250646693981253,0.394043892621994,0.5468522310256958,0.35,0,1,600,FP32-token-IDs
RoBERTa,141cj66,539,65,251,Ġlong,long,False,sadness,-0.0033852742926683277,0.0033852742926683277,0.22076761722564697,0.08327151834964752,0.35,0,0,600,FP32-token-IDs
RoBERTa,141cj66,539,65,251,Ġlong,long,False,suicide intent,-0.0005044819044996984,0.0005044819044996984,0.058215148746967316,0.025850897654891014,0.35,0,0,600,FP32-token-IDs
RoBERTa,141cj66,539,65,251,Ġlong,long,False,worthlessness,-0.005794877899461426,0.005794877899461426,0.22474482655525208,0.2674315571784973,0.35,1,0,600,FP32-token-IDs
RoBERTa,141cj66,539,66,728,Ġminutes,minutes,False,anger,-0.0019285010512248846,0.0019285010512248846,0.21465615928173065,0.010582405142486095,0.35,0,0,600,FP32-token-IDs
RoBERTa,141cj66,539,66,728,Ġminutes,minutes,False,brain dysfunction (forget),0.002524329873267561,0.002524329873267561,0.17485284805297852,0.34033212065696716,0.35,0,0,600,FP32-token-IDs
RoBERTa,141cj66,539,66,728,Ġminutes,minutes,False,emptiness,0.0005350835708668455,0.0005350835708668455,0.10588504374027252,0.7483553886413574,0.35,0,1,600,FP32-token-IDs
RoBERTa,141cj66,539,66,728,Ġminutes,minutes,False,hopelessness,-0.0025658845261204988,0.0025658845261204988,0.23048549890518188,0.3428015112876892,0.35,1,0,600,FP32-token-IDs
RoBERTa,141cj66,539,66,728,Ġminutes,minutes,False,loneliness,0.0029250646693981253,0.0029250646693981253,0.394043892621994,0.5468522310256958,0.35,0,1,600,FP32-token-IDs
RoBERTa,141cj66,539,66,728,Ġminutes,minutes,False,sadness,-0.0033852742926683277,0.0033852742926683277,0.22076761722564697,0.08327151834964752,0.35,0,0,600,FP32-token-IDs
RoBERTa,141cj66,539,66,728,Ġminutes,minutes,False,suicide intent,-0.0005044819044996984,0.0005044819044996984,0.058215148746967316,0.025850897654891014,0.35,0,0,600,FP32-token-IDs
RoBERTa,141cj66,539,66,728,Ġminutes,minutes,False,worthlessness,-0.005794877899461426,0.005794877899461426,0.22474482655525208,0.2674315571784973,0.35,1,0,600,FP32-token-IDs
RoBERTa,141cj66,539,67,4,.,.,False,anger,-0.0019285010512248846,0.0019285010512248846,0.21465615928173065,0.010582405142486095,0.35,0,0,600,FP32-token-IDs
RoBERTa,141cj66,539,67,4,.,.,False,brain dysfunction (forget),0.002524329873267561,0.002524329873267561,0.17485284805297852,0.34033212065696716,0.35,0,0,600,FP32-token-IDs
RoBERTa,141cj66,539,67,4,.,.,False,emptiness,0.0005350835708668455,0.0005350835708668455,0.10588504374027252,0.7483553886413574,0.35,0,1,600,FP32-token-IDs
RoBERTa,141cj66,539,67,4,.,.,False,hopelessness,-0.0025658845261204988,0.0025658845261204988,0.23048549890518188,0.3428015112876892,0.35,1,0,600,FP32-token-IDs
RoBERTa,141cj66,539,67,4,.,.,False,loneliness,0.0029250646693981253,0.0029250646693981253,0.394043892621994,0.5468522310256958,0.35,0,1,600,FP32-token-IDs
RoBERTa,141cj66,539,67,4,.,.,False,sadness,-0.0033852742926683277,0.0033852742926683277,0.22076761722564697,0.08327151834964752,0.35,0,0,600,FP32-token-IDs
RoBERTa,141cj66,539,67,4,.,.,False,suicide intent,-0.0005044819044996984,0.0005044819044996984,0.058215148746967316,0.025850897654891014,0.35,0,0,600,FP32-token-IDs
RoBERTa,141cj66,539,67,4,.,.,False,worthlessness,-0.005794877899461426,0.005794877899461426,0.22474482655525208,0.2674315571784973,0.35,1,0,600,FP32-token-IDs
RoBERTa,141cj66,539,68,1308,ĠMy,my,False,anger,0.00028306208150752354,0.00028306208150752354,0.21465615928173065,0.010582405142486095,0.35,0,0,600,FP32-token-IDs
RoBERTa,141cj66,539,68,1308,ĠMy,my,False,brain dysfunction (forget),-0.0010534481989452615,0.0010534481989452615,0.17485284805297852,0.34033212065696716,0.35,0,0,600,FP32-token-IDs
RoBERTa,141cj66,539,68,1308,ĠMy,my,False,emptiness,-0.00311917611543322,0.00311917611543322,0.10588504374027252,0.7483553886413574,0.35,0,1,600,FP32-token-IDs
RoBERTa,141cj66,539,68,1308,ĠMy,my,False,hopelessness,-0.01116350176744163,0.01116350176744163,0.23048549890518188,0.3428015112876892,0.35,1,0,600,FP32-token-IDs
RoBERTa,141cj66,539,68,1308,ĠMy,my,False,loneliness,-0.004566804724163376,0.004566804724163376,0.394043892621994,0.5468522310256958,0.35,0,1,600,FP32-token-IDs
RoBERTa,141cj66,539,68,1308,ĠMy,my,False,sadness,-0.006427889660699293,0.006427889660699293,0.22076761722564697,0.08327151834964752,0.35,0,0,600,FP32-token-IDs
RoBERTa,141cj66,539,68,1308,ĠMy,my,False,suicide intent,0.00040354341763304546,0.00040354341763304546,0.058215148746967316,0.025850897654891014,0.35,0,0,600,FP32-token-IDs
RoBERTa,141cj66,539,68,1308,ĠMy,my,False,worthlessness,-0.007150554738473147,0.007150554738473147,0.22474482655525208,0.2674315571784973,0.35,1,0,600,FP32-token-IDs
RoBERTa,141cj66,539,69,12456,Ġreflection,reflection,False,anger,0.00028306208150752354,0.00028306208150752354,0.21465615928173065,0.010582405142486095,0.35,0,0,600,FP32-token-IDs
RoBERTa,141cj66,539,69,12456,Ġreflection,reflection,False,brain dysfunction (forget),-0.0010534481989452615,0.0010534481989452615,0.17485284805297852,0.34033212065696716,0.35,0,0,600,FP32-token-IDs
RoBERTa,141cj66,539,69,12456,Ġreflection,reflection,False,emptiness,-0.00311917611543322,0.00311917611543322,0.10588504374027252,0.7483553886413574,0.35,0,1,600,FP32-token-IDs
RoBERTa,141cj66,539,69,12456,Ġreflection,reflection,False,hopelessness,-0.01116350176744163,0.01116350176744163,0.23048549890518188,0.3428015112876892,0.35,1,0,600,FP32-token-IDs
RoBERTa,141cj66,539,69,12456,Ġreflection,reflection,False,loneliness,-0.004566804724163376,0.004566804724163376,0.394043892621994,0.5468522310256958,0.35,0,1,600,FP32-token-IDs
RoBERTa,141cj66,539,69,12456,Ġreflection,reflection,False,sadness,-0.006427889660699293,0.006427889660699293,0.22076761722564697,0.08327151834964752,0.35,0,0,600,FP32-token-IDs
RoBERTa,141cj66,539,69,12456,Ġreflection,reflection,False,suicide intent,0.00040354341763304546,0.00040354341763304546,0.058215148746967316,0.025850897654891014,0.35,0,0,600,FP32-token-IDs
RoBERTa,141cj66,539,69,12456,Ġreflection,reflection,False,worthlessness,-0.007150554738473147,0.007150554738473147,0.22474482655525208,0.2674315571784973,0.35,1,0,600,FP32-token-IDs
RoBERTa,141cj66,539,70,1326,Ġlooks,looks,False,anger,0.00028306208150752354,0.00028306208150752354,0.21465615928173065,0.010582405142486095,0.35,0,0,600,FP32-token-IDs
RoBERTa,141cj66,539,70,1326,Ġlooks,looks,False,brain dysfunction (forget),-0.0010534481989452615,0.0010534481989452615,0.17485284805297852,0.34033212065696716,0.35,0,0,600,FP32-token-IDs
RoBERTa,141cj66,539,70,1326,Ġlooks,looks,False,emptiness,-0.00311917611543322,0.00311917611543322,0.10588504374027252,0.7483553886413574,0.35,0,1,600,FP32-token-IDs
RoBERTa,141cj66,539,70,1326,Ġlooks,looks,False,hopelessness,-0.01116350176744163,0.01116350176744163,0.23048549890518188,0.3428015112876892,0.35,1,0,600,FP32-token-IDs
RoBERTa,141cj66,539,70,1326,Ġlooks,looks,False,loneliness,-0.004566804724163376,0.004566804724163376,0.394043892621994,0.5468522310256958,0.35,0,1,600,FP32-token-IDs
RoBERTa,141cj66,539,70,1326,Ġlooks,looks,False,sadness,-0.006427889660699293,0.006427889660699293,0.22076761722564697,0.08327151834964752,0.35,0,0,600,FP32-token-IDs
RoBERTa,141cj66,539,70,1326,Ġlooks,looks,False,suicide intent,0.00040354341763304546,0.00040354341763304546,0.058215148746967316,0.025850897654891014,0.35,0,0,600,FP32-token-IDs
RoBERTa,141cj66,539,70,1326,Ġlooks,looks,False,worthlessness,-0.007150554738473147,0.007150554738473147,0.22474482655525208,0.2674315571784973,0.35,1,0,600,FP32-token-IDs
RoBERTa,141cj66,539,71,55,Ġmore,more,False,anger,0.00028306208150752354,0.00028306208150752354,0.21465615928173065,0.010582405142486095,0.35,0,0,600,FP32-token-IDs
RoBERTa,141cj66,539,71,55,Ġmore,more,False,brain dysfunction (forget),-0.0010534481989452615,0.0010534481989452615,0.17485284805297852,0.34033212065696716,0.35,0,0,600,FP32-token-IDs
RoBERTa,141cj66,539,71,55,Ġmore,more,False,emptiness,-0.00311917611543322,0.00311917611543322,0.10588504374027252,0.7483553886413574,0.35,0,1,600,FP32-token-IDs
RoBERTa,141cj66,539,71,55,Ġmore,more,False,hopelessness,-0.01116350176744163,0.01116350176744163,0.23048549890518188,0.3428015112876892,0.35,1,0,600,FP32-token-IDs
RoBERTa,141cj66,539,71,55,Ġmore,more,False,loneliness,-0.004566804724163376,0.004566804724163376,0.394043892621994,0.5468522310256958,0.35,0,1,600,FP32-token-IDs
RoBERTa,141cj66,539,71,55,Ġmore,more,False,sadness,-0.006427889660699293,0.006427889660699293,0.22076761722564697,0.08327151834964752,0.35,0,0,600,FP32-token-IDs
RoBERTa,141cj66,539,71,55,Ġmore,more,False,suicide intent,0.00040354341763304546,0.00040354341763304546,0.058215148746967316,0.025850897654891014,0.35,0,0,600,FP32-token-IDs
RoBERTa,141cj66,539,71,55,Ġmore,more,False,worthlessness,-0.007150554738473147,0.007150554738473147,0.22474482655525208,0.2674315571784973,0.35,1,0,600,FP32-token-IDs
RoBERTa,141cj66,539,72,588,Ġreal,real,False,anger,1.220774902321864e-05,1.220774902321864e-05,0.21465615928173065,0.010582405142486095,0.35,0,0,600,FP32-token-IDs
RoBERTa,141cj66,539,72,588,Ġreal,real,False,brain dysfunction (forget),-0.0025468166131759062,0.0025468166131759062,0.17485284805297852,0.34033212065696716,0.35,0,0,600,FP32-token-IDs
RoBERTa,141cj66,539,72,588,Ġreal,real,False,emptiness,-0.0034103640136891045,0.0034103640136891045,0.10588504374027252,0.7483553886413574,0.35,0,1,600,FP32-token-IDs
RoBERTa,141cj66,539,72,588,Ġreal,real,False,hopelessness,-0.012006321921944618,0.012006321921944618,0.23048549890518188,0.3428015112876892,0.35,1,0,600,FP32-token-IDs
RoBERTa,141cj66,539,72,588,Ġreal,real,False,loneliness,-0.0032865982357179746,0.0032865982357179746,0.394043892621994,0.5468522310256958,0.35,0,1,600,FP32-token-IDs
RoBERTa,141cj66,539,72,588,Ġreal,real,False,sadness,-0.008528751524863765,0.008528751524863765,0.22076761722564697,0.08327151834964752,0.35,0,0,600,FP32-token-IDs
RoBERTa,141cj66,539,72,588,Ġreal,real,False,suicide intent,-0.0002000736931222491,0.0002000736931222491,0.058215148746967316,0.025850897654891014,0.35,0,0,600,FP32-token-IDs
RoBERTa,141cj66,539,72,588,Ġreal,real,False,worthlessness,-0.007325605081859976,0.007325605081859976,0.22474482655525208,0.2674315571784973,0.35,1,0,600,FP32-token-IDs
RoBERTa,141cj66,539,73,87,Ġthan,than,False,anger,1.220774902321864e-05,1.220774902321864e-05,0.21465615928173065,0.010582405142486095,0.35,0,0,600,FP32-token-IDs
RoBERTa,141cj66,539,73,87,Ġthan,than,False,brain dysfunction (forget),-0.0025468166131759062,0.0025468166131759062,0.17485284805297852,0.34033212065696716,0.35,0,0,600,FP32-token-IDs
RoBERTa,141cj66,539,73,87,Ġthan,than,False,emptiness,-0.0034103640136891045,0.0034103640136891045,0.10588504374027252,0.7483553886413574,0.35,0,1,600,FP32-token-IDs
RoBERTa,141cj66,539,73,87,Ġthan,than,False,hopelessness,-0.012006321921944618,0.012006321921944618,0.23048549890518188,0.3428015112876892,0.35,1,0,600,FP32-token-IDs
RoBERTa,141cj66,539,73,87,Ġthan,than,False,loneliness,-0.0032865982357179746,0.0032865982357179746,0.394043892621994,0.5468522310256958,0.35,0,1,600,FP32-token-IDs
RoBERTa,141cj66,539,73,87,Ġthan,than,False,sadness,-0.008528751524863765,0.008528751524863765,0.22076761722564697,0.08327151834964752,0.35,0,0,600,FP32-token-IDs
RoBERTa,141cj66,539,73,87,Ġthan,than,False,suicide intent,-0.0002000736931222491,0.0002000736931222491,0.058215148746967316,0.025850897654891014,0.35,0,0,600,FP32-token-IDs
RoBERTa,141cj66,539,73,87,Ġthan,than,False,worthlessness,-0.007325605081859976,0.007325605081859976,0.22474482655525208,0.2674315571784973,0.35,1,0,600,FP32-token-IDs
RoBERTa,141cj66,539,74,162,Ġme,me,False,anger,1.220774902321864e-05,1.220774902321864e-05,0.21465615928173065,0.010582405142486095,0.35,0,0,600,FP32-token-IDs
RoBERTa,141cj66,539,74,162,Ġme,me,False,brain dysfunction (forget),-0.0025468166131759062,0.0025468166131759062,0.17485284805297852,0.34033212065696716,0.35,0,0,600,FP32-token-IDs
RoBERTa,141cj66,539,74,162,Ġme,me,False,emptiness,-0.0034103640136891045,0.0034103640136891045,0.10588504374027252,0.7483553886413574,0.35,0,1,600,FP32-token-IDs
RoBERTa,141cj66,539,74,162,Ġme,me,False,hopelessness,-0.012006321921944618,0.012006321921944618,0.23048549890518188,0.3428015112876892,0.35,1,0,600,FP32-token-IDs
RoBERTa,141cj66,539,74,162,Ġme,me,False,loneliness,-0.0032865982357179746,0.0032865982357179746,0.394043892621994,0.5468522310256958,0.35,0,1,600,FP32-token-IDs
RoBERTa,141cj66,539,74,162,Ġme,me,False,sadness,-0.008528751524863765,0.008528751524863765,0.22076761722564697,0.08327151834964752,0.35,0,0,600,FP32-token-IDs
RoBERTa,141cj66,539,74,162,Ġme,me,False,suicide intent,-0.0002000736931222491,0.0002000736931222491,0.058215148746967316,0.025850897654891014,0.35,0,0,600,FP32-token-IDs
RoBERTa,141cj66,539,74,162,Ġme,me,False,worthlessness,-0.007325605081859976,0.007325605081859976,0.22474482655525208,0.2674315571784973,0.35,1,0,600,FP32-token-IDs
RoBERTa,141cj66,539,75,4,.,.,False,anger,1.220774902321864e-05,1.220774902321864e-05,0.21465615928173065,0.010582405142486095,0.35,0,0,600,FP32-token-IDs
RoBERTa,141cj66,539,75,4,.,.,False,brain dysfunction (forget),-0.0025468166131759062,0.0025468166131759062,0.17485284805297852,0.34033212065696716,0.35,0,0,600,FP32-token-IDs
RoBERTa,141cj66,539,75,4,.,.,False,emptiness,-0.0034103640136891045,0.0034103640136891045,0.10588504374027252,0.7483553886413574,0.35,0,1,600,FP32-token-IDs
RoBERTa,141cj66,539,75,4,.,.,False,hopelessness,-0.012006321921944618,0.012006321921944618,0.23048549890518188,0.3428015112876892,0.35,1,0,600,FP32-token-IDs
RoBERTa,141cj66,539,75,4,.,.,False,loneliness,-0.0032865982357179746,0.0032865982357179746,0.394043892621994,0.5468522310256958,0.35,0,1,600,FP32-token-IDs
RoBERTa,141cj66,539,75,4,.,.,False,sadness,-0.008528751524863765,0.008528751524863765,0.22076761722564697,0.08327151834964752,0.35,0,0,600,FP32-token-IDs
RoBERTa,141cj66,539,75,4,.,.,False,suicide intent,-0.0002000736931222491,0.0002000736931222491,0.058215148746967316,0.025850897654891014,0.35,0,0,600,FP32-token-IDs
RoBERTa,141cj66,539,75,4,.,.,False,worthlessness,-0.007325605081859976,0.007325605081859976,0.22474482655525208,0.2674315571784973,0.35,1,0,600,FP32-token-IDs
RoBERTa,141cj66,539,76,1308,ĠMy,my,False,anger,-0.0006295390321611194,0.0006295390321611194,0.21465615928173065,0.010582405142486095,0.35,0,0,600,FP32-token-IDs
RoBERTa,141cj66,539,76,1308,ĠMy,my,False,brain dysfunction (forget),-0.00028800459404010326,0.00028800459404010326,0.17485284805297852,0.34033212065696716,0.35,0,0,600,FP32-token-IDs
RoBERTa,141cj66,539,76,1308,ĠMy,my,False,emptiness,-0.005263572900730651,0.005263572900730651,0.10588504374027252,0.7483553886413574,0.35,0,1,600,FP32-token-IDs
RoBERTa,141cj66,539,76,1308,ĠMy,my,False,hopelessness,-0.015026985667645931,0.015026985667645931,0.23048549890518188,0.3428015112876892,0.35,1,0,600,FP32-token-IDs
RoBERTa,141cj66,539,76,1308,ĠMy,my,False,loneliness,-0.004836161446291953,0.004836161446291953,0.394043892621994,0.5468522310256958,0.35,0,1,600,FP32-token-IDs
RoBERTa,141cj66,539,76,1308,ĠMy,my,False,sadness,-0.005131039855768904,0.005131039855768904,0.22076761722564697,0.08327151834964752,0.35,0,0,600,FP32-token-IDs
RoBERTa,141cj66,539,76,1308,ĠMy,my,False,suicide intent,0.0001422766363248229,0.0001422766363248229,0.058215148746967316,0.025850897654891014,0.35,0,0,600,FP32-token-IDs
RoBERTa,141cj66,539,76,1308,ĠMy,my,False,worthlessness,-0.011796790291555226,0.011796790291555226,0.22474482655525208,0.2674315571784973,0.35,1,0,600,FP32-token-IDs
RoBERTa,141cj66,539,77,12456,Ġreflection,reflection,False,anger,-0.0006295390321611194,0.0006295390321611194,0.21465615928173065,0.010582405142486095,0.35,0,0,600,FP32-token-IDs
RoBERTa,141cj66,539,77,12456,Ġreflection,reflection,False,brain dysfunction (forget),-0.00028800459404010326,0.00028800459404010326,0.17485284805297852,0.34033212065696716,0.35,0,0,600,FP32-token-IDs
RoBERTa,141cj66,539,77,12456,Ġreflection,reflection,False,emptiness,-0.005263572900730651,0.005263572900730651,0.10588504374027252,0.7483553886413574,0.35,0,1,600,FP32-token-IDs
RoBERTa,141cj66,539,77,12456,Ġreflection,reflection,False,hopelessness,-0.015026985667645931,0.015026985667645931,0.23048549890518188,0.3428015112876892,0.35,1,0,600,FP32-token-IDs
RoBERTa,141cj66,539,77,12456,Ġreflection,reflection,False,loneliness,-0.004836161446291953,0.004836161446291953,0.394043892621994,0.5468522310256958,0.35,0,1,600,FP32-token-IDs
RoBERTa,141cj66,539,77,12456,Ġreflection,reflection,False,sadness,-0.005131039855768904,0.005131039855768904,0.22076761722564697,0.08327151834964752,0.35,0,0,600,FP32-token-IDs
RoBERTa,141cj66,539,77,12456,Ġreflection,reflection,False,suicide intent,0.0001422766363248229,0.0001422766363248229,0.058215148746967316,0.025850897654891014,0.35,0,0,600,FP32-token-IDs
RoBERTa,141cj66,539,77,12456,Ġreflection,reflection,False,worthlessness,-0.011796790291555226,0.011796790291555226,0.22474482655525208,0.2674315571784973,0.35,1,0,600,FP32-token-IDs
RoBERTa,141cj66,539,78,2653,Ġfeels,feels,False,anger,-0.0006295390321611194,0.0006295390321611194,0.21465615928173065,0.010582405142486095,0.35,0,0,600,FP32-token-IDs
RoBERTa,141cj66,539,78,2653,Ġfeels,feels,False,brain dysfunction (forget),-0.00028800459404010326,0.00028800459404010326,0.17485284805297852,0.34033212065696716,0.35,0,0,600,FP32-token-IDs
RoBERTa,141cj66,539,78,2653,Ġfeels,feels,False,emptiness,-0.005263572900730651,0.005263572900730651,0.10588504374027252,0.7483553886413574,0.35,0,1,600,FP32-token-IDs
RoBERTa,141cj66,539,78,2653,Ġfeels,feels,False,hopelessness,-0.015026985667645931,0.015026985667645931,0.23048549890518188,0.3428015112876892,0.35,1,0,600,FP32-token-IDs
RoBERTa,141cj66,539,78,2653,Ġfeels,feels,False,loneliness,-0.004836161446291953,0.004836161446291953,0.394043892621994,0.5468522310256958,0.35,0,1,600,FP32-token-IDs
RoBERTa,141cj66,539,78,2653,Ġfeels,feels,False,sadness,-0.005131039855768904,0.005131039855768904,0.22076761722564697,0.08327151834964752,0.35,0,0,600,FP32-token-IDs
RoBERTa,141cj66,539,78,2653,Ġfeels,feels,False,suicide intent,0.0001422766363248229,0.0001422766363248229,0.058215148746967316,0.025850897654891014,0.35,0,0,600,FP32-token-IDs
RoBERTa,141cj66,539,78,2653,Ġfeels,feels,False,worthlessness,-0.011796790291555226,0.011796790291555226,0.22474482655525208,0.2674315571784973,0.35,1,0,600,FP32-token-IDs
RoBERTa,141cj66,539,79,55,Ġmore,more,False,anger,-0.0006295390321611194,0.0006295390321611194,0.21465615928173065,0.010582405142486095,0.35,0,0,600,FP32-token-IDs
RoBERTa,141cj66,539,79,55,Ġmore,more,False,brain dysfunction (forget),-0.00028800459404010326,0.00028800459404010326,0.17485284805297852,0.34033212065696716,0.35,0,0,600,FP32-token-IDs
RoBERTa,141cj66,539,79,55,Ġmore,more,False,emptiness,-0.005263572900730651,0.005263572900730651,0.10588504374027252,0.7483553886413574,0.35,0,1,600,FP32-token-IDs
RoBERTa,141cj66,539,79,55,Ġmore,more,False,hopelessness,-0.015026985667645931,0.015026985667645931,0.23048549890518188,0.3428015112876892,0.35,1,0,600,FP32-token-IDs
RoBERTa,141cj66,539,79,55,Ġmore,more,False,loneliness,-0.004836161446291953,0.004836161446291953,0.394043892621994,0.5468522310256958,0.35,0,1,600,FP32-token-IDs
RoBERTa,141cj66,539,79,55,Ġmore,more,False,sadness,-0.005131039855768904,0.005131039855768904,0.22076761722564697,0.08327151834964752,0.35,0,0,600,FP32-token-IDs
RoBERTa,141cj66,539,79,55,Ġmore,more,False,suicide intent,0.0001422766363248229,0.0001422766363248229,0.058215148746967316,0.025850897654891014,0.35,0,0,600,FP32-token-IDs
RoBERTa,141cj66,539,79,55,Ġmore,more,False,worthlessness,-0.011796790291555226,0.011796790291555226,0.22474482655525208,0.2674315571784973,0.35,1,0,600,FP32-token-IDs
RoBERTa,141cj66,539,80,588,Ġreal,real,False,anger,-0.0005698983277397929,0.0005698983277397929,0.21465615928173065,0.010582405142486095,0.35,0,0,600,FP32-token-IDs
RoBERTa,141cj66,539,80,588,Ġreal,real,False,brain dysfunction (forget),-0.0004592871555360034,0.0004592871555360034,0.17485284805297852,0.34033212065696716,0.35,0,0,600,FP32-token-IDs
RoBERTa,141cj66,539,80,588,Ġreal,real,False,emptiness,-0.004562928683299106,0.004562928683299106,0.10588504374027252,0.7483553886413574,0.35,0,1,600,FP32-token-IDs
RoBERTa,141cj66,539,80,588,Ġreal,real,False,hopelessness,-0.01430286280810833,0.01430286280810833,0.23048549890518188,0.3428015112876892,0.35,1,0,600,FP32-token-IDs
RoBERTa,141cj66,539,80,588,Ġreal,real,False,loneliness,-0.003041772695723921,0.003041772695723921,0.394043892621994,0.5468522310256958,0.35,0,1,600,FP32-token-IDs
RoBERTa,141cj66,539,80,588,Ġreal,real,False,sadness,-0.006961509789107367,0.006961509789107367,0.22076761722564697,0.08327151834964752,0.35,0,0,600,FP32-token-IDs
RoBERTa,141cj66,539,80,588,Ġreal,real,False,suicide intent,-0.00010439987818244845,0.00010439987818244845,0.058215148746967316,0.025850897654891014,0.35,0,0,600,FP32-token-IDs
RoBERTa,141cj66,539,80,588,Ġreal,real,False,worthlessness,-0.010540944407694042,0.010540944407694042,0.22474482655525208,0.2674315571784973,0.35,1,0,600,FP32-token-IDs
RoBERTa,141cj66,539,81,87,Ġthan,than,False,anger,-0.0005698983277397929,0.0005698983277397929,0.21465615928173065,0.010582405142486095,0.35,0,0,600,FP32-token-IDs
RoBERTa,141cj66,539,81,87,Ġthan,than,False,brain dysfunction (forget),-0.0004592871555360034,0.0004592871555360034,0.17485284805297852,0.34033212065696716,0.35,0,0,600,FP32-token-IDs
RoBERTa,141cj66,539,81,87,Ġthan,than,False,emptiness,-0.004562928683299106,0.004562928683299106,0.10588504374027252,0.7483553886413574,0.35,0,1,600,FP32-token-IDs
RoBERTa,141cj66,539,81,87,Ġthan,than,False,hopelessness,-0.01430286280810833,0.01430286280810833,0.23048549890518188,0.3428015112876892,0.35,1,0,600,FP32-token-IDs
RoBERTa,141cj66,539,81,87,Ġthan,than,False,loneliness,-0.003041772695723921,0.003041772695723921,0.394043892621994,0.5468522310256958,0.35,0,1,600,FP32-token-IDs
RoBERTa,141cj66,539,81,87,Ġthan,than,False,sadness,-0.006961509789107367,0.006961509789107367,0.22076761722564697,0.08327151834964752,0.35,0,0,600,FP32-token-IDs
RoBERTa,141cj66,539,81,87,Ġthan,than,False,suicide intent,-0.00010439987818244845,0.00010439987818244845,0.058215148746967316,0.025850897654891014,0.35,0,0,600,FP32-token-IDs
RoBERTa,141cj66,539,81,87,Ġthan,than,False,worthlessness,-0.010540944407694042,0.010540944407694042,0.22474482655525208,0.2674315571784973,0.35,1,0,600,FP32-token-IDs
RoBERTa,141cj66,539,82,162,Ġme,me,False,anger,-0.0005698983277397929,0.0005698983277397929,0.21465615928173065,0.010582405142486095,0.35,0,0,600,FP32-token-IDs
RoBERTa,141cj66,539,82,162,Ġme,me,False,brain dysfunction (forget),-0.0004592871555360034,0.0004592871555360034,0.17485284805297852,0.34033212065696716,0.35,0,0,600,FP32-token-IDs
RoBERTa,141cj66,539,82,162,Ġme,me,False,emptiness,-0.004562928683299106,0.004562928683299106,0.10588504374027252,0.7483553886413574,0.35,0,1,600,FP32-token-IDs
RoBERTa,141cj66,539,82,162,Ġme,me,False,hopelessness,-0.01430286280810833,0.01430286280810833,0.23048549890518188,0.3428015112876892,0.35,1,0,600,FP32-token-IDs
RoBERTa,141cj66,539,82,162,Ġme,me,False,loneliness,-0.003041772695723921,0.003041772695723921,0.394043892621994,0.5468522310256958,0.35,0,1,600,FP32-token-IDs
RoBERTa,141cj66,539,82,162,Ġme,me,False,sadness,-0.006961509789107367,0.006961509789107367,0.22076761722564697,0.08327151834964752,0.35,0,0,600,FP32-token-IDs
RoBERTa,141cj66,539,82,162,Ġme,me,False,suicide intent,-0.00010439987818244845,0.00010439987818244845,0.058215148746967316,0.025850897654891014,0.35,0,0,600,FP32-token-IDs
RoBERTa,141cj66,539,82,162,Ġme,me,False,worthlessness,-0.010540944407694042,0.010540944407694042,0.22474482655525208,0.2674315571784973,0.35,1,0,600,FP32-token-IDs
RoBERTa,141cj66,539,83,4,.,.,False,anger,-0.0005698983277397929,0.0005698983277397929,0.21465615928173065,0.010582405142486095,0.35,0,0,600,FP32-token-IDs
RoBERTa,141cj66,539,83,4,.,.,False,brain dysfunction (forget),-0.0004592871555360034,0.0004592871555360034,0.17485284805297852,0.34033212065696716,0.35,0,0,600,FP32-token-IDs
RoBERTa,141cj66,539,83,4,.,.,False,emptiness,-0.004562928683299106,0.004562928683299106,0.10588504374027252,0.7483553886413574,0.35,0,1,600,FP32-token-IDs
RoBERTa,141cj66,539,83,4,.,.,False,hopelessness,-0.01430286280810833,0.01430286280810833,0.23048549890518188,0.3428015112876892,0.35,1,0,600,FP32-token-IDs
RoBERTa,141cj66,539,83,4,.,.,False,loneliness,-0.003041772695723921,0.003041772695723921,0.394043892621994,0.5468522310256958,0.35,0,1,600,FP32-token-IDs
RoBERTa,141cj66,539,83,4,.,.,False,sadness,-0.006961509789107367,0.006961509789107367,0.22076761722564697,0.08327151834964752,0.35,0,0,600,FP32-token-IDs
RoBERTa,141cj66,539,83,4,.,.,False,suicide intent,-0.00010439987818244845,0.00010439987818244845,0.058215148746967316,0.025850897654891014,0.35,0,0,600,FP32-token-IDs
RoBERTa,141cj66,539,83,4,.,.,False,worthlessness,-0.010540944407694042,0.010540944407694042,0.22474482655525208,0.2674315571784973,0.35,1,0,600,FP32-token-IDs
RoBERTa,141cj66,539,84,1308,ĠMy,my,False,anger,-0.0018590689687698614,0.0018590689687698614,0.21465615928173065,0.010582405142486095,0.35,0,0,600,FP32-token-IDs
RoBERTa,141cj66,539,84,1308,ĠMy,my,False,brain dysfunction (forget),0.0026918261137325317,0.0026918261137325317,0.17485284805297852,0.34033212065696716,0.35,0,0,600,FP32-token-IDs
RoBERTa,141cj66,539,84,1308,ĠMy,my,False,emptiness,-0.004821120266569778,0.004821120266569778,0.10588504374027252,0.7483553886413574,0.35,0,1,600,FP32-token-IDs
RoBERTa,141cj66,539,84,1308,ĠMy,my,False,hopelessness,-0.007186154602095485,0.007186154602095485,0.23048549890518188,0.3428015112876892,0.35,1,0,600,FP32-token-IDs
RoBERTa,141cj66,539,84,1308,ĠMy,my,False,loneliness,-0.009034211121615954,0.009034211121615954,0.394043892621994,0.5468522310256958,0.35,0,1,600,FP32-token-IDs
RoBERTa,141cj66,539,84,1308,ĠMy,my,False,sadness,-0.0033719182829372585,0.0033719182829372585,0.22076761722564697,0.08327151834964752,0.35,0,0,600,FP32-token-IDs
RoBERTa,141cj66,539,84,1308,ĠMy,my,False,suicide intent,0.0005395924963522702,0.0005395924963522702,0.058215148746967316,0.025850897654891014,0.35,0,0,600,FP32-token-IDs
RoBERTa,141cj66,539,84,1308,ĠMy,my,False,worthlessness,-0.009107330115512013,0.009107330115512013,0.22474482655525208,0.2674315571784973,0.35,1,0,600,FP32-token-IDs
RoBERTa,141cj66,539,85,12456,Ġreflection,reflection,False,anger,-0.0018590689687698614,0.0018590689687698614,0.21465615928173065,0.010582405142486095,0.35,0,0,600,FP32-token-IDs
RoBERTa,141cj66,539,85,12456,Ġreflection,reflection,False,brain dysfunction (forget),0.0026918261137325317,0.0026918261137325317,0.17485284805297852,0.34033212065696716,0.35,0,0,600,FP32-token-IDs
RoBERTa,141cj66,539,85,12456,Ġreflection,reflection,False,emptiness,-0.004821120266569778,0.004821120266569778,0.10588504374027252,0.7483553886413574,0.35,0,1,600,FP32-token-IDs
RoBERTa,141cj66,539,85,12456,Ġreflection,reflection,False,hopelessness,-0.007186154602095485,0.007186154602095485,0.23048549890518188,0.3428015112876892,0.35,1,0,600,FP32-token-IDs
RoBERTa,141cj66,539,85,12456,Ġreflection,reflection,False,loneliness,-0.009034211121615954,0.009034211121615954,0.394043892621994,0.5468522310256958,0.35,0,1,600,FP32-token-IDs
RoBERTa,141cj66,539,85,12456,Ġreflection,reflection,False,sadness,-0.0033719182829372585,0.0033719182829372585,0.22076761722564697,0.08327151834964752,0.35,0,0,600,FP32-token-IDs
RoBERTa,141cj66,539,85,12456,Ġreflection,reflection,False,suicide intent,0.0005395924963522702,0.0005395924963522702,0.058215148746967316,0.025850897654891014,0.35,0,0,600,FP32-token-IDs
RoBERTa,141cj66,539,85,12456,Ġreflection,reflection,False,worthlessness,-0.009107330115512013,0.009107330115512013,0.22474482655525208,0.2674315571784973,0.35,1,0,600,FP32-token-IDs
RoBERTa,141cj66,539,86,16,Ġis,is,False,anger,-0.0018590689687698614,0.0018590689687698614,0.21465615928173065,0.010582405142486095,0.35,0,0,600,FP32-token-IDs
RoBERTa,141cj66,539,86,16,Ġis,is,False,brain dysfunction (forget),0.0026918261137325317,0.0026918261137325317,0.17485284805297852,0.34033212065696716,0.35,0,0,600,FP32-token-IDs
RoBERTa,141cj66,539,86,16,Ġis,is,False,emptiness,-0.004821120266569778,0.004821120266569778,0.10588504374027252,0.7483553886413574,0.35,0,1,600,FP32-token-IDs
RoBERTa,141cj66,539,86,16,Ġis,is,False,hopelessness,-0.007186154602095485,0.007186154602095485,0.23048549890518188,0.3428015112876892,0.35,1,0,600,FP32-token-IDs
RoBERTa,141cj66,539,86,16,Ġis,is,False,loneliness,-0.009034211121615954,0.009034211121615954,0.394043892621994,0.5468522310256958,0.35,0,1,600,FP32-token-IDs
RoBERTa,141cj66,539,86,16,Ġis,is,False,sadness,-0.0033719182829372585,0.0033719182829372585,0.22076761722564697,0.08327151834964752,0.35,0,0,600,FP32-token-IDs
RoBERTa,141cj66,539,86,16,Ġis,is,False,suicide intent,0.0005395924963522702,0.0005395924963522702,0.058215148746967316,0.025850897654891014,0.35,0,0,600,FP32-token-IDs
RoBERTa,141cj66,539,86,16,Ġis,is,False,worthlessness,-0.009107330115512013,0.009107330115512013,0.22474482655525208,0.2674315571784973,0.35,1,0,600,FP32-token-IDs
RoBERTa,141cj66,539,87,1153,Ġprobably,probably,False,anger,-0.0018590689687698614,0.0018590689687698614,0.21465615928173065,0.010582405142486095,0.35,0,0,600,FP32-token-IDs
RoBERTa,141cj66,539,87,1153,Ġprobably,probably,False,brain dysfunction (forget),0.0026918261137325317,0.0026918261137325317,0.17485284805297852,0.34033212065696716,0.35,0,0,600,FP32-token-IDs
RoBERTa,141cj66,539,87,1153,Ġprobably,probably,False,emptiness,-0.004821120266569778,0.004821120266569778,0.10588504374027252,0.7483553886413574,0.35,0,1,600,FP32-token-IDs
RoBERTa,141cj66,539,87,1153,Ġprobably,probably,False,hopelessness,-0.007186154602095485,0.007186154602095485,0.23048549890518188,0.3428015112876892,0.35,1,0,600,FP32-token-IDs
RoBERTa,141cj66,539,87,1153,Ġprobably,probably,False,loneliness,-0.009034211121615954,0.009034211121615954,0.394043892621994,0.5468522310256958,0.35,0,1,600,FP32-token-IDs
RoBERTa,141cj66,539,87,1153,Ġprobably,probably,False,sadness,-0.0033719182829372585,0.0033719182829372585,0.22076761722564697,0.08327151834964752,0.35,0,0,600,FP32-token-IDs
RoBERTa,141cj66,539,87,1153,Ġprobably,probably,False,suicide intent,0.0005395924963522702,0.0005395924963522702,0.058215148746967316,0.025850897654891014,0.35,0,0,600,FP32-token-IDs
RoBERTa,141cj66,539,87,1153,Ġprobably,probably,False,worthlessness,-0.009107330115512013,0.009107330115512013,0.22474482655525208,0.2674315571784973,0.35,1,0,600,FP32-token-IDs
RoBERTa,141cj66,539,88,357,Ġbetter,better,False,anger,-0.00032597899674631964,0.00032597899674631964,0.21465615928173065,0.010582405142486095,0.35,0,0,600,FP32-token-IDs
RoBERTa,141cj66,539,88,357,Ġbetter,better,False,brain dysfunction (forget),-0.003245036108031248,0.003245036108031248,0.17485284805297852,0.34033212065696716,0.35,0,0,600,FP32-token-IDs
RoBERTa,141cj66,539,88,357,Ġbetter,better,False,emptiness,-0.004392897409464543,0.004392897409464543,0.10588504374027252,0.7483553886413574,0.35,0,1,600,FP32-token-IDs
RoBERTa,141cj66,539,88,357,Ġbetter,better,False,hopelessness,-0.014500841575985154,0.014500841575985154,0.23048549890518188,0.3428015112876892,0.35,1,0,600,FP32-token-IDs
RoBERTa,141cj66,539,88,357,Ġbetter,better,False,loneliness,0.00033006854452348006,0.00033006854452348006,0.394043892621994,0.5468522310256958,0.35,0,1,600,FP32-token-IDs
RoBERTa,141cj66,539,88,357,Ġbetter,better,False,sadness,-0.008625177569532147,0.008625177569532147,0.22076761722564697,0.08327151834964752,0.35,0,0,600,FP32-token-IDs
RoBERTa,141cj66,539,88,357,Ġbetter,better,False,suicide intent,-0.0001253217487828806,0.0001253217487828806,0.058215148746967316,0.025850897654891014,0.35,0,0,600,FP32-token-IDs
RoBERTa,141cj66,539,88,357,Ġbetter,better,False,worthlessness,-0.010506646862874428,0.010506646862874428,0.22474482655525208,0.2674315571784973,0.35,1,0,600,FP32-token-IDs
RoBERTa,141cj66,539,89,87,Ġthan,than,False,anger,-0.00032597899674631964,0.00032597899674631964,0.21465615928173065,0.010582405142486095,0.35,0,0,600,FP32-token-IDs
RoBERTa,141cj66,539,89,87,Ġthan,than,False,brain dysfunction (forget),-0.003245036108031248,0.003245036108031248,0.17485284805297852,0.34033212065696716,0.35,0,0,600,FP32-token-IDs
RoBERTa,141cj66,539,89,87,Ġthan,than,False,emptiness,-0.004392897409464543,0.004392897409464543,0.10588504374027252,0.7483553886413574,0.35,0,1,600,FP32-token-IDs
RoBERTa,141cj66,539,89,87,Ġthan,than,False,hopelessness,-0.014500841575985154,0.014500841575985154,0.23048549890518188,0.3428015112876892,0.35,1,0,600,FP32-token-IDs
RoBERTa,141cj66,539,89,87,Ġthan,than,False,loneliness,0.00033006854452348006,0.00033006854452348006,0.394043892621994,0.5468522310256958,0.35,0,1,600,FP32-token-IDs
RoBERTa,141cj66,539,89,87,Ġthan,than,False,sadness,-0.008625177569532147,0.008625177569532147,0.22076761722564697,0.08327151834964752,0.35,0,0,600,FP32-token-IDs
RoBERTa,141cj66,539,89,87,Ġthan,than,False,suicide intent,-0.0001253217487828806,0.0001253217487828806,0.058215148746967316,0.025850897654891014,0.35,0,0,600,FP32-token-IDs
RoBERTa,141cj66,539,89,87,Ġthan,than,False,worthlessness,-0.010506646862874428,0.010506646862874428,0.22474482655525208,0.2674315571784973,0.35,1,0,600,FP32-token-IDs
RoBERTa,141cj66,539,90,162,Ġme,me,False,anger,-0.00032597899674631964,0.00032597899674631964,0.21465615928173065,0.010582405142486095,0.35,0,0,600,FP32-token-IDs
RoBERTa,141cj66,539,90,162,Ġme,me,False,brain dysfunction (forget),-0.003245036108031248,0.003245036108031248,0.17485284805297852,0.34033212065696716,0.35,0,0,600,FP32-token-IDs
RoBERTa,141cj66,539,90,162,Ġme,me,False,emptiness,-0.004392897409464543,0.004392897409464543,0.10588504374027252,0.7483553886413574,0.35,0,1,600,FP32-token-IDs
RoBERTa,141cj66,539,90,162,Ġme,me,False,hopelessness,-0.014500841575985154,0.014500841575985154,0.23048549890518188,0.3428015112876892,0.35,1,0,600,FP32-token-IDs
RoBERTa,141cj66,539,90,162,Ġme,me,False,loneliness,0.00033006854452348006,0.00033006854452348006,0.394043892621994,0.5468522310256958,0.35,0,1,600,FP32-token-IDs
RoBERTa,141cj66,539,90,162,Ġme,me,False,sadness,-0.008625177569532147,0.008625177569532147,0.22076761722564697,0.08327151834964752,0.35,0,0,600,FP32-token-IDs
RoBERTa,141cj66,539,90,162,Ġme,me,False,suicide intent,-0.0001253217487828806,0.0001253217487828806,0.058215148746967316,0.025850897654891014,0.35,0,0,600,FP32-token-IDs
RoBERTa,141cj66,539,90,162,Ġme,me,False,worthlessness,-0.010506646862874428,0.010506646862874428,0.22474482655525208,0.2674315571784973,0.35,1,0,600,FP32-token-IDs
RoBERTa,141cj66,539,91,4,.,.,False,anger,-0.0006921009153302293,0.0006921009153302293,0.21465615928173065,0.010582405142486095,0.35,0,0,600,FP32-token-IDs
RoBERTa,141cj66,539,91,4,.,.,False,brain dysfunction (forget),-0.0027807959413621575,0.0027807959413621575,0.17485284805297852,0.34033212065696716,0.35,0,0,600,FP32-token-IDs
RoBERTa,141cj66,539,91,4,.,.,False,emptiness,-0.003439666092162952,0.003439666092162952,0.10588504374027252,0.7483553886413574,0.35,0,1,600,FP32-token-IDs
RoBERTa,141cj66,539,91,4,.,.,False,hopelessness,-0.013398801675066352,0.013398801675066352,0.23048549890518188,0.3428015112876892,0.35,1,0,600,FP32-token-IDs
RoBERTa,141cj66,539,91,4,.,.,False,loneliness,0.002150851985788904,0.002150851985788904,0.394043892621994,0.5468522310256958,0.35,0,1,600,FP32-token-IDs
RoBERTa,141cj66,539,91,4,.,.,False,sadness,-0.006843336450401694,0.006843336450401694,0.22076761722564697,0.08327151834964752,0.35,0,0,600,FP32-token-IDs
RoBERTa,141cj66,539,91,4,.,.,False,suicide intent,-0.00015567826631013304,0.00015567826631013304,0.058215148746967316,0.025850897654891014,0.35,0,0,600,FP32-token-IDs
RoBERTa,141cj66,539,91,4,.,.,False,worthlessness,-0.010730127338320017,0.010730127338320017,0.22474482655525208,0.2674315571784973,0.35,1,0,600,FP32-token-IDs
RoBERTa,141cj66,539,92,1993,ĠMost,most,False,anger,0.011171529900342361,0.011171529900342361,0.21465615928173065,0.010582405142486095,0.35,0,0,600,FP32-token-IDs
RoBERTa,141cj66,539,92,1993,ĠMost,most,False,brain dysfunction (forget),-0.017256979304855983,0.017256979304855983,0.17485284805297852,0.34033212065696716,0.35,0,0,600,FP32-token-IDs
RoBERTa,141cj66,539,92,1993,ĠMost,most,False,emptiness,-0.008633718562716814,0.008633718562716814,0.10588504374027252,0.7483553886413574,0.35,0,1,600,FP32-token-IDs
RoBERTa,141cj66,539,92,1993,ĠMost,most,False,hopelessness,0.09137037390242576,0.09137037390242576,0.23048549890518188,0.3428015112876892,0.35,1,0,600,FP32-token-IDs
RoBERTa,141cj66,539,92,1993,ĠMost,most,False,loneliness,-0.09292580544822972,0.09292580544822972,0.394043892621994,0.5468522310256958,0.35,0,1,600,FP32-token-IDs
RoBERTa,141cj66,539,92,1993,ĠMost,most,False,sadness,0.0843544902476041,0.0843544902476041,0.22076761722564697,0.08327151834964752,0.35,0,0,600,FP32-token-IDs
RoBERTa,141cj66,539,92,1993,ĠMost,most,False,suicide intent,0.000976877147331834,0.000976877147331834,0.058215148746967316,0.025850897654891014,0.35,0,0,600,FP32-token-IDs
RoBERTa,141cj66,539,92,1993,ĠMost,most,False,worthlessness,0.062391761053770194,0.062391761053770194,0.22474482655525208,0.2674315571784973,0.35,1,0,600,FP32-token-IDs
RoBERTa,141cj66,539,93,28242,Ġhorrifying,horrifying,False,anger,0.013383007566038654,0.013383007566038654,0.21465615928173065,0.010582405142486095,0.35,0,0,600,FP32-token-IDs
RoBERTa,141cj66,539,93,28242,Ġhorrifying,horrifying,False,brain dysfunction (forget),-0.028840853423370342,0.028840853423370342,0.17485284805297852,0.34033212065696716,0.35,0,0,600,FP32-token-IDs
RoBERTa,141cj66,539,93,28242,Ġhorrifying,horrifying,False,emptiness,-0.013682397546883869,0.013682397546883869,0.10588504374027252,0.7483553886413574,0.35,0,1,600,FP32-token-IDs
RoBERTa,141cj66,539,93,28242,Ġhorrifying,horrifying,False,hopelessness,0.16722843946987076,0.16722843946987076,0.23048549890518188,0.3428015112876892,0.35,1,0,600,FP32-token-IDs
RoBERTa,141cj66,539,93,28242,Ġhorrifying,horrifying,False,loneliness,-0.140428992623837,0.140428992623837,0.394043892621994,0.5468522310256958,0.35,0,1,600,FP32-token-IDs
RoBERTa,141cj66,539,93,28242,Ġhorrifying,horrifying,False,sadness,0.15457016063952134,0.15457016063952134,0.22076761722564697,0.08327151834964752,0.35,0,0,600,FP32-token-IDs
RoBERTa,141cj66,539,93,28242,Ġhorrifying,horrifying,False,suicide intent,0.008451806445373222,0.008451806445373222,0.058215148746967316,0.025850897654891014,0.35,0,0,600,FP32-token-IDs
RoBERTa,141cj66,539,93,28242,Ġhorrifying,horrifying,False,worthlessness,0.10071328882262798,0.10071328882262798,0.22474482655525208,0.2674315571784973,0.35,1,0,600,FP32-token-IDs
RoBERTa,141cj66,539,94,233,Ġpart,part,False,anger,-0.003066251918904814,0.003066251918904814,0.21465615928173065,0.010582405142486095,0.35,0,0,600,FP32-token-IDs
RoBERTa,141cj66,539,94,233,Ġpart,part,False,brain dysfunction (forget),0.0006425155461520741,0.0006425155461520741,0.17485284805297852,0.34033212065696716,0.35,0,0,600,FP32-token-IDs
RoBERTa,141cj66,539,94,233,Ġpart,part,False,emptiness,0.0002161948808383099,0.0002161948808383099,0.10588504374027252,0.7483553886413574,0.35,0,1,600,FP32-token-IDs
RoBERTa,141cj66,539,94,233,Ġpart,part,False,hopelessness,0.007120086254833855,0.007120086254833855,0.23048549890518188,0.3428015112876892,0.35,1,0,600,FP32-token-IDs
RoBERTa,141cj66,539,94,233,Ġpart,part,False,loneliness,-0.011425429150020998,0.011425429150020998,0.394043892621994,0.5468522310256958,0.35,0,1,600,FP32-token-IDs
RoBERTa,141cj66,539,94,233,Ġpart,part,False,sadness,0.01635377868875175,0.01635377868875175,0.22076761722564697,0.08327151834964752,0.35,0,0,600,FP32-token-IDs
RoBERTa,141cj66,539,94,233,Ġpart,part,False,suicide intent,0.0025947116577299313,0.0025947116577299313,0.058215148746967316,0.025850897654891014,0.35,0,0,600,FP32-token-IDs
RoBERTa,141cj66,539,94,233,Ġpart,part,False,worthlessness,-0.002401239002172492,0.002401239002172492,0.22474482655525208,0.2674315571784973,0.35,1,0,600,FP32-token-IDs
RoBERTa,141cj66,539,95,16,Ġis,is,False,anger,-0.003066251918904814,0.003066251918904814,0.21465615928173065,0.010582405142486095,0.35,0,0,600,FP32-token-IDs
RoBERTa,141cj66,539,95,16,Ġis,is,False,brain dysfunction (forget),0.0006425155461520741,0.0006425155461520741,0.17485284805297852,0.34033212065696716,0.35,0,0,600,FP32-token-IDs
RoBERTa,141cj66,539,95,16,Ġis,is,False,emptiness,0.0002161948808383099,0.0002161948808383099,0.10588504374027252,0.7483553886413574,0.35,0,1,600,FP32-token-IDs
RoBERTa,141cj66,539,95,16,Ġis,is,False,hopelessness,0.007120086254833855,0.007120086254833855,0.23048549890518188,0.3428015112876892,0.35,1,0,600,FP32-token-IDs
RoBERTa,141cj66,539,95,16,Ġis,is,False,loneliness,-0.011425429150020998,0.011425429150020998,0.394043892621994,0.5468522310256958,0.35,0,1,600,FP32-token-IDs
RoBERTa,141cj66,539,95,16,Ġis,is,False,sadness,0.01635377868875175,0.01635377868875175,0.22076761722564697,0.08327151834964752,0.35,0,0,600,FP32-token-IDs
RoBERTa,141cj66,539,95,16,Ġis,is,False,suicide intent,0.0025947116577299313,0.0025947116577299313,0.058215148746967316,0.025850897654891014,0.35,0,0,600,FP32-token-IDs
RoBERTa,141cj66,539,95,16,Ġis,is,False,worthlessness,-0.002401239002172492,0.002401239002172492,0.22474482655525208,0.2674315571784973,0.35,1,0,600,FP32-token-IDs
RoBERTa,141cj66,539,96,24,Ġit,it,False,anger,8.496659927339734e-05,8.496659927339734e-05,0.21465615928173065,0.010582405142486095,0.35,0,0,600,FP32-token-IDs
RoBERTa,141cj66,539,96,24,Ġit,it,False,brain dysfunction (forget),0.0017731922774641008,0.0017731922774641008,0.17485284805297852,0.34033212065696716,0.35,0,0,600,FP32-token-IDs
RoBERTa,141cj66,539,96,24,Ġit,it,False,emptiness,0.0032088005073826046,0.0032088005073826046,0.10588504374027252,0.7483553886413574,0.35,0,1,600,FP32-token-IDs
RoBERTa,141cj66,539,96,24,Ġit,it,False,hopelessness,-0.011538781209955025,0.011538781209955025,0.23048549890518188,0.3428015112876892,0.35,1,0,600,FP32-token-IDs
RoBERTa,141cj66,539,96,24,Ġit,it,False,loneliness,0.0035039220566926697,0.0035039220566926697,0.394043892621994,0.5468522310256958,0.35,0,1,600,FP32-token-IDs
RoBERTa,141cj66,539,96,24,Ġit,it,False,sadness,-0.01663955973130406,0.01663955973130406,0.22076761722564697,0.08327151834964752,0.35,0,0,600,FP32-token-IDs
RoBERTa,141cj66,539,96,24,Ġit,it,False,suicide intent,0.0002993923029862344,0.0002993923029862344,0.058215148746967316,0.025850897654891014,0.35,0,0,600,FP32-token-IDs
RoBERTa,141cj66,539,96,24,Ġit,it,False,worthlessness,-0.007410380566541694,0.007410380566541694,0.22474482655525208,0.2674315571784973,0.35,1,0,600,FP32-token-IDs
RoBERTa,141cj66,539,97,1326,Ġlooks,looks,False,anger,8.496659927339734e-05,8.496659927339734e-05,0.21465615928173065,0.010582405142486095,0.35,0,0,600,FP32-token-IDs
RoBERTa,141cj66,539,97,1326,Ġlooks,looks,False,brain dysfunction (forget),0.0017731922774641008,0.0017731922774641008,0.17485284805297852,0.34033212065696716,0.35,0,0,600,FP32-token-IDs
RoBERTa,141cj66,539,97,1326,Ġlooks,looks,False,emptiness,0.0032088005073826046,0.0032088005073826046,0.10588504374027252,0.7483553886413574,0.35,0,1,600,FP32-token-IDs
RoBERTa,141cj66,539,97,1326,Ġlooks,looks,False,hopelessness,-0.011538781209955025,0.011538781209955025,0.23048549890518188,0.3428015112876892,0.35,1,0,600,FP32-token-IDs
RoBERTa,141cj66,539,97,1326,Ġlooks,looks,False,loneliness,0.0035039220566926697,0.0035039220566926697,0.394043892621994,0.5468522310256958,0.35,0,1,600,FP32-token-IDs
RoBERTa,141cj66,539,97,1326,Ġlooks,looks,False,sadness,-0.01663955973130406,0.01663955973130406,0.22076761722564697,0.08327151834964752,0.35,0,0,600,FP32-token-IDs
RoBERTa,141cj66,539,97,1326,Ġlooks,looks,False,suicide intent,0.0002993923029862344,0.0002993923029862344,0.058215148746967316,0.025850897654891014,0.35,0,0,600,FP32-token-IDs
RoBERTa,141cj66,539,97,1326,Ġlooks,looks,False,worthlessness,-0.007410380566541694,0.007410380566541694,0.22474482655525208,0.2674315571784973,0.35,1,0,600,FP32-token-IDs
RoBERTa,141cj66,539,98,2024,Ġdirectly,directly,False,anger,8.496659927339734e-05,8.496659927339734e-05,0.21465615928173065,0.010582405142486095,0.35,0,0,600,FP32-token-IDs
RoBERTa,141cj66,539,98,2024,Ġdirectly,directly,False,brain dysfunction (forget),0.0017731922774641008,0.0017731922774641008,0.17485284805297852,0.34033212065696716,0.35,0,0,600,FP32-token-IDs
RoBERTa,141cj66,539,98,2024,Ġdirectly,directly,False,emptiness,0.0032088005073826046,0.0032088005073826046,0.10588504374027252,0.7483553886413574,0.35,0,1,600,FP32-token-IDs
RoBERTa,141cj66,539,98,2024,Ġdirectly,directly,False,hopelessness,-0.011538781209955025,0.011538781209955025,0.23048549890518188,0.3428015112876892,0.35,1,0,600,FP32-token-IDs
RoBERTa,141cj66,539,98,2024,Ġdirectly,directly,False,loneliness,0.0035039220566926697,0.0035039220566926697,0.394043892621994,0.5468522310256958,0.35,0,1,600,FP32-token-IDs
RoBERTa,141cj66,539,98,2024,Ġdirectly,directly,False,sadness,-0.01663955973130406,0.01663955973130406,0.22076761722564697,0.08327151834964752,0.35,0,0,600,FP32-token-IDs
RoBERTa,141cj66,539,98,2024,Ġdirectly,directly,False,suicide intent,0.00029939230298623446,0.00029939230298623446,0.058215148746967316,0.025850897654891014,0.35,0,0,600,FP32-token-IDs
RoBERTa,141cj66,539,98,2024,Ġdirectly,directly,False,worthlessness,-0.007410380566541694,0.007410380566541694,0.22474482655525208,0.2674315571784973,0.35,1,0,600,FP32-token-IDs
RoBERTa,141cj66,539,99,88,Ġinto,into,False,anger,8.496659927339734e-05,8.496659927339734e-05,0.21465615928173065,0.010582405142486095,0.35,0,0,600,FP32-token-IDs
RoBERTa,141cj66,539,99,88,Ġinto,into,False,brain dysfunction (forget),0.0017731922774641008,0.0017731922774641008,0.17485284805297852,0.34033212065696716,0.35,0,0,600,FP32-token-IDs
RoBERTa,141cj66,539,99,88,Ġinto,into,False,emptiness,0.0032088005073826046,0.0032088005073826046,0.10588504374027252,0.7483553886413574,0.35,0,1,600,FP32-token-IDs
RoBERTa,141cj66,539,99,88,Ġinto,into,False,hopelessness,-0.011538781209955025,0.011538781209955025,0.23048549890518188,0.3428015112876892,0.35,1,0,600,FP32-token-IDs
RoBERTa,141cj66,539,99,88,Ġinto,into,False,loneliness,0.0035039220566926697,0.0035039220566926697,0.394043892621994,0.5468522310256958,0.35,0,1,600,FP32-token-IDs
RoBERTa,141cj66,539,99,88,Ġinto,into,False,sadness,-0.01663955973130406,0.01663955973130406,0.22076761722564697,0.08327151834964752,0.35,0,0,600,FP32-token-IDs
RoBERTa,141cj66,539,99,88,Ġinto,into,False,suicide intent,0.00029939230298623446,0.00029939230298623446,0.058215148746967316,0.025850897654891014,0.35,0,0,600,FP32-token-IDs
RoBERTa,141cj66,539,99,88,Ġinto,into,False,worthlessness,-0.007410380566541694,0.007410380566541694,0.22474482655525208,0.2674315571784973,0.35,1,0,600,FP32-token-IDs
RoBERTa,141cj66,539,100,162,Ġme,me,False,anger,8.496659927339734e-05,8.496659927339734e-05,0.21465615928173065,0.010582405142486095,0.35,0,0,600,FP32-token-IDs
RoBERTa,141cj66,539,100,162,Ġme,me,False,brain dysfunction (forget),0.0017731922774641008,0.0017731922774641008,0.17485284805297852,0.34033212065696716,0.35,0,0,600,FP32-token-IDs
RoBERTa,141cj66,539,100,162,Ġme,me,False,emptiness,0.0032088005073826046,0.0032088005073826046,0.10588504374027252,0.7483553886413574,0.35,0,1,600,FP32-token-IDs
RoBERTa,141cj66,539,100,162,Ġme,me,False,hopelessness,-0.011538781209955025,0.011538781209955025,0.23048549890518188,0.3428015112876892,0.35,1,0,600,FP32-token-IDs
RoBERTa,141cj66,539,100,162,Ġme,me,False,loneliness,0.0035039220566926697,0.0035039220566926697,0.394043892621994,0.5468522310256958,0.35,0,1,600,FP32-token-IDs
RoBERTa,141cj66,539,100,162,Ġme,me,False,sadness,-0.01663955973130406,0.01663955973130406,0.22076761722564697,0.08327151834964752,0.35,0,0,600,FP32-token-IDs
RoBERTa,141cj66,539,100,162,Ġme,me,False,suicide intent,0.00029939230298623446,0.00029939230298623446,0.058215148746967316,0.025850897654891014,0.35,0,0,600,FP32-token-IDs
RoBERTa,141cj66,539,100,162,Ġme,me,False,worthlessness,-0.007410380566541694,0.007410380566541694,0.22474482655525208,0.2674315571784973,0.35,1,0,600,FP32-token-IDs
RoBERTa,141cj66,539,101,6,",",",",False,anger,-0.0010318302106737207,0.0010318302106737207,0.21465615928173065,0.010582405142486095,0.35,0,0,600,FP32-token-IDs
RoBERTa,141cj66,539,101,6,",",",",False,brain dysfunction (forget),0.0004477207179246634,0.0004477207179246634,0.17485284805297852,0.34033212065696716,0.35,0,0,600,FP32-token-IDs
RoBERTa,141cj66,539,101,6,",",",",False,emptiness,0.0033508753028224435,0.0033508753028224435,0.10588504374027252,0.7483553886413574,0.35,0,1,600,FP32-token-IDs
RoBERTa,141cj66,539,101,6,",",",",False,hopelessness,-0.010741041026184367,0.010741041026184367,0.23048549890518188,0.3428015112876892,0.35,1,0,600,FP32-token-IDs
RoBERTa,141cj66,539,101,6,",",",",False,loneliness,0.003117222814175317,0.003117222814175317,0.394043892621994,0.5468522310256958,0.35,0,1,600,FP32-token-IDs
RoBERTa,141cj66,539,101,6,",",",",False,sadness,-0.014364786182015546,0.014364786182015546,0.22076761722564697,0.08327151834964752,0.35,0,0,600,FP32-token-IDs
RoBERTa,141cj66,539,101,6,",",",",False,suicide intent,0.0005942663759924471,0.0005942663759924471,0.058215148746967316,0.025850897654891014,0.35,0,0,600,FP32-token-IDs
RoBERTa,141cj66,539,101,6,",",",",False,worthlessness,-0.0068168544639392115,0.0068168544639392115,0.22474482655525208,0.2674315571784973,0.35,1,0,600,FP32-token-IDs
RoBERTa,141cj66,539,102,38,ĠI,i,False,anger,-0.0043180653995515,0.0043180653995515,0.21465615928173065,0.010582405142486095,0.35,0,0,600,FP32-token-IDs
RoBERTa,141cj66,539,102,38,ĠI,i,False,brain dysfunction (forget),0.0036422873555127075,0.0036422873555127075,0.17485284805297852,0.34033212065696716,0.35,0,0,600,FP32-token-IDs
RoBERTa,141cj66,539,102,38,ĠI,i,False,emptiness,0.003999402609378731,0.003999402609378731,0.10588504374027252,0.7483553886413574,0.35,0,1,600,FP32-token-IDs
RoBERTa,141cj66,539,102,38,ĠI,i,False,hopelessness,0.027281501024079165,0.027281501024079165,0.23048549890518188,0.3428015112876892,0.35,1,0,600,FP32-token-IDs
RoBERTa,141cj66,539,102,38,ĠI,i,False,loneliness,-0.002428226823335083,0.002428226823335083,0.394043892621994,0.5468522310256958,0.35,0,1,600,FP32-token-IDs
RoBERTa,141cj66,539,102,38,ĠI,i,False,sadness,0.004801002561525927,0.004801002561525927,0.22076761722564697,0.08327151834964752,0.35,0,0,600,FP32-token-IDs
RoBERTa,141cj66,539,102,38,ĠI,i,False,suicide intent,-0.0012508635651708269,0.0012508635651708269,0.058215148746967316,0.025850897654891014,0.35,0,0,600,FP32-token-IDs
RoBERTa,141cj66,539,102,38,ĠI,i,False,worthlessness,0.01665939110207333,0.01665939110207333,0.22474482655525208,0.2674315571784973,0.35,1,0,600,FP32-token-IDs
RoBERTa,141cj66,539,103,1395,Ġcannot,cannot,False,anger,-0.0043180653995515,0.0043180653995515,0.21465615928173065,0.010582405142486095,0.35,0,0,600,FP32-token-IDs
RoBERTa,141cj66,539,103,1395,Ġcannot,cannot,False,brain dysfunction (forget),0.0036422873555127075,0.0036422873555127075,0.17485284805297852,0.34033212065696716,0.35,0,0,600,FP32-token-IDs
RoBERTa,141cj66,539,103,1395,Ġcannot,cannot,False,emptiness,0.003999402609378731,0.003999402609378731,0.10588504374027252,0.7483553886413574,0.35,0,1,600,FP32-token-IDs
RoBERTa,141cj66,539,103,1395,Ġcannot,cannot,False,hopelessness,0.027281501024079165,0.027281501024079165,0.23048549890518188,0.3428015112876892,0.35,1,0,600,FP32-token-IDs
RoBERTa,141cj66,539,103,1395,Ġcannot,cannot,False,loneliness,-0.002428226823335083,0.002428226823335083,0.394043892621994,0.5468522310256958,0.35,0,1,600,FP32-token-IDs
RoBERTa,141cj66,539,103,1395,Ġcannot,cannot,False,sadness,0.004801002561525927,0.004801002561525927,0.22076761722564697,0.08327151834964752,0.35,0,0,600,FP32-token-IDs
RoBERTa,141cj66,539,103,1395,Ġcannot,cannot,False,suicide intent,-0.0012508635651708269,0.0012508635651708269,0.058215148746967316,0.025850897654891014,0.35,0,0,600,FP32-token-IDs
RoBERTa,141cj66,539,103,1395,Ġcannot,cannot,False,worthlessness,0.01665939110207333,0.01665939110207333,0.22474482655525208,0.2674315571784973,0.35,1,0,600,FP32-token-IDs
RoBERTa,141cj66,539,104,422,Ġrun,run,False,anger,-0.002562497200691808,0.002562497200691808,0.21465615928173065,0.010582405142486095,0.35,0,0,600,FP32-token-IDs
RoBERTa,141cj66,539,104,422,Ġrun,run,False,brain dysfunction (forget),0.003970173670575349,0.003970173670575349,0.17485284805297852,0.34033212065696716,0.35,0,0,600,FP32-token-IDs
RoBERTa,141cj66,539,104,422,Ġrun,run,False,emptiness,0.0019521011064803956,0.0019521011064803956,0.10588504374027252,0.7483553886413574,0.35,0,1,600,FP32-token-IDs
RoBERTa,141cj66,539,104,422,Ġrun,run,False,hopelessness,0.018133402030032716,0.018133402030032716,0.23048549890518188,0.3428015112876892,0.35,1,0,600,FP32-token-IDs
RoBERTa,141cj66,539,104,422,Ġrun,run,False,loneliness,-0.0010398590922109205,0.0010398590922109205,0.394043892621994,0.5468522310256958,0.35,0,1,600,FP32-token-IDs
RoBERTa,141cj66,539,104,422,Ġrun,run,False,sadness,0.00326878740213953,0.00326878740213953,0.22076761722564697,0.08327151834964752,0.35,0,0,600,FP32-token-IDs
RoBERTa,141cj66,539,104,422,Ġrun,run,False,suicide intent,-0.00039505795090614504,0.00039505795090614504,0.058215148746967316,0.025850897654891014,0.35,0,0,600,FP32-token-IDs
RoBERTa,141cj66,539,104,422,Ġrun,run,False,worthlessness,0.006967999030528209,0.006967999030528209,0.22474482655525208,0.2674315571784973,0.35,1,0,600,FP32-token-IDs
RoBERTa,141cj66,539,105,409,Ġaway,away,False,anger,-0.002562497200691808,0.002562497200691808,0.21465615928173065,0.010582405142486095,0.35,0,0,600,FP32-token-IDs
RoBERTa,141cj66,539,105,409,Ġaway,away,False,brain dysfunction (forget),0.003970173670575349,0.003970173670575349,0.17485284805297852,0.34033212065696716,0.35,0,0,600,FP32-token-IDs
RoBERTa,141cj66,539,105,409,Ġaway,away,False,emptiness,0.0019521011064803956,0.0019521011064803956,0.10588504374027252,0.7483553886413574,0.35,0,1,600,FP32-token-IDs
RoBERTa,141cj66,539,105,409,Ġaway,away,False,hopelessness,0.018133402030032716,0.018133402030032716,0.23048549890518188,0.3428015112876892,0.35,1,0,600,FP32-token-IDs
RoBERTa,141cj66,539,105,409,Ġaway,away,False,loneliness,-0.0010398590922109205,0.0010398590922109205,0.394043892621994,0.5468522310256958,0.35,0,1,600,FP32-token-IDs
RoBERTa,141cj66,539,105,409,Ġaway,away,False,sadness,0.00326878740213953,0.00326878740213953,0.22076761722564697,0.08327151834964752,0.35,0,0,600,FP32-token-IDs
RoBERTa,141cj66,539,105,409,Ġaway,away,False,suicide intent,-0.00039505795090614504,0.00039505795090614504,0.058215148746967316,0.025850897654891014,0.35,0,0,600,FP32-token-IDs
RoBERTa,141cj66,539,105,409,Ġaway,away,False,worthlessness,0.006967999030528209,0.006967999030528209,0.22474482655525208,0.2674315571784973,0.35,1,0,600,FP32-token-IDs
RoBERTa,141cj66,539,106,31,Ġfrom,from,False,anger,0.0016614151846587506,0.0016614151846587506,0.21465615928173065,0.010582405142486095,0.35,0,0,600,FP32-token-IDs
RoBERTa,141cj66,539,106,31,Ġfrom,from,False,brain dysfunction (forget),0.005598147545140564,0.005598147545140564,0.17485284805297852,0.34033212065696716,0.35,0,0,600,FP32-token-IDs
RoBERTa,141cj66,539,106,31,Ġfrom,from,False,emptiness,0.004175689551238602,0.004175689551238602,0.10588504374027252,0.7483553886413574,0.35,0,1,600,FP32-token-IDs
RoBERTa,141cj66,539,106,31,Ġfrom,from,False,hopelessness,0.007480176976930939,0.007480176976930939,0.23048549890518188,0.3428015112876892,0.35,1,0,600,FP32-token-IDs
RoBERTa,141cj66,539,106,31,Ġfrom,from,False,loneliness,0.001456150929212069,0.001456150929212069,0.394043892621994,0.5468522310256958,0.35,0,1,600,FP32-token-IDs
RoBERTa,141cj66,539,106,31,Ġfrom,from,False,sadness,-0.0004134729411997641,0.0004134729411997641,0.22076761722564697,0.08327151834964752,0.35,0,0,600,FP32-token-IDs
RoBERTa,141cj66,539,106,31,Ġfrom,from,False,suicide intent,1.5278145050009084e-05,1.5278145050009084e-05,0.058215148746967316,0.025850897654891014,0.35,0,0,600,FP32-token-IDs
RoBERTa,141cj66,539,106,31,Ġfrom,from,False,worthlessness,0.005650677300216249,0.005650677300216249,0.22474482655525208,0.2674315571784973,0.35,1,0,600,FP32-token-IDs
RoBERTa,141cj66,539,107,24,Ġit,it,False,anger,0.0016614151846587506,0.0016614151846587506,0.21465615928173065,0.010582405142486095,0.35,0,0,600,FP32-token-IDs
RoBERTa,141cj66,539,107,24,Ġit,it,False,brain dysfunction (forget),0.005598147545140564,0.005598147545140564,0.17485284805297852,0.34033212065696716,0.35,0,0,600,FP32-token-IDs
RoBERTa,141cj66,539,107,24,Ġit,it,False,emptiness,0.004175689551238602,0.004175689551238602,0.10588504374027252,0.7483553886413574,0.35,0,1,600,FP32-token-IDs
RoBERTa,141cj66,539,107,24,Ġit,it,False,hopelessness,0.007480176976930939,0.007480176976930939,0.23048549890518188,0.3428015112876892,0.35,1,0,600,FP32-token-IDs
RoBERTa,141cj66,539,107,24,Ġit,it,False,loneliness,0.001456150929212069,0.001456150929212069,0.394043892621994,0.5468522310256958,0.35,0,1,600,FP32-token-IDs
RoBERTa,141cj66,539,107,24,Ġit,it,False,sadness,-0.0004134729411997641,0.0004134729411997641,0.22076761722564697,0.08327151834964752,0.35,0,0,600,FP32-token-IDs
RoBERTa,141cj66,539,107,24,Ġit,it,False,suicide intent,1.5278145050009084e-05,1.5278145050009084e-05,0.058215148746967316,0.025850897654891014,0.35,0,0,600,FP32-token-IDs
RoBERTa,141cj66,539,107,24,Ġit,it,False,worthlessness,0.005650677300216249,0.005650677300216249,0.22474482655525208,0.2674315571784973,0.35,1,0,600,FP32-token-IDs
RoBERTa,141cj66,539,108,18,'s,'s,False,anger,0.0016614151846587506,0.0016614151846587506,0.21465615928173065,0.010582405142486095,0.35,0,0,600,FP32-token-IDs
RoBERTa,141cj66,539,108,18,'s,'s,False,brain dysfunction (forget),0.005598147545140564,0.005598147545140564,0.17485284805297852,0.34033212065696716,0.35,0,0,600,FP32-token-IDs
RoBERTa,141cj66,539,108,18,'s,'s,False,emptiness,0.004175689551238602,0.004175689551238602,0.10588504374027252,0.7483553886413574,0.35,0,1,600,FP32-token-IDs
RoBERTa,141cj66,539,108,18,'s,'s,False,hopelessness,0.007480176976930939,0.007480176976930939,0.23048549890518188,0.3428015112876892,0.35,1,0,600,FP32-token-IDs
RoBERTa,141cj66,539,108,18,'s,'s,False,loneliness,0.001456150929212069,0.001456150929212069,0.394043892621994,0.5468522310256958,0.35,0,1,600,FP32-token-IDs
RoBERTa,141cj66,539,108,18,'s,'s,False,sadness,-0.0004134729411997641,0.0004134729411997641,0.22076761722564697,0.08327151834964752,0.35,0,0,600,FP32-token-IDs
RoBERTa,141cj66,539,108,18,'s,'s,False,suicide intent,1.5278145050009084e-05,1.5278145050009084e-05,0.058215148746967316,0.025850897654891014,0.35,0,0,600,FP32-token-IDs
RoBERTa,141cj66,539,108,18,'s,'s,False,worthlessness,0.005650677300216249,0.005650677300216249,0.22474482655525208,0.2674315571784973,0.35,1,0,600,FP32-token-IDs
RoBERTa,141cj66,539,109,28341,Ġgaze,gaze,False,anger,0.0016614151846587506,0.0016614151846587506,0.21465615928173065,0.010582405142486095,0.35,0,0,600,FP32-token-IDs
RoBERTa,141cj66,539,109,28341,Ġgaze,gaze,False,brain dysfunction (forget),0.005598147545140564,0.005598147545140564,0.17485284805297852,0.34033212065696716,0.35,0,0,600,FP32-token-IDs
RoBERTa,141cj66,539,109,28341,Ġgaze,gaze,False,emptiness,0.004175689551238602,0.004175689551238602,0.10588504374027252,0.7483553886413574,0.35,0,1,600,FP32-token-IDs
RoBERTa,141cj66,539,109,28341,Ġgaze,gaze,False,hopelessness,0.007480176976930939,0.007480176976930939,0.23048549890518188,0.3428015112876892,0.35,1,0,600,FP32-token-IDs
RoBERTa,141cj66,539,109,28341,Ġgaze,gaze,False,loneliness,0.001456150929212069,0.001456150929212069,0.394043892621994,0.5468522310256958,0.35,0,1,600,FP32-token-IDs
RoBERTa,141cj66,539,109,28341,Ġgaze,gaze,False,sadness,-0.0004134729411997641,0.0004134729411997641,0.22076761722564697,0.08327151834964752,0.35,0,0,600,FP32-token-IDs
RoBERTa,141cj66,539,109,28341,Ġgaze,gaze,False,suicide intent,1.5278145050009084e-05,1.5278145050009084e-05,0.058215148746967316,0.025850897654891014,0.35,0,0,600,FP32-token-IDs
RoBERTa,141cj66,539,109,28341,Ġgaze,gaze,False,worthlessness,0.005650677300216249,0.005650677300216249,0.22474482655525208,0.2674315571784973,0.35,1,0,600,FP32-token-IDs
RoBERTa,141cj66,539,110,4,.,.,False,anger,0.0016614151846587506,0.0016614151846587506,0.21465615928173065,0.010582405142486095,0.35,0,0,600,FP32-token-IDs
RoBERTa,141cj66,539,110,4,.,.,False,brain dysfunction (forget),0.005598147545140564,0.005598147545140564,0.17485284805297852,0.34033212065696716,0.35,0,0,600,FP32-token-IDs
RoBERTa,141cj66,539,110,4,.,.,False,emptiness,0.004175689551238602,0.004175689551238602,0.10588504374027252,0.7483553886413574,0.35,0,1,600,FP32-token-IDs
RoBERTa,141cj66,539,110,4,.,.,False,hopelessness,0.007480176976930939,0.007480176976930939,0.23048549890518188,0.3428015112876892,0.35,1,0,600,FP32-token-IDs
RoBERTa,141cj66,539,110,4,.,.,False,loneliness,0.001456150929212069,0.001456150929212069,0.394043892621994,0.5468522310256958,0.35,0,1,600,FP32-token-IDs
RoBERTa,141cj66,539,110,4,.,.,False,sadness,-0.0004134729411997641,0.0004134729411997641,0.22076761722564697,0.08327151834964752,0.35,0,0,600,FP32-token-IDs
RoBERTa,141cj66,539,110,4,.,.,False,suicide intent,1.5278145050009084e-05,1.5278145050009084e-05,0.058215148746967316,0.025850897654891014,0.35,0,0,600,FP32-token-IDs
RoBERTa,141cj66,539,110,4,.,.,False,worthlessness,0.005650677300216249,0.005650677300216249,0.22474482655525208,0.2674315571784973,0.35,1,0,600,FP32-token-IDs
RoBERTa,141cj66,539,111,993,ĠSome,some,False,anger,-0.005208287224781493,0.005208287224781493,0.21465615928173065,0.010582405142486095,0.35,0,0,600,FP32-token-IDs
RoBERTa,141cj66,539,111,993,ĠSome,some,False,brain dysfunction (forget),-0.011641540377038635,0.011641540377038635,0.17485284805297852,0.34033212065696716,0.35,0,0,600,FP32-token-IDs
RoBERTa,141cj66,539,111,993,ĠSome,some,False,emptiness,-0.00578025840190498,0.00578025840190498,0.10588504374027252,0.7483553886413574,0.35,0,1,600,FP32-token-IDs
RoBERTa,141cj66,539,111,993,ĠSome,some,False,hopelessness,-0.020712412712681625,0.020712412712681625,0.23048549890518188,0.3428015112876892,0.35,1,0,600,FP32-token-IDs
RoBERTa,141cj66,539,111,993,ĠSome,some,False,loneliness,0.000544404507511192,0.000544404507511192,0.394043892621994,0.5468522310256958,0.35,0,1,600,FP32-token-IDs
RoBERTa,141cj66,539,111,993,ĠSome,some,False,sadness,0.0006396056916047298,0.0006396056916047298,0.22076761722564697,0.08327151834964752,0.35,0,0,600,FP32-token-IDs
RoBERTa,141cj66,539,111,993,ĠSome,some,False,suicide intent,-0.0015282227913202303,0.0015282227913202303,0.058215148746967316,0.025850897654891014,0.35,0,0,600,FP32-token-IDs
RoBERTa,141cj66,539,111,993,ĠSome,some,False,worthlessness,-0.019123226371852473,0.019123226371852473,0.22474482655525208,0.2674315571784973,0.35,1,0,600,FP32-token-IDs
RoBERTa,141cj66,539,112,360,Ġdays,days,False,anger,-0.005208287224781493,0.005208287224781493,0.21465615928173065,0.010582405142486095,0.35,0,0,600,FP32-token-IDs
RoBERTa,141cj66,539,112,360,Ġdays,days,False,brain dysfunction (forget),-0.011641540377038635,0.011641540377038635,0.17485284805297852,0.34033212065696716,0.35,0,0,600,FP32-token-IDs
RoBERTa,141cj66,539,112,360,Ġdays,days,False,emptiness,-0.00578025840190498,0.00578025840190498,0.10588504374027252,0.7483553886413574,0.35,0,1,600,FP32-token-IDs
RoBERTa,141cj66,539,112,360,Ġdays,days,False,hopelessness,-0.020712412712681625,0.020712412712681625,0.23048549890518188,0.3428015112876892,0.35,1,0,600,FP32-token-IDs
RoBERTa,141cj66,539,112,360,Ġdays,days,False,loneliness,0.000544404507511192,0.000544404507511192,0.394043892621994,0.5468522310256958,0.35,0,1,600,FP32-token-IDs
RoBERTa,141cj66,539,112,360,Ġdays,days,False,sadness,0.0006396056916047298,0.0006396056916047298,0.22076761722564697,0.08327151834964752,0.35,0,0,600,FP32-token-IDs
RoBERTa,141cj66,539,112,360,Ġdays,days,False,suicide intent,-0.0015282227913202303,0.0015282227913202303,0.058215148746967316,0.025850897654891014,0.35,0,0,600,FP32-token-IDs
RoBERTa,141cj66,539,112,360,Ġdays,days,False,worthlessness,-0.019123226371852473,0.019123226371852473,0.22474482655525208,0.2674315571784973,0.35,1,0,600,FP32-token-IDs
RoBERTa,141cj66,539,113,38,ĠI,i,False,anger,-0.0029382032775578815,0.0029382032775578815,0.21465615928173065,0.010582405142486095,0.35,0,0,600,FP32-token-IDs
RoBERTa,141cj66,539,113,38,ĠI,i,False,brain dysfunction (forget),-0.01325664394405774,0.01325664394405774,0.17485284805297852,0.34033212065696716,0.35,0,0,600,FP32-token-IDs
RoBERTa,141cj66,539,113,38,ĠI,i,False,emptiness,-0.004166538954854736,0.004166538954854736,0.10588504374027252,0.7483553886413574,0.35,0,1,600,FP32-token-IDs
RoBERTa,141cj66,539,113,38,ĠI,i,False,hopelessness,-0.03623482962656352,0.03623482962656352,0.23048549890518188,0.3428015112876892,0.35,1,0,600,FP32-token-IDs
RoBERTa,141cj66,539,113,38,ĠI,i,False,loneliness,0.004490929319419795,0.004490929319419795,0.394043892621994,0.5468522310256958,0.35,0,1,600,FP32-token-IDs
RoBERTa,141cj66,539,113,38,ĠI,i,False,sadness,-0.014025245437450293,0.014025245437450293,0.22076761722564697,0.08327151834964752,0.35,0,0,600,FP32-token-IDs
RoBERTa,141cj66,539,113,38,ĠI,i,False,suicide intent,-0.0029300407994823116,0.0029300407994823116,0.058215148746967316,0.025850897654891014,0.35,0,0,600,FP32-token-IDs
RoBERTa,141cj66,539,113,38,ĠI,i,False,worthlessness,-0.02481642269089611,0.02481642269089611,0.22474482655525208,0.2674315571784973,0.35,1,0,600,FP32-token-IDs
RoBERTa,141cj66,539,114,190,Ġeven,even,False,anger,-0.0029382032775578815,0.0029382032775578815,0.21465615928173065,0.010582405142486095,0.35,0,0,600,FP32-token-IDs
RoBERTa,141cj66,539,114,190,Ġeven,even,False,brain dysfunction (forget),-0.01325664394405774,0.01325664394405774,0.17485284805297852,0.34033212065696716,0.35,0,0,600,FP32-token-IDs
RoBERTa,141cj66,539,114,190,Ġeven,even,False,emptiness,-0.004166538954854736,0.004166538954854736,0.10588504374027252,0.7483553886413574,0.35,0,1,600,FP32-token-IDs
RoBERTa,141cj66,539,114,190,Ġeven,even,False,hopelessness,-0.03623482962656352,0.03623482962656352,0.23048549890518188,0.3428015112876892,0.35,1,0,600,FP32-token-IDs
RoBERTa,141cj66,539,114,190,Ġeven,even,False,loneliness,0.004490929319419795,0.004490929319419795,0.394043892621994,0.5468522310256958,0.35,0,1,600,FP32-token-IDs
RoBERTa,141cj66,539,114,190,Ġeven,even,False,sadness,-0.014025245437450293,0.014025245437450293,0.22076761722564697,0.08327151834964752,0.35,0,0,600,FP32-token-IDs
RoBERTa,141cj66,539,114,190,Ġeven,even,False,suicide intent,-0.0029300407994823116,0.0029300407994823116,0.058215148746967316,0.025850897654891014,0.35,0,0,600,FP32-token-IDs
RoBERTa,141cj66,539,114,190,Ġeven,even,False,worthlessness,-0.02481642269089611,0.02481642269089611,0.22474482655525208,0.2674315571784973,0.35,1,0,600,FP32-token-IDs
RoBERTa,141cj66,539,115,24282,Ġkinda,kinda,False,anger,-0.005998813073205787,0.005998813073205787,0.21465615928173065,0.010582405142486095,0.35,0,0,600,FP32-token-IDs
RoBERTa,141cj66,539,115,24282,Ġkinda,kinda,False,brain dysfunction (forget),-0.0010675893443274416,0.0010675893443274416,0.17485284805297852,0.34033212065696716,0.35,0,0,600,FP32-token-IDs
RoBERTa,141cj66,539,115,24282,Ġkinda,kinda,False,emptiness,-0.005558309297743512,0.005558309297743512,0.10588504374027252,0.7483553886413574,0.35,0,1,600,FP32-token-IDs
RoBERTa,141cj66,539,115,24282,Ġkinda,kinda,False,hopelessness,-0.03880412418447021,0.03880412418447021,0.23048549890518188,0.3428015112876892,0.35,1,0,600,FP32-token-IDs
RoBERTa,141cj66,539,115,24282,Ġkinda,kinda,False,loneliness,-0.000877767808722436,0.000877767808722436,0.394043892621994,0.5468522310256958,0.35,0,1,600,FP32-token-IDs
RoBERTa,141cj66,539,115,24282,Ġkinda,kinda,False,sadness,-0.02621422483288269,0.02621422483288269,0.22076761722564697,0.08327151834964752,0.35,0,0,600,FP32-token-IDs
RoBERTa,141cj66,539,115,24282,Ġkinda,kinda,False,suicide intent,-0.0014146228678226988,0.0014146228678226988,0.058215148746967316,0.025850897654891014,0.35,0,0,600,FP32-token-IDs
RoBERTa,141cj66,539,115,24282,Ġkinda,kinda,False,worthlessness,-0.030514041342798413,0.030514041342798413,0.22474482655525208,0.2674315571784973,0.35,1,0,600,FP32-token-IDs
RoBERTa,141cj66,539,116,101,Ġlike,like,False,anger,-0.005998813073205787,0.005998813073205787,0.21465615928173065,0.010582405142486095,0.35,0,0,600,FP32-token-IDs
RoBERTa,141cj66,539,116,101,Ġlike,like,False,brain dysfunction (forget),-0.0010675893443274416,0.0010675893443274416,0.17485284805297852,0.34033212065696716,0.35,0,0,600,FP32-token-IDs
RoBERTa,141cj66,539,116,101,Ġlike,like,False,emptiness,-0.005558309297743512,0.005558309297743512,0.10588504374027252,0.7483553886413574,0.35,0,1,600,FP32-token-IDs
RoBERTa,141cj66,539,116,101,Ġlike,like,False,hopelessness,-0.03880412418447021,0.03880412418447021,0.23048549890518188,0.3428015112876892,0.35,1,0,600,FP32-token-IDs
RoBERTa,141cj66,539,116,101,Ġlike,like,False,loneliness,-0.000877767808722436,0.000877767808722436,0.394043892621994,0.5468522310256958,0.35,0,1,600,FP32-token-IDs
RoBERTa,141cj66,539,116,101,Ġlike,like,False,sadness,-0.02621422483288269,0.02621422483288269,0.22076761722564697,0.08327151834964752,0.35,0,0,600,FP32-token-IDs
RoBERTa,141cj66,539,116,101,Ġlike,like,False,suicide intent,-0.0014146228678226988,0.0014146228678226988,0.058215148746967316,0.025850897654891014,0.35,0,0,600,FP32-token-IDs
RoBERTa,141cj66,539,116,101,Ġlike,like,False,worthlessness,-0.030514041342798413,0.030514041342798413,0.22474482655525208,0.2674315571784973,0.35,1,0,600,FP32-token-IDs
RoBERTa,141cj66,539,117,127,Ġmy,my,False,anger,-0.005998813073205787,0.005998813073205787,0.21465615928173065,0.010582405142486095,0.35,0,0,600,FP32-token-IDs
RoBERTa,141cj66,539,117,127,Ġmy,my,False,brain dysfunction (forget),-0.0010675893443274416,0.0010675893443274416,0.17485284805297852,0.34033212065696716,0.35,0,0,600,FP32-token-IDs
RoBERTa,141cj66,539,117,127,Ġmy,my,False,emptiness,-0.005558309297743512,0.005558309297743512,0.10588504374027252,0.7483553886413574,0.35,0,1,600,FP32-token-IDs
RoBERTa,141cj66,539,117,127,Ġmy,my,False,hopelessness,-0.03880412418447021,0.03880412418447021,0.23048549890518188,0.3428015112876892,0.35,1,0,600,FP32-token-IDs
RoBERTa,141cj66,539,117,127,Ġmy,my,False,loneliness,-0.000877767808722436,0.000877767808722436,0.394043892621994,0.5468522310256958,0.35,0,1,600,FP32-token-IDs
RoBERTa,141cj66,539,117,127,Ġmy,my,False,sadness,-0.02621422483288269,0.02621422483288269,0.22076761722564697,0.08327151834964752,0.35,0,0,600,FP32-token-IDs
RoBERTa,141cj66,539,117,127,Ġmy,my,False,suicide intent,-0.0014146228678226988,0.0014146228678226988,0.058215148746967316,0.025850897654891014,0.35,0,0,600,FP32-token-IDs
RoBERTa,141cj66,539,117,127,Ġmy,my,False,worthlessness,-0.030514041342798413,0.030514041342798413,0.22474482655525208,0.2674315571784973,0.35,1,0,600,FP32-token-IDs
RoBERTa,141cj66,539,118,12456,Ġreflection,reflection,False,anger,-0.005998813073205787,0.005998813073205787,0.21465615928173065,0.010582405142486095,0.35,0,0,600,FP32-token-IDs
RoBERTa,141cj66,539,118,12456,Ġreflection,reflection,False,brain dysfunction (forget),-0.0010675893443274416,0.0010675893443274416,0.17485284805297852,0.34033212065696716,0.35,0,0,600,FP32-token-IDs
RoBERTa,141cj66,539,118,12456,Ġreflection,reflection,False,emptiness,-0.005558309297743512,0.005558309297743512,0.10588504374027252,0.7483553886413574,0.35,0,1,600,FP32-token-IDs
RoBERTa,141cj66,539,118,12456,Ġreflection,reflection,False,hopelessness,-0.03880412418447021,0.03880412418447021,0.23048549890518188,0.3428015112876892,0.35,1,0,600,FP32-token-IDs
RoBERTa,141cj66,539,118,12456,Ġreflection,reflection,False,loneliness,-0.000877767808722436,0.000877767808722436,0.394043892621994,0.5468522310256958,0.35,0,1,600,FP32-token-IDs
RoBERTa,141cj66,539,118,12456,Ġreflection,reflection,False,sadness,-0.02621422483288269,0.02621422483288269,0.22076761722564697,0.08327151834964752,0.35,0,0,600,FP32-token-IDs
RoBERTa,141cj66,539,118,12456,Ġreflection,reflection,False,suicide intent,-0.0014146228678226988,0.0014146228678226988,0.058215148746967316,0.025850897654891014,0.35,0,0,600,FP32-token-IDs
RoBERTa,141cj66,539,118,12456,Ġreflection,reflection,False,worthlessness,-0.030514041342798413,0.030514041342798413,0.22474482655525208,0.2674315571784973,0.35,1,0,600,FP32-token-IDs
RoBERTa,141cj66,539,119,4,.,.,False,anger,-0.0020211087129104674,0.0020211087129104674,0.21465615928173065,0.010582405142486095,0.35,0,0,600,FP32-token-IDs
RoBERTa,141cj66,539,119,4,.,.,False,brain dysfunction (forget),-5.5470956592924186e-05,5.5470956592924186e-05,0.17485284805297852,0.34033212065696716,0.35,0,0,600,FP32-token-IDs
RoBERTa,141cj66,539,119,4,.,.,False,emptiness,-0.005403625822186263,0.005403625822186263,0.10588504374027252,0.7483553886413574,0.35,0,1,600,FP32-token-IDs
RoBERTa,141cj66,539,119,4,.,.,False,hopelessness,-0.014071315485570165,0.014071315485570165,0.23048549890518188,0.3428015112876892,0.35,1,0,600,FP32-token-IDs
RoBERTa,141cj66,539,119,4,.,.,False,loneliness,-0.004800783725093223,0.004800783725093223,0.394043892621994,0.5468522310256958,0.35,0,1,600,FP32-token-IDs
RoBERTa,141cj66,539,119,4,.,.,False,sadness,-0.011370685119699273,0.011370685119699273,0.22076761722564697,0.08327151834964752,0.35,0,0,600,FP32-token-IDs
RoBERTa,141cj66,539,119,4,.,.,False,suicide intent,-0.0006544255994312051,0.0006544255994312051,0.058215148746967316,0.025850897654891014,0.35,0,0,600,FP32-token-IDs
RoBERTa,141cj66,539,119,4,.,.,False,worthlessness,-0.015504838435703683,0.015504838435703683,0.22474482655525208,0.2674315571784973,0.35,1,0,600,FP32-token-IDs
RoBERTa,141cj66,539,120,2,</s>,,True,anger,-4.243338480591774e-08,4.243338480591774e-08,0.21465615928173065,0.010582405142486095,0.35,0,0,600,FP32-token-IDs
RoBERTa,141cj66,539,120,2,</s>,,True,brain dysfunction (forget),3.585591912269592e-08,3.585591912269592e-08,0.17485284805297852,0.34033212065696716,0.35,0,0,600,FP32-token-IDs
RoBERTa,141cj66,539,120,2,</s>,,True,emptiness,9.89530235528946e-09,9.89530235528946e-09,0.10588504374027252,0.7483553886413574,0.35,0,1,600,FP32-token-IDs
RoBERTa,141cj66,539,120,2,</s>,,True,hopelessness,-4.237517714500427e-08,4.237517714500427e-08,0.23048549890518188,0.3428015112876892,0.35,1,0,600,FP32-token-IDs
RoBERTa,141cj66,539,120,2,</s>,,True,loneliness,-8.591450750827789e-08,8.591450750827789e-08,0.394043892621994,0.5468522310256958,0.35,0,1,600,FP32-token-IDs
RoBERTa,141cj66,539,120,2,</s>,,True,sadness,-7.636845111846924e-08,7.636845111846924e-08,0.22076761722564697,0.08327151834964752,0.35,0,0,600,FP32-token-IDs
RoBERTa,141cj66,539,120,2,</s>,,True,suicide intent,-2.3283064365386963e-10,2.3283064365386963e-10,0.058215148746967316,0.025850897654891014,0.35,0,0,600,FP32-token-IDs
RoBERTa,141cj66,539,120,2,</s>,,True,worthlessness,-2.8405338525772095e-08,2.8405338525772095e-08,0.22474482655525208,0.2674315571784973,0.35,1,0,600,FP32-token-IDs
