Model,Sample_ID,Test_Index,Token_Index,Token_ID,Raw_Token,Token,Is_Special_Token,Emotion,SHAP_Value,Abs_SHAP,Base_Value,Model_Probability,Threshold,True_Label,Predicted_Label,SHAP_Max_Evals,XAI_Inference
RoBERTa,oef5qe,171,0,0,<s>,,True,anger,0.00601666087313788,0.00601666087313788,0.19474484026432037,0.015603374689817429,0.35,0,0,600,FP32-token-IDs
RoBERTa,oef5qe,171,0,0,<s>,,True,brain dysfunction (forget),0.00043855493713635947,0.00043855493713635947,0.1732710301876068,0.04373176395893097,0.35,0,0,600,FP32-token-IDs
RoBERTa,oef5qe,171,0,0,<s>,,True,emptiness,-0.0061388164496747775,0.0061388164496747775,0.11602278798818588,0.10880976915359497,0.35,0,0,600,FP32-token-IDs
RoBERTa,oef5qe,171,0,0,<s>,,True,hopelessness,0.02446253814268857,0.02446253814268857,0.2363830953836441,0.8784436583518982,0.35,0,1,600,FP32-token-IDs
RoBERTa,oef5qe,171,0,0,<s>,,True,loneliness,-0.01279618401749758,0.01279618401749758,0.4310721158981323,0.22985777258872986,0.35,0,0,600,FP32-token-IDs
RoBERTa,oef5qe,171,0,0,<s>,,True,sadness,0.03144797179847956,0.03144797179847956,0.24357697367668152,0.9611530303955078,0.35,1,1,600,FP32-token-IDs
RoBERTa,oef5qe,171,0,0,<s>,,True,suicide intent,0.009537152398843318,0.009537152398843318,0.05914437025785446,0.060972683131694794,0.35,0,0,600,FP32-token-IDs
RoBERTa,oef5qe,171,0,0,<s>,,True,worthlessness,0.007079452514881268,0.007079452514881268,0.21640247106552124,0.06312473118305206,0.35,0,0,600,FP32-token-IDs
RoBERTa,oef5qe,171,1,27524,Going,going,False,anger,0.00601666087313788,0.00601666087313788,0.19474484026432037,0.015603374689817429,0.35,0,0,600,FP32-token-IDs
RoBERTa,oef5qe,171,1,27524,Going,going,False,brain dysfunction (forget),0.00043855493713635947,0.00043855493713635947,0.1732710301876068,0.04373176395893097,0.35,0,0,600,FP32-token-IDs
RoBERTa,oef5qe,171,1,27524,Going,going,False,emptiness,-0.0061388164496747775,0.0061388164496747775,0.11602278798818588,0.10880976915359497,0.35,0,0,600,FP32-token-IDs
RoBERTa,oef5qe,171,1,27524,Going,going,False,hopelessness,0.02446253814268857,0.02446253814268857,0.2363830953836441,0.8784436583518982,0.35,0,1,600,FP32-token-IDs
RoBERTa,oef5qe,171,1,27524,Going,going,False,loneliness,-0.01279618401749758,0.01279618401749758,0.4310721158981323,0.22985777258872986,0.35,0,0,600,FP32-token-IDs
RoBERTa,oef5qe,171,1,27524,Going,going,False,sadness,0.03144797179847956,0.03144797179847956,0.24357697367668152,0.9611530303955078,0.35,1,1,600,FP32-token-IDs
RoBERTa,oef5qe,171,1,27524,Going,going,False,suicide intent,0.009537152398843318,0.009537152398843318,0.05914437025785446,0.060972683131694794,0.35,0,0,600,FP32-token-IDs
RoBERTa,oef5qe,171,1,27524,Going,going,False,worthlessness,0.007079452514881268,0.007079452514881268,0.21640247106552124,0.06312473118305206,0.35,0,0,600,FP32-token-IDs
RoBERTa,oef5qe,171,2,7,Ġto,to,False,anger,0.005314550011826213,0.005314550011826213,0.19474484026432037,0.015603374689817429,0.35,0,0,600,FP32-token-IDs
RoBERTa,oef5qe,171,2,7,Ġto,to,False,brain dysfunction (forget),0.0013643311947816982,0.0013643311947816982,0.1732710301876068,0.04373176395893097,0.35,0,0,600,FP32-token-IDs
RoBERTa,oef5qe,171,2,7,Ġto,to,False,emptiness,-0.004916328299441375,0.004916328299441375,0.11602278798818588,0.10880976915359497,0.35,0,0,600,FP32-token-IDs
RoBERTa,oef5qe,171,2,7,Ġto,to,False,hopelessness,0.032344314339570704,0.032344314339570704,0.2363830953836441,0.8784436583518982,0.35,0,1,600,FP32-token-IDs
RoBERTa,oef5qe,171,2,7,Ġto,to,False,loneliness,-0.008961239042400848,0.008961239042400848,0.4310721158981323,0.22985777258872986,0.35,0,0,600,FP32-token-IDs
RoBERTa,oef5qe,171,2,7,Ġto,to,False,sadness,0.031004415219649674,0.031004415219649674,0.24357697367668152,0.9611530303955078,0.35,1,1,600,FP32-token-IDs
RoBERTa,oef5qe,171,2,7,Ġto,to,False,suicide intent,0.00842831507034134,0.00842831507034134,0.05914437025785446,0.060972683131694794,0.35,0,0,600,FP32-token-IDs
RoBERTa,oef5qe,171,2,7,Ġto,to,False,worthlessness,0.012482876138528809,0.012482876138528809,0.21640247106552124,0.06312473118305206,0.35,0,0,600,FP32-token-IDs
RoBERTa,oef5qe,171,3,8109,Ġadmit,admit,False,anger,0.005314550011826213,0.005314550011826213,0.19474484026432037,0.015603374689817429,0.35,0,0,600,FP32-token-IDs
RoBERTa,oef5qe,171,3,8109,Ġadmit,admit,False,brain dysfunction (forget),0.0013643311947816982,0.0013643311947816982,0.1732710301876068,0.04373176395893097,0.35,0,0,600,FP32-token-IDs
RoBERTa,oef5qe,171,3,8109,Ġadmit,admit,False,emptiness,-0.004916328299441375,0.004916328299441375,0.11602278798818588,0.10880976915359497,0.35,0,0,600,FP32-token-IDs
RoBERTa,oef5qe,171,3,8109,Ġadmit,admit,False,hopelessness,0.032344314339570704,0.032344314339570704,0.2363830953836441,0.8784436583518982,0.35,0,1,600,FP32-token-IDs
RoBERTa,oef5qe,171,3,8109,Ġadmit,admit,False,loneliness,-0.008961239042400848,0.008961239042400848,0.4310721158981323,0.22985777258872986,0.35,0,0,600,FP32-token-IDs
RoBERTa,oef5qe,171,3,8109,Ġadmit,admit,False,sadness,0.031004415219649674,0.031004415219649674,0.24357697367668152,0.9611530303955078,0.35,1,1,600,FP32-token-IDs
RoBERTa,oef5qe,171,3,8109,Ġadmit,admit,False,suicide intent,0.00842831507034134,0.00842831507034134,0.05914437025785446,0.060972683131694794,0.35,0,0,600,FP32-token-IDs
RoBERTa,oef5qe,171,3,8109,Ġadmit,admit,False,worthlessness,0.012482876138528809,0.012482876138528809,0.21640247106552124,0.06312473118305206,0.35,0,0,600,FP32-token-IDs
RoBERTa,oef5qe,171,4,2185,Ġmyself,myself,False,anger,0.0015285486161398393,0.0015285486161398393,0.19474484026432037,0.015603374689817429,0.35,0,0,600,FP32-token-IDs
RoBERTa,oef5qe,171,4,2185,Ġmyself,myself,False,brain dysfunction (forget),0.00013494934537447987,0.00013494934537447987,0.1732710301876068,0.04373176395893097,0.35,0,0,600,FP32-token-IDs
RoBERTa,oef5qe,171,4,2185,Ġmyself,myself,False,emptiness,-0.002677915784685562,0.002677915784685562,0.11602278798818588,0.10880976915359497,0.35,0,0,600,FP32-token-IDs
RoBERTa,oef5qe,171,4,2185,Ġmyself,myself,False,hopelessness,0.021455012118288624,0.021455012118288624,0.2363830953836441,0.8784436583518982,0.35,0,1,600,FP32-token-IDs
RoBERTa,oef5qe,171,4,2185,Ġmyself,myself,False,loneliness,-0.0041663039829776,0.0041663039829776,0.4310721158981323,0.22985777258872986,0.35,0,0,600,FP32-token-IDs
RoBERTa,oef5qe,171,4,2185,Ġmyself,myself,False,sadness,0.01366424971881012,0.01366424971881012,0.24357697367668152,0.9611530303955078,0.35,1,1,600,FP32-token-IDs
RoBERTa,oef5qe,171,4,2185,Ġmyself,myself,False,suicide intent,0.00898316292926514,0.00898316292926514,0.05914437025785446,0.060972683131694794,0.35,0,0,600,FP32-token-IDs
RoBERTa,oef5qe,171,4,2185,Ġmyself,myself,False,worthlessness,-0.007969005547541503,0.007969005547541503,0.21640247106552124,0.06312473118305206,0.35,0,0,600,FP32-token-IDs
RoBERTa,oef5qe,171,5,7,Ġto,to,False,anger,0.0015285486161398393,0.0015285486161398393,0.19474484026432037,0.015603374689817429,0.35,0,0,600,FP32-token-IDs
RoBERTa,oef5qe,171,5,7,Ġto,to,False,brain dysfunction (forget),0.00013494934537447987,0.00013494934537447987,0.1732710301876068,0.04373176395893097,0.35,0,0,600,FP32-token-IDs
RoBERTa,oef5qe,171,5,7,Ġto,to,False,emptiness,-0.002677915784685562,0.002677915784685562,0.11602278798818588,0.10880976915359497,0.35,0,0,600,FP32-token-IDs
RoBERTa,oef5qe,171,5,7,Ġto,to,False,hopelessness,0.021455012118288624,0.021455012118288624,0.2363830953836441,0.8784436583518982,0.35,0,1,600,FP32-token-IDs
RoBERTa,oef5qe,171,5,7,Ġto,to,False,loneliness,-0.0041663039829776,0.0041663039829776,0.4310721158981323,0.22985777258872986,0.35,0,0,600,FP32-token-IDs
RoBERTa,oef5qe,171,5,7,Ġto,to,False,sadness,0.01366424971881012,0.01366424971881012,0.24357697367668152,0.9611530303955078,0.35,1,1,600,FP32-token-IDs
RoBERTa,oef5qe,171,5,7,Ġto,to,False,suicide intent,0.00898316292926514,0.00898316292926514,0.05914437025785446,0.060972683131694794,0.35,0,0,600,FP32-token-IDs
RoBERTa,oef5qe,171,5,7,Ġto,to,False,worthlessness,-0.007969005547541503,0.007969005547541503,0.21640247106552124,0.06312473118305206,0.35,0,0,600,FP32-token-IDs
RoBERTa,oef5qe,171,6,10,Ġa,a,False,anger,0.0013264829234685752,0.0013264829234685752,0.19474484026432037,0.015603374689817429,0.35,0,0,600,FP32-token-IDs
RoBERTa,oef5qe,171,6,10,Ġa,a,False,brain dysfunction (forget),-0.0007802570219306897,0.0007802570219306897,0.1732710301876068,0.04373176395893097,0.35,0,0,600,FP32-token-IDs
RoBERTa,oef5qe,171,6,10,Ġa,a,False,emptiness,-0.0026457774724500875,0.0026457774724500875,0.11602278798818588,0.10880976915359497,0.35,0,0,600,FP32-token-IDs
RoBERTa,oef5qe,171,6,10,Ġa,a,False,hopelessness,0.020429954390662412,0.020429954390662412,0.2363830953836441,0.8784436583518982,0.35,0,1,600,FP32-token-IDs
RoBERTa,oef5qe,171,6,10,Ġa,a,False,loneliness,-0.004862005048198625,0.004862005048198625,0.4310721158981323,0.22985777258872986,0.35,0,0,600,FP32-token-IDs
RoBERTa,oef5qe,171,6,10,Ġa,a,False,sadness,0.01492828557578226,0.01492828557578226,0.24357697367668152,0.9611530303955078,0.35,1,1,600,FP32-token-IDs
RoBERTa,oef5qe,171,6,10,Ġa,a,False,suicide intent,0.008428690988027182,0.008428690988027182,0.05914437025785446,0.060972683131694794,0.35,0,0,600,FP32-token-IDs
RoBERTa,oef5qe,171,6,10,Ġa,a,False,worthlessness,-0.008463354276803633,0.008463354276803633,0.21640247106552124,0.06312473118305206,0.35,0,0,600,FP32-token-IDs
RoBERTa,oef5qe,171,7,24294,ĠMH,mh,False,anger,0.0013264829234685752,0.0013264829234685752,0.19474484026432037,0.015603374689817429,0.35,0,0,600,FP32-token-IDs
RoBERTa,oef5qe,171,7,24294,ĠMH,mh,False,brain dysfunction (forget),-0.0007802570219306897,0.0007802570219306897,0.1732710301876068,0.04373176395893097,0.35,0,0,600,FP32-token-IDs
RoBERTa,oef5qe,171,7,24294,ĠMH,mh,False,emptiness,-0.0026457774724500875,0.0026457774724500875,0.11602278798818588,0.10880976915359497,0.35,0,0,600,FP32-token-IDs
RoBERTa,oef5qe,171,7,24294,ĠMH,mh,False,hopelessness,0.020429954390662412,0.020429954390662412,0.2363830953836441,0.8784436583518982,0.35,0,1,600,FP32-token-IDs
RoBERTa,oef5qe,171,7,24294,ĠMH,mh,False,loneliness,-0.004862005048198625,0.004862005048198625,0.4310721158981323,0.22985777258872986,0.35,0,0,600,FP32-token-IDs
RoBERTa,oef5qe,171,7,24294,ĠMH,mh,False,sadness,0.01492828557578226,0.01492828557578226,0.24357697367668152,0.9611530303955078,0.35,1,1,600,FP32-token-IDs
RoBERTa,oef5qe,171,7,24294,ĠMH,mh,False,suicide intent,0.008428690988027182,0.008428690988027182,0.05914437025785446,0.060972683131694794,0.35,0,0,600,FP32-token-IDs
RoBERTa,oef5qe,171,7,24294,ĠMH,mh,False,worthlessness,-0.008463354276803633,0.008463354276803633,0.21640247106552124,0.06312473118305206,0.35,0,0,600,FP32-token-IDs
RoBERTa,oef5qe,171,8,2392,ĠHospital,hospital,False,anger,0.0013264829234685752,0.0013264829234685752,0.19474484026432037,0.015603374689817429,0.35,0,0,600,FP32-token-IDs
RoBERTa,oef5qe,171,8,2392,ĠHospital,hospital,False,brain dysfunction (forget),-0.0007802570219306897,0.0007802570219306897,0.1732710301876068,0.04373176395893097,0.35,0,0,600,FP32-token-IDs
RoBERTa,oef5qe,171,8,2392,ĠHospital,hospital,False,emptiness,-0.0026457774724500875,0.0026457774724500875,0.11602278798818588,0.10880976915359497,0.35,0,0,600,FP32-token-IDs
RoBERTa,oef5qe,171,8,2392,ĠHospital,hospital,False,hopelessness,0.020429954390662412,0.020429954390662412,0.2363830953836441,0.8784436583518982,0.35,0,1,600,FP32-token-IDs
RoBERTa,oef5qe,171,8,2392,ĠHospital,hospital,False,loneliness,-0.004862005048198625,0.004862005048198625,0.4310721158981323,0.22985777258872986,0.35,0,0,600,FP32-token-IDs
RoBERTa,oef5qe,171,8,2392,ĠHospital,hospital,False,sadness,0.01492828557578226,0.01492828557578226,0.24357697367668152,0.9611530303955078,0.35,1,1,600,FP32-token-IDs
RoBERTa,oef5qe,171,8,2392,ĠHospital,hospital,False,suicide intent,0.008428690988027182,0.008428690988027182,0.05914437025785446,0.060972683131694794,0.35,0,0,600,FP32-token-IDs
RoBERTa,oef5qe,171,8,2392,ĠHospital,hospital,False,worthlessness,-0.008463354276803633,0.008463354276803633,0.21640247106552124,0.06312473118305206,0.35,0,0,600,FP32-token-IDs
RoBERTa,oef5qe,171,9,4,.,.,False,anger,0.003024086779138694,0.003024086779138694,0.19474484026432037,0.015603374689817429,0.35,0,0,600,FP32-token-IDs
RoBERTa,oef5qe,171,9,4,.,.,False,brain dysfunction (forget),-0.0006335626414511353,0.0006335626414511353,0.1732710301876068,0.04373176395893097,0.35,0,0,600,FP32-token-IDs
RoBERTa,oef5qe,171,9,4,.,.,False,emptiness,-0.002897349911897133,0.002897349911897133,0.11602278798818588,0.10880976915359497,0.35,0,0,600,FP32-token-IDs
RoBERTa,oef5qe,171,9,4,.,.,False,hopelessness,0.012964977913846574,0.012964977913846574,0.2363830953836441,0.8784436583518982,0.35,0,1,600,FP32-token-IDs
RoBERTa,oef5qe,171,9,4,.,.,False,loneliness,-0.003902832755314497,0.003902832755314497,0.4310721158981323,0.22985777258872986,0.35,0,0,600,FP32-token-IDs
RoBERTa,oef5qe,171,9,4,.,.,False,sadness,0.011198869456226626,0.011198869456226626,0.24357697367668152,0.9611530303955078,0.35,1,1,600,FP32-token-IDs
RoBERTa,oef5qe,171,9,4,.,.,False,suicide intent,0.005519175519778704,0.005519175519778704,0.05914437025785446,0.060972683131694794,0.35,0,0,600,FP32-token-IDs
RoBERTa,oef5qe,171,9,4,.,.,False,worthlessness,-0.0045068866301638385,0.0045068866301638385,0.21640247106552124,0.06312473118305206,0.35,0,0,600,FP32-token-IDs
RoBERTa,oef5qe,171,10,653,ĠWhat,what,False,anger,-0.005499799596388281,0.005499799596388281,0.19474484026432037,0.015603374689817429,0.35,0,0,600,FP32-token-IDs
RoBERTa,oef5qe,171,10,653,ĠWhat,what,False,brain dysfunction (forget),-0.0013310685220252103,0.0013310685220252103,0.1732710301876068,0.04373176395893097,0.35,0,0,600,FP32-token-IDs
RoBERTa,oef5qe,171,10,653,ĠWhat,what,False,emptiness,-0.008604369179617303,0.008604369179617303,0.11602278798818588,0.10880976915359497,0.35,0,0,600,FP32-token-IDs
RoBERTa,oef5qe,171,10,653,ĠWhat,what,False,hopelessness,-0.008075322102134427,0.008075322102134427,0.2363830953836441,0.8784436583518982,0.35,0,1,600,FP32-token-IDs
RoBERTa,oef5qe,171,10,653,ĠWhat,what,False,loneliness,-0.011277564985599989,0.011277564985599989,0.4310721158981323,0.22985777258872986,0.35,0,0,600,FP32-token-IDs
RoBERTa,oef5qe,171,10,653,ĠWhat,what,False,sadness,-0.01908635588673254,0.01908635588673254,0.24357697367668152,0.9611530303955078,0.35,1,1,600,FP32-token-IDs
RoBERTa,oef5qe,171,10,653,ĠWhat,what,False,suicide intent,-0.008679799194699928,0.008679799194699928,0.05914437025785446,0.060972683131694794,0.35,0,0,600,FP32-token-IDs
RoBERTa,oef5qe,171,10,653,ĠWhat,what,False,worthlessness,-0.008360364387044683,0.008360364387044683,0.21640247106552124,0.06312473118305206,0.35,0,0,600,FP32-token-IDs
RoBERTa,oef5qe,171,11,109,Ġdo,do,False,anger,-0.005499799596388281,0.005499799596388281,0.19474484026432037,0.015603374689817429,0.35,0,0,600,FP32-token-IDs
RoBERTa,oef5qe,171,11,109,Ġdo,do,False,brain dysfunction (forget),-0.0013310685220252103,0.0013310685220252103,0.1732710301876068,0.04373176395893097,0.35,0,0,600,FP32-token-IDs
RoBERTa,oef5qe,171,11,109,Ġdo,do,False,emptiness,-0.008604369179617303,0.008604369179617303,0.11602278798818588,0.10880976915359497,0.35,0,0,600,FP32-token-IDs
RoBERTa,oef5qe,171,11,109,Ġdo,do,False,hopelessness,-0.008075322102134427,0.008075322102134427,0.2363830953836441,0.8784436583518982,0.35,0,1,600,FP32-token-IDs
RoBERTa,oef5qe,171,11,109,Ġdo,do,False,loneliness,-0.011277564985599989,0.011277564985599989,0.4310721158981323,0.22985777258872986,0.35,0,0,600,FP32-token-IDs
RoBERTa,oef5qe,171,11,109,Ġdo,do,False,sadness,-0.01908635588673254,0.01908635588673254,0.24357697367668152,0.9611530303955078,0.35,1,1,600,FP32-token-IDs
RoBERTa,oef5qe,171,11,109,Ġdo,do,False,suicide intent,-0.008679799194699928,0.008679799194699928,0.05914437025785446,0.060972683131694794,0.35,0,0,600,FP32-token-IDs
RoBERTa,oef5qe,171,11,109,Ġdo,do,False,worthlessness,-0.008360364387044683,0.008360364387044683,0.21640247106552124,0.06312473118305206,0.35,0,0,600,FP32-token-IDs
RoBERTa,oef5qe,171,12,939,Ġi,i,False,anger,-0.0035826599693488488,0.0035826599693488488,0.19474484026432037,0.015603374689817429,0.35,0,0,600,FP32-token-IDs
RoBERTa,oef5qe,171,12,939,Ġi,i,False,brain dysfunction (forget),-0.0014667825938280052,0.0014667825938280052,0.1732710301876068,0.04373176395893097,0.35,0,0,600,FP32-token-IDs
RoBERTa,oef5qe,171,12,939,Ġi,i,False,emptiness,-0.008830275963797854,0.008830275963797854,0.11602278798818588,0.10880976915359497,0.35,0,0,600,FP32-token-IDs
RoBERTa,oef5qe,171,12,939,Ġi,i,False,hopelessness,-0.011061677786832055,0.011061677786832055,0.2363830953836441,0.8784436583518982,0.35,0,1,600,FP32-token-IDs
RoBERTa,oef5qe,171,12,939,Ġi,i,False,loneliness,-0.01191949327282297,0.01191949327282297,0.4310721158981323,0.22985777258872986,0.35,0,0,600,FP32-token-IDs
RoBERTa,oef5qe,171,12,939,Ġi,i,False,sadness,-0.015481798521553477,0.015481798521553477,0.24357697367668152,0.9611530303955078,0.35,1,1,600,FP32-token-IDs
RoBERTa,oef5qe,171,12,939,Ġi,i,False,suicide intent,-0.00646329413333054,0.00646329413333054,0.05914437025785446,0.060972683131694794,0.35,0,0,600,FP32-token-IDs
RoBERTa,oef5qe,171,12,939,Ġi,i,False,worthlessness,-0.009381507785292342,0.009381507785292342,0.21640247106552124,0.06312473118305206,0.35,0,0,600,FP32-token-IDs
RoBERTa,oef5qe,171,13,240,Ġneed,need,False,anger,-0.0035826599693488488,0.0035826599693488488,0.19474484026432037,0.015603374689817429,0.35,0,0,600,FP32-token-IDs
RoBERTa,oef5qe,171,13,240,Ġneed,need,False,brain dysfunction (forget),-0.0014667825938280052,0.0014667825938280052,0.1732710301876068,0.04373176395893097,0.35,0,0,600,FP32-token-IDs
RoBERTa,oef5qe,171,13,240,Ġneed,need,False,emptiness,-0.008830275963797854,0.008830275963797854,0.11602278798818588,0.10880976915359497,0.35,0,0,600,FP32-token-IDs
RoBERTa,oef5qe,171,13,240,Ġneed,need,False,hopelessness,-0.011061677786832055,0.011061677786832055,0.2363830953836441,0.8784436583518982,0.35,0,1,600,FP32-token-IDs
RoBERTa,oef5qe,171,13,240,Ġneed,need,False,loneliness,-0.01191949327282297,0.01191949327282297,0.4310721158981323,0.22985777258872986,0.35,0,0,600,FP32-token-IDs
RoBERTa,oef5qe,171,13,240,Ġneed,need,False,sadness,-0.015481798521553477,0.015481798521553477,0.24357697367668152,0.9611530303955078,0.35,1,1,600,FP32-token-IDs
RoBERTa,oef5qe,171,13,240,Ġneed,need,False,suicide intent,-0.00646329413333054,0.00646329413333054,0.05914437025785446,0.060972683131694794,0.35,0,0,600,FP32-token-IDs
RoBERTa,oef5qe,171,13,240,Ġneed,need,False,worthlessness,-0.009381507785292342,0.009381507785292342,0.21640247106552124,0.06312473118305206,0.35,0,0,600,FP32-token-IDs
RoBERTa,oef5qe,171,14,7,Ġto,to,False,anger,-0.0069955110690595275,0.0069955110690595275,0.19474484026432037,0.015603374689817429,0.35,0,0,600,FP32-token-IDs
RoBERTa,oef5qe,171,14,7,Ġto,to,False,brain dysfunction (forget),-0.007480742050878082,0.007480742050878082,0.1732710301876068,0.04373176395893097,0.35,0,0,600,FP32-token-IDs
RoBERTa,oef5qe,171,14,7,Ġto,to,False,emptiness,-0.0073271668031035615,0.0073271668031035615,0.11602278798818588,0.10880976915359497,0.35,0,0,600,FP32-token-IDs
RoBERTa,oef5qe,171,14,7,Ġto,to,False,hopelessness,-0.006941319753726323,0.006941319753726323,0.2363830953836441,0.8784436583518982,0.35,0,1,600,FP32-token-IDs
RoBERTa,oef5qe,171,14,7,Ġto,to,False,loneliness,-0.019083288333301123,0.019083288333301123,0.4310721158981323,0.22985777258872986,0.35,0,0,600,FP32-token-IDs
RoBERTa,oef5qe,171,14,7,Ġto,to,False,sadness,-0.0042140160997708636,0.0042140160997708636,0.24357697367668152,0.9611530303955078,0.35,1,1,600,FP32-token-IDs
RoBERTa,oef5qe,171,14,7,Ġto,to,False,suicide intent,-0.011415577847704602,0.011415577847704602,0.05914437025785446,0.060972683131694794,0.35,0,0,600,FP32-token-IDs
RoBERTa,oef5qe,171,14,7,Ġto,to,False,worthlessness,-0.003767105226870626,0.003767105226870626,0.21640247106552124,0.06312473118305206,0.35,0,0,600,FP32-token-IDs
RoBERTa,oef5qe,171,15,1057,Ġexpect,expect,False,anger,-0.0069955110690595275,0.0069955110690595275,0.19474484026432037,0.015603374689817429,0.35,0,0,600,FP32-token-IDs
RoBERTa,oef5qe,171,15,1057,Ġexpect,expect,False,brain dysfunction (forget),-0.007480742050878082,0.007480742050878082,0.1732710301876068,0.04373176395893097,0.35,0,0,600,FP32-token-IDs
RoBERTa,oef5qe,171,15,1057,Ġexpect,expect,False,emptiness,-0.0073271668031035615,0.0073271668031035615,0.11602278798818588,0.10880976915359497,0.35,0,0,600,FP32-token-IDs
RoBERTa,oef5qe,171,15,1057,Ġexpect,expect,False,hopelessness,-0.006941319753726323,0.006941319753726323,0.2363830953836441,0.8784436583518982,0.35,0,1,600,FP32-token-IDs
RoBERTa,oef5qe,171,15,1057,Ġexpect,expect,False,loneliness,-0.019083288333301123,0.019083288333301123,0.4310721158981323,0.22985777258872986,0.35,0,0,600,FP32-token-IDs
RoBERTa,oef5qe,171,15,1057,Ġexpect,expect,False,sadness,-0.0042140160997708636,0.0042140160997708636,0.24357697367668152,0.9611530303955078,0.35,1,1,600,FP32-token-IDs
RoBERTa,oef5qe,171,15,1057,Ġexpect,expect,False,suicide intent,-0.011415577847704602,0.011415577847704602,0.05914437025785446,0.060972683131694794,0.35,0,0,600,FP32-token-IDs
RoBERTa,oef5qe,171,15,1057,Ġexpect,expect,False,worthlessness,-0.003767105226870626,0.003767105226870626,0.21640247106552124,0.06312473118305206,0.35,0,0,600,FP32-token-IDs
RoBERTa,oef5qe,171,16,116,?,?,False,anger,0.0007960734892549226,0.0007960734892549226,0.19474484026432037,0.015603374689817429,0.35,0,0,600,FP32-token-IDs
RoBERTa,oef5qe,171,16,116,?,?,False,brain dysfunction (forget),-0.0009207824332406744,0.0009207824332406744,0.1732710301876068,0.04373176395893097,0.35,0,0,600,FP32-token-IDs
RoBERTa,oef5qe,171,16,116,?,?,False,emptiness,0.005579215790930903,0.005579215790930903,0.11602278798818588,0.10880976915359497,0.35,0,0,600,FP32-token-IDs
RoBERTa,oef5qe,171,16,116,?,?,False,hopelessness,0.02943972748471424,0.02943972748471424,0.2363830953836441,0.8784436583518982,0.35,0,1,600,FP32-token-IDs
RoBERTa,oef5qe,171,16,116,?,?,False,loneliness,0.001815950086893281,0.001815950086893281,0.4310721158981323,0.22985777258872986,0.35,0,0,600,FP32-token-IDs
RoBERTa,oef5qe,171,16,116,?,?,False,sadness,0.02041078533511609,0.02041078533511609,0.24357697367668152,0.9611530303955078,0.35,1,1,600,FP32-token-IDs
RoBERTa,oef5qe,171,16,116,?,?,False,suicide intent,4.323525899962988e-05,4.323525899962988e-05,0.05914437025785446,0.060972683131694794,0.35,0,0,600,FP32-token-IDs
RoBERTa,oef5qe,171,16,116,?,?,False,worthlessness,0.012075121747329831,0.012075121747329831,0.21640247106552124,0.06312473118305206,0.35,0,0,600,FP32-token-IDs
RoBERTa,oef5qe,171,17,22560,Ġ###,#,False,anger,0.0007960734892549226,0.0007960734892549226,0.19474484026432037,0.015603374689817429,0.35,0,0,600,FP32-token-IDs
RoBERTa,oef5qe,171,17,22560,Ġ###,#,False,brain dysfunction (forget),-0.0009207824332406744,0.0009207824332406744,0.1732710301876068,0.04373176395893097,0.35,0,0,600,FP32-token-IDs
RoBERTa,oef5qe,171,17,22560,Ġ###,#,False,emptiness,0.005579215790930903,0.005579215790930903,0.11602278798818588,0.10880976915359497,0.35,0,0,600,FP32-token-IDs
RoBERTa,oef5qe,171,17,22560,Ġ###,#,False,hopelessness,0.02943972748471424,0.02943972748471424,0.2363830953836441,0.8784436583518982,0.35,0,1,600,FP32-token-IDs
RoBERTa,oef5qe,171,17,22560,Ġ###,#,False,loneliness,0.001815950086893281,0.001815950086893281,0.4310721158981323,0.22985777258872986,0.35,0,0,600,FP32-token-IDs
RoBERTa,oef5qe,171,17,22560,Ġ###,#,False,sadness,0.02041078533511609,0.02041078533511609,0.24357697367668152,0.9611530303955078,0.35,1,1,600,FP32-token-IDs
RoBERTa,oef5qe,171,17,22560,Ġ###,#,False,suicide intent,4.323525899962988e-05,4.323525899962988e-05,0.05914437025785446,0.060972683131694794,0.35,0,0,600,FP32-token-IDs
RoBERTa,oef5qe,171,17,22560,Ġ###,#,False,worthlessness,0.012075121747329831,0.012075121747329831,0.21640247106552124,0.06312473118305206,0.35,0,0,600,FP32-token-IDs
RoBERTa,oef5qe,171,18,38,ĠI,i,False,anger,0.0005470272390084574,0.0005470272390084574,0.19474484026432037,0.015603374689817429,0.35,0,0,600,FP32-token-IDs
RoBERTa,oef5qe,171,18,38,ĠI,i,False,brain dysfunction (forget),-0.0009857898694463074,0.0009857898694463074,0.1732710301876068,0.04373176395893097,0.35,0,0,600,FP32-token-IDs
RoBERTa,oef5qe,171,18,38,ĠI,i,False,emptiness,0.005515020046004793,0.005515020046004793,0.11602278798818588,0.10880976915359497,0.35,0,0,600,FP32-token-IDs
RoBERTa,oef5qe,171,18,38,ĠI,i,False,hopelessness,0.028155327949207276,0.028155327949207276,0.2363830953836441,0.8784436583518982,0.35,0,1,600,FP32-token-IDs
RoBERTa,oef5qe,171,18,38,ĠI,i,False,loneliness,0.0033030519807653036,0.0033030519807653036,0.4310721158981323,0.22985777258872986,0.35,0,0,600,FP32-token-IDs
RoBERTa,oef5qe,171,18,38,ĠI,i,False,sadness,0.0216449968283996,0.0216449968283996,0.24357697367668152,0.9611530303955078,0.35,1,1,600,FP32-token-IDs
RoBERTa,oef5qe,171,18,38,ĠI,i,False,suicide intent,0.00011284639731456991,0.00011284639731456991,0.05914437025785446,0.060972683131694794,0.35,0,0,600,FP32-token-IDs
RoBERTa,oef5qe,171,18,38,ĠI,i,False,worthlessness,0.00971606478560716,0.00971606478560716,0.21640247106552124,0.06312473118305206,0.35,0,0,600,FP32-token-IDs
RoBERTa,oef5qe,171,19,437,'m,'m,False,anger,0.0005470272390084574,0.0005470272390084574,0.19474484026432037,0.015603374689817429,0.35,0,0,600,FP32-token-IDs
RoBERTa,oef5qe,171,19,437,'m,'m,False,brain dysfunction (forget),-0.0009857898694463074,0.0009857898694463074,0.1732710301876068,0.04373176395893097,0.35,0,0,600,FP32-token-IDs
RoBERTa,oef5qe,171,19,437,'m,'m,False,emptiness,0.005515020046004793,0.005515020046004793,0.11602278798818588,0.10880976915359497,0.35,0,0,600,FP32-token-IDs
RoBERTa,oef5qe,171,19,437,'m,'m,False,hopelessness,0.028155327949207276,0.028155327949207276,0.2363830953836441,0.8784436583518982,0.35,0,1,600,FP32-token-IDs
RoBERTa,oef5qe,171,19,437,'m,'m,False,loneliness,0.0033030519807653036,0.0033030519807653036,0.4310721158981323,0.22985777258872986,0.35,0,0,600,FP32-token-IDs
RoBERTa,oef5qe,171,19,437,'m,'m,False,sadness,0.0216449968283996,0.0216449968283996,0.24357697367668152,0.9611530303955078,0.35,1,1,600,FP32-token-IDs
RoBERTa,oef5qe,171,19,437,'m,'m,False,suicide intent,0.00011284639731456991,0.00011284639731456991,0.05914437025785446,0.060972683131694794,0.35,0,0,600,FP32-token-IDs
RoBERTa,oef5qe,171,19,437,'m,'m,False,worthlessness,0.00971606478560716,0.00971606478560716,0.21640247106552124,0.06312473118305206,0.35,0,0,600,FP32-token-IDs
RoBERTa,oef5qe,171,20,5861,Ġconstantly,constantly,False,anger,-0.007509237615522579,0.007509237615522579,0.19474484026432037,0.015603374689817429,0.35,0,0,600,FP32-token-IDs
RoBERTa,oef5qe,171,20,5861,Ġconstantly,constantly,False,brain dysfunction (forget),0.0031500569166382775,0.0031500569166382775,0.1732710301876068,0.04373176395893097,0.35,0,0,600,FP32-token-IDs
RoBERTa,oef5qe,171,20,5861,Ġconstantly,constantly,False,emptiness,0.012384648693114286,0.012384648693114286,0.11602278798818588,0.10880976915359497,0.35,0,0,600,FP32-token-IDs
RoBERTa,oef5qe,171,20,5861,Ġconstantly,constantly,False,hopelessness,0.0278429621248506,0.0278429621248506,0.2363830953836441,0.8784436583518982,0.35,0,1,600,FP32-token-IDs
RoBERTa,oef5qe,171,20,5861,Ġconstantly,constantly,False,loneliness,0.023940792478242656,0.023940792478242656,0.4310721158981323,0.22985777258872986,0.35,0,0,600,FP32-token-IDs
RoBERTa,oef5qe,171,20,5861,Ġconstantly,constantly,False,sadness,0.0331302989507094,0.0331302989507094,0.24357697367668152,0.9611530303955078,0.35,1,1,600,FP32-token-IDs
RoBERTa,oef5qe,171,20,5861,Ġconstantly,constantly,False,suicide intent,-0.0006758632916898932,0.0006758632916898932,0.05914437025785446,0.060972683131694794,0.35,0,0,600,FP32-token-IDs
RoBERTa,oef5qe,171,20,5861,Ġconstantly,constantly,False,worthlessness,0.004817398061277345,0.004817398061277345,0.21640247106552124,0.06312473118305206,0.35,0,0,600,FP32-token-IDs
RoBERTa,oef5qe,171,21,2053,Ġthinking,thinking,False,anger,-0.007509237615522579,0.007509237615522579,0.19474484026432037,0.015603374689817429,0.35,0,0,600,FP32-token-IDs
RoBERTa,oef5qe,171,21,2053,Ġthinking,thinking,False,brain dysfunction (forget),0.0031500569166382775,0.0031500569166382775,0.1732710301876068,0.04373176395893097,0.35,0,0,600,FP32-token-IDs
RoBERTa,oef5qe,171,21,2053,Ġthinking,thinking,False,emptiness,0.012384648693114286,0.012384648693114286,0.11602278798818588,0.10880976915359497,0.35,0,0,600,FP32-token-IDs
RoBERTa,oef5qe,171,21,2053,Ġthinking,thinking,False,hopelessness,0.0278429621248506,0.0278429621248506,0.2363830953836441,0.8784436583518982,0.35,0,1,600,FP32-token-IDs
RoBERTa,oef5qe,171,21,2053,Ġthinking,thinking,False,loneliness,0.023940792478242656,0.023940792478242656,0.4310721158981323,0.22985777258872986,0.35,0,0,600,FP32-token-IDs
RoBERTa,oef5qe,171,21,2053,Ġthinking,thinking,False,sadness,0.0331302989507094,0.0331302989507094,0.24357697367668152,0.9611530303955078,0.35,1,1,600,FP32-token-IDs
RoBERTa,oef5qe,171,21,2053,Ġthinking,thinking,False,suicide intent,-0.0006758632916898932,0.0006758632916898932,0.05914437025785446,0.060972683131694794,0.35,0,0,600,FP32-token-IDs
RoBERTa,oef5qe,171,21,2053,Ġthinking,thinking,False,worthlessness,0.004817398061277345,0.004817398061277345,0.21640247106552124,0.06312473118305206,0.35,0,0,600,FP32-token-IDs
RoBERTa,oef5qe,171,22,59,Ġabout,about,False,anger,-0.007824928130503395,0.007824928130503395,0.19474484026432037,0.015603374689817429,0.35,0,0,600,FP32-token-IDs
RoBERTa,oef5qe,171,22,59,Ġabout,about,False,brain dysfunction (forget),0.0003834536619251594,0.0003834536619251594,0.1732710301876068,0.04373176395893097,0.35,0,0,600,FP32-token-IDs
RoBERTa,oef5qe,171,22,59,Ġabout,about,False,emptiness,0.023276930394786177,0.023276930394786177,0.11602278798818588,0.10880976915359497,0.35,0,0,600,FP32-token-IDs
RoBERTa,oef5qe,171,22,59,Ġabout,about,False,hopelessness,0.027111991017591208,0.027111991017591208,0.2363830953836441,0.8784436583518982,0.35,0,1,600,FP32-token-IDs
RoBERTa,oef5qe,171,22,59,Ġabout,about,False,loneliness,0.03714453888460412,0.03714453888460412,0.4310721158981323,0.22985777258872986,0.35,0,0,600,FP32-token-IDs
RoBERTa,oef5qe,171,22,59,Ġabout,about,False,sadness,0.033969708369113505,0.033969708369113505,0.24357697367668152,0.9611530303955078,0.35,1,1,600,FP32-token-IDs
RoBERTa,oef5qe,171,22,59,Ġabout,about,False,suicide intent,-0.0011133208536193706,0.0011133208536193706,0.05914437025785446,0.060972683131694794,0.35,0,0,600,FP32-token-IDs
RoBERTa,oef5qe,171,22,59,Ġabout,about,False,worthlessness,0.006325418857159093,0.006325418857159093,0.21640247106552124,0.06312473118305206,0.35,0,0,600,FP32-token-IDs
RoBERTa,oef5qe,171,23,45,Ġnot,not,False,anger,-0.007824928130503395,0.007824928130503395,0.19474484026432037,0.015603374689817429,0.35,0,0,600,FP32-token-IDs
RoBERTa,oef5qe,171,23,45,Ġnot,not,False,brain dysfunction (forget),0.0003834536619251594,0.0003834536619251594,0.1732710301876068,0.04373176395893097,0.35,0,0,600,FP32-token-IDs
RoBERTa,oef5qe,171,23,45,Ġnot,not,False,emptiness,0.023276930394786177,0.023276930394786177,0.11602278798818588,0.10880976915359497,0.35,0,0,600,FP32-token-IDs
RoBERTa,oef5qe,171,23,45,Ġnot,not,False,hopelessness,0.027111991017591208,0.027111991017591208,0.2363830953836441,0.8784436583518982,0.35,0,1,600,FP32-token-IDs
RoBERTa,oef5qe,171,23,45,Ġnot,not,False,loneliness,0.03714453888460412,0.03714453888460412,0.4310721158981323,0.22985777258872986,0.35,0,0,600,FP32-token-IDs
RoBERTa,oef5qe,171,23,45,Ġnot,not,False,sadness,0.033969708369113505,0.033969708369113505,0.24357697367668152,0.9611530303955078,0.35,1,1,600,FP32-token-IDs
RoBERTa,oef5qe,171,23,45,Ġnot,not,False,suicide intent,-0.0011133208536193706,0.0011133208536193706,0.05914437025785446,0.060972683131694794,0.35,0,0,600,FP32-token-IDs
RoBERTa,oef5qe,171,23,45,Ġnot,not,False,worthlessness,0.006325418857159093,0.006325418857159093,0.21640247106552124,0.06312473118305206,0.35,0,0,600,FP32-token-IDs
RoBERTa,oef5qe,171,24,145,Ġbeing,being,False,anger,-0.0072637450703041395,0.0072637450703041395,0.19474484026432037,0.015603374689817429,0.35,0,0,600,FP32-token-IDs
RoBERTa,oef5qe,171,24,145,Ġbeing,being,False,brain dysfunction (forget),-0.011161303179202756,0.011161303179202756,0.1732710301876068,0.04373176395893097,0.35,0,0,600,FP32-token-IDs
RoBERTa,oef5qe,171,24,145,Ġbeing,being,False,emptiness,0.05242414101182173,0.05242414101182173,0.11602278798818588,0.10880976915359497,0.35,0,0,600,FP32-token-IDs
RoBERTa,oef5qe,171,24,145,Ġbeing,being,False,hopelessness,0.048837467368381716,0.048837467368381716,0.2363830953836441,0.8784436583518982,0.35,0,1,600,FP32-token-IDs
RoBERTa,oef5qe,171,24,145,Ġbeing,being,False,loneliness,0.07930328545868784,0.07930328545868784,0.4310721158981323,0.22985777258872986,0.35,0,0,600,FP32-token-IDs
RoBERTa,oef5qe,171,24,145,Ġbeing,being,False,sadness,0.04977633551849673,0.04977633551849673,0.24357697367668152,0.9611530303955078,0.35,1,1,600,FP32-token-IDs
RoBERTa,oef5qe,171,24,145,Ġbeing,being,False,suicide intent,0.002110407821722523,0.002110407821722523,0.05914437025785446,0.060972683131694794,0.35,0,0,600,FP32-token-IDs
RoBERTa,oef5qe,171,24,145,Ġbeing,being,False,worthlessness,0.026713246819175158,0.026713246819175158,0.21640247106552124,0.06312473118305206,0.35,0,0,600,FP32-token-IDs
RoBERTa,oef5qe,171,25,259,Ġhere,here,False,anger,-0.0072637450703041395,0.0072637450703041395,0.19474484026432037,0.015603374689817429,0.35,0,0,600,FP32-token-IDs
RoBERTa,oef5qe,171,25,259,Ġhere,here,False,brain dysfunction (forget),-0.011161303179202756,0.011161303179202756,0.1732710301876068,0.04373176395893097,0.35,0,0,600,FP32-token-IDs
RoBERTa,oef5qe,171,25,259,Ġhere,here,False,emptiness,0.05242414101182173,0.05242414101182173,0.11602278798818588,0.10880976915359497,0.35,0,0,600,FP32-token-IDs
RoBERTa,oef5qe,171,25,259,Ġhere,here,False,hopelessness,0.048837467368381716,0.048837467368381716,0.2363830953836441,0.8784436583518982,0.35,0,1,600,FP32-token-IDs
RoBERTa,oef5qe,171,25,259,Ġhere,here,False,loneliness,0.07930328545868784,0.07930328545868784,0.4310721158981323,0.22985777258872986,0.35,0,0,600,FP32-token-IDs
RoBERTa,oef5qe,171,25,259,Ġhere,here,False,sadness,0.04977633551849673,0.04977633551849673,0.24357697367668152,0.9611530303955078,0.35,1,1,600,FP32-token-IDs
RoBERTa,oef5qe,171,25,259,Ġhere,here,False,suicide intent,0.002110407821722523,0.002110407821722523,0.05914437025785446,0.060972683131694794,0.35,0,0,600,FP32-token-IDs
RoBERTa,oef5qe,171,25,259,Ġhere,here,False,worthlessness,0.026713246819175158,0.026713246819175158,0.21640247106552124,0.06312473118305206,0.35,0,0,600,FP32-token-IDs
RoBERTa,oef5qe,171,26,5988,Ġanymore,anymore,False,anger,-0.009605702292901697,0.009605702292901697,0.19474484026432037,0.015603374689817429,0.35,0,0,600,FP32-token-IDs
RoBERTa,oef5qe,171,26,5988,Ġanymore,anymore,False,brain dysfunction (forget),-0.016052197274499726,0.016052197274499726,0.1732710301876068,0.04373176395893097,0.35,0,0,600,FP32-token-IDs
RoBERTa,oef5qe,171,26,5988,Ġanymore,anymore,False,emptiness,0.046455891958127424,0.046455891958127424,0.11602278798818588,0.10880976915359497,0.35,0,0,600,FP32-token-IDs
RoBERTa,oef5qe,171,26,5988,Ġanymore,anymore,False,hopelessness,0.04981614967497686,0.04981614967497686,0.2363830953836441,0.8784436583518982,0.35,0,1,600,FP32-token-IDs
RoBERTa,oef5qe,171,26,5988,Ġanymore,anymore,False,loneliness,0.08423442484005741,0.08423442484005741,0.4310721158981323,0.22985777258872986,0.35,0,0,600,FP32-token-IDs
RoBERTa,oef5qe,171,26,5988,Ġanymore,anymore,False,sadness,0.0531225836991022,0.0531225836991022,0.24357697367668152,0.9611530303955078,0.35,1,1,600,FP32-token-IDs
RoBERTa,oef5qe,171,26,5988,Ġanymore,anymore,False,suicide intent,0.004191486420798659,0.004191486420798659,0.05914437025785446,0.060972683131694794,0.35,0,0,600,FP32-token-IDs
RoBERTa,oef5qe,171,26,5988,Ġanymore,anymore,False,worthlessness,0.007640579676566024,0.007640579676566024,0.21640247106552124,0.06312473118305206,0.35,0,0,600,FP32-token-IDs
RoBERTa,oef5qe,171,27,53,Ġbut,but,False,anger,-0.015375115181086585,0.015375115181086585,0.19474484026432037,0.015603374689817429,0.35,0,0,600,FP32-token-IDs
RoBERTa,oef5qe,171,27,53,Ġbut,but,False,brain dysfunction (forget),-0.007643306344107259,0.007643306344107259,0.1732710301876068,0.04373176395893097,0.35,0,0,600,FP32-token-IDs
RoBERTa,oef5qe,171,27,53,Ġbut,but,False,emptiness,-0.016488883877173066,0.016488883877173066,0.11602278798818588,0.10880976915359497,0.35,0,0,600,FP32-token-IDs
RoBERTa,oef5qe,171,27,53,Ġbut,but,False,hopelessness,-0.022372248582541943,0.022372248582541943,0.2363830953836441,0.8784436583518982,0.35,0,1,600,FP32-token-IDs
RoBERTa,oef5qe,171,27,53,Ġbut,but,False,loneliness,-0.006087028777983505,0.006087028777983505,0.4310721158981323,0.22985777258872986,0.35,0,0,600,FP32-token-IDs
RoBERTa,oef5qe,171,27,53,Ġbut,but,False,sadness,-0.002527864184230566,0.002527864184230566,0.24357697367668152,0.9611530303955078,0.35,1,1,600,FP32-token-IDs
RoBERTa,oef5qe,171,27,53,Ġbut,but,False,suicide intent,0.001148326977272518,0.001148326977272518,0.05914437025785446,0.060972683131694794,0.35,0,0,600,FP32-token-IDs
RoBERTa,oef5qe,171,27,53,Ġbut,but,False,worthlessness,-0.05420741887064651,0.05420741887064651,0.21640247106552124,0.06312473118305206,0.35,0,0,600,FP32-token-IDs
RoBERTa,oef5qe,171,28,14,Ġthat,that,False,anger,0.0014338796590313977,0.0014338796590313977,0.19474484026432037,0.015603374689817429,0.35,0,0,600,FP32-token-IDs
RoBERTa,oef5qe,171,28,14,Ġthat,that,False,brain dysfunction (forget),-0.005706207755475401,0.005706207755475401,0.1732710301876068,0.04373176395893097,0.35,0,0,600,FP32-token-IDs
RoBERTa,oef5qe,171,28,14,Ġthat,that,False,emptiness,0.008541420566741311,0.008541420566741311,0.11602278798818588,0.10880976915359497,0.35,0,0,600,FP32-token-IDs
RoBERTa,oef5qe,171,28,14,Ġthat,that,False,hopelessness,0.015737955273676014,0.015737955273676014,0.2363830953836441,0.8784436583518982,0.35,0,1,600,FP32-token-IDs
RoBERTa,oef5qe,171,28,14,Ġthat,that,False,loneliness,0.005259670502421195,0.005259670502421195,0.4310721158981323,0.22985777258872986,0.35,0,0,600,FP32-token-IDs
RoBERTa,oef5qe,171,28,14,Ġthat,that,False,sadness,0.006653843405065201,0.006653843405065201,0.24357697367668152,0.9611530303955078,0.35,1,1,600,FP32-token-IDs
RoBERTa,oef5qe,171,28,14,Ġthat,that,False,suicide intent,-0.00180276913387287,0.00180276913387287,0.05914437025785446,0.060972683131694794,0.35,0,0,600,FP32-token-IDs
RoBERTa,oef5qe,171,28,14,Ġthat,that,False,worthlessness,0.014057767592540977,0.014057767592540977,0.21640247106552124,0.06312473118305206,0.35,0,0,600,FP32-token-IDs
RoBERTa,oef5qe,171,29,18,'s,'s,False,anger,0.0014338796590313977,0.0014338796590313977,0.19474484026432037,0.015603374689817429,0.35,0,0,600,FP32-token-IDs
RoBERTa,oef5qe,171,29,18,'s,'s,False,brain dysfunction (forget),-0.005706207755475401,0.005706207755475401,0.1732710301876068,0.04373176395893097,0.35,0,0,600,FP32-token-IDs
RoBERTa,oef5qe,171,29,18,'s,'s,False,emptiness,0.008541420566741311,0.008541420566741311,0.11602278798818588,0.10880976915359497,0.35,0,0,600,FP32-token-IDs
RoBERTa,oef5qe,171,29,18,'s,'s,False,hopelessness,0.015737955273676014,0.015737955273676014,0.2363830953836441,0.8784436583518982,0.35,0,1,600,FP32-token-IDs
RoBERTa,oef5qe,171,29,18,'s,'s,False,loneliness,0.005259670502421195,0.005259670502421195,0.4310721158981323,0.22985777258872986,0.35,0,0,600,FP32-token-IDs
RoBERTa,oef5qe,171,29,18,'s,'s,False,sadness,0.006653843405065201,0.006653843405065201,0.24357697367668152,0.9611530303955078,0.35,1,1,600,FP32-token-IDs
RoBERTa,oef5qe,171,29,18,'s,'s,False,suicide intent,-0.00180276913387287,0.00180276913387287,0.05914437025785446,0.060972683131694794,0.35,0,0,600,FP32-token-IDs
RoBERTa,oef5qe,171,29,18,'s,'s,False,worthlessness,0.014057767592540977,0.014057767592540977,0.21640247106552124,0.06312473118305206,0.35,0,0,600,FP32-token-IDs
RoBERTa,oef5qe,171,30,45,Ġnot,not,False,anger,0.002029849301776729,0.002029849301776729,0.19474484026432037,0.015603374689817429,0.35,0,0,600,FP32-token-IDs
RoBERTa,oef5qe,171,30,45,Ġnot,not,False,brain dysfunction (forget),-0.0057364768741997915,0.0057364768741997915,0.1732710301876068,0.04373176395893097,0.35,0,0,600,FP32-token-IDs
RoBERTa,oef5qe,171,30,45,Ġnot,not,False,emptiness,0.008574566468139113,0.008574566468139113,0.11602278798818588,0.10880976915359497,0.35,0,0,600,FP32-token-IDs
RoBERTa,oef5qe,171,30,45,Ġnot,not,False,hopelessness,0.019466432092326975,0.019466432092326975,0.2363830953836441,0.8784436583518982,0.35,0,1,600,FP32-token-IDs
RoBERTa,oef5qe,171,30,45,Ġnot,not,False,loneliness,0.004847512591079558,0.004847512591079558,0.4310721158981323,0.22985777258872986,0.35,0,0,600,FP32-token-IDs
RoBERTa,oef5qe,171,30,45,Ġnot,not,False,sadness,0.009402332784948014,0.009402332784948014,0.24357697367668152,0.9611530303955078,0.35,1,1,600,FP32-token-IDs
RoBERTa,oef5qe,171,30,45,Ġnot,not,False,suicide intent,-0.001868491403810266,0.001868491403810266,0.05914437025785446,0.060972683131694794,0.35,0,0,600,FP32-token-IDs
RoBERTa,oef5qe,171,30,45,Ġnot,not,False,worthlessness,0.014758290534311009,0.014758290534311009,0.21640247106552124,0.06312473118305206,0.35,0,0,600,FP32-token-IDs
RoBERTa,oef5qe,171,31,99,Ġwhat,what,False,anger,0.002029849301776729,0.002029849301776729,0.19474484026432037,0.015603374689817429,0.35,0,0,600,FP32-token-IDs
RoBERTa,oef5qe,171,31,99,Ġwhat,what,False,brain dysfunction (forget),-0.0057364768741997915,0.0057364768741997915,0.1732710301876068,0.04373176395893097,0.35,0,0,600,FP32-token-IDs
RoBERTa,oef5qe,171,31,99,Ġwhat,what,False,emptiness,0.008574566468139113,0.008574566468139113,0.11602278798818588,0.10880976915359497,0.35,0,0,600,FP32-token-IDs
RoBERTa,oef5qe,171,31,99,Ġwhat,what,False,hopelessness,0.019466432092326975,0.019466432092326975,0.2363830953836441,0.8784436583518982,0.35,0,1,600,FP32-token-IDs
RoBERTa,oef5qe,171,31,99,Ġwhat,what,False,loneliness,0.004847512591079558,0.004847512591079558,0.4310721158981323,0.22985777258872986,0.35,0,0,600,FP32-token-IDs
RoBERTa,oef5qe,171,31,99,Ġwhat,what,False,sadness,0.009402332784948014,0.009402332784948014,0.24357697367668152,0.9611530303955078,0.35,1,1,600,FP32-token-IDs
RoBERTa,oef5qe,171,31,99,Ġwhat,what,False,suicide intent,-0.001868491403810266,0.001868491403810266,0.05914437025785446,0.060972683131694794,0.35,0,0,600,FP32-token-IDs
RoBERTa,oef5qe,171,31,99,Ġwhat,what,False,worthlessness,0.014758290534311009,0.014758290534311009,0.21640247106552124,0.06312473118305206,0.35,0,0,600,FP32-token-IDs
RoBERTa,oef5qe,171,32,38,ĠI,i,False,anger,0.000974255707784785,0.000974255707784785,0.19474484026432037,0.015603374689817429,0.35,0,0,600,FP32-token-IDs
RoBERTa,oef5qe,171,32,38,ĠI,i,False,brain dysfunction (forget),-0.005766578271914835,0.005766578271914835,0.1732710301876068,0.04373176395893097,0.35,0,0,600,FP32-token-IDs
RoBERTa,oef5qe,171,32,38,ĠI,i,False,emptiness,0.009346208852782313,0.009346208852782313,0.11602278798818588,0.10880976915359497,0.35,0,0,600,FP32-token-IDs
RoBERTa,oef5qe,171,32,38,ĠI,i,False,hopelessness,0.01820774022637615,0.01820774022637615,0.2363830953836441,0.8784436583518982,0.35,0,1,600,FP32-token-IDs
RoBERTa,oef5qe,171,32,38,ĠI,i,False,loneliness,0.0027505018621764425,0.0027505018621764425,0.4310721158981323,0.22985777258872986,0.35,0,0,600,FP32-token-IDs
RoBERTa,oef5qe,171,32,38,ĠI,i,False,sadness,0.003811903837476931,0.003811903837476931,0.24357697367668152,0.9611530303955078,0.35,1,1,600,FP32-token-IDs
RoBERTa,oef5qe,171,32,38,ĠI,i,False,suicide intent,0.000194249640400004,0.000194249640400004,0.05914437025785446,0.060972683131694794,0.35,0,0,600,FP32-token-IDs
RoBERTa,oef5qe,171,32,38,ĠI,i,False,worthlessness,0.016307828873479074,0.016307828873479074,0.21640247106552124,0.06312473118305206,0.35,0,0,600,FP32-token-IDs
RoBERTa,oef5qe,171,33,236,Ġwant,want,False,anger,0.000974255707784785,0.000974255707784785,0.19474484026432037,0.015603374689817429,0.35,0,0,600,FP32-token-IDs
RoBERTa,oef5qe,171,33,236,Ġwant,want,False,brain dysfunction (forget),-0.005766578271914835,0.005766578271914835,0.1732710301876068,0.04373176395893097,0.35,0,0,600,FP32-token-IDs
RoBERTa,oef5qe,171,33,236,Ġwant,want,False,emptiness,0.009346208852782313,0.009346208852782313,0.11602278798818588,0.10880976915359497,0.35,0,0,600,FP32-token-IDs
RoBERTa,oef5qe,171,33,236,Ġwant,want,False,hopelessness,0.01820774022637615,0.01820774022637615,0.2363830953836441,0.8784436583518982,0.35,0,1,600,FP32-token-IDs
RoBERTa,oef5qe,171,33,236,Ġwant,want,False,loneliness,0.0027505018621764425,0.0027505018621764425,0.4310721158981323,0.22985777258872986,0.35,0,0,600,FP32-token-IDs
RoBERTa,oef5qe,171,33,236,Ġwant,want,False,sadness,0.003811903837476931,0.003811903837476931,0.24357697367668152,0.9611530303955078,0.35,1,1,600,FP32-token-IDs
RoBERTa,oef5qe,171,33,236,Ġwant,want,False,suicide intent,0.000194249640400004,0.000194249640400004,0.05914437025785446,0.060972683131694794,0.35,0,0,600,FP32-token-IDs
RoBERTa,oef5qe,171,33,236,Ġwant,want,False,worthlessness,0.016307828873479074,0.016307828873479074,0.21640247106552124,0.06312473118305206,0.35,0,0,600,FP32-token-IDs
RoBERTa,oef5qe,171,34,13,Ġfor,for,False,anger,0.000974255707784785,0.000974255707784785,0.19474484026432037,0.015603374689817429,0.35,0,0,600,FP32-token-IDs
RoBERTa,oef5qe,171,34,13,Ġfor,for,False,brain dysfunction (forget),-0.005766578271914835,0.005766578271914835,0.1732710301876068,0.04373176395893097,0.35,0,0,600,FP32-token-IDs
RoBERTa,oef5qe,171,34,13,Ġfor,for,False,emptiness,0.009346208852782313,0.009346208852782313,0.11602278798818588,0.10880976915359497,0.35,0,0,600,FP32-token-IDs
RoBERTa,oef5qe,171,34,13,Ġfor,for,False,hopelessness,0.01820774022637615,0.01820774022637615,0.2363830953836441,0.8784436583518982,0.35,0,1,600,FP32-token-IDs
RoBERTa,oef5qe,171,34,13,Ġfor,for,False,loneliness,0.0027505018621764425,0.0027505018621764425,0.4310721158981323,0.22985777258872986,0.35,0,0,600,FP32-token-IDs
RoBERTa,oef5qe,171,34,13,Ġfor,for,False,sadness,0.003811903837476931,0.003811903837476931,0.24357697367668152,0.9611530303955078,0.35,1,1,600,FP32-token-IDs
RoBERTa,oef5qe,171,34,13,Ġfor,for,False,suicide intent,0.000194249640400004,0.000194249640400004,0.05914437025785446,0.060972683131694794,0.35,0,0,600,FP32-token-IDs
RoBERTa,oef5qe,171,34,13,Ġfor,for,False,worthlessness,0.016307828873479074,0.016307828873479074,0.21640247106552124,0.06312473118305206,0.35,0,0,600,FP32-token-IDs
RoBERTa,oef5qe,171,35,2185,Ġmyself,myself,False,anger,0.000974255707784785,0.000974255707784785,0.19474484026432037,0.015603374689817429,0.35,0,0,600,FP32-token-IDs
RoBERTa,oef5qe,171,35,2185,Ġmyself,myself,False,brain dysfunction (forget),-0.005766578271914835,0.005766578271914835,0.1732710301876068,0.04373176395893097,0.35,0,0,600,FP32-token-IDs
RoBERTa,oef5qe,171,35,2185,Ġmyself,myself,False,emptiness,0.009346208852782313,0.009346208852782313,0.11602278798818588,0.10880976915359497,0.35,0,0,600,FP32-token-IDs
RoBERTa,oef5qe,171,35,2185,Ġmyself,myself,False,hopelessness,0.01820774022637615,0.01820774022637615,0.2363830953836441,0.8784436583518982,0.35,0,1,600,FP32-token-IDs
RoBERTa,oef5qe,171,35,2185,Ġmyself,myself,False,loneliness,0.0027505018621764425,0.0027505018621764425,0.4310721158981323,0.22985777258872986,0.35,0,0,600,FP32-token-IDs
RoBERTa,oef5qe,171,35,2185,Ġmyself,myself,False,sadness,0.003811903837476931,0.003811903837476931,0.24357697367668152,0.9611530303955078,0.35,1,1,600,FP32-token-IDs
RoBERTa,oef5qe,171,35,2185,Ġmyself,myself,False,suicide intent,0.000194249640400004,0.000194249640400004,0.05914437025785446,0.060972683131694794,0.35,0,0,600,FP32-token-IDs
RoBERTa,oef5qe,171,35,2185,Ġmyself,myself,False,worthlessness,0.016307828873479074,0.016307828873479074,0.21640247106552124,0.06312473118305206,0.35,0,0,600,FP32-token-IDs
RoBERTa,oef5qe,171,36,50,Ġor,or,False,anger,0.000974255707784785,0.000974255707784785,0.19474484026432037,0.015603374689817429,0.35,0,0,600,FP32-token-IDs
RoBERTa,oef5qe,171,36,50,Ġor,or,False,brain dysfunction (forget),-0.005766578271914835,0.005766578271914835,0.1732710301876068,0.04373176395893097,0.35,0,0,600,FP32-token-IDs
RoBERTa,oef5qe,171,36,50,Ġor,or,False,emptiness,0.009346208852782313,0.009346208852782313,0.11602278798818588,0.10880976915359497,0.35,0,0,600,FP32-token-IDs
RoBERTa,oef5qe,171,36,50,Ġor,or,False,hopelessness,0.01820774022637615,0.01820774022637615,0.2363830953836441,0.8784436583518982,0.35,0,1,600,FP32-token-IDs
RoBERTa,oef5qe,171,36,50,Ġor,or,False,loneliness,0.0027505018621764425,0.0027505018621764425,0.4310721158981323,0.22985777258872986,0.35,0,0,600,FP32-token-IDs
RoBERTa,oef5qe,171,36,50,Ġor,or,False,sadness,0.003811903837476931,0.003811903837476931,0.24357697367668152,0.9611530303955078,0.35,1,1,600,FP32-token-IDs
RoBERTa,oef5qe,171,36,50,Ġor,or,False,suicide intent,0.000194249640400004,0.000194249640400004,0.05914437025785446,0.060972683131694794,0.35,0,0,600,FP32-token-IDs
RoBERTa,oef5qe,171,36,50,Ġor,or,False,worthlessness,0.016307828873479074,0.016307828873479074,0.21640247106552124,0.06312473118305206,0.35,0,0,600,FP32-token-IDs
RoBERTa,oef5qe,171,37,5,Ġthe,the,False,anger,-0.002128975697165255,0.002128975697165255,0.19474484026432037,0.015603374689817429,0.35,0,0,600,FP32-token-IDs
RoBERTa,oef5qe,171,37,5,Ġthe,the,False,brain dysfunction (forget),-0.0067971162863874005,0.0067971162863874005,0.1732710301876068,0.04373176395893097,0.35,0,0,600,FP32-token-IDs
RoBERTa,oef5qe,171,37,5,Ġthe,the,False,emptiness,-0.0024670853406340548,0.0024670853406340548,0.11602278798818588,0.10880976915359497,0.35,0,0,600,FP32-token-IDs
RoBERTa,oef5qe,171,37,5,Ġthe,the,False,hopelessness,-0.010701298520767264,0.010701298520767264,0.2363830953836441,0.8784436583518982,0.35,0,1,600,FP32-token-IDs
RoBERTa,oef5qe,171,37,5,Ġthe,the,False,loneliness,0.004824123826775966,0.004824123826775966,0.4310721158981323,0.22985777258872986,0.35,0,0,600,FP32-token-IDs
RoBERTa,oef5qe,171,37,5,Ġthe,the,False,sadness,0.012643325917555816,0.012643325917555816,0.24357697367668152,0.9611530303955078,0.35,1,1,600,FP32-token-IDs
RoBERTa,oef5qe,171,37,5,Ġthe,the,False,suicide intent,0.0006204592464200687,0.0006204592464200687,0.05914437025785446,0.060972683131694794,0.35,0,0,600,FP32-token-IDs
RoBERTa,oef5qe,171,37,5,Ġthe,the,False,worthlessness,-0.006064440318940407,0.006064440318940407,0.21640247106552124,0.06312473118305206,0.35,0,0,600,FP32-token-IDs
RoBERTa,oef5qe,171,38,1980,Ġones,ones,False,anger,-0.002128975697165255,0.002128975697165255,0.19474484026432037,0.015603374689817429,0.35,0,0,600,FP32-token-IDs
RoBERTa,oef5qe,171,38,1980,Ġones,ones,False,brain dysfunction (forget),-0.0067971162863874005,0.0067971162863874005,0.1732710301876068,0.04373176395893097,0.35,0,0,600,FP32-token-IDs
RoBERTa,oef5qe,171,38,1980,Ġones,ones,False,emptiness,-0.0024670853406340548,0.0024670853406340548,0.11602278798818588,0.10880976915359497,0.35,0,0,600,FP32-token-IDs
RoBERTa,oef5qe,171,38,1980,Ġones,ones,False,hopelessness,-0.010701298520767264,0.010701298520767264,0.2363830953836441,0.8784436583518982,0.35,0,1,600,FP32-token-IDs
RoBERTa,oef5qe,171,38,1980,Ġones,ones,False,loneliness,0.004824123826775966,0.004824123826775966,0.4310721158981323,0.22985777258872986,0.35,0,0,600,FP32-token-IDs
RoBERTa,oef5qe,171,38,1980,Ġones,ones,False,sadness,0.012643325917555816,0.012643325917555816,0.24357697367668152,0.9611530303955078,0.35,1,1,600,FP32-token-IDs
RoBERTa,oef5qe,171,38,1980,Ġones,ones,False,suicide intent,0.0006204592464200687,0.0006204592464200687,0.05914437025785446,0.060972683131694794,0.35,0,0,600,FP32-token-IDs
RoBERTa,oef5qe,171,38,1980,Ġones,ones,False,worthlessness,-0.006064440318940407,0.006064440318940407,0.21640247106552124,0.06312473118305206,0.35,0,0,600,FP32-token-IDs
RoBERTa,oef5qe,171,39,939,Ġi,i,False,anger,-0.002128975697165255,0.002128975697165255,0.19474484026432037,0.015603374689817429,0.35,0,0,600,FP32-token-IDs
RoBERTa,oef5qe,171,39,939,Ġi,i,False,brain dysfunction (forget),-0.0067971162863874005,0.0067971162863874005,0.1732710301876068,0.04373176395893097,0.35,0,0,600,FP32-token-IDs
RoBERTa,oef5qe,171,39,939,Ġi,i,False,emptiness,-0.0024670853406340548,0.0024670853406340548,0.11602278798818588,0.10880976915359497,0.35,0,0,600,FP32-token-IDs
RoBERTa,oef5qe,171,39,939,Ġi,i,False,hopelessness,-0.010701298520767264,0.010701298520767264,0.2363830953836441,0.8784436583518982,0.35,0,1,600,FP32-token-IDs
RoBERTa,oef5qe,171,39,939,Ġi,i,False,loneliness,0.004824123826775966,0.004824123826775966,0.4310721158981323,0.22985777258872986,0.35,0,0,600,FP32-token-IDs
RoBERTa,oef5qe,171,39,939,Ġi,i,False,sadness,0.012643325917555816,0.012643325917555816,0.24357697367668152,0.9611530303955078,0.35,1,1,600,FP32-token-IDs
RoBERTa,oef5qe,171,39,939,Ġi,i,False,suicide intent,0.0006204592464200687,0.0006204592464200687,0.05914437025785446,0.060972683131694794,0.35,0,0,600,FP32-token-IDs
RoBERTa,oef5qe,171,39,939,Ġi,i,False,worthlessness,-0.006064440318940407,0.006064440318940407,0.21640247106552124,0.06312473118305206,0.35,0,0,600,FP32-token-IDs
RoBERTa,oef5qe,171,40,657,Ġlove,love,False,anger,-0.002128975697165255,0.002128975697165255,0.19474484026432037,0.015603374689817429,0.35,0,0,600,FP32-token-IDs
RoBERTa,oef5qe,171,40,657,Ġlove,love,False,brain dysfunction (forget),-0.0067971162863874005,0.0067971162863874005,0.1732710301876068,0.04373176395893097,0.35,0,0,600,FP32-token-IDs
RoBERTa,oef5qe,171,40,657,Ġlove,love,False,emptiness,-0.0024670853406340548,0.0024670853406340548,0.11602278798818588,0.10880976915359497,0.35,0,0,600,FP32-token-IDs
RoBERTa,oef5qe,171,40,657,Ġlove,love,False,hopelessness,-0.010701298520767264,0.010701298520767264,0.2363830953836441,0.8784436583518982,0.35,0,1,600,FP32-token-IDs
RoBERTa,oef5qe,171,40,657,Ġlove,love,False,loneliness,0.004824123826775966,0.004824123826775966,0.4310721158981323,0.22985777258872986,0.35,0,0,600,FP32-token-IDs
RoBERTa,oef5qe,171,40,657,Ġlove,love,False,sadness,0.012643325917555816,0.012643325917555816,0.24357697367668152,0.9611530303955078,0.35,1,1,600,FP32-token-IDs
RoBERTa,oef5qe,171,40,657,Ġlove,love,False,suicide intent,0.0006204592464200687,0.0006204592464200687,0.05914437025785446,0.060972683131694794,0.35,0,0,600,FP32-token-IDs
RoBERTa,oef5qe,171,40,657,Ġlove,love,False,worthlessness,-0.006064440318940407,0.006064440318940407,0.21640247106552124,0.06312473118305206,0.35,0,0,600,FP32-token-IDs
RoBERTa,oef5qe,171,41,4,.,.,False,anger,0.0045468120931348366,0.0045468120931348366,0.19474484026432037,0.015603374689817429,0.35,0,0,600,FP32-token-IDs
RoBERTa,oef5qe,171,41,4,.,.,False,brain dysfunction (forget),-0.007505698689991342,0.007505698689991342,0.1732710301876068,0.04373176395893097,0.35,0,0,600,FP32-token-IDs
RoBERTa,oef5qe,171,41,4,.,.,False,emptiness,-0.0016503472604589271,0.0016503472604589271,0.11602278798818588,0.10880976915359497,0.35,0,0,600,FP32-token-IDs
RoBERTa,oef5qe,171,41,4,.,.,False,hopelessness,-0.0034612976413752354,0.0034612976413752354,0.2363830953836441,0.8784436583518982,0.35,0,1,600,FP32-token-IDs
RoBERTa,oef5qe,171,41,4,.,.,False,loneliness,0.0026947172749454953,0.0026947172749454953,0.4310721158981323,0.22985777258872986,0.35,0,0,600,FP32-token-IDs
RoBERTa,oef5qe,171,41,4,.,.,False,sadness,0.01451165225090725,0.01451165225090725,0.24357697367668152,0.9611530303955078,0.35,1,1,600,FP32-token-IDs
RoBERTa,oef5qe,171,41,4,.,.,False,suicide intent,0.0006140930199762806,0.0006140930199762806,0.05914437025785446,0.060972683131694794,0.35,0,0,600,FP32-token-IDs
RoBERTa,oef5qe,171,41,4,.,.,False,worthlessness,0.006779813543627305,0.006779813543627305,0.21640247106552124,0.06312473118305206,0.35,0,0,600,FP32-token-IDs
RoBERTa,oef5qe,171,42,38,ĠI,i,False,anger,-0.001566442615512642,0.001566442615512642,0.19474484026432037,0.015603374689817429,0.35,0,0,600,FP32-token-IDs
RoBERTa,oef5qe,171,42,38,ĠI,i,False,brain dysfunction (forget),-0.004412368560830752,0.004412368560830752,0.1732710301876068,0.04373176395893097,0.35,0,0,600,FP32-token-IDs
RoBERTa,oef5qe,171,42,38,ĠI,i,False,emptiness,-0.010306343074868588,0.010306343074868588,0.11602278798818588,0.10880976915359497,0.35,0,0,600,FP32-token-IDs
RoBERTa,oef5qe,171,42,38,ĠI,i,False,hopelessness,-0.0007616331470975031,0.0007616331470975031,0.2363830953836441,0.8784436583518982,0.35,0,1,600,FP32-token-IDs
RoBERTa,oef5qe,171,42,38,ĠI,i,False,loneliness,-0.005831415866850875,0.005831415866850875,0.4310721158981323,0.22985777258872986,0.35,0,0,600,FP32-token-IDs
RoBERTa,oef5qe,171,42,38,ĠI,i,False,sadness,0.007621648372150958,0.007621648372150958,0.24357697367668152,0.9611530303955078,0.35,1,1,600,FP32-token-IDs
RoBERTa,oef5qe,171,42,38,ĠI,i,False,suicide intent,0.0010329060181296277,0.0010329060181296277,0.05914437025785446,0.060972683131694794,0.35,0,0,600,FP32-token-IDs
RoBERTa,oef5qe,171,42,38,ĠI,i,False,worthlessness,-0.02093556419034333,0.02093556419034333,0.21640247106552124,0.06312473118305206,0.35,0,0,600,FP32-token-IDs
RoBERTa,oef5qe,171,43,236,Ġwant,want,False,anger,-0.001566442615512642,0.001566442615512642,0.19474484026432037,0.015603374689817429,0.35,0,0,600,FP32-token-IDs
RoBERTa,oef5qe,171,43,236,Ġwant,want,False,brain dysfunction (forget),-0.004412368560830752,0.004412368560830752,0.1732710301876068,0.04373176395893097,0.35,0,0,600,FP32-token-IDs
RoBERTa,oef5qe,171,43,236,Ġwant,want,False,emptiness,-0.010306343074868588,0.010306343074868588,0.11602278798818588,0.10880976915359497,0.35,0,0,600,FP32-token-IDs
RoBERTa,oef5qe,171,43,236,Ġwant,want,False,hopelessness,-0.0007616331470975031,0.0007616331470975031,0.2363830953836441,0.8784436583518982,0.35,0,1,600,FP32-token-IDs
RoBERTa,oef5qe,171,43,236,Ġwant,want,False,loneliness,-0.005831415866850875,0.005831415866850875,0.4310721158981323,0.22985777258872986,0.35,0,0,600,FP32-token-IDs
RoBERTa,oef5qe,171,43,236,Ġwant,want,False,sadness,0.007621648372150958,0.007621648372150958,0.24357697367668152,0.9611530303955078,0.35,1,1,600,FP32-token-IDs
RoBERTa,oef5qe,171,43,236,Ġwant,want,False,suicide intent,0.0010329060181296277,0.0010329060181296277,0.05914437025785446,0.060972683131694794,0.35,0,0,600,FP32-token-IDs
RoBERTa,oef5qe,171,43,236,Ġwant,want,False,worthlessness,-0.02093556419034333,0.02093556419034333,0.21640247106552124,0.06312473118305206,0.35,0,0,600,FP32-token-IDs
RoBERTa,oef5qe,171,44,4096,Ġcrucial,crucial,False,anger,-0.001566442615512642,0.001566442615512642,0.19474484026432037,0.015603374689817429,0.35,0,0,600,FP32-token-IDs
RoBERTa,oef5qe,171,44,4096,Ġcrucial,crucial,False,brain dysfunction (forget),-0.004412368560830752,0.004412368560830752,0.1732710301876068,0.04373176395893097,0.35,0,0,600,FP32-token-IDs
RoBERTa,oef5qe,171,44,4096,Ġcrucial,crucial,False,emptiness,-0.010306343074868588,0.010306343074868588,0.11602278798818588,0.10880976915359497,0.35,0,0,600,FP32-token-IDs
RoBERTa,oef5qe,171,44,4096,Ġcrucial,crucial,False,hopelessness,-0.0007616331470975031,0.0007616331470975031,0.2363830953836441,0.8784436583518982,0.35,0,1,600,FP32-token-IDs
RoBERTa,oef5qe,171,44,4096,Ġcrucial,crucial,False,loneliness,-0.005831415866850875,0.005831415866850875,0.4310721158981323,0.22985777258872986,0.35,0,0,600,FP32-token-IDs
RoBERTa,oef5qe,171,44,4096,Ġcrucial,crucial,False,sadness,0.007621648372150958,0.007621648372150958,0.24357697367668152,0.9611530303955078,0.35,1,1,600,FP32-token-IDs
RoBERTa,oef5qe,171,44,4096,Ġcrucial,crucial,False,suicide intent,0.0010329060181296277,0.0010329060181296277,0.05914437025785446,0.060972683131694794,0.35,0,0,600,FP32-token-IDs
RoBERTa,oef5qe,171,44,4096,Ġcrucial,crucial,False,worthlessness,-0.02093556419034333,0.02093556419034333,0.21640247106552124,0.06312473118305206,0.35,0,0,600,FP32-token-IDs
RoBERTa,oef5qe,171,45,244,Ġhelp,help,False,anger,-0.001566442615512642,0.001566442615512642,0.19474484026432037,0.015603374689817429,0.35,0,0,600,FP32-token-IDs
RoBERTa,oef5qe,171,45,244,Ġhelp,help,False,brain dysfunction (forget),-0.004412368560830752,0.004412368560830752,0.1732710301876068,0.04373176395893097,0.35,0,0,600,FP32-token-IDs
RoBERTa,oef5qe,171,45,244,Ġhelp,help,False,emptiness,-0.010306343074868588,0.010306343074868588,0.11602278798818588,0.10880976915359497,0.35,0,0,600,FP32-token-IDs
RoBERTa,oef5qe,171,45,244,Ġhelp,help,False,hopelessness,-0.0007616331470975031,0.0007616331470975031,0.2363830953836441,0.8784436583518982,0.35,0,1,600,FP32-token-IDs
RoBERTa,oef5qe,171,45,244,Ġhelp,help,False,loneliness,-0.005831415866850875,0.005831415866850875,0.4310721158981323,0.22985777258872986,0.35,0,0,600,FP32-token-IDs
RoBERTa,oef5qe,171,45,244,Ġhelp,help,False,sadness,0.007621648372150958,0.007621648372150958,0.24357697367668152,0.9611530303955078,0.35,1,1,600,FP32-token-IDs
RoBERTa,oef5qe,171,45,244,Ġhelp,help,False,suicide intent,0.0010329060181296277,0.0010329060181296277,0.05914437025785446,0.060972683131694794,0.35,0,0,600,FP32-token-IDs
RoBERTa,oef5qe,171,45,244,Ġhelp,help,False,worthlessness,-0.02093556419034333,0.02093556419034333,0.21640247106552124,0.06312473118305206,0.35,0,0,600,FP32-token-IDs
RoBERTa,oef5qe,171,46,137,Ġbefore,before,False,anger,-0.0011107898517366266,0.0011107898517366266,0.19474484026432037,0.015603374689817429,0.35,0,0,600,FP32-token-IDs
RoBERTa,oef5qe,171,46,137,Ġbefore,before,False,brain dysfunction (forget),-0.0017154893527428308,0.0017154893527428308,0.1732710301876068,0.04373176395893097,0.35,0,0,600,FP32-token-IDs
RoBERTa,oef5qe,171,46,137,Ġbefore,before,False,emptiness,-0.012311978107997371,0.012311978107997371,0.11602278798818588,0.10880976915359497,0.35,0,0,600,FP32-token-IDs
RoBERTa,oef5qe,171,46,137,Ġbefore,before,False,hopelessness,-0.0031263426547714817,0.0031263426547714817,0.2363830953836441,0.8784436583518982,0.35,0,1,600,FP32-token-IDs
RoBERTa,oef5qe,171,46,137,Ġbefore,before,False,loneliness,-0.01917765775579028,0.01917765775579028,0.4310721158981323,0.22985777258872986,0.35,0,0,600,FP32-token-IDs
RoBERTa,oef5qe,171,46,137,Ġbefore,before,False,sadness,0.0030494414968416095,0.0030494414968416095,0.24357697367668152,0.9611530303955078,0.35,1,1,600,FP32-token-IDs
RoBERTa,oef5qe,171,46,137,Ġbefore,before,False,suicide intent,0.0011835449452822409,0.0011835449452822409,0.05914437025785446,0.060972683131694794,0.35,0,0,600,FP32-token-IDs
RoBERTa,oef5qe,171,46,137,Ġbefore,before,False,worthlessness,-0.010343201696135413,0.010343201696135413,0.21640247106552124,0.06312473118305206,0.35,0,0,600,FP32-token-IDs
RoBERTa,oef5qe,171,47,14,Ġthat,that,False,anger,-0.0011107898517366266,0.0011107898517366266,0.19474484026432037,0.015603374689817429,0.35,0,0,600,FP32-token-IDs
RoBERTa,oef5qe,171,47,14,Ġthat,that,False,brain dysfunction (forget),-0.0017154893527428308,0.0017154893527428308,0.1732710301876068,0.04373176395893097,0.35,0,0,600,FP32-token-IDs
RoBERTa,oef5qe,171,47,14,Ġthat,that,False,emptiness,-0.012311978107997371,0.012311978107997371,0.11602278798818588,0.10880976915359497,0.35,0,0,600,FP32-token-IDs
RoBERTa,oef5qe,171,47,14,Ġthat,that,False,hopelessness,-0.0031263426547714817,0.0031263426547714817,0.2363830953836441,0.8784436583518982,0.35,0,1,600,FP32-token-IDs
RoBERTa,oef5qe,171,47,14,Ġthat,that,False,loneliness,-0.01917765775579028,0.01917765775579028,0.4310721158981323,0.22985777258872986,0.35,0,0,600,FP32-token-IDs
RoBERTa,oef5qe,171,47,14,Ġthat,that,False,sadness,0.0030494414968416095,0.0030494414968416095,0.24357697367668152,0.9611530303955078,0.35,1,1,600,FP32-token-IDs
RoBERTa,oef5qe,171,47,14,Ġthat,that,False,suicide intent,0.0011835449452822409,0.0011835449452822409,0.05914437025785446,0.060972683131694794,0.35,0,0,600,FP32-token-IDs
RoBERTa,oef5qe,171,47,14,Ġthat,that,False,worthlessness,-0.010343201696135413,0.010343201696135413,0.21640247106552124,0.06312473118305206,0.35,0,0,600,FP32-token-IDs
RoBERTa,oef5qe,171,48,205,Ġgood,good,False,anger,-0.0011107898517366266,0.0011107898517366266,0.19474484026432037,0.015603374689817429,0.35,0,0,600,FP32-token-IDs
RoBERTa,oef5qe,171,48,205,Ġgood,good,False,brain dysfunction (forget),-0.0017154893527428308,0.0017154893527428308,0.1732710301876068,0.04373176395893097,0.35,0,0,600,FP32-token-IDs
RoBERTa,oef5qe,171,48,205,Ġgood,good,False,emptiness,-0.012311978107997371,0.012311978107997371,0.11602278798818588,0.10880976915359497,0.35,0,0,600,FP32-token-IDs
RoBERTa,oef5qe,171,48,205,Ġgood,good,False,hopelessness,-0.0031263426547714817,0.0031263426547714817,0.2363830953836441,0.8784436583518982,0.35,0,1,600,FP32-token-IDs
RoBERTa,oef5qe,171,48,205,Ġgood,good,False,loneliness,-0.01917765775579028,0.01917765775579028,0.4310721158981323,0.22985777258872986,0.35,0,0,600,FP32-token-IDs
RoBERTa,oef5qe,171,48,205,Ġgood,good,False,sadness,0.0030494414968416095,0.0030494414968416095,0.24357697367668152,0.9611530303955078,0.35,1,1,600,FP32-token-IDs
RoBERTa,oef5qe,171,48,205,Ġgood,good,False,suicide intent,0.0011835449452822409,0.0011835449452822409,0.05914437025785446,0.060972683131694794,0.35,0,0,600,FP32-token-IDs
RoBERTa,oef5qe,171,48,205,Ġgood,good,False,worthlessness,-0.010343201696135413,0.010343201696135413,0.21640247106552124,0.06312473118305206,0.35,0,0,600,FP32-token-IDs
RoBERTa,oef5qe,171,49,233,Ġpart,part,False,anger,-0.0011107898517366266,0.0011107898517366266,0.19474484026432037,0.015603374689817429,0.35,0,0,600,FP32-token-IDs
RoBERTa,oef5qe,171,49,233,Ġpart,part,False,brain dysfunction (forget),-0.0017154893527428308,0.0017154893527428308,0.1732710301876068,0.04373176395893097,0.35,0,0,600,FP32-token-IDs
RoBERTa,oef5qe,171,49,233,Ġpart,part,False,emptiness,-0.012311978107997371,0.012311978107997371,0.11602278798818588,0.10880976915359497,0.35,0,0,600,FP32-token-IDs
RoBERTa,oef5qe,171,49,233,Ġpart,part,False,hopelessness,-0.0031263426547714817,0.0031263426547714817,0.2363830953836441,0.8784436583518982,0.35,0,1,600,FP32-token-IDs
RoBERTa,oef5qe,171,49,233,Ġpart,part,False,loneliness,-0.01917765775579028,0.01917765775579028,0.4310721158981323,0.22985777258872986,0.35,0,0,600,FP32-token-IDs
RoBERTa,oef5qe,171,49,233,Ġpart,part,False,sadness,0.0030494414968416095,0.0030494414968416095,0.24357697367668152,0.9611530303955078,0.35,1,1,600,FP32-token-IDs
RoBERTa,oef5qe,171,49,233,Ġpart,part,False,suicide intent,0.0011835449452822409,0.0011835449452822409,0.05914437025785446,0.060972683131694794,0.35,0,0,600,FP32-token-IDs
RoBERTa,oef5qe,171,49,233,Ġpart,part,False,worthlessness,-0.010343201696135413,0.010343201696135413,0.21640247106552124,0.06312473118305206,0.35,0,0,600,FP32-token-IDs
RoBERTa,oef5qe,171,50,9,Ġof,of,False,anger,-0.0027406517201598035,0.0027406517201598035,0.19474484026432037,0.015603374689817429,0.35,0,0,600,FP32-token-IDs
RoBERTa,oef5qe,171,50,9,Ġof,of,False,brain dysfunction (forget),0.011813211012243603,0.011813211012243603,0.1732710301876068,0.04373176395893097,0.35,0,0,600,FP32-token-IDs
RoBERTa,oef5qe,171,50,9,Ġof,of,False,emptiness,0.009396662067350311,0.009396662067350311,0.11602278798818588,0.10880976915359497,0.35,0,0,600,FP32-token-IDs
RoBERTa,oef5qe,171,50,9,Ġof,of,False,hopelessness,0.015115117663905647,0.015115117663905647,0.2363830953836441,0.8784436583518982,0.35,0,1,600,FP32-token-IDs
RoBERTa,oef5qe,171,50,9,Ġof,of,False,loneliness,-0.0037135912643861957,0.0037135912643861957,0.4310721158981323,0.22985777258872986,0.35,0,0,600,FP32-token-IDs
RoBERTa,oef5qe,171,50,9,Ġof,of,False,sadness,0.0005080251139588654,0.0005080251139588654,0.24357697367668152,0.9611530303955078,0.35,1,1,600,FP32-token-IDs
RoBERTa,oef5qe,171,50,9,Ġof,of,False,suicide intent,0.0009291037416308731,0.0009291037416308731,0.05914437025785446,0.060972683131694794,0.35,0,0,600,FP32-token-IDs
RoBERTa,oef5qe,171,50,9,Ġof,of,False,worthlessness,0.010720613000254767,0.010720613000254767,0.21640247106552124,0.06312473118305206,0.35,0,0,600,FP32-token-IDs
RoBERTa,oef5qe,171,51,162,Ġme,me,False,anger,-0.0027406517201598035,0.0027406517201598035,0.19474484026432037,0.015603374689817429,0.35,0,0,600,FP32-token-IDs
RoBERTa,oef5qe,171,51,162,Ġme,me,False,brain dysfunction (forget),0.011813211012243603,0.011813211012243603,0.1732710301876068,0.04373176395893097,0.35,0,0,600,FP32-token-IDs
RoBERTa,oef5qe,171,51,162,Ġme,me,False,emptiness,0.009396662067350311,0.009396662067350311,0.11602278798818588,0.10880976915359497,0.35,0,0,600,FP32-token-IDs
RoBERTa,oef5qe,171,51,162,Ġme,me,False,hopelessness,0.015115117663905647,0.015115117663905647,0.2363830953836441,0.8784436583518982,0.35,0,1,600,FP32-token-IDs
RoBERTa,oef5qe,171,51,162,Ġme,me,False,loneliness,-0.0037135912643861957,0.0037135912643861957,0.4310721158981323,0.22985777258872986,0.35,0,0,600,FP32-token-IDs
RoBERTa,oef5qe,171,51,162,Ġme,me,False,sadness,0.0005080251139588654,0.0005080251139588654,0.24357697367668152,0.9611530303955078,0.35,1,1,600,FP32-token-IDs
RoBERTa,oef5qe,171,51,162,Ġme,me,False,suicide intent,0.0009291037416308731,0.0009291037416308731,0.05914437025785446,0.060972683131694794,0.35,0,0,600,FP32-token-IDs
RoBERTa,oef5qe,171,51,162,Ġme,me,False,worthlessness,0.010720613000254767,0.010720613000254767,0.21640247106552124,0.06312473118305206,0.35,0,0,600,FP32-token-IDs
RoBERTa,oef5qe,171,52,16,Ġis,is,False,anger,-0.0027406517201598035,0.0027406517201598035,0.19474484026432037,0.015603374689817429,0.35,0,0,600,FP32-token-IDs
RoBERTa,oef5qe,171,52,16,Ġis,is,False,brain dysfunction (forget),0.011813211012243603,0.011813211012243603,0.1732710301876068,0.04373176395893097,0.35,0,0,600,FP32-token-IDs
RoBERTa,oef5qe,171,52,16,Ġis,is,False,emptiness,0.009396662067350311,0.009396662067350311,0.11602278798818588,0.10880976915359497,0.35,0,0,600,FP32-token-IDs
RoBERTa,oef5qe,171,52,16,Ġis,is,False,hopelessness,0.015115117663905647,0.015115117663905647,0.2363830953836441,0.8784436583518982,0.35,0,1,600,FP32-token-IDs
RoBERTa,oef5qe,171,52,16,Ġis,is,False,loneliness,-0.0037135912643861957,0.0037135912643861957,0.4310721158981323,0.22985777258872986,0.35,0,0,600,FP32-token-IDs
RoBERTa,oef5qe,171,52,16,Ġis,is,False,sadness,0.0005080251139588654,0.0005080251139588654,0.24357697367668152,0.9611530303955078,0.35,1,1,600,FP32-token-IDs
RoBERTa,oef5qe,171,52,16,Ġis,is,False,suicide intent,0.0009291037416308731,0.0009291037416308731,0.05914437025785446,0.060972683131694794,0.35,0,0,600,FP32-token-IDs
RoBERTa,oef5qe,171,52,16,Ġis,is,False,worthlessness,0.010720613000254767,0.010720613000254767,0.21640247106552124,0.06312473118305206,0.35,0,0,600,FP32-token-IDs
RoBERTa,oef5qe,171,53,1950,Ġfully,fully,False,anger,-0.0027406517201598035,0.0027406517201598035,0.19474484026432037,0.015603374689817429,0.35,0,0,600,FP32-token-IDs
RoBERTa,oef5qe,171,53,1950,Ġfully,fully,False,brain dysfunction (forget),0.011813211012243603,0.011813211012243603,0.1732710301876068,0.04373176395893097,0.35,0,0,600,FP32-token-IDs
RoBERTa,oef5qe,171,53,1950,Ġfully,fully,False,emptiness,0.009396662067350311,0.009396662067350311,0.11602278798818588,0.10880976915359497,0.35,0,0,600,FP32-token-IDs
RoBERTa,oef5qe,171,53,1950,Ġfully,fully,False,hopelessness,0.015115117663905647,0.015115117663905647,0.2363830953836441,0.8784436583518982,0.35,0,1,600,FP32-token-IDs
RoBERTa,oef5qe,171,53,1950,Ġfully,fully,False,loneliness,-0.0037135912643861957,0.0037135912643861957,0.4310721158981323,0.22985777258872986,0.35,0,0,600,FP32-token-IDs
RoBERTa,oef5qe,171,53,1950,Ġfully,fully,False,sadness,0.0005080251139588654,0.0005080251139588654,0.24357697367668152,0.9611530303955078,0.35,1,1,600,FP32-token-IDs
RoBERTa,oef5qe,171,53,1950,Ġfully,fully,False,suicide intent,0.0009291037416308731,0.0009291037416308731,0.05914437025785446,0.060972683131694794,0.35,0,0,600,FP32-token-IDs
RoBERTa,oef5qe,171,53,1950,Ġfully,fully,False,worthlessness,0.010720613000254767,0.010720613000254767,0.21640247106552124,0.06312473118305206,0.35,0,0,600,FP32-token-IDs
RoBERTa,oef5qe,171,54,1613,Ġgone,gone,False,anger,-0.004154957548962557,0.004154957548962557,0.19474484026432037,0.015603374689817429,0.35,0,0,600,FP32-token-IDs
RoBERTa,oef5qe,171,54,1613,Ġgone,gone,False,brain dysfunction (forget),0.021511929099991296,0.021511929099991296,0.1732710301876068,0.04373176395893097,0.35,0,0,600,FP32-token-IDs
RoBERTa,oef5qe,171,54,1613,Ġgone,gone,False,emptiness,0.018815930384638097,0.018815930384638097,0.11602278798818588,0.10880976915359497,0.35,0,0,600,FP32-token-IDs
RoBERTa,oef5qe,171,54,1613,Ġgone,gone,False,hopelessness,0.03846471821695256,0.03846471821695256,0.2363830953836441,0.8784436583518982,0.35,0,1,600,FP32-token-IDs
RoBERTa,oef5qe,171,54,1613,Ġgone,gone,False,loneliness,0.0031077109815669246,0.0031077109815669246,0.4310721158981323,0.22985777258872986,0.35,0,0,600,FP32-token-IDs
RoBERTa,oef5qe,171,54,1613,Ġgone,gone,False,sadness,0.024218661186750978,0.024218661186750978,0.24357697367668152,0.9611530303955078,0.35,1,1,600,FP32-token-IDs
RoBERTa,oef5qe,171,54,1613,Ġgone,gone,False,suicide intent,0.0005630137287274314,0.0005630137287274314,0.05914437025785446,0.060972683131694794,0.35,0,0,600,FP32-token-IDs
RoBERTa,oef5qe,171,54,1613,Ġgone,gone,False,worthlessness,0.020284302760652885,0.020284302760652885,0.21640247106552124,0.06312473118305206,0.35,0,0,600,FP32-token-IDs
RoBERTa,oef5qe,171,55,31,Ġfrom,from,False,anger,-0.004154957548962557,0.004154957548962557,0.19474484026432037,0.015603374689817429,0.35,0,0,600,FP32-token-IDs
RoBERTa,oef5qe,171,55,31,Ġfrom,from,False,brain dysfunction (forget),0.021511929099991296,0.021511929099991296,0.1732710301876068,0.04373176395893097,0.35,0,0,600,FP32-token-IDs
RoBERTa,oef5qe,171,55,31,Ġfrom,from,False,emptiness,0.018815930384638097,0.018815930384638097,0.11602278798818588,0.10880976915359497,0.35,0,0,600,FP32-token-IDs
RoBERTa,oef5qe,171,55,31,Ġfrom,from,False,hopelessness,0.03846471821695256,0.03846471821695256,0.2363830953836441,0.8784436583518982,0.35,0,1,600,FP32-token-IDs
RoBERTa,oef5qe,171,55,31,Ġfrom,from,False,loneliness,0.0031077109815669246,0.0031077109815669246,0.4310721158981323,0.22985777258872986,0.35,0,0,600,FP32-token-IDs
RoBERTa,oef5qe,171,55,31,Ġfrom,from,False,sadness,0.024218661186750978,0.024218661186750978,0.24357697367668152,0.9611530303955078,0.35,1,1,600,FP32-token-IDs
RoBERTa,oef5qe,171,55,31,Ġfrom,from,False,suicide intent,0.0005630137287274314,0.0005630137287274314,0.05914437025785446,0.060972683131694794,0.35,0,0,600,FP32-token-IDs
RoBERTa,oef5qe,171,55,31,Ġfrom,from,False,worthlessness,0.020284302760652885,0.020284302760652885,0.21640247106552124,0.06312473118305206,0.35,0,0,600,FP32-token-IDs
RoBERTa,oef5qe,171,56,127,Ġmy,my,False,anger,-0.003702973563122214,0.003702973563122214,0.19474484026432037,0.015603374689817429,0.35,0,0,600,FP32-token-IDs
RoBERTa,oef5qe,171,56,127,Ġmy,my,False,brain dysfunction (forget),0.02169518654894394,0.02169518654894394,0.1732710301876068,0.04373176395893097,0.35,0,0,600,FP32-token-IDs
RoBERTa,oef5qe,171,56,127,Ġmy,my,False,emptiness,0.016769474493533682,0.016769474493533682,0.11602278798818588,0.10880976915359497,0.35,0,0,600,FP32-token-IDs
RoBERTa,oef5qe,171,56,127,Ġmy,my,False,hopelessness,0.028244230498482164,0.028244230498482164,0.2363830953836441,0.8784436583518982,0.35,0,1,600,FP32-token-IDs
RoBERTa,oef5qe,171,56,127,Ġmy,my,False,loneliness,0.0025081594139919616,0.0025081594139919616,0.4310721158981323,0.22985777258872986,0.35,0,0,600,FP32-token-IDs
RoBERTa,oef5qe,171,56,127,Ġmy,my,False,sadness,0.01213702786481008,0.01213702786481008,0.24357697367668152,0.9611530303955078,0.35,1,1,600,FP32-token-IDs
RoBERTa,oef5qe,171,56,127,Ġmy,my,False,suicide intent,0.0008565438486887919,0.0008565438486887919,0.05914437025785446,0.060972683131694794,0.35,0,0,600,FP32-token-IDs
RoBERTa,oef5qe,171,56,127,Ġmy,my,False,worthlessness,0.01656153460013835,0.01656153460013835,0.21640247106552124,0.06312473118305206,0.35,0,0,600,FP32-token-IDs
RoBERTa,oef5qe,171,57,802,Ġthought,thought,False,anger,-0.003702973563122214,0.003702973563122214,0.19474484026432037,0.015603374689817429,0.35,0,0,600,FP32-token-IDs
RoBERTa,oef5qe,171,57,802,Ġthought,thought,False,brain dysfunction (forget),0.02169518654894394,0.02169518654894394,0.1732710301876068,0.04373176395893097,0.35,0,0,600,FP32-token-IDs
RoBERTa,oef5qe,171,57,802,Ġthought,thought,False,emptiness,0.016769474493533682,0.016769474493533682,0.11602278798818588,0.10880976915359497,0.35,0,0,600,FP32-token-IDs
RoBERTa,oef5qe,171,57,802,Ġthought,thought,False,hopelessness,0.028244230498482164,0.028244230498482164,0.2363830953836441,0.8784436583518982,0.35,0,1,600,FP32-token-IDs
RoBERTa,oef5qe,171,57,802,Ġthought,thought,False,loneliness,0.0025081594139919616,0.0025081594139919616,0.4310721158981323,0.22985777258872986,0.35,0,0,600,FP32-token-IDs
RoBERTa,oef5qe,171,57,802,Ġthought,thought,False,sadness,0.01213702786481008,0.01213702786481008,0.24357697367668152,0.9611530303955078,0.35,1,1,600,FP32-token-IDs
RoBERTa,oef5qe,171,57,802,Ġthought,thought,False,suicide intent,0.0008565438486887919,0.0008565438486887919,0.05914437025785446,0.060972683131694794,0.35,0,0,600,FP32-token-IDs
RoBERTa,oef5qe,171,57,802,Ġthought,thought,False,worthlessness,0.01656153460013835,0.01656153460013835,0.21640247106552124,0.06312473118305206,0.35,0,0,600,FP32-token-IDs
RoBERTa,oef5qe,171,58,5588,Ġprocesses,processes,False,anger,-0.0008364321038243361,0.0008364321038243361,0.19474484026432037,0.015603374689817429,0.35,0,0,600,FP32-token-IDs
RoBERTa,oef5qe,171,58,5588,Ġprocesses,processes,False,brain dysfunction (forget),0.012835579812720729,0.012835579812720729,0.1732710301876068,0.04373176395893097,0.35,0,0,600,FP32-token-IDs
RoBERTa,oef5qe,171,58,5588,Ġprocesses,processes,False,emptiness,-0.008003516307023045,0.008003516307023045,0.11602278798818588,0.10880976915359497,0.35,0,0,600,FP32-token-IDs
RoBERTa,oef5qe,171,58,5588,Ġprocesses,processes,False,hopelessness,-0.017821740611301116,0.017821740611301116,0.2363830953836441,0.8784436583518982,0.35,0,1,600,FP32-token-IDs
RoBERTa,oef5qe,171,58,5588,Ġprocesses,processes,False,loneliness,-0.01251494575990364,0.01251494575990364,0.4310721158981323,0.22985777258872986,0.35,0,0,600,FP32-token-IDs
RoBERTa,oef5qe,171,58,5588,Ġprocesses,processes,False,sadness,-0.018456743680872023,0.018456743680872023,0.24357697367668152,0.9611530303955078,0.35,1,1,600,FP32-token-IDs
RoBERTa,oef5qe,171,58,5588,Ġprocesses,processes,False,suicide intent,-0.0007668186541801939,0.0007668186541801939,0.05914437025785446,0.060972683131694794,0.35,0,0,600,FP32-token-IDs
RoBERTa,oef5qe,171,58,5588,Ġprocesses,processes,False,worthlessness,-0.016556152598544337,0.016556152598544337,0.21640247106552124,0.06312473118305206,0.35,0,0,600,FP32-token-IDs
RoBERTa,oef5qe,171,59,98,Ġso,so,False,anger,-0.0008364321038243361,0.0008364321038243361,0.19474484026432037,0.015603374689817429,0.35,0,0,600,FP32-token-IDs
RoBERTa,oef5qe,171,59,98,Ġso,so,False,brain dysfunction (forget),0.012835579812720729,0.012835579812720729,0.1732710301876068,0.04373176395893097,0.35,0,0,600,FP32-token-IDs
RoBERTa,oef5qe,171,59,98,Ġso,so,False,emptiness,-0.008003516307023045,0.008003516307023045,0.11602278798818588,0.10880976915359497,0.35,0,0,600,FP32-token-IDs
RoBERTa,oef5qe,171,59,98,Ġso,so,False,hopelessness,-0.017821740611301116,0.017821740611301116,0.2363830953836441,0.8784436583518982,0.35,0,1,600,FP32-token-IDs
RoBERTa,oef5qe,171,59,98,Ġso,so,False,loneliness,-0.01251494575990364,0.01251494575990364,0.4310721158981323,0.22985777258872986,0.35,0,0,600,FP32-token-IDs
RoBERTa,oef5qe,171,59,98,Ġso,so,False,sadness,-0.018456743680872023,0.018456743680872023,0.24357697367668152,0.9611530303955078,0.35,1,1,600,FP32-token-IDs
RoBERTa,oef5qe,171,59,98,Ġso,so,False,suicide intent,-0.0007668186541801939,0.0007668186541801939,0.05914437025785446,0.060972683131694794,0.35,0,0,600,FP32-token-IDs
RoBERTa,oef5qe,171,59,98,Ġso,so,False,worthlessness,-0.016556152598544337,0.016556152598544337,0.21640247106552124,0.06312473118305206,0.35,0,0,600,FP32-token-IDs
RoBERTa,oef5qe,171,60,4356,Ġim,im,False,anger,-0.0003025165860890411,0.0003025165860890411,0.19474484026432037,0.015603374689817429,0.35,0,0,600,FP32-token-IDs
RoBERTa,oef5qe,171,60,4356,Ġim,im,False,brain dysfunction (forget),0.00862331165020199,0.00862331165020199,0.1732710301876068,0.04373176395893097,0.35,0,0,600,FP32-token-IDs
RoBERTa,oef5qe,171,60,4356,Ġim,im,False,emptiness,-0.007836919578646,0.007836919578646,0.11602278798818588,0.10880976915359497,0.35,0,0,600,FP32-token-IDs
RoBERTa,oef5qe,171,60,4356,Ġim,im,False,hopelessness,-0.019705436211855464,0.019705436211855464,0.2363830953836441,0.8784436583518982,0.35,0,1,600,FP32-token-IDs
RoBERTa,oef5qe,171,60,4356,Ġim,im,False,loneliness,-0.007969183556269854,0.007969183556269854,0.4310721158981323,0.22985777258872986,0.35,0,0,600,FP32-token-IDs
RoBERTa,oef5qe,171,60,4356,Ġim,im,False,sadness,-0.01786486676428467,0.01786486676428467,0.24357697367668152,0.9611530303955078,0.35,1,1,600,FP32-token-IDs
RoBERTa,oef5qe,171,60,4356,Ġim,im,False,suicide intent,-0.0006394793551104764,0.0006394793551104764,0.05914437025785446,0.060972683131694794,0.35,0,0,600,FP32-token-IDs
RoBERTa,oef5qe,171,60,4356,Ġim,im,False,worthlessness,-0.018047024777236707,0.018047024777236707,0.21640247106552124,0.06312473118305206,0.35,0,0,600,FP32-token-IDs
RoBERTa,oef5qe,171,61,8405,Ġchecking,checking,False,anger,-0.0003025165860890411,0.0003025165860890411,0.19474484026432037,0.015603374689817429,0.35,0,0,600,FP32-token-IDs
RoBERTa,oef5qe,171,61,8405,Ġchecking,checking,False,brain dysfunction (forget),0.00862331165020199,0.00862331165020199,0.1732710301876068,0.04373176395893097,0.35,0,0,600,FP32-token-IDs
RoBERTa,oef5qe,171,61,8405,Ġchecking,checking,False,emptiness,-0.007836919578646,0.007836919578646,0.11602278798818588,0.10880976915359497,0.35,0,0,600,FP32-token-IDs
RoBERTa,oef5qe,171,61,8405,Ġchecking,checking,False,hopelessness,-0.019705436211855464,0.019705436211855464,0.2363830953836441,0.8784436583518982,0.35,0,1,600,FP32-token-IDs
RoBERTa,oef5qe,171,61,8405,Ġchecking,checking,False,loneliness,-0.007969183556269854,0.007969183556269854,0.4310721158981323,0.22985777258872986,0.35,0,0,600,FP32-token-IDs
RoBERTa,oef5qe,171,61,8405,Ġchecking,checking,False,sadness,-0.01786486676428467,0.01786486676428467,0.24357697367668152,0.9611530303955078,0.35,1,1,600,FP32-token-IDs
RoBERTa,oef5qe,171,61,8405,Ġchecking,checking,False,suicide intent,-0.0006394793551104764,0.0006394793551104764,0.05914437025785446,0.060972683131694794,0.35,0,0,600,FP32-token-IDs
RoBERTa,oef5qe,171,61,8405,Ġchecking,checking,False,worthlessness,-0.018047024777236707,0.018047024777236707,0.21640247106552124,0.06312473118305206,0.35,0,0,600,FP32-token-IDs
RoBERTa,oef5qe,171,62,2185,Ġmyself,myself,False,anger,-0.0012534943016362377,0.0012534943016362377,0.19474484026432037,0.015603374689817429,0.35,0,0,600,FP32-token-IDs
RoBERTa,oef5qe,171,62,2185,Ġmyself,myself,False,brain dysfunction (forget),-0.005669651489976483,0.005669651489976483,0.1732710301876068,0.04373176395893097,0.35,0,0,600,FP32-token-IDs
RoBERTa,oef5qe,171,62,2185,Ġmyself,myself,False,emptiness,-0.006220321995594229,0.006220321995594229,0.11602278798818588,0.10880976915359497,0.35,0,0,600,FP32-token-IDs
RoBERTa,oef5qe,171,62,2185,Ġmyself,myself,False,hopelessness,-0.0062675031561714905,0.0062675031561714905,0.2363830953836441,0.8784436583518982,0.35,0,1,600,FP32-token-IDs
RoBERTa,oef5qe,171,62,2185,Ġmyself,myself,False,loneliness,-0.009616430383175611,0.009616430383175611,0.4310721158981323,0.22985777258872986,0.35,0,0,600,FP32-token-IDs
RoBERTa,oef5qe,171,62,2185,Ġmyself,myself,False,sadness,0.00703011907171458,0.00703011907171458,0.24357697367668152,0.9611530303955078,0.35,1,1,600,FP32-token-IDs
RoBERTa,oef5qe,171,62,2185,Ġmyself,myself,False,suicide intent,0.0009834012210679552,0.0009834012210679552,0.05914437025785446,0.060972683131694794,0.35,0,0,600,FP32-token-IDs
RoBERTa,oef5qe,171,62,2185,Ġmyself,myself,False,worthlessness,-0.011732223288466534,0.011732223288466534,0.21640247106552124,0.06312473118305206,0.35,0,0,600,FP32-token-IDs
RoBERTa,oef5qe,171,63,11,Ġin,in,False,anger,-0.0012534943016362377,0.0012534943016362377,0.19474484026432037,0.015603374689817429,0.35,0,0,600,FP32-token-IDs
RoBERTa,oef5qe,171,63,11,Ġin,in,False,brain dysfunction (forget),-0.005669651489976483,0.005669651489976483,0.1732710301876068,0.04373176395893097,0.35,0,0,600,FP32-token-IDs
RoBERTa,oef5qe,171,63,11,Ġin,in,False,emptiness,-0.006220321995594229,0.006220321995594229,0.11602278798818588,0.10880976915359497,0.35,0,0,600,FP32-token-IDs
RoBERTa,oef5qe,171,63,11,Ġin,in,False,hopelessness,-0.0062675031561714905,0.0062675031561714905,0.2363830953836441,0.8784436583518982,0.35,0,1,600,FP32-token-IDs
RoBERTa,oef5qe,171,63,11,Ġin,in,False,loneliness,-0.009616430383175611,0.009616430383175611,0.4310721158981323,0.22985777258872986,0.35,0,0,600,FP32-token-IDs
RoBERTa,oef5qe,171,63,11,Ġin,in,False,sadness,0.00703011907171458,0.00703011907171458,0.24357697367668152,0.9611530303955078,0.35,1,1,600,FP32-token-IDs
RoBERTa,oef5qe,171,63,11,Ġin,in,False,suicide intent,0.0009834012210679552,0.0009834012210679552,0.05914437025785446,0.060972683131694794,0.35,0,0,600,FP32-token-IDs
RoBERTa,oef5qe,171,63,11,Ġin,in,False,worthlessness,-0.011732223288466534,0.011732223288466534,0.21640247106552124,0.06312473118305206,0.35,0,0,600,FP32-token-IDs
RoBERTa,oef5qe,171,64,3859,Ġtomorrow,tomorrow,False,anger,-0.0012534943016362377,0.0012534943016362377,0.19474484026432037,0.015603374689817429,0.35,0,0,600,FP32-token-IDs
RoBERTa,oef5qe,171,64,3859,Ġtomorrow,tomorrow,False,brain dysfunction (forget),-0.005669651489976483,0.005669651489976483,0.1732710301876068,0.04373176395893097,0.35,0,0,600,FP32-token-IDs
RoBERTa,oef5qe,171,64,3859,Ġtomorrow,tomorrow,False,emptiness,-0.006220321995594229,0.006220321995594229,0.11602278798818588,0.10880976915359497,0.35,0,0,600,FP32-token-IDs
RoBERTa,oef5qe,171,64,3859,Ġtomorrow,tomorrow,False,hopelessness,-0.0062675031561714905,0.0062675031561714905,0.2363830953836441,0.8784436583518982,0.35,0,1,600,FP32-token-IDs
RoBERTa,oef5qe,171,64,3859,Ġtomorrow,tomorrow,False,loneliness,-0.009616430383175611,0.009616430383175611,0.4310721158981323,0.22985777258872986,0.35,0,0,600,FP32-token-IDs
RoBERTa,oef5qe,171,64,3859,Ġtomorrow,tomorrow,False,sadness,0.00703011907171458,0.00703011907171458,0.24357697367668152,0.9611530303955078,0.35,1,1,600,FP32-token-IDs
RoBERTa,oef5qe,171,64,3859,Ġtomorrow,tomorrow,False,suicide intent,0.0009834012210679552,0.0009834012210679552,0.05914437025785446,0.060972683131694794,0.35,0,0,600,FP32-token-IDs
RoBERTa,oef5qe,171,64,3859,Ġtomorrow,tomorrow,False,worthlessness,-0.011732223288466534,0.011732223288466534,0.21640247106552124,0.06312473118305206,0.35,0,0,600,FP32-token-IDs
RoBERTa,oef5qe,171,65,4,.,.,False,anger,-0.0012534943016362377,0.0012534943016362377,0.19474484026432037,0.015603374689817429,0.35,0,0,600,FP32-token-IDs
RoBERTa,oef5qe,171,65,4,.,.,False,brain dysfunction (forget),-0.005669651489976483,0.005669651489976483,0.1732710301876068,0.04373176395893097,0.35,0,0,600,FP32-token-IDs
RoBERTa,oef5qe,171,65,4,.,.,False,emptiness,-0.006220321995594229,0.006220321995594229,0.11602278798818588,0.10880976915359497,0.35,0,0,600,FP32-token-IDs
RoBERTa,oef5qe,171,65,4,.,.,False,hopelessness,-0.006267503156171491,0.006267503156171491,0.2363830953836441,0.8784436583518982,0.35,0,1,600,FP32-token-IDs
RoBERTa,oef5qe,171,65,4,.,.,False,loneliness,-0.009616430383175611,0.009616430383175611,0.4310721158981323,0.22985777258872986,0.35,0,0,600,FP32-token-IDs
RoBERTa,oef5qe,171,65,4,.,.,False,sadness,0.00703011907171458,0.00703011907171458,0.24357697367668152,0.9611530303955078,0.35,1,1,600,FP32-token-IDs
RoBERTa,oef5qe,171,65,4,.,.,False,suicide intent,0.0009834012210679552,0.0009834012210679552,0.05914437025785446,0.060972683131694794,0.35,0,0,600,FP32-token-IDs
RoBERTa,oef5qe,171,65,4,.,.,False,worthlessness,-0.011732223288466534,0.011732223288466534,0.21640247106552124,0.06312473118305206,0.35,0,0,600,FP32-token-IDs
RoBERTa,oef5qe,171,66,38,ĠI,i,False,anger,-0.003249472414609045,0.003249472414609045,0.19474484026432037,0.015603374689817429,0.35,0,0,600,FP32-token-IDs
RoBERTa,oef5qe,171,66,38,ĠI,i,False,brain dysfunction (forget),0.0030186698131728917,0.0030186698131728917,0.1732710301876068,0.04373176395893097,0.35,0,0,600,FP32-token-IDs
RoBERTa,oef5qe,171,66,38,ĠI,i,False,emptiness,0.007972123974468559,0.007972123974468559,0.11602278798818588,0.10880976915359497,0.35,0,0,600,FP32-token-IDs
RoBERTa,oef5qe,171,66,38,ĠI,i,False,hopelessness,0.008870013523846865,0.008870013523846865,0.2363830953836441,0.8784436583518982,0.35,0,1,600,FP32-token-IDs
RoBERTa,oef5qe,171,66,38,ĠI,i,False,loneliness,0.0015245617978507653,0.0015245617978507653,0.4310721158981323,0.22985777258872986,0.35,0,0,600,FP32-token-IDs
RoBERTa,oef5qe,171,66,38,ĠI,i,False,sadness,0.002363773062825203,0.002363773062825203,0.24357697367668152,0.9611530303955078,0.35,1,1,600,FP32-token-IDs
RoBERTa,oef5qe,171,66,38,ĠI,i,False,suicide intent,0.00047476224426645786,0.00047476224426645786,0.05914437025785446,0.060972683131694794,0.35,0,0,600,FP32-token-IDs
RoBERTa,oef5qe,171,66,38,ĠI,i,False,worthlessness,0.00771476689260453,0.00771476689260453,0.21640247106552124,0.06312473118305206,0.35,0,0,600,FP32-token-IDs
RoBERTa,oef5qe,171,67,33976,Ġdont,dont,False,anger,-0.003249472414609045,0.003249472414609045,0.19474484026432037,0.015603374689817429,0.35,0,0,600,FP32-token-IDs
RoBERTa,oef5qe,171,67,33976,Ġdont,dont,False,brain dysfunction (forget),0.0030186698131728917,0.0030186698131728917,0.1732710301876068,0.04373176395893097,0.35,0,0,600,FP32-token-IDs
RoBERTa,oef5qe,171,67,33976,Ġdont,dont,False,emptiness,0.007972123974468559,0.007972123974468559,0.11602278798818588,0.10880976915359497,0.35,0,0,600,FP32-token-IDs
RoBERTa,oef5qe,171,67,33976,Ġdont,dont,False,hopelessness,0.008870013523846865,0.008870013523846865,0.2363830953836441,0.8784436583518982,0.35,0,1,600,FP32-token-IDs
RoBERTa,oef5qe,171,67,33976,Ġdont,dont,False,loneliness,0.0015245617978507653,0.0015245617978507653,0.4310721158981323,0.22985777258872986,0.35,0,0,600,FP32-token-IDs
RoBERTa,oef5qe,171,67,33976,Ġdont,dont,False,sadness,0.002363773062825203,0.002363773062825203,0.24357697367668152,0.9611530303955078,0.35,1,1,600,FP32-token-IDs
RoBERTa,oef5qe,171,67,33976,Ġdont,dont,False,suicide intent,0.00047476224426645786,0.00047476224426645786,0.05914437025785446,0.060972683131694794,0.35,0,0,600,FP32-token-IDs
RoBERTa,oef5qe,171,67,33976,Ġdont,dont,False,worthlessness,0.00771476689260453,0.00771476689260453,0.21640247106552124,0.06312473118305206,0.35,0,0,600,FP32-token-IDs
RoBERTa,oef5qe,171,68,216,Ġknow,know,False,anger,-0.003185602545272559,0.003185602545272559,0.19474484026432037,0.015603374689817429,0.35,0,0,600,FP32-token-IDs
RoBERTa,oef5qe,171,68,216,Ġknow,know,False,brain dysfunction (forget),0.0034873967815656215,0.0034873967815656215,0.1732710301876068,0.04373176395893097,0.35,0,0,600,FP32-token-IDs
RoBERTa,oef5qe,171,68,216,Ġknow,know,False,emptiness,0.006800627743359655,0.006800627743359655,0.11602278798818588,0.10880976915359497,0.35,0,0,600,FP32-token-IDs
RoBERTa,oef5qe,171,68,216,Ġknow,know,False,hopelessness,0.005943019408732653,0.005943019408732653,0.2363830953836441,0.8784436583518982,0.35,0,1,600,FP32-token-IDs
RoBERTa,oef5qe,171,68,216,Ġknow,know,False,loneliness,0.002233638966572471,0.002233638966572471,0.4310721158981323,0.22985777258872986,0.35,0,0,600,FP32-token-IDs
RoBERTa,oef5qe,171,68,216,Ġknow,know,False,sadness,0.0012297779321670532,0.0012297779321670532,0.24357697367668152,0.9611530303955078,0.35,1,1,600,FP32-token-IDs
RoBERTa,oef5qe,171,68,216,Ġknow,know,False,suicide intent,0.0005387526034610346,0.0005387526034610346,0.05914437025785446,0.060972683131694794,0.35,0,0,600,FP32-token-IDs
RoBERTa,oef5qe,171,68,216,Ġknow,know,False,worthlessness,0.005232235067524016,0.005232235067524016,0.21640247106552124,0.06312473118305206,0.35,0,0,600,FP32-token-IDs
RoBERTa,oef5qe,171,69,99,Ġwhat,what,False,anger,-0.003185602545272559,0.003185602545272559,0.19474484026432037,0.015603374689817429,0.35,0,0,600,FP32-token-IDs
RoBERTa,oef5qe,171,69,99,Ġwhat,what,False,brain dysfunction (forget),0.0034873967815656215,0.0034873967815656215,0.1732710301876068,0.04373176395893097,0.35,0,0,600,FP32-token-IDs
RoBERTa,oef5qe,171,69,99,Ġwhat,what,False,emptiness,0.006800627743359655,0.006800627743359655,0.11602278798818588,0.10880976915359497,0.35,0,0,600,FP32-token-IDs
RoBERTa,oef5qe,171,69,99,Ġwhat,what,False,hopelessness,0.005943019408732653,0.005943019408732653,0.2363830953836441,0.8784436583518982,0.35,0,1,600,FP32-token-IDs
RoBERTa,oef5qe,171,69,99,Ġwhat,what,False,loneliness,0.002233638966572471,0.002233638966572471,0.4310721158981323,0.22985777258872986,0.35,0,0,600,FP32-token-IDs
RoBERTa,oef5qe,171,69,99,Ġwhat,what,False,sadness,0.0012297779321670532,0.0012297779321670532,0.24357697367668152,0.9611530303955078,0.35,1,1,600,FP32-token-IDs
RoBERTa,oef5qe,171,69,99,Ġwhat,what,False,suicide intent,0.0005387526034610346,0.0005387526034610346,0.05914437025785446,0.060972683131694794,0.35,0,0,600,FP32-token-IDs
RoBERTa,oef5qe,171,69,99,Ġwhat,what,False,worthlessness,0.005232235067524016,0.005232235067524016,0.21640247106552124,0.06312473118305206,0.35,0,0,600,FP32-token-IDs
RoBERTa,oef5qe,171,70,7,Ġto,to,False,anger,-0.0029391887122377134,0.0029391887122377134,0.19474484026432037,0.015603374689817429,0.35,0,0,600,FP32-token-IDs
RoBERTa,oef5qe,171,70,7,Ġto,to,False,brain dysfunction (forget),-0.006685384393980105,0.006685384393980105,0.1732710301876068,0.04373176395893097,0.35,0,0,600,FP32-token-IDs
RoBERTa,oef5qe,171,70,7,Ġto,to,False,emptiness,-0.0007805571464511255,0.0007805571464511255,0.11602278798818588,0.10880976915359497,0.35,0,0,600,FP32-token-IDs
RoBERTa,oef5qe,171,70,7,Ġto,to,False,hopelessness,-0.005307743481049935,0.005307743481049935,0.2363830953836441,0.8784436583518982,0.35,0,1,600,FP32-token-IDs
RoBERTa,oef5qe,171,70,7,Ġto,to,False,loneliness,0.001215334976829278,0.001215334976829278,0.4310721158981323,0.22985777258872986,0.35,0,0,600,FP32-token-IDs
RoBERTa,oef5qe,171,70,7,Ġto,to,False,sadness,-0.0006651865939299265,0.0006651865939299265,0.24357697367668152,0.9611530303955078,0.35,1,1,600,FP32-token-IDs
RoBERTa,oef5qe,171,70,7,Ġto,to,False,suicide intent,-0.003033061196523098,0.003033061196523098,0.05914437025785446,0.060972683131694794,0.35,0,0,600,FP32-token-IDs
RoBERTa,oef5qe,171,70,7,Ġto,to,False,worthlessness,-0.006580938080636163,0.006580938080636163,0.21640247106552124,0.06312473118305206,0.35,0,0,600,FP32-token-IDs
RoBERTa,oef5qe,171,71,1057,Ġexpect,expect,False,anger,-0.0029391887122377134,0.0029391887122377134,0.19474484026432037,0.015603374689817429,0.35,0,0,600,FP32-token-IDs
RoBERTa,oef5qe,171,71,1057,Ġexpect,expect,False,brain dysfunction (forget),-0.006685384393980105,0.006685384393980105,0.1732710301876068,0.04373176395893097,0.35,0,0,600,FP32-token-IDs
RoBERTa,oef5qe,171,71,1057,Ġexpect,expect,False,emptiness,-0.0007805571464511255,0.0007805571464511255,0.11602278798818588,0.10880976915359497,0.35,0,0,600,FP32-token-IDs
RoBERTa,oef5qe,171,71,1057,Ġexpect,expect,False,hopelessness,-0.005307743481049935,0.005307743481049935,0.2363830953836441,0.8784436583518982,0.35,0,1,600,FP32-token-IDs
RoBERTa,oef5qe,171,71,1057,Ġexpect,expect,False,loneliness,0.001215334976829278,0.001215334976829278,0.4310721158981323,0.22985777258872986,0.35,0,0,600,FP32-token-IDs
RoBERTa,oef5qe,171,71,1057,Ġexpect,expect,False,sadness,-0.0006651865939299265,0.0006651865939299265,0.24357697367668152,0.9611530303955078,0.35,1,1,600,FP32-token-IDs
RoBERTa,oef5qe,171,71,1057,Ġexpect,expect,False,suicide intent,-0.003033061196523098,0.003033061196523098,0.05914437025785446,0.060972683131694794,0.35,0,0,600,FP32-token-IDs
RoBERTa,oef5qe,171,71,1057,Ġexpect,expect,False,worthlessness,-0.006580938080636163,0.006580938080636163,0.21640247106552124,0.06312473118305206,0.35,0,0,600,FP32-token-IDs
RoBERTa,oef5qe,171,72,600,Ġthough,though,False,anger,-0.0029391887122377134,0.0029391887122377134,0.19474484026432037,0.015603374689817429,0.35,0,0,600,FP32-token-IDs
RoBERTa,oef5qe,171,72,600,Ġthough,though,False,brain dysfunction (forget),-0.006685384393980105,0.006685384393980105,0.1732710301876068,0.04373176395893097,0.35,0,0,600,FP32-token-IDs
RoBERTa,oef5qe,171,72,600,Ġthough,though,False,emptiness,-0.0007805571464511255,0.0007805571464511255,0.11602278798818588,0.10880976915359497,0.35,0,0,600,FP32-token-IDs
RoBERTa,oef5qe,171,72,600,Ġthough,though,False,hopelessness,-0.005307743481049935,0.005307743481049935,0.2363830953836441,0.8784436583518982,0.35,0,1,600,FP32-token-IDs
RoBERTa,oef5qe,171,72,600,Ġthough,though,False,loneliness,0.001215334976829278,0.001215334976829278,0.4310721158981323,0.22985777258872986,0.35,0,0,600,FP32-token-IDs
RoBERTa,oef5qe,171,72,600,Ġthough,though,False,sadness,-0.0006651865939299265,0.0006651865939299265,0.24357697367668152,0.9611530303955078,0.35,1,1,600,FP32-token-IDs
RoBERTa,oef5qe,171,72,600,Ġthough,though,False,suicide intent,-0.003033061196523098,0.003033061196523098,0.05914437025785446,0.060972683131694794,0.35,0,0,600,FP32-token-IDs
RoBERTa,oef5qe,171,72,600,Ġthough,though,False,worthlessness,-0.006580938080636163,0.006580938080636163,0.21640247106552124,0.06312473118305206,0.35,0,0,600,FP32-token-IDs
RoBERTa,oef5qe,171,73,4,.,.,False,anger,-0.0027925640024477616,0.0027925640024477616,0.19474484026432037,0.015603374689817429,0.35,0,0,600,FP32-token-IDs
RoBERTa,oef5qe,171,73,4,.,.,False,brain dysfunction (forget),-0.006836882210336626,0.006836882210336626,0.1732710301876068,0.04373176395893097,0.35,0,0,600,FP32-token-IDs
RoBERTa,oef5qe,171,73,4,.,.,False,emptiness,-0.0009601928177289665,0.0009601928177289665,0.11602278798818588,0.10880976915359497,0.35,0,0,600,FP32-token-IDs
RoBERTa,oef5qe,171,73,4,.,.,False,hopelessness,-0.005737058352679014,0.005737058352679014,0.2363830953836441,0.8784436583518982,0.35,0,1,600,FP32-token-IDs
RoBERTa,oef5qe,171,73,4,.,.,False,loneliness,-0.000788257151725702,0.000788257151725702,0.4310721158981323,0.22985777258872986,0.35,0,0,600,FP32-token-IDs
RoBERTa,oef5qe,171,73,4,.,.,False,sadness,-0.0005621388554573059,0.0005621388554573059,0.24357697367668152,0.9611530303955078,0.35,1,1,600,FP32-token-IDs
RoBERTa,oef5qe,171,73,4,.,.,False,suicide intent,-0.0029597286629723385,0.0029597286629723385,0.05914437025785446,0.060972683131694794,0.35,0,0,600,FP32-token-IDs
RoBERTa,oef5qe,171,73,4,.,.,False,worthlessness,-0.008323047892190516,0.008323047892190516,0.21640247106552124,0.06312473118305206,0.35,0,0,600,FP32-token-IDs
RoBERTa,oef5qe,171,74,1740,ĠFrom,from,False,anger,0.005994131657644175,0.005994131657644175,0.19474484026432037,0.015603374689817429,0.35,0,0,600,FP32-token-IDs
RoBERTa,oef5qe,171,74,1740,ĠFrom,from,False,brain dysfunction (forget),-0.0050047757249558344,0.0050047757249558344,0.1732710301876068,0.04373176395893097,0.35,0,0,600,FP32-token-IDs
RoBERTa,oef5qe,171,74,1740,ĠFrom,from,False,emptiness,-0.012808041443349794,0.012808041443349794,0.11602278798818588,0.10880976915359497,0.35,0,0,600,FP32-token-IDs
RoBERTa,oef5qe,171,74,1740,ĠFrom,from,False,hopelessness,0.00368451900430955,0.00368451900430955,0.2363830953836441,0.8784436583518982,0.35,0,1,600,FP32-token-IDs
RoBERTa,oef5qe,171,74,1740,ĠFrom,from,False,loneliness,-0.023387048859149218,0.023387048859149218,0.4310721158981323,0.22985777258872986,0.35,0,0,600,FP32-token-IDs
RoBERTa,oef5qe,171,74,1740,ĠFrom,from,False,sadness,0.013023569248616695,0.013023569248616695,0.24357697367668152,0.9611530303955078,0.35,1,1,600,FP32-token-IDs
RoBERTa,oef5qe,171,74,1740,ĠFrom,from,False,suicide intent,0.0014722533232998103,0.0014722533232998103,0.05914437025785446,0.060972683131694794,0.35,0,0,600,FP32-token-IDs
RoBERTa,oef5qe,171,74,1740,ĠFrom,from,False,worthlessness,-0.002190231083659455,0.002190231083659455,0.21640247106552124,0.06312473118305206,0.35,0,0,600,FP32-token-IDs
RoBERTa,oef5qe,171,75,5,Ġthe,the,False,anger,0.005994131657644175,0.005994131657644175,0.19474484026432037,0.015603374689817429,0.35,0,0,600,FP32-token-IDs
RoBERTa,oef5qe,171,75,5,Ġthe,the,False,brain dysfunction (forget),-0.0050047757249558344,0.0050047757249558344,0.1732710301876068,0.04373176395893097,0.35,0,0,600,FP32-token-IDs
RoBERTa,oef5qe,171,75,5,Ġthe,the,False,emptiness,-0.012808041443349794,0.012808041443349794,0.11602278798818588,0.10880976915359497,0.35,0,0,600,FP32-token-IDs
RoBERTa,oef5qe,171,75,5,Ġthe,the,False,hopelessness,0.00368451900430955,0.00368451900430955,0.2363830953836441,0.8784436583518982,0.35,0,1,600,FP32-token-IDs
RoBERTa,oef5qe,171,75,5,Ġthe,the,False,loneliness,-0.023387048859149218,0.023387048859149218,0.4310721158981323,0.22985777258872986,0.35,0,0,600,FP32-token-IDs
RoBERTa,oef5qe,171,75,5,Ġthe,the,False,sadness,0.013023569248616695,0.013023569248616695,0.24357697367668152,0.9611530303955078,0.35,1,1,600,FP32-token-IDs
RoBERTa,oef5qe,171,75,5,Ġthe,the,False,suicide intent,0.0014722533232998103,0.0014722533232998103,0.05914437025785446,0.060972683131694794,0.35,0,0,600,FP32-token-IDs
RoBERTa,oef5qe,171,75,5,Ġthe,the,False,worthlessness,-0.002190231083659455,0.002190231083659455,0.21640247106552124,0.06312473118305206,0.35,0,0,600,FP32-token-IDs
RoBERTa,oef5qe,171,76,701,Ġcost,cost,False,anger,0.006242195420782082,0.006242195420782082,0.19474484026432037,0.015603374689817429,0.35,0,0,600,FP32-token-IDs
RoBERTa,oef5qe,171,76,701,Ġcost,cost,False,brain dysfunction (forget),-0.005101217728224583,0.005101217728224583,0.1732710301876068,0.04373176395893097,0.35,0,0,600,FP32-token-IDs
RoBERTa,oef5qe,171,76,701,Ġcost,cost,False,emptiness,-0.012764319631969556,0.012764319631969556,0.11602278798818588,0.10880976915359497,0.35,0,0,600,FP32-token-IDs
RoBERTa,oef5qe,171,76,701,Ġcost,cost,False,hopelessness,0.0026166831667069346,0.0026166831667069346,0.2363830953836441,0.8784436583518982,0.35,0,1,600,FP32-token-IDs
RoBERTa,oef5qe,171,76,701,Ġcost,cost,False,loneliness,-0.02331028343178332,0.02331028343178332,0.4310721158981323,0.22985777258872986,0.35,0,0,600,FP32-token-IDs
RoBERTa,oef5qe,171,76,701,Ġcost,cost,False,sadness,0.010117634665220976,0.010117634665220976,0.24357697367668152,0.9611530303955078,0.35,1,1,600,FP32-token-IDs
RoBERTa,oef5qe,171,76,701,Ġcost,cost,False,suicide intent,0.0015341462276410311,0.0015341462276410311,0.05914437025785446,0.060972683131694794,0.35,0,0,600,FP32-token-IDs
RoBERTa,oef5qe,171,76,701,Ġcost,cost,False,worthlessness,-0.001961830275831744,0.001961830275831744,0.21640247106552124,0.06312473118305206,0.35,0,0,600,FP32-token-IDs
RoBERTa,oef5qe,171,77,7,Ġto,to,False,anger,0.006242195420782082,0.006242195420782082,0.19474484026432037,0.015603374689817429,0.35,0,0,600,FP32-token-IDs
RoBERTa,oef5qe,171,77,7,Ġto,to,False,brain dysfunction (forget),-0.005101217728224583,0.005101217728224583,0.1732710301876068,0.04373176395893097,0.35,0,0,600,FP32-token-IDs
RoBERTa,oef5qe,171,77,7,Ġto,to,False,emptiness,-0.012764319631969556,0.012764319631969556,0.11602278798818588,0.10880976915359497,0.35,0,0,600,FP32-token-IDs
RoBERTa,oef5qe,171,77,7,Ġto,to,False,hopelessness,0.0026166831667069346,0.0026166831667069346,0.2363830953836441,0.8784436583518982,0.35,0,1,600,FP32-token-IDs
RoBERTa,oef5qe,171,77,7,Ġto,to,False,loneliness,-0.02331028343178332,0.02331028343178332,0.4310721158981323,0.22985777258872986,0.35,0,0,600,FP32-token-IDs
RoBERTa,oef5qe,171,77,7,Ġto,to,False,sadness,0.010117634665220976,0.010117634665220976,0.24357697367668152,0.9611530303955078,0.35,1,1,600,FP32-token-IDs
RoBERTa,oef5qe,171,77,7,Ġto,to,False,suicide intent,0.0015341462276410311,0.0015341462276410311,0.05914437025785446,0.060972683131694794,0.35,0,0,600,FP32-token-IDs
RoBERTa,oef5qe,171,77,7,Ġto,to,False,worthlessness,-0.001961830275831744,0.001961830275831744,0.21640247106552124,0.06312473118305206,0.35,0,0,600,FP32-token-IDs
RoBERTa,oef5qe,171,78,99,Ġwhat,what,False,anger,-0.0023243021714733914,0.0023243021714733914,0.19474484026432037,0.015603374689817429,0.35,0,0,600,FP32-token-IDs
RoBERTa,oef5qe,171,78,99,Ġwhat,what,False,brain dysfunction (forget),-0.002949457339127548,0.002949457339127548,0.1732710301876068,0.04373176395893097,0.35,0,0,600,FP32-token-IDs
RoBERTa,oef5qe,171,78,99,Ġwhat,what,False,emptiness,-0.013594134012237191,0.013594134012237191,0.11602278798818588,0.10880976915359497,0.35,0,0,600,FP32-token-IDs
RoBERTa,oef5qe,171,78,99,Ġwhat,what,False,hopelessness,-0.013955309317680076,0.013955309317680076,0.2363830953836441,0.8784436583518982,0.35,0,1,600,FP32-token-IDs
RoBERTa,oef5qe,171,78,99,Ġwhat,what,False,loneliness,-0.010412256582640111,0.010412256582640111,0.4310721158981323,0.22985777258872986,0.35,0,0,600,FP32-token-IDs
RoBERTa,oef5qe,171,78,99,Ġwhat,what,False,sadness,0.0030843529384583235,0.0030843529384583235,0.24357697367668152,0.9611530303955078,0.35,1,1,600,FP32-token-IDs
RoBERTa,oef5qe,171,78,99,Ġwhat,what,False,suicide intent,-0.002753501961706206,0.002753501961706206,0.05914437025785446,0.060972683131694794,0.35,0,0,600,FP32-token-IDs
RoBERTa,oef5qe,171,78,99,Ġwhat,what,False,worthlessness,-0.021415971306851134,0.021415971306851134,0.21640247106552124,0.06312473118305206,0.35,0,0,600,FP32-token-IDs
RoBERTa,oef5qe,171,79,939,Ġi,i,False,anger,-0.0023243021714733914,0.0023243021714733914,0.19474484026432037,0.015603374689817429,0.35,0,0,600,FP32-token-IDs
RoBERTa,oef5qe,171,79,939,Ġi,i,False,brain dysfunction (forget),-0.002949457339127548,0.002949457339127548,0.1732710301876068,0.04373176395893097,0.35,0,0,600,FP32-token-IDs
RoBERTa,oef5qe,171,79,939,Ġi,i,False,emptiness,-0.013594134012237191,0.013594134012237191,0.11602278798818588,0.10880976915359497,0.35,0,0,600,FP32-token-IDs
RoBERTa,oef5qe,171,79,939,Ġi,i,False,hopelessness,-0.013955309317680076,0.013955309317680076,0.2363830953836441,0.8784436583518982,0.35,0,1,600,FP32-token-IDs
RoBERTa,oef5qe,171,79,939,Ġi,i,False,loneliness,-0.010412256582640111,0.010412256582640111,0.4310721158981323,0.22985777258872986,0.35,0,0,600,FP32-token-IDs
RoBERTa,oef5qe,171,79,939,Ġi,i,False,sadness,0.0030843529384583235,0.0030843529384583235,0.24357697367668152,0.9611530303955078,0.35,1,1,600,FP32-token-IDs
RoBERTa,oef5qe,171,79,939,Ġi,i,False,suicide intent,-0.002753501961706206,0.002753501961706206,0.05914437025785446,0.060972683131694794,0.35,0,0,600,FP32-token-IDs
RoBERTa,oef5qe,171,79,939,Ġi,i,False,worthlessness,-0.021415971306851134,0.021415971306851134,0.21640247106552124,0.06312473118305206,0.35,0,0,600,FP32-token-IDs
RoBERTa,oef5qe,171,80,197,Ġshould,should,False,anger,-0.0023243021714733914,0.0023243021714733914,0.19474484026432037,0.015603374689817429,0.35,0,0,600,FP32-token-IDs
RoBERTa,oef5qe,171,80,197,Ġshould,should,False,brain dysfunction (forget),-0.002949457339127548,0.002949457339127548,0.1732710301876068,0.04373176395893097,0.35,0,0,600,FP32-token-IDs
RoBERTa,oef5qe,171,80,197,Ġshould,should,False,emptiness,-0.013594134012237191,0.013594134012237191,0.11602278798818588,0.10880976915359497,0.35,0,0,600,FP32-token-IDs
RoBERTa,oef5qe,171,80,197,Ġshould,should,False,hopelessness,-0.013955309317680076,0.013955309317680076,0.2363830953836441,0.8784436583518982,0.35,0,1,600,FP32-token-IDs
RoBERTa,oef5qe,171,80,197,Ġshould,should,False,loneliness,-0.010412256582640111,0.010412256582640111,0.4310721158981323,0.22985777258872986,0.35,0,0,600,FP32-token-IDs
RoBERTa,oef5qe,171,80,197,Ġshould,should,False,sadness,0.0030843529384583235,0.0030843529384583235,0.24357697367668152,0.9611530303955078,0.35,1,1,600,FP32-token-IDs
RoBERTa,oef5qe,171,80,197,Ġshould,should,False,suicide intent,-0.002753501961706206,0.002753501961706206,0.05914437025785446,0.060972683131694794,0.35,0,0,600,FP32-token-IDs
RoBERTa,oef5qe,171,80,197,Ġshould,should,False,worthlessness,-0.021415971306851134,0.021415971306851134,0.21640247106552124,0.06312473118305206,0.35,0,0,600,FP32-token-IDs
RoBERTa,oef5qe,171,81,6356,Ġpack,pack,False,anger,-0.0023243021714733914,0.0023243021714733914,0.19474484026432037,0.015603374689817429,0.35,0,0,600,FP32-token-IDs
RoBERTa,oef5qe,171,81,6356,Ġpack,pack,False,brain dysfunction (forget),-0.002949457339127548,0.002949457339127548,0.1732710301876068,0.04373176395893097,0.35,0,0,600,FP32-token-IDs
RoBERTa,oef5qe,171,81,6356,Ġpack,pack,False,emptiness,-0.013594134012237191,0.013594134012237191,0.11602278798818588,0.10880976915359497,0.35,0,0,600,FP32-token-IDs
RoBERTa,oef5qe,171,81,6356,Ġpack,pack,False,hopelessness,-0.013955309317680076,0.013955309317680076,0.2363830953836441,0.8784436583518982,0.35,0,1,600,FP32-token-IDs
RoBERTa,oef5qe,171,81,6356,Ġpack,pack,False,loneliness,-0.010412256582640111,0.010412256582640111,0.4310721158981323,0.22985777258872986,0.35,0,0,600,FP32-token-IDs
RoBERTa,oef5qe,171,81,6356,Ġpack,pack,False,sadness,0.0030843529384583235,0.0030843529384583235,0.24357697367668152,0.9611530303955078,0.35,1,1,600,FP32-token-IDs
RoBERTa,oef5qe,171,81,6356,Ġpack,pack,False,suicide intent,-0.002753501961706206,0.002753501961706206,0.05914437025785446,0.060972683131694794,0.35,0,0,600,FP32-token-IDs
RoBERTa,oef5qe,171,81,6356,Ġpack,pack,False,worthlessness,-0.021415971306851134,0.021415971306851134,0.21640247106552124,0.06312473118305206,0.35,0,0,600,FP32-token-IDs
RoBERTa,oef5qe,171,82,7,Ġto,to,False,anger,-0.0035764537705373104,0.0035764537705373104,0.19474484026432037,0.015603374689817429,0.35,0,0,600,FP32-token-IDs
RoBERTa,oef5qe,171,82,7,Ġto,to,False,brain dysfunction (forget),-0.001384561727966436,0.001384561727966436,0.1732710301876068,0.04373176395893097,0.35,0,0,600,FP32-token-IDs
RoBERTa,oef5qe,171,82,7,Ġto,to,False,emptiness,0.0006439651399639181,0.0006439651399639181,0.11602278798818588,0.10880976915359497,0.35,0,0,600,FP32-token-IDs
RoBERTa,oef5qe,171,82,7,Ġto,to,False,hopelessness,0.0005600653186609799,0.0005600653186609799,0.2363830953836441,0.8784436583518982,0.35,0,1,600,FP32-token-IDs
RoBERTa,oef5qe,171,82,7,Ġto,to,False,loneliness,0.003030402966859666,0.003030402966859666,0.4310721158981323,0.22985777258872986,0.35,0,0,600,FP32-token-IDs
RoBERTa,oef5qe,171,82,7,Ġto,to,False,sadness,0.0003830253580500456,0.0003830253580500456,0.24357697367668152,0.9611530303955078,0.35,1,1,600,FP32-token-IDs
RoBERTa,oef5qe,171,82,7,Ġto,to,False,suicide intent,-0.0006601142780379054,0.0006601142780379054,0.05914437025785446,0.060972683131694794,0.35,0,0,600,FP32-token-IDs
RoBERTa,oef5qe,171,82,7,Ġto,to,False,worthlessness,-0.0021830418104813857,0.0021830418104813857,0.21640247106552124,0.06312473118305206,0.35,0,0,600,FP32-token-IDs
RoBERTa,oef5qe,171,83,141,Ġhow,how,False,anger,-0.0035764537705373104,0.0035764537705373104,0.19474484026432037,0.015603374689817429,0.35,0,0,600,FP32-token-IDs
RoBERTa,oef5qe,171,83,141,Ġhow,how,False,brain dysfunction (forget),-0.001384561727966436,0.001384561727966436,0.1732710301876068,0.04373176395893097,0.35,0,0,600,FP32-token-IDs
RoBERTa,oef5qe,171,83,141,Ġhow,how,False,emptiness,0.0006439651399639181,0.0006439651399639181,0.11602278798818588,0.10880976915359497,0.35,0,0,600,FP32-token-IDs
RoBERTa,oef5qe,171,83,141,Ġhow,how,False,hopelessness,0.0005600653186609799,0.0005600653186609799,0.2363830953836441,0.8784436583518982,0.35,0,1,600,FP32-token-IDs
RoBERTa,oef5qe,171,83,141,Ġhow,how,False,loneliness,0.003030402966859666,0.003030402966859666,0.4310721158981323,0.22985777258872986,0.35,0,0,600,FP32-token-IDs
RoBERTa,oef5qe,171,83,141,Ġhow,how,False,sadness,0.0003830253580500456,0.0003830253580500456,0.24357697367668152,0.9611530303955078,0.35,1,1,600,FP32-token-IDs
RoBERTa,oef5qe,171,83,141,Ġhow,how,False,suicide intent,-0.0006601142780379054,0.0006601142780379054,0.05914437025785446,0.060972683131694794,0.35,0,0,600,FP32-token-IDs
RoBERTa,oef5qe,171,83,141,Ġhow,how,False,worthlessness,-0.0021830418104813857,0.0021830418104813857,0.21640247106552124,0.06312473118305206,0.35,0,0,600,FP32-token-IDs
RoBERTa,oef5qe,171,84,251,Ġlong,long,False,anger,-0.0035764537705373104,0.0035764537705373104,0.19474484026432037,0.015603374689817429,0.35,0,0,600,FP32-token-IDs
RoBERTa,oef5qe,171,84,251,Ġlong,long,False,brain dysfunction (forget),-0.001384561727966436,0.001384561727966436,0.1732710301876068,0.04373176395893097,0.35,0,0,600,FP32-token-IDs
RoBERTa,oef5qe,171,84,251,Ġlong,long,False,emptiness,0.0006439651399639181,0.0006439651399639181,0.11602278798818588,0.10880976915359497,0.35,0,0,600,FP32-token-IDs
RoBERTa,oef5qe,171,84,251,Ġlong,long,False,hopelessness,0.0005600653186609799,0.0005600653186609799,0.2363830953836441,0.8784436583518982,0.35,0,1,600,FP32-token-IDs
RoBERTa,oef5qe,171,84,251,Ġlong,long,False,loneliness,0.003030402966859666,0.003030402966859666,0.4310721158981323,0.22985777258872986,0.35,0,0,600,FP32-token-IDs
RoBERTa,oef5qe,171,84,251,Ġlong,long,False,sadness,0.0003830253580500456,0.0003830253580500456,0.24357697367668152,0.9611530303955078,0.35,1,1,600,FP32-token-IDs
RoBERTa,oef5qe,171,84,251,Ġlong,long,False,suicide intent,-0.0006601142780379054,0.0006601142780379054,0.05914437025785446,0.060972683131694794,0.35,0,0,600,FP32-token-IDs
RoBERTa,oef5qe,171,84,251,Ġlong,long,False,worthlessness,-0.0021830418104813857,0.0021830418104813857,0.21640247106552124,0.06312473118305206,0.35,0,0,600,FP32-token-IDs
RoBERTa,oef5qe,171,85,939,Ġi,i,False,anger,-0.0035764537705373104,0.0035764537705373104,0.19474484026432037,0.015603374689817429,0.35,0,0,600,FP32-token-IDs
RoBERTa,oef5qe,171,85,939,Ġi,i,False,brain dysfunction (forget),-0.001384561727966436,0.001384561727966436,0.1732710301876068,0.04373176395893097,0.35,0,0,600,FP32-token-IDs
RoBERTa,oef5qe,171,85,939,Ġi,i,False,emptiness,0.0006439651399639181,0.0006439651399639181,0.11602278798818588,0.10880976915359497,0.35,0,0,600,FP32-token-IDs
RoBERTa,oef5qe,171,85,939,Ġi,i,False,hopelessness,0.0005600653186609799,0.0005600653186609799,0.2363830953836441,0.8784436583518982,0.35,0,1,600,FP32-token-IDs
RoBERTa,oef5qe,171,85,939,Ġi,i,False,loneliness,0.003030402966859666,0.003030402966859666,0.4310721158981323,0.22985777258872986,0.35,0,0,600,FP32-token-IDs
RoBERTa,oef5qe,171,85,939,Ġi,i,False,sadness,0.0003830253580500456,0.0003830253580500456,0.24357697367668152,0.9611530303955078,0.35,1,1,600,FP32-token-IDs
RoBERTa,oef5qe,171,85,939,Ġi,i,False,suicide intent,-0.0006601142780379054,0.0006601142780379054,0.05914437025785446,0.060972683131694794,0.35,0,0,600,FP32-token-IDs
RoBERTa,oef5qe,171,85,939,Ġi,i,False,worthlessness,-0.0021830418104813857,0.0021830418104813857,0.21640247106552124,0.06312473118305206,0.35,0,0,600,FP32-token-IDs
RoBERTa,oef5qe,171,86,218,Ġdon,don,False,anger,-0.0036353342195023335,0.0036353342195023335,0.19474484026432037,0.015603374689817429,0.35,0,0,600,FP32-token-IDs
RoBERTa,oef5qe,171,86,218,Ġdon,don,False,brain dysfunction (forget),8.621789793205725e-05,8.621789793205725e-05,0.1732710301876068,0.04373176395893097,0.35,0,0,600,FP32-token-IDs
RoBERTa,oef5qe,171,86,218,Ġdon,don,False,emptiness,0.0026232863023465908,0.0026232863023465908,0.11602278798818588,0.10880976915359497,0.35,0,0,600,FP32-token-IDs
RoBERTa,oef5qe,171,86,218,Ġdon,don,False,hopelessness,0.0020446858199482617,0.0020446858199482617,0.2363830953836441,0.8784436583518982,0.35,0,1,600,FP32-token-IDs
RoBERTa,oef5qe,171,86,218,Ġdon,don,False,loneliness,0.0026699384892141663,0.0026699384892141663,0.4310721158981323,0.22985777258872986,0.35,0,0,600,FP32-token-IDs
RoBERTa,oef5qe,171,86,218,Ġdon,don,False,sadness,-0.0014493632245228276,0.0014493632245228276,0.24357697367668152,0.9611530303955078,0.35,1,1,600,FP32-token-IDs
RoBERTa,oef5qe,171,86,218,Ġdon,don,False,suicide intent,-0.0006009815279666527,0.0006009815279666527,0.05914437025785446,0.060972683131694794,0.35,0,0,600,FP32-token-IDs
RoBERTa,oef5qe,171,86,218,Ġdon,don,False,worthlessness,0.0006202391391112045,0.0006202391391112045,0.21640247106552124,0.06312473118305206,0.35,0,0,600,FP32-token-IDs
RoBERTa,oef5qe,171,87,75,'t,'t,False,anger,-0.0036353342195023335,0.0036353342195023335,0.19474484026432037,0.015603374689817429,0.35,0,0,600,FP32-token-IDs
RoBERTa,oef5qe,171,87,75,'t,'t,False,brain dysfunction (forget),8.621789793205725e-05,8.621789793205725e-05,0.1732710301876068,0.04373176395893097,0.35,0,0,600,FP32-token-IDs
RoBERTa,oef5qe,171,87,75,'t,'t,False,emptiness,0.0026232863023465908,0.0026232863023465908,0.11602278798818588,0.10880976915359497,0.35,0,0,600,FP32-token-IDs
RoBERTa,oef5qe,171,87,75,'t,'t,False,hopelessness,0.0020446858199482617,0.0020446858199482617,0.2363830953836441,0.8784436583518982,0.35,0,1,600,FP32-token-IDs
RoBERTa,oef5qe,171,87,75,'t,'t,False,loneliness,0.0026699384892141663,0.0026699384892141663,0.4310721158981323,0.22985777258872986,0.35,0,0,600,FP32-token-IDs
RoBERTa,oef5qe,171,87,75,'t,'t,False,sadness,-0.0014493632245228276,0.0014493632245228276,0.24357697367668152,0.9611530303955078,0.35,1,1,600,FP32-token-IDs
RoBERTa,oef5qe,171,87,75,'t,'t,False,suicide intent,-0.0006009815279666527,0.0006009815279666527,0.05914437025785446,0.060972683131694794,0.35,0,0,600,FP32-token-IDs
RoBERTa,oef5qe,171,87,75,'t,'t,False,worthlessness,0.0006202391391112045,0.0006202391391112045,0.21640247106552124,0.06312473118305206,0.35,0,0,600,FP32-token-IDs
RoBERTa,oef5qe,171,88,216,Ġknow,know,False,anger,-0.0036353342195023335,0.0036353342195023335,0.19474484026432037,0.015603374689817429,0.35,0,0,600,FP32-token-IDs
RoBERTa,oef5qe,171,88,216,Ġknow,know,False,brain dysfunction (forget),8.621789793205725e-05,8.621789793205725e-05,0.1732710301876068,0.04373176395893097,0.35,0,0,600,FP32-token-IDs
RoBERTa,oef5qe,171,88,216,Ġknow,know,False,emptiness,0.0026232863023465908,0.0026232863023465908,0.11602278798818588,0.10880976915359497,0.35,0,0,600,FP32-token-IDs
RoBERTa,oef5qe,171,88,216,Ġknow,know,False,hopelessness,0.0020446858199482617,0.0020446858199482617,0.2363830953836441,0.8784436583518982,0.35,0,1,600,FP32-token-IDs
RoBERTa,oef5qe,171,88,216,Ġknow,know,False,loneliness,0.0026699384892141663,0.0026699384892141663,0.4310721158981323,0.22985777258872986,0.35,0,0,600,FP32-token-IDs
RoBERTa,oef5qe,171,88,216,Ġknow,know,False,sadness,-0.0014493632245228276,0.0014493632245228276,0.24357697367668152,0.9611530303955078,0.35,1,1,600,FP32-token-IDs
RoBERTa,oef5qe,171,88,216,Ġknow,know,False,suicide intent,-0.0006009815279666527,0.0006009815279666527,0.05914437025785446,0.060972683131694794,0.35,0,0,600,FP32-token-IDs
RoBERTa,oef5qe,171,88,216,Ġknow,know,False,worthlessness,0.0006202391391112045,0.0006202391391112045,0.21640247106552124,0.06312473118305206,0.35,0,0,600,FP32-token-IDs
RoBERTa,oef5qe,171,89,143,Ġany,any,False,anger,-0.0036353342195023335,0.0036353342195023335,0.19474484026432037,0.015603374689817429,0.35,0,0,600,FP32-token-IDs
RoBERTa,oef5qe,171,89,143,Ġany,any,False,brain dysfunction (forget),8.621789793205725e-05,8.621789793205725e-05,0.1732710301876068,0.04373176395893097,0.35,0,0,600,FP32-token-IDs
RoBERTa,oef5qe,171,89,143,Ġany,any,False,emptiness,0.0026232863023465908,0.0026232863023465908,0.11602278798818588,0.10880976915359497,0.35,0,0,600,FP32-token-IDs
RoBERTa,oef5qe,171,89,143,Ġany,any,False,hopelessness,0.0020446858199482617,0.0020446858199482617,0.2363830953836441,0.8784436583518982,0.35,0,1,600,FP32-token-IDs
RoBERTa,oef5qe,171,89,143,Ġany,any,False,loneliness,0.0026699384892141663,0.0026699384892141663,0.4310721158981323,0.22985777258872986,0.35,0,0,600,FP32-token-IDs
RoBERTa,oef5qe,171,89,143,Ġany,any,False,sadness,-0.0014493632245228276,0.0014493632245228276,0.24357697367668152,0.9611530303955078,0.35,1,1,600,FP32-token-IDs
RoBERTa,oef5qe,171,89,143,Ġany,any,False,suicide intent,-0.0006009815279666527,0.0006009815279666527,0.05914437025785446,0.060972683131694794,0.35,0,0,600,FP32-token-IDs
RoBERTa,oef5qe,171,89,143,Ġany,any,False,worthlessness,0.0006202391391112045,0.0006202391391112045,0.21640247106552124,0.06312473118305206,0.35,0,0,600,FP32-token-IDs
RoBERTa,oef5qe,171,90,9,Ġof,of,False,anger,-0.0036353342195023335,0.0036353342195023335,0.19474484026432037,0.015603374689817429,0.35,0,0,600,FP32-token-IDs
RoBERTa,oef5qe,171,90,9,Ġof,of,False,brain dysfunction (forget),8.621789793205725e-05,8.621789793205725e-05,0.1732710301876068,0.04373176395893097,0.35,0,0,600,FP32-token-IDs
RoBERTa,oef5qe,171,90,9,Ġof,of,False,emptiness,0.0026232863023465908,0.0026232863023465908,0.11602278798818588,0.10880976915359497,0.35,0,0,600,FP32-token-IDs
RoBERTa,oef5qe,171,90,9,Ġof,of,False,hopelessness,0.0020446858199482617,0.0020446858199482617,0.2363830953836441,0.8784436583518982,0.35,0,1,600,FP32-token-IDs
RoBERTa,oef5qe,171,90,9,Ġof,of,False,loneliness,0.0026699384892141663,0.0026699384892141663,0.4310721158981323,0.22985777258872986,0.35,0,0,600,FP32-token-IDs
RoBERTa,oef5qe,171,90,9,Ġof,of,False,sadness,-0.0014493632245228276,0.0014493632245228276,0.24357697367668152,0.9611530303955078,0.35,1,1,600,FP32-token-IDs
RoBERTa,oef5qe,171,90,9,Ġof,of,False,suicide intent,-0.0006009815279666527,0.0006009815279666527,0.05914437025785446,0.060972683131694794,0.35,0,0,600,FP32-token-IDs
RoBERTa,oef5qe,171,90,9,Ġof,of,False,worthlessness,0.0006202391391112045,0.0006202391391112045,0.21640247106552124,0.06312473118305206,0.35,0,0,600,FP32-token-IDs
RoBERTa,oef5qe,171,91,24,Ġit,it,False,anger,-0.0036353342195023335,0.0036353342195023335,0.19474484026432037,0.015603374689817429,0.35,0,0,600,FP32-token-IDs
RoBERTa,oef5qe,171,91,24,Ġit,it,False,brain dysfunction (forget),8.621789793205725e-05,8.621789793205725e-05,0.1732710301876068,0.04373176395893097,0.35,0,0,600,FP32-token-IDs
RoBERTa,oef5qe,171,91,24,Ġit,it,False,emptiness,0.0026232863023465908,0.0026232863023465908,0.11602278798818588,0.10880976915359497,0.35,0,0,600,FP32-token-IDs
RoBERTa,oef5qe,171,91,24,Ġit,it,False,hopelessness,0.0020446858199482617,0.0020446858199482617,0.2363830953836441,0.8784436583518982,0.35,0,1,600,FP32-token-IDs
RoBERTa,oef5qe,171,91,24,Ġit,it,False,loneliness,0.0026699384892141663,0.0026699384892141663,0.4310721158981323,0.22985777258872986,0.35,0,0,600,FP32-token-IDs
RoBERTa,oef5qe,171,91,24,Ġit,it,False,sadness,-0.0014493632245228276,0.0014493632245228276,0.24357697367668152,0.9611530303955078,0.35,1,1,600,FP32-token-IDs
RoBERTa,oef5qe,171,91,24,Ġit,it,False,suicide intent,-0.0006009815279666527,0.0006009815279666527,0.05914437025785446,0.060972683131694794,0.35,0,0,600,FP32-token-IDs
RoBERTa,oef5qe,171,91,24,Ġit,it,False,worthlessness,0.0006202391391112045,0.0006202391391112045,0.21640247106552124,0.06312473118305206,0.35,0,0,600,FP32-token-IDs
RoBERTa,oef5qe,171,92,8,Ġand,and,False,anger,-0.0036353342195023335,0.0036353342195023335,0.19474484026432037,0.015603374689817429,0.35,0,0,600,FP32-token-IDs
RoBERTa,oef5qe,171,92,8,Ġand,and,False,brain dysfunction (forget),8.621789793205725e-05,8.621789793205725e-05,0.1732710301876068,0.04373176395893097,0.35,0,0,600,FP32-token-IDs
RoBERTa,oef5qe,171,92,8,Ġand,and,False,emptiness,0.0026232863023465908,0.0026232863023465908,0.11602278798818588,0.10880976915359497,0.35,0,0,600,FP32-token-IDs
RoBERTa,oef5qe,171,92,8,Ġand,and,False,hopelessness,0.0020446858199482617,0.0020446858199482617,0.2363830953836441,0.8784436583518982,0.35,0,1,600,FP32-token-IDs
RoBERTa,oef5qe,171,92,8,Ġand,and,False,loneliness,0.0026699384892141663,0.0026699384892141663,0.4310721158981323,0.22985777258872986,0.35,0,0,600,FP32-token-IDs
RoBERTa,oef5qe,171,92,8,Ġand,and,False,sadness,-0.0014493632245228276,0.0014493632245228276,0.24357697367668152,0.9611530303955078,0.35,1,1,600,FP32-token-IDs
RoBERTa,oef5qe,171,92,8,Ġand,and,False,suicide intent,-0.0006009815279666527,0.0006009815279666527,0.05914437025785446,0.060972683131694794,0.35,0,0,600,FP32-token-IDs
RoBERTa,oef5qe,171,92,8,Ġand,and,False,worthlessness,0.0006202391391112045,0.0006202391391112045,0.21640247106552124,0.06312473118305206,0.35,0,0,600,FP32-token-IDs
RoBERTa,oef5qe,171,93,39121,Ġgoogle,google,False,anger,-0.005188424256630242,0.005188424256630242,0.19474484026432037,0.015603374689817429,0.35,0,0,600,FP32-token-IDs
RoBERTa,oef5qe,171,93,39121,Ġgoogle,google,False,brain dysfunction (forget),-0.002860926528228447,0.002860926528228447,0.1732710301876068,0.04373176395893097,0.35,0,0,600,FP32-token-IDs
RoBERTa,oef5qe,171,93,39121,Ġgoogle,google,False,emptiness,-0.002092489507049322,0.002092489507049322,0.11602278798818588,0.10880976915359497,0.35,0,0,600,FP32-token-IDs
RoBERTa,oef5qe,171,93,39121,Ġgoogle,google,False,hopelessness,0.005278705095406622,0.005278705095406622,0.2363830953836441,0.8784436583518982,0.35,0,1,600,FP32-token-IDs
RoBERTa,oef5qe,171,93,39121,Ġgoogle,google,False,loneliness,-0.00900896335951984,0.00900896335951984,0.4310721158981323,0.22985777258872986,0.35,0,0,600,FP32-token-IDs
RoBERTa,oef5qe,171,93,39121,Ġgoogle,google,False,sadness,0.007349679653998464,0.007349679653998464,0.24357697367668152,0.9611530303955078,0.35,1,1,600,FP32-token-IDs
RoBERTa,oef5qe,171,93,39121,Ġgoogle,google,False,suicide intent,-0.002239051762444433,0.002239051762444433,0.05914437025785446,0.060972683131694794,0.35,0,0,600,FP32-token-IDs
RoBERTa,oef5qe,171,93,39121,Ġgoogle,google,False,worthlessness,0.0020256314310245216,0.0020256314310245216,0.21640247106552124,0.06312473118305206,0.35,0,0,600,FP32-token-IDs
RoBERTa,oef5qe,171,94,939,Ġi,i,False,anger,-0.005188424256630242,0.005188424256630242,0.19474484026432037,0.015603374689817429,0.35,0,0,600,FP32-token-IDs
RoBERTa,oef5qe,171,94,939,Ġi,i,False,brain dysfunction (forget),-0.002860926528228447,0.002860926528228447,0.1732710301876068,0.04373176395893097,0.35,0,0,600,FP32-token-IDs
RoBERTa,oef5qe,171,94,939,Ġi,i,False,emptiness,-0.002092489507049322,0.002092489507049322,0.11602278798818588,0.10880976915359497,0.35,0,0,600,FP32-token-IDs
RoBERTa,oef5qe,171,94,939,Ġi,i,False,hopelessness,0.005278705095406622,0.005278705095406622,0.2363830953836441,0.8784436583518982,0.35,0,1,600,FP32-token-IDs
RoBERTa,oef5qe,171,94,939,Ġi,i,False,loneliness,-0.00900896335951984,0.00900896335951984,0.4310721158981323,0.22985777258872986,0.35,0,0,600,FP32-token-IDs
RoBERTa,oef5qe,171,94,939,Ġi,i,False,sadness,0.007349679653998464,0.007349679653998464,0.24357697367668152,0.9611530303955078,0.35,1,1,600,FP32-token-IDs
RoBERTa,oef5qe,171,94,939,Ġi,i,False,suicide intent,-0.002239051762444433,0.002239051762444433,0.05914437025785446,0.060972683131694794,0.35,0,0,600,FP32-token-IDs
RoBERTa,oef5qe,171,94,939,Ġi,i,False,worthlessness,0.0020256314310245216,0.0020256314310245216,0.21640247106552124,0.06312473118305206,0.35,0,0,600,FP32-token-IDs
RoBERTa,oef5qe,171,95,619,Ġfeel,feel,False,anger,-0.005188424256630242,0.005188424256630242,0.19474484026432037,0.015603374689817429,0.35,0,0,600,FP32-token-IDs
RoBERTa,oef5qe,171,95,619,Ġfeel,feel,False,brain dysfunction (forget),-0.002860926528228447,0.002860926528228447,0.1732710301876068,0.04373176395893097,0.35,0,0,600,FP32-token-IDs
RoBERTa,oef5qe,171,95,619,Ġfeel,feel,False,emptiness,-0.002092489507049322,0.002092489507049322,0.11602278798818588,0.10880976915359497,0.35,0,0,600,FP32-token-IDs
RoBERTa,oef5qe,171,95,619,Ġfeel,feel,False,hopelessness,0.005278705095406622,0.005278705095406622,0.2363830953836441,0.8784436583518982,0.35,0,1,600,FP32-token-IDs
RoBERTa,oef5qe,171,95,619,Ġfeel,feel,False,loneliness,-0.00900896335951984,0.00900896335951984,0.4310721158981323,0.22985777258872986,0.35,0,0,600,FP32-token-IDs
RoBERTa,oef5qe,171,95,619,Ġfeel,feel,False,sadness,0.007349679653998464,0.007349679653998464,0.24357697367668152,0.9611530303955078,0.35,1,1,600,FP32-token-IDs
RoBERTa,oef5qe,171,95,619,Ġfeel,feel,False,suicide intent,-0.002239051762444433,0.002239051762444433,0.05914437025785446,0.060972683131694794,0.35,0,0,600,FP32-token-IDs
RoBERTa,oef5qe,171,95,619,Ġfeel,feel,False,worthlessness,0.0020256314310245216,0.0020256314310245216,0.21640247106552124,0.06312473118305206,0.35,0,0,600,FP32-token-IDs
RoBERTa,oef5qe,171,96,3026,Ġtells,tells,False,anger,-0.005188424256630242,0.005188424256630242,0.19474484026432037,0.015603374689817429,0.35,0,0,600,FP32-token-IDs
RoBERTa,oef5qe,171,96,3026,Ġtells,tells,False,brain dysfunction (forget),-0.002860926528228447,0.002860926528228447,0.1732710301876068,0.04373176395893097,0.35,0,0,600,FP32-token-IDs
RoBERTa,oef5qe,171,96,3026,Ġtells,tells,False,emptiness,-0.002092489507049322,0.002092489507049322,0.11602278798818588,0.10880976915359497,0.35,0,0,600,FP32-token-IDs
RoBERTa,oef5qe,171,96,3026,Ġtells,tells,False,hopelessness,0.005278705095406622,0.005278705095406622,0.2363830953836441,0.8784436583518982,0.35,0,1,600,FP32-token-IDs
RoBERTa,oef5qe,171,96,3026,Ġtells,tells,False,loneliness,-0.00900896335951984,0.00900896335951984,0.4310721158981323,0.22985777258872986,0.35,0,0,600,FP32-token-IDs
RoBERTa,oef5qe,171,96,3026,Ġtells,tells,False,sadness,0.007349679653998464,0.007349679653998464,0.24357697367668152,0.9611530303955078,0.35,1,1,600,FP32-token-IDs
RoBERTa,oef5qe,171,96,3026,Ġtells,tells,False,suicide intent,-0.002239051762444433,0.002239051762444433,0.05914437025785446,0.060972683131694794,0.35,0,0,600,FP32-token-IDs
RoBERTa,oef5qe,171,96,3026,Ġtells,tells,False,worthlessness,0.0020256314310245216,0.0020256314310245216,0.21640247106552124,0.06312473118305206,0.35,0,0,600,FP32-token-IDs
RoBERTa,oef5qe,171,97,162,Ġme,me,False,anger,-0.004766318845213391,0.004766318845213391,0.19474484026432037,0.015603374689817429,0.35,0,0,600,FP32-token-IDs
RoBERTa,oef5qe,171,97,162,Ġme,me,False,brain dysfunction (forget),-0.0037855861301068217,0.0037855861301068217,0.1732710301876068,0.04373176395893097,0.35,0,0,600,FP32-token-IDs
RoBERTa,oef5qe,171,97,162,Ġme,me,False,emptiness,-0.004808520374353975,0.004808520374353975,0.11602278798818588,0.10880976915359497,0.35,0,0,600,FP32-token-IDs
RoBERTa,oef5qe,171,97,162,Ġme,me,False,hopelessness,0.004015624464955181,0.004015624464955181,0.2363830953836441,0.8784436583518982,0.35,0,1,600,FP32-token-IDs
RoBERTa,oef5qe,171,97,162,Ġme,me,False,loneliness,-0.013977836701087654,0.013977836701087654,0.4310721158981323,0.22985777258872986,0.35,0,0,600,FP32-token-IDs
RoBERTa,oef5qe,171,97,162,Ġme,me,False,sadness,0.006560542795341462,0.006560542795341462,0.24357697367668152,0.9611530303955078,0.35,1,1,600,FP32-token-IDs
RoBERTa,oef5qe,171,97,162,Ġme,me,False,suicide intent,-0.0016518811244168319,0.0016518811244168319,0.05914437025785446,0.060972683131694794,0.35,0,0,600,FP32-token-IDs
RoBERTa,oef5qe,171,97,162,Ġme,me,False,worthlessness,0.0006959649617783725,0.0006959649617783725,0.21640247106552124,0.06312473118305206,0.35,0,0,600,FP32-token-IDs
RoBERTa,oef5qe,171,98,5,Ġthe,the,False,anger,-0.004766318845213391,0.004766318845213391,0.19474484026432037,0.015603374689817429,0.35,0,0,600,FP32-token-IDs
RoBERTa,oef5qe,171,98,5,Ġthe,the,False,brain dysfunction (forget),-0.0037855861301068217,0.0037855861301068217,0.1732710301876068,0.04373176395893097,0.35,0,0,600,FP32-token-IDs
RoBERTa,oef5qe,171,98,5,Ġthe,the,False,emptiness,-0.004808520374353975,0.004808520374353975,0.11602278798818588,0.10880976915359497,0.35,0,0,600,FP32-token-IDs
RoBERTa,oef5qe,171,98,5,Ġthe,the,False,hopelessness,0.004015624464955181,0.004015624464955181,0.2363830953836441,0.8784436583518982,0.35,0,1,600,FP32-token-IDs
RoBERTa,oef5qe,171,98,5,Ġthe,the,False,loneliness,-0.013977836701087654,0.013977836701087654,0.4310721158981323,0.22985777258872986,0.35,0,0,600,FP32-token-IDs
RoBERTa,oef5qe,171,98,5,Ġthe,the,False,sadness,0.006560542795341462,0.006560542795341462,0.24357697367668152,0.9611530303955078,0.35,1,1,600,FP32-token-IDs
RoBERTa,oef5qe,171,98,5,Ġthe,the,False,suicide intent,-0.0016518811244168319,0.0016518811244168319,0.05914437025785446,0.060972683131694794,0.35,0,0,600,FP32-token-IDs
RoBERTa,oef5qe,171,98,5,Ġthe,the,False,worthlessness,0.0006959649617783725,0.0006959649617783725,0.21640247106552124,0.06312473118305206,0.35,0,0,600,FP32-token-IDs
RoBERTa,oef5qe,171,99,2373,Ġworst,worst,False,anger,-0.004766318845213391,0.004766318845213391,0.19474484026432037,0.015603374689817429,0.35,0,0,600,FP32-token-IDs
RoBERTa,oef5qe,171,99,2373,Ġworst,worst,False,brain dysfunction (forget),-0.0037855861301068217,0.0037855861301068217,0.1732710301876068,0.04373176395893097,0.35,0,0,600,FP32-token-IDs
RoBERTa,oef5qe,171,99,2373,Ġworst,worst,False,emptiness,-0.004808520374353975,0.004808520374353975,0.11602278798818588,0.10880976915359497,0.35,0,0,600,FP32-token-IDs
RoBERTa,oef5qe,171,99,2373,Ġworst,worst,False,hopelessness,0.004015624464955181,0.004015624464955181,0.2363830953836441,0.8784436583518982,0.35,0,1,600,FP32-token-IDs
RoBERTa,oef5qe,171,99,2373,Ġworst,worst,False,loneliness,-0.013977836701087654,0.013977836701087654,0.4310721158981323,0.22985777258872986,0.35,0,0,600,FP32-token-IDs
RoBERTa,oef5qe,171,99,2373,Ġworst,worst,False,sadness,0.006560542795341462,0.006560542795341462,0.24357697367668152,0.9611530303955078,0.35,1,1,600,FP32-token-IDs
RoBERTa,oef5qe,171,99,2373,Ġworst,worst,False,suicide intent,-0.0016518811244168319,0.0016518811244168319,0.05914437025785446,0.060972683131694794,0.35,0,0,600,FP32-token-IDs
RoBERTa,oef5qe,171,99,2373,Ġworst,worst,False,worthlessness,0.0006959649617783725,0.0006959649617783725,0.21640247106552124,0.06312473118305206,0.35,0,0,600,FP32-token-IDs
RoBERTa,oef5qe,171,100,403,Ġcase,case,False,anger,-0.004766318845213391,0.004766318845213391,0.19474484026432037,0.015603374689817429,0.35,0,0,600,FP32-token-IDs
RoBERTa,oef5qe,171,100,403,Ġcase,case,False,brain dysfunction (forget),-0.0037855861301068217,0.0037855861301068217,0.1732710301876068,0.04373176395893097,0.35,0,0,600,FP32-token-IDs
RoBERTa,oef5qe,171,100,403,Ġcase,case,False,emptiness,-0.004808520374353975,0.004808520374353975,0.11602278798818588,0.10880976915359497,0.35,0,0,600,FP32-token-IDs
RoBERTa,oef5qe,171,100,403,Ġcase,case,False,hopelessness,0.004015624464955181,0.004015624464955181,0.2363830953836441,0.8784436583518982,0.35,0,1,600,FP32-token-IDs
RoBERTa,oef5qe,171,100,403,Ġcase,case,False,loneliness,-0.013977836701087654,0.013977836701087654,0.4310721158981323,0.22985777258872986,0.35,0,0,600,FP32-token-IDs
RoBERTa,oef5qe,171,100,403,Ġcase,case,False,sadness,0.006560542795341462,0.006560542795341462,0.24357697367668152,0.9611530303955078,0.35,1,1,600,FP32-token-IDs
RoBERTa,oef5qe,171,100,403,Ġcase,case,False,suicide intent,-0.0016518811244168319,0.0016518811244168319,0.05914437025785446,0.060972683131694794,0.35,0,0,600,FP32-token-IDs
RoBERTa,oef5qe,171,100,403,Ġcase,case,False,worthlessness,0.0006959649617783725,0.0006959649617783725,0.21640247106552124,0.06312473118305206,0.35,0,0,600,FP32-token-IDs
RoBERTa,oef5qe,171,101,13,Ġfor,for,False,anger,0.0004595551639795303,0.0004595551639795303,0.19474484026432037,0.015603374689817429,0.35,0,0,600,FP32-token-IDs
RoBERTa,oef5qe,171,101,13,Ġfor,for,False,brain dysfunction (forget),-0.0013180585228838027,0.0013180585228838027,0.1732710301876068,0.04373176395893097,0.35,0,0,600,FP32-token-IDs
RoBERTa,oef5qe,171,101,13,Ġfor,for,False,emptiness,-0.007661025383276865,0.007661025383276865,0.11602278798818588,0.10880976915359497,0.35,0,0,600,FP32-token-IDs
RoBERTa,oef5qe,171,101,13,Ġfor,for,False,hopelessness,0.0013044840306974947,0.0013044840306974947,0.2363830953836441,0.8784436583518982,0.35,0,1,600,FP32-token-IDs
RoBERTa,oef5qe,171,101,13,Ġfor,for,False,loneliness,-0.013362629141192883,0.013362629141192883,0.4310721158981323,0.22985777258872986,0.35,0,0,600,FP32-token-IDs
RoBERTa,oef5qe,171,101,13,Ġfor,for,False,sadness,-0.00017396706389263274,0.00017396706389263274,0.24357697367668152,0.9611530303955078,0.35,1,1,600,FP32-token-IDs
RoBERTa,oef5qe,171,101,13,Ġfor,for,False,suicide intent,-0.0005896660572034308,0.0005896660572034308,0.05914437025785446,0.060972683131694794,0.35,0,0,600,FP32-token-IDs
RoBERTa,oef5qe,171,101,13,Ġfor,for,False,worthlessness,0.0014957295963540674,0.0014957295963540674,0.21640247106552124,0.06312473118305206,0.35,0,0,600,FP32-token-IDs
RoBERTa,oef5qe,171,102,960,Ġeverything,everything,False,anger,0.0004595551639795303,0.0004595551639795303,0.19474484026432037,0.015603374689817429,0.35,0,0,600,FP32-token-IDs
RoBERTa,oef5qe,171,102,960,Ġeverything,everything,False,brain dysfunction (forget),-0.0013180585228838027,0.0013180585228838027,0.1732710301876068,0.04373176395893097,0.35,0,0,600,FP32-token-IDs
RoBERTa,oef5qe,171,102,960,Ġeverything,everything,False,emptiness,-0.007661025383276865,0.007661025383276865,0.11602278798818588,0.10880976915359497,0.35,0,0,600,FP32-token-IDs
RoBERTa,oef5qe,171,102,960,Ġeverything,everything,False,hopelessness,0.0013044840306974947,0.0013044840306974947,0.2363830953836441,0.8784436583518982,0.35,0,1,600,FP32-token-IDs
RoBERTa,oef5qe,171,102,960,Ġeverything,everything,False,loneliness,-0.013362629141192883,0.013362629141192883,0.4310721158981323,0.22985777258872986,0.35,0,0,600,FP32-token-IDs
RoBERTa,oef5qe,171,102,960,Ġeverything,everything,False,sadness,-0.00017396706389263274,0.00017396706389263274,0.24357697367668152,0.9611530303955078,0.35,1,1,600,FP32-token-IDs
RoBERTa,oef5qe,171,102,960,Ġeverything,everything,False,suicide intent,-0.0005896660572034308,0.0005896660572034308,0.05914437025785446,0.060972683131694794,0.35,0,0,600,FP32-token-IDs
RoBERTa,oef5qe,171,102,960,Ġeverything,everything,False,worthlessness,0.0014957295963540674,0.0014957295963540674,0.21640247106552124,0.06312473118305206,0.35,0,0,600,FP32-token-IDs
RoBERTa,oef5qe,171,103,98,Ġso,so,False,anger,0.0004595551639795303,0.0004595551639795303,0.19474484026432037,0.015603374689817429,0.35,0,0,600,FP32-token-IDs
RoBERTa,oef5qe,171,103,98,Ġso,so,False,brain dysfunction (forget),-0.0013180585228838027,0.0013180585228838027,0.1732710301876068,0.04373176395893097,0.35,0,0,600,FP32-token-IDs
RoBERTa,oef5qe,171,103,98,Ġso,so,False,emptiness,-0.007661025383276865,0.007661025383276865,0.11602278798818588,0.10880976915359497,0.35,0,0,600,FP32-token-IDs
RoBERTa,oef5qe,171,103,98,Ġso,so,False,hopelessness,0.0013044840306974947,0.0013044840306974947,0.2363830953836441,0.8784436583518982,0.35,0,1,600,FP32-token-IDs
RoBERTa,oef5qe,171,103,98,Ġso,so,False,loneliness,-0.013362629141192883,0.013362629141192883,0.4310721158981323,0.22985777258872986,0.35,0,0,600,FP32-token-IDs
RoBERTa,oef5qe,171,103,98,Ġso,so,False,sadness,-0.00017396706389263274,0.00017396706389263274,0.24357697367668152,0.9611530303955078,0.35,1,1,600,FP32-token-IDs
RoBERTa,oef5qe,171,103,98,Ġso,so,False,suicide intent,-0.0005896660572034308,0.0005896660572034308,0.05914437025785446,0.060972683131694794,0.35,0,0,600,FP32-token-IDs
RoBERTa,oef5qe,171,103,98,Ġso,so,False,worthlessness,0.0014957295963540674,0.0014957295963540674,0.21640247106552124,0.06312473118305206,0.35,0,0,600,FP32-token-IDs
RoBERTa,oef5qe,171,104,473,Ġdoes,does,False,anger,0.0004595551639795303,0.0004595551639795303,0.19474484026432037,0.015603374689817429,0.35,0,0,600,FP32-token-IDs
RoBERTa,oef5qe,171,104,473,Ġdoes,does,False,brain dysfunction (forget),-0.0013180585228838027,0.0013180585228838027,0.1732710301876068,0.04373176395893097,0.35,0,0,600,FP32-token-IDs
RoBERTa,oef5qe,171,104,473,Ġdoes,does,False,emptiness,-0.007661025383276865,0.007661025383276865,0.11602278798818588,0.10880976915359497,0.35,0,0,600,FP32-token-IDs
RoBERTa,oef5qe,171,104,473,Ġdoes,does,False,hopelessness,0.0013044840306974947,0.0013044840306974947,0.2363830953836441,0.8784436583518982,0.35,0,1,600,FP32-token-IDs
RoBERTa,oef5qe,171,104,473,Ġdoes,does,False,loneliness,-0.013362629141192883,0.013362629141192883,0.4310721158981323,0.22985777258872986,0.35,0,0,600,FP32-token-IDs
RoBERTa,oef5qe,171,104,473,Ġdoes,does,False,sadness,-0.00017396706389263274,0.00017396706389263274,0.24357697367668152,0.9611530303955078,0.35,1,1,600,FP32-token-IDs
RoBERTa,oef5qe,171,104,473,Ġdoes,does,False,suicide intent,-0.0005896660572034308,0.0005896660572034308,0.05914437025785446,0.060972683131694794,0.35,0,0,600,FP32-token-IDs
RoBERTa,oef5qe,171,104,473,Ġdoes,does,False,worthlessness,0.0014957295963540674,0.0014957295963540674,0.21640247106552124,0.06312473118305206,0.35,0,0,600,FP32-token-IDs
RoBERTa,oef5qe,171,105,1268,Ġanyone,anyone,False,anger,-0.00036339940464434525,0.00036339940464434525,0.19474484026432037,0.015603374689817429,0.35,0,0,600,FP32-token-IDs
RoBERTa,oef5qe,171,105,1268,Ġanyone,anyone,False,brain dysfunction (forget),-0.0024626529387508827,0.0024626529387508827,0.1732710301876068,0.04373176395893097,0.35,0,0,600,FP32-token-IDs
RoBERTa,oef5qe,171,105,1268,Ġanyone,anyone,False,emptiness,-0.0033187643120375773,0.0033187643120375773,0.11602278798818588,0.10880976915359497,0.35,0,0,600,FP32-token-IDs
RoBERTa,oef5qe,171,105,1268,Ġanyone,anyone,False,hopelessness,-0.003062573610804975,0.003062573610804975,0.2363830953836441,0.8784436583518982,0.35,0,1,600,FP32-token-IDs
RoBERTa,oef5qe,171,105,1268,Ġanyone,anyone,False,loneliness,-0.00042152053210884325,0.00042152053210884325,0.4310721158981323,0.22985777258872986,0.35,0,0,600,FP32-token-IDs
RoBERTa,oef5qe,171,105,1268,Ġanyone,anyone,False,sadness,-0.0046104092849418524,0.0046104092849418524,0.24357697367668152,0.9611530303955078,0.35,1,1,600,FP32-token-IDs
RoBERTa,oef5qe,171,105,1268,Ġanyone,anyone,False,suicide intent,-0.0014529555444217598,0.0014529555444217598,0.05914437025785446,0.060972683131694794,0.35,0,0,600,FP32-token-IDs
RoBERTa,oef5qe,171,105,1268,Ġanyone,anyone,False,worthlessness,-0.0013650306034833192,0.0013650306034833192,0.21640247106552124,0.06312473118305206,0.35,0,0,600,FP32-token-IDs
RoBERTa,oef5qe,171,106,259,Ġhere,here,False,anger,-0.00036339940464434525,0.00036339940464434525,0.19474484026432037,0.015603374689817429,0.35,0,0,600,FP32-token-IDs
RoBERTa,oef5qe,171,106,259,Ġhere,here,False,brain dysfunction (forget),-0.0024626529387508827,0.0024626529387508827,0.1732710301876068,0.04373176395893097,0.35,0,0,600,FP32-token-IDs
RoBERTa,oef5qe,171,106,259,Ġhere,here,False,emptiness,-0.0033187643120375773,0.0033187643120375773,0.11602278798818588,0.10880976915359497,0.35,0,0,600,FP32-token-IDs
RoBERTa,oef5qe,171,106,259,Ġhere,here,False,hopelessness,-0.003062573610804975,0.003062573610804975,0.2363830953836441,0.8784436583518982,0.35,0,1,600,FP32-token-IDs
RoBERTa,oef5qe,171,106,259,Ġhere,here,False,loneliness,-0.00042152053210884325,0.00042152053210884325,0.4310721158981323,0.22985777258872986,0.35,0,0,600,FP32-token-IDs
RoBERTa,oef5qe,171,106,259,Ġhere,here,False,sadness,-0.0046104092849418524,0.0046104092849418524,0.24357697367668152,0.9611530303955078,0.35,1,1,600,FP32-token-IDs
RoBERTa,oef5qe,171,106,259,Ġhere,here,False,suicide intent,-0.0014529555444217598,0.0014529555444217598,0.05914437025785446,0.060972683131694794,0.35,0,0,600,FP32-token-IDs
RoBERTa,oef5qe,171,106,259,Ġhere,here,False,worthlessness,-0.0013650306034833192,0.0013650306034833192,0.21640247106552124,0.06312473118305206,0.35,0,0,600,FP32-token-IDs
RoBERTa,oef5qe,171,107,33,Ġhave,have,False,anger,-0.00036339940464434525,0.00036339940464434525,0.19474484026432037,0.015603374689817429,0.35,0,0,600,FP32-token-IDs
RoBERTa,oef5qe,171,107,33,Ġhave,have,False,brain dysfunction (forget),-0.002462652938750883,0.002462652938750883,0.1732710301876068,0.04373176395893097,0.35,0,0,600,FP32-token-IDs
RoBERTa,oef5qe,171,107,33,Ġhave,have,False,emptiness,-0.003318764312037577,0.003318764312037577,0.11602278798818588,0.10880976915359497,0.35,0,0,600,FP32-token-IDs
RoBERTa,oef5qe,171,107,33,Ġhave,have,False,hopelessness,-0.003062573610804975,0.003062573610804975,0.2363830953836441,0.8784436583518982,0.35,0,1,600,FP32-token-IDs
RoBERTa,oef5qe,171,107,33,Ġhave,have,False,loneliness,-0.0004215205321088432,0.0004215205321088432,0.4310721158981323,0.22985777258872986,0.35,0,0,600,FP32-token-IDs
RoBERTa,oef5qe,171,107,33,Ġhave,have,False,sadness,-0.004610409284941852,0.004610409284941852,0.24357697367668152,0.9611530303955078,0.35,1,1,600,FP32-token-IDs
RoBERTa,oef5qe,171,107,33,Ġhave,have,False,suicide intent,-0.0014529555444217598,0.0014529555444217598,0.05914437025785446,0.060972683131694794,0.35,0,0,600,FP32-token-IDs
RoBERTa,oef5qe,171,107,33,Ġhave,have,False,worthlessness,-0.0013650306034833192,0.0013650306034833192,0.21640247106552124,0.06312473118305206,0.35,0,0,600,FP32-token-IDs
RoBERTa,oef5qe,171,108,1081,Ġpersonal,personal,False,anger,-0.00036339940464434525,0.00036339940464434525,0.19474484026432037,0.015603374689817429,0.35,0,0,600,FP32-token-IDs
RoBERTa,oef5qe,171,108,1081,Ġpersonal,personal,False,brain dysfunction (forget),-0.002462652938750883,0.002462652938750883,0.1732710301876068,0.04373176395893097,0.35,0,0,600,FP32-token-IDs
RoBERTa,oef5qe,171,108,1081,Ġpersonal,personal,False,emptiness,-0.003318764312037577,0.003318764312037577,0.11602278798818588,0.10880976915359497,0.35,0,0,600,FP32-token-IDs
RoBERTa,oef5qe,171,108,1081,Ġpersonal,personal,False,hopelessness,-0.003062573610804975,0.003062573610804975,0.2363830953836441,0.8784436583518982,0.35,0,1,600,FP32-token-IDs
RoBERTa,oef5qe,171,108,1081,Ġpersonal,personal,False,loneliness,-0.0004215205321088432,0.0004215205321088432,0.4310721158981323,0.22985777258872986,0.35,0,0,600,FP32-token-IDs
RoBERTa,oef5qe,171,108,1081,Ġpersonal,personal,False,sadness,-0.004610409284941852,0.004610409284941852,0.24357697367668152,0.9611530303955078,0.35,1,1,600,FP32-token-IDs
RoBERTa,oef5qe,171,108,1081,Ġpersonal,personal,False,suicide intent,-0.0014529555444217598,0.0014529555444217598,0.05914437025785446,0.060972683131694794,0.35,0,0,600,FP32-token-IDs
RoBERTa,oef5qe,171,108,1081,Ġpersonal,personal,False,worthlessness,-0.0013650306034833192,0.0013650306034833192,0.21640247106552124,0.06312473118305206,0.35,0,0,600,FP32-token-IDs
RoBERTa,oef5qe,171,109,676,Ġexperience,experience,False,anger,-0.00036339940464434525,0.00036339940464434525,0.19474484026432037,0.015603374689817429,0.35,0,0,600,FP32-token-IDs
RoBERTa,oef5qe,171,109,676,Ġexperience,experience,False,brain dysfunction (forget),-0.002462652938750883,0.002462652938750883,0.1732710301876068,0.04373176395893097,0.35,0,0,600,FP32-token-IDs
RoBERTa,oef5qe,171,109,676,Ġexperience,experience,False,emptiness,-0.003318764312037577,0.003318764312037577,0.11602278798818588,0.10880976915359497,0.35,0,0,600,FP32-token-IDs
RoBERTa,oef5qe,171,109,676,Ġexperience,experience,False,hopelessness,-0.003062573610804975,0.003062573610804975,0.2363830953836441,0.8784436583518982,0.35,0,1,600,FP32-token-IDs
RoBERTa,oef5qe,171,109,676,Ġexperience,experience,False,loneliness,-0.0004215205321088432,0.0004215205321088432,0.4310721158981323,0.22985777258872986,0.35,0,0,600,FP32-token-IDs
RoBERTa,oef5qe,171,109,676,Ġexperience,experience,False,sadness,-0.004610409284941852,0.004610409284941852,0.24357697367668152,0.9611530303955078,0.35,1,1,600,FP32-token-IDs
RoBERTa,oef5qe,171,109,676,Ġexperience,experience,False,suicide intent,-0.0014529555444217598,0.0014529555444217598,0.05914437025785446,0.060972683131694794,0.35,0,0,600,FP32-token-IDs
RoBERTa,oef5qe,171,109,676,Ġexperience,experience,False,worthlessness,-0.0013650306034833192,0.0013650306034833192,0.21640247106552124,0.06312473118305206,0.35,0,0,600,FP32-token-IDs
RoBERTa,oef5qe,171,110,116,?,?,False,anger,-0.00036339940464434525,0.00036339940464434525,0.19474484026432037,0.015603374689817429,0.35,0,0,600,FP32-token-IDs
RoBERTa,oef5qe,171,110,116,?,?,False,brain dysfunction (forget),-0.002462652938750883,0.002462652938750883,0.1732710301876068,0.04373176395893097,0.35,0,0,600,FP32-token-IDs
RoBERTa,oef5qe,171,110,116,?,?,False,emptiness,-0.003318764312037577,0.003318764312037577,0.11602278798818588,0.10880976915359497,0.35,0,0,600,FP32-token-IDs
RoBERTa,oef5qe,171,110,116,?,?,False,hopelessness,-0.003062573610804975,0.003062573610804975,0.2363830953836441,0.8784436583518982,0.35,0,1,600,FP32-token-IDs
RoBERTa,oef5qe,171,110,116,?,?,False,loneliness,-0.00042152053210884325,0.00042152053210884325,0.4310721158981323,0.22985777258872986,0.35,0,0,600,FP32-token-IDs
RoBERTa,oef5qe,171,110,116,?,?,False,sadness,-0.004610409284941852,0.004610409284941852,0.24357697367668152,0.9611530303955078,0.35,1,1,600,FP32-token-IDs
RoBERTa,oef5qe,171,110,116,?,?,False,suicide intent,-0.0014529555444217598,0.0014529555444217598,0.05914437025785446,0.060972683131694794,0.35,0,0,600,FP32-token-IDs
RoBERTa,oef5qe,171,110,116,?,?,False,worthlessness,-0.0013650306034833192,0.0013650306034833192,0.21640247106552124,0.06312473118305206,0.35,0,0,600,FP32-token-IDs
RoBERTa,oef5qe,171,111,38,ĠI,i,False,anger,-0.004257915529888123,0.004257915529888123,0.19474484026432037,0.015603374689817429,0.35,0,0,600,FP32-token-IDs
RoBERTa,oef5qe,171,111,38,ĠI,i,False,brain dysfunction (forget),0.00025131632573902616,0.00025131632573902616,0.1732710301876068,0.04373176395893097,0.35,0,0,600,FP32-token-IDs
RoBERTa,oef5qe,171,111,38,ĠI,i,False,emptiness,-0.006338173965923488,0.006338173965923488,0.11602278798818588,0.10880976915359497,0.35,0,0,600,FP32-token-IDs
RoBERTa,oef5qe,171,111,38,ĠI,i,False,hopelessness,-0.005298188282176852,0.005298188282176852,0.2363830953836441,0.8784436583518982,0.35,0,1,600,FP32-token-IDs
RoBERTa,oef5qe,171,111,38,ĠI,i,False,loneliness,-0.004019782738760113,0.004019782738760113,0.4310721158981323,0.22985777258872986,0.35,0,0,600,FP32-token-IDs
RoBERTa,oef5qe,171,111,38,ĠI,i,False,sadness,0.005938071757555008,0.005938071757555008,0.24357697367668152,0.9611530303955078,0.35,1,1,600,FP32-token-IDs
RoBERTa,oef5qe,171,111,38,ĠI,i,False,suicide intent,-0.0007452372112311423,0.0007452372112311423,0.05914437025785446,0.060972683131694794,0.35,0,0,600,FP32-token-IDs
RoBERTa,oef5qe,171,111,38,ĠI,i,False,worthlessness,-0.011303253704681993,0.011303253704681993,0.21640247106552124,0.06312473118305206,0.35,0,0,600,FP32-token-IDs
RoBERTa,oef5qe,171,112,1017,'d,'d,False,anger,-0.004257915529888123,0.004257915529888123,0.19474484026432037,0.015603374689817429,0.35,0,0,600,FP32-token-IDs
RoBERTa,oef5qe,171,112,1017,'d,'d,False,brain dysfunction (forget),0.00025131632573902616,0.00025131632573902616,0.1732710301876068,0.04373176395893097,0.35,0,0,600,FP32-token-IDs
RoBERTa,oef5qe,171,112,1017,'d,'d,False,emptiness,-0.006338173965923488,0.006338173965923488,0.11602278798818588,0.10880976915359497,0.35,0,0,600,FP32-token-IDs
RoBERTa,oef5qe,171,112,1017,'d,'d,False,hopelessness,-0.005298188282176852,0.005298188282176852,0.2363830953836441,0.8784436583518982,0.35,0,1,600,FP32-token-IDs
RoBERTa,oef5qe,171,112,1017,'d,'d,False,loneliness,-0.004019782738760113,0.004019782738760113,0.4310721158981323,0.22985777258872986,0.35,0,0,600,FP32-token-IDs
RoBERTa,oef5qe,171,112,1017,'d,'d,False,sadness,0.005938071757555008,0.005938071757555008,0.24357697367668152,0.9611530303955078,0.35,1,1,600,FP32-token-IDs
RoBERTa,oef5qe,171,112,1017,'d,'d,False,suicide intent,-0.0007452372112311423,0.0007452372112311423,0.05914437025785446,0.060972683131694794,0.35,0,0,600,FP32-token-IDs
RoBERTa,oef5qe,171,112,1017,'d,'d,False,worthlessness,-0.011303253704681993,0.011303253704681993,0.21640247106552124,0.06312473118305206,0.35,0,0,600,FP32-token-IDs
RoBERTa,oef5qe,171,113,2422,Ġsuper,super,False,anger,0.007711580500472337,0.007711580500472337,0.19474484026432037,0.015603374689817429,0.35,0,0,600,FP32-token-IDs
RoBERTa,oef5qe,171,113,2422,Ġsuper,super,False,brain dysfunction (forget),-0.007953665669386586,0.007953665669386586,0.1732710301876068,0.04373176395893097,0.35,0,0,600,FP32-token-IDs
RoBERTa,oef5qe,171,113,2422,Ġsuper,super,False,emptiness,-0.010839375799211364,0.010839375799211364,0.11602278798818588,0.10880976915359497,0.35,0,0,600,FP32-token-IDs
RoBERTa,oef5qe,171,113,2422,Ġsuper,super,False,hopelessness,-0.023717703429671624,0.023717703429671624,0.2363830953836441,0.8784436583518982,0.35,0,1,600,FP32-token-IDs
RoBERTa,oef5qe,171,113,2422,Ġsuper,super,False,loneliness,-0.009062279652183255,0.009062279652183255,0.4310721158981323,0.22985777258872986,0.35,0,0,600,FP32-token-IDs
RoBERTa,oef5qe,171,113,2422,Ġsuper,super,False,sadness,-0.013174372725188732,0.013174372725188732,0.24357697367668152,0.9611530303955078,0.35,1,1,600,FP32-token-IDs
RoBERTa,oef5qe,171,113,2422,Ġsuper,super,False,suicide intent,-0.00273230552362899,0.00273230552362899,0.05914437025785446,0.060972683131694794,0.35,0,0,600,FP32-token-IDs
RoBERTa,oef5qe,171,113,2422,Ġsuper,super,False,worthlessness,-0.020042976015247405,0.020042976015247405,0.21640247106552124,0.06312473118305206,0.35,0,0,600,FP32-token-IDs
RoBERTa,oef5qe,171,114,5478,Ġappreciate,appreciate,False,anger,0.007711580500472337,0.007711580500472337,0.19474484026432037,0.015603374689817429,0.35,0,0,600,FP32-token-IDs
RoBERTa,oef5qe,171,114,5478,Ġappreciate,appreciate,False,brain dysfunction (forget),-0.007953665669386586,0.007953665669386586,0.1732710301876068,0.04373176395893097,0.35,0,0,600,FP32-token-IDs
RoBERTa,oef5qe,171,114,5478,Ġappreciate,appreciate,False,emptiness,-0.010839375799211364,0.010839375799211364,0.11602278798818588,0.10880976915359497,0.35,0,0,600,FP32-token-IDs
RoBERTa,oef5qe,171,114,5478,Ġappreciate,appreciate,False,hopelessness,-0.023717703429671624,0.023717703429671624,0.2363830953836441,0.8784436583518982,0.35,0,1,600,FP32-token-IDs
RoBERTa,oef5qe,171,114,5478,Ġappreciate,appreciate,False,loneliness,-0.009062279652183255,0.009062279652183255,0.4310721158981323,0.22985777258872986,0.35,0,0,600,FP32-token-IDs
RoBERTa,oef5qe,171,114,5478,Ġappreciate,appreciate,False,sadness,-0.013174372725188732,0.013174372725188732,0.24357697367668152,0.9611530303955078,0.35,1,1,600,FP32-token-IDs
RoBERTa,oef5qe,171,114,5478,Ġappreciate,appreciate,False,suicide intent,-0.00273230552362899,0.00273230552362899,0.05914437025785446,0.060972683131694794,0.35,0,0,600,FP32-token-IDs
RoBERTa,oef5qe,171,114,5478,Ġappreciate,appreciate,False,worthlessness,-0.020042976015247405,0.020042976015247405,0.21640247106552124,0.06312473118305206,0.35,0,0,600,FP32-token-IDs
RoBERTa,oef5qe,171,115,24,Ġit,it,False,anger,0.005608753312844783,0.005608753312844783,0.19474484026432037,0.015603374689817429,0.35,0,0,600,FP32-token-IDs
RoBERTa,oef5qe,171,115,24,Ġit,it,False,brain dysfunction (forget),-0.00015841795442005004,0.00015841795442005004,0.1732710301876068,0.04373176395893097,0.35,0,0,600,FP32-token-IDs
RoBERTa,oef5qe,171,115,24,Ġit,it,False,emptiness,-0.0073807276940594125,0.0073807276940594125,0.11602278798818588,0.10880976915359497,0.35,0,0,600,FP32-token-IDs
RoBERTa,oef5qe,171,115,24,Ġit,it,False,hopelessness,-0.011854623925561705,0.011854623925561705,0.2363830953836441,0.8784436583518982,0.35,0,1,600,FP32-token-IDs
RoBERTa,oef5qe,171,115,24,Ġit,it,False,loneliness,-0.007203809156393012,0.007203809156393012,0.4310721158981323,0.22985777258872986,0.35,0,0,600,FP32-token-IDs
RoBERTa,oef5qe,171,115,24,Ġit,it,False,sadness,-0.005773124285042286,0.005773124285042286,0.24357697367668152,0.9611530303955078,0.35,1,1,600,FP32-token-IDs
RoBERTa,oef5qe,171,115,24,Ġit,it,False,suicide intent,-0.001076526501371215,0.001076526501371215,0.05914437025785446,0.060972683131694794,0.35,0,0,600,FP32-token-IDs
RoBERTa,oef5qe,171,115,24,Ġit,it,False,worthlessness,-0.013723528245463967,0.013723528245463967,0.21640247106552124,0.06312473118305206,0.35,0,0,600,FP32-token-IDs
RoBERTa,oef5qe,171,116,4,.,.,False,anger,0.0013346283813007176,0.0013346283813007176,0.19474484026432037,0.015603374689817429,0.35,0,0,600,FP32-token-IDs
RoBERTa,oef5qe,171,116,4,.,.,False,brain dysfunction (forget),0.00292117684148252,0.00292117684148252,0.1732710301876068,0.04373176395893097,0.35,0,0,600,FP32-token-IDs
RoBERTa,oef5qe,171,116,4,.,.,False,emptiness,-0.0006463930476456881,0.0006463930476456881,0.11602278798818588,0.10880976915359497,0.35,0,0,600,FP32-token-IDs
RoBERTa,oef5qe,171,116,4,.,.,False,hopelessness,-0.015596641693264246,0.015596641693264246,0.2363830953836441,0.8784436583518982,0.35,0,1,600,FP32-token-IDs
RoBERTa,oef5qe,171,116,4,.,.,False,loneliness,-0.01319181197322905,0.01319181197322905,0.4310721158981323,0.22985777258872986,0.35,0,0,600,FP32-token-IDs
RoBERTa,oef5qe,171,116,4,.,.,False,sadness,-0.0323700001463294,0.0323700001463294,0.24357697367668152,0.9611530303955078,0.35,1,1,600,FP32-token-IDs
RoBERTa,oef5qe,171,116,4,.,.,False,suicide intent,0.007233915908727795,0.007233915908727795,0.05914437025785446,0.060972683131694794,0.35,0,0,600,FP32-token-IDs
RoBERTa,oef5qe,171,116,4,.,.,False,worthlessness,-0.0050269681960344315,0.0050269681960344315,0.21640247106552124,0.06312473118305206,0.35,0,0,600,FP32-token-IDs
RoBERTa,oef5qe,171,117,2,</s>,,True,anger,-8.766073733568192e-08,8.766073733568192e-08,0.19474484026432037,0.015603374689817429,0.35,0,0,600,FP32-token-IDs
RoBERTa,oef5qe,171,117,2,</s>,,True,brain dysfunction (forget),2.3283064365386963e-09,2.3283064365386963e-09,0.1732710301876068,0.04373176395893097,0.35,0,0,600,FP32-token-IDs
RoBERTa,oef5qe,171,117,2,</s>,,True,emptiness,-1.5320256352424622e-07,1.5320256352424622e-07,0.11602278798818588,0.10880976915359497,0.35,0,0,600,FP32-token-IDs
RoBERTa,oef5qe,171,117,2,</s>,,True,hopelessness,-7.35744833946228e-08,7.35744833946228e-08,0.2363830953836441,0.8784436583518982,0.35,0,1,600,FP32-token-IDs
RoBERTa,oef5qe,171,117,2,</s>,,True,loneliness,-2.2491440176963806e-07,2.2491440176963806e-07,0.4310721158981323,0.22985777258872986,0.35,0,0,600,FP32-token-IDs
RoBERTa,oef5qe,171,117,2,</s>,,True,sadness,-1.1362135410308838e-07,1.1362135410308838e-07,0.24357697367668152,0.9611530303955078,0.35,1,1,600,FP32-token-IDs
RoBERTa,oef5qe,171,117,2,</s>,,True,suicide intent,-3.387685865163803e-08,3.387685865163803e-08,0.05914437025785446,0.060972683131694794,0.35,0,0,600,FP32-token-IDs
RoBERTa,oef5qe,171,117,2,</s>,,True,worthlessness,-7.636845111846924e-08,7.636845111846924e-08,0.21640247106552124,0.06312473118305206,0.35,0,0,600,FP32-token-IDs
