Model,Sample_ID,Test_Index,Token_Index,Token_ID,Raw_Token,Token,Is_Special_Token,Emotion,SHAP_Value,Abs_SHAP,Base_Value,Model_Probability,Threshold,True_Label,Predicted_Label,SHAP_Max_Evals,XAI_Inference
RoBERTa,flwg6v,816,0,0,<s>,,True,anger,-0.0012422063997579052,0.0012422063997579052,0.15273357927799225,0.01919434778392315,0.35,0,0,600,FP32-token-IDs
RoBERTa,flwg6v,816,0,0,<s>,,True,brain dysfunction (forget),-0.004386387728644829,0.004386387728644829,0.16686278581619263,0.10144035518169403,0.35,0,0,600,FP32-token-IDs
RoBERTa,flwg6v,816,0,0,<s>,,True,emptiness,0.00034873621648569644,0.00034873621648569644,0.14035357534885406,0.18389010429382324,0.35,0,0,600,FP32-token-IDs
RoBERTa,flwg6v,816,0,0,<s>,,True,hopelessness,0.0006364239992475824,0.0006364239992475824,0.2354770451784134,0.027007732540369034,0.35,0,0,600,FP32-token-IDs
RoBERTa,flwg6v,816,0,0,<s>,,True,loneliness,-0.0017440228012243384,0.0017440228012243384,0.49950695037841797,0.9456063508987427,0.35,1,1,600,FP32-token-IDs
RoBERTa,flwg6v,816,0,0,<s>,,True,sadness,0.00040944478180455536,0.00040944478180455536,0.26815304160118103,0.08798018842935562,0.35,0,0,600,FP32-token-IDs
RoBERTa,flwg6v,816,0,0,<s>,,True,suicide intent,0.0003400214512734429,0.0003400214512734429,0.0599006712436676,0.060292769223451614,0.35,0,0,600,FP32-token-IDs
RoBERTa,flwg6v,816,0,0,<s>,,True,worthlessness,-0.0049010727058262805,0.0049010727058262805,0.19792063534259796,0.020534489303827286,0.35,0,0,600,FP32-token-IDs
RoBERTa,flwg6v,816,1,3908,With,with,False,anger,-0.0012422063997579052,0.0012422063997579052,0.15273357927799225,0.01919434778392315,0.35,0,0,600,FP32-token-IDs
RoBERTa,flwg6v,816,1,3908,With,with,False,brain dysfunction (forget),-0.004386387728644829,0.004386387728644829,0.16686278581619263,0.10144035518169403,0.35,0,0,600,FP32-token-IDs
RoBERTa,flwg6v,816,1,3908,With,with,False,emptiness,0.00034873621648569644,0.00034873621648569644,0.14035357534885406,0.18389010429382324,0.35,0,0,600,FP32-token-IDs
RoBERTa,flwg6v,816,1,3908,With,with,False,hopelessness,0.0006364239992475824,0.0006364239992475824,0.2354770451784134,0.027007732540369034,0.35,0,0,600,FP32-token-IDs
RoBERTa,flwg6v,816,1,3908,With,with,False,loneliness,-0.0017440228012243384,0.0017440228012243384,0.49950695037841797,0.9456063508987427,0.35,1,1,600,FP32-token-IDs
RoBERTa,flwg6v,816,1,3908,With,with,False,sadness,0.00040944478180455536,0.00040944478180455536,0.26815304160118103,0.08798018842935562,0.35,0,0,600,FP32-token-IDs
RoBERTa,flwg6v,816,1,3908,With,with,False,suicide intent,0.0003400214512734429,0.0003400214512734429,0.0599006712436676,0.060292769223451614,0.35,0,0,600,FP32-token-IDs
RoBERTa,flwg6v,816,1,3908,With,with,False,worthlessness,-0.0049010727058262805,0.0049010727058262805,0.19792063534259796,0.020534489303827286,0.35,0,0,600,FP32-token-IDs
RoBERTa,flwg6v,816,2,5,Ġthe,the,False,anger,0.005539923416443726,0.005539923416443726,0.15273357927799225,0.01919434778392315,0.35,0,0,600,FP32-token-IDs
RoBERTa,flwg6v,816,2,5,Ġthe,the,False,brain dysfunction (forget),-0.0014668590952887346,0.0014668590952887346,0.16686278581619263,0.10144035518169403,0.35,0,0,600,FP32-token-IDs
RoBERTa,flwg6v,816,2,5,Ġthe,the,False,emptiness,0.010385703775427189,0.010385703775427189,0.14035357534885406,0.18389010429382324,0.35,0,0,600,FP32-token-IDs
RoBERTa,flwg6v,816,2,5,Ġthe,the,False,hopelessness,0.016499021850330264,0.016499021850330264,0.2354770451784134,0.027007732540369034,0.35,0,0,600,FP32-token-IDs
RoBERTa,flwg6v,816,2,5,Ġthe,the,False,loneliness,-0.016382467442829358,0.016382467442829358,0.49950695037841797,0.9456063508987427,0.35,1,1,600,FP32-token-IDs
RoBERTa,flwg6v,816,2,5,Ġthe,the,False,sadness,0.01855261009513286,0.01855261009513286,0.26815304160118103,0.08798018842935562,0.35,0,0,600,FP32-token-IDs
RoBERTa,flwg6v,816,2,5,Ġthe,the,False,suicide intent,-0.0011476946740897308,0.0011476946740897308,0.0599006712436676,0.060292769223451614,0.35,0,0,600,FP32-token-IDs
RoBERTa,flwg6v,816,2,5,Ġthe,the,False,worthlessness,-0.0031885723164713567,0.0031885723164713567,0.19792063534259796,0.020534489303827286,0.35,0,0,600,FP32-token-IDs
RoBERTa,flwg6v,816,3,595,Ġcurrent,current,False,anger,0.005539923416443726,0.005539923416443726,0.15273357927799225,0.01919434778392315,0.35,0,0,600,FP32-token-IDs
RoBERTa,flwg6v,816,3,595,Ġcurrent,current,False,brain dysfunction (forget),-0.0014668590952887346,0.0014668590952887346,0.16686278581619263,0.10144035518169403,0.35,0,0,600,FP32-token-IDs
RoBERTa,flwg6v,816,3,595,Ġcurrent,current,False,emptiness,0.010385703775427189,0.010385703775427189,0.14035357534885406,0.18389010429382324,0.35,0,0,600,FP32-token-IDs
RoBERTa,flwg6v,816,3,595,Ġcurrent,current,False,hopelessness,0.016499021850330264,0.016499021850330264,0.2354770451784134,0.027007732540369034,0.35,0,0,600,FP32-token-IDs
RoBERTa,flwg6v,816,3,595,Ġcurrent,current,False,loneliness,-0.016382467442829358,0.016382467442829358,0.49950695037841797,0.9456063508987427,0.35,1,1,600,FP32-token-IDs
RoBERTa,flwg6v,816,3,595,Ġcurrent,current,False,sadness,0.01855261009513286,0.01855261009513286,0.26815304160118103,0.08798018842935562,0.35,0,0,600,FP32-token-IDs
RoBERTa,flwg6v,816,3,595,Ġcurrent,current,False,suicide intent,-0.0011476946740897308,0.0011476946740897308,0.0599006712436676,0.060292769223451614,0.35,0,0,600,FP32-token-IDs
RoBERTa,flwg6v,816,3,595,Ġcurrent,current,False,worthlessness,-0.0031885723164713567,0.0031885723164713567,0.19792063534259796,0.020534489303827286,0.35,0,0,600,FP32-token-IDs
RoBERTa,flwg6v,816,4,23076,Ġlockdown,lockdown,False,anger,0.0056376796704793565,0.0056376796704793565,0.15273357927799225,0.01919434778392315,0.35,0,0,600,FP32-token-IDs
RoBERTa,flwg6v,816,4,23076,Ġlockdown,lockdown,False,brain dysfunction (forget),-0.0019910910264833975,0.0019910910264833975,0.16686278581619263,0.10144035518169403,0.35,0,0,600,FP32-token-IDs
RoBERTa,flwg6v,816,4,23076,Ġlockdown,lockdown,False,emptiness,0.0174291222499226,0.0174291222499226,0.14035357534885406,0.18389010429382324,0.35,0,0,600,FP32-token-IDs
RoBERTa,flwg6v,816,4,23076,Ġlockdown,lockdown,False,hopelessness,0.028641141313863427,0.028641141313863427,0.2354770451784134,0.027007732540369034,0.35,0,0,600,FP32-token-IDs
RoBERTa,flwg6v,816,4,23076,Ġlockdown,lockdown,False,loneliness,-0.016244443108964907,0.016244443108964907,0.49950695037841797,0.9456063508987427,0.35,1,1,600,FP32-token-IDs
RoBERTa,flwg6v,816,4,23076,Ġlockdown,lockdown,False,sadness,0.022012525148232254,0.022012525148232254,0.26815304160118103,0.08798018842935562,0.35,0,0,600,FP32-token-IDs
RoBERTa,flwg6v,816,4,23076,Ġlockdown,lockdown,False,suicide intent,-0.0013996142727576131,0.0013996142727576131,0.0599006712436676,0.060292769223451614,0.35,0,0,600,FP32-token-IDs
RoBERTa,flwg6v,816,4,23076,Ġlockdown,lockdown,False,worthlessness,0.0007938672625051255,0.0007938672625051255,0.19792063534259796,0.020534489303827286,0.35,0,0,600,FP32-token-IDs
RoBERTa,flwg6v,816,5,6,",",",",False,anger,0.008153157791974465,0.008153157791974465,0.15273357927799225,0.01919434778392315,0.35,0,0,600,FP32-token-IDs
RoBERTa,flwg6v,816,5,6,",",",",False,brain dysfunction (forget),-0.006233782237885814,0.006233782237885814,0.16686278581619263,0.10144035518169403,0.35,0,0,600,FP32-token-IDs
RoBERTa,flwg6v,816,5,6,",",",",False,emptiness,0.006644354177344786,0.006644354177344786,0.14035357534885406,0.18389010429382324,0.35,0,0,600,FP32-token-IDs
RoBERTa,flwg6v,816,5,6,",",",",False,hopelessness,-0.004725907169478505,0.004725907169478505,0.2354770451784134,0.027007732540369034,0.35,0,0,600,FP32-token-IDs
RoBERTa,flwg6v,816,5,6,",",",",False,loneliness,0.0007846881880571967,0.0007846881880571967,0.49950695037841797,0.9456063508987427,0.35,1,1,600,FP32-token-IDs
RoBERTa,flwg6v,816,5,6,",",",",False,sadness,-0.004394547327568657,0.004394547327568657,0.26815304160118103,0.08798018842935562,0.35,0,0,600,FP32-token-IDs
RoBERTa,flwg6v,816,5,6,",",",",False,suicide intent,-0.0008039706705236121,0.0008039706705236121,0.0599006712436676,0.060292769223451614,0.35,0,0,600,FP32-token-IDs
RoBERTa,flwg6v,816,5,6,",",",",False,worthlessness,0.0034847611708468513,0.0034847611708468513,0.19792063534259796,0.020534489303827286,0.35,0,0,600,FP32-token-IDs
RoBERTa,flwg6v,816,6,24,Ġit,it,False,anger,-0.0019376078440760274,0.0019376078440760274,0.15273357927799225,0.01919434778392315,0.35,0,0,600,FP32-token-IDs
RoBERTa,flwg6v,816,6,24,Ġit,it,False,brain dysfunction (forget),-0.0033039703481144416,0.0033039703481144416,0.16686278581619263,0.10144035518169403,0.35,0,0,600,FP32-token-IDs
RoBERTa,flwg6v,816,6,24,Ġit,it,False,emptiness,-0.005491076178211523,0.005491076178211523,0.14035357534885406,0.18389010429382324,0.35,0,0,600,FP32-token-IDs
RoBERTa,flwg6v,816,6,24,Ġit,it,False,hopelessness,-0.014427054903200386,0.014427054903200386,0.2354770451784134,0.027007732540369034,0.35,0,0,600,FP32-token-IDs
RoBERTa,flwg6v,816,6,24,Ġit,it,False,loneliness,0.003232270794749064,0.003232270794749064,0.49950695037841797,0.9456063508987427,0.35,1,1,600,FP32-token-IDs
RoBERTa,flwg6v,816,6,24,Ġit,it,False,sadness,-0.007329988072773344,0.007329988072773344,0.26815304160118103,0.08798018842935562,0.35,0,0,600,FP32-token-IDs
RoBERTa,flwg6v,816,6,24,Ġit,it,False,suicide intent,-0.0008239826244167297,0.0008239826244167297,0.0599006712436676,0.060292769223451614,0.35,0,0,600,FP32-token-IDs
RoBERTa,flwg6v,816,6,24,Ġit,it,False,worthlessness,-0.004680245937044291,0.004680245937044291,0.19792063534259796,0.020534489303827286,0.35,0,0,600,FP32-token-IDs
RoBERTa,flwg6v,816,7,18,'s,'s,False,anger,-0.0019376078440760274,0.0019376078440760274,0.15273357927799225,0.01919434778392315,0.35,0,0,600,FP32-token-IDs
RoBERTa,flwg6v,816,7,18,'s,'s,False,brain dysfunction (forget),-0.0033039703481144416,0.0033039703481144416,0.16686278581619263,0.10144035518169403,0.35,0,0,600,FP32-token-IDs
RoBERTa,flwg6v,816,7,18,'s,'s,False,emptiness,-0.005491076178211523,0.005491076178211523,0.14035357534885406,0.18389010429382324,0.35,0,0,600,FP32-token-IDs
RoBERTa,flwg6v,816,7,18,'s,'s,False,hopelessness,-0.014427054903200386,0.014427054903200386,0.2354770451784134,0.027007732540369034,0.35,0,0,600,FP32-token-IDs
RoBERTa,flwg6v,816,7,18,'s,'s,False,loneliness,0.003232270794749064,0.003232270794749064,0.49950695037841797,0.9456063508987427,0.35,1,1,600,FP32-token-IDs
RoBERTa,flwg6v,816,7,18,'s,'s,False,sadness,-0.007329988072773344,0.007329988072773344,0.26815304160118103,0.08798018842935562,0.35,0,0,600,FP32-token-IDs
RoBERTa,flwg6v,816,7,18,'s,'s,False,suicide intent,-0.0008239826244167297,0.0008239826244167297,0.0599006712436676,0.060292769223451614,0.35,0,0,600,FP32-token-IDs
RoBERTa,flwg6v,816,7,18,'s,'s,False,worthlessness,-0.004680245937044291,0.004680245937044291,0.19792063534259796,0.020534489303827286,0.35,0,0,600,FP32-token-IDs
RoBERTa,flwg6v,816,8,55,Ġmore,more,False,anger,-0.0019376078440760274,0.0019376078440760274,0.15273357927799225,0.01919434778392315,0.35,0,0,600,FP32-token-IDs
RoBERTa,flwg6v,816,8,55,Ġmore,more,False,brain dysfunction (forget),-0.0033039703481144416,0.0033039703481144416,0.16686278581619263,0.10144035518169403,0.35,0,0,600,FP32-token-IDs
RoBERTa,flwg6v,816,8,55,Ġmore,more,False,emptiness,-0.005491076178211523,0.005491076178211523,0.14035357534885406,0.18389010429382324,0.35,0,0,600,FP32-token-IDs
RoBERTa,flwg6v,816,8,55,Ġmore,more,False,hopelessness,-0.014427054903200386,0.014427054903200386,0.2354770451784134,0.027007732540369034,0.35,0,0,600,FP32-token-IDs
RoBERTa,flwg6v,816,8,55,Ġmore,more,False,loneliness,0.003232270794749064,0.003232270794749064,0.49950695037841797,0.9456063508987427,0.35,1,1,600,FP32-token-IDs
RoBERTa,flwg6v,816,8,55,Ġmore,more,False,sadness,-0.007329988072773344,0.007329988072773344,0.26815304160118103,0.08798018842935562,0.35,0,0,600,FP32-token-IDs
RoBERTa,flwg6v,816,8,55,Ġmore,more,False,suicide intent,-0.0008239826244167297,0.0008239826244167297,0.0599006712436676,0.060292769223451614,0.35,0,0,600,FP32-token-IDs
RoBERTa,flwg6v,816,8,55,Ġmore,more,False,worthlessness,-0.004680245937044291,0.004680245937044291,0.19792063534259796,0.020534489303827286,0.35,0,0,600,FP32-token-IDs
RoBERTa,flwg6v,816,9,505,Ġimportant,important,False,anger,-0.0019376078440760274,0.0019376078440760274,0.15273357927799225,0.01919434778392315,0.35,0,0,600,FP32-token-IDs
RoBERTa,flwg6v,816,9,505,Ġimportant,important,False,brain dysfunction (forget),-0.0033039703481144416,0.0033039703481144416,0.16686278581619263,0.10144035518169403,0.35,0,0,600,FP32-token-IDs
RoBERTa,flwg6v,816,9,505,Ġimportant,important,False,emptiness,-0.005491076178211523,0.005491076178211523,0.14035357534885406,0.18389010429382324,0.35,0,0,600,FP32-token-IDs
RoBERTa,flwg6v,816,9,505,Ġimportant,important,False,hopelessness,-0.014427054903200386,0.014427054903200386,0.2354770451784134,0.027007732540369034,0.35,0,0,600,FP32-token-IDs
RoBERTa,flwg6v,816,9,505,Ġimportant,important,False,loneliness,0.003232270794749064,0.003232270794749064,0.49950695037841797,0.9456063508987427,0.35,1,1,600,FP32-token-IDs
RoBERTa,flwg6v,816,9,505,Ġimportant,important,False,sadness,-0.007329988072773344,0.007329988072773344,0.26815304160118103,0.08798018842935562,0.35,0,0,600,FP32-token-IDs
RoBERTa,flwg6v,816,9,505,Ġimportant,important,False,suicide intent,-0.0008239826244167297,0.0008239826244167297,0.0599006712436676,0.060292769223451614,0.35,0,0,600,FP32-token-IDs
RoBERTa,flwg6v,816,9,505,Ġimportant,important,False,worthlessness,-0.004680245937044291,0.004680245937044291,0.19792063534259796,0.020534489303827286,0.35,0,0,600,FP32-token-IDs
RoBERTa,flwg6v,816,10,87,Ġthan,than,False,anger,-0.0023275260524602153,0.0023275260524602153,0.15273357927799225,0.01919434778392315,0.35,0,0,600,FP32-token-IDs
RoBERTa,flwg6v,816,10,87,Ġthan,than,False,brain dysfunction (forget),-0.0016365987463168015,0.0016365987463168015,0.16686278581619263,0.10144035518169403,0.35,0,0,600,FP32-token-IDs
RoBERTa,flwg6v,816,10,87,Ġthan,than,False,emptiness,-0.004154482473447723,0.004154482473447723,0.14035357534885406,0.18389010429382324,0.35,0,0,600,FP32-token-IDs
RoBERTa,flwg6v,816,10,87,Ġthan,than,False,hopelessness,-0.013886595840296266,0.013886595840296266,0.2354770451784134,0.027007732540369034,0.35,0,0,600,FP32-token-IDs
RoBERTa,flwg6v,816,10,87,Ġthan,than,False,loneliness,0.0030491655588297077,0.0030491655588297077,0.49950695037841797,0.9456063508987427,0.35,1,1,600,FP32-token-IDs
RoBERTa,flwg6v,816,10,87,Ġthan,than,False,sadness,-0.007868835947623378,0.007868835947623378,0.26815304160118103,0.08798018842935562,0.35,0,0,600,FP32-token-IDs
RoBERTa,flwg6v,816,10,87,Ġthan,than,False,suicide intent,-0.00019409828804016702,0.00019409828804016702,0.0599006712436676,0.060292769223451614,0.35,0,0,600,FP32-token-IDs
RoBERTa,flwg6v,816,10,87,Ġthan,than,False,worthlessness,-0.006243296080930648,0.006243296080930648,0.19792063534259796,0.020534489303827286,0.35,0,0,600,FP32-token-IDs
RoBERTa,flwg6v,816,11,655,Ġever,ever,False,anger,-0.0023275260524602153,0.0023275260524602153,0.15273357927799225,0.01919434778392315,0.35,0,0,600,FP32-token-IDs
RoBERTa,flwg6v,816,11,655,Ġever,ever,False,brain dysfunction (forget),-0.0016365987463168015,0.0016365987463168015,0.16686278581619263,0.10144035518169403,0.35,0,0,600,FP32-token-IDs
RoBERTa,flwg6v,816,11,655,Ġever,ever,False,emptiness,-0.004154482473447723,0.004154482473447723,0.14035357534885406,0.18389010429382324,0.35,0,0,600,FP32-token-IDs
RoBERTa,flwg6v,816,11,655,Ġever,ever,False,hopelessness,-0.013886595840296266,0.013886595840296266,0.2354770451784134,0.027007732540369034,0.35,0,0,600,FP32-token-IDs
RoBERTa,flwg6v,816,11,655,Ġever,ever,False,loneliness,0.0030491655588297077,0.0030491655588297077,0.49950695037841797,0.9456063508987427,0.35,1,1,600,FP32-token-IDs
RoBERTa,flwg6v,816,11,655,Ġever,ever,False,sadness,-0.007868835947623378,0.007868835947623378,0.26815304160118103,0.08798018842935562,0.35,0,0,600,FP32-token-IDs
RoBERTa,flwg6v,816,11,655,Ġever,ever,False,suicide intent,-0.00019409828804016702,0.00019409828804016702,0.0599006712436676,0.060292769223451614,0.35,0,0,600,FP32-token-IDs
RoBERTa,flwg6v,816,11,655,Ġever,ever,False,worthlessness,-0.006243296080930648,0.006243296080930648,0.19792063534259796,0.020534489303827286,0.35,0,0,600,FP32-token-IDs
RoBERTa,flwg6v,816,12,7,Ġto,to,False,anger,-0.0023275260524602153,0.0023275260524602153,0.15273357927799225,0.01919434778392315,0.35,0,0,600,FP32-token-IDs
RoBERTa,flwg6v,816,12,7,Ġto,to,False,brain dysfunction (forget),-0.0016365987463168015,0.0016365987463168015,0.16686278581619263,0.10144035518169403,0.35,0,0,600,FP32-token-IDs
RoBERTa,flwg6v,816,12,7,Ġto,to,False,emptiness,-0.004154482473447723,0.004154482473447723,0.14035357534885406,0.18389010429382324,0.35,0,0,600,FP32-token-IDs
RoBERTa,flwg6v,816,12,7,Ġto,to,False,hopelessness,-0.013886595840296266,0.013886595840296266,0.2354770451784134,0.027007732540369034,0.35,0,0,600,FP32-token-IDs
RoBERTa,flwg6v,816,12,7,Ġto,to,False,loneliness,0.0030491655588297077,0.0030491655588297077,0.49950695037841797,0.9456063508987427,0.35,1,1,600,FP32-token-IDs
RoBERTa,flwg6v,816,12,7,Ġto,to,False,sadness,-0.007868835947623378,0.007868835947623378,0.26815304160118103,0.08798018842935562,0.35,0,0,600,FP32-token-IDs
RoBERTa,flwg6v,816,12,7,Ġto,to,False,suicide intent,-0.00019409828804016702,0.00019409828804016702,0.0599006712436676,0.060292769223451614,0.35,0,0,600,FP32-token-IDs
RoBERTa,flwg6v,816,12,7,Ġto,to,False,worthlessness,-0.006243296080930648,0.006243296080930648,0.19792063534259796,0.020534489303827286,0.35,0,0,600,FP32-token-IDs
RoBERTa,flwg6v,816,13,356,Ġlook,look,False,anger,-0.0023275260524602153,0.0023275260524602153,0.15273357927799225,0.01919434778392315,0.35,0,0,600,FP32-token-IDs
RoBERTa,flwg6v,816,13,356,Ġlook,look,False,brain dysfunction (forget),-0.0016365987463168015,0.0016365987463168015,0.16686278581619263,0.10144035518169403,0.35,0,0,600,FP32-token-IDs
RoBERTa,flwg6v,816,13,356,Ġlook,look,False,emptiness,-0.004154482473447723,0.004154482473447723,0.14035357534885406,0.18389010429382324,0.35,0,0,600,FP32-token-IDs
RoBERTa,flwg6v,816,13,356,Ġlook,look,False,hopelessness,-0.013886595840296266,0.013886595840296266,0.2354770451784134,0.027007732540369034,0.35,0,0,600,FP32-token-IDs
RoBERTa,flwg6v,816,13,356,Ġlook,look,False,loneliness,0.0030491655588297077,0.0030491655588297077,0.49950695037841797,0.9456063508987427,0.35,1,1,600,FP32-token-IDs
RoBERTa,flwg6v,816,13,356,Ġlook,look,False,sadness,-0.007868835947623378,0.007868835947623378,0.26815304160118103,0.08798018842935562,0.35,0,0,600,FP32-token-IDs
RoBERTa,flwg6v,816,13,356,Ġlook,look,False,suicide intent,-0.00019409828804016702,0.00019409828804016702,0.0599006712436676,0.060292769223451614,0.35,0,0,600,FP32-token-IDs
RoBERTa,flwg6v,816,13,356,Ġlook,look,False,worthlessness,-0.006243296080930648,0.006243296080930648,0.19792063534259796,0.020534489303827286,0.35,0,0,600,FP32-token-IDs
RoBERTa,flwg6v,816,14,71,Ġafter,after,False,anger,-0.008013791006880254,0.008013791006880254,0.15273357927799225,0.01919434778392315,0.35,0,0,600,FP32-token-IDs
RoBERTa,flwg6v,816,14,71,Ġafter,after,False,brain dysfunction (forget),0.0012468508230277192,0.0012468508230277192,0.16686278581619263,0.10144035518169403,0.35,0,0,600,FP32-token-IDs
RoBERTa,flwg6v,816,14,71,Ġafter,after,False,emptiness,-0.006500348193865074,0.006500348193865074,0.14035357534885406,0.18389010429382324,0.35,0,0,600,FP32-token-IDs
RoBERTa,flwg6v,816,14,71,Ġafter,after,False,hopelessness,-0.003438819511058299,0.003438819511058299,0.2354770451784134,0.027007732540369034,0.35,0,0,600,FP32-token-IDs
RoBERTa,flwg6v,816,14,71,Ġafter,after,False,loneliness,-0.009577072468757825,0.009577072468757825,0.49950695037841797,0.9456063508987427,0.35,1,1,600,FP32-token-IDs
RoBERTa,flwg6v,816,14,71,Ġafter,after,False,sadness,-0.013527112699260838,0.013527112699260838,0.26815304160118103,0.08798018842935562,0.35,0,0,600,FP32-token-IDs
RoBERTa,flwg6v,816,14,71,Ġafter,after,False,suicide intent,0.0008100883833034651,0.0008100883833034651,0.0599006712436676,0.060292769223451614,0.35,0,0,600,FP32-token-IDs
RoBERTa,flwg6v,816,14,71,Ġafter,after,False,worthlessness,-0.000984167560665427,0.000984167560665427,0.19792063534259796,0.020534489303827286,0.35,0,0,600,FP32-token-IDs
RoBERTa,flwg6v,816,15,84,Ġour,our,False,anger,-0.008013791006880254,0.008013791006880254,0.15273357927799225,0.01919434778392315,0.35,0,0,600,FP32-token-IDs
RoBERTa,flwg6v,816,15,84,Ġour,our,False,brain dysfunction (forget),0.0012468508230277192,0.0012468508230277192,0.16686278581619263,0.10144035518169403,0.35,0,0,600,FP32-token-IDs
RoBERTa,flwg6v,816,15,84,Ġour,our,False,emptiness,-0.006500348193865074,0.006500348193865074,0.14035357534885406,0.18389010429382324,0.35,0,0,600,FP32-token-IDs
RoBERTa,flwg6v,816,15,84,Ġour,our,False,hopelessness,-0.003438819511058299,0.003438819511058299,0.2354770451784134,0.027007732540369034,0.35,0,0,600,FP32-token-IDs
RoBERTa,flwg6v,816,15,84,Ġour,our,False,loneliness,-0.009577072468757825,0.009577072468757825,0.49950695037841797,0.9456063508987427,0.35,1,1,600,FP32-token-IDs
RoBERTa,flwg6v,816,15,84,Ġour,our,False,sadness,-0.013527112699260838,0.013527112699260838,0.26815304160118103,0.08798018842935562,0.35,0,0,600,FP32-token-IDs
RoBERTa,flwg6v,816,15,84,Ġour,our,False,suicide intent,0.0008100883833034651,0.0008100883833034651,0.0599006712436676,0.060292769223451614,0.35,0,0,600,FP32-token-IDs
RoBERTa,flwg6v,816,15,84,Ġour,our,False,worthlessness,-0.000984167560665427,0.000984167560665427,0.19792063534259796,0.020534489303827286,0.35,0,0,600,FP32-token-IDs
RoBERTa,flwg6v,816,16,2536,Ġmental,mental,False,anger,-0.011140184224706516,0.011140184224706516,0.15273357927799225,0.01919434778392315,0.35,0,0,600,FP32-token-IDs
RoBERTa,flwg6v,816,16,2536,Ġmental,mental,False,brain dysfunction (forget),0.004109848758181264,0.004109848758181264,0.16686278581619263,0.10144035518169403,0.35,0,0,600,FP32-token-IDs
RoBERTa,flwg6v,816,16,2536,Ġmental,mental,False,emptiness,-0.005595269183456702,0.005595269183456702,0.14035357534885406,0.18389010429382324,0.35,0,0,600,FP32-token-IDs
RoBERTa,flwg6v,816,16,2536,Ġmental,mental,False,hopelessness,-0.005401746448325483,0.005401746448325483,0.2354770451784134,0.027007732540369034,0.35,0,0,600,FP32-token-IDs
RoBERTa,flwg6v,816,16,2536,Ġmental,mental,False,loneliness,-0.008750794931486445,0.008750794931486445,0.49950695037841797,0.9456063508987427,0.35,1,1,600,FP32-token-IDs
RoBERTa,flwg6v,816,16,2536,Ġmental,mental,False,sadness,-0.02254554155576778,0.02254554155576778,0.26815304160118103,0.08798018842935562,0.35,0,0,600,FP32-token-IDs
RoBERTa,flwg6v,816,16,2536,Ġmental,mental,False,suicide intent,0.0008264693578607158,0.0008264693578607158,0.0599006712436676,0.060292769223451614,0.35,0,0,600,FP32-token-IDs
RoBERTa,flwg6v,816,16,2536,Ġmental,mental,False,worthlessness,0.00026776711762833754,0.00026776711762833754,0.19792063534259796,0.020534489303827286,0.35,0,0,600,FP32-token-IDs
RoBERTa,flwg6v,816,17,474,Ġhealth,health,False,anger,-0.011140184224706516,0.011140184224706516,0.15273357927799225,0.01919434778392315,0.35,0,0,600,FP32-token-IDs
RoBERTa,flwg6v,816,17,474,Ġhealth,health,False,brain dysfunction (forget),0.004109848758181264,0.004109848758181264,0.16686278581619263,0.10144035518169403,0.35,0,0,600,FP32-token-IDs
RoBERTa,flwg6v,816,17,474,Ġhealth,health,False,emptiness,-0.005595269183456702,0.005595269183456702,0.14035357534885406,0.18389010429382324,0.35,0,0,600,FP32-token-IDs
RoBERTa,flwg6v,816,17,474,Ġhealth,health,False,hopelessness,-0.005401746448325483,0.005401746448325483,0.2354770451784134,0.027007732540369034,0.35,0,0,600,FP32-token-IDs
RoBERTa,flwg6v,816,17,474,Ġhealth,health,False,loneliness,-0.008750794931486445,0.008750794931486445,0.49950695037841797,0.9456063508987427,0.35,1,1,600,FP32-token-IDs
RoBERTa,flwg6v,816,17,474,Ġhealth,health,False,sadness,-0.02254554155576778,0.02254554155576778,0.26815304160118103,0.08798018842935562,0.35,0,0,600,FP32-token-IDs
RoBERTa,flwg6v,816,17,474,Ġhealth,health,False,suicide intent,0.0008264693578607158,0.0008264693578607158,0.0599006712436676,0.060292769223451614,0.35,0,0,600,FP32-token-IDs
RoBERTa,flwg6v,816,17,474,Ġhealth,health,False,worthlessness,0.00026776711762833754,0.00026776711762833754,0.19792063534259796,0.020534489303827286,0.35,0,0,600,FP32-token-IDs
RoBERTa,flwg6v,816,18,4,.,.,False,anger,0.005779319758738367,0.005779319758738367,0.15273357927799225,0.01919434778392315,0.35,0,0,600,FP32-token-IDs
RoBERTa,flwg6v,816,18,4,.,.,False,brain dysfunction (forget),-0.007311250838009935,0.007311250838009935,0.16686278581619263,0.10144035518169403,0.35,0,0,600,FP32-token-IDs
RoBERTa,flwg6v,816,18,4,.,.,False,emptiness,-0.0033473347791617637,0.0033473347791617637,0.14035357534885406,0.18389010429382324,0.35,0,0,600,FP32-token-IDs
RoBERTa,flwg6v,816,18,4,.,.,False,hopelessness,-0.01782498889063534,0.01782498889063534,0.2354770451784134,0.027007732540369034,0.35,0,0,600,FP32-token-IDs
RoBERTa,flwg6v,816,18,4,.,.,False,loneliness,-0.0002930139412025088,0.0002930139412025088,0.49950695037841797,0.9456063508987427,0.35,1,1,600,FP32-token-IDs
RoBERTa,flwg6v,816,18,4,.,.,False,sadness,-0.007530875655969507,0.007530875655969507,0.26815304160118103,0.08798018842935562,0.35,0,0,600,FP32-token-IDs
RoBERTa,flwg6v,816,18,4,.,.,False,suicide intent,-0.001794387967521815,0.001794387967521815,0.0599006712436676,0.060292769223451614,0.35,0,0,600,FP32-token-IDs
RoBERTa,flwg6v,816,18,4,.,.,False,worthlessness,-0.0050303600115799586,0.0050303600115799586,0.19792063534259796,0.020534489303827286,0.35,0,0,600,FP32-token-IDs
RoBERTa,flwg6v,816,19,9201,ĠMind,mind,False,anger,-0.0010513009110582061,0.0010513009110582061,0.15273357927799225,0.01919434778392315,0.35,0,0,600,FP32-token-IDs
RoBERTa,flwg6v,816,19,9201,ĠMind,mind,False,brain dysfunction (forget),0.004379060095137296,0.004379060095137296,0.16686278581619263,0.10144035518169403,0.35,0,0,600,FP32-token-IDs
RoBERTa,flwg6v,816,19,9201,ĠMind,mind,False,emptiness,-0.008582731417845935,0.008582731417845935,0.14035357534885406,0.18389010429382324,0.35,0,0,600,FP32-token-IDs
RoBERTa,flwg6v,816,19,9201,ĠMind,mind,False,hopelessness,-0.012577755308787648,0.012577755308787648,0.2354770451784134,0.027007732540369034,0.35,0,0,600,FP32-token-IDs
RoBERTa,flwg6v,816,19,9201,ĠMind,mind,False,loneliness,-0.0034865387860918418,0.0034865387860918418,0.49950695037841797,0.9456063508987427,0.35,1,1,600,FP32-token-IDs
RoBERTa,flwg6v,816,19,9201,ĠMind,mind,False,sadness,-0.020192355160058163,0.020192355160058163,0.26815304160118103,0.08798018842935562,0.35,0,0,600,FP32-token-IDs
RoBERTa,flwg6v,816,19,9201,ĠMind,mind,False,suicide intent,0.0009308955680656558,0.0009308955680656558,0.0599006712436676,0.060292769223451614,0.35,0,0,600,FP32-token-IDs
RoBERTa,flwg6v,816,19,9201,ĠMind,mind,False,worthlessness,-0.004303398127376568,0.004303398127376568,0.19792063534259796,0.020534489303827286,0.35,0,0,600,FP32-token-IDs
RoBERTa,flwg6v,816,20,21843,fulness,fulness,False,anger,-0.0010513009110582061,0.0010513009110582061,0.15273357927799225,0.01919434778392315,0.35,0,0,600,FP32-token-IDs
RoBERTa,flwg6v,816,20,21843,fulness,fulness,False,brain dysfunction (forget),0.004379060095137296,0.004379060095137296,0.16686278581619263,0.10144035518169403,0.35,0,0,600,FP32-token-IDs
RoBERTa,flwg6v,816,20,21843,fulness,fulness,False,emptiness,-0.008582731417845935,0.008582731417845935,0.14035357534885406,0.18389010429382324,0.35,0,0,600,FP32-token-IDs
RoBERTa,flwg6v,816,20,21843,fulness,fulness,False,hopelessness,-0.012577755308787648,0.012577755308787648,0.2354770451784134,0.027007732540369034,0.35,0,0,600,FP32-token-IDs
RoBERTa,flwg6v,816,20,21843,fulness,fulness,False,loneliness,-0.0034865387860918418,0.0034865387860918418,0.49950695037841797,0.9456063508987427,0.35,1,1,600,FP32-token-IDs
RoBERTa,flwg6v,816,20,21843,fulness,fulness,False,sadness,-0.020192355160058163,0.020192355160058163,0.26815304160118103,0.08798018842935562,0.35,0,0,600,FP32-token-IDs
RoBERTa,flwg6v,816,20,21843,fulness,fulness,False,suicide intent,0.0009308955680656558,0.0009308955680656558,0.0599006712436676,0.060292769223451614,0.35,0,0,600,FP32-token-IDs
RoBERTa,flwg6v,816,20,21843,fulness,fulness,False,worthlessness,-0.004303398127376568,0.004303398127376568,0.19792063534259796,0.020534489303827286,0.35,0,0,600,FP32-token-IDs
RoBERTa,flwg6v,816,21,64,Ġcan,can,False,anger,-0.0010513009110582061,0.0010513009110582061,0.15273357927799225,0.01919434778392315,0.35,0,0,600,FP32-token-IDs
RoBERTa,flwg6v,816,21,64,Ġcan,can,False,brain dysfunction (forget),0.004379060095137296,0.004379060095137296,0.16686278581619263,0.10144035518169403,0.35,0,0,600,FP32-token-IDs
RoBERTa,flwg6v,816,21,64,Ġcan,can,False,emptiness,-0.008582731417845935,0.008582731417845935,0.14035357534885406,0.18389010429382324,0.35,0,0,600,FP32-token-IDs
RoBERTa,flwg6v,816,21,64,Ġcan,can,False,hopelessness,-0.012577755308787648,0.012577755308787648,0.2354770451784134,0.027007732540369034,0.35,0,0,600,FP32-token-IDs
RoBERTa,flwg6v,816,21,64,Ġcan,can,False,loneliness,-0.0034865387860918418,0.0034865387860918418,0.49950695037841797,0.9456063508987427,0.35,1,1,600,FP32-token-IDs
RoBERTa,flwg6v,816,21,64,Ġcan,can,False,sadness,-0.020192355160058163,0.020192355160058163,0.26815304160118103,0.08798018842935562,0.35,0,0,600,FP32-token-IDs
RoBERTa,flwg6v,816,21,64,Ġcan,can,False,suicide intent,0.0009308955680656558,0.0009308955680656558,0.0599006712436676,0.060292769223451614,0.35,0,0,600,FP32-token-IDs
RoBERTa,flwg6v,816,21,64,Ġcan,can,False,worthlessness,-0.004303398127376568,0.004303398127376568,0.19792063534259796,0.020534489303827286,0.35,0,0,600,FP32-token-IDs
RoBERTa,flwg6v,816,22,323,Ġsupport,support,False,anger,-0.0010513009110582061,0.0010513009110582061,0.15273357927799225,0.01919434778392315,0.35,0,0,600,FP32-token-IDs
RoBERTa,flwg6v,816,22,323,Ġsupport,support,False,brain dysfunction (forget),0.004379060095137296,0.004379060095137296,0.16686278581619263,0.10144035518169403,0.35,0,0,600,FP32-token-IDs
RoBERTa,flwg6v,816,22,323,Ġsupport,support,False,emptiness,-0.008582731417845935,0.008582731417845935,0.14035357534885406,0.18389010429382324,0.35,0,0,600,FP32-token-IDs
RoBERTa,flwg6v,816,22,323,Ġsupport,support,False,hopelessness,-0.012577755308787648,0.012577755308787648,0.2354770451784134,0.027007732540369034,0.35,0,0,600,FP32-token-IDs
RoBERTa,flwg6v,816,22,323,Ġsupport,support,False,loneliness,-0.0034865387860918418,0.0034865387860918418,0.49950695037841797,0.9456063508987427,0.35,1,1,600,FP32-token-IDs
RoBERTa,flwg6v,816,22,323,Ġsupport,support,False,sadness,-0.020192355160058163,0.020192355160058163,0.26815304160118103,0.08798018842935562,0.35,0,0,600,FP32-token-IDs
RoBERTa,flwg6v,816,22,323,Ġsupport,support,False,suicide intent,0.0009308955680656558,0.0009308955680656558,0.0599006712436676,0.060292769223451614,0.35,0,0,600,FP32-token-IDs
RoBERTa,flwg6v,816,22,323,Ġsupport,support,False,worthlessness,-0.004303398127376568,0.004303398127376568,0.19792063534259796,0.020534489303827286,0.35,0,0,600,FP32-token-IDs
RoBERTa,flwg6v,816,23,201,Ġus,us,False,anger,-0.0010047337527794298,0.0010047337527794298,0.15273357927799225,0.01919434778392315,0.35,0,0,600,FP32-token-IDs
RoBERTa,flwg6v,816,23,201,Ġus,us,False,brain dysfunction (forget),0.0025784092188890404,0.0025784092188890404,0.16686278581619263,0.10144035518169403,0.35,0,0,600,FP32-token-IDs
RoBERTa,flwg6v,816,23,201,Ġus,us,False,emptiness,-0.008934771816711873,0.008934771816711873,0.14035357534885406,0.18389010429382324,0.35,0,0,600,FP32-token-IDs
RoBERTa,flwg6v,816,23,201,Ġus,us,False,hopelessness,-0.010972426321435098,0.010972426321435098,0.2354770451784134,0.027007732540369034,0.35,0,0,600,FP32-token-IDs
RoBERTa,flwg6v,816,23,201,Ġus,us,False,loneliness,-0.002862905166693963,0.002862905166693963,0.49950695037841797,0.9456063508987427,0.35,1,1,600,FP32-token-IDs
RoBERTa,flwg6v,816,23,201,Ġus,us,False,sadness,-0.013916229140401507,0.013916229140401507,0.26815304160118103,0.08798018842935562,0.35,0,0,600,FP32-token-IDs
RoBERTa,flwg6v,816,23,201,Ġus,us,False,suicide intent,0.0006255895762781923,0.0006255895762781923,0.0599006712436676,0.060292769223451614,0.35,0,0,600,FP32-token-IDs
RoBERTa,flwg6v,816,23,201,Ġus,us,False,worthlessness,-0.004391516027681064,0.004391516027681064,0.19792063534259796,0.020534489303827286,0.35,0,0,600,FP32-token-IDs
RoBERTa,flwg6v,816,24,7,Ġto,to,False,anger,-0.0010047337527794298,0.0010047337527794298,0.15273357927799225,0.01919434778392315,0.35,0,0,600,FP32-token-IDs
RoBERTa,flwg6v,816,24,7,Ġto,to,False,brain dysfunction (forget),0.0025784092188890404,0.0025784092188890404,0.16686278581619263,0.10144035518169403,0.35,0,0,600,FP32-token-IDs
RoBERTa,flwg6v,816,24,7,Ġto,to,False,emptiness,-0.008934771816711873,0.008934771816711873,0.14035357534885406,0.18389010429382324,0.35,0,0,600,FP32-token-IDs
RoBERTa,flwg6v,816,24,7,Ġto,to,False,hopelessness,-0.010972426321435098,0.010972426321435098,0.2354770451784134,0.027007732540369034,0.35,0,0,600,FP32-token-IDs
RoBERTa,flwg6v,816,24,7,Ġto,to,False,loneliness,-0.002862905166693963,0.002862905166693963,0.49950695037841797,0.9456063508987427,0.35,1,1,600,FP32-token-IDs
RoBERTa,flwg6v,816,24,7,Ġto,to,False,sadness,-0.013916229140401507,0.013916229140401507,0.26815304160118103,0.08798018842935562,0.35,0,0,600,FP32-token-IDs
RoBERTa,flwg6v,816,24,7,Ġto,to,False,suicide intent,0.0006255895762781923,0.0006255895762781923,0.0599006712436676,0.060292769223451614,0.35,0,0,600,FP32-token-IDs
RoBERTa,flwg6v,816,24,7,Ġto,to,False,worthlessness,-0.004391516027681064,0.004391516027681064,0.19792063534259796,0.020534489303827286,0.35,0,0,600,FP32-token-IDs
RoBERTa,flwg6v,816,25,3264,Ġaccept,accept,False,anger,-0.0010047337527794298,0.0010047337527794298,0.15273357927799225,0.01919434778392315,0.35,0,0,600,FP32-token-IDs
RoBERTa,flwg6v,816,25,3264,Ġaccept,accept,False,brain dysfunction (forget),0.0025784092188890404,0.0025784092188890404,0.16686278581619263,0.10144035518169403,0.35,0,0,600,FP32-token-IDs
RoBERTa,flwg6v,816,25,3264,Ġaccept,accept,False,emptiness,-0.008934771816711873,0.008934771816711873,0.14035357534885406,0.18389010429382324,0.35,0,0,600,FP32-token-IDs
RoBERTa,flwg6v,816,25,3264,Ġaccept,accept,False,hopelessness,-0.010972426321435098,0.010972426321435098,0.2354770451784134,0.027007732540369034,0.35,0,0,600,FP32-token-IDs
RoBERTa,flwg6v,816,25,3264,Ġaccept,accept,False,loneliness,-0.002862905166693963,0.002862905166693963,0.49950695037841797,0.9456063508987427,0.35,1,1,600,FP32-token-IDs
RoBERTa,flwg6v,816,25,3264,Ġaccept,accept,False,sadness,-0.013916229140401507,0.013916229140401507,0.26815304160118103,0.08798018842935562,0.35,0,0,600,FP32-token-IDs
RoBERTa,flwg6v,816,25,3264,Ġaccept,accept,False,suicide intent,0.0006255895762781923,0.0006255895762781923,0.0599006712436676,0.060292769223451614,0.35,0,0,600,FP32-token-IDs
RoBERTa,flwg6v,816,25,3264,Ġaccept,accept,False,worthlessness,-0.004391516027681064,0.004391516027681064,0.19792063534259796,0.020534489303827286,0.35,0,0,600,FP32-token-IDs
RoBERTa,flwg6v,816,26,84,Ġour,our,False,anger,-0.0010047337527794298,0.0010047337527794298,0.15273357927799225,0.01919434778392315,0.35,0,0,600,FP32-token-IDs
RoBERTa,flwg6v,816,26,84,Ġour,our,False,brain dysfunction (forget),0.0025784092188890404,0.0025784092188890404,0.16686278581619263,0.10144035518169403,0.35,0,0,600,FP32-token-IDs
RoBERTa,flwg6v,816,26,84,Ġour,our,False,emptiness,-0.008934771816711873,0.008934771816711873,0.14035357534885406,0.18389010429382324,0.35,0,0,600,FP32-token-IDs
RoBERTa,flwg6v,816,26,84,Ġour,our,False,hopelessness,-0.010972426321435098,0.010972426321435098,0.2354770451784134,0.027007732540369034,0.35,0,0,600,FP32-token-IDs
RoBERTa,flwg6v,816,26,84,Ġour,our,False,loneliness,-0.002862905166693963,0.002862905166693963,0.49950695037841797,0.9456063508987427,0.35,1,1,600,FP32-token-IDs
RoBERTa,flwg6v,816,26,84,Ġour,our,False,sadness,-0.013916229140401507,0.013916229140401507,0.26815304160118103,0.08798018842935562,0.35,0,0,600,FP32-token-IDs
RoBERTa,flwg6v,816,26,84,Ġour,our,False,suicide intent,0.0006255895762781923,0.0006255895762781923,0.0599006712436676,0.060292769223451614,0.35,0,0,600,FP32-token-IDs
RoBERTa,flwg6v,816,26,84,Ġour,our,False,worthlessness,-0.004391516027681064,0.004391516027681064,0.19792063534259796,0.020534489303827286,0.35,0,0,600,FP32-token-IDs
RoBERTa,flwg6v,816,27,6453,Ġfeelings,feelings,False,anger,-0.004692098037291241,0.004692098037291241,0.15273357927799225,0.01919434778392315,0.35,0,0,600,FP32-token-IDs
RoBERTa,flwg6v,816,27,6453,Ġfeelings,feelings,False,brain dysfunction (forget),-0.015437597826045627,0.015437597826045627,0.16686278581619263,0.10144035518169403,0.35,0,0,600,FP32-token-IDs
RoBERTa,flwg6v,816,27,6453,Ġfeelings,feelings,False,emptiness,0.022774950200982857,0.022774950200982857,0.14035357534885406,0.18389010429382324,0.35,0,0,600,FP32-token-IDs
RoBERTa,flwg6v,816,27,6453,Ġfeelings,feelings,False,hopelessness,0.0013367256469791755,0.0013367256469791755,0.2354770451784134,0.027007732540369034,0.35,0,0,600,FP32-token-IDs
RoBERTa,flwg6v,816,27,6453,Ġfeelings,feelings,False,loneliness,0.06515757996627751,0.06515757996627751,0.49950695037841797,0.9456063508987427,0.35,1,1,600,FP32-token-IDs
RoBERTa,flwg6v,816,27,6453,Ġfeelings,feelings,False,sadness,-0.0007518429774791002,0.0007518429774791002,0.26815304160118103,0.08798018842935562,0.35,0,0,600,FP32-token-IDs
RoBERTa,flwg6v,816,27,6453,Ġfeelings,feelings,False,suicide intent,-0.00181172440352384,0.00181172440352384,0.0599006712436676,0.060292769223451614,0.35,0,0,600,FP32-token-IDs
RoBERTa,flwg6v,816,27,6453,Ġfeelings,feelings,False,worthlessness,-0.001146481711960708,0.001146481711960708,0.19792063534259796,0.020534489303827286,0.35,0,0,600,FP32-token-IDs
RoBERTa,flwg6v,816,28,9,Ġof,of,False,anger,-0.004692098037291241,0.004692098037291241,0.15273357927799225,0.01919434778392315,0.35,0,0,600,FP32-token-IDs
RoBERTa,flwg6v,816,28,9,Ġof,of,False,brain dysfunction (forget),-0.015437597826045627,0.015437597826045627,0.16686278581619263,0.10144035518169403,0.35,0,0,600,FP32-token-IDs
RoBERTa,flwg6v,816,28,9,Ġof,of,False,emptiness,0.022774950200982857,0.022774950200982857,0.14035357534885406,0.18389010429382324,0.35,0,0,600,FP32-token-IDs
RoBERTa,flwg6v,816,28,9,Ġof,of,False,hopelessness,0.0013367256469791755,0.0013367256469791755,0.2354770451784134,0.027007732540369034,0.35,0,0,600,FP32-token-IDs
RoBERTa,flwg6v,816,28,9,Ġof,of,False,loneliness,0.06515757996627751,0.06515757996627751,0.49950695037841797,0.9456063508987427,0.35,1,1,600,FP32-token-IDs
RoBERTa,flwg6v,816,28,9,Ġof,of,False,sadness,-0.0007518429774791002,0.0007518429774791002,0.26815304160118103,0.08798018842935562,0.35,0,0,600,FP32-token-IDs
RoBERTa,flwg6v,816,28,9,Ġof,of,False,suicide intent,-0.00181172440352384,0.00181172440352384,0.0599006712436676,0.060292769223451614,0.35,0,0,600,FP32-token-IDs
RoBERTa,flwg6v,816,28,9,Ġof,of,False,worthlessness,-0.001146481711960708,0.001146481711960708,0.19792063534259796,0.020534489303827286,0.35,0,0,600,FP32-token-IDs
RoBERTa,flwg6v,816,29,27942,Ġloneliness,loneliness,False,anger,-0.006498754947339573,0.006498754947339573,0.15273357927799225,0.01919434778392315,0.35,0,0,600,FP32-token-IDs
RoBERTa,flwg6v,816,29,27942,Ġloneliness,loneliness,False,brain dysfunction (forget),-0.045398753349824496,0.045398753349824496,0.16686278581619263,0.10144035518169403,0.35,0,0,600,FP32-token-IDs
RoBERTa,flwg6v,816,29,27942,Ġloneliness,loneliness,False,emptiness,0.07769720944634173,0.07769720944634173,0.14035357534885406,0.18389010429382324,0.35,0,0,600,FP32-token-IDs
RoBERTa,flwg6v,816,29,27942,Ġloneliness,loneliness,False,hopelessness,-0.0015068661014083773,0.0015068661014083773,0.2354770451784134,0.027007732540369034,0.35,0,0,600,FP32-token-IDs
RoBERTa,flwg6v,816,29,27942,Ġloneliness,loneliness,False,loneliness,0.24204584808709723,0.24204584808709723,0.49950695037841797,0.9456063508987427,0.35,1,1,600,FP32-token-IDs
RoBERTa,flwg6v,816,29,27942,Ġloneliness,loneliness,False,sadness,0.010230329062324017,0.010230329062324017,0.26815304160118103,0.08798018842935562,0.35,0,0,600,FP32-token-IDs
RoBERTa,flwg6v,816,29,27942,Ġloneliness,loneliness,False,suicide intent,-0.0022587652638321742,0.0022587652638321742,0.0599006712436676,0.060292769223451614,0.35,0,0,600,FP32-token-IDs
RoBERTa,flwg6v,816,29,27942,Ġloneliness,loneliness,False,worthlessness,-0.0015876921582578991,0.0015876921582578991,0.19792063534259796,0.020534489303827286,0.35,0,0,600,FP32-token-IDs
RoBERTa,flwg6v,816,30,6,",",",",False,anger,0.0010860528018383775,0.0010860528018383775,0.15273357927799225,0.01919434778392315,0.35,0,0,600,FP32-token-IDs
RoBERTa,flwg6v,816,30,6,",",",",False,brain dysfunction (forget),-0.0015681349129105608,0.0015681349129105608,0.16686278581619263,0.10144035518169403,0.35,0,0,600,FP32-token-IDs
RoBERTa,flwg6v,816,30,6,",",",",False,emptiness,-0.013802804780425504,0.013802804780425504,0.14035357534885406,0.18389010429382324,0.35,0,0,600,FP32-token-IDs
RoBERTa,flwg6v,816,30,6,",",",",False,hopelessness,-0.00975549059997623,0.00975549059997623,0.2354770451784134,0.027007732540369034,0.35,0,0,600,FP32-token-IDs
RoBERTa,flwg6v,816,30,6,",",",",False,loneliness,-0.002952560840640217,0.002952560840640217,0.49950695037841797,0.9456063508987427,0.35,1,1,600,FP32-token-IDs
RoBERTa,flwg6v,816,30,6,",",",",False,sadness,-0.019855245113528024,0.019855245113528024,0.26815304160118103,0.08798018842935562,0.35,0,0,600,FP32-token-IDs
RoBERTa,flwg6v,816,30,6,",",",",False,suicide intent,0.0005900198351203774,0.0005900198351203774,0.0599006712436676,0.060292769223451614,0.35,0,0,600,FP32-token-IDs
RoBERTa,flwg6v,816,30,6,",",",",False,worthlessness,-0.0007760186999803409,0.0007760186999803409,0.19792063534259796,0.020534489303827286,0.35,0,0,600,FP32-token-IDs
RoBERTa,flwg6v,816,31,1877,Ġavoid,avoid,False,anger,-0.0008050983375142096,0.0008050983375142096,0.15273357927799225,0.01919434778392315,0.35,0,0,600,FP32-token-IDs
RoBERTa,flwg6v,816,31,1877,Ġavoid,avoid,False,brain dysfunction (forget),-6.790369516238571e-05,6.790369516238571e-05,0.16686278581619263,0.10144035518169403,0.35,0,0,600,FP32-token-IDs
RoBERTa,flwg6v,816,31,1877,Ġavoid,avoid,False,emptiness,-0.004181042758864351,0.004181042758864351,0.14035357534885406,0.18389010429382324,0.35,0,0,600,FP32-token-IDs
RoBERTa,flwg6v,816,31,1877,Ġavoid,avoid,False,hopelessness,-0.004527924697322305,0.004527924697322305,0.2354770451784134,0.027007732540369034,0.35,0,0,600,FP32-token-IDs
RoBERTa,flwg6v,816,31,1877,Ġavoid,avoid,False,loneliness,-0.001915081308106892,0.001915081308106892,0.49950695037841797,0.9456063508987427,0.35,1,1,600,FP32-token-IDs
RoBERTa,flwg6v,816,31,1877,Ġavoid,avoid,False,sadness,-0.008157458330970258,0.008157458330970258,0.26815304160118103,0.08798018842935562,0.35,0,0,600,FP32-token-IDs
RoBERTa,flwg6v,816,31,1877,Ġavoid,avoid,False,suicide intent,0.00015025058382889256,0.00015025058382889256,0.0599006712436676,0.060292769223451614,0.35,0,0,600,FP32-token-IDs
RoBERTa,flwg6v,816,31,1877,Ġavoid,avoid,False,worthlessness,-6.109971000114455e-05,6.109971000114455e-05,0.19792063534259796,0.020534489303827286,0.35,0,0,600,FP32-token-IDs
RoBERTa,flwg6v,816,32,4631,Ġcovering,covering,False,anger,-0.0008050983375142096,0.0008050983375142096,0.15273357927799225,0.01919434778392315,0.35,0,0,600,FP32-token-IDs
RoBERTa,flwg6v,816,32,4631,Ġcovering,covering,False,brain dysfunction (forget),-6.790369516238571e-05,6.790369516238571e-05,0.16686278581619263,0.10144035518169403,0.35,0,0,600,FP32-token-IDs
RoBERTa,flwg6v,816,32,4631,Ġcovering,covering,False,emptiness,-0.004181042758864351,0.004181042758864351,0.14035357534885406,0.18389010429382324,0.35,0,0,600,FP32-token-IDs
RoBERTa,flwg6v,816,32,4631,Ġcovering,covering,False,hopelessness,-0.004527924697322305,0.004527924697322305,0.2354770451784134,0.027007732540369034,0.35,0,0,600,FP32-token-IDs
RoBERTa,flwg6v,816,32,4631,Ġcovering,covering,False,loneliness,-0.001915081308106892,0.001915081308106892,0.49950695037841797,0.9456063508987427,0.35,1,1,600,FP32-token-IDs
RoBERTa,flwg6v,816,32,4631,Ġcovering,covering,False,sadness,-0.008157458330970258,0.008157458330970258,0.26815304160118103,0.08798018842935562,0.35,0,0,600,FP32-token-IDs
RoBERTa,flwg6v,816,32,4631,Ġcovering,covering,False,suicide intent,0.00015025058382889256,0.00015025058382889256,0.0599006712436676,0.060292769223451614,0.35,0,0,600,FP32-token-IDs
RoBERTa,flwg6v,816,32,4631,Ġcovering,covering,False,worthlessness,-6.109971000114455e-05,6.109971000114455e-05,0.19792063534259796,0.020534489303827286,0.35,0,0,600,FP32-token-IDs
RoBERTa,flwg6v,816,33,24,Ġit,it,False,anger,-0.0008050983375142096,0.0008050983375142096,0.15273357927799225,0.01919434778392315,0.35,0,0,600,FP32-token-IDs
RoBERTa,flwg6v,816,33,24,Ġit,it,False,brain dysfunction (forget),-6.79036951623857e-05,6.79036951623857e-05,0.16686278581619263,0.10144035518169403,0.35,0,0,600,FP32-token-IDs
RoBERTa,flwg6v,816,33,24,Ġit,it,False,emptiness,-0.00418104275886435,0.00418104275886435,0.14035357534885406,0.18389010429382324,0.35,0,0,600,FP32-token-IDs
RoBERTa,flwg6v,816,33,24,Ġit,it,False,hopelessness,-0.004527924697322306,0.004527924697322306,0.2354770451784134,0.027007732540369034,0.35,0,0,600,FP32-token-IDs
RoBERTa,flwg6v,816,33,24,Ġit,it,False,loneliness,-0.0019150813081068917,0.0019150813081068917,0.49950695037841797,0.9456063508987427,0.35,1,1,600,FP32-token-IDs
RoBERTa,flwg6v,816,33,24,Ġit,it,False,sadness,-0.008157458330970258,0.008157458330970258,0.26815304160118103,0.08798018842935562,0.35,0,0,600,FP32-token-IDs
RoBERTa,flwg6v,816,33,24,Ġit,it,False,suicide intent,0.00015025058382889256,0.00015025058382889256,0.0599006712436676,0.060292769223451614,0.35,0,0,600,FP32-token-IDs
RoBERTa,flwg6v,816,33,24,Ġit,it,False,worthlessness,-6.109971000114457e-05,6.109971000114457e-05,0.19792063534259796,0.020534489303827286,0.35,0,0,600,FP32-token-IDs
RoBERTa,flwg6v,816,34,19,Ġwith,with,False,anger,-0.0008050983375142096,0.0008050983375142096,0.15273357927799225,0.01919434778392315,0.35,0,0,600,FP32-token-IDs
RoBERTa,flwg6v,816,34,19,Ġwith,with,False,brain dysfunction (forget),-6.79036951623857e-05,6.79036951623857e-05,0.16686278581619263,0.10144035518169403,0.35,0,0,600,FP32-token-IDs
RoBERTa,flwg6v,816,34,19,Ġwith,with,False,emptiness,-0.00418104275886435,0.00418104275886435,0.14035357534885406,0.18389010429382324,0.35,0,0,600,FP32-token-IDs
RoBERTa,flwg6v,816,34,19,Ġwith,with,False,hopelessness,-0.004527924697322306,0.004527924697322306,0.2354770451784134,0.027007732540369034,0.35,0,0,600,FP32-token-IDs
RoBERTa,flwg6v,816,34,19,Ġwith,with,False,loneliness,-0.0019150813081068917,0.0019150813081068917,0.49950695037841797,0.9456063508987427,0.35,1,1,600,FP32-token-IDs
RoBERTa,flwg6v,816,34,19,Ġwith,with,False,sadness,-0.008157458330970258,0.008157458330970258,0.26815304160118103,0.08798018842935562,0.35,0,0,600,FP32-token-IDs
RoBERTa,flwg6v,816,34,19,Ġwith,with,False,suicide intent,0.00015025058382889256,0.00015025058382889256,0.0599006712436676,0.060292769223451614,0.35,0,0,600,FP32-token-IDs
RoBERTa,flwg6v,816,34,19,Ġwith,with,False,worthlessness,-6.109971000114457e-05,6.109971000114457e-05,0.19792063534259796,0.020534489303827286,0.35,0,0,600,FP32-token-IDs
RoBERTa,flwg6v,816,35,4850,Ġconsumption,consumption,False,anger,-0.0008050983375142096,0.0008050983375142096,0.15273357927799225,0.01919434778392315,0.35,0,0,600,FP32-token-IDs
RoBERTa,flwg6v,816,35,4850,Ġconsumption,consumption,False,brain dysfunction (forget),-6.79036951623857e-05,6.79036951623857e-05,0.16686278581619263,0.10144035518169403,0.35,0,0,600,FP32-token-IDs
RoBERTa,flwg6v,816,35,4850,Ġconsumption,consumption,False,emptiness,-0.00418104275886435,0.00418104275886435,0.14035357534885406,0.18389010429382324,0.35,0,0,600,FP32-token-IDs
RoBERTa,flwg6v,816,35,4850,Ġconsumption,consumption,False,hopelessness,-0.004527924697322306,0.004527924697322306,0.2354770451784134,0.027007732540369034,0.35,0,0,600,FP32-token-IDs
RoBERTa,flwg6v,816,35,4850,Ġconsumption,consumption,False,loneliness,-0.0019150813081068917,0.0019150813081068917,0.49950695037841797,0.9456063508987427,0.35,1,1,600,FP32-token-IDs
RoBERTa,flwg6v,816,35,4850,Ġconsumption,consumption,False,sadness,-0.008157458330970258,0.008157458330970258,0.26815304160118103,0.08798018842935562,0.35,0,0,600,FP32-token-IDs
RoBERTa,flwg6v,816,35,4850,Ġconsumption,consumption,False,suicide intent,0.00015025058382889256,0.00015025058382889256,0.0599006712436676,0.060292769223451614,0.35,0,0,600,FP32-token-IDs
RoBERTa,flwg6v,816,35,4850,Ġconsumption,consumption,False,worthlessness,-6.109971000114457e-05,6.109971000114457e-05,0.19792063534259796,0.020534489303827286,0.35,0,0,600,FP32-token-IDs
RoBERTa,flwg6v,816,36,8,Ġand,and,False,anger,-0.0007402079129943475,0.0007402079129943475,0.15273357927799225,0.01919434778392315,0.35,0,0,600,FP32-token-IDs
RoBERTa,flwg6v,816,36,8,Ġand,and,False,brain dysfunction (forget),0.00042961134088479667,0.00042961134088479667,0.16686278581619263,0.10144035518169403,0.35,0,0,600,FP32-token-IDs
RoBERTa,flwg6v,816,36,8,Ġand,and,False,emptiness,-0.004742869879489511,0.004742869879489511,0.14035357534885406,0.18389010429382324,0.35,0,0,600,FP32-token-IDs
RoBERTa,flwg6v,816,36,8,Ġand,and,False,hopelessness,-0.0056005518953580495,0.0056005518953580495,0.2354770451784134,0.027007732540369034,0.35,0,0,600,FP32-token-IDs
RoBERTa,flwg6v,816,36,8,Ġand,and,False,loneliness,-0.0010036907468350942,0.0010036907468350942,0.49950695037841797,0.9456063508987427,0.35,1,1,600,FP32-token-IDs
RoBERTa,flwg6v,816,36,8,Ġand,and,False,sadness,-0.01387683964778923,0.01387683964778923,0.26815304160118103,0.08798018842935562,0.35,0,0,600,FP32-token-IDs
RoBERTa,flwg6v,816,36,8,Ġand,and,False,suicide intent,0.0003162871089774523,0.0003162871089774523,0.0599006712436676,0.060292769223451614,0.35,0,0,600,FP32-token-IDs
RoBERTa,flwg6v,816,36,8,Ġand,and,False,worthlessness,-0.00026355134151262146,0.00026355134151262146,0.19792063534259796,0.020534489303827286,0.35,0,0,600,FP32-token-IDs
RoBERTa,flwg6v,816,37,304,Ġuse,use,False,anger,-0.0007402079129943475,0.0007402079129943475,0.15273357927799225,0.01919434778392315,0.35,0,0,600,FP32-token-IDs
RoBERTa,flwg6v,816,37,304,Ġuse,use,False,brain dysfunction (forget),0.00042961134088479667,0.00042961134088479667,0.16686278581619263,0.10144035518169403,0.35,0,0,600,FP32-token-IDs
RoBERTa,flwg6v,816,37,304,Ġuse,use,False,emptiness,-0.004742869879489511,0.004742869879489511,0.14035357534885406,0.18389010429382324,0.35,0,0,600,FP32-token-IDs
RoBERTa,flwg6v,816,37,304,Ġuse,use,False,hopelessness,-0.0056005518953580495,0.0056005518953580495,0.2354770451784134,0.027007732540369034,0.35,0,0,600,FP32-token-IDs
RoBERTa,flwg6v,816,37,304,Ġuse,use,False,loneliness,-0.0010036907468350942,0.0010036907468350942,0.49950695037841797,0.9456063508987427,0.35,1,1,600,FP32-token-IDs
RoBERTa,flwg6v,816,37,304,Ġuse,use,False,sadness,-0.01387683964778923,0.01387683964778923,0.26815304160118103,0.08798018842935562,0.35,0,0,600,FP32-token-IDs
RoBERTa,flwg6v,816,37,304,Ġuse,use,False,suicide intent,0.0003162871089774523,0.0003162871089774523,0.0599006712436676,0.060292769223451614,0.35,0,0,600,FP32-token-IDs
RoBERTa,flwg6v,816,37,304,Ġuse,use,False,worthlessness,-0.00026355134151262146,0.00026355134151262146,0.19792063534259796,0.020534489303827286,0.35,0,0,600,FP32-token-IDs
RoBERTa,flwg6v,816,38,24,Ġit,it,False,anger,-0.0007402079129943475,0.0007402079129943475,0.15273357927799225,0.01919434778392315,0.35,0,0,600,FP32-token-IDs
RoBERTa,flwg6v,816,38,24,Ġit,it,False,brain dysfunction (forget),0.00042961134088479667,0.00042961134088479667,0.16686278581619263,0.10144035518169403,0.35,0,0,600,FP32-token-IDs
RoBERTa,flwg6v,816,38,24,Ġit,it,False,emptiness,-0.004742869879489511,0.004742869879489511,0.14035357534885406,0.18389010429382324,0.35,0,0,600,FP32-token-IDs
RoBERTa,flwg6v,816,38,24,Ġit,it,False,hopelessness,-0.0056005518953580495,0.0056005518953580495,0.2354770451784134,0.027007732540369034,0.35,0,0,600,FP32-token-IDs
RoBERTa,flwg6v,816,38,24,Ġit,it,False,loneliness,-0.0010036907468350942,0.0010036907468350942,0.49950695037841797,0.9456063508987427,0.35,1,1,600,FP32-token-IDs
RoBERTa,flwg6v,816,38,24,Ġit,it,False,sadness,-0.01387683964778923,0.01387683964778923,0.26815304160118103,0.08798018842935562,0.35,0,0,600,FP32-token-IDs
RoBERTa,flwg6v,816,38,24,Ġit,it,False,suicide intent,0.0003162871089774523,0.0003162871089774523,0.0599006712436676,0.060292769223451614,0.35,0,0,600,FP32-token-IDs
RoBERTa,flwg6v,816,38,24,Ġit,it,False,worthlessness,-0.00026355134151262146,0.00026355134151262146,0.19792063534259796,0.020534489303827286,0.35,0,0,600,FP32-token-IDs
RoBERTa,flwg6v,816,39,7,Ġto,to,False,anger,-0.0007402079129943475,0.0007402079129943475,0.15273357927799225,0.01919434778392315,0.35,0,0,600,FP32-token-IDs
RoBERTa,flwg6v,816,39,7,Ġto,to,False,brain dysfunction (forget),0.00042961134088479667,0.00042961134088479667,0.16686278581619263,0.10144035518169403,0.35,0,0,600,FP32-token-IDs
RoBERTa,flwg6v,816,39,7,Ġto,to,False,emptiness,-0.004742869879489511,0.004742869879489511,0.14035357534885406,0.18389010429382324,0.35,0,0,600,FP32-token-IDs
RoBERTa,flwg6v,816,39,7,Ġto,to,False,hopelessness,-0.0056005518953580495,0.0056005518953580495,0.2354770451784134,0.027007732540369034,0.35,0,0,600,FP32-token-IDs
RoBERTa,flwg6v,816,39,7,Ġto,to,False,loneliness,-0.0010036907468350942,0.0010036907468350942,0.49950695037841797,0.9456063508987427,0.35,1,1,600,FP32-token-IDs
RoBERTa,flwg6v,816,39,7,Ġto,to,False,sadness,-0.01387683964778923,0.01387683964778923,0.26815304160118103,0.08798018842935562,0.35,0,0,600,FP32-token-IDs
RoBERTa,flwg6v,816,39,7,Ġto,to,False,suicide intent,0.0003162871089774523,0.0003162871089774523,0.0599006712436676,0.060292769223451614,0.35,0,0,600,FP32-token-IDs
RoBERTa,flwg6v,816,39,7,Ġto,to,False,worthlessness,-0.00026355134151262146,0.00026355134151262146,0.19792063534259796,0.020534489303827286,0.35,0,0,600,FP32-token-IDs
RoBERTa,flwg6v,816,40,22962,Ġmotivate,motivate,False,anger,-0.0007402079129943475,0.0007402079129943475,0.15273357927799225,0.01919434778392315,0.35,0,0,600,FP32-token-IDs
RoBERTa,flwg6v,816,40,22962,Ġmotivate,motivate,False,brain dysfunction (forget),0.00042961134088479667,0.00042961134088479667,0.16686278581619263,0.10144035518169403,0.35,0,0,600,FP32-token-IDs
RoBERTa,flwg6v,816,40,22962,Ġmotivate,motivate,False,emptiness,-0.004742869879489511,0.004742869879489511,0.14035357534885406,0.18389010429382324,0.35,0,0,600,FP32-token-IDs
RoBERTa,flwg6v,816,40,22962,Ġmotivate,motivate,False,hopelessness,-0.0056005518953580495,0.0056005518953580495,0.2354770451784134,0.027007732540369034,0.35,0,0,600,FP32-token-IDs
RoBERTa,flwg6v,816,40,22962,Ġmotivate,motivate,False,loneliness,-0.0010036907468350942,0.0010036907468350942,0.49950695037841797,0.9456063508987427,0.35,1,1,600,FP32-token-IDs
RoBERTa,flwg6v,816,40,22962,Ġmotivate,motivate,False,sadness,-0.01387683964778923,0.01387683964778923,0.26815304160118103,0.08798018842935562,0.35,0,0,600,FP32-token-IDs
RoBERTa,flwg6v,816,40,22962,Ġmotivate,motivate,False,suicide intent,0.0003162871089774523,0.0003162871089774523,0.0599006712436676,0.060292769223451614,0.35,0,0,600,FP32-token-IDs
RoBERTa,flwg6v,816,40,22962,Ġmotivate,motivate,False,worthlessness,-0.00026355134151262146,0.00026355134151262146,0.19792063534259796,0.020534489303827286,0.35,0,0,600,FP32-token-IDs
RoBERTa,flwg6v,816,41,4288,Ġourselves,ourselves,False,anger,-0.0007196088053288721,0.0007196088053288721,0.15273357927799225,0.01919434778392315,0.35,0,0,600,FP32-token-IDs
RoBERTa,flwg6v,816,41,4288,Ġourselves,ourselves,False,brain dysfunction (forget),-0.00011738298714838247,0.00011738298714838247,0.16686278581619263,0.10144035518169403,0.35,0,0,600,FP32-token-IDs
RoBERTa,flwg6v,816,41,4288,Ġourselves,ourselves,False,emptiness,-0.004656256965421507,0.004656256965421507,0.14035357534885406,0.18389010429382324,0.35,0,0,600,FP32-token-IDs
RoBERTa,flwg6v,816,41,4288,Ġourselves,ourselves,False,hopelessness,-0.006097188486433658,0.006097188486433658,0.2354770451784134,0.027007732540369034,0.35,0,0,600,FP32-token-IDs
RoBERTa,flwg6v,816,41,4288,Ġourselves,ourselves,False,loneliness,0.0002261284429220144,0.0002261284429220144,0.49950695037841797,0.9456063508987427,0.35,1,1,600,FP32-token-IDs
RoBERTa,flwg6v,816,41,4288,Ġourselves,ourselves,False,sadness,-0.013404512232889168,0.013404512232889168,0.26815304160118103,0.08798018842935562,0.35,0,0,600,FP32-token-IDs
RoBERTa,flwg6v,816,41,4288,Ġourselves,ourselves,False,suicide intent,0.0003283563743356023,0.0003283563743356023,0.0599006712436676,0.060292769223451614,0.35,0,0,600,FP32-token-IDs
RoBERTa,flwg6v,816,41,4288,Ġourselves,ourselves,False,worthlessness,-0.0010038036952292632,0.0010038036952292632,0.19792063534259796,0.020534489303827286,0.35,0,0,600,FP32-token-IDs
RoBERTa,flwg6v,816,42,7,Ġto,to,False,anger,-0.0007196088053288721,0.0007196088053288721,0.15273357927799225,0.01919434778392315,0.35,0,0,600,FP32-token-IDs
RoBERTa,flwg6v,816,42,7,Ġto,to,False,brain dysfunction (forget),-0.00011738298714838247,0.00011738298714838247,0.16686278581619263,0.10144035518169403,0.35,0,0,600,FP32-token-IDs
RoBERTa,flwg6v,816,42,7,Ġto,to,False,emptiness,-0.004656256965421507,0.004656256965421507,0.14035357534885406,0.18389010429382324,0.35,0,0,600,FP32-token-IDs
RoBERTa,flwg6v,816,42,7,Ġto,to,False,hopelessness,-0.006097188486433658,0.006097188486433658,0.2354770451784134,0.027007732540369034,0.35,0,0,600,FP32-token-IDs
RoBERTa,flwg6v,816,42,7,Ġto,to,False,loneliness,0.0002261284429220144,0.0002261284429220144,0.49950695037841797,0.9456063508987427,0.35,1,1,600,FP32-token-IDs
RoBERTa,flwg6v,816,42,7,Ġto,to,False,sadness,-0.013404512232889168,0.013404512232889168,0.26815304160118103,0.08798018842935562,0.35,0,0,600,FP32-token-IDs
RoBERTa,flwg6v,816,42,7,Ġto,to,False,suicide intent,0.0003283563743356023,0.0003283563743356023,0.0599006712436676,0.060292769223451614,0.35,0,0,600,FP32-token-IDs
RoBERTa,flwg6v,816,42,7,Ġto,to,False,worthlessness,-0.0010038036952292632,0.0010038036952292632,0.19792063534259796,0.020534489303827286,0.35,0,0,600,FP32-token-IDs
RoBERTa,flwg6v,816,43,146,Ġmake,make,False,anger,-0.0007196088053288721,0.0007196088053288721,0.15273357927799225,0.01919434778392315,0.35,0,0,600,FP32-token-IDs
RoBERTa,flwg6v,816,43,146,Ġmake,make,False,brain dysfunction (forget),-0.00011738298714838247,0.00011738298714838247,0.16686278581619263,0.10144035518169403,0.35,0,0,600,FP32-token-IDs
RoBERTa,flwg6v,816,43,146,Ġmake,make,False,emptiness,-0.004656256965421507,0.004656256965421507,0.14035357534885406,0.18389010429382324,0.35,0,0,600,FP32-token-IDs
RoBERTa,flwg6v,816,43,146,Ġmake,make,False,hopelessness,-0.006097188486433658,0.006097188486433658,0.2354770451784134,0.027007732540369034,0.35,0,0,600,FP32-token-IDs
RoBERTa,flwg6v,816,43,146,Ġmake,make,False,loneliness,0.0002261284429220144,0.0002261284429220144,0.49950695037841797,0.9456063508987427,0.35,1,1,600,FP32-token-IDs
RoBERTa,flwg6v,816,43,146,Ġmake,make,False,sadness,-0.013404512232889168,0.013404512232889168,0.26815304160118103,0.08798018842935562,0.35,0,0,600,FP32-token-IDs
RoBERTa,flwg6v,816,43,146,Ġmake,make,False,suicide intent,0.0003283563743356023,0.0003283563743356023,0.0599006712436676,0.060292769223451614,0.35,0,0,600,FP32-token-IDs
RoBERTa,flwg6v,816,43,146,Ġmake,make,False,worthlessness,-0.0010038036952292632,0.0010038036952292632,0.19792063534259796,0.020534489303827286,0.35,0,0,600,FP32-token-IDs
RoBERTa,flwg6v,816,44,588,Ġreal,real,False,anger,-0.0007196088053288721,0.0007196088053288721,0.15273357927799225,0.01919434778392315,0.35,0,0,600,FP32-token-IDs
RoBERTa,flwg6v,816,44,588,Ġreal,real,False,brain dysfunction (forget),-0.00011738298714838247,0.00011738298714838247,0.16686278581619263,0.10144035518169403,0.35,0,0,600,FP32-token-IDs
RoBERTa,flwg6v,816,44,588,Ġreal,real,False,emptiness,-0.004656256965421507,0.004656256965421507,0.14035357534885406,0.18389010429382324,0.35,0,0,600,FP32-token-IDs
RoBERTa,flwg6v,816,44,588,Ġreal,real,False,hopelessness,-0.006097188486433658,0.006097188486433658,0.2354770451784134,0.027007732540369034,0.35,0,0,600,FP32-token-IDs
RoBERTa,flwg6v,816,44,588,Ġreal,real,False,loneliness,0.0002261284429220144,0.0002261284429220144,0.49950695037841797,0.9456063508987427,0.35,1,1,600,FP32-token-IDs
RoBERTa,flwg6v,816,44,588,Ġreal,real,False,sadness,-0.013404512232889168,0.013404512232889168,0.26815304160118103,0.08798018842935562,0.35,0,0,600,FP32-token-IDs
RoBERTa,flwg6v,816,44,588,Ġreal,real,False,suicide intent,0.0003283563743356023,0.0003283563743356023,0.0599006712436676,0.060292769223451614,0.35,0,0,600,FP32-token-IDs
RoBERTa,flwg6v,816,44,588,Ġreal,real,False,worthlessness,-0.0010038036952292632,0.0010038036952292632,0.19792063534259796,0.020534489303827286,0.35,0,0,600,FP32-token-IDs
RoBERTa,flwg6v,816,45,1050,Ġhuman,human,False,anger,-0.0007196088053288721,0.0007196088053288721,0.15273357927799225,0.01919434778392315,0.35,0,0,600,FP32-token-IDs
RoBERTa,flwg6v,816,45,1050,Ġhuman,human,False,brain dysfunction (forget),-0.00011738298714838247,0.00011738298714838247,0.16686278581619263,0.10144035518169403,0.35,0,0,600,FP32-token-IDs
RoBERTa,flwg6v,816,45,1050,Ġhuman,human,False,emptiness,-0.004656256965421507,0.004656256965421507,0.14035357534885406,0.18389010429382324,0.35,0,0,600,FP32-token-IDs
RoBERTa,flwg6v,816,45,1050,Ġhuman,human,False,hopelessness,-0.006097188486433658,0.006097188486433658,0.2354770451784134,0.027007732540369034,0.35,0,0,600,FP32-token-IDs
RoBERTa,flwg6v,816,45,1050,Ġhuman,human,False,loneliness,0.0002261284429220144,0.0002261284429220144,0.49950695037841797,0.9456063508987427,0.35,1,1,600,FP32-token-IDs
RoBERTa,flwg6v,816,45,1050,Ġhuman,human,False,sadness,-0.013404512232889168,0.013404512232889168,0.26815304160118103,0.08798018842935562,0.35,0,0,600,FP32-token-IDs
RoBERTa,flwg6v,816,45,1050,Ġhuman,human,False,suicide intent,0.0003283563743356023,0.0003283563743356023,0.0599006712436676,0.060292769223451614,0.35,0,0,600,FP32-token-IDs
RoBERTa,flwg6v,816,45,1050,Ġhuman,human,False,worthlessness,-0.0010038036952292632,0.0010038036952292632,0.19792063534259796,0.020534489303827286,0.35,0,0,600,FP32-token-IDs
RoBERTa,flwg6v,816,46,7070,Ġconnections,connections,False,anger,-0.0007196088053288721,0.0007196088053288721,0.15273357927799225,0.01919434778392315,0.35,0,0,600,FP32-token-IDs
RoBERTa,flwg6v,816,46,7070,Ġconnections,connections,False,brain dysfunction (forget),-0.00011738298714838247,0.00011738298714838247,0.16686278581619263,0.10144035518169403,0.35,0,0,600,FP32-token-IDs
RoBERTa,flwg6v,816,46,7070,Ġconnections,connections,False,emptiness,-0.004656256965421507,0.004656256965421507,0.14035357534885406,0.18389010429382324,0.35,0,0,600,FP32-token-IDs
RoBERTa,flwg6v,816,46,7070,Ġconnections,connections,False,hopelessness,-0.006097188486433658,0.006097188486433658,0.2354770451784134,0.027007732540369034,0.35,0,0,600,FP32-token-IDs
RoBERTa,flwg6v,816,46,7070,Ġconnections,connections,False,loneliness,0.0002261284429220144,0.0002261284429220144,0.49950695037841797,0.9456063508987427,0.35,1,1,600,FP32-token-IDs
RoBERTa,flwg6v,816,46,7070,Ġconnections,connections,False,sadness,-0.013404512232889168,0.013404512232889168,0.26815304160118103,0.08798018842935562,0.35,0,0,600,FP32-token-IDs
RoBERTa,flwg6v,816,46,7070,Ġconnections,connections,False,suicide intent,0.0003283563743356023,0.0003283563743356023,0.0599006712436676,0.060292769223451614,0.35,0,0,600,FP32-token-IDs
RoBERTa,flwg6v,816,46,7070,Ġconnections,connections,False,worthlessness,-0.0010038036952292632,0.0010038036952292632,0.19792063534259796,0.020534489303827286,0.35,0,0,600,FP32-token-IDs
RoBERTa,flwg6v,816,47,4,.,.,False,anger,0.002248304792870344,0.002248304792870344,0.15273357927799225,0.01919434778392315,0.35,0,0,600,FP32-token-IDs
RoBERTa,flwg6v,816,47,4,.,.,False,brain dysfunction (forget),0.0052604378751394424,0.0052604378751394424,0.16686278581619263,0.10144035518169403,0.35,0,0,600,FP32-token-IDs
RoBERTa,flwg6v,816,47,4,.,.,False,emptiness,0.0019444064157803289,0.0019444064157803289,0.14035357534885406,0.18389010429382324,0.35,0,0,600,FP32-token-IDs
RoBERTa,flwg6v,816,47,4,.,.,False,hopelessness,-0.0035275948678397317,0.0035275948678397317,0.2354770451784134,0.027007732540369034,0.35,0,0,600,FP32-token-IDs
RoBERTa,flwg6v,816,47,4,.,.,False,loneliness,0.001029212339992889,0.001029212339992889,0.49950695037841797,0.9456063508987427,0.35,1,1,600,FP32-token-IDs
RoBERTa,flwg6v,816,47,4,.,.,False,sadness,-0.005829541880468076,0.005829541880468076,0.26815304160118103,0.08798018842935562,0.35,0,0,600,FP32-token-IDs
RoBERTa,flwg6v,816,47,4,.,.,False,suicide intent,0.0014310742024628616,0.0014310742024628616,0.0599006712436676,0.060292769223451614,0.35,0,0,600,FP32-token-IDs
RoBERTa,flwg6v,816,47,4,.,.,False,worthlessness,-0.003717620243233713,0.003717620243233713,0.19792063534259796,0.020534489303827286,0.35,0,0,600,FP32-token-IDs
RoBERTa,flwg6v,816,48,22560,Ġ###,#,False,anger,0.002248304792870344,0.002248304792870344,0.15273357927799225,0.01919434778392315,0.35,0,0,600,FP32-token-IDs
RoBERTa,flwg6v,816,48,22560,Ġ###,#,False,brain dysfunction (forget),0.0052604378751394424,0.0052604378751394424,0.16686278581619263,0.10144035518169403,0.35,0,0,600,FP32-token-IDs
RoBERTa,flwg6v,816,48,22560,Ġ###,#,False,emptiness,0.0019444064157803289,0.0019444064157803289,0.14035357534885406,0.18389010429382324,0.35,0,0,600,FP32-token-IDs
RoBERTa,flwg6v,816,48,22560,Ġ###,#,False,hopelessness,-0.0035275948678397317,0.0035275948678397317,0.2354770451784134,0.027007732540369034,0.35,0,0,600,FP32-token-IDs
RoBERTa,flwg6v,816,48,22560,Ġ###,#,False,loneliness,0.001029212339992889,0.001029212339992889,0.49950695037841797,0.9456063508987427,0.35,1,1,600,FP32-token-IDs
RoBERTa,flwg6v,816,48,22560,Ġ###,#,False,sadness,-0.005829541880468076,0.005829541880468076,0.26815304160118103,0.08798018842935562,0.35,0,0,600,FP32-token-IDs
RoBERTa,flwg6v,816,48,22560,Ġ###,#,False,suicide intent,0.0014310742024628616,0.0014310742024628616,0.0599006712436676,0.060292769223451614,0.35,0,0,600,FP32-token-IDs
RoBERTa,flwg6v,816,48,22560,Ġ###,#,False,worthlessness,-0.003717620243233713,0.003717620243233713,0.19792063534259796,0.020534489303827286,0.35,0,0,600,FP32-token-IDs
RoBERTa,flwg6v,816,49,646,Ġ[,[,False,anger,0.002248304792870344,0.002248304792870344,0.15273357927799225,0.01919434778392315,0.35,0,0,600,FP32-token-IDs
RoBERTa,flwg6v,816,49,646,Ġ[,[,False,brain dysfunction (forget),0.0052604378751394424,0.0052604378751394424,0.16686278581619263,0.10144035518169403,0.35,0,0,600,FP32-token-IDs
RoBERTa,flwg6v,816,49,646,Ġ[,[,False,emptiness,0.0019444064157803289,0.0019444064157803289,0.14035357534885406,0.18389010429382324,0.35,0,0,600,FP32-token-IDs
RoBERTa,flwg6v,816,49,646,Ġ[,[,False,hopelessness,-0.0035275948678397317,0.0035275948678397317,0.2354770451784134,0.027007732540369034,0.35,0,0,600,FP32-token-IDs
RoBERTa,flwg6v,816,49,646,Ġ[,[,False,loneliness,0.001029212339992889,0.001029212339992889,0.49950695037841797,0.9456063508987427,0.35,1,1,600,FP32-token-IDs
RoBERTa,flwg6v,816,49,646,Ġ[,[,False,sadness,-0.005829541880468076,0.005829541880468076,0.26815304160118103,0.08798018842935562,0.35,0,0,600,FP32-token-IDs
RoBERTa,flwg6v,816,49,646,Ġ[,[,False,suicide intent,0.0014310742024628616,0.0014310742024628616,0.0599006712436676,0.060292769223451614,0.35,0,0,600,FP32-token-IDs
RoBERTa,flwg6v,816,49,646,Ġ[,[,False,worthlessness,-0.003717620243233713,0.003717620243233713,0.19792063534259796,0.020534489303827286,0.35,0,0,600,FP32-token-IDs
RoBERTa,flwg6v,816,50,32917,Listen,listen,False,anger,0.002248304792870344,0.002248304792870344,0.15273357927799225,0.01919434778392315,0.35,0,0,600,FP32-token-IDs
RoBERTa,flwg6v,816,50,32917,Listen,listen,False,brain dysfunction (forget),0.0052604378751394424,0.0052604378751394424,0.16686278581619263,0.10144035518169403,0.35,0,0,600,FP32-token-IDs
RoBERTa,flwg6v,816,50,32917,Listen,listen,False,emptiness,0.0019444064157803289,0.0019444064157803289,0.14035357534885406,0.18389010429382324,0.35,0,0,600,FP32-token-IDs
RoBERTa,flwg6v,816,50,32917,Listen,listen,False,hopelessness,-0.0035275948678397317,0.0035275948678397317,0.2354770451784134,0.027007732540369034,0.35,0,0,600,FP32-token-IDs
RoBERTa,flwg6v,816,50,32917,Listen,listen,False,loneliness,0.001029212339992889,0.001029212339992889,0.49950695037841797,0.9456063508987427,0.35,1,1,600,FP32-token-IDs
RoBERTa,flwg6v,816,50,32917,Listen,listen,False,sadness,-0.005829541880468076,0.005829541880468076,0.26815304160118103,0.08798018842935562,0.35,0,0,600,FP32-token-IDs
RoBERTa,flwg6v,816,50,32917,Listen,listen,False,suicide intent,0.0014310742024628616,0.0014310742024628616,0.0599006712436676,0.060292769223451614,0.35,0,0,600,FP32-token-IDs
RoBERTa,flwg6v,816,50,32917,Listen,listen,False,worthlessness,-0.003717620243233713,0.003717620243233713,0.19792063534259796,0.020534489303827286,0.35,0,0,600,FP32-token-IDs
RoBERTa,flwg6v,816,51,259,Ġhere,here,False,anger,-0.0008321592210816195,0.0008321592210816195,0.15273357927799225,0.01919434778392315,0.35,0,0,600,FP32-token-IDs
RoBERTa,flwg6v,816,51,259,Ġhere,here,False,brain dysfunction (forget),-0.00044480812820521266,0.00044480812820521266,0.16686278581619263,0.10144035518169403,0.35,0,0,600,FP32-token-IDs
RoBERTa,flwg6v,816,51,259,Ġhere,here,False,emptiness,-0.004470960365596239,0.004470960365596239,0.14035357534885406,0.18389010429382324,0.35,0,0,600,FP32-token-IDs
RoBERTa,flwg6v,816,51,259,Ġhere,here,False,hopelessness,-0.005795668299588096,0.005795668299588096,0.2354770451784134,0.027007732540369034,0.35,0,0,600,FP32-token-IDs
RoBERTa,flwg6v,816,51,259,Ġhere,here,False,loneliness,0.0013745956201493355,0.0013745956201493355,0.49950695037841797,0.9456063508987427,0.35,1,1,600,FP32-token-IDs
RoBERTa,flwg6v,816,51,259,Ġhere,here,False,sadness,-0.007135573345200195,0.007135573345200195,0.26815304160118103,0.08798018842935562,0.35,0,0,600,FP32-token-IDs
RoBERTa,flwg6v,816,51,259,Ġhere,here,False,suicide intent,0.0005385281787217631,0.0005385281787217631,0.0599006712436676,0.060292769223451614,0.35,0,0,600,FP32-token-IDs
RoBERTa,flwg6v,816,51,259,Ġhere,here,False,worthlessness,-0.004983764891694119,0.004983764891694119,0.19792063534259796,0.020534489303827286,0.35,0,0,600,FP32-token-IDs
RoBERTa,flwg6v,816,52,47620,](,](,False,anger,-0.0008321592210816195,0.0008321592210816195,0.15273357927799225,0.01919434778392315,0.35,0,0,600,FP32-token-IDs
RoBERTa,flwg6v,816,52,47620,](,](,False,brain dysfunction (forget),-0.00044480812820521266,0.00044480812820521266,0.16686278581619263,0.10144035518169403,0.35,0,0,600,FP32-token-IDs
RoBERTa,flwg6v,816,52,47620,](,](,False,emptiness,-0.004470960365596239,0.004470960365596239,0.14035357534885406,0.18389010429382324,0.35,0,0,600,FP32-token-IDs
RoBERTa,flwg6v,816,52,47620,](,](,False,hopelessness,-0.005795668299588096,0.005795668299588096,0.2354770451784134,0.027007732540369034,0.35,0,0,600,FP32-token-IDs
RoBERTa,flwg6v,816,52,47620,](,](,False,loneliness,0.0013745956201493355,0.0013745956201493355,0.49950695037841797,0.9456063508987427,0.35,1,1,600,FP32-token-IDs
RoBERTa,flwg6v,816,52,47620,](,](,False,sadness,-0.007135573345200195,0.007135573345200195,0.26815304160118103,0.08798018842935562,0.35,0,0,600,FP32-token-IDs
RoBERTa,flwg6v,816,52,47620,](,](,False,suicide intent,0.0005385281787217631,0.0005385281787217631,0.0599006712436676,0.060292769223451614,0.35,0,0,600,FP32-token-IDs
RoBERTa,flwg6v,816,52,47620,](,](,False,worthlessness,-0.004983764891694119,0.004983764891694119,0.19792063534259796,0.020534489303827286,0.35,0,0,600,FP32-token-IDs
RoBERTa,flwg6v,816,53,13082,https,https,False,anger,-0.0008321592210816195,0.0008321592210816195,0.15273357927799225,0.01919434778392315,0.35,0,0,600,FP32-token-IDs
RoBERTa,flwg6v,816,53,13082,https,https,False,brain dysfunction (forget),-0.00044480812820521266,0.00044480812820521266,0.16686278581619263,0.10144035518169403,0.35,0,0,600,FP32-token-IDs
RoBERTa,flwg6v,816,53,13082,https,https,False,emptiness,-0.004470960365596239,0.004470960365596239,0.14035357534885406,0.18389010429382324,0.35,0,0,600,FP32-token-IDs
RoBERTa,flwg6v,816,53,13082,https,https,False,hopelessness,-0.005795668299588096,0.005795668299588096,0.2354770451784134,0.027007732540369034,0.35,0,0,600,FP32-token-IDs
RoBERTa,flwg6v,816,53,13082,https,https,False,loneliness,0.0013745956201493355,0.0013745956201493355,0.49950695037841797,0.9456063508987427,0.35,1,1,600,FP32-token-IDs
RoBERTa,flwg6v,816,53,13082,https,https,False,sadness,-0.007135573345200195,0.007135573345200195,0.26815304160118103,0.08798018842935562,0.35,0,0,600,FP32-token-IDs
RoBERTa,flwg6v,816,53,13082,https,https,False,suicide intent,0.0005385281787217631,0.0005385281787217631,0.0599006712436676,0.060292769223451614,0.35,0,0,600,FP32-token-IDs
RoBERTa,flwg6v,816,53,13082,https,https,False,worthlessness,-0.004983764891694119,0.004983764891694119,0.19792063534259796,0.020534489303827286,0.35,0,0,600,FP32-token-IDs
RoBERTa,flwg6v,816,54,640,://,://,False,anger,-0.0008321592210816195,0.0008321592210816195,0.15273357927799225,0.01919434778392315,0.35,0,0,600,FP32-token-IDs
RoBERTa,flwg6v,816,54,640,://,://,False,brain dysfunction (forget),-0.00044480812820521266,0.00044480812820521266,0.16686278581619263,0.10144035518169403,0.35,0,0,600,FP32-token-IDs
RoBERTa,flwg6v,816,54,640,://,://,False,emptiness,-0.004470960365596239,0.004470960365596239,0.14035357534885406,0.18389010429382324,0.35,0,0,600,FP32-token-IDs
RoBERTa,flwg6v,816,54,640,://,://,False,hopelessness,-0.005795668299588096,0.005795668299588096,0.2354770451784134,0.027007732540369034,0.35,0,0,600,FP32-token-IDs
RoBERTa,flwg6v,816,54,640,://,://,False,loneliness,0.0013745956201493355,0.0013745956201493355,0.49950695037841797,0.9456063508987427,0.35,1,1,600,FP32-token-IDs
RoBERTa,flwg6v,816,54,640,://,://,False,sadness,-0.007135573345200195,0.007135573345200195,0.26815304160118103,0.08798018842935562,0.35,0,0,600,FP32-token-IDs
RoBERTa,flwg6v,816,54,640,://,://,False,suicide intent,0.0005385281787217631,0.0005385281787217631,0.0599006712436676,0.060292769223451614,0.35,0,0,600,FP32-token-IDs
RoBERTa,flwg6v,816,54,640,://,://,False,worthlessness,-0.004983764891694119,0.004983764891694119,0.19792063534259796,0.020534489303827286,0.35,0,0,600,FP32-token-IDs
RoBERTa,flwg6v,816,55,10459,anch,anch,False,anger,-0.0008321592210816195,0.0008321592210816195,0.15273357927799225,0.01919434778392315,0.35,0,0,600,FP32-token-IDs
RoBERTa,flwg6v,816,55,10459,anch,anch,False,brain dysfunction (forget),-0.00044480812820521266,0.00044480812820521266,0.16686278581619263,0.10144035518169403,0.35,0,0,600,FP32-token-IDs
RoBERTa,flwg6v,816,55,10459,anch,anch,False,emptiness,-0.004470960365596239,0.004470960365596239,0.14035357534885406,0.18389010429382324,0.35,0,0,600,FP32-token-IDs
RoBERTa,flwg6v,816,55,10459,anch,anch,False,hopelessness,-0.005795668299588097,0.005795668299588097,0.2354770451784134,0.027007732540369034,0.35,0,0,600,FP32-token-IDs
RoBERTa,flwg6v,816,55,10459,anch,anch,False,loneliness,0.0013745956201493355,0.0013745956201493355,0.49950695037841797,0.9456063508987427,0.35,1,1,600,FP32-token-IDs
RoBERTa,flwg6v,816,55,10459,anch,anch,False,sadness,-0.007135573345200195,0.007135573345200195,0.26815304160118103,0.08798018842935562,0.35,0,0,600,FP32-token-IDs
RoBERTa,flwg6v,816,55,10459,anch,anch,False,suicide intent,0.0005385281787217631,0.0005385281787217631,0.0599006712436676,0.060292769223451614,0.35,0,0,600,FP32-token-IDs
RoBERTa,flwg6v,816,55,10459,anch,anch,False,worthlessness,-0.004983764891694119,0.004983764891694119,0.19792063534259796,0.020534489303827286,0.35,0,0,600,FP32-token-IDs
RoBERTa,flwg6v,816,56,368,or,or,False,anger,-0.0008321592210816195,0.0008321592210816195,0.15273357927799225,0.01919434778392315,0.35,0,0,600,FP32-token-IDs
RoBERTa,flwg6v,816,56,368,or,or,False,brain dysfunction (forget),-0.00044480812820521266,0.00044480812820521266,0.16686278581619263,0.10144035518169403,0.35,0,0,600,FP32-token-IDs
RoBERTa,flwg6v,816,56,368,or,or,False,emptiness,-0.004470960365596239,0.004470960365596239,0.14035357534885406,0.18389010429382324,0.35,0,0,600,FP32-token-IDs
RoBERTa,flwg6v,816,56,368,or,or,False,hopelessness,-0.005795668299588097,0.005795668299588097,0.2354770451784134,0.027007732540369034,0.35,0,0,600,FP32-token-IDs
RoBERTa,flwg6v,816,56,368,or,or,False,loneliness,0.0013745956201493355,0.0013745956201493355,0.49950695037841797,0.9456063508987427,0.35,1,1,600,FP32-token-IDs
RoBERTa,flwg6v,816,56,368,or,or,False,sadness,-0.007135573345200195,0.007135573345200195,0.26815304160118103,0.08798018842935562,0.35,0,0,600,FP32-token-IDs
RoBERTa,flwg6v,816,56,368,or,or,False,suicide intent,0.0005385281787217631,0.0005385281787217631,0.0599006712436676,0.060292769223451614,0.35,0,0,600,FP32-token-IDs
RoBERTa,flwg6v,816,56,368,or,or,False,worthlessness,-0.004983764891694119,0.004983764891694119,0.19792063534259796,0.020534489303827286,0.35,0,0,600,FP32-token-IDs
RoBERTa,flwg6v,816,57,4,.,.,False,anger,-0.0008321592210816195,0.0008321592210816195,0.15273357927799225,0.01919434778392315,0.35,0,0,600,FP32-token-IDs
RoBERTa,flwg6v,816,57,4,.,.,False,brain dysfunction (forget),-0.00044480812820521266,0.00044480812820521266,0.16686278581619263,0.10144035518169403,0.35,0,0,600,FP32-token-IDs
RoBERTa,flwg6v,816,57,4,.,.,False,emptiness,-0.004470960365596239,0.004470960365596239,0.14035357534885406,0.18389010429382324,0.35,0,0,600,FP32-token-IDs
RoBERTa,flwg6v,816,57,4,.,.,False,hopelessness,-0.005795668299588097,0.005795668299588097,0.2354770451784134,0.027007732540369034,0.35,0,0,600,FP32-token-IDs
RoBERTa,flwg6v,816,57,4,.,.,False,loneliness,0.0013745956201493355,0.0013745956201493355,0.49950695037841797,0.9456063508987427,0.35,1,1,600,FP32-token-IDs
RoBERTa,flwg6v,816,57,4,.,.,False,sadness,-0.007135573345200195,0.007135573345200195,0.26815304160118103,0.08798018842935562,0.35,0,0,600,FP32-token-IDs
RoBERTa,flwg6v,816,57,4,.,.,False,suicide intent,0.0005385281787217631,0.0005385281787217631,0.0599006712436676,0.060292769223451614,0.35,0,0,600,FP32-token-IDs
RoBERTa,flwg6v,816,57,4,.,.,False,worthlessness,-0.004983764891694119,0.004983764891694119,0.19792063534259796,0.020534489303827286,0.35,0,0,600,FP32-token-IDs
RoBERTa,flwg6v,816,58,40523,fm,fm,False,anger,0.0013743708846353305,0.0013743708846353305,0.15273357927799225,0.01919434778392315,0.35,0,0,600,FP32-token-IDs
RoBERTa,flwg6v,816,58,40523,fm,fm,False,brain dysfunction (forget),-0.001476594797956447,0.001476594797956447,0.16686278581619263,0.10144035518169403,0.35,0,0,600,FP32-token-IDs
RoBERTa,flwg6v,816,58,40523,fm,fm,False,emptiness,0.003982691645311813,0.003982691645311813,0.14035357534885406,0.18389010429382324,0.35,0,0,600,FP32-token-IDs
RoBERTa,flwg6v,816,58,40523,fm,fm,False,hopelessness,-0.002191895976041754,0.002191895976041754,0.2354770451784134,0.027007732540369034,0.35,0,0,600,FP32-token-IDs
RoBERTa,flwg6v,816,58,40523,fm,fm,False,loneliness,0.009318350969503323,0.009318350969503323,0.49950695037841797,0.9456063508987427,0.35,1,1,600,FP32-token-IDs
RoBERTa,flwg6v,816,58,40523,fm,fm,False,sadness,0.006057591495725016,0.006057591495725016,0.26815304160118103,0.08798018842935562,0.35,0,0,600,FP32-token-IDs
RoBERTa,flwg6v,816,58,40523,fm,fm,False,suicide intent,-0.0005686002880490075,0.0005686002880490075,0.0599006712436676,0.060292769223451614,0.35,0,0,600,FP32-token-IDs
RoBERTa,flwg6v,816,58,40523,fm,fm,False,worthlessness,-0.0026858987170271576,0.0026858987170271576,0.19792063534259796,0.020534489303827286,0.35,0,0,600,FP32-token-IDs
RoBERTa,flwg6v,816,59,73,/,/,False,anger,0.0013743708846353305,0.0013743708846353305,0.15273357927799225,0.01919434778392315,0.35,0,0,600,FP32-token-IDs
RoBERTa,flwg6v,816,59,73,/,/,False,brain dysfunction (forget),-0.001476594797956447,0.001476594797956447,0.16686278581619263,0.10144035518169403,0.35,0,0,600,FP32-token-IDs
RoBERTa,flwg6v,816,59,73,/,/,False,emptiness,0.003982691645311813,0.003982691645311813,0.14035357534885406,0.18389010429382324,0.35,0,0,600,FP32-token-IDs
RoBERTa,flwg6v,816,59,73,/,/,False,hopelessness,-0.002191895976041754,0.002191895976041754,0.2354770451784134,0.027007732540369034,0.35,0,0,600,FP32-token-IDs
RoBERTa,flwg6v,816,59,73,/,/,False,loneliness,0.009318350969503323,0.009318350969503323,0.49950695037841797,0.9456063508987427,0.35,1,1,600,FP32-token-IDs
RoBERTa,flwg6v,816,59,73,/,/,False,sadness,0.006057591495725016,0.006057591495725016,0.26815304160118103,0.08798018842935562,0.35,0,0,600,FP32-token-IDs
RoBERTa,flwg6v,816,59,73,/,/,False,suicide intent,-0.0005686002880490075,0.0005686002880490075,0.0599006712436676,0.060292769223451614,0.35,0,0,600,FP32-token-IDs
RoBERTa,flwg6v,816,59,73,/,/,False,worthlessness,-0.0026858987170271576,0.0026858987170271576,0.19792063534259796,0.020534489303827286,0.35,0,0,600,FP32-token-IDs
RoBERTa,flwg6v,816,60,1193,sh,sh,False,anger,0.0006731232599122449,0.0006731232599122449,0.15273357927799225,0.01919434778392315,0.35,0,0,600,FP32-token-IDs
RoBERTa,flwg6v,816,60,1193,sh,sh,False,brain dysfunction (forget),-0.0016823894189049802,0.0016823894189049802,0.16686278581619263,0.10144035518169403,0.35,0,0,600,FP32-token-IDs
RoBERTa,flwg6v,816,60,1193,sh,sh,False,emptiness,0.0016340582010646663,0.0016340582010646663,0.14035357534885406,0.18389010429382324,0.35,0,0,600,FP32-token-IDs
RoBERTa,flwg6v,816,60,1193,sh,sh,False,hopelessness,3.4546976288159715e-05,3.4546976288159715e-05,0.2354770451784134,0.027007732540369034,0.35,0,0,600,FP32-token-IDs
RoBERTa,flwg6v,816,60,1193,sh,sh,False,loneliness,0.004853877859810988,0.004853877859810988,0.49950695037841797,0.9456063508987427,0.35,1,1,600,FP32-token-IDs
RoBERTa,flwg6v,816,60,1193,sh,sh,False,sadness,0.007251819991506636,0.007251819991506636,0.26815304160118103,0.08798018842935562,0.35,0,0,600,FP32-token-IDs
RoBERTa,flwg6v,816,60,1193,sh,sh,False,suicide intent,-0.0009959208973062536,0.0009959208973062536,0.0599006712436676,0.060292769223451614,0.35,0,0,600,FP32-token-IDs
RoBERTa,flwg6v,816,60,1193,sh,sh,False,worthlessness,-0.0020775155823988217,0.0020775155823988217,0.19792063534259796,0.020534489303827286,0.35,0,0,600,FP32-token-IDs
RoBERTa,flwg6v,816,61,7381,aun,aun,False,anger,0.0006731232599122449,0.0006731232599122449,0.15273357927799225,0.01919434778392315,0.35,0,0,600,FP32-token-IDs
RoBERTa,flwg6v,816,61,7381,aun,aun,False,brain dysfunction (forget),-0.0016823894189049802,0.0016823894189049802,0.16686278581619263,0.10144035518169403,0.35,0,0,600,FP32-token-IDs
RoBERTa,flwg6v,816,61,7381,aun,aun,False,emptiness,0.0016340582010646663,0.0016340582010646663,0.14035357534885406,0.18389010429382324,0.35,0,0,600,FP32-token-IDs
RoBERTa,flwg6v,816,61,7381,aun,aun,False,hopelessness,3.4546976288159715e-05,3.4546976288159715e-05,0.2354770451784134,0.027007732540369034,0.35,0,0,600,FP32-token-IDs
RoBERTa,flwg6v,816,61,7381,aun,aun,False,loneliness,0.004853877859810988,0.004853877859810988,0.49950695037841797,0.9456063508987427,0.35,1,1,600,FP32-token-IDs
RoBERTa,flwg6v,816,61,7381,aun,aun,False,sadness,0.007251819991506636,0.007251819991506636,0.26815304160118103,0.08798018842935562,0.35,0,0,600,FP32-token-IDs
RoBERTa,flwg6v,816,61,7381,aun,aun,False,suicide intent,-0.0009959208973062536,0.0009959208973062536,0.0599006712436676,0.060292769223451614,0.35,0,0,600,FP32-token-IDs
RoBERTa,flwg6v,816,61,7381,aun,aun,False,worthlessness,-0.0020775155823988217,0.0020775155823988217,0.19792063534259796,0.020534489303827286,0.35,0,0,600,FP32-token-IDs
RoBERTa,flwg6v,816,62,12,-,-,False,anger,0.0006731232599122449,0.0006731232599122449,0.15273357927799225,0.01919434778392315,0.35,0,0,600,FP32-token-IDs
RoBERTa,flwg6v,816,62,12,-,-,False,brain dysfunction (forget),-0.0016823894189049802,0.0016823894189049802,0.16686278581619263,0.10144035518169403,0.35,0,0,600,FP32-token-IDs
RoBERTa,flwg6v,816,62,12,-,-,False,emptiness,0.0016340582010646663,0.0016340582010646663,0.14035357534885406,0.18389010429382324,0.35,0,0,600,FP32-token-IDs
RoBERTa,flwg6v,816,62,12,-,-,False,hopelessness,3.4546976288159715e-05,3.4546976288159715e-05,0.2354770451784134,0.027007732540369034,0.35,0,0,600,FP32-token-IDs
RoBERTa,flwg6v,816,62,12,-,-,False,loneliness,0.004853877859810988,0.004853877859810988,0.49950695037841797,0.9456063508987427,0.35,1,1,600,FP32-token-IDs
RoBERTa,flwg6v,816,62,12,-,-,False,sadness,0.007251819991506636,0.007251819991506636,0.26815304160118103,0.08798018842935562,0.35,0,0,600,FP32-token-IDs
RoBERTa,flwg6v,816,62,12,-,-,False,suicide intent,-0.0009959208973062536,0.0009959208973062536,0.0599006712436676,0.060292769223451614,0.35,0,0,600,FP32-token-IDs
RoBERTa,flwg6v,816,62,12,-,-,False,worthlessness,-0.0020775155823988217,0.0020775155823988217,0.19792063534259796,0.020534489303827286,0.35,0,0,600,FP32-token-IDs
RoBERTa,flwg6v,816,63,7254,don,don,False,anger,0.002014286214640985,0.002014286214640985,0.15273357927799225,0.01919434778392315,0.35,0,0,600,FP32-token-IDs
RoBERTa,flwg6v,816,63,7254,don,don,False,brain dysfunction (forget),0.0019586357908944287,0.0019586357908944287,0.16686278581619263,0.10144035518169403,0.35,0,0,600,FP32-token-IDs
RoBERTa,flwg6v,816,63,7254,don,don,False,emptiness,0.0010881699466456969,0.0010881699466456969,0.14035357534885406,0.18389010429382324,0.35,0,0,600,FP32-token-IDs
RoBERTa,flwg6v,816,63,7254,don,don,False,hopelessness,0.001251880234728257,0.001251880234728257,0.2354770451784134,0.027007732540369034,0.35,0,0,600,FP32-token-IDs
RoBERTa,flwg6v,816,63,7254,don,don,False,loneliness,0.0025423004602392516,0.0025423004602392516,0.49950695037841797,0.9456063508987427,0.35,1,1,600,FP32-token-IDs
RoBERTa,flwg6v,816,63,7254,don,don,False,sadness,0.009192432393319905,0.009192432393319905,0.26815304160118103,0.08798018842935562,0.35,0,0,600,FP32-token-IDs
RoBERTa,flwg6v,816,63,7254,don,don,False,suicide intent,6.436021067202091e-07,6.436021067202091e-07,0.0599006712436676,0.060292769223451614,0.35,0,0,600,FP32-token-IDs
RoBERTa,flwg6v,816,63,7254,don,don,False,worthlessness,-0.0007264350424520671,0.0007264350424520671,0.19792063534259796,0.020534489303827286,0.35,0,0,600,FP32-token-IDs
RoBERTa,flwg6v,816,64,7669,agh,agh,False,anger,0.002014286214640985,0.002014286214640985,0.15273357927799225,0.01919434778392315,0.35,0,0,600,FP32-token-IDs
RoBERTa,flwg6v,816,64,7669,agh,agh,False,brain dysfunction (forget),0.0019586357908944287,0.0019586357908944287,0.16686278581619263,0.10144035518169403,0.35,0,0,600,FP32-token-IDs
RoBERTa,flwg6v,816,64,7669,agh,agh,False,emptiness,0.0010881699466456969,0.0010881699466456969,0.14035357534885406,0.18389010429382324,0.35,0,0,600,FP32-token-IDs
RoBERTa,flwg6v,816,64,7669,agh,agh,False,hopelessness,0.001251880234728257,0.001251880234728257,0.2354770451784134,0.027007732540369034,0.35,0,0,600,FP32-token-IDs
RoBERTa,flwg6v,816,64,7669,agh,agh,False,loneliness,0.0025423004602392516,0.0025423004602392516,0.49950695037841797,0.9456063508987427,0.35,1,1,600,FP32-token-IDs
RoBERTa,flwg6v,816,64,7669,agh,agh,False,sadness,0.009192432393319905,0.009192432393319905,0.26815304160118103,0.08798018842935562,0.35,0,0,600,FP32-token-IDs
RoBERTa,flwg6v,816,64,7669,agh,agh,False,suicide intent,6.436021067202091e-07,6.436021067202091e-07,0.0599006712436676,0.060292769223451614,0.35,0,0,600,FP32-token-IDs
RoBERTa,flwg6v,816,64,7669,agh,agh,False,worthlessness,-0.0007264350424520671,0.0007264350424520671,0.19792063534259796,0.020534489303827286,0.35,0,0,600,FP32-token-IDs
RoBERTa,flwg6v,816,65,219,y,y,False,anger,0.002014286214640985,0.002014286214640985,0.15273357927799225,0.01919434778392315,0.35,0,0,600,FP32-token-IDs
RoBERTa,flwg6v,816,65,219,y,y,False,brain dysfunction (forget),0.0019586357908944287,0.0019586357908944287,0.16686278581619263,0.10144035518169403,0.35,0,0,600,FP32-token-IDs
RoBERTa,flwg6v,816,65,219,y,y,False,emptiness,0.0010881699466456969,0.0010881699466456969,0.14035357534885406,0.18389010429382324,0.35,0,0,600,FP32-token-IDs
RoBERTa,flwg6v,816,65,219,y,y,False,hopelessness,0.001251880234728257,0.001251880234728257,0.2354770451784134,0.027007732540369034,0.35,0,0,600,FP32-token-IDs
RoBERTa,flwg6v,816,65,219,y,y,False,loneliness,0.0025423004602392516,0.0025423004602392516,0.49950695037841797,0.9456063508987427,0.35,1,1,600,FP32-token-IDs
RoBERTa,flwg6v,816,65,219,y,y,False,sadness,0.009192432393319905,0.009192432393319905,0.26815304160118103,0.08798018842935562,0.35,0,0,600,FP32-token-IDs
RoBERTa,flwg6v,816,65,219,y,y,False,suicide intent,6.436021067202091e-07,6.436021067202091e-07,0.0599006712436676,0.060292769223451614,0.35,0,0,600,FP32-token-IDs
RoBERTa,flwg6v,816,65,219,y,y,False,worthlessness,-0.0007264350424520671,0.0007264350424520671,0.19792063534259796,0.020534489303827286,0.35,0,0,600,FP32-token-IDs
RoBERTa,flwg6v,816,66,73,/,/,False,anger,-0.0034585066605359316,0.0034585066605359316,0.15273357927799225,0.01919434778392315,0.35,0,0,600,FP32-token-IDs
RoBERTa,flwg6v,816,66,73,/,/,False,brain dysfunction (forget),-0.0029053722197810807,0.0029053722197810807,0.16686278581619263,0.10144035518169403,0.35,0,0,600,FP32-token-IDs
RoBERTa,flwg6v,816,66,73,/,/,False,emptiness,-0.0015953244486202796,0.0015953244486202796,0.14035357534885406,0.18389010429382324,0.35,0,0,600,FP32-token-IDs
RoBERTa,flwg6v,816,66,73,/,/,False,hopelessness,-0.004140668703864018,0.004140668703864018,0.2354770451784134,0.027007732540369034,0.35,0,0,600,FP32-token-IDs
RoBERTa,flwg6v,816,66,73,/,/,False,loneliness,0.006866099002460639,0.006866099002460639,0.49950695037841797,0.9456063508987427,0.35,1,1,600,FP32-token-IDs
RoBERTa,flwg6v,816,66,73,/,/,False,sadness,0.0038642120780423284,0.0038642120780423284,0.26815304160118103,0.08798018842935562,0.35,0,0,600,FP32-token-IDs
RoBERTa,flwg6v,816,66,73,/,/,False,suicide intent,-0.0015381305517318349,0.0015381305517318349,0.0599006712436676,0.060292769223451614,0.35,0,0,600,FP32-token-IDs
RoBERTa,flwg6v,816,66,73,/,/,False,worthlessness,-0.005888415675144643,0.005888415675144643,0.19792063534259796,0.020534489303827286,0.35,0,0,600,FP32-token-IDs
RoBERTa,flwg6v,816,67,2462,ep,ep,False,anger,-0.0034585066605359316,0.0034585066605359316,0.15273357927799225,0.01919434778392315,0.35,0,0,600,FP32-token-IDs
RoBERTa,flwg6v,816,67,2462,ep,ep,False,brain dysfunction (forget),-0.0029053722197810807,0.0029053722197810807,0.16686278581619263,0.10144035518169403,0.35,0,0,600,FP32-token-IDs
RoBERTa,flwg6v,816,67,2462,ep,ep,False,emptiness,-0.0015953244486202796,0.0015953244486202796,0.14035357534885406,0.18389010429382324,0.35,0,0,600,FP32-token-IDs
RoBERTa,flwg6v,816,67,2462,ep,ep,False,hopelessness,-0.004140668703864018,0.004140668703864018,0.2354770451784134,0.027007732540369034,0.35,0,0,600,FP32-token-IDs
RoBERTa,flwg6v,816,67,2462,ep,ep,False,loneliness,0.006866099002460639,0.006866099002460639,0.49950695037841797,0.9456063508987427,0.35,1,1,600,FP32-token-IDs
RoBERTa,flwg6v,816,67,2462,ep,ep,False,sadness,0.0038642120780423284,0.0038642120780423284,0.26815304160118103,0.08798018842935562,0.35,0,0,600,FP32-token-IDs
RoBERTa,flwg6v,816,67,2462,ep,ep,False,suicide intent,-0.0015381305517318349,0.0015381305517318349,0.0599006712436676,0.060292769223451614,0.35,0,0,600,FP32-token-IDs
RoBERTa,flwg6v,816,67,2462,ep,ep,False,worthlessness,-0.005888415675144643,0.005888415675144643,0.19792063534259796,0.020534489303827286,0.35,0,0,600,FP32-token-IDs
RoBERTa,flwg6v,816,68,42722,isodes,isodes,False,anger,-0.0034585066605359316,0.0034585066605359316,0.15273357927799225,0.01919434778392315,0.35,0,0,600,FP32-token-IDs
RoBERTa,flwg6v,816,68,42722,isodes,isodes,False,brain dysfunction (forget),-0.0029053722197810807,0.0029053722197810807,0.16686278581619263,0.10144035518169403,0.35,0,0,600,FP32-token-IDs
RoBERTa,flwg6v,816,68,42722,isodes,isodes,False,emptiness,-0.0015953244486202796,0.0015953244486202796,0.14035357534885406,0.18389010429382324,0.35,0,0,600,FP32-token-IDs
RoBERTa,flwg6v,816,68,42722,isodes,isodes,False,hopelessness,-0.004140668703864018,0.004140668703864018,0.2354770451784134,0.027007732540369034,0.35,0,0,600,FP32-token-IDs
RoBERTa,flwg6v,816,68,42722,isodes,isodes,False,loneliness,0.006866099002460639,0.006866099002460639,0.49950695037841797,0.9456063508987427,0.35,1,1,600,FP32-token-IDs
RoBERTa,flwg6v,816,68,42722,isodes,isodes,False,sadness,0.0038642120780423284,0.0038642120780423284,0.26815304160118103,0.08798018842935562,0.35,0,0,600,FP32-token-IDs
RoBERTa,flwg6v,816,68,42722,isodes,isodes,False,suicide intent,-0.0015381305517318349,0.0015381305517318349,0.0599006712436676,0.060292769223451614,0.35,0,0,600,FP32-token-IDs
RoBERTa,flwg6v,816,68,42722,isodes,isodes,False,worthlessness,-0.005888415675144643,0.005888415675144643,0.19792063534259796,0.020534489303827286,0.35,0,0,600,FP32-token-IDs
RoBERTa,flwg6v,816,69,73,/,/,False,anger,-0.01724385520234743,0.01724385520234743,0.15273357927799225,0.01919434778392315,0.35,0,0,600,FP32-token-IDs
RoBERTa,flwg6v,816,69,73,/,/,False,brain dysfunction (forget),-0.01695922661262254,0.01695922661262254,0.16686278581619263,0.10144035518169403,0.35,0,0,600,FP32-token-IDs
RoBERTa,flwg6v,816,69,73,/,/,False,emptiness,0.02790260553592816,0.02790260553592816,0.14035357534885406,0.18389010429382324,0.35,0,0,600,FP32-token-IDs
RoBERTa,flwg6v,816,69,73,/,/,False,hopelessness,0.03478902768498907,0.03478902768498907,0.2354770451784134,0.027007732540369034,0.35,0,0,600,FP32-token-IDs
RoBERTa,flwg6v,816,69,73,/,/,False,loneliness,0.05252101470250636,0.05252101470250636,0.49950695037841797,0.9456063508987427,0.35,1,1,600,FP32-token-IDs
RoBERTa,flwg6v,816,69,73,/,/,False,sadness,0.05025285548375299,0.05025285548375299,0.26815304160118103,0.08798018842935562,0.35,0,0,600,FP32-token-IDs
RoBERTa,flwg6v,816,69,73,/,/,False,suicide intent,-0.00311526664881967,0.00311526664881967,0.0599006712436676,0.060292769223451614,0.35,0,0,600,FP32-token-IDs
RoBERTa,flwg6v,816,69,73,/,/,False,worthlessness,0.0018346990885523458,0.0018346990885523458,0.19792063534259796,0.020534489303827286,0.35,0,0,600,FP32-token-IDs
RoBERTa,flwg6v,816,70,574,L,l,False,anger,-0.01724385520234743,0.01724385520234743,0.15273357927799225,0.01919434778392315,0.35,0,0,600,FP32-token-IDs
RoBERTa,flwg6v,816,70,574,L,l,False,brain dysfunction (forget),-0.01695922661262254,0.01695922661262254,0.16686278581619263,0.10144035518169403,0.35,0,0,600,FP32-token-IDs
RoBERTa,flwg6v,816,70,574,L,l,False,emptiness,0.02790260553592816,0.02790260553592816,0.14035357534885406,0.18389010429382324,0.35,0,0,600,FP32-token-IDs
RoBERTa,flwg6v,816,70,574,L,l,False,hopelessness,0.03478902768498907,0.03478902768498907,0.2354770451784134,0.027007732540369034,0.35,0,0,600,FP32-token-IDs
RoBERTa,flwg6v,816,70,574,L,l,False,loneliness,0.05252101470250636,0.05252101470250636,0.49950695037841797,0.9456063508987427,0.35,1,1,600,FP32-token-IDs
RoBERTa,flwg6v,816,70,574,L,l,False,sadness,0.05025285548375299,0.05025285548375299,0.26815304160118103,0.08798018842935562,0.35,0,0,600,FP32-token-IDs
RoBERTa,flwg6v,816,70,574,L,l,False,suicide intent,-0.00311526664881967,0.00311526664881967,0.0599006712436676,0.060292769223451614,0.35,0,0,600,FP32-token-IDs
RoBERTa,flwg6v,816,70,574,L,l,False,worthlessness,0.0018346990885523458,0.0018346990885523458,0.19792063534259796,0.020534489303827286,0.35,0,0,600,FP32-token-IDs
RoBERTa,flwg6v,816,71,46292,oneliness,oneliness,False,anger,-0.01724385520234743,0.01724385520234743,0.15273357927799225,0.01919434778392315,0.35,0,0,600,FP32-token-IDs
RoBERTa,flwg6v,816,71,46292,oneliness,oneliness,False,brain dysfunction (forget),-0.01695922661262254,0.01695922661262254,0.16686278581619263,0.10144035518169403,0.35,0,0,600,FP32-token-IDs
RoBERTa,flwg6v,816,71,46292,oneliness,oneliness,False,emptiness,0.02790260553592816,0.02790260553592816,0.14035357534885406,0.18389010429382324,0.35,0,0,600,FP32-token-IDs
RoBERTa,flwg6v,816,71,46292,oneliness,oneliness,False,hopelessness,0.03478902768498907,0.03478902768498907,0.2354770451784134,0.027007732540369034,0.35,0,0,600,FP32-token-IDs
RoBERTa,flwg6v,816,71,46292,oneliness,oneliness,False,loneliness,0.05252101470250636,0.05252101470250636,0.49950695037841797,0.9456063508987427,0.35,1,1,600,FP32-token-IDs
RoBERTa,flwg6v,816,71,46292,oneliness,oneliness,False,sadness,0.05025285548375299,0.05025285548375299,0.26815304160118103,0.08798018842935562,0.35,0,0,600,FP32-token-IDs
RoBERTa,flwg6v,816,71,46292,oneliness,oneliness,False,suicide intent,-0.00311526664881967,0.00311526664881967,0.0599006712436676,0.060292769223451614,0.35,0,0,600,FP32-token-IDs
RoBERTa,flwg6v,816,71,46292,oneliness,oneliness,False,worthlessness,0.0018346990885523458,0.0018346990885523458,0.19792063534259796,0.020534489303827286,0.35,0,0,600,FP32-token-IDs
RoBERTa,flwg6v,816,72,5579,--,--,False,anger,-0.0034708220688723186,0.0034708220688723186,0.15273357927799225,0.01919434778392315,0.35,0,0,600,FP32-token-IDs
RoBERTa,flwg6v,816,72,5579,--,--,False,brain dysfunction (forget),0.0019446025447299085,0.0019446025447299085,0.16686278581619263,0.10144035518169403,0.35,0,0,600,FP32-token-IDs
RoBERTa,flwg6v,816,72,5579,--,--,False,emptiness,0.018649415093629308,0.018649415093629308,0.14035357534885406,0.18389010429382324,0.35,0,0,600,FP32-token-IDs
RoBERTa,flwg6v,816,72,5579,--,--,False,hopelessness,0.03857598271376143,0.03857598271376143,0.2354770451784134,0.027007732540369034,0.35,0,0,600,FP32-token-IDs
RoBERTa,flwg6v,816,72,5579,--,--,False,loneliness,0.0116062171679611,0.0116062171679611,0.49950695037841797,0.9456063508987427,0.35,1,1,600,FP32-token-IDs
RoBERTa,flwg6v,816,72,5579,--,--,False,sadness,0.025718280618699886,0.025718280618699886,0.26815304160118103,0.08798018842935562,0.35,0,0,600,FP32-token-IDs
RoBERTa,flwg6v,816,72,5579,--,--,False,suicide intent,0.0008237077757560959,0.0008237077757560959,0.0599006712436676,0.060292769223451614,0.35,0,0,600,FP32-token-IDs
RoBERTa,flwg6v,816,72,5579,--,--,False,worthlessness,0.01086853357264772,0.01086853357264772,0.19792063534259796,0.020534489303827286,0.35,0,0,600,FP32-token-IDs
RoBERTa,flwg6v,816,73,7215,cor,cor,False,anger,0.002146814681812733,0.002146814681812733,0.15273357927799225,0.01919434778392315,0.35,0,0,600,FP32-token-IDs
RoBERTa,flwg6v,816,73,7215,cor,cor,False,brain dysfunction (forget),0.004136433902507028,0.004136433902507028,0.16686278581619263,0.10144035518169403,0.35,0,0,600,FP32-token-IDs
RoBERTa,flwg6v,816,73,7215,cor,cor,False,emptiness,-0.00925613307238867,0.00925613307238867,0.14035357534885406,0.18389010429382324,0.35,0,0,600,FP32-token-IDs
RoBERTa,flwg6v,816,73,7215,cor,cor,False,hopelessness,0.0038699076200524964,0.0038699076200524964,0.2354770451784134,0.027007732540369034,0.35,0,0,600,FP32-token-IDs
RoBERTa,flwg6v,816,73,7215,cor,cor,False,loneliness,-0.02655295255438735,0.02655295255438735,0.49950695037841797,0.9456063508987427,0.35,1,1,600,FP32-token-IDs
RoBERTa,flwg6v,816,73,7215,cor,cor,False,sadness,0.0036667021146665015,0.0036667021146665015,0.26815304160118103,0.08798018842935562,0.35,0,0,600,FP32-token-IDs
RoBERTa,flwg6v,816,73,7215,cor,cor,False,suicide intent,-0.0002607076991504679,0.0002607076991504679,0.0599006712436676,0.060292769223451614,0.35,0,0,600,FP32-token-IDs
RoBERTa,flwg6v,816,73,7215,cor,cor,False,worthlessness,3.97452968172729e-05,3.97452968172729e-05,0.19792063534259796,0.020534489303827286,0.35,0,0,600,FP32-token-IDs
RoBERTa,flwg6v,816,74,261,on,on,False,anger,0.002146814681812733,0.002146814681812733,0.15273357927799225,0.01919434778392315,0.35,0,0,600,FP32-token-IDs
RoBERTa,flwg6v,816,74,261,on,on,False,brain dysfunction (forget),0.004136433902507028,0.004136433902507028,0.16686278581619263,0.10144035518169403,0.35,0,0,600,FP32-token-IDs
RoBERTa,flwg6v,816,74,261,on,on,False,emptiness,-0.00925613307238867,0.00925613307238867,0.14035357534885406,0.18389010429382324,0.35,0,0,600,FP32-token-IDs
RoBERTa,flwg6v,816,74,261,on,on,False,hopelessness,0.0038699076200524964,0.0038699076200524964,0.2354770451784134,0.027007732540369034,0.35,0,0,600,FP32-token-IDs
RoBERTa,flwg6v,816,74,261,on,on,False,loneliness,-0.02655295255438735,0.02655295255438735,0.49950695037841797,0.9456063508987427,0.35,1,1,600,FP32-token-IDs
RoBERTa,flwg6v,816,74,261,on,on,False,sadness,0.0036667021146665015,0.0036667021146665015,0.26815304160118103,0.08798018842935562,0.35,0,0,600,FP32-token-IDs
RoBERTa,flwg6v,816,74,261,on,on,False,suicide intent,-0.0002607076991504679,0.0002607076991504679,0.0599006712436676,0.060292769223451614,0.35,0,0,600,FP32-token-IDs
RoBERTa,flwg6v,816,74,261,on,on,False,worthlessness,3.97452968172729e-05,3.97452968172729e-05,0.19792063534259796,0.020534489303827286,0.35,0,0,600,FP32-token-IDs
RoBERTa,flwg6v,816,75,1469,av,av,False,anger,0.002164091152129307,0.002164091152129307,0.15273357927799225,0.01919434778392315,0.35,0,0,600,FP32-token-IDs
RoBERTa,flwg6v,816,75,1469,av,av,False,brain dysfunction (forget),0.005946800190334519,0.005946800190334519,0.16686278581619263,0.10144035518169403,0.35,0,0,600,FP32-token-IDs
RoBERTa,flwg6v,816,75,1469,av,av,False,emptiness,-0.011113087375027439,0.011113087375027439,0.14035357534885406,0.18389010429382324,0.35,0,0,600,FP32-token-IDs
RoBERTa,flwg6v,816,75,1469,av,av,False,hopelessness,0.005159947477901975,0.005159947477901975,0.2354770451784134,0.027007732540369034,0.35,0,0,600,FP32-token-IDs
RoBERTa,flwg6v,816,75,1469,av,av,False,loneliness,-0.03261936382235338,0.03261936382235338,0.49950695037841797,0.9456063508987427,0.35,1,1,600,FP32-token-IDs
RoBERTa,flwg6v,816,75,1469,av,av,False,sadness,0.004187510736907521,0.004187510736907521,0.26815304160118103,0.08798018842935562,0.35,0,0,600,FP32-token-IDs
RoBERTa,flwg6v,816,75,1469,av,av,False,suicide intent,-0.00021199359131666518,0.00021199359131666518,0.0599006712436676,0.060292769223451614,0.35,0,0,600,FP32-token-IDs
RoBERTa,flwg6v,816,75,1469,av,av,False,worthlessness,0.0003794909571297467,0.0003794909571297467,0.19792063534259796,0.020534489303827286,0.35,0,0,600,FP32-token-IDs
RoBERTa,flwg6v,816,76,19473,irus,irus,False,anger,0.002164091152129307,0.002164091152129307,0.15273357927799225,0.01919434778392315,0.35,0,0,600,FP32-token-IDs
RoBERTa,flwg6v,816,76,19473,irus,irus,False,brain dysfunction (forget),0.005946800190334519,0.005946800190334519,0.16686278581619263,0.10144035518169403,0.35,0,0,600,FP32-token-IDs
RoBERTa,flwg6v,816,76,19473,irus,irus,False,emptiness,-0.011113087375027439,0.011113087375027439,0.14035357534885406,0.18389010429382324,0.35,0,0,600,FP32-token-IDs
RoBERTa,flwg6v,816,76,19473,irus,irus,False,hopelessness,0.005159947477901975,0.005159947477901975,0.2354770451784134,0.027007732540369034,0.35,0,0,600,FP32-token-IDs
RoBERTa,flwg6v,816,76,19473,irus,irus,False,loneliness,-0.03261936382235338,0.03261936382235338,0.49950695037841797,0.9456063508987427,0.35,1,1,600,FP32-token-IDs
RoBERTa,flwg6v,816,76,19473,irus,irus,False,sadness,0.004187510736907521,0.004187510736907521,0.26815304160118103,0.08798018842935562,0.35,0,0,600,FP32-token-IDs
RoBERTa,flwg6v,816,76,19473,irus,irus,False,suicide intent,-0.00021199359131666518,0.00021199359131666518,0.0599006712436676,0.060292769223451614,0.35,0,0,600,FP32-token-IDs
RoBERTa,flwg6v,816,76,19473,irus,irus,False,worthlessness,0.0003794909571297467,0.0003794909571297467,0.19792063534259796,0.020534489303827286,0.35,0,0,600,FP32-token-IDs
RoBERTa,flwg6v,816,77,12,-,-,False,anger,-0.003727396498046194,0.003727396498046194,0.15273357927799225,0.01919434778392315,0.35,0,0,600,FP32-token-IDs
RoBERTa,flwg6v,816,77,12,-,-,False,brain dysfunction (forget),-0.008909098101624598,0.008909098101624598,0.16686278581619263,0.10144035518169403,0.35,0,0,600,FP32-token-IDs
RoBERTa,flwg6v,816,77,12,-,-,False,emptiness,0.004702544922474772,0.004702544922474772,0.14035357534885406,0.18389010429382324,0.35,0,0,600,FP32-token-IDs
RoBERTa,flwg6v,816,77,12,-,-,False,hopelessness,-0.00511551438830793,0.00511551438830793,0.2354770451784134,0.027007732540369034,0.35,0,0,600,FP32-token-IDs
RoBERTa,flwg6v,816,77,12,-,-,False,loneliness,0.02160039188650747,0.02160039188650747,0.49950695037841797,0.9456063508987427,0.35,1,1,600,FP32-token-IDs
RoBERTa,flwg6v,816,77,12,-,-,False,sadness,0.013220313719163337,0.013220313719163337,0.26815304160118103,0.08798018842935562,0.35,0,0,600,FP32-token-IDs
RoBERTa,flwg6v,816,77,12,-,-,False,suicide intent,-0.0005311623943271115,0.0005311623943271115,0.0599006712436676,0.060292769223451614,0.35,0,0,600,FP32-token-IDs
RoBERTa,flwg6v,816,77,12,-,-,False,worthlessness,-0.005314538367868711,0.005314538367868711,0.19792063534259796,0.020534489303827286,0.35,0,0,600,FP32-token-IDs
RoBERTa,flwg6v,816,78,354,is,is,False,anger,-0.003727396498046194,0.003727396498046194,0.15273357927799225,0.01919434778392315,0.35,0,0,600,FP32-token-IDs
RoBERTa,flwg6v,816,78,354,is,is,False,brain dysfunction (forget),-0.008909098101624598,0.008909098101624598,0.16686278581619263,0.10144035518169403,0.35,0,0,600,FP32-token-IDs
RoBERTa,flwg6v,816,78,354,is,is,False,emptiness,0.004702544922474772,0.004702544922474772,0.14035357534885406,0.18389010429382324,0.35,0,0,600,FP32-token-IDs
RoBERTa,flwg6v,816,78,354,is,is,False,hopelessness,-0.00511551438830793,0.00511551438830793,0.2354770451784134,0.027007732540369034,0.35,0,0,600,FP32-token-IDs
RoBERTa,flwg6v,816,78,354,is,is,False,loneliness,0.02160039188650747,0.02160039188650747,0.49950695037841797,0.9456063508987427,0.35,1,1,600,FP32-token-IDs
RoBERTa,flwg6v,816,78,354,is,is,False,sadness,0.013220313719163337,0.013220313719163337,0.26815304160118103,0.08798018842935562,0.35,0,0,600,FP32-token-IDs
RoBERTa,flwg6v,816,78,354,is,is,False,suicide intent,-0.0005311623943271115,0.0005311623943271115,0.0599006712436676,0.060292769223451614,0.35,0,0,600,FP32-token-IDs
RoBERTa,flwg6v,816,78,354,is,is,False,worthlessness,-0.005314538367868711,0.005314538367868711,0.19792063534259796,0.020534489303827286,0.35,0,0,600,FP32-token-IDs
RoBERTa,flwg6v,816,79,35626,olation,olation,False,anger,-0.003727396498046194,0.003727396498046194,0.15273357927799225,0.01919434778392315,0.35,0,0,600,FP32-token-IDs
RoBERTa,flwg6v,816,79,35626,olation,olation,False,brain dysfunction (forget),-0.008909098101624598,0.008909098101624598,0.16686278581619263,0.10144035518169403,0.35,0,0,600,FP32-token-IDs
RoBERTa,flwg6v,816,79,35626,olation,olation,False,emptiness,0.004702544922474772,0.004702544922474772,0.14035357534885406,0.18389010429382324,0.35,0,0,600,FP32-token-IDs
RoBERTa,flwg6v,816,79,35626,olation,olation,False,hopelessness,-0.00511551438830793,0.00511551438830793,0.2354770451784134,0.027007732540369034,0.35,0,0,600,FP32-token-IDs
RoBERTa,flwg6v,816,79,35626,olation,olation,False,loneliness,0.02160039188650747,0.02160039188650747,0.49950695037841797,0.9456063508987427,0.35,1,1,600,FP32-token-IDs
RoBERTa,flwg6v,816,79,35626,olation,olation,False,sadness,0.013220313719163337,0.013220313719163337,0.26815304160118103,0.08798018842935562,0.35,0,0,600,FP32-token-IDs
RoBERTa,flwg6v,816,79,35626,olation,olation,False,suicide intent,-0.0005311623943271115,0.0005311623943271115,0.0599006712436676,0.060292769223451614,0.35,0,0,600,FP32-token-IDs
RoBERTa,flwg6v,816,79,35626,olation,olation,False,worthlessness,-0.005314538367868711,0.005314538367868711,0.19792063534259796,0.020534489303827286,0.35,0,0,600,FP32-token-IDs
RoBERTa,flwg6v,816,80,12,-,-,False,anger,-0.0027216277997164674,0.0027216277997164674,0.15273357927799225,0.01919434778392315,0.35,0,0,600,FP32-token-IDs
RoBERTa,flwg6v,816,80,12,-,-,False,brain dysfunction (forget),-0.006299169807850073,0.006299169807850073,0.16686278581619263,0.10144035518169403,0.35,0,0,600,FP32-token-IDs
RoBERTa,flwg6v,816,80,12,-,-,False,emptiness,-0.0008553119104666015,0.0008553119104666015,0.14035357534885406,0.18389010429382324,0.35,0,0,600,FP32-token-IDs
RoBERTa,flwg6v,816,80,12,-,-,False,hopelessness,-0.005679935760175189,0.005679935760175189,0.2354770451784134,0.027007732540369034,0.35,0,0,600,FP32-token-IDs
RoBERTa,flwg6v,816,80,12,-,-,False,loneliness,0.0080038216120253,0.0080038216120253,0.49950695037841797,0.9456063508987427,0.35,1,1,600,FP32-token-IDs
RoBERTa,flwg6v,816,80,12,-,-,False,sadness,0.010562392665694156,0.010562392665694156,0.26815304160118103,0.08798018842935562,0.35,0,0,600,FP32-token-IDs
RoBERTa,flwg6v,816,80,12,-,-,False,suicide intent,-0.00025834650247513004,0.00025834650247513004,0.0599006712436676,0.060292769223451614,0.35,0,0,600,FP32-token-IDs
RoBERTa,flwg6v,816,80,12,-,-,False,worthlessness,-0.00543771059019491,0.00543771059019491,0.19792063534259796,0.020534489303827286,0.35,0,0,600,FP32-token-IDs
RoBERTa,flwg6v,816,81,463,and,and,False,anger,-0.0017218668401862184,0.0017218668401862184,0.15273357927799225,0.01919434778392315,0.35,0,0,600,FP32-token-IDs
RoBERTa,flwg6v,816,81,463,and,and,False,brain dysfunction (forget),-0.003942922238881389,0.003942922238881389,0.16686278581619263,0.10144035518169403,0.35,0,0,600,FP32-token-IDs
RoBERTa,flwg6v,816,81,463,and,and,False,emptiness,-0.003258375668277343,0.003258375668277343,0.14035357534885406,0.18389010429382324,0.35,0,0,600,FP32-token-IDs
RoBERTa,flwg6v,816,81,463,and,and,False,hopelessness,-0.003723509920140108,0.003723509920140108,0.2354770451784134,0.027007732540369034,0.35,0,0,600,FP32-token-IDs
RoBERTa,flwg6v,816,81,463,and,and,False,loneliness,-0.002393846617390712,0.002393846617390712,0.49950695037841797,0.9456063508987427,0.35,1,1,600,FP32-token-IDs
RoBERTa,flwg6v,816,81,463,and,and,False,sadness,0.007148595425921182,0.007148595425921182,0.26815304160118103,0.08798018842935562,0.35,0,0,600,FP32-token-IDs
RoBERTa,flwg6v,816,81,463,and,and,False,suicide intent,-8.59381902652482e-05,8.59381902652482e-05,0.0599006712436676,0.060292769223451614,0.35,0,0,600,FP32-token-IDs
RoBERTa,flwg6v,816,81,463,and,and,False,worthlessness,-0.0019337172037921847,0.0019337172037921847,0.19792063534259796,0.020534489303827286,0.35,0,0,600,FP32-token-IDs
RoBERTa,flwg6v,816,82,12,-,-,False,anger,-0.005542338924715296,0.005542338924715296,0.15273357927799225,0.01919434778392315,0.35,0,0,600,FP32-token-IDs
RoBERTa,flwg6v,816,82,12,-,-,False,brain dysfunction (forget),0.0091355184558779,0.0091355184558779,0.16686278581619263,0.10144035518169403,0.35,0,0,600,FP32-token-IDs
RoBERTa,flwg6v,816,82,12,-,-,False,emptiness,0.008278206619434058,0.008278206619434058,0.14035357534885406,0.18389010429382324,0.35,0,0,600,FP32-token-IDs
RoBERTa,flwg6v,816,82,12,-,-,False,hopelessness,-0.0007259893231093883,0.0007259893231093883,0.2354770451784134,0.027007732540369034,0.35,0,0,600,FP32-token-IDs
RoBERTa,flwg6v,816,82,12,-,-,False,loneliness,0.004615352489054203,0.004615352489054203,0.49950695037841797,0.9456063508987427,0.35,1,1,600,FP32-token-IDs
RoBERTa,flwg6v,816,82,12,-,-,False,sadness,-0.008655317791271955,0.008655317791271955,0.26815304160118103,0.08798018842935562,0.35,0,0,600,FP32-token-IDs
RoBERTa,flwg6v,816,82,12,-,-,False,suicide intent,0.0012509068357758224,0.0012509068357758224,0.0599006712436676,0.060292769223451614,0.35,0,0,600,FP32-token-IDs
RoBERTa,flwg6v,816,82,12,-,-,False,worthlessness,0.0035196049895603212,0.0035196049895603212,0.19792063534259796,0.020534489303827286,0.35,0,0,600,FP32-token-IDs
RoBERTa,flwg6v,816,83,28583,mind,mind,False,anger,-0.005542338924715296,0.005542338924715296,0.15273357927799225,0.01919434778392315,0.35,0,0,600,FP32-token-IDs
RoBERTa,flwg6v,816,83,28583,mind,mind,False,brain dysfunction (forget),0.0091355184558779,0.0091355184558779,0.16686278581619263,0.10144035518169403,0.35,0,0,600,FP32-token-IDs
RoBERTa,flwg6v,816,83,28583,mind,mind,False,emptiness,0.008278206619434058,0.008278206619434058,0.14035357534885406,0.18389010429382324,0.35,0,0,600,FP32-token-IDs
RoBERTa,flwg6v,816,83,28583,mind,mind,False,hopelessness,-0.0007259893231093883,0.0007259893231093883,0.2354770451784134,0.027007732540369034,0.35,0,0,600,FP32-token-IDs
RoBERTa,flwg6v,816,83,28583,mind,mind,False,loneliness,0.004615352489054203,0.004615352489054203,0.49950695037841797,0.9456063508987427,0.35,1,1,600,FP32-token-IDs
RoBERTa,flwg6v,816,83,28583,mind,mind,False,sadness,-0.008655317791271955,0.008655317791271955,0.26815304160118103,0.08798018842935562,0.35,0,0,600,FP32-token-IDs
RoBERTa,flwg6v,816,83,28583,mind,mind,False,suicide intent,0.0012509068357758224,0.0012509068357758224,0.0599006712436676,0.060292769223451614,0.35,0,0,600,FP32-token-IDs
RoBERTa,flwg6v,816,83,28583,mind,mind,False,worthlessness,0.0035196049895603212,0.0035196049895603212,0.19792063534259796,0.020534489303827286,0.35,0,0,600,FP32-token-IDs
RoBERTa,flwg6v,816,84,21843,fulness,fulness,False,anger,-0.005542338924715296,0.005542338924715296,0.15273357927799225,0.01919434778392315,0.35,0,0,600,FP32-token-IDs
RoBERTa,flwg6v,816,84,21843,fulness,fulness,False,brain dysfunction (forget),0.0091355184558779,0.0091355184558779,0.16686278581619263,0.10144035518169403,0.35,0,0,600,FP32-token-IDs
RoBERTa,flwg6v,816,84,21843,fulness,fulness,False,emptiness,0.008278206619434058,0.008278206619434058,0.14035357534885406,0.18389010429382324,0.35,0,0,600,FP32-token-IDs
RoBERTa,flwg6v,816,84,21843,fulness,fulness,False,hopelessness,-0.0007259893231093883,0.0007259893231093883,0.2354770451784134,0.027007732540369034,0.35,0,0,600,FP32-token-IDs
RoBERTa,flwg6v,816,84,21843,fulness,fulness,False,loneliness,0.004615352489054203,0.004615352489054203,0.49950695037841797,0.9456063508987427,0.35,1,1,600,FP32-token-IDs
RoBERTa,flwg6v,816,84,21843,fulness,fulness,False,sadness,-0.008655317791271955,0.008655317791271955,0.26815304160118103,0.08798018842935562,0.35,0,0,600,FP32-token-IDs
RoBERTa,flwg6v,816,84,21843,fulness,fulness,False,suicide intent,0.0012509068357758224,0.0012509068357758224,0.0599006712436676,0.060292769223451614,0.35,0,0,600,FP32-token-IDs
RoBERTa,flwg6v,816,84,21843,fulness,fulness,False,worthlessness,0.0035196049895603212,0.0035196049895603212,0.19792063534259796,0.020534489303827286,0.35,0,0,600,FP32-token-IDs
RoBERTa,flwg6v,816,85,24965,---,---,False,anger,-0.005542338924715296,0.005542338924715296,0.15273357927799225,0.01919434778392315,0.35,0,0,600,FP32-token-IDs
RoBERTa,flwg6v,816,85,24965,---,---,False,brain dysfunction (forget),0.0091355184558779,0.0091355184558779,0.16686278581619263,0.10144035518169403,0.35,0,0,600,FP32-token-IDs
RoBERTa,flwg6v,816,85,24965,---,---,False,emptiness,0.00827820661943406,0.00827820661943406,0.14035357534885406,0.18389010429382324,0.35,0,0,600,FP32-token-IDs
RoBERTa,flwg6v,816,85,24965,---,---,False,hopelessness,-0.0007259893231093883,0.0007259893231093883,0.2354770451784134,0.027007732540369034,0.35,0,0,600,FP32-token-IDs
RoBERTa,flwg6v,816,85,24965,---,---,False,loneliness,0.004615352489054203,0.004615352489054203,0.49950695037841797,0.9456063508987427,0.35,1,1,600,FP32-token-IDs
RoBERTa,flwg6v,816,85,24965,---,---,False,sadness,-0.008655317791271955,0.008655317791271955,0.26815304160118103,0.08798018842935562,0.35,0,0,600,FP32-token-IDs
RoBERTa,flwg6v,816,85,24965,---,---,False,suicide intent,0.0012509068357758224,0.0012509068357758224,0.0599006712436676,0.060292769223451614,0.35,0,0,600,FP32-token-IDs
RoBERTa,flwg6v,816,85,24965,---,---,False,worthlessness,0.003519604989560321,0.003519604989560321,0.19792063534259796,0.020534489303827286,0.35,0,0,600,FP32-token-IDs
RoBERTa,flwg6v,816,86,5632,with,with,False,anger,-0.005542338924715296,0.005542338924715296,0.15273357927799225,0.01919434778392315,0.35,0,0,600,FP32-token-IDs
RoBERTa,flwg6v,816,86,5632,with,with,False,brain dysfunction (forget),0.0091355184558779,0.0091355184558779,0.16686278581619263,0.10144035518169403,0.35,0,0,600,FP32-token-IDs
RoBERTa,flwg6v,816,86,5632,with,with,False,emptiness,0.00827820661943406,0.00827820661943406,0.14035357534885406,0.18389010429382324,0.35,0,0,600,FP32-token-IDs
RoBERTa,flwg6v,816,86,5632,with,with,False,hopelessness,-0.0007259893231093883,0.0007259893231093883,0.2354770451784134,0.027007732540369034,0.35,0,0,600,FP32-token-IDs
RoBERTa,flwg6v,816,86,5632,with,with,False,loneliness,0.004615352489054203,0.004615352489054203,0.49950695037841797,0.9456063508987427,0.35,1,1,600,FP32-token-IDs
RoBERTa,flwg6v,816,86,5632,with,with,False,sadness,-0.008655317791271955,0.008655317791271955,0.26815304160118103,0.08798018842935562,0.35,0,0,600,FP32-token-IDs
RoBERTa,flwg6v,816,86,5632,with,with,False,suicide intent,0.0012509068357758224,0.0012509068357758224,0.0599006712436676,0.060292769223451614,0.35,0,0,600,FP32-token-IDs
RoBERTa,flwg6v,816,86,5632,with,with,False,worthlessness,0.003519604989560321,0.003519604989560321,0.19792063534259796,0.020534489303827286,0.35,0,0,600,FP32-token-IDs
RoBERTa,flwg6v,816,87,12,-,-,False,anger,-5.250150085582087e-05,5.250150085582087e-05,0.15273357927799225,0.01919434778392315,0.35,0,0,600,FP32-token-IDs
RoBERTa,flwg6v,816,87,12,-,-,False,brain dysfunction (forget),0.003605236609776815,0.003605236609776815,0.16686278581619263,0.10144035518169403,0.35,0,0,600,FP32-token-IDs
RoBERTa,flwg6v,816,87,12,-,-,False,emptiness,0.0002655155258253217,0.0002655155258253217,0.14035357534885406,0.18389010429382324,0.35,0,0,600,FP32-token-IDs
RoBERTa,flwg6v,816,87,12,-,-,False,hopelessness,-0.00032907600204149884,0.00032907600204149884,0.2354770451784134,0.027007732540369034,0.35,0,0,600,FP32-token-IDs
RoBERTa,flwg6v,816,87,12,-,-,False,loneliness,-0.003088486846536398,0.003088486846536398,0.49950695037841797,0.9456063508987427,0.35,1,1,600,FP32-token-IDs
RoBERTa,flwg6v,816,87,12,-,-,False,sadness,-0.0020970700425095856,0.0020970700425095856,0.26815304160118103,0.08798018842935562,0.35,0,0,600,FP32-token-IDs
RoBERTa,flwg6v,816,87,12,-,-,False,suicide intent,6.846769247204065e-05,6.846769247204065e-05,0.0599006712436676,0.060292769223451614,0.35,0,0,600,FP32-token-IDs
RoBERTa,flwg6v,816,87,12,-,-,False,worthlessness,-0.00028347446156355244,0.00028347446156355244,0.19792063534259796,0.020534489303827286,0.35,0,0,600,FP32-token-IDs
RoBERTa,flwg6v,816,88,33935,guided,guided,False,anger,-5.250150085582087e-05,5.250150085582087e-05,0.15273357927799225,0.01919434778392315,0.35,0,0,600,FP32-token-IDs
RoBERTa,flwg6v,816,88,33935,guided,guided,False,brain dysfunction (forget),0.003605236609776815,0.003605236609776815,0.16686278581619263,0.10144035518169403,0.35,0,0,600,FP32-token-IDs
RoBERTa,flwg6v,816,88,33935,guided,guided,False,emptiness,0.0002655155258253217,0.0002655155258253217,0.14035357534885406,0.18389010429382324,0.35,0,0,600,FP32-token-IDs
RoBERTa,flwg6v,816,88,33935,guided,guided,False,hopelessness,-0.00032907600204149884,0.00032907600204149884,0.2354770451784134,0.027007732540369034,0.35,0,0,600,FP32-token-IDs
RoBERTa,flwg6v,816,88,33935,guided,guided,False,loneliness,-0.003088486846536398,0.003088486846536398,0.49950695037841797,0.9456063508987427,0.35,1,1,600,FP32-token-IDs
RoBERTa,flwg6v,816,88,33935,guided,guided,False,sadness,-0.0020970700425095856,0.0020970700425095856,0.26815304160118103,0.08798018842935562,0.35,0,0,600,FP32-token-IDs
RoBERTa,flwg6v,816,88,33935,guided,guided,False,suicide intent,6.846769247204065e-05,6.846769247204065e-05,0.0599006712436676,0.060292769223451614,0.35,0,0,600,FP32-token-IDs
RoBERTa,flwg6v,816,88,33935,guided,guided,False,worthlessness,-0.00028347446156355244,0.00028347446156355244,0.19792063534259796,0.020534489303827286,0.35,0,0,600,FP32-token-IDs
RoBERTa,flwg6v,816,89,12,-,-,False,anger,-5.250150085582087e-05,5.250150085582087e-05,0.15273357927799225,0.01919434778392315,0.35,0,0,600,FP32-token-IDs
RoBERTa,flwg6v,816,89,12,-,-,False,brain dysfunction (forget),0.003605236609776815,0.003605236609776815,0.16686278581619263,0.10144035518169403,0.35,0,0,600,FP32-token-IDs
RoBERTa,flwg6v,816,89,12,-,-,False,emptiness,0.0002655155258253217,0.0002655155258253217,0.14035357534885406,0.18389010429382324,0.35,0,0,600,FP32-token-IDs
RoBERTa,flwg6v,816,89,12,-,-,False,hopelessness,-0.00032907600204149884,0.00032907600204149884,0.2354770451784134,0.027007732540369034,0.35,0,0,600,FP32-token-IDs
RoBERTa,flwg6v,816,89,12,-,-,False,loneliness,-0.003088486846536398,0.003088486846536398,0.49950695037841797,0.9456063508987427,0.35,1,1,600,FP32-token-IDs
RoBERTa,flwg6v,816,89,12,-,-,False,sadness,-0.0020970700425095856,0.0020970700425095856,0.26815304160118103,0.08798018842935562,0.35,0,0,600,FP32-token-IDs
RoBERTa,flwg6v,816,89,12,-,-,False,suicide intent,6.846769247204065e-05,6.846769247204065e-05,0.0599006712436676,0.060292769223451614,0.35,0,0,600,FP32-token-IDs
RoBERTa,flwg6v,816,89,12,-,-,False,worthlessness,-0.00028347446156355244,0.00028347446156355244,0.19792063534259796,0.020534489303827286,0.35,0,0,600,FP32-token-IDs
RoBERTa,flwg6v,816,90,4567,med,med,False,anger,-5.250150085582087e-05,5.250150085582087e-05,0.15273357927799225,0.01919434778392315,0.35,0,0,600,FP32-token-IDs
RoBERTa,flwg6v,816,90,4567,med,med,False,brain dysfunction (forget),0.003605236609776815,0.003605236609776815,0.16686278581619263,0.10144035518169403,0.35,0,0,600,FP32-token-IDs
RoBERTa,flwg6v,816,90,4567,med,med,False,emptiness,0.0002655155258253217,0.0002655155258253217,0.14035357534885406,0.18389010429382324,0.35,0,0,600,FP32-token-IDs
RoBERTa,flwg6v,816,90,4567,med,med,False,hopelessness,-0.00032907600204149884,0.00032907600204149884,0.2354770451784134,0.027007732540369034,0.35,0,0,600,FP32-token-IDs
RoBERTa,flwg6v,816,90,4567,med,med,False,loneliness,-0.003088486846536398,0.003088486846536398,0.49950695037841797,0.9456063508987427,0.35,1,1,600,FP32-token-IDs
RoBERTa,flwg6v,816,90,4567,med,med,False,sadness,-0.0020970700425095856,0.0020970700425095856,0.26815304160118103,0.08798018842935562,0.35,0,0,600,FP32-token-IDs
RoBERTa,flwg6v,816,90,4567,med,med,False,suicide intent,6.846769247204065e-05,6.846769247204065e-05,0.0599006712436676,0.060292769223451614,0.35,0,0,600,FP32-token-IDs
RoBERTa,flwg6v,816,90,4567,med,med,False,worthlessness,-0.00028347446156355244,0.00028347446156355244,0.19792063534259796,0.020534489303827286,0.35,0,0,600,FP32-token-IDs
RoBERTa,flwg6v,816,91,12257,itation,itation,False,anger,-5.250150085582087e-05,5.250150085582087e-05,0.15273357927799225,0.01919434778392315,0.35,0,0,600,FP32-token-IDs
RoBERTa,flwg6v,816,91,12257,itation,itation,False,brain dysfunction (forget),0.003605236609776815,0.003605236609776815,0.16686278581619263,0.10144035518169403,0.35,0,0,600,FP32-token-IDs
RoBERTa,flwg6v,816,91,12257,itation,itation,False,emptiness,0.0002655155258253217,0.0002655155258253217,0.14035357534885406,0.18389010429382324,0.35,0,0,600,FP32-token-IDs
RoBERTa,flwg6v,816,91,12257,itation,itation,False,hopelessness,-0.00032907600204149884,0.00032907600204149884,0.2354770451784134,0.027007732540369034,0.35,0,0,600,FP32-token-IDs
RoBERTa,flwg6v,816,91,12257,itation,itation,False,loneliness,-0.003088486846536398,0.003088486846536398,0.49950695037841797,0.9456063508987427,0.35,1,1,600,FP32-token-IDs
RoBERTa,flwg6v,816,91,12257,itation,itation,False,sadness,-0.0020970700425095856,0.0020970700425095856,0.26815304160118103,0.08798018842935562,0.35,0,0,600,FP32-token-IDs
RoBERTa,flwg6v,816,91,12257,itation,itation,False,suicide intent,6.846769247204065e-05,6.846769247204065e-05,0.0599006712436676,0.060292769223451614,0.35,0,0,600,FP32-token-IDs
RoBERTa,flwg6v,816,91,12257,itation,itation,False,worthlessness,-0.00028347446156355244,0.00028347446156355244,0.19792063534259796,0.020534489303827286,0.35,0,0,600,FP32-token-IDs
RoBERTa,flwg6v,816,92,12,-,-,False,anger,-5.250150085582087e-05,5.250150085582087e-05,0.15273357927799225,0.01919434778392315,0.35,0,0,600,FP32-token-IDs
RoBERTa,flwg6v,816,92,12,-,-,False,brain dysfunction (forget),0.003605236609776815,0.003605236609776815,0.16686278581619263,0.10144035518169403,0.35,0,0,600,FP32-token-IDs
RoBERTa,flwg6v,816,92,12,-,-,False,emptiness,0.0002655155258253217,0.0002655155258253217,0.14035357534885406,0.18389010429382324,0.35,0,0,600,FP32-token-IDs
RoBERTa,flwg6v,816,92,12,-,-,False,hopelessness,-0.00032907600204149884,0.00032907600204149884,0.2354770451784134,0.027007732540369034,0.35,0,0,600,FP32-token-IDs
RoBERTa,flwg6v,816,92,12,-,-,False,loneliness,-0.003088486846536398,0.003088486846536398,0.49950695037841797,0.9456063508987427,0.35,1,1,600,FP32-token-IDs
RoBERTa,flwg6v,816,92,12,-,-,False,sadness,-0.0020970700425095856,0.0020970700425095856,0.26815304160118103,0.08798018842935562,0.35,0,0,600,FP32-token-IDs
RoBERTa,flwg6v,816,92,12,-,-,False,suicide intent,6.846769247204065e-05,6.846769247204065e-05,0.0599006712436676,0.060292769223451614,0.35,0,0,600,FP32-token-IDs
RoBERTa,flwg6v,816,92,12,-,-,False,worthlessness,-0.00028347446156355244,0.00028347446156355244,0.19792063534259796,0.020534489303827286,0.35,0,0,600,FP32-token-IDs
RoBERTa,flwg6v,816,93,3209,eb,eb,False,anger,0.0009635613998398185,0.0009635613998398185,0.15273357927799225,0.01919434778392315,0.35,0,0,600,FP32-token-IDs
RoBERTa,flwg6v,816,93,3209,eb,eb,False,brain dysfunction (forget),0.0009457262232899666,0.0009457262232899666,0.16686278581619263,0.10144035518169403,0.35,0,0,600,FP32-token-IDs
RoBERTa,flwg6v,816,93,3209,eb,eb,False,emptiness,-2.9848120175302072e-05,2.9848120175302072e-05,0.14035357534885406,0.18389010429382324,0.35,0,0,600,FP32-token-IDs
RoBERTa,flwg6v,816,93,3209,eb,eb,False,hopelessness,0.005552836880087853,0.005552836880087853,0.2354770451784134,0.027007732540369034,0.35,0,0,600,FP32-token-IDs
RoBERTa,flwg6v,816,93,3209,eb,eb,False,loneliness,-0.0024699880741536617,0.0024699880741536617,0.49950695037841797,0.9456063508987427,0.35,1,1,600,FP32-token-IDs
RoBERTa,flwg6v,816,93,3209,eb,eb,False,sadness,0.014722296863328665,0.014722296863328665,0.26815304160118103,0.08798018842935562,0.35,0,0,600,FP32-token-IDs
RoBERTa,flwg6v,816,93,3209,eb,eb,False,suicide intent,0.0001803517399821431,0.0001803517399821431,0.0599006712436676,0.060292769223451614,0.35,0,0,600,FP32-token-IDs
RoBERTa,flwg6v,816,93,3209,eb,eb,False,worthlessness,0.0011633904476184398,0.0011633904476184398,0.19792063534259796,0.020534489303827286,0.35,0,0,600,FP32-token-IDs
RoBERTa,flwg6v,816,94,282,n,n,False,anger,0.0009635613998398185,0.0009635613998398185,0.15273357927799225,0.01919434778392315,0.35,0,0,600,FP32-token-IDs
RoBERTa,flwg6v,816,94,282,n,n,False,brain dysfunction (forget),0.0009457262232899666,0.0009457262232899666,0.16686278581619263,0.10144035518169403,0.35,0,0,600,FP32-token-IDs
RoBERTa,flwg6v,816,94,282,n,n,False,emptiness,-2.9848120175302072e-05,2.9848120175302072e-05,0.14035357534885406,0.18389010429382324,0.35,0,0,600,FP32-token-IDs
RoBERTa,flwg6v,816,94,282,n,n,False,hopelessness,0.005552836880087853,0.005552836880087853,0.2354770451784134,0.027007732540369034,0.35,0,0,600,FP32-token-IDs
RoBERTa,flwg6v,816,94,282,n,n,False,loneliness,-0.0024699880741536617,0.0024699880741536617,0.49950695037841797,0.9456063508987427,0.35,1,1,600,FP32-token-IDs
RoBERTa,flwg6v,816,94,282,n,n,False,sadness,0.014722296863328665,0.014722296863328665,0.26815304160118103,0.08798018842935562,0.35,0,0,600,FP32-token-IDs
RoBERTa,flwg6v,816,94,282,n,n,False,suicide intent,0.0001803517399821431,0.0001803517399821431,0.0599006712436676,0.060292769223451614,0.35,0,0,600,FP32-token-IDs
RoBERTa,flwg6v,816,94,282,n,n,False,worthlessness,0.0011633904476184398,0.0011633904476184398,0.19792063534259796,0.020534489303827286,0.35,0,0,600,FP32-token-IDs
RoBERTa,flwg6v,816,95,3998,cl,cl,False,anger,0.003177348687313497,0.003177348687313497,0.15273357927799225,0.01919434778392315,0.35,0,0,600,FP32-token-IDs
RoBERTa,flwg6v,816,95,3998,cl,cl,False,brain dysfunction (forget),0.001976214861497283,0.001976214861497283,0.16686278581619263,0.10144035518169403,0.35,0,0,600,FP32-token-IDs
RoBERTa,flwg6v,816,95,3998,cl,cl,False,emptiness,0.0013880739687010645,0.0013880739687010645,0.14035357534885406,0.18389010429382324,0.35,0,0,600,FP32-token-IDs
RoBERTa,flwg6v,816,95,3998,cl,cl,False,hopelessness,0.003708535060286522,0.003708535060286522,0.2354770451784134,0.027007732540369034,0.35,0,0,600,FP32-token-IDs
RoBERTa,flwg6v,816,95,3998,cl,cl,False,loneliness,-0.0004963218234479427,0.0004963218234479427,0.49950695037841797,0.9456063508987427,0.35,1,1,600,FP32-token-IDs
RoBERTa,flwg6v,816,95,3998,cl,cl,False,sadness,0.013064936629962175,0.013064936629962175,0.26815304160118103,0.08798018842935562,0.35,0,0,600,FP32-token-IDs
RoBERTa,flwg6v,816,95,3998,cl,cl,False,suicide intent,0.0014590613602194936,0.0014590613602194936,0.0599006712436676,0.060292769223451614,0.35,0,0,600,FP32-token-IDs
RoBERTa,flwg6v,816,95,3998,cl,cl,False,worthlessness,0.0017745783377904444,0.0017745783377904444,0.19792063534259796,0.020534489303827286,0.35,0,0,600,FP32-token-IDs
RoBERTa,flwg6v,816,96,257,u,u,False,anger,0.003177348687313497,0.003177348687313497,0.15273357927799225,0.01919434778392315,0.35,0,0,600,FP32-token-IDs
RoBERTa,flwg6v,816,96,257,u,u,False,brain dysfunction (forget),0.001976214861497283,0.001976214861497283,0.16686278581619263,0.10144035518169403,0.35,0,0,600,FP32-token-IDs
RoBERTa,flwg6v,816,96,257,u,u,False,emptiness,0.0013880739687010645,0.0013880739687010645,0.14035357534885406,0.18389010429382324,0.35,0,0,600,FP32-token-IDs
RoBERTa,flwg6v,816,96,257,u,u,False,hopelessness,0.003708535060286522,0.003708535060286522,0.2354770451784134,0.027007732540369034,0.35,0,0,600,FP32-token-IDs
RoBERTa,flwg6v,816,96,257,u,u,False,loneliness,-0.0004963218234479427,0.0004963218234479427,0.49950695037841797,0.9456063508987427,0.35,1,1,600,FP32-token-IDs
RoBERTa,flwg6v,816,96,257,u,u,False,sadness,0.013064936629962175,0.013064936629962175,0.26815304160118103,0.08798018842935562,0.35,0,0,600,FP32-token-IDs
RoBERTa,flwg6v,816,96,257,u,u,False,suicide intent,0.0014590613602194936,0.0014590613602194936,0.0599006712436676,0.060292769223451614,0.35,0,0,600,FP32-token-IDs
RoBERTa,flwg6v,816,96,257,u,u,False,worthlessness,0.0017745783377904444,0.0017745783377904444,0.19792063534259796,0.020534489303827286,0.35,0,0,600,FP32-token-IDs
RoBERTa,flwg6v,816,97,43,),),False,anger,0.007076407829299569,0.007076407829299569,0.15273357927799225,0.01919434778392315,0.35,0,0,600,FP32-token-IDs
RoBERTa,flwg6v,816,97,43,),),False,brain dysfunction (forget),0.005272582219913602,0.005272582219913602,0.16686278581619263,0.10144035518169403,0.35,0,0,600,FP32-token-IDs
RoBERTa,flwg6v,816,97,43,),),False,emptiness,-0.007842643116600812,0.007842643116600812,0.14035357534885406,0.18389010429382324,0.35,0,0,600,FP32-token-IDs
RoBERTa,flwg6v,816,97,43,),),False,hopelessness,-0.009424242470413447,0.009424242470413447,0.2354770451784134,0.027007732540369034,0.35,0,0,600,FP32-token-IDs
RoBERTa,flwg6v,816,97,43,),),False,loneliness,-0.016150115057826042,0.016150115057826042,0.49950695037841797,0.9456063508987427,0.35,1,1,600,FP32-token-IDs
RoBERTa,flwg6v,816,97,43,),),False,sadness,-0.006128076568711549,0.006128076568711549,0.26815304160118103,0.08798018842935562,0.35,0,0,600,FP32-token-IDs
RoBERTa,flwg6v,816,97,43,),),False,suicide intent,0.002272565837483853,0.002272565837483853,0.0599006712436676,0.060292769223451614,0.35,0,0,600,FP32-token-IDs
RoBERTa,flwg6v,816,97,43,),),False,worthlessness,-0.002709277457324788,0.002709277457324788,0.19792063534259796,0.020534489303827286,0.35,0,0,600,FP32-token-IDs
RoBERTa,flwg6v,816,98,2,</s>,,True,anger,6.51925802230835e-08,6.51925802230835e-08,0.15273357927799225,0.01919434778392315,0.35,0,0,600,FP32-token-IDs
RoBERTa,flwg6v,816,98,2,</s>,,True,brain dysfunction (forget),2.2351741790771484e-08,2.2351741790771484e-08,0.16686278581619263,0.10144035518169403,0.35,0,0,600,FP32-token-IDs
RoBERTa,flwg6v,816,98,2,</s>,,True,emptiness,1.1920928955078125e-07,1.1920928955078125e-07,0.14035357534885406,0.18389010429382324,0.35,0,0,600,FP32-token-IDs
RoBERTa,flwg6v,816,98,2,</s>,,True,hopelessness,1.1920928955078125e-07,1.1920928955078125e-07,0.2354770451784134,0.027007732540369034,0.35,0,0,600,FP32-token-IDs
RoBERTa,flwg6v,816,98,2,</s>,,True,loneliness,1.1920928955078125e-07,1.1920928955078125e-07,0.49950695037841797,0.9456063508987427,0.35,1,1,600,FP32-token-IDs
RoBERTa,flwg6v,816,98,2,</s>,,True,sadness,6.332993507385254e-08,6.332993507385254e-08,0.26815304160118103,0.08798018842935562,0.35,0,0,600,FP32-token-IDs
RoBERTa,flwg6v,816,98,2,</s>,,True,suicide intent,1.6763806343078613e-08,1.6763806343078613e-08,0.0599006712436676,0.060292769223451614,0.35,0,0,600,FP32-token-IDs
RoBERTa,flwg6v,816,98,2,</s>,,True,worthlessness,8.568167686462402e-08,8.568167686462402e-08,0.19792063534259796,0.020534489303827286,0.35,0,0,600,FP32-token-IDs
