Model,Sample_ID,Test_Index,Token_Index,Token_ID,Raw_Token,Token,Is_Special_Token,Emotion,SHAP_Value,Abs_SHAP,Base_Value,Model_Probability,Threshold,True_Label,Predicted_Label,SHAP_Max_Evals,XAI_Inference
RoBERTa,k6qzu7,262,0,0,<s>,,True,anger,0.0016700366203888106,0.0016700366203888106,0.31067878007888794,0.07293948531150818,0.35,0,0,761,FP32-token-IDs
RoBERTa,k6qzu7,262,0,0,<s>,,True,brain dysfunction (forget),-0.001212815757205065,0.001212815757205065,0.19119325280189514,0.01402713730931282,0.35,0,0,761,FP32-token-IDs
RoBERTa,k6qzu7,262,0,0,<s>,,True,emptiness,-0.0018198777697622202,0.0018198777697622202,0.11213260889053345,0.19804799556732178,0.35,0,0,761,FP32-token-IDs
RoBERTa,k6qzu7,262,0,0,<s>,,True,hopelessness,-0.0012412866727950483,0.0012412866727950483,0.2967376708984375,0.14247719943523407,0.35,0,0,761,FP32-token-IDs
RoBERTa,k6qzu7,262,0,0,<s>,,True,loneliness,-8.859365032269406e-05,8.859365032269406e-05,0.27838459610939026,0.9108487963676453,0.35,1,1,761,FP32-token-IDs
RoBERTa,k6qzu7,262,0,0,<s>,,True,sadness,0.0015737483507165541,0.0015737483507165541,0.3116258382797241,0.8714736700057983,0.35,1,1,761,FP32-token-IDs
RoBERTa,k6qzu7,262,0,0,<s>,,True,suicide intent,-0.0003701643839359839,0.0003701643839359839,0.08281110227108002,0.007860248908400536,0.35,0,0,761,FP32-token-IDs
RoBERTa,k6qzu7,262,0,0,<s>,,True,worthlessness,-0.0020556197379930662,0.0020556197379930662,0.23589852452278137,0.06992913782596588,0.35,0,0,761,FP32-token-IDs
RoBERTa,k6qzu7,262,1,3972,To,to,False,anger,0.0016700366203888106,0.0016700366203888106,0.31067878007888794,0.07293948531150818,0.35,0,0,761,FP32-token-IDs
RoBERTa,k6qzu7,262,1,3972,To,to,False,brain dysfunction (forget),-0.001212815757205065,0.001212815757205065,0.19119325280189514,0.01402713730931282,0.35,0,0,761,FP32-token-IDs
RoBERTa,k6qzu7,262,1,3972,To,to,False,emptiness,-0.0018198777697622202,0.0018198777697622202,0.11213260889053345,0.19804799556732178,0.35,0,0,761,FP32-token-IDs
RoBERTa,k6qzu7,262,1,3972,To,to,False,hopelessness,-0.0012412866727950483,0.0012412866727950483,0.2967376708984375,0.14247719943523407,0.35,0,0,761,FP32-token-IDs
RoBERTa,k6qzu7,262,1,3972,To,to,False,loneliness,-8.859365032269406e-05,8.859365032269406e-05,0.27838459610939026,0.9108487963676453,0.35,1,1,761,FP32-token-IDs
RoBERTa,k6qzu7,262,1,3972,To,to,False,sadness,0.0015737483507165541,0.0015737483507165541,0.3116258382797241,0.8714736700057983,0.35,1,1,761,FP32-token-IDs
RoBERTa,k6qzu7,262,1,3972,To,to,False,suicide intent,-0.0003701643839359839,0.0003701643839359839,0.08281110227108002,0.007860248908400536,0.35,0,0,761,FP32-token-IDs
RoBERTa,k6qzu7,262,1,3972,To,to,False,worthlessness,-0.0020556197379930662,0.0020556197379930662,0.23589852452278137,0.06992913782596588,0.35,0,0,761,FP32-token-IDs
RoBERTa,k6qzu7,262,2,167,Ġthose,those,False,anger,0.001481114537693942,0.001481114537693942,0.31067878007888794,0.07293948531150818,0.35,0,0,761,FP32-token-IDs
RoBERTa,k6qzu7,262,2,167,Ġthose,those,False,brain dysfunction (forget),-0.0014774172820855313,0.0014774172820855313,0.19119325280189514,0.01402713730931282,0.35,0,0,761,FP32-token-IDs
RoBERTa,k6qzu7,262,2,167,Ġthose,those,False,emptiness,-0.0050161579865604065,0.0050161579865604065,0.11213260889053345,0.19804799556732178,0.35,0,0,761,FP32-token-IDs
RoBERTa,k6qzu7,262,2,167,Ġthose,those,False,hopelessness,-0.0028760635754905453,0.0028760635754905453,0.2967376708984375,0.14247719943523407,0.35,0,0,761,FP32-token-IDs
RoBERTa,k6qzu7,262,2,167,Ġthose,those,False,loneliness,-0.00011331033057127243,0.00011331033057127243,0.27838459610939026,0.9108487963676453,0.35,1,1,761,FP32-token-IDs
RoBERTa,k6qzu7,262,2,167,Ġthose,those,False,sadness,0.0010481083373992872,0.0010481083373992872,0.3116258382797241,0.8714736700057983,0.35,1,1,761,FP32-token-IDs
RoBERTa,k6qzu7,262,2,167,Ġthose,those,False,suicide intent,-0.0003869672870309725,0.0003869672870309725,0.08281110227108002,0.007860248908400536,0.35,0,0,761,FP32-token-IDs
RoBERTa,k6qzu7,262,2,167,Ġthose,those,False,worthlessness,-0.005815801571051662,0.005815801571051662,0.23589852452278137,0.06992913782596588,0.35,0,0,761,FP32-token-IDs
RoBERTa,k6qzu7,262,3,13,Ġfor,for,False,anger,0.001481114537693942,0.001481114537693942,0.31067878007888794,0.07293948531150818,0.35,0,0,761,FP32-token-IDs
RoBERTa,k6qzu7,262,3,13,Ġfor,for,False,brain dysfunction (forget),-0.0014774172820855313,0.0014774172820855313,0.19119325280189514,0.01402713730931282,0.35,0,0,761,FP32-token-IDs
RoBERTa,k6qzu7,262,3,13,Ġfor,for,False,emptiness,-0.0050161579865604065,0.0050161579865604065,0.11213260889053345,0.19804799556732178,0.35,0,0,761,FP32-token-IDs
RoBERTa,k6qzu7,262,3,13,Ġfor,for,False,hopelessness,-0.0028760635754905453,0.0028760635754905453,0.2967376708984375,0.14247719943523407,0.35,0,0,761,FP32-token-IDs
RoBERTa,k6qzu7,262,3,13,Ġfor,for,False,loneliness,-0.00011331033057127243,0.00011331033057127243,0.27838459610939026,0.9108487963676453,0.35,1,1,761,FP32-token-IDs
RoBERTa,k6qzu7,262,3,13,Ġfor,for,False,sadness,0.0010481083373992872,0.0010481083373992872,0.3116258382797241,0.8714736700057983,0.35,1,1,761,FP32-token-IDs
RoBERTa,k6qzu7,262,3,13,Ġfor,for,False,suicide intent,-0.0003869672870309725,0.0003869672870309725,0.08281110227108002,0.007860248908400536,0.35,0,0,761,FP32-token-IDs
RoBERTa,k6qzu7,262,3,13,Ġfor,for,False,worthlessness,-0.005815801571051662,0.005815801571051662,0.23589852452278137,0.06992913782596588,0.35,0,0,761,FP32-token-IDs
RoBERTa,k6qzu7,262,4,2661,Ġwhom,whom,False,anger,0.001481114537693942,0.001481114537693942,0.31067878007888794,0.07293948531150818,0.35,0,0,761,FP32-token-IDs
RoBERTa,k6qzu7,262,4,2661,Ġwhom,whom,False,brain dysfunction (forget),-0.0014774172820855313,0.0014774172820855313,0.19119325280189514,0.01402713730931282,0.35,0,0,761,FP32-token-IDs
RoBERTa,k6qzu7,262,4,2661,Ġwhom,whom,False,emptiness,-0.0050161579865604065,0.0050161579865604065,0.11213260889053345,0.19804799556732178,0.35,0,0,761,FP32-token-IDs
RoBERTa,k6qzu7,262,4,2661,Ġwhom,whom,False,hopelessness,-0.0028760635754905453,0.0028760635754905453,0.2967376708984375,0.14247719943523407,0.35,0,0,761,FP32-token-IDs
RoBERTa,k6qzu7,262,4,2661,Ġwhom,whom,False,loneliness,-0.00011331033057127243,0.00011331033057127243,0.27838459610939026,0.9108487963676453,0.35,1,1,761,FP32-token-IDs
RoBERTa,k6qzu7,262,4,2661,Ġwhom,whom,False,sadness,0.0010481083373992872,0.0010481083373992872,0.3116258382797241,0.8714736700057983,0.35,1,1,761,FP32-token-IDs
RoBERTa,k6qzu7,262,4,2661,Ġwhom,whom,False,suicide intent,-0.0003869672870309725,0.0003869672870309725,0.08281110227108002,0.007860248908400536,0.35,0,0,761,FP32-token-IDs
RoBERTa,k6qzu7,262,4,2661,Ġwhom,whom,False,worthlessness,-0.005815801571051662,0.005815801571051662,0.23589852452278137,0.06992913782596588,0.35,0,0,761,FP32-token-IDs
RoBERTa,k6qzu7,262,5,47268,Ġcov,cov,False,anger,0.002272730863232237,0.002272730863232237,0.31067878007888794,0.07293948531150818,0.35,0,0,761,FP32-token-IDs
RoBERTa,k6qzu7,262,5,47268,Ġcov,cov,False,brain dysfunction (forget),-0.00022192819032800166,0.00022192819032800166,0.19119325280189514,0.01402713730931282,0.35,0,0,761,FP32-token-IDs
RoBERTa,k6qzu7,262,5,47268,Ġcov,cov,False,emptiness,-0.0003546430840148018,0.0003546430840148018,0.11213260889053345,0.19804799556732178,0.35,0,0,761,FP32-token-IDs
RoBERTa,k6qzu7,262,5,47268,Ġcov,cov,False,hopelessness,0.0034809412749914025,0.0034809412749914025,0.2967376708984375,0.14247719943523407,0.35,0,0,761,FP32-token-IDs
RoBERTa,k6qzu7,262,5,47268,Ġcov,cov,False,loneliness,-0.0001458501165661101,0.0001458501165661101,0.27838459610939026,0.9108487963676453,0.35,1,1,761,FP32-token-IDs
RoBERTa,k6qzu7,262,5,47268,Ġcov,cov,False,sadness,0.0028298628745743863,0.0028298628745743863,0.3116258382797241,0.8714736700057983,0.35,1,1,761,FP32-token-IDs
RoBERTa,k6qzu7,262,5,47268,Ġcov,cov,False,suicide intent,-0.00039724336322811163,0.00039724336322811163,0.08281110227108002,0.007860248908400536,0.35,0,0,761,FP32-token-IDs
RoBERTa,k6qzu7,262,5,47268,Ġcov,cov,False,worthlessness,0.0040568083530077,0.0040568083530077,0.23589852452278137,0.06992913782596588,0.35,0,0,761,FP32-token-IDs
RoBERTa,k6qzu7,262,6,808,id,id,False,anger,0.002272730863232237,0.002272730863232237,0.31067878007888794,0.07293948531150818,0.35,0,0,761,FP32-token-IDs
RoBERTa,k6qzu7,262,6,808,id,id,False,brain dysfunction (forget),-0.00022192819032800166,0.00022192819032800166,0.19119325280189514,0.01402713730931282,0.35,0,0,761,FP32-token-IDs
RoBERTa,k6qzu7,262,6,808,id,id,False,emptiness,-0.0003546430840148018,0.0003546430840148018,0.11213260889053345,0.19804799556732178,0.35,0,0,761,FP32-token-IDs
RoBERTa,k6qzu7,262,6,808,id,id,False,hopelessness,0.0034809412749914025,0.0034809412749914025,0.2967376708984375,0.14247719943523407,0.35,0,0,761,FP32-token-IDs
RoBERTa,k6qzu7,262,6,808,id,id,False,loneliness,-0.0001458501165661101,0.0001458501165661101,0.27838459610939026,0.9108487963676453,0.35,1,1,761,FP32-token-IDs
RoBERTa,k6qzu7,262,6,808,id,id,False,sadness,0.0028298628745743863,0.0028298628745743863,0.3116258382797241,0.8714736700057983,0.35,1,1,761,FP32-token-IDs
RoBERTa,k6qzu7,262,6,808,id,id,False,suicide intent,-0.00039724336322811163,0.00039724336322811163,0.08281110227108002,0.007860248908400536,0.35,0,0,761,FP32-token-IDs
RoBERTa,k6qzu7,262,6,808,id,id,False,worthlessness,0.0040568083530077,0.0040568083530077,0.23589852452278137,0.06992913782596588,0.35,0,0,761,FP32-token-IDs
RoBERTa,k6qzu7,262,7,399,Ġdidn,didn,False,anger,0.002272730863232237,0.002272730863232237,0.31067878007888794,0.07293948531150818,0.35,0,0,761,FP32-token-IDs
RoBERTa,k6qzu7,262,7,399,Ġdidn,didn,False,brain dysfunction (forget),-0.00022192819032800166,0.00022192819032800166,0.19119325280189514,0.01402713730931282,0.35,0,0,761,FP32-token-IDs
RoBERTa,k6qzu7,262,7,399,Ġdidn,didn,False,emptiness,-0.0003546430840148018,0.0003546430840148018,0.11213260889053345,0.19804799556732178,0.35,0,0,761,FP32-token-IDs
RoBERTa,k6qzu7,262,7,399,Ġdidn,didn,False,hopelessness,0.0034809412749914025,0.0034809412749914025,0.2967376708984375,0.14247719943523407,0.35,0,0,761,FP32-token-IDs
RoBERTa,k6qzu7,262,7,399,Ġdidn,didn,False,loneliness,-0.0001458501165661101,0.0001458501165661101,0.27838459610939026,0.9108487963676453,0.35,1,1,761,FP32-token-IDs
RoBERTa,k6qzu7,262,7,399,Ġdidn,didn,False,sadness,0.0028298628745743863,0.0028298628745743863,0.3116258382797241,0.8714736700057983,0.35,1,1,761,FP32-token-IDs
RoBERTa,k6qzu7,262,7,399,Ġdidn,didn,False,suicide intent,-0.00039724336322811163,0.00039724336322811163,0.08281110227108002,0.007860248908400536,0.35,0,0,761,FP32-token-IDs
RoBERTa,k6qzu7,262,7,399,Ġdidn,didn,False,worthlessness,0.0040568083530077,0.0040568083530077,0.23589852452278137,0.06992913782596588,0.35,0,0,761,FP32-token-IDs
RoBERTa,k6qzu7,262,8,75,'t,'t,False,anger,0.002272730863232237,0.002272730863232237,0.31067878007888794,0.07293948531150818,0.35,0,0,761,FP32-token-IDs
RoBERTa,k6qzu7,262,8,75,'t,'t,False,brain dysfunction (forget),-0.00022192819032800166,0.00022192819032800166,0.19119325280189514,0.01402713730931282,0.35,0,0,761,FP32-token-IDs
RoBERTa,k6qzu7,262,8,75,'t,'t,False,emptiness,-0.0003546430840148018,0.0003546430840148018,0.11213260889053345,0.19804799556732178,0.35,0,0,761,FP32-token-IDs
RoBERTa,k6qzu7,262,8,75,'t,'t,False,hopelessness,0.0034809412749914025,0.0034809412749914025,0.2967376708984375,0.14247719943523407,0.35,0,0,761,FP32-token-IDs
RoBERTa,k6qzu7,262,8,75,'t,'t,False,loneliness,-0.0001458501165661101,0.0001458501165661101,0.27838459610939026,0.9108487963676453,0.35,1,1,761,FP32-token-IDs
RoBERTa,k6qzu7,262,8,75,'t,'t,False,sadness,0.0028298628745743863,0.0028298628745743863,0.3116258382797241,0.8714736700057983,0.35,1,1,761,FP32-token-IDs
RoBERTa,k6qzu7,262,8,75,'t,'t,False,suicide intent,-0.00039724336322811163,0.00039724336322811163,0.08281110227108002,0.007860248908400536,0.35,0,0,761,FP32-token-IDs
RoBERTa,k6qzu7,262,8,75,'t,'t,False,worthlessness,0.0040568083530077,0.0040568083530077,0.23589852452278137,0.06992913782596588,0.35,0,0,761,FP32-token-IDs
RoBERTa,k6qzu7,262,9,269,Ġreally,really,False,anger,0.0008106349222809792,0.0008106349222809792,0.31067878007888794,0.07293948531150818,0.35,0,0,761,FP32-token-IDs
RoBERTa,k6qzu7,262,9,269,Ġreally,really,False,brain dysfunction (forget),-0.000325330054508343,0.000325330054508343,0.19119325280189514,0.01402713730931282,0.35,0,0,761,FP32-token-IDs
RoBERTa,k6qzu7,262,9,269,Ġreally,really,False,emptiness,0.0008583489520018561,0.0008583489520018561,0.11213260889053345,0.19804799556732178,0.35,0,0,761,FP32-token-IDs
RoBERTa,k6qzu7,262,9,269,Ġreally,really,False,hopelessness,0.00546549235828794,0.00546549235828794,0.2967376708984375,0.14247719943523407,0.35,0,0,761,FP32-token-IDs
RoBERTa,k6qzu7,262,9,269,Ġreally,really,False,loneliness,-0.0004414743699061756,0.0004414743699061756,0.27838459610939026,0.9108487963676453,0.35,1,1,761,FP32-token-IDs
RoBERTa,k6qzu7,262,9,269,Ġreally,really,False,sadness,0.0026798296017715565,0.0026798296017715565,0.3116258382797241,0.8714736700057983,0.35,1,1,761,FP32-token-IDs
RoBERTa,k6qzu7,262,9,269,Ġreally,really,False,suicide intent,-0.00043100781561056814,0.00043100781561056814,0.08281110227108002,0.007860248908400536,0.35,0,0,761,FP32-token-IDs
RoBERTa,k6qzu7,262,9,269,Ġreally,really,False,worthlessness,0.0075089494237461345,0.0075089494237461345,0.23589852452278137,0.06992913782596588,0.35,0,0,761,FP32-token-IDs
RoBERTa,k6qzu7,262,10,464,Ġchange,change,False,anger,0.0008106349222809792,0.0008106349222809792,0.31067878007888794,0.07293948531150818,0.35,0,0,761,FP32-token-IDs
RoBERTa,k6qzu7,262,10,464,Ġchange,change,False,brain dysfunction (forget),-0.000325330054508343,0.000325330054508343,0.19119325280189514,0.01402713730931282,0.35,0,0,761,FP32-token-IDs
RoBERTa,k6qzu7,262,10,464,Ġchange,change,False,emptiness,0.0008583489520018561,0.0008583489520018561,0.11213260889053345,0.19804799556732178,0.35,0,0,761,FP32-token-IDs
RoBERTa,k6qzu7,262,10,464,Ġchange,change,False,hopelessness,0.00546549235828794,0.00546549235828794,0.2967376708984375,0.14247719943523407,0.35,0,0,761,FP32-token-IDs
RoBERTa,k6qzu7,262,10,464,Ġchange,change,False,loneliness,-0.0004414743699061756,0.0004414743699061756,0.27838459610939026,0.9108487963676453,0.35,1,1,761,FP32-token-IDs
RoBERTa,k6qzu7,262,10,464,Ġchange,change,False,sadness,0.0026798296017715565,0.0026798296017715565,0.3116258382797241,0.8714736700057983,0.35,1,1,761,FP32-token-IDs
RoBERTa,k6qzu7,262,10,464,Ġchange,change,False,suicide intent,-0.00043100781561056814,0.00043100781561056814,0.08281110227108002,0.007860248908400536,0.35,0,0,761,FP32-token-IDs
RoBERTa,k6qzu7,262,10,464,Ġchange,change,False,worthlessness,0.0075089494237461345,0.0075089494237461345,0.23589852452278137,0.06992913782596588,0.35,0,0,761,FP32-token-IDs
RoBERTa,k6qzu7,262,11,203,Ġmuch,much,False,anger,0.0008106349222809792,0.0008106349222809792,0.31067878007888794,0.07293948531150818,0.35,0,0,761,FP32-token-IDs
RoBERTa,k6qzu7,262,11,203,Ġmuch,much,False,brain dysfunction (forget),-0.000325330054508343,0.000325330054508343,0.19119325280189514,0.01402713730931282,0.35,0,0,761,FP32-token-IDs
RoBERTa,k6qzu7,262,11,203,Ġmuch,much,False,emptiness,0.0008583489520018561,0.0008583489520018561,0.11213260889053345,0.19804799556732178,0.35,0,0,761,FP32-token-IDs
RoBERTa,k6qzu7,262,11,203,Ġmuch,much,False,hopelessness,0.00546549235828794,0.00546549235828794,0.2967376708984375,0.14247719943523407,0.35,0,0,761,FP32-token-IDs
RoBERTa,k6qzu7,262,11,203,Ġmuch,much,False,loneliness,-0.0004414743699061756,0.0004414743699061756,0.27838459610939026,0.9108487963676453,0.35,1,1,761,FP32-token-IDs
RoBERTa,k6qzu7,262,11,203,Ġmuch,much,False,sadness,0.0026798296017715565,0.0026798296017715565,0.3116258382797241,0.8714736700057983,0.35,1,1,761,FP32-token-IDs
RoBERTa,k6qzu7,262,11,203,Ġmuch,much,False,suicide intent,-0.00043100781561056814,0.00043100781561056814,0.08281110227108002,0.007860248908400536,0.35,0,0,761,FP32-token-IDs
RoBERTa,k6qzu7,262,11,203,Ġmuch,much,False,worthlessness,0.0075089494237461345,0.0075089494237461345,0.23589852452278137,0.06992913782596588,0.35,0,0,761,FP32-token-IDs
RoBERTa,k6qzu7,262,12,22560,Ġ###,#,False,anger,0.0008106349222809792,0.0008106349222809792,0.31067878007888794,0.07293948531150818,0.35,0,0,761,FP32-token-IDs
RoBERTa,k6qzu7,262,12,22560,Ġ###,#,False,brain dysfunction (forget),-0.000325330054508343,0.000325330054508343,0.19119325280189514,0.01402713730931282,0.35,0,0,761,FP32-token-IDs
RoBERTa,k6qzu7,262,12,22560,Ġ###,#,False,emptiness,0.0008583489520018561,0.0008583489520018561,0.11213260889053345,0.19804799556732178,0.35,0,0,761,FP32-token-IDs
RoBERTa,k6qzu7,262,12,22560,Ġ###,#,False,hopelessness,0.00546549235828794,0.00546549235828794,0.2967376708984375,0.14247719943523407,0.35,0,0,761,FP32-token-IDs
RoBERTa,k6qzu7,262,12,22560,Ġ###,#,False,loneliness,-0.0004414743699061756,0.0004414743699061756,0.27838459610939026,0.9108487963676453,0.35,1,1,761,FP32-token-IDs
RoBERTa,k6qzu7,262,12,22560,Ġ###,#,False,sadness,0.0026798296017715565,0.0026798296017715565,0.3116258382797241,0.8714736700057983,0.35,1,1,761,FP32-token-IDs
RoBERTa,k6qzu7,262,12,22560,Ġ###,#,False,suicide intent,-0.00043100781561056814,0.00043100781561056814,0.08281110227108002,0.007860248908400536,0.35,0,0,761,FP32-token-IDs
RoBERTa,k6qzu7,262,12,22560,Ġ###,#,False,worthlessness,0.0075089494237461345,0.0075089494237461345,0.23589852452278137,0.06992913782596588,0.35,0,0,761,FP32-token-IDs
RoBERTa,k6qzu7,262,13,38,ĠI,i,False,anger,0.006328195343420912,0.006328195343420912,0.31067878007888794,0.07293948531150818,0.35,0,0,761,FP32-token-IDs
RoBERTa,k6qzu7,262,13,38,ĠI,i,False,brain dysfunction (forget),-0.002106566044743746,0.002106566044743746,0.19119325280189514,0.01402713730931282,0.35,0,0,761,FP32-token-IDs
RoBERTa,k6qzu7,262,13,38,ĠI,i,False,emptiness,-0.007635796519417244,0.007635796519417244,0.11213260889053345,0.19804799556732178,0.35,0,0,761,FP32-token-IDs
RoBERTa,k6qzu7,262,13,38,ĠI,i,False,hopelessness,0.0005058702110097959,0.0005058702110097959,0.2967376708984375,0.14247719943523407,0.35,0,0,761,FP32-token-IDs
RoBERTa,k6qzu7,262,13,38,ĠI,i,False,loneliness,-0.00542845720729719,0.00542845720729719,0.27838459610939026,0.9108487963676453,0.35,1,1,761,FP32-token-IDs
RoBERTa,k6qzu7,262,13,38,ĠI,i,False,sadness,0.00658426833159935,0.00658426833159935,0.3116258382797241,0.8714736700057983,0.35,1,1,761,FP32-token-IDs
RoBERTa,k6qzu7,262,13,38,ĠI,i,False,suicide intent,-0.0006465104576776727,0.0006465104576776727,0.08281110227108002,0.007860248908400536,0.35,0,0,761,FP32-token-IDs
RoBERTa,k6qzu7,262,13,38,ĠI,i,False,worthlessness,-0.001618290984859833,0.001618290984859833,0.23589852452278137,0.06992913782596588,0.35,0,0,761,FP32-token-IDs
RoBERTa,k6qzu7,262,14,348,'ve,'ve,False,anger,0.006328195343420912,0.006328195343420912,0.31067878007888794,0.07293948531150818,0.35,0,0,761,FP32-token-IDs
RoBERTa,k6qzu7,262,14,348,'ve,'ve,False,brain dysfunction (forget),-0.002106566044743746,0.002106566044743746,0.19119325280189514,0.01402713730931282,0.35,0,0,761,FP32-token-IDs
RoBERTa,k6qzu7,262,14,348,'ve,'ve,False,emptiness,-0.007635796519417244,0.007635796519417244,0.11213260889053345,0.19804799556732178,0.35,0,0,761,FP32-token-IDs
RoBERTa,k6qzu7,262,14,348,'ve,'ve,False,hopelessness,0.0005058702110097959,0.0005058702110097959,0.2967376708984375,0.14247719943523407,0.35,0,0,761,FP32-token-IDs
RoBERTa,k6qzu7,262,14,348,'ve,'ve,False,loneliness,-0.00542845720729719,0.00542845720729719,0.27838459610939026,0.9108487963676453,0.35,1,1,761,FP32-token-IDs
RoBERTa,k6qzu7,262,14,348,'ve,'ve,False,sadness,0.00658426833159935,0.00658426833159935,0.3116258382797241,0.8714736700057983,0.35,1,1,761,FP32-token-IDs
RoBERTa,k6qzu7,262,14,348,'ve,'ve,False,suicide intent,-0.0006465104576776727,0.0006465104576776727,0.08281110227108002,0.007860248908400536,0.35,0,0,761,FP32-token-IDs
RoBERTa,k6qzu7,262,14,348,'ve,'ve,False,worthlessness,-0.001618290984859833,0.001618290984859833,0.23589852452278137,0.06992913782596588,0.35,0,0,761,FP32-token-IDs
RoBERTa,k6qzu7,262,15,12248,Ġbattled,battled,False,anger,0.006328195343420912,0.006328195343420912,0.31067878007888794,0.07293948531150818,0.35,0,0,761,FP32-token-IDs
RoBERTa,k6qzu7,262,15,12248,Ġbattled,battled,False,brain dysfunction (forget),-0.002106566044743746,0.002106566044743746,0.19119325280189514,0.01402713730931282,0.35,0,0,761,FP32-token-IDs
RoBERTa,k6qzu7,262,15,12248,Ġbattled,battled,False,emptiness,-0.007635796519417244,0.007635796519417244,0.11213260889053345,0.19804799556732178,0.35,0,0,761,FP32-token-IDs
RoBERTa,k6qzu7,262,15,12248,Ġbattled,battled,False,hopelessness,0.0005058702110097959,0.0005058702110097959,0.2967376708984375,0.14247719943523407,0.35,0,0,761,FP32-token-IDs
RoBERTa,k6qzu7,262,15,12248,Ġbattled,battled,False,loneliness,-0.00542845720729719,0.00542845720729719,0.27838459610939026,0.9108487963676453,0.35,1,1,761,FP32-token-IDs
RoBERTa,k6qzu7,262,15,12248,Ġbattled,battled,False,sadness,0.00658426833159935,0.00658426833159935,0.3116258382797241,0.8714736700057983,0.35,1,1,761,FP32-token-IDs
RoBERTa,k6qzu7,262,15,12248,Ġbattled,battled,False,suicide intent,-0.0006465104576776727,0.0006465104576776727,0.08281110227108002,0.007860248908400536,0.35,0,0,761,FP32-token-IDs
RoBERTa,k6qzu7,262,15,12248,Ġbattled,battled,False,worthlessness,-0.001618290984859833,0.001618290984859833,0.23589852452278137,0.06992913782596588,0.35,0,0,761,FP32-token-IDs
RoBERTa,k6qzu7,262,16,19,Ġwith,with,False,anger,0.006328195343420912,0.006328195343420912,0.31067878007888794,0.07293948531150818,0.35,0,0,761,FP32-token-IDs
RoBERTa,k6qzu7,262,16,19,Ġwith,with,False,brain dysfunction (forget),-0.002106566044743746,0.002106566044743746,0.19119325280189514,0.01402713730931282,0.35,0,0,761,FP32-token-IDs
RoBERTa,k6qzu7,262,16,19,Ġwith,with,False,emptiness,-0.007635796519417244,0.007635796519417244,0.11213260889053345,0.19804799556732178,0.35,0,0,761,FP32-token-IDs
RoBERTa,k6qzu7,262,16,19,Ġwith,with,False,hopelessness,0.0005058702110097959,0.0005058702110097959,0.2967376708984375,0.14247719943523407,0.35,0,0,761,FP32-token-IDs
RoBERTa,k6qzu7,262,16,19,Ġwith,with,False,loneliness,-0.00542845720729719,0.00542845720729719,0.27838459610939026,0.9108487963676453,0.35,1,1,761,FP32-token-IDs
RoBERTa,k6qzu7,262,16,19,Ġwith,with,False,sadness,0.00658426833159935,0.00658426833159935,0.3116258382797241,0.8714736700057983,0.35,1,1,761,FP32-token-IDs
RoBERTa,k6qzu7,262,16,19,Ġwith,with,False,suicide intent,-0.0006465104576776727,0.0006465104576776727,0.08281110227108002,0.007860248908400536,0.35,0,0,761,FP32-token-IDs
RoBERTa,k6qzu7,262,16,19,Ġwith,with,False,worthlessness,-0.001618290984859833,0.001618290984859833,0.23589852452278137,0.06992913782596588,0.35,0,0,761,FP32-token-IDs
RoBERTa,k6qzu7,262,17,5,Ġthe,the,False,anger,0.0037948806229262397,0.0037948806229262397,0.31067878007888794,0.07293948531150818,0.35,0,0,761,FP32-token-IDs
RoBERTa,k6qzu7,262,17,5,Ġthe,the,False,brain dysfunction (forget),-0.0015777900451883816,0.0015777900451883816,0.19119325280189514,0.01402713730931282,0.35,0,0,761,FP32-token-IDs
RoBERTa,k6qzu7,262,17,5,Ġthe,the,False,emptiness,-0.00691379608581953,0.00691379608581953,0.11213260889053345,0.19804799556732178,0.35,0,0,761,FP32-token-IDs
RoBERTa,k6qzu7,262,17,5,Ġthe,the,False,hopelessness,-0.0009006557491822885,0.0009006557491822885,0.2967376708984375,0.14247719943523407,0.35,0,0,761,FP32-token-IDs
RoBERTa,k6qzu7,262,17,5,Ġthe,the,False,loneliness,-0.0039597998077694615,0.0039597998077694615,0.27838459610939026,0.9108487963676453,0.35,1,1,761,FP32-token-IDs
RoBERTa,k6qzu7,262,17,5,Ġthe,the,False,sadness,0.0046664656028867916,0.0046664656028867916,0.3116258382797241,0.8714736700057983,0.35,1,1,761,FP32-token-IDs
RoBERTa,k6qzu7,262,17,5,Ġthe,the,False,suicide intent,-0.0004878436645370899,0.0004878436645370899,0.08281110227108002,0.007860248908400536,0.35,0,0,761,FP32-token-IDs
RoBERTa,k6qzu7,262,17,5,Ġthe,the,False,worthlessness,-0.0021775881423113435,0.0021775881423113435,0.23589852452278137,0.06992913782596588,0.35,0,0,761,FP32-token-IDs
RoBERTa,k6qzu7,262,18,5702,Ġsentiment,sentiment,False,anger,0.0037948806229262397,0.0037948806229262397,0.31067878007888794,0.07293948531150818,0.35,0,0,761,FP32-token-IDs
RoBERTa,k6qzu7,262,18,5702,Ġsentiment,sentiment,False,brain dysfunction (forget),-0.0015777900451883816,0.0015777900451883816,0.19119325280189514,0.01402713730931282,0.35,0,0,761,FP32-token-IDs
RoBERTa,k6qzu7,262,18,5702,Ġsentiment,sentiment,False,emptiness,-0.00691379608581953,0.00691379608581953,0.11213260889053345,0.19804799556732178,0.35,0,0,761,FP32-token-IDs
RoBERTa,k6qzu7,262,18,5702,Ġsentiment,sentiment,False,hopelessness,-0.0009006557491822885,0.0009006557491822885,0.2967376708984375,0.14247719943523407,0.35,0,0,761,FP32-token-IDs
RoBERTa,k6qzu7,262,18,5702,Ġsentiment,sentiment,False,loneliness,-0.0039597998077694615,0.0039597998077694615,0.27838459610939026,0.9108487963676453,0.35,1,1,761,FP32-token-IDs
RoBERTa,k6qzu7,262,18,5702,Ġsentiment,sentiment,False,sadness,0.0046664656028867916,0.0046664656028867916,0.3116258382797241,0.8714736700057983,0.35,1,1,761,FP32-token-IDs
RoBERTa,k6qzu7,262,18,5702,Ġsentiment,sentiment,False,suicide intent,-0.0004878436645370899,0.0004878436645370899,0.08281110227108002,0.007860248908400536,0.35,0,0,761,FP32-token-IDs
RoBERTa,k6qzu7,262,18,5702,Ġsentiment,sentiment,False,worthlessness,-0.0021775881423113435,0.0021775881423113435,0.23589852452278137,0.06992913782596588,0.35,0,0,761,FP32-token-IDs
RoBERTa,k6qzu7,262,19,14,Ġthat,that,False,anger,0.0037948806229262397,0.0037948806229262397,0.31067878007888794,0.07293948531150818,0.35,0,0,761,FP32-token-IDs
RoBERTa,k6qzu7,262,19,14,Ġthat,that,False,brain dysfunction (forget),-0.0015777900451883816,0.0015777900451883816,0.19119325280189514,0.01402713730931282,0.35,0,0,761,FP32-token-IDs
RoBERTa,k6qzu7,262,19,14,Ġthat,that,False,emptiness,-0.00691379608581953,0.00691379608581953,0.11213260889053345,0.19804799556732178,0.35,0,0,761,FP32-token-IDs
RoBERTa,k6qzu7,262,19,14,Ġthat,that,False,hopelessness,-0.0009006557491822885,0.0009006557491822885,0.2967376708984375,0.14247719943523407,0.35,0,0,761,FP32-token-IDs
RoBERTa,k6qzu7,262,19,14,Ġthat,that,False,loneliness,-0.0039597998077694615,0.0039597998077694615,0.27838459610939026,0.9108487963676453,0.35,1,1,761,FP32-token-IDs
RoBERTa,k6qzu7,262,19,14,Ġthat,that,False,sadness,0.0046664656028867916,0.0046664656028867916,0.3116258382797241,0.8714736700057983,0.35,1,1,761,FP32-token-IDs
RoBERTa,k6qzu7,262,19,14,Ġthat,that,False,suicide intent,-0.0004878436645370899,0.0004878436645370899,0.08281110227108002,0.007860248908400536,0.35,0,0,761,FP32-token-IDs
RoBERTa,k6qzu7,262,19,14,Ġthat,that,False,worthlessness,-0.0021775881423113435,0.0021775881423113435,0.23589852452278137,0.06992913782596588,0.35,0,0,761,FP32-token-IDs
RoBERTa,k6qzu7,262,20,961,Ġeveryone,everyone,False,anger,0.0037948806229262397,0.0037948806229262397,0.31067878007888794,0.07293948531150818,0.35,0,0,761,FP32-token-IDs
RoBERTa,k6qzu7,262,20,961,Ġeveryone,everyone,False,brain dysfunction (forget),-0.0015777900451883816,0.0015777900451883816,0.19119325280189514,0.01402713730931282,0.35,0,0,761,FP32-token-IDs
RoBERTa,k6qzu7,262,20,961,Ġeveryone,everyone,False,emptiness,-0.00691379608581953,0.00691379608581953,0.11213260889053345,0.19804799556732178,0.35,0,0,761,FP32-token-IDs
RoBERTa,k6qzu7,262,20,961,Ġeveryone,everyone,False,hopelessness,-0.0009006557491822885,0.0009006557491822885,0.2967376708984375,0.14247719943523407,0.35,0,0,761,FP32-token-IDs
RoBERTa,k6qzu7,262,20,961,Ġeveryone,everyone,False,loneliness,-0.0039597998077694615,0.0039597998077694615,0.27838459610939026,0.9108487963676453,0.35,1,1,761,FP32-token-IDs
RoBERTa,k6qzu7,262,20,961,Ġeveryone,everyone,False,sadness,0.0046664656028867916,0.0046664656028867916,0.3116258382797241,0.8714736700057983,0.35,1,1,761,FP32-token-IDs
RoBERTa,k6qzu7,262,20,961,Ġeveryone,everyone,False,suicide intent,-0.0004878436645370899,0.0004878436645370899,0.08281110227108002,0.007860248908400536,0.35,0,0,761,FP32-token-IDs
RoBERTa,k6qzu7,262,20,961,Ġeveryone,everyone,False,worthlessness,-0.0021775881423113435,0.0021775881423113435,0.23589852452278137,0.06992913782596588,0.35,0,0,761,FP32-token-IDs
RoBERTa,k6qzu7,262,21,34,Ġhas,has,False,anger,-0.009240629074584622,0.009240629074584622,0.31067878007888794,0.07293948531150818,0.35,0,0,761,FP32-token-IDs
RoBERTa,k6qzu7,262,21,34,Ġhas,has,False,brain dysfunction (forget),-0.0022232518823092013,0.0022232518823092013,0.19119325280189514,0.01402713730931282,0.35,0,0,761,FP32-token-IDs
RoBERTa,k6qzu7,262,21,34,Ġhas,has,False,emptiness,-0.010484609342193625,0.010484609342193625,0.11213260889053345,0.19804799556732178,0.35,0,0,761,FP32-token-IDs
RoBERTa,k6qzu7,262,21,34,Ġhas,has,False,hopelessness,-0.009480637076239173,0.009480637076239173,0.2967376708984375,0.14247719943523407,0.35,0,0,761,FP32-token-IDs
RoBERTa,k6qzu7,262,21,34,Ġhas,has,False,loneliness,-0.0030733384827796657,0.0030733384827796657,0.27838459610939026,0.9108487963676453,0.35,1,1,761,FP32-token-IDs
RoBERTa,k6qzu7,262,21,34,Ġhas,has,False,sadness,-0.0013159938733308361,0.0013159938733308361,0.3116258382797241,0.8714736700057983,0.35,1,1,761,FP32-token-IDs
RoBERTa,k6qzu7,262,21,34,Ġhas,has,False,suicide intent,-0.0006330859551739055,0.0006330859551739055,0.08281110227108002,0.007860248908400536,0.35,0,0,761,FP32-token-IDs
RoBERTa,k6qzu7,262,21,34,Ġhas,has,False,worthlessness,-0.01738747310717232,0.01738747310717232,0.23589852452278137,0.06992913782596588,0.35,0,0,761,FP32-token-IDs
RoBERTa,k6qzu7,262,22,49,Ġtheir,their,False,anger,-0.009240629074584622,0.009240629074584622,0.31067878007888794,0.07293948531150818,0.35,0,0,761,FP32-token-IDs
RoBERTa,k6qzu7,262,22,49,Ġtheir,their,False,brain dysfunction (forget),-0.0022232518823092013,0.0022232518823092013,0.19119325280189514,0.01402713730931282,0.35,0,0,761,FP32-token-IDs
RoBERTa,k6qzu7,262,22,49,Ġtheir,their,False,emptiness,-0.010484609342193625,0.010484609342193625,0.11213260889053345,0.19804799556732178,0.35,0,0,761,FP32-token-IDs
RoBERTa,k6qzu7,262,22,49,Ġtheir,their,False,hopelessness,-0.009480637076239173,0.009480637076239173,0.2967376708984375,0.14247719943523407,0.35,0,0,761,FP32-token-IDs
RoBERTa,k6qzu7,262,22,49,Ġtheir,their,False,loneliness,-0.0030733384827796657,0.0030733384827796657,0.27838459610939026,0.9108487963676453,0.35,1,1,761,FP32-token-IDs
RoBERTa,k6qzu7,262,22,49,Ġtheir,their,False,sadness,-0.0013159938733308361,0.0013159938733308361,0.3116258382797241,0.8714736700057983,0.35,1,1,761,FP32-token-IDs
RoBERTa,k6qzu7,262,22,49,Ġtheir,their,False,suicide intent,-0.0006330859551739055,0.0006330859551739055,0.08281110227108002,0.007860248908400536,0.35,0,0,761,FP32-token-IDs
RoBERTa,k6qzu7,262,22,49,Ġtheir,their,False,worthlessness,-0.01738747310717232,0.01738747310717232,0.23589852452278137,0.06992913782596588,0.35,0,0,761,FP32-token-IDs
RoBERTa,k6qzu7,262,23,308,Ġown,own,False,anger,-0.009240629074584622,0.009240629074584622,0.31067878007888794,0.07293948531150818,0.35,0,0,761,FP32-token-IDs
RoBERTa,k6qzu7,262,23,308,Ġown,own,False,brain dysfunction (forget),-0.0022232518823092013,0.0022232518823092013,0.19119325280189514,0.01402713730931282,0.35,0,0,761,FP32-token-IDs
RoBERTa,k6qzu7,262,23,308,Ġown,own,False,emptiness,-0.010484609342193625,0.010484609342193625,0.11213260889053345,0.19804799556732178,0.35,0,0,761,FP32-token-IDs
RoBERTa,k6qzu7,262,23,308,Ġown,own,False,hopelessness,-0.009480637076239173,0.009480637076239173,0.2967376708984375,0.14247719943523407,0.35,0,0,761,FP32-token-IDs
RoBERTa,k6qzu7,262,23,308,Ġown,own,False,loneliness,-0.0030733384827796657,0.0030733384827796657,0.27838459610939026,0.9108487963676453,0.35,1,1,761,FP32-token-IDs
RoBERTa,k6qzu7,262,23,308,Ġown,own,False,sadness,-0.0013159938733308361,0.0013159938733308361,0.3116258382797241,0.8714736700057983,0.35,1,1,761,FP32-token-IDs
RoBERTa,k6qzu7,262,23,308,Ġown,own,False,suicide intent,-0.0006330859551739055,0.0006330859551739055,0.08281110227108002,0.007860248908400536,0.35,0,0,761,FP32-token-IDs
RoBERTa,k6qzu7,262,23,308,Ġown,own,False,worthlessness,-0.01738747310717232,0.01738747310717232,0.23589852452278137,0.06992913782596588,0.35,0,0,761,FP32-token-IDs
RoBERTa,k6qzu7,262,24,9282,Ġdifficulties,difficulties,False,anger,-0.009240629074584622,0.009240629074584622,0.31067878007888794,0.07293948531150818,0.35,0,0,761,FP32-token-IDs
RoBERTa,k6qzu7,262,24,9282,Ġdifficulties,difficulties,False,brain dysfunction (forget),-0.0022232518823092013,0.0022232518823092013,0.19119325280189514,0.01402713730931282,0.35,0,0,761,FP32-token-IDs
RoBERTa,k6qzu7,262,24,9282,Ġdifficulties,difficulties,False,emptiness,-0.010484609342193625,0.010484609342193625,0.11213260889053345,0.19804799556732178,0.35,0,0,761,FP32-token-IDs
RoBERTa,k6qzu7,262,24,9282,Ġdifficulties,difficulties,False,hopelessness,-0.009480637076239173,0.009480637076239173,0.2967376708984375,0.14247719943523407,0.35,0,0,761,FP32-token-IDs
RoBERTa,k6qzu7,262,24,9282,Ġdifficulties,difficulties,False,loneliness,-0.0030733384827796657,0.0030733384827796657,0.27838459610939026,0.9108487963676453,0.35,1,1,761,FP32-token-IDs
RoBERTa,k6qzu7,262,24,9282,Ġdifficulties,difficulties,False,sadness,-0.0013159938733308361,0.0013159938733308361,0.3116258382797241,0.8714736700057983,0.35,1,1,761,FP32-token-IDs
RoBERTa,k6qzu7,262,24,9282,Ġdifficulties,difficulties,False,suicide intent,-0.0006330859551739055,0.0006330859551739055,0.08281110227108002,0.007860248908400536,0.35,0,0,761,FP32-token-IDs
RoBERTa,k6qzu7,262,24,9282,Ġdifficulties,difficulties,False,worthlessness,-0.01738747310717232,0.01738747310717232,0.23589852452278137,0.06992913782596588,0.35,0,0,761,FP32-token-IDs
RoBERTa,k6qzu7,262,25,6,",",",",False,anger,-0.0007396350806364075,0.0007396350806364075,0.31067878007888794,0.07293948531150818,0.35,0,0,761,FP32-token-IDs
RoBERTa,k6qzu7,262,25,6,",",",",False,brain dysfunction (forget),-0.0013475935339318731,0.0013475935339318731,0.19119325280189514,0.01402713730931282,0.35,0,0,761,FP32-token-IDs
RoBERTa,k6qzu7,262,25,6,",",",",False,emptiness,-0.00025243009843577005,0.00025243009843577005,0.11213260889053345,0.19804799556732178,0.35,0,0,761,FP32-token-IDs
RoBERTa,k6qzu7,262,25,6,",",",",False,hopelessness,-0.003544713879863803,0.003544713879863803,0.2967376708984375,0.14247719943523407,0.35,0,0,761,FP32-token-IDs
RoBERTa,k6qzu7,262,25,6,",",",",False,loneliness,-0.002074837573589041,0.002074837573589041,0.27838459610939026,0.9108487963676453,0.35,1,1,761,FP32-token-IDs
RoBERTa,k6qzu7,262,25,6,",",",",False,sadness,0.0010445541358337952,0.0010445541358337952,0.3116258382797241,0.8714736700057983,0.35,1,1,761,FP32-token-IDs
RoBERTa,k6qzu7,262,25,6,",",",",False,suicide intent,-0.0004167146590547278,0.0004167146590547278,0.08281110227108002,0.007860248908400536,0.35,0,0,761,FP32-token-IDs
RoBERTa,k6qzu7,262,25,6,",",",",False,worthlessness,-0.0015208422800955864,0.0015208422800955864,0.23589852452278137,0.06992913782596588,0.35,0,0,761,FP32-token-IDs
RoBERTa,k6qzu7,262,26,8,Ġand,and,False,anger,0.004089534689140107,0.004089534689140107,0.31067878007888794,0.07293948531150818,0.35,0,0,761,FP32-token-IDs
RoBERTa,k6qzu7,262,26,8,Ġand,and,False,brain dysfunction (forget),-0.002530753889087854,0.002530753889087854,0.19119325280189514,0.01402713730931282,0.35,0,0,761,FP32-token-IDs
RoBERTa,k6qzu7,262,26,8,Ġand,and,False,emptiness,-0.005647800649915423,0.005647800649915423,0.11213260889053345,0.19804799556732178,0.35,0,0,761,FP32-token-IDs
RoBERTa,k6qzu7,262,26,8,Ġand,and,False,hopelessness,-0.010896515911445023,0.010896515911445023,0.2967376708984375,0.14247719943523407,0.35,0,0,761,FP32-token-IDs
RoBERTa,k6qzu7,262,26,8,Ġand,and,False,loneliness,0.0006696264392563275,0.0006696264392563275,0.27838459610939026,0.9108487963676453,0.35,1,1,761,FP32-token-IDs
RoBERTa,k6qzu7,262,26,8,Ġand,and,False,sadness,-0.003447456620633602,0.003447456620633602,0.3116258382797241,0.8714736700057983,0.35,1,1,761,FP32-token-IDs
RoBERTa,k6qzu7,262,26,8,Ġand,and,False,suicide intent,-0.00045017523840735,0.00045017523840735,0.08281110227108002,0.007860248908400536,0.35,0,0,761,FP32-token-IDs
RoBERTa,k6qzu7,262,26,8,Ġand,and,False,worthlessness,-0.00829022050702146,0.00829022050702146,0.23589852452278137,0.06992913782596588,0.35,0,0,761,FP32-token-IDs
RoBERTa,k6qzu7,262,27,38,ĠI,i,False,anger,0.002301421335598986,0.002301421335598986,0.31067878007888794,0.07293948531150818,0.35,0,0,761,FP32-token-IDs
RoBERTa,k6qzu7,262,27,38,ĠI,i,False,brain dysfunction (forget),-0.0032365629668597,0.0032365629668597,0.19119325280189514,0.01402713730931282,0.35,0,0,761,FP32-token-IDs
RoBERTa,k6qzu7,262,27,38,ĠI,i,False,emptiness,-0.008626176529963102,0.008626176529963102,0.11213260889053345,0.19804799556732178,0.35,0,0,761,FP32-token-IDs
RoBERTa,k6qzu7,262,27,38,ĠI,i,False,hopelessness,-0.019773895964026452,0.019773895964026452,0.2967376708984375,0.14247719943523407,0.35,0,0,761,FP32-token-IDs
RoBERTa,k6qzu7,262,27,38,ĠI,i,False,loneliness,0.001968812583280461,0.001968812583280461,0.27838459610939026,0.9108487963676453,0.35,1,1,761,FP32-token-IDs
RoBERTa,k6qzu7,262,27,38,ĠI,i,False,sadness,-0.0038881852384656666,0.0038881852384656666,0.3116258382797241,0.8714736700057983,0.35,1,1,761,FP32-token-IDs
RoBERTa,k6qzu7,262,27,38,ĠI,i,False,suicide intent,-0.0005898310256868301,0.0005898310256868301,0.08281110227108002,0.007860248908400536,0.35,0,0,761,FP32-token-IDs
RoBERTa,k6qzu7,262,27,38,ĠI,i,False,worthlessness,-0.019070255268431667,0.019070255268431667,0.23589852452278137,0.06992913782596588,0.35,0,0,761,FP32-token-IDs
RoBERTa,k6qzu7,262,28,2098,Ġrespect,respect,False,anger,0.002301421335598986,0.002301421335598986,0.31067878007888794,0.07293948531150818,0.35,0,0,761,FP32-token-IDs
RoBERTa,k6qzu7,262,28,2098,Ġrespect,respect,False,brain dysfunction (forget),-0.0032365629668597,0.0032365629668597,0.19119325280189514,0.01402713730931282,0.35,0,0,761,FP32-token-IDs
RoBERTa,k6qzu7,262,28,2098,Ġrespect,respect,False,emptiness,-0.008626176529963102,0.008626176529963102,0.11213260889053345,0.19804799556732178,0.35,0,0,761,FP32-token-IDs
RoBERTa,k6qzu7,262,28,2098,Ġrespect,respect,False,hopelessness,-0.019773895964026452,0.019773895964026452,0.2967376708984375,0.14247719943523407,0.35,0,0,761,FP32-token-IDs
RoBERTa,k6qzu7,262,28,2098,Ġrespect,respect,False,loneliness,0.001968812583280461,0.001968812583280461,0.27838459610939026,0.9108487963676453,0.35,1,1,761,FP32-token-IDs
RoBERTa,k6qzu7,262,28,2098,Ġrespect,respect,False,sadness,-0.0038881852384656666,0.0038881852384656666,0.3116258382797241,0.8714736700057983,0.35,1,1,761,FP32-token-IDs
RoBERTa,k6qzu7,262,28,2098,Ġrespect,respect,False,suicide intent,-0.0005898310256868301,0.0005898310256868301,0.08281110227108002,0.007860248908400536,0.35,0,0,761,FP32-token-IDs
RoBERTa,k6qzu7,262,28,2098,Ġrespect,respect,False,worthlessness,-0.019070255268431667,0.019070255268431667,0.23589852452278137,0.06992913782596588,0.35,0,0,761,FP32-token-IDs
RoBERTa,k6qzu7,262,29,14,Ġthat,that,False,anger,0.002301421335598986,0.002301421335598986,0.31067878007888794,0.07293948531150818,0.35,0,0,761,FP32-token-IDs
RoBERTa,k6qzu7,262,29,14,Ġthat,that,False,brain dysfunction (forget),-0.0032365629668597,0.0032365629668597,0.19119325280189514,0.01402713730931282,0.35,0,0,761,FP32-token-IDs
RoBERTa,k6qzu7,262,29,14,Ġthat,that,False,emptiness,-0.008626176529963102,0.008626176529963102,0.11213260889053345,0.19804799556732178,0.35,0,0,761,FP32-token-IDs
RoBERTa,k6qzu7,262,29,14,Ġthat,that,False,hopelessness,-0.019773895964026452,0.019773895964026452,0.2967376708984375,0.14247719943523407,0.35,0,0,761,FP32-token-IDs
RoBERTa,k6qzu7,262,29,14,Ġthat,that,False,loneliness,0.001968812583280461,0.001968812583280461,0.27838459610939026,0.9108487963676453,0.35,1,1,761,FP32-token-IDs
RoBERTa,k6qzu7,262,29,14,Ġthat,that,False,sadness,-0.0038881852384656666,0.0038881852384656666,0.3116258382797241,0.8714736700057983,0.35,1,1,761,FP32-token-IDs
RoBERTa,k6qzu7,262,29,14,Ġthat,that,False,suicide intent,-0.0005898310256868301,0.0005898310256868301,0.08281110227108002,0.007860248908400536,0.35,0,0,761,FP32-token-IDs
RoBERTa,k6qzu7,262,29,14,Ġthat,that,False,worthlessness,-0.019070255268431667,0.019070255268431667,0.23589852452278137,0.06992913782596588,0.35,0,0,761,FP32-token-IDs
RoBERTa,k6qzu7,262,30,4,.,.,False,anger,0.002301421335598986,0.002301421335598986,0.31067878007888794,0.07293948531150818,0.35,0,0,761,FP32-token-IDs
RoBERTa,k6qzu7,262,30,4,.,.,False,brain dysfunction (forget),-0.0032365629668597,0.0032365629668597,0.19119325280189514,0.01402713730931282,0.35,0,0,761,FP32-token-IDs
RoBERTa,k6qzu7,262,30,4,.,.,False,emptiness,-0.008626176529963102,0.008626176529963102,0.11213260889053345,0.19804799556732178,0.35,0,0,761,FP32-token-IDs
RoBERTa,k6qzu7,262,30,4,.,.,False,hopelessness,-0.019773895964026452,0.019773895964026452,0.2967376708984375,0.14247719943523407,0.35,0,0,761,FP32-token-IDs
RoBERTa,k6qzu7,262,30,4,.,.,False,loneliness,0.001968812583280461,0.001968812583280461,0.27838459610939026,0.9108487963676453,0.35,1,1,761,FP32-token-IDs
RoBERTa,k6qzu7,262,30,4,.,.,False,sadness,-0.0038881852384656666,0.0038881852384656666,0.3116258382797241,0.8714736700057983,0.35,1,1,761,FP32-token-IDs
RoBERTa,k6qzu7,262,30,4,.,.,False,suicide intent,-0.0005898310256868301,0.0005898310256868301,0.08281110227108002,0.007860248908400536,0.35,0,0,761,FP32-token-IDs
RoBERTa,k6qzu7,262,30,4,.,.,False,worthlessness,-0.019070255268431667,0.019070255268431667,0.23589852452278137,0.06992913782596588,0.35,0,0,761,FP32-token-IDs
RoBERTa,k6qzu7,262,31,635,ĠHowever,however,False,anger,-0.0008635179498898131,0.0008635179498898131,0.31067878007888794,0.07293948531150818,0.35,0,0,761,FP32-token-IDs
RoBERTa,k6qzu7,262,31,635,ĠHowever,however,False,brain dysfunction (forget),-0.0007361124183184334,0.0007361124183184334,0.19119325280189514,0.01402713730931282,0.35,0,0,761,FP32-token-IDs
RoBERTa,k6qzu7,262,31,635,ĠHowever,however,False,emptiness,-0.0005706712803138154,0.0005706712803138154,0.11213260889053345,0.19804799556732178,0.35,0,0,761,FP32-token-IDs
RoBERTa,k6qzu7,262,31,635,ĠHowever,however,False,hopelessness,-0.008669264540076256,0.008669264540076256,0.2967376708984375,0.14247719943523407,0.35,0,0,761,FP32-token-IDs
RoBERTa,k6qzu7,262,31,635,ĠHowever,however,False,loneliness,-0.002690307130771024,0.002690307130771024,0.27838459610939026,0.9108487963676453,0.35,1,1,761,FP32-token-IDs
RoBERTa,k6qzu7,262,31,635,ĠHowever,however,False,sadness,-0.002086636386811733,0.002086636386811733,0.3116258382797241,0.8714736700057983,0.35,1,1,761,FP32-token-IDs
RoBERTa,k6qzu7,262,31,635,ĠHowever,however,False,suicide intent,-0.0006122295638903909,0.0006122295638903909,0.08281110227108002,0.007860248908400536,0.35,0,0,761,FP32-token-IDs
RoBERTa,k6qzu7,262,31,635,ĠHowever,however,False,worthlessness,-0.007059272950116013,0.007059272950116013,0.23589852452278137,0.06992913782596588,0.35,0,0,761,FP32-token-IDs
RoBERTa,k6qzu7,262,32,6,",",",",False,anger,-0.0008635179498898131,0.0008635179498898131,0.31067878007888794,0.07293948531150818,0.35,0,0,761,FP32-token-IDs
RoBERTa,k6qzu7,262,32,6,",",",",False,brain dysfunction (forget),-0.0007361124183184334,0.0007361124183184334,0.19119325280189514,0.01402713730931282,0.35,0,0,761,FP32-token-IDs
RoBERTa,k6qzu7,262,32,6,",",",",False,emptiness,-0.0005706712803138154,0.0005706712803138154,0.11213260889053345,0.19804799556732178,0.35,0,0,761,FP32-token-IDs
RoBERTa,k6qzu7,262,32,6,",",",",False,hopelessness,-0.008669264540076256,0.008669264540076256,0.2967376708984375,0.14247719943523407,0.35,0,0,761,FP32-token-IDs
RoBERTa,k6qzu7,262,32,6,",",",",False,loneliness,-0.002690307130771024,0.002690307130771024,0.27838459610939026,0.9108487963676453,0.35,1,1,761,FP32-token-IDs
RoBERTa,k6qzu7,262,32,6,",",",",False,sadness,-0.002086636386811733,0.002086636386811733,0.3116258382797241,0.8714736700057983,0.35,1,1,761,FP32-token-IDs
RoBERTa,k6qzu7,262,32,6,",",",",False,suicide intent,-0.0006122295638903909,0.0006122295638903909,0.08281110227108002,0.007860248908400536,0.35,0,0,761,FP32-token-IDs
RoBERTa,k6qzu7,262,32,6,",",",",False,worthlessness,-0.007059272950116013,0.007059272950116013,0.23589852452278137,0.06992913782596588,0.35,0,0,761,FP32-token-IDs
RoBERTa,k6qzu7,262,33,24,Ġit,it,False,anger,0.004145049006328918,0.004145049006328918,0.31067878007888794,0.07293948531150818,0.35,0,0,761,FP32-token-IDs
RoBERTa,k6qzu7,262,33,24,Ġit,it,False,brain dysfunction (forget),0.0003098699937982019,0.0003098699937982019,0.19119325280189514,0.01402713730931282,0.35,0,0,761,FP32-token-IDs
RoBERTa,k6qzu7,262,33,24,Ġit,it,False,emptiness,-0.003384002501843497,0.003384002501843497,0.11213260889053345,0.19804799556732178,0.35,0,0,761,FP32-token-IDs
RoBERTa,k6qzu7,262,33,24,Ġit,it,False,hopelessness,0.01289280790835619,0.01289280790835619,0.2967376708984375,0.14247719943523407,0.35,0,0,761,FP32-token-IDs
RoBERTa,k6qzu7,262,33,24,Ġit,it,False,loneliness,-0.006381840183166787,0.006381840183166787,0.27838459610939026,0.9108487963676453,0.35,1,1,761,FP32-token-IDs
RoBERTa,k6qzu7,262,33,24,Ġit,it,False,sadness,0.0051267587020993235,0.0051267587020993235,0.3116258382797241,0.8714736700057983,0.35,1,1,761,FP32-token-IDs
RoBERTa,k6qzu7,262,33,24,Ġit,it,False,suicide intent,-0.00022671957965940238,0.00022671957965940238,0.08281110227108002,0.007860248908400536,0.35,0,0,761,FP32-token-IDs
RoBERTa,k6qzu7,262,33,24,Ġit,it,False,worthlessness,0.02666548056236934,0.02666548056236934,0.23589852452278137,0.06992913782596588,0.35,0,0,761,FP32-token-IDs
RoBERTa,k6qzu7,262,34,2653,Ġfeels,feels,False,anger,0.004145049006328918,0.004145049006328918,0.31067878007888794,0.07293948531150818,0.35,0,0,761,FP32-token-IDs
RoBERTa,k6qzu7,262,34,2653,Ġfeels,feels,False,brain dysfunction (forget),0.0003098699937982019,0.0003098699937982019,0.19119325280189514,0.01402713730931282,0.35,0,0,761,FP32-token-IDs
RoBERTa,k6qzu7,262,34,2653,Ġfeels,feels,False,emptiness,-0.003384002501843497,0.003384002501843497,0.11213260889053345,0.19804799556732178,0.35,0,0,761,FP32-token-IDs
RoBERTa,k6qzu7,262,34,2653,Ġfeels,feels,False,hopelessness,0.01289280790835619,0.01289280790835619,0.2967376708984375,0.14247719943523407,0.35,0,0,761,FP32-token-IDs
RoBERTa,k6qzu7,262,34,2653,Ġfeels,feels,False,loneliness,-0.006381840183166787,0.006381840183166787,0.27838459610939026,0.9108487963676453,0.35,1,1,761,FP32-token-IDs
RoBERTa,k6qzu7,262,34,2653,Ġfeels,feels,False,sadness,0.0051267587020993235,0.0051267587020993235,0.3116258382797241,0.8714736700057983,0.35,1,1,761,FP32-token-IDs
RoBERTa,k6qzu7,262,34,2653,Ġfeels,feels,False,suicide intent,-0.00022671957965940238,0.00022671957965940238,0.08281110227108002,0.007860248908400536,0.35,0,0,761,FP32-token-IDs
RoBERTa,k6qzu7,262,34,2653,Ġfeels,feels,False,worthlessness,0.02666548056236934,0.02666548056236934,0.23589852452278137,0.06992913782596588,0.35,0,0,761,FP32-token-IDs
RoBERTa,k6qzu7,262,35,21250,Ġunhealthy,unhealthy,False,anger,0.004145049006328918,0.004145049006328918,0.31067878007888794,0.07293948531150818,0.35,0,0,761,FP32-token-IDs
RoBERTa,k6qzu7,262,35,21250,Ġunhealthy,unhealthy,False,brain dysfunction (forget),0.0003098699937982019,0.0003098699937982019,0.19119325280189514,0.01402713730931282,0.35,0,0,761,FP32-token-IDs
RoBERTa,k6qzu7,262,35,21250,Ġunhealthy,unhealthy,False,emptiness,-0.003384002501843497,0.003384002501843497,0.11213260889053345,0.19804799556732178,0.35,0,0,761,FP32-token-IDs
RoBERTa,k6qzu7,262,35,21250,Ġunhealthy,unhealthy,False,hopelessness,0.01289280790835619,0.01289280790835619,0.2967376708984375,0.14247719943523407,0.35,0,0,761,FP32-token-IDs
RoBERTa,k6qzu7,262,35,21250,Ġunhealthy,unhealthy,False,loneliness,-0.006381840183166787,0.006381840183166787,0.27838459610939026,0.9108487963676453,0.35,1,1,761,FP32-token-IDs
RoBERTa,k6qzu7,262,35,21250,Ġunhealthy,unhealthy,False,sadness,0.0051267587020993235,0.0051267587020993235,0.3116258382797241,0.8714736700057983,0.35,1,1,761,FP32-token-IDs
RoBERTa,k6qzu7,262,35,21250,Ġunhealthy,unhealthy,False,suicide intent,-0.00022671957965940238,0.00022671957965940238,0.08281110227108002,0.007860248908400536,0.35,0,0,761,FP32-token-IDs
RoBERTa,k6qzu7,262,35,21250,Ġunhealthy,unhealthy,False,worthlessness,0.02666548056236934,0.02666548056236934,0.23589852452278137,0.06992913782596588,0.35,0,0,761,FP32-token-IDs
RoBERTa,k6qzu7,262,36,7,Ġto,to,False,anger,0.004145049006328918,0.004145049006328918,0.31067878007888794,0.07293948531150818,0.35,0,0,761,FP32-token-IDs
RoBERTa,k6qzu7,262,36,7,Ġto,to,False,brain dysfunction (forget),0.0003098699937982019,0.0003098699937982019,0.19119325280189514,0.01402713730931282,0.35,0,0,761,FP32-token-IDs
RoBERTa,k6qzu7,262,36,7,Ġto,to,False,emptiness,-0.003384002501843497,0.003384002501843497,0.11213260889053345,0.19804799556732178,0.35,0,0,761,FP32-token-IDs
RoBERTa,k6qzu7,262,36,7,Ġto,to,False,hopelessness,0.01289280790835619,0.01289280790835619,0.2967376708984375,0.14247719943523407,0.35,0,0,761,FP32-token-IDs
RoBERTa,k6qzu7,262,36,7,Ġto,to,False,loneliness,-0.006381840183166787,0.006381840183166787,0.27838459610939026,0.9108487963676453,0.35,1,1,761,FP32-token-IDs
RoBERTa,k6qzu7,262,36,7,Ġto,to,False,sadness,0.0051267587020993235,0.0051267587020993235,0.3116258382797241,0.8714736700057983,0.35,1,1,761,FP32-token-IDs
RoBERTa,k6qzu7,262,36,7,Ġto,to,False,suicide intent,-0.00022671957965940238,0.00022671957965940238,0.08281110227108002,0.007860248908400536,0.35,0,0,761,FP32-token-IDs
RoBERTa,k6qzu7,262,36,7,Ġto,to,False,worthlessness,0.02666548056236934,0.02666548056236934,0.23589852452278137,0.06992913782596588,0.35,0,0,761,FP32-token-IDs
RoBERTa,k6qzu7,262,37,5861,Ġconstantly,constantly,False,anger,0.001673030416131951,0.001673030416131951,0.31067878007888794,0.07293948531150818,0.35,0,0,761,FP32-token-IDs
RoBERTa,k6qzu7,262,37,5861,Ġconstantly,constantly,False,brain dysfunction (forget),0.0008275189004780259,0.0008275189004780259,0.19119325280189514,0.01402713730931282,0.35,0,0,761,FP32-token-IDs
RoBERTa,k6qzu7,262,37,5861,Ġconstantly,constantly,False,emptiness,-0.009887021954637022,0.009887021954637022,0.11213260889053345,0.19804799556732178,0.35,0,0,761,FP32-token-IDs
RoBERTa,k6qzu7,262,37,5861,Ġconstantly,constantly,False,hopelessness,-0.0013130353018641471,0.0013130353018641471,0.2967376708984375,0.14247719943523407,0.35,0,0,761,FP32-token-IDs
RoBERTa,k6qzu7,262,37,5861,Ġconstantly,constantly,False,loneliness,-0.005119519395520911,0.005119519395520911,0.27838459610939026,0.9108487963676453,0.35,1,1,761,FP32-token-IDs
RoBERTa,k6qzu7,262,37,5861,Ġconstantly,constantly,False,sadness,-0.0031278084591031072,0.0031278084591031072,0.3116258382797241,0.8714736700057983,0.35,1,1,761,FP32-token-IDs
RoBERTa,k6qzu7,262,37,5861,Ġconstantly,constantly,False,suicide intent,-0.0004144709492538823,0.0004144709492538823,0.08281110227108002,0.007860248908400536,0.35,0,0,761,FP32-token-IDs
RoBERTa,k6qzu7,262,37,5861,Ġconstantly,constantly,False,worthlessness,0.00724506423517596,0.00724506423517596,0.23589852452278137,0.06992913782596588,0.35,0,0,761,FP32-token-IDs
RoBERTa,k6qzu7,262,38,1877,Ġavoid,avoid,False,anger,0.001673030416131951,0.001673030416131951,0.31067878007888794,0.07293948531150818,0.35,0,0,761,FP32-token-IDs
RoBERTa,k6qzu7,262,38,1877,Ġavoid,avoid,False,brain dysfunction (forget),0.0008275189004780259,0.0008275189004780259,0.19119325280189514,0.01402713730931282,0.35,0,0,761,FP32-token-IDs
RoBERTa,k6qzu7,262,38,1877,Ġavoid,avoid,False,emptiness,-0.009887021954637022,0.009887021954637022,0.11213260889053345,0.19804799556732178,0.35,0,0,761,FP32-token-IDs
RoBERTa,k6qzu7,262,38,1877,Ġavoid,avoid,False,hopelessness,-0.0013130353018641471,0.0013130353018641471,0.2967376708984375,0.14247719943523407,0.35,0,0,761,FP32-token-IDs
RoBERTa,k6qzu7,262,38,1877,Ġavoid,avoid,False,loneliness,-0.005119519395520911,0.005119519395520911,0.27838459610939026,0.9108487963676453,0.35,1,1,761,FP32-token-IDs
RoBERTa,k6qzu7,262,38,1877,Ġavoid,avoid,False,sadness,-0.0031278084591031072,0.0031278084591031072,0.3116258382797241,0.8714736700057983,0.35,1,1,761,FP32-token-IDs
RoBERTa,k6qzu7,262,38,1877,Ġavoid,avoid,False,suicide intent,-0.0004144709492538823,0.0004144709492538823,0.08281110227108002,0.007860248908400536,0.35,0,0,761,FP32-token-IDs
RoBERTa,k6qzu7,262,38,1877,Ġavoid,avoid,False,worthlessness,0.00724506423517596,0.00724506423517596,0.23589852452278137,0.06992913782596588,0.35,0,0,761,FP32-token-IDs
RoBERTa,k6qzu7,262,39,5,Ġthe,the,False,anger,0.001673030416131951,0.001673030416131951,0.31067878007888794,0.07293948531150818,0.35,0,0,761,FP32-token-IDs
RoBERTa,k6qzu7,262,39,5,Ġthe,the,False,brain dysfunction (forget),0.0008275189004780259,0.0008275189004780259,0.19119325280189514,0.01402713730931282,0.35,0,0,761,FP32-token-IDs
RoBERTa,k6qzu7,262,39,5,Ġthe,the,False,emptiness,-0.009887021954637022,0.009887021954637022,0.11213260889053345,0.19804799556732178,0.35,0,0,761,FP32-token-IDs
RoBERTa,k6qzu7,262,39,5,Ġthe,the,False,hopelessness,-0.0013130353018641471,0.0013130353018641471,0.2967376708984375,0.14247719943523407,0.35,0,0,761,FP32-token-IDs
RoBERTa,k6qzu7,262,39,5,Ġthe,the,False,loneliness,-0.005119519395520911,0.005119519395520911,0.27838459610939026,0.9108487963676453,0.35,1,1,761,FP32-token-IDs
RoBERTa,k6qzu7,262,39,5,Ġthe,the,False,sadness,-0.0031278084591031072,0.0031278084591031072,0.3116258382797241,0.8714736700057983,0.35,1,1,761,FP32-token-IDs
RoBERTa,k6qzu7,262,39,5,Ġthe,the,False,suicide intent,-0.0004144709492538823,0.0004144709492538823,0.08281110227108002,0.007860248908400536,0.35,0,0,761,FP32-token-IDs
RoBERTa,k6qzu7,262,39,5,Ġthe,the,False,worthlessness,0.00724506423517596,0.00724506423517596,0.23589852452278137,0.06992913782596588,0.35,0,0,761,FP32-token-IDs
RoBERTa,k6qzu7,262,40,754,Ġfact,fact,False,anger,0.001673030416131951,0.001673030416131951,0.31067878007888794,0.07293948531150818,0.35,0,0,761,FP32-token-IDs
RoBERTa,k6qzu7,262,40,754,Ġfact,fact,False,brain dysfunction (forget),0.0008275189004780259,0.0008275189004780259,0.19119325280189514,0.01402713730931282,0.35,0,0,761,FP32-token-IDs
RoBERTa,k6qzu7,262,40,754,Ġfact,fact,False,emptiness,-0.009887021954637022,0.009887021954637022,0.11213260889053345,0.19804799556732178,0.35,0,0,761,FP32-token-IDs
RoBERTa,k6qzu7,262,40,754,Ġfact,fact,False,hopelessness,-0.0013130353018641471,0.0013130353018641471,0.2967376708984375,0.14247719943523407,0.35,0,0,761,FP32-token-IDs
RoBERTa,k6qzu7,262,40,754,Ġfact,fact,False,loneliness,-0.005119519395520911,0.005119519395520911,0.27838459610939026,0.9108487963676453,0.35,1,1,761,FP32-token-IDs
RoBERTa,k6qzu7,262,40,754,Ġfact,fact,False,sadness,-0.0031278084591031072,0.0031278084591031072,0.3116258382797241,0.8714736700057983,0.35,1,1,761,FP32-token-IDs
RoBERTa,k6qzu7,262,40,754,Ġfact,fact,False,suicide intent,-0.0004144709492538823,0.0004144709492538823,0.08281110227108002,0.007860248908400536,0.35,0,0,761,FP32-token-IDs
RoBERTa,k6qzu7,262,40,754,Ġfact,fact,False,worthlessness,0.00724506423517596,0.00724506423517596,0.23589852452278137,0.06992913782596588,0.35,0,0,761,FP32-token-IDs
RoBERTa,k6qzu7,262,41,14,Ġthat,that,False,anger,-0.008297710642541966,0.008297710642541966,0.31067878007888794,0.07293948531150818,0.35,0,0,761,FP32-token-IDs
RoBERTa,k6qzu7,262,41,14,Ġthat,that,False,brain dysfunction (forget),-0.0005701301529350329,0.0005701301529350329,0.19119325280189514,0.01402713730931282,0.35,0,0,761,FP32-token-IDs
RoBERTa,k6qzu7,262,41,14,Ġthat,that,False,emptiness,0.016333053669788773,0.016333053669788773,0.11213260889053345,0.19804799556732178,0.35,0,0,761,FP32-token-IDs
RoBERTa,k6qzu7,262,41,14,Ġthat,that,False,hopelessness,0.013385974116649272,0.013385974116649272,0.2967376708984375,0.14247719943523407,0.35,0,0,761,FP32-token-IDs
RoBERTa,k6qzu7,262,41,14,Ġthat,that,False,loneliness,0.02616257931286883,0.02616257931286883,0.27838459610939026,0.9108487963676453,0.35,1,1,761,FP32-token-IDs
RoBERTa,k6qzu7,262,41,14,Ġthat,that,False,sadness,0.00901229738801097,0.00901229738801097,0.3116258382797241,0.8714736700057983,0.35,1,1,761,FP32-token-IDs
RoBERTa,k6qzu7,262,41,14,Ġthat,that,False,suicide intent,-0.00017508557010943252,0.00017508557010943252,0.08281110227108002,0.007860248908400536,0.35,0,0,761,FP32-token-IDs
RoBERTa,k6qzu7,262,41,14,Ġthat,that,False,worthlessness,0.008233866179685315,0.008233866179685315,0.23589852452278137,0.06992913782596588,0.35,0,0,761,FP32-token-IDs
RoBERTa,k6qzu7,262,42,38,ĠI,i,False,anger,-0.008297710642541966,0.008297710642541966,0.31067878007888794,0.07293948531150818,0.35,0,0,761,FP32-token-IDs
RoBERTa,k6qzu7,262,42,38,ĠI,i,False,brain dysfunction (forget),-0.0005701301529350329,0.0005701301529350329,0.19119325280189514,0.01402713730931282,0.35,0,0,761,FP32-token-IDs
RoBERTa,k6qzu7,262,42,38,ĠI,i,False,emptiness,0.016333053669788773,0.016333053669788773,0.11213260889053345,0.19804799556732178,0.35,0,0,761,FP32-token-IDs
RoBERTa,k6qzu7,262,42,38,ĠI,i,False,hopelessness,0.013385974116649272,0.013385974116649272,0.2967376708984375,0.14247719943523407,0.35,0,0,761,FP32-token-IDs
RoBERTa,k6qzu7,262,42,38,ĠI,i,False,loneliness,0.02616257931286883,0.02616257931286883,0.27838459610939026,0.9108487963676453,0.35,1,1,761,FP32-token-IDs
RoBERTa,k6qzu7,262,42,38,ĠI,i,False,sadness,0.00901229738801097,0.00901229738801097,0.3116258382797241,0.8714736700057983,0.35,1,1,761,FP32-token-IDs
RoBERTa,k6qzu7,262,42,38,ĠI,i,False,suicide intent,-0.00017508557010943252,0.00017508557010943252,0.08281110227108002,0.007860248908400536,0.35,0,0,761,FP32-token-IDs
RoBERTa,k6qzu7,262,42,38,ĠI,i,False,worthlessness,0.008233866179685315,0.008233866179685315,0.23589852452278137,0.06992913782596588,0.35,0,0,761,FP32-token-IDs
RoBERTa,k6qzu7,262,43,619,Ġfeel,feel,False,anger,-0.025275010025684927,0.025275010025684927,0.31067878007888794,0.07293948531150818,0.35,0,0,761,FP32-token-IDs
RoBERTa,k6qzu7,262,43,619,Ġfeel,feel,False,brain dysfunction (forget),-0.003997097370754798,0.003997097370754798,0.19119325280189514,0.01402713730931282,0.35,0,0,761,FP32-token-IDs
RoBERTa,k6qzu7,262,43,619,Ġfeel,feel,False,emptiness,0.038923637471291135,0.038923637471291135,0.11213260889053345,0.19804799556732178,0.35,0,0,761,FP32-token-IDs
RoBERTa,k6qzu7,262,43,619,Ġfeel,feel,False,hopelessness,0.028351989005718174,0.028351989005718174,0.2967376708984375,0.14247719943523407,0.35,0,0,761,FP32-token-IDs
RoBERTa,k6qzu7,262,43,619,Ġfeel,feel,False,loneliness,0.07213817939110514,0.07213817939110514,0.27838459610939026,0.9108487963676453,0.35,1,1,761,FP32-token-IDs
RoBERTa,k6qzu7,262,43,619,Ġfeel,feel,False,sadness,0.03166210047046964,0.03166210047046964,0.3116258382797241,0.8714736700057983,0.35,1,1,761,FP32-token-IDs
RoBERTa,k6qzu7,262,43,619,Ġfeel,feel,False,suicide intent,-0.0009769672671528598,0.0009769672671528598,0.08281110227108002,0.007860248908400536,0.35,0,0,761,FP32-token-IDs
RoBERTa,k6qzu7,262,43,619,Ġfeel,feel,False,worthlessness,0.0051789919290200085,0.0051789919290200085,0.23589852452278137,0.06992913782596588,0.35,0,0,761,FP32-token-IDs
RoBERTa,k6qzu7,262,44,20100,Ġlonely,lonely,False,anger,-0.025275010025684927,0.025275010025684927,0.31067878007888794,0.07293948531150818,0.35,0,0,761,FP32-token-IDs
RoBERTa,k6qzu7,262,44,20100,Ġlonely,lonely,False,brain dysfunction (forget),-0.003997097370754798,0.003997097370754798,0.19119325280189514,0.01402713730931282,0.35,0,0,761,FP32-token-IDs
RoBERTa,k6qzu7,262,44,20100,Ġlonely,lonely,False,emptiness,0.038923637471291135,0.038923637471291135,0.11213260889053345,0.19804799556732178,0.35,0,0,761,FP32-token-IDs
RoBERTa,k6qzu7,262,44,20100,Ġlonely,lonely,False,hopelessness,0.028351989005718174,0.028351989005718174,0.2967376708984375,0.14247719943523407,0.35,0,0,761,FP32-token-IDs
RoBERTa,k6qzu7,262,44,20100,Ġlonely,lonely,False,loneliness,0.07213817939110514,0.07213817939110514,0.27838459610939026,0.9108487963676453,0.35,1,1,761,FP32-token-IDs
RoBERTa,k6qzu7,262,44,20100,Ġlonely,lonely,False,sadness,0.03166210047046964,0.03166210047046964,0.3116258382797241,0.8714736700057983,0.35,1,1,761,FP32-token-IDs
RoBERTa,k6qzu7,262,44,20100,Ġlonely,lonely,False,suicide intent,-0.0009769672671528598,0.0009769672671528598,0.08281110227108002,0.007860248908400536,0.35,0,0,761,FP32-token-IDs
RoBERTa,k6qzu7,262,44,20100,Ġlonely,lonely,False,worthlessness,0.0051789919290200085,0.0051789919290200085,0.23589852452278137,0.06992913782596588,0.35,0,0,761,FP32-token-IDs
RoBERTa,k6qzu7,262,45,190,Ġeven,even,False,anger,-0.009212444013424425,0.009212444013424425,0.31067878007888794,0.07293948531150818,0.35,0,0,761,FP32-token-IDs
RoBERTa,k6qzu7,262,45,190,Ġeven,even,False,brain dysfunction (forget),-0.0009087685652937377,0.0009087685652937377,0.19119325280189514,0.01402713730931282,0.35,0,0,761,FP32-token-IDs
RoBERTa,k6qzu7,262,45,190,Ġeven,even,False,emptiness,-0.0034993536801064488,0.0034993536801064488,0.11213260889053345,0.19804799556732178,0.35,0,0,761,FP32-token-IDs
RoBERTa,k6qzu7,262,45,190,Ġeven,even,False,hopelessness,-0.0028789378688411993,0.0028789378688411993,0.2967376708984375,0.14247719943523407,0.35,0,0,761,FP32-token-IDs
RoBERTa,k6qzu7,262,45,190,Ġeven,even,False,loneliness,0.019724717603013333,0.019724717603013333,0.27838459610939026,0.9108487963676453,0.35,1,1,761,FP32-token-IDs
RoBERTa,k6qzu7,262,45,190,Ġeven,even,False,sadness,-0.00012961910261462132,0.00012961910261462132,0.3116258382797241,0.8714736700057983,0.35,1,1,761,FP32-token-IDs
RoBERTa,k6qzu7,262,45,190,Ġeven,even,False,suicide intent,-0.00015330797158741107,0.00015330797158741107,0.08281110227108002,0.007860248908400536,0.35,0,0,761,FP32-token-IDs
RoBERTa,k6qzu7,262,45,190,Ġeven,even,False,worthlessness,-0.006490857227149213,0.006490857227149213,0.23589852452278137,0.06992913782596588,0.35,0,0,761,FP32-token-IDs
RoBERTa,k6qzu7,262,46,9783,Ġamongst,amongst,False,anger,-0.009212444013424425,0.009212444013424425,0.31067878007888794,0.07293948531150818,0.35,0,0,761,FP32-token-IDs
RoBERTa,k6qzu7,262,46,9783,Ġamongst,amongst,False,brain dysfunction (forget),-0.0009087685652937377,0.0009087685652937377,0.19119325280189514,0.01402713730931282,0.35,0,0,761,FP32-token-IDs
RoBERTa,k6qzu7,262,46,9783,Ġamongst,amongst,False,emptiness,-0.0034993536801064488,0.0034993536801064488,0.11213260889053345,0.19804799556732178,0.35,0,0,761,FP32-token-IDs
RoBERTa,k6qzu7,262,46,9783,Ġamongst,amongst,False,hopelessness,-0.0028789378688411993,0.0028789378688411993,0.2967376708984375,0.14247719943523407,0.35,0,0,761,FP32-token-IDs
RoBERTa,k6qzu7,262,46,9783,Ġamongst,amongst,False,loneliness,0.019724717603013333,0.019724717603013333,0.27838459610939026,0.9108487963676453,0.35,1,1,761,FP32-token-IDs
RoBERTa,k6qzu7,262,46,9783,Ġamongst,amongst,False,sadness,-0.00012961910261462132,0.00012961910261462132,0.3116258382797241,0.8714736700057983,0.35,1,1,761,FP32-token-IDs
RoBERTa,k6qzu7,262,46,9783,Ġamongst,amongst,False,suicide intent,-0.00015330797158741107,0.00015330797158741107,0.08281110227108002,0.007860248908400536,0.35,0,0,761,FP32-token-IDs
RoBERTa,k6qzu7,262,46,9783,Ġamongst,amongst,False,worthlessness,-0.006490857227149213,0.006490857227149213,0.23589852452278137,0.06992913782596588,0.35,0,0,761,FP32-token-IDs
RoBERTa,k6qzu7,262,47,20100,Ġlonely,lonely,False,anger,-0.009212444013424425,0.009212444013424425,0.31067878007888794,0.07293948531150818,0.35,0,0,761,FP32-token-IDs
RoBERTa,k6qzu7,262,47,20100,Ġlonely,lonely,False,brain dysfunction (forget),-0.0009087685652937377,0.0009087685652937377,0.19119325280189514,0.01402713730931282,0.35,0,0,761,FP32-token-IDs
RoBERTa,k6qzu7,262,47,20100,Ġlonely,lonely,False,emptiness,-0.0034993536801064488,0.0034993536801064488,0.11213260889053345,0.19804799556732178,0.35,0,0,761,FP32-token-IDs
RoBERTa,k6qzu7,262,47,20100,Ġlonely,lonely,False,hopelessness,-0.0028789378688411993,0.0028789378688411993,0.2967376708984375,0.14247719943523407,0.35,0,0,761,FP32-token-IDs
RoBERTa,k6qzu7,262,47,20100,Ġlonely,lonely,False,loneliness,0.019724717603013333,0.019724717603013333,0.27838459610939026,0.9108487963676453,0.35,1,1,761,FP32-token-IDs
RoBERTa,k6qzu7,262,47,20100,Ġlonely,lonely,False,sadness,-0.00012961910261462132,0.00012961910261462132,0.3116258382797241,0.8714736700057983,0.35,1,1,761,FP32-token-IDs
RoBERTa,k6qzu7,262,47,20100,Ġlonely,lonely,False,suicide intent,-0.00015330797158741107,0.00015330797158741107,0.08281110227108002,0.007860248908400536,0.35,0,0,761,FP32-token-IDs
RoBERTa,k6qzu7,262,47,20100,Ġlonely,lonely,False,worthlessness,-0.006490857227149213,0.006490857227149213,0.23589852452278137,0.06992913782596588,0.35,0,0,761,FP32-token-IDs
RoBERTa,k6qzu7,262,48,82,Ġpeople,people,False,anger,-0.009212444013424425,0.009212444013424425,0.31067878007888794,0.07293948531150818,0.35,0,0,761,FP32-token-IDs
RoBERTa,k6qzu7,262,48,82,Ġpeople,people,False,brain dysfunction (forget),-0.0009087685652937377,0.0009087685652937377,0.19119325280189514,0.01402713730931282,0.35,0,0,761,FP32-token-IDs
RoBERTa,k6qzu7,262,48,82,Ġpeople,people,False,emptiness,-0.0034993536801064488,0.0034993536801064488,0.11213260889053345,0.19804799556732178,0.35,0,0,761,FP32-token-IDs
RoBERTa,k6qzu7,262,48,82,Ġpeople,people,False,hopelessness,-0.0028789378688411993,0.0028789378688411993,0.2967376708984375,0.14247719943523407,0.35,0,0,761,FP32-token-IDs
RoBERTa,k6qzu7,262,48,82,Ġpeople,people,False,loneliness,0.019724717603013333,0.019724717603013333,0.27838459610939026,0.9108487963676453,0.35,1,1,761,FP32-token-IDs
RoBERTa,k6qzu7,262,48,82,Ġpeople,people,False,sadness,-0.00012961910261462132,0.00012961910261462132,0.3116258382797241,0.8714736700057983,0.35,1,1,761,FP32-token-IDs
RoBERTa,k6qzu7,262,48,82,Ġpeople,people,False,suicide intent,-0.00015330797158741107,0.00015330797158741107,0.08281110227108002,0.007860248908400536,0.35,0,0,761,FP32-token-IDs
RoBERTa,k6qzu7,262,48,82,Ġpeople,people,False,worthlessness,-0.006490857227149213,0.006490857227149213,0.23589852452278137,0.06992913782596588,0.35,0,0,761,FP32-token-IDs
RoBERTa,k6qzu7,262,49,4,.,.,False,anger,-0.006383732340505553,0.006383732340505553,0.31067878007888794,0.07293948531150818,0.35,0,0,761,FP32-token-IDs
RoBERTa,k6qzu7,262,49,4,.,.,False,brain dysfunction (forget),-0.0009160156919258749,0.0009160156919258749,0.19119325280189514,0.01402713730931282,0.35,0,0,761,FP32-token-IDs
RoBERTa,k6qzu7,262,49,4,.,.,False,emptiness,-0.0037849919217276488,0.0037849919217276488,0.11213260889053345,0.19804799556732178,0.35,0,0,761,FP32-token-IDs
RoBERTa,k6qzu7,262,49,4,.,.,False,hopelessness,-0.0027600003799630535,0.0027600003799630535,0.2967376708984375,0.14247719943523407,0.35,0,0,761,FP32-token-IDs
RoBERTa,k6qzu7,262,49,4,.,.,False,loneliness,0.017250218726177182,0.017250218726177182,0.27838459610939026,0.9108487963676453,0.35,1,1,761,FP32-token-IDs
RoBERTa,k6qzu7,262,49,4,.,.,False,sadness,-1.1844864736000691e-05,1.1844864736000691e-05,0.3116258382797241,0.8714736700057983,0.35,1,1,761,FP32-token-IDs
RoBERTa,k6qzu7,262,49,4,.,.,False,suicide intent,-0.00017543924003904167,0.00017543924003904167,0.08281110227108002,0.007860248908400536,0.35,0,0,761,FP32-token-IDs
RoBERTa,k6qzu7,262,49,4,.,.,False,worthlessness,-0.005255300423854755,0.005255300423854755,0.23589852452278137,0.06992913782596588,0.35,0,0,761,FP32-token-IDs
RoBERTa,k6qzu7,262,50,5365,ĠHaving,having,False,anger,-0.0042236505575531805,0.0042236505575531805,0.31067878007888794,0.07293948531150818,0.35,0,0,761,FP32-token-IDs
RoBERTa,k6qzu7,262,50,5365,ĠHaving,having,False,brain dysfunction (forget),0.0012341320202372465,0.0012341320202372465,0.19119325280189514,0.01402713730931282,0.35,0,0,761,FP32-token-IDs
RoBERTa,k6qzu7,262,50,5365,ĠHaving,having,False,emptiness,0.006897532828868582,0.006897532828868582,0.11213260889053345,0.19804799556732178,0.35,0,0,761,FP32-token-IDs
RoBERTa,k6qzu7,262,50,5365,ĠHaving,having,False,hopelessness,0.012923411595133634,0.012923411595133634,0.2967376708984375,0.14247719943523407,0.35,0,0,761,FP32-token-IDs
RoBERTa,k6qzu7,262,50,5365,ĠHaving,having,False,loneliness,0.003888364867844547,0.003888364867844547,0.27838459610939026,0.9108487963676453,0.35,1,1,761,FP32-token-IDs
RoBERTa,k6qzu7,262,50,5365,ĠHaving,having,False,sadness,0.006544036172831861,0.006544036172831861,0.3116258382797241,0.8714736700057983,0.35,1,1,761,FP32-token-IDs
RoBERTa,k6qzu7,262,50,5365,ĠHaving,having,False,suicide intent,-1.199226762065127e-05,1.199226762065127e-05,0.08281110227108002,0.007860248908400536,0.35,0,0,761,FP32-token-IDs
RoBERTa,k6qzu7,262,50,5365,ĠHaving,having,False,worthlessness,0.008048485046646629,0.008048485046646629,0.23589852452278137,0.06992913782596588,0.35,0,0,761,FP32-token-IDs
RoBERTa,k6qzu7,262,51,7,Ġto,to,False,anger,-0.0042236505575531805,0.0042236505575531805,0.31067878007888794,0.07293948531150818,0.35,0,0,761,FP32-token-IDs
RoBERTa,k6qzu7,262,51,7,Ġto,to,False,brain dysfunction (forget),0.0012341320202372465,0.0012341320202372465,0.19119325280189514,0.01402713730931282,0.35,0,0,761,FP32-token-IDs
RoBERTa,k6qzu7,262,51,7,Ġto,to,False,emptiness,0.006897532828868582,0.006897532828868582,0.11213260889053345,0.19804799556732178,0.35,0,0,761,FP32-token-IDs
RoBERTa,k6qzu7,262,51,7,Ġto,to,False,hopelessness,0.012923411595133634,0.012923411595133634,0.2967376708984375,0.14247719943523407,0.35,0,0,761,FP32-token-IDs
RoBERTa,k6qzu7,262,51,7,Ġto,to,False,loneliness,0.003888364867844547,0.003888364867844547,0.27838459610939026,0.9108487963676453,0.35,1,1,761,FP32-token-IDs
RoBERTa,k6qzu7,262,51,7,Ġto,to,False,sadness,0.006544036172831861,0.006544036172831861,0.3116258382797241,0.8714736700057983,0.35,1,1,761,FP32-token-IDs
RoBERTa,k6qzu7,262,51,7,Ġto,to,False,suicide intent,-1.199226762065127e-05,1.199226762065127e-05,0.08281110227108002,0.007860248908400536,0.35,0,0,761,FP32-token-IDs
RoBERTa,k6qzu7,262,51,7,Ġto,to,False,worthlessness,0.008048485046646629,0.008048485046646629,0.23589852452278137,0.06992913782596588,0.35,0,0,761,FP32-token-IDs
RoBERTa,k6qzu7,262,52,1095,Ġstay,stay,False,anger,-0.0042236505575531805,0.0042236505575531805,0.31067878007888794,0.07293948531150818,0.35,0,0,761,FP32-token-IDs
RoBERTa,k6qzu7,262,52,1095,Ġstay,stay,False,brain dysfunction (forget),0.0012341320202372465,0.0012341320202372465,0.19119325280189514,0.01402713730931282,0.35,0,0,761,FP32-token-IDs
RoBERTa,k6qzu7,262,52,1095,Ġstay,stay,False,emptiness,0.006897532828868582,0.006897532828868582,0.11213260889053345,0.19804799556732178,0.35,0,0,761,FP32-token-IDs
RoBERTa,k6qzu7,262,52,1095,Ġstay,stay,False,hopelessness,0.012923411595133634,0.012923411595133634,0.2967376708984375,0.14247719943523407,0.35,0,0,761,FP32-token-IDs
RoBERTa,k6qzu7,262,52,1095,Ġstay,stay,False,loneliness,0.003888364867844547,0.003888364867844547,0.27838459610939026,0.9108487963676453,0.35,1,1,761,FP32-token-IDs
RoBERTa,k6qzu7,262,52,1095,Ġstay,stay,False,sadness,0.006544036172831861,0.006544036172831861,0.3116258382797241,0.8714736700057983,0.35,1,1,761,FP32-token-IDs
RoBERTa,k6qzu7,262,52,1095,Ġstay,stay,False,suicide intent,-1.199226762065127e-05,1.199226762065127e-05,0.08281110227108002,0.007860248908400536,0.35,0,0,761,FP32-token-IDs
RoBERTa,k6qzu7,262,52,1095,Ġstay,stay,False,worthlessness,0.008048485046646629,0.008048485046646629,0.23589852452278137,0.06992913782596588,0.35,0,0,761,FP32-token-IDs
RoBERTa,k6qzu7,262,53,7217,Ġphysically,physically,False,anger,-0.0042236505575531805,0.0042236505575531805,0.31067878007888794,0.07293948531150818,0.35,0,0,761,FP32-token-IDs
RoBERTa,k6qzu7,262,53,7217,Ġphysically,physically,False,brain dysfunction (forget),0.0012341320202372465,0.0012341320202372465,0.19119325280189514,0.01402713730931282,0.35,0,0,761,FP32-token-IDs
RoBERTa,k6qzu7,262,53,7217,Ġphysically,physically,False,emptiness,0.006897532828868582,0.006897532828868582,0.11213260889053345,0.19804799556732178,0.35,0,0,761,FP32-token-IDs
RoBERTa,k6qzu7,262,53,7217,Ġphysically,physically,False,hopelessness,0.012923411595133634,0.012923411595133634,0.2967376708984375,0.14247719943523407,0.35,0,0,761,FP32-token-IDs
RoBERTa,k6qzu7,262,53,7217,Ġphysically,physically,False,loneliness,0.003888364867844547,0.003888364867844547,0.27838459610939026,0.9108487963676453,0.35,1,1,761,FP32-token-IDs
RoBERTa,k6qzu7,262,53,7217,Ġphysically,physically,False,sadness,0.006544036172831861,0.006544036172831861,0.3116258382797241,0.8714736700057983,0.35,1,1,761,FP32-token-IDs
RoBERTa,k6qzu7,262,53,7217,Ġphysically,physically,False,suicide intent,-1.199226762065127e-05,1.199226762065127e-05,0.08281110227108002,0.007860248908400536,0.35,0,0,761,FP32-token-IDs
RoBERTa,k6qzu7,262,53,7217,Ġphysically,physically,False,worthlessness,0.008048485046646629,0.008048485046646629,0.23589852452278137,0.06992913782596588,0.35,0,0,761,FP32-token-IDs
RoBERTa,k6qzu7,262,54,2572,Ġshut,shut,False,anger,-0.004109837438311213,0.004109837438311213,0.31067878007888794,0.07293948531150818,0.35,0,0,761,FP32-token-IDs
RoBERTa,k6qzu7,262,54,2572,Ġshut,shut,False,brain dysfunction (forget),0.000572350787898848,0.000572350787898848,0.19119325280189514,0.01402713730931282,0.35,0,0,761,FP32-token-IDs
RoBERTa,k6qzu7,262,54,2572,Ġshut,shut,False,emptiness,0.0125963404828396,0.0125963404828396,0.11213260889053345,0.19804799556732178,0.35,0,0,761,FP32-token-IDs
RoBERTa,k6qzu7,262,54,2572,Ġshut,shut,False,hopelessness,0.01393017083263168,0.01393017083263168,0.2967376708984375,0.14247719943523407,0.35,0,0,761,FP32-token-IDs
RoBERTa,k6qzu7,262,54,2572,Ġshut,shut,False,loneliness,0.002726991763875748,0.002726991763875748,0.27838459610939026,0.9108487963676453,0.35,1,1,761,FP32-token-IDs
RoBERTa,k6qzu7,262,54,2572,Ġshut,shut,False,sadness,0.00798045106841108,0.00798045106841108,0.3116258382797241,0.8714736700057983,0.35,1,1,761,FP32-token-IDs
RoBERTa,k6qzu7,262,54,2572,Ġshut,shut,False,suicide intent,-0.00046338115652570897,0.00046338115652570897,0.08281110227108002,0.007860248908400536,0.35,0,0,761,FP32-token-IDs
RoBERTa,k6qzu7,262,54,2572,Ġshut,shut,False,worthlessness,0.01419474465253118,0.01419474465253118,0.23589852452278137,0.06992913782596588,0.35,0,0,761,FP32-token-IDs
RoBERTa,k6qzu7,262,55,630,Ġdoesn,doesn,False,anger,-0.004109837438311213,0.004109837438311213,0.31067878007888794,0.07293948531150818,0.35,0,0,761,FP32-token-IDs
RoBERTa,k6qzu7,262,55,630,Ġdoesn,doesn,False,brain dysfunction (forget),0.000572350787898848,0.000572350787898848,0.19119325280189514,0.01402713730931282,0.35,0,0,761,FP32-token-IDs
RoBERTa,k6qzu7,262,55,630,Ġdoesn,doesn,False,emptiness,0.0125963404828396,0.0125963404828396,0.11213260889053345,0.19804799556732178,0.35,0,0,761,FP32-token-IDs
RoBERTa,k6qzu7,262,55,630,Ġdoesn,doesn,False,hopelessness,0.01393017083263168,0.01393017083263168,0.2967376708984375,0.14247719943523407,0.35,0,0,761,FP32-token-IDs
RoBERTa,k6qzu7,262,55,630,Ġdoesn,doesn,False,loneliness,0.002726991763875748,0.002726991763875748,0.27838459610939026,0.9108487963676453,0.35,1,1,761,FP32-token-IDs
RoBERTa,k6qzu7,262,55,630,Ġdoesn,doesn,False,sadness,0.00798045106841108,0.00798045106841108,0.3116258382797241,0.8714736700057983,0.35,1,1,761,FP32-token-IDs
RoBERTa,k6qzu7,262,55,630,Ġdoesn,doesn,False,suicide intent,-0.00046338115652570897,0.00046338115652570897,0.08281110227108002,0.007860248908400536,0.35,0,0,761,FP32-token-IDs
RoBERTa,k6qzu7,262,55,630,Ġdoesn,doesn,False,worthlessness,0.01419474465253118,0.01419474465253118,0.23589852452278137,0.06992913782596588,0.35,0,0,761,FP32-token-IDs
RoBERTa,k6qzu7,262,56,75,'t,'t,False,anger,-0.004109837438311213,0.004109837438311213,0.31067878007888794,0.07293948531150818,0.35,0,0,761,FP32-token-IDs
RoBERTa,k6qzu7,262,56,75,'t,'t,False,brain dysfunction (forget),0.000572350787898848,0.000572350787898848,0.19119325280189514,0.01402713730931282,0.35,0,0,761,FP32-token-IDs
RoBERTa,k6qzu7,262,56,75,'t,'t,False,emptiness,0.0125963404828396,0.0125963404828396,0.11213260889053345,0.19804799556732178,0.35,0,0,761,FP32-token-IDs
RoBERTa,k6qzu7,262,56,75,'t,'t,False,hopelessness,0.01393017083263168,0.01393017083263168,0.2967376708984375,0.14247719943523407,0.35,0,0,761,FP32-token-IDs
RoBERTa,k6qzu7,262,56,75,'t,'t,False,loneliness,0.002726991763875748,0.002726991763875748,0.27838459610939026,0.9108487963676453,0.35,1,1,761,FP32-token-IDs
RoBERTa,k6qzu7,262,56,75,'t,'t,False,sadness,0.00798045106841108,0.00798045106841108,0.3116258382797241,0.8714736700057983,0.35,1,1,761,FP32-token-IDs
RoBERTa,k6qzu7,262,56,75,'t,'t,False,suicide intent,-0.00046338115652570897,0.00046338115652570897,0.08281110227108002,0.007860248908400536,0.35,0,0,761,FP32-token-IDs
RoBERTa,k6qzu7,262,56,75,'t,'t,False,worthlessness,0.01419474465253118,0.01419474465253118,0.23589852452278137,0.06992913782596588,0.35,0,0,761,FP32-token-IDs
RoBERTa,k6qzu7,262,57,464,Ġchange,change,False,anger,-0.004109837438311213,0.004109837438311213,0.31067878007888794,0.07293948531150818,0.35,0,0,761,FP32-token-IDs
RoBERTa,k6qzu7,262,57,464,Ġchange,change,False,brain dysfunction (forget),0.000572350787898848,0.000572350787898848,0.19119325280189514,0.01402713730931282,0.35,0,0,761,FP32-token-IDs
RoBERTa,k6qzu7,262,57,464,Ġchange,change,False,emptiness,0.0125963404828396,0.0125963404828396,0.11213260889053345,0.19804799556732178,0.35,0,0,761,FP32-token-IDs
RoBERTa,k6qzu7,262,57,464,Ġchange,change,False,hopelessness,0.01393017083263168,0.01393017083263168,0.2967376708984375,0.14247719943523407,0.35,0,0,761,FP32-token-IDs
RoBERTa,k6qzu7,262,57,464,Ġchange,change,False,loneliness,0.002726991763875748,0.002726991763875748,0.27838459610939026,0.9108487963676453,0.35,1,1,761,FP32-token-IDs
RoBERTa,k6qzu7,262,57,464,Ġchange,change,False,sadness,0.00798045106841108,0.00798045106841108,0.3116258382797241,0.8714736700057983,0.35,1,1,761,FP32-token-IDs
RoBERTa,k6qzu7,262,57,464,Ġchange,change,False,suicide intent,-0.00046338115652570897,0.00046338115652570897,0.08281110227108002,0.007860248908400536,0.35,0,0,761,FP32-token-IDs
RoBERTa,k6qzu7,262,57,464,Ġchange,change,False,worthlessness,0.01419474465253118,0.01419474465253118,0.23589852452278137,0.06992913782596588,0.35,0,0,761,FP32-token-IDs
RoBERTa,k6qzu7,262,58,203,Ġmuch,much,False,anger,-0.0027902419857967356,0.0027902419857967356,0.31067878007888794,0.07293948531150818,0.35,0,0,761,FP32-token-IDs
RoBERTa,k6qzu7,262,58,203,Ġmuch,much,False,brain dysfunction (forget),7.175698052518643e-05,7.175698052518643e-05,0.19119325280189514,0.01402713730931282,0.35,0,0,761,FP32-token-IDs
RoBERTa,k6qzu7,262,58,203,Ġmuch,much,False,emptiness,0.004815287590743257,0.004815287590743257,0.11213260889053345,0.19804799556732178,0.35,0,0,761,FP32-token-IDs
RoBERTa,k6qzu7,262,58,203,Ġmuch,much,False,hopelessness,0.006252241542992684,0.006252241542992684,0.2967376708984375,0.14247719943523407,0.35,0,0,761,FP32-token-IDs
RoBERTa,k6qzu7,262,58,203,Ġmuch,much,False,loneliness,0.004482810127620513,0.004482810127620513,0.27838459610939026,0.9108487963676453,0.35,1,1,761,FP32-token-IDs
RoBERTa,k6qzu7,262,58,203,Ġmuch,much,False,sadness,0.0030741762942992725,0.0030741762942992725,0.3116258382797241,0.8714736700057983,0.35,1,1,761,FP32-token-IDs
RoBERTa,k6qzu7,262,58,203,Ġmuch,much,False,suicide intent,-0.0005006549098582651,0.0005006549098582651,0.08281110227108002,0.007860248908400536,0.35,0,0,761,FP32-token-IDs
RoBERTa,k6qzu7,262,58,203,Ġmuch,much,False,worthlessness,0.005845093333090727,0.005845093333090727,0.23589852452278137,0.06992913782596588,0.35,0,0,761,FP32-token-IDs
RoBERTa,k6qzu7,262,59,77,Ġwhen,when,False,anger,-0.0027902419857967356,0.0027902419857967356,0.31067878007888794,0.07293948531150818,0.35,0,0,761,FP32-token-IDs
RoBERTa,k6qzu7,262,59,77,Ġwhen,when,False,brain dysfunction (forget),7.175698052518643e-05,7.175698052518643e-05,0.19119325280189514,0.01402713730931282,0.35,0,0,761,FP32-token-IDs
RoBERTa,k6qzu7,262,59,77,Ġwhen,when,False,emptiness,0.004815287590743257,0.004815287590743257,0.11213260889053345,0.19804799556732178,0.35,0,0,761,FP32-token-IDs
RoBERTa,k6qzu7,262,59,77,Ġwhen,when,False,hopelessness,0.006252241542992684,0.006252241542992684,0.2967376708984375,0.14247719943523407,0.35,0,0,761,FP32-token-IDs
RoBERTa,k6qzu7,262,59,77,Ġwhen,when,False,loneliness,0.004482810127620513,0.004482810127620513,0.27838459610939026,0.9108487963676453,0.35,1,1,761,FP32-token-IDs
RoBERTa,k6qzu7,262,59,77,Ġwhen,when,False,sadness,0.0030741762942992725,0.0030741762942992725,0.3116258382797241,0.8714736700057983,0.35,1,1,761,FP32-token-IDs
RoBERTa,k6qzu7,262,59,77,Ġwhen,when,False,suicide intent,-0.0005006549098582651,0.0005006549098582651,0.08281110227108002,0.007860248908400536,0.35,0,0,761,FP32-token-IDs
RoBERTa,k6qzu7,262,59,77,Ġwhen,when,False,worthlessness,0.005845093333090727,0.005845093333090727,0.23589852452278137,0.06992913782596588,0.35,0,0,761,FP32-token-IDs
RoBERTa,k6qzu7,262,60,38,ĠI,i,False,anger,-0.002790241985796736,0.002790241985796736,0.31067878007888794,0.07293948531150818,0.35,0,0,761,FP32-token-IDs
RoBERTa,k6qzu7,262,60,38,ĠI,i,False,brain dysfunction (forget),7.175698052518642e-05,7.175698052518642e-05,0.19119325280189514,0.01402713730931282,0.35,0,0,761,FP32-token-IDs
RoBERTa,k6qzu7,262,60,38,ĠI,i,False,emptiness,0.004815287590743258,0.004815287590743258,0.11213260889053345,0.19804799556732178,0.35,0,0,761,FP32-token-IDs
RoBERTa,k6qzu7,262,60,38,ĠI,i,False,hopelessness,0.006252241542992684,0.006252241542992684,0.2967376708984375,0.14247719943523407,0.35,0,0,761,FP32-token-IDs
RoBERTa,k6qzu7,262,60,38,ĠI,i,False,loneliness,0.004482810127620514,0.004482810127620514,0.27838459610939026,0.9108487963676453,0.35,1,1,761,FP32-token-IDs
RoBERTa,k6qzu7,262,60,38,ĠI,i,False,sadness,0.0030741762942992725,0.0030741762942992725,0.3116258382797241,0.8714736700057983,0.35,1,1,761,FP32-token-IDs
RoBERTa,k6qzu7,262,60,38,ĠI,i,False,suicide intent,-0.0005006549098582651,0.0005006549098582651,0.08281110227108002,0.007860248908400536,0.35,0,0,761,FP32-token-IDs
RoBERTa,k6qzu7,262,60,38,ĠI,i,False,worthlessness,0.005845093333090727,0.005845093333090727,0.23589852452278137,0.06992913782596588,0.35,0,0,761,FP32-token-IDs
RoBERTa,k6qzu7,262,61,33,Ġhave,have,False,anger,-0.002790241985796736,0.002790241985796736,0.31067878007888794,0.07293948531150818,0.35,0,0,761,FP32-token-IDs
RoBERTa,k6qzu7,262,61,33,Ġhave,have,False,brain dysfunction (forget),7.175698052518642e-05,7.175698052518642e-05,0.19119325280189514,0.01402713730931282,0.35,0,0,761,FP32-token-IDs
RoBERTa,k6qzu7,262,61,33,Ġhave,have,False,emptiness,0.004815287590743258,0.004815287590743258,0.11213260889053345,0.19804799556732178,0.35,0,0,761,FP32-token-IDs
RoBERTa,k6qzu7,262,61,33,Ġhave,have,False,hopelessness,0.006252241542992684,0.006252241542992684,0.2967376708984375,0.14247719943523407,0.35,0,0,761,FP32-token-IDs
RoBERTa,k6qzu7,262,61,33,Ġhave,have,False,loneliness,0.004482810127620514,0.004482810127620514,0.27838459610939026,0.9108487963676453,0.35,1,1,761,FP32-token-IDs
RoBERTa,k6qzu7,262,61,33,Ġhave,have,False,sadness,0.0030741762942992725,0.0030741762942992725,0.3116258382797241,0.8714736700057983,0.35,1,1,761,FP32-token-IDs
RoBERTa,k6qzu7,262,61,33,Ġhave,have,False,suicide intent,-0.0005006549098582651,0.0005006549098582651,0.08281110227108002,0.007860248908400536,0.35,0,0,761,FP32-token-IDs
RoBERTa,k6qzu7,262,61,33,Ġhave,have,False,worthlessness,0.005845093333090727,0.005845093333090727,0.23589852452278137,0.06992913782596588,0.35,0,0,761,FP32-token-IDs
RoBERTa,k6qzu7,262,62,10,Ġa,a,False,anger,-0.002790241985796736,0.002790241985796736,0.31067878007888794,0.07293948531150818,0.35,0,0,761,FP32-token-IDs
RoBERTa,k6qzu7,262,62,10,Ġa,a,False,brain dysfunction (forget),7.175698052518642e-05,7.175698052518642e-05,0.19119325280189514,0.01402713730931282,0.35,0,0,761,FP32-token-IDs
RoBERTa,k6qzu7,262,62,10,Ġa,a,False,emptiness,0.004815287590743258,0.004815287590743258,0.11213260889053345,0.19804799556732178,0.35,0,0,761,FP32-token-IDs
RoBERTa,k6qzu7,262,62,10,Ġa,a,False,hopelessness,0.006252241542992684,0.006252241542992684,0.2967376708984375,0.14247719943523407,0.35,0,0,761,FP32-token-IDs
RoBERTa,k6qzu7,262,62,10,Ġa,a,False,loneliness,0.004482810127620514,0.004482810127620514,0.27838459610939026,0.9108487963676453,0.35,1,1,761,FP32-token-IDs
RoBERTa,k6qzu7,262,62,10,Ġa,a,False,sadness,0.0030741762942992725,0.0030741762942992725,0.3116258382797241,0.8714736700057983,0.35,1,1,761,FP32-token-IDs
RoBERTa,k6qzu7,262,62,10,Ġa,a,False,suicide intent,-0.0005006549098582651,0.0005006549098582651,0.08281110227108002,0.007860248908400536,0.35,0,0,761,FP32-token-IDs
RoBERTa,k6qzu7,262,62,10,Ġa,a,False,worthlessness,0.005845093333090727,0.005845093333090727,0.23589852452278137,0.06992913782596588,0.35,0,0,761,FP32-token-IDs
RoBERTa,k6qzu7,262,63,14241,Ġlif,lif,False,anger,-0.004236467687102656,0.004236467687102656,0.31067878007888794,0.07293948531150818,0.35,0,0,761,FP32-token-IDs
RoBERTa,k6qzu7,262,63,14241,Ġlif,lif,False,brain dysfunction (forget),-0.0007122300594346598,0.0007122300594346598,0.19119325280189514,0.01402713730931282,0.35,0,0,761,FP32-token-IDs
RoBERTa,k6qzu7,262,63,14241,Ġlif,lif,False,emptiness,0.008082262516836636,0.008082262516836636,0.11213260889053345,0.19804799556732178,0.35,0,0,761,FP32-token-IDs
RoBERTa,k6qzu7,262,63,14241,Ġlif,lif,False,hopelessness,0.0028142705026160306,0.0028142705026160306,0.2967376708984375,0.14247719943523407,0.35,0,0,761,FP32-token-IDs
RoBERTa,k6qzu7,262,63,14241,Ġlif,lif,False,loneliness,0.007847948116250336,0.007847948116250336,0.27838459610939026,0.9108487963676453,0.35,1,1,761,FP32-token-IDs
RoBERTa,k6qzu7,262,63,14241,Ġlif,lif,False,sadness,0.0038631323065298298,0.0038631323065298298,0.3116258382797241,0.8714736700057983,0.35,1,1,761,FP32-token-IDs
RoBERTa,k6qzu7,262,63,14241,Ġlif,lif,False,suicide intent,-0.00027892500444674323,0.00027892500444674323,0.08281110227108002,0.007860248908400536,0.35,0,0,761,FP32-token-IDs
RoBERTa,k6qzu7,262,63,14241,Ġlif,lif,False,worthlessness,-0.0012043524475302547,0.0012043524475302547,0.23589852452278137,0.06992913782596588,0.35,0,0,761,FP32-token-IDs
RoBERTa,k6qzu7,262,64,41265,etimes,etimes,False,anger,-0.004236467687102656,0.004236467687102656,0.31067878007888794,0.07293948531150818,0.35,0,0,761,FP32-token-IDs
RoBERTa,k6qzu7,262,64,41265,etimes,etimes,False,brain dysfunction (forget),-0.0007122300594346598,0.0007122300594346598,0.19119325280189514,0.01402713730931282,0.35,0,0,761,FP32-token-IDs
RoBERTa,k6qzu7,262,64,41265,etimes,etimes,False,emptiness,0.008082262516836636,0.008082262516836636,0.11213260889053345,0.19804799556732178,0.35,0,0,761,FP32-token-IDs
RoBERTa,k6qzu7,262,64,41265,etimes,etimes,False,hopelessness,0.0028142705026160306,0.0028142705026160306,0.2967376708984375,0.14247719943523407,0.35,0,0,761,FP32-token-IDs
RoBERTa,k6qzu7,262,64,41265,etimes,etimes,False,loneliness,0.007847948116250336,0.007847948116250336,0.27838459610939026,0.9108487963676453,0.35,1,1,761,FP32-token-IDs
RoBERTa,k6qzu7,262,64,41265,etimes,etimes,False,sadness,0.0038631323065298298,0.0038631323065298298,0.3116258382797241,0.8714736700057983,0.35,1,1,761,FP32-token-IDs
RoBERTa,k6qzu7,262,64,41265,etimes,etimes,False,suicide intent,-0.00027892500444674323,0.00027892500444674323,0.08281110227108002,0.007860248908400536,0.35,0,0,761,FP32-token-IDs
RoBERTa,k6qzu7,262,64,41265,etimes,etimes,False,worthlessness,-0.0012043524475302547,0.0012043524475302547,0.23589852452278137,0.06992913782596588,0.35,0,0,761,FP32-token-IDs
RoBERTa,k6qzu7,262,65,676,Ġexperience,experience,False,anger,-0.004236467687102656,0.004236467687102656,0.31067878007888794,0.07293948531150818,0.35,0,0,761,FP32-token-IDs
RoBERTa,k6qzu7,262,65,676,Ġexperience,experience,False,brain dysfunction (forget),-0.0007122300594346598,0.0007122300594346598,0.19119325280189514,0.01402713730931282,0.35,0,0,761,FP32-token-IDs
RoBERTa,k6qzu7,262,65,676,Ġexperience,experience,False,emptiness,0.008082262516836636,0.008082262516836636,0.11213260889053345,0.19804799556732178,0.35,0,0,761,FP32-token-IDs
RoBERTa,k6qzu7,262,65,676,Ġexperience,experience,False,hopelessness,0.0028142705026160306,0.0028142705026160306,0.2967376708984375,0.14247719943523407,0.35,0,0,761,FP32-token-IDs
RoBERTa,k6qzu7,262,65,676,Ġexperience,experience,False,loneliness,0.007847948116250336,0.007847948116250336,0.27838459610939026,0.9108487963676453,0.35,1,1,761,FP32-token-IDs
RoBERTa,k6qzu7,262,65,676,Ġexperience,experience,False,sadness,0.0038631323065298298,0.0038631323065298298,0.3116258382797241,0.8714736700057983,0.35,1,1,761,FP32-token-IDs
RoBERTa,k6qzu7,262,65,676,Ġexperience,experience,False,suicide intent,-0.00027892500444674323,0.00027892500444674323,0.08281110227108002,0.007860248908400536,0.35,0,0,761,FP32-token-IDs
RoBERTa,k6qzu7,262,65,676,Ġexperience,experience,False,worthlessness,-0.0012043524475302547,0.0012043524475302547,0.23589852452278137,0.06992913782596588,0.35,0,0,761,FP32-token-IDs
RoBERTa,k6qzu7,262,66,9,Ġof,of,False,anger,-0.004236467687102656,0.004236467687102656,0.31067878007888794,0.07293948531150818,0.35,0,0,761,FP32-token-IDs
RoBERTa,k6qzu7,262,66,9,Ġof,of,False,brain dysfunction (forget),-0.0007122300594346598,0.0007122300594346598,0.19119325280189514,0.01402713730931282,0.35,0,0,761,FP32-token-IDs
RoBERTa,k6qzu7,262,66,9,Ġof,of,False,emptiness,0.008082262516836636,0.008082262516836636,0.11213260889053345,0.19804799556732178,0.35,0,0,761,FP32-token-IDs
RoBERTa,k6qzu7,262,66,9,Ġof,of,False,hopelessness,0.0028142705026160306,0.0028142705026160306,0.2967376708984375,0.14247719943523407,0.35,0,0,761,FP32-token-IDs
RoBERTa,k6qzu7,262,66,9,Ġof,of,False,loneliness,0.007847948116250336,0.007847948116250336,0.27838459610939026,0.9108487963676453,0.35,1,1,761,FP32-token-IDs
RoBERTa,k6qzu7,262,66,9,Ġof,of,False,sadness,0.0038631323065298298,0.0038631323065298298,0.3116258382797241,0.8714736700057983,0.35,1,1,761,FP32-token-IDs
RoBERTa,k6qzu7,262,66,9,Ġof,of,False,suicide intent,-0.00027892500444674323,0.00027892500444674323,0.08281110227108002,0.007860248908400536,0.35,0,0,761,FP32-token-IDs
RoBERTa,k6qzu7,262,66,9,Ġof,of,False,worthlessness,-0.0012043524475302547,0.0012043524475302547,0.23589852452278137,0.06992913782596588,0.35,0,0,761,FP32-token-IDs
RoBERTa,k6qzu7,262,67,45,Ġnot,not,False,anger,-0.003717112320979747,0.003717112320979747,0.31067878007888794,0.07293948531150818,0.35,0,0,761,FP32-token-IDs
RoBERTa,k6qzu7,262,67,45,Ġnot,not,False,brain dysfunction (forget),-0.0006566790543729439,0.0006566790543729439,0.19119325280189514,0.01402713730931282,0.35,0,0,761,FP32-token-IDs
RoBERTa,k6qzu7,262,67,45,Ġnot,not,False,emptiness,0.010411287119495682,0.010411287119495682,0.11213260889053345,0.19804799556732178,0.35,0,0,761,FP32-token-IDs
RoBERTa,k6qzu7,262,67,45,Ġnot,not,False,hopelessness,0.010993682609599395,0.010993682609599395,0.2967376708984375,0.14247719943523407,0.35,0,0,761,FP32-token-IDs
RoBERTa,k6qzu7,262,67,45,Ġnot,not,False,loneliness,0.007721528294496238,0.007721528294496238,0.27838459610939026,0.9108487963676453,0.35,1,1,761,FP32-token-IDs
RoBERTa,k6qzu7,262,67,45,Ġnot,not,False,sadness,0.009701885263590762,0.009701885263590762,0.3116258382797241,0.8714736700057983,0.35,1,1,761,FP32-token-IDs
RoBERTa,k6qzu7,262,67,45,Ġnot,not,False,suicide intent,-0.0005325015587610931,0.0005325015587610931,0.08281110227108002,0.007860248908400536,0.35,0,0,761,FP32-token-IDs
RoBERTa,k6qzu7,262,67,45,Ġnot,not,False,worthlessness,0.003965471929404885,0.003965471929404885,0.23589852452278137,0.06992913782596588,0.35,0,0,761,FP32-token-IDs
RoBERTa,k6qzu7,262,68,145,Ġbeing,being,False,anger,-0.003717112320979747,0.003717112320979747,0.31067878007888794,0.07293948531150818,0.35,0,0,761,FP32-token-IDs
RoBERTa,k6qzu7,262,68,145,Ġbeing,being,False,brain dysfunction (forget),-0.0006566790543729439,0.0006566790543729439,0.19119325280189514,0.01402713730931282,0.35,0,0,761,FP32-token-IDs
RoBERTa,k6qzu7,262,68,145,Ġbeing,being,False,emptiness,0.010411287119495682,0.010411287119495682,0.11213260889053345,0.19804799556732178,0.35,0,0,761,FP32-token-IDs
RoBERTa,k6qzu7,262,68,145,Ġbeing,being,False,hopelessness,0.010993682609599395,0.010993682609599395,0.2967376708984375,0.14247719943523407,0.35,0,0,761,FP32-token-IDs
RoBERTa,k6qzu7,262,68,145,Ġbeing,being,False,loneliness,0.007721528294496238,0.007721528294496238,0.27838459610939026,0.9108487963676453,0.35,1,1,761,FP32-token-IDs
RoBERTa,k6qzu7,262,68,145,Ġbeing,being,False,sadness,0.009701885263590762,0.009701885263590762,0.3116258382797241,0.8714736700057983,0.35,1,1,761,FP32-token-IDs
RoBERTa,k6qzu7,262,68,145,Ġbeing,being,False,suicide intent,-0.0005325015587610931,0.0005325015587610931,0.08281110227108002,0.007860248908400536,0.35,0,0,761,FP32-token-IDs
RoBERTa,k6qzu7,262,68,145,Ġbeing,being,False,worthlessness,0.003965471929404885,0.003965471929404885,0.23589852452278137,0.06992913782596588,0.35,0,0,761,FP32-token-IDs
RoBERTa,k6qzu7,262,69,441,Ġable,able,False,anger,-0.004224054859757113,0.004224054859757113,0.31067878007888794,0.07293948531150818,0.35,0,0,761,FP32-token-IDs
RoBERTa,k6qzu7,262,69,441,Ġable,able,False,brain dysfunction (forget),-0.00081921428500209,0.00081921428500209,0.19119325280189514,0.01402713730931282,0.35,0,0,761,FP32-token-IDs
RoBERTa,k6qzu7,262,69,441,Ġable,able,False,emptiness,0.008352201592060737,0.008352201592060737,0.11213260889053345,0.19804799556732178,0.35,0,0,761,FP32-token-IDs
RoBERTa,k6qzu7,262,69,441,Ġable,able,False,hopelessness,0.006721051007237596,0.006721051007237596,0.2967376708984375,0.14247719943523407,0.35,0,0,761,FP32-token-IDs
RoBERTa,k6qzu7,262,69,441,Ġable,able,False,loneliness,0.007770796655677259,0.007770796655677259,0.27838459610939026,0.9108487963676453,0.35,1,1,761,FP32-token-IDs
RoBERTa,k6qzu7,262,69,441,Ġable,able,False,sadness,0.007183748743652055,0.007183748743652055,0.3116258382797241,0.8714736700057983,0.35,1,1,761,FP32-token-IDs
RoBERTa,k6qzu7,262,69,441,Ġable,able,False,suicide intent,-0.00048701274105648434,0.00048701274105648434,0.08281110227108002,0.007860248908400536,0.35,0,0,761,FP32-token-IDs
RoBERTa,k6qzu7,262,69,441,Ġable,able,False,worthlessness,0.00032440898939967155,0.00032440898939967155,0.23589852452278137,0.06992913782596588,0.35,0,0,761,FP32-token-IDs
RoBERTa,k6qzu7,262,70,7,Ġto,to,False,anger,-0.004224054859757113,0.004224054859757113,0.31067878007888794,0.07293948531150818,0.35,0,0,761,FP32-token-IDs
RoBERTa,k6qzu7,262,70,7,Ġto,to,False,brain dysfunction (forget),-0.00081921428500209,0.00081921428500209,0.19119325280189514,0.01402713730931282,0.35,0,0,761,FP32-token-IDs
RoBERTa,k6qzu7,262,70,7,Ġto,to,False,emptiness,0.008352201592060737,0.008352201592060737,0.11213260889053345,0.19804799556732178,0.35,0,0,761,FP32-token-IDs
RoBERTa,k6qzu7,262,70,7,Ġto,to,False,hopelessness,0.006721051007237596,0.006721051007237596,0.2967376708984375,0.14247719943523407,0.35,0,0,761,FP32-token-IDs
RoBERTa,k6qzu7,262,70,7,Ġto,to,False,loneliness,0.007770796655677259,0.007770796655677259,0.27838459610939026,0.9108487963676453,0.35,1,1,761,FP32-token-IDs
RoBERTa,k6qzu7,262,70,7,Ġto,to,False,sadness,0.007183748743652055,0.007183748743652055,0.3116258382797241,0.8714736700057983,0.35,1,1,761,FP32-token-IDs
RoBERTa,k6qzu7,262,70,7,Ġto,to,False,suicide intent,-0.00048701274105648434,0.00048701274105648434,0.08281110227108002,0.007860248908400536,0.35,0,0,761,FP32-token-IDs
RoBERTa,k6qzu7,262,70,7,Ġto,to,False,worthlessness,0.00032440898939967155,0.00032440898939967155,0.23589852452278137,0.06992913782596588,0.35,0,0,761,FP32-token-IDs
RoBERTa,k6qzu7,262,71,4686,Ġconnect,connect,False,anger,-0.006745435724345346,0.006745435724345346,0.31067878007888794,0.07293948531150818,0.35,0,0,761,FP32-token-IDs
RoBERTa,k6qzu7,262,71,4686,Ġconnect,connect,False,brain dysfunction (forget),-0.0013847050674182053,0.0013847050674182053,0.19119325280189514,0.01402713730931282,0.35,0,0,761,FP32-token-IDs
RoBERTa,k6qzu7,262,71,4686,Ġconnect,connect,False,emptiness,0.011337802211831635,0.011337802211831635,0.11213260889053345,0.19804799556732178,0.35,0,0,761,FP32-token-IDs
RoBERTa,k6qzu7,262,71,4686,Ġconnect,connect,False,hopelessness,-0.0035836351356313876,0.0035836351356313876,0.2967376708984375,0.14247719943523407,0.35,0,0,761,FP32-token-IDs
RoBERTa,k6qzu7,262,71,4686,Ġconnect,connect,False,loneliness,0.01665591448545456,0.01665591448545456,0.27838459610939026,0.9108487963676453,0.35,1,1,761,FP32-token-IDs
RoBERTa,k6qzu7,262,71,4686,Ġconnect,connect,False,sadness,-0.005042425900076826,0.005042425900076826,0.3116258382797241,0.8714736700057983,0.35,1,1,761,FP32-token-IDs
RoBERTa,k6qzu7,262,71,4686,Ġconnect,connect,False,suicide intent,-0.0007714222841362547,0.0007714222841362547,0.08281110227108002,0.007860248908400536,0.35,0,0,761,FP32-token-IDs
RoBERTa,k6qzu7,262,71,4686,Ġconnect,connect,False,worthlessness,-0.007781883371838679,0.007781883371838679,0.23589852452278137,0.06992913782596588,0.35,0,0,761,FP32-token-IDs
RoBERTa,k6qzu7,262,72,19,Ġwith,with,False,anger,-0.006745435724345346,0.006745435724345346,0.31067878007888794,0.07293948531150818,0.35,0,0,761,FP32-token-IDs
RoBERTa,k6qzu7,262,72,19,Ġwith,with,False,brain dysfunction (forget),-0.0013847050674182053,0.0013847050674182053,0.19119325280189514,0.01402713730931282,0.35,0,0,761,FP32-token-IDs
RoBERTa,k6qzu7,262,72,19,Ġwith,with,False,emptiness,0.011337802211831635,0.011337802211831635,0.11213260889053345,0.19804799556732178,0.35,0,0,761,FP32-token-IDs
RoBERTa,k6qzu7,262,72,19,Ġwith,with,False,hopelessness,-0.0035836351356313876,0.0035836351356313876,0.2967376708984375,0.14247719943523407,0.35,0,0,761,FP32-token-IDs
RoBERTa,k6qzu7,262,72,19,Ġwith,with,False,loneliness,0.01665591448545456,0.01665591448545456,0.27838459610939026,0.9108487963676453,0.35,1,1,761,FP32-token-IDs
RoBERTa,k6qzu7,262,72,19,Ġwith,with,False,sadness,-0.005042425900076826,0.005042425900076826,0.3116258382797241,0.8714736700057983,0.35,1,1,761,FP32-token-IDs
RoBERTa,k6qzu7,262,72,19,Ġwith,with,False,suicide intent,-0.0007714222841362547,0.0007714222841362547,0.08281110227108002,0.007860248908400536,0.35,0,0,761,FP32-token-IDs
RoBERTa,k6qzu7,262,72,19,Ġwith,with,False,worthlessness,-0.007781883371838679,0.007781883371838679,0.23589852452278137,0.06992913782596588,0.35,0,0,761,FP32-token-IDs
RoBERTa,k6qzu7,262,73,82,Ġpeople,people,False,anger,-0.006745435724345346,0.006745435724345346,0.31067878007888794,0.07293948531150818,0.35,0,0,761,FP32-token-IDs
RoBERTa,k6qzu7,262,73,82,Ġpeople,people,False,brain dysfunction (forget),-0.0013847050674182053,0.0013847050674182053,0.19119325280189514,0.01402713730931282,0.35,0,0,761,FP32-token-IDs
RoBERTa,k6qzu7,262,73,82,Ġpeople,people,False,emptiness,0.011337802211831635,0.011337802211831635,0.11213260889053345,0.19804799556732178,0.35,0,0,761,FP32-token-IDs
RoBERTa,k6qzu7,262,73,82,Ġpeople,people,False,hopelessness,-0.0035836351356313876,0.0035836351356313876,0.2967376708984375,0.14247719943523407,0.35,0,0,761,FP32-token-IDs
RoBERTa,k6qzu7,262,73,82,Ġpeople,people,False,loneliness,0.01665591448545456,0.01665591448545456,0.27838459610939026,0.9108487963676453,0.35,1,1,761,FP32-token-IDs
RoBERTa,k6qzu7,262,73,82,Ġpeople,people,False,sadness,-0.005042425900076826,0.005042425900076826,0.3116258382797241,0.8714736700057983,0.35,1,1,761,FP32-token-IDs
RoBERTa,k6qzu7,262,73,82,Ġpeople,people,False,suicide intent,-0.0007714222841362547,0.0007714222841362547,0.08281110227108002,0.007860248908400536,0.35,0,0,761,FP32-token-IDs
RoBERTa,k6qzu7,262,73,82,Ġpeople,people,False,worthlessness,-0.007781883371838679,0.007781883371838679,0.23589852452278137,0.06992913782596588,0.35,0,0,761,FP32-token-IDs
RoBERTa,k6qzu7,262,74,4,.,.,False,anger,-0.002611907004999618,0.002611907004999618,0.31067878007888794,0.07293948531150818,0.35,0,0,761,FP32-token-IDs
RoBERTa,k6qzu7,262,74,4,.,.,False,brain dysfunction (forget),6.919183942954987e-05,6.919183942954987e-05,0.19119325280189514,0.01402713730931282,0.35,0,0,761,FP32-token-IDs
RoBERTa,k6qzu7,262,74,4,.,.,False,emptiness,0.013019260106375441,0.013019260106375441,0.11213260889053345,0.19804799556732178,0.35,0,0,761,FP32-token-IDs
RoBERTa,k6qzu7,262,74,4,.,.,False,hopelessness,0.0013119864646190156,0.0013119864646190156,0.2967376708984375,0.14247719943523407,0.35,0,0,761,FP32-token-IDs
RoBERTa,k6qzu7,262,74,4,.,.,False,loneliness,0.015146815218031406,0.015146815218031406,0.27838459610939026,0.9108487963676453,0.35,1,1,761,FP32-token-IDs
RoBERTa,k6qzu7,262,74,4,.,.,False,sadness,0.0006902375413725774,0.0006902375413725774,0.3116258382797241,0.8714736700057983,0.35,1,1,761,FP32-token-IDs
RoBERTa,k6qzu7,262,74,4,.,.,False,suicide intent,-0.000387746899529399,0.000387746899529399,0.08281110227108002,0.007860248908400536,0.35,0,0,761,FP32-token-IDs
RoBERTa,k6qzu7,262,74,4,.,.,False,worthlessness,-0.004778449248988181,0.004778449248988181,0.23589852452278137,0.06992913782596588,0.35,0,0,761,FP32-token-IDs
RoBERTa,k6qzu7,262,75,20,ĠThe,the,False,anger,0.014505911681529446,0.014505911681529446,0.31067878007888794,0.07293948531150818,0.35,0,0,761,FP32-token-IDs
RoBERTa,k6qzu7,262,75,20,ĠThe,the,False,brain dysfunction (forget),0.00032383602767906806,0.00032383602767906806,0.19119325280189514,0.01402713730931282,0.35,0,0,761,FP32-token-IDs
RoBERTa,k6qzu7,262,75,20,ĠThe,the,False,emptiness,-0.00023453570503517295,0.00023453570503517295,0.11213260889053345,0.19804799556732178,0.35,0,0,761,FP32-token-IDs
RoBERTa,k6qzu7,262,75,20,ĠThe,the,False,hopelessness,0.010155413444779158,0.010155413444779158,0.2967376708984375,0.14247719943523407,0.35,0,0,761,FP32-token-IDs
RoBERTa,k6qzu7,262,75,20,ĠThe,the,False,loneliness,-0.0034025102364399506,0.0034025102364399506,0.27838459610939026,0.9108487963676453,0.35,1,1,761,FP32-token-IDs
RoBERTa,k6qzu7,262,75,20,ĠThe,the,False,sadness,0.0030405861756729858,0.0030405861756729858,0.3116258382797241,0.8714736700057983,0.35,1,1,761,FP32-token-IDs
RoBERTa,k6qzu7,262,75,20,ĠThe,the,False,suicide intent,-0.0003131466660475039,0.0003131466660475039,0.08281110227108002,0.007860248908400536,0.35,0,0,761,FP32-token-IDs
RoBERTa,k6qzu7,262,75,20,ĠThe,the,False,worthlessness,0.006175361131749081,0.006175361131749081,0.23589852452278137,0.06992913782596588,0.35,0,0,761,FP32-token-IDs
RoBERTa,k6qzu7,262,76,1445,Ġentire,entire,False,anger,0.014505911681529446,0.014505911681529446,0.31067878007888794,0.07293948531150818,0.35,0,0,761,FP32-token-IDs
RoBERTa,k6qzu7,262,76,1445,Ġentire,entire,False,brain dysfunction (forget),0.00032383602767906806,0.00032383602767906806,0.19119325280189514,0.01402713730931282,0.35,0,0,761,FP32-token-IDs
RoBERTa,k6qzu7,262,76,1445,Ġentire,entire,False,emptiness,-0.00023453570503517295,0.00023453570503517295,0.11213260889053345,0.19804799556732178,0.35,0,0,761,FP32-token-IDs
RoBERTa,k6qzu7,262,76,1445,Ġentire,entire,False,hopelessness,0.010155413444779158,0.010155413444779158,0.2967376708984375,0.14247719943523407,0.35,0,0,761,FP32-token-IDs
RoBERTa,k6qzu7,262,76,1445,Ġentire,entire,False,loneliness,-0.0034025102364399506,0.0034025102364399506,0.27838459610939026,0.9108487963676453,0.35,1,1,761,FP32-token-IDs
RoBERTa,k6qzu7,262,76,1445,Ġentire,entire,False,sadness,0.0030405861756729858,0.0030405861756729858,0.3116258382797241,0.8714736700057983,0.35,1,1,761,FP32-token-IDs
RoBERTa,k6qzu7,262,76,1445,Ġentire,entire,False,suicide intent,-0.0003131466660475039,0.0003131466660475039,0.08281110227108002,0.007860248908400536,0.35,0,0,761,FP32-token-IDs
RoBERTa,k6qzu7,262,76,1445,Ġentire,entire,False,worthlessness,0.006175361131749081,0.006175361131749081,0.23589852452278137,0.06992913782596588,0.35,0,0,761,FP32-token-IDs
RoBERTa,k6qzu7,262,77,5518,Ġplanet,planet,False,anger,0.012621739476647539,0.012621739476647539,0.31067878007888794,0.07293948531150818,0.35,0,0,761,FP32-token-IDs
RoBERTa,k6qzu7,262,77,5518,Ġplanet,planet,False,brain dysfunction (forget),0.0003160733376043262,0.0003160733376043262,0.19119325280189514,0.01402713730931282,0.35,0,0,761,FP32-token-IDs
RoBERTa,k6qzu7,262,77,5518,Ġplanet,planet,False,emptiness,-0.00013456439666225816,0.00013456439666225816,0.11213260889053345,0.19804799556732178,0.35,0,0,761,FP32-token-IDs
RoBERTa,k6qzu7,262,77,5518,Ġplanet,planet,False,hopelessness,0.009389327285505176,0.009389327285505176,0.2967376708984375,0.14247719943523407,0.35,0,0,761,FP32-token-IDs
RoBERTa,k6qzu7,262,77,5518,Ġplanet,planet,False,loneliness,-0.0026794649171211792,0.0026794649171211792,0.27838459610939026,0.9108487963676453,0.35,1,1,761,FP32-token-IDs
RoBERTa,k6qzu7,262,77,5518,Ġplanet,planet,False,sadness,0.0038214370573836343,0.0038214370573836343,0.3116258382797241,0.8714736700057983,0.35,1,1,761,FP32-token-IDs
RoBERTa,k6qzu7,262,77,5518,Ġplanet,planet,False,suicide intent,-0.00020318017097317216,0.00020318017097317216,0.08281110227108002,0.007860248908400536,0.35,0,0,761,FP32-token-IDs
RoBERTa,k6qzu7,262,77,5518,Ġplanet,planet,False,worthlessness,0.005183395720518159,0.005183395720518159,0.23589852452278137,0.06992913782596588,0.35,0,0,761,FP32-token-IDs
RoBERTa,k6qzu7,262,78,16,Ġis,is,False,anger,0.012621739476647539,0.012621739476647539,0.31067878007888794,0.07293948531150818,0.35,0,0,761,FP32-token-IDs
RoBERTa,k6qzu7,262,78,16,Ġis,is,False,brain dysfunction (forget),0.0003160733376043262,0.0003160733376043262,0.19119325280189514,0.01402713730931282,0.35,0,0,761,FP32-token-IDs
RoBERTa,k6qzu7,262,78,16,Ġis,is,False,emptiness,-0.00013456439666225816,0.00013456439666225816,0.11213260889053345,0.19804799556732178,0.35,0,0,761,FP32-token-IDs
RoBERTa,k6qzu7,262,78,16,Ġis,is,False,hopelessness,0.009389327285505176,0.009389327285505176,0.2967376708984375,0.14247719943523407,0.35,0,0,761,FP32-token-IDs
RoBERTa,k6qzu7,262,78,16,Ġis,is,False,loneliness,-0.0026794649171211792,0.0026794649171211792,0.27838459610939026,0.9108487963676453,0.35,1,1,761,FP32-token-IDs
RoBERTa,k6qzu7,262,78,16,Ġis,is,False,sadness,0.0038214370573836343,0.0038214370573836343,0.3116258382797241,0.8714736700057983,0.35,1,1,761,FP32-token-IDs
RoBERTa,k6qzu7,262,78,16,Ġis,is,False,suicide intent,-0.00020318017097317216,0.00020318017097317216,0.08281110227108002,0.007860248908400536,0.35,0,0,761,FP32-token-IDs
RoBERTa,k6qzu7,262,78,16,Ġis,is,False,worthlessness,0.005183395720518159,0.005183395720518159,0.23589852452278137,0.06992913782596588,0.35,0,0,761,FP32-token-IDs
RoBERTa,k6qzu7,262,79,62,Ġup,up,False,anger,0.014537336018596156,0.014537336018596156,0.31067878007888794,0.07293948531150818,0.35,0,0,761,FP32-token-IDs
RoBERTa,k6qzu7,262,79,62,Ġup,up,False,brain dysfunction (forget),-0.0003829105645073233,0.0003829105645073233,0.19119325280189514,0.01402713730931282,0.35,0,0,761,FP32-token-IDs
RoBERTa,k6qzu7,262,79,62,Ġup,up,False,emptiness,-0.0019376360131125828,0.0019376360131125828,0.11213260889053345,0.19804799556732178,0.35,0,0,761,FP32-token-IDs
RoBERTa,k6qzu7,262,79,62,Ġup,up,False,hopelessness,0.005389618832311869,0.005389618832311869,0.2967376708984375,0.14247719943523407,0.35,0,0,761,FP32-token-IDs
RoBERTa,k6qzu7,262,79,62,Ġup,up,False,loneliness,-0.0042194982966908285,0.0042194982966908285,0.27838459610939026,0.9108487963676453,0.35,1,1,761,FP32-token-IDs
RoBERTa,k6qzu7,262,79,62,Ġup,up,False,sadness,0.005373674837217011,0.005373674837217011,0.3116258382797241,0.8714736700057983,0.35,1,1,761,FP32-token-IDs
RoBERTa,k6qzu7,262,79,62,Ġup,up,False,suicide intent,-0.0006030592199008592,0.0006030592199008592,0.08281110227108002,0.007860248908400536,0.35,0,0,761,FP32-token-IDs
RoBERTa,k6qzu7,262,79,62,Ġup,up,False,worthlessness,0.002903424925602007,0.002903424925602007,0.23589852452278137,0.06992913782596588,0.35,0,0,761,FP32-token-IDs
RoBERTa,k6qzu7,262,80,11,Ġin,in,False,anger,0.014537336018596156,0.014537336018596156,0.31067878007888794,0.07293948531150818,0.35,0,0,761,FP32-token-IDs
RoBERTa,k6qzu7,262,80,11,Ġin,in,False,brain dysfunction (forget),-0.0003829105645073233,0.0003829105645073233,0.19119325280189514,0.01402713730931282,0.35,0,0,761,FP32-token-IDs
RoBERTa,k6qzu7,262,80,11,Ġin,in,False,emptiness,-0.0019376360131125828,0.0019376360131125828,0.11213260889053345,0.19804799556732178,0.35,0,0,761,FP32-token-IDs
RoBERTa,k6qzu7,262,80,11,Ġin,in,False,hopelessness,0.005389618832311869,0.005389618832311869,0.2967376708984375,0.14247719943523407,0.35,0,0,761,FP32-token-IDs
RoBERTa,k6qzu7,262,80,11,Ġin,in,False,loneliness,-0.0042194982966908285,0.0042194982966908285,0.27838459610939026,0.9108487963676453,0.35,1,1,761,FP32-token-IDs
RoBERTa,k6qzu7,262,80,11,Ġin,in,False,sadness,0.005373674837217011,0.005373674837217011,0.3116258382797241,0.8714736700057983,0.35,1,1,761,FP32-token-IDs
RoBERTa,k6qzu7,262,80,11,Ġin,in,False,suicide intent,-0.0006030592199008592,0.0006030592199008592,0.08281110227108002,0.007860248908400536,0.35,0,0,761,FP32-token-IDs
RoBERTa,k6qzu7,262,80,11,Ġin,in,False,worthlessness,0.002903424925602007,0.002903424925602007,0.23589852452278137,0.06992913782596588,0.35,0,0,761,FP32-token-IDs
RoBERTa,k6qzu7,262,81,3701,Ġarms,arms,False,anger,0.013965238996509774,0.013965238996509774,0.31067878007888794,0.07293948531150818,0.35,0,0,761,FP32-token-IDs
RoBERTa,k6qzu7,262,81,3701,Ġarms,arms,False,brain dysfunction (forget),-0.0006080042458725748,0.0006080042458725748,0.19119325280189514,0.01402713730931282,0.35,0,0,761,FP32-token-IDs
RoBERTa,k6qzu7,262,81,3701,Ġarms,arms,False,emptiness,-0.002023521940659352,0.002023521940659352,0.11213260889053345,0.19804799556732178,0.35,0,0,761,FP32-token-IDs
RoBERTa,k6qzu7,262,81,3701,Ġarms,arms,False,hopelessness,0.005412039259142519,0.005412039259142519,0.2967376708984375,0.14247719943523407,0.35,0,0,761,FP32-token-IDs
RoBERTa,k6qzu7,262,81,3701,Ġarms,arms,False,loneliness,-0.0040032659167924,0.0040032659167924,0.27838459610939026,0.9108487963676453,0.35,1,1,761,FP32-token-IDs
RoBERTa,k6qzu7,262,81,3701,Ġarms,arms,False,sadness,0.004777688925430455,0.004777688925430455,0.3116258382797241,0.8714736700057983,0.35,1,1,761,FP32-token-IDs
RoBERTa,k6qzu7,262,81,3701,Ġarms,arms,False,suicide intent,-0.0008261971529632487,0.0008261971529632487,0.08281110227108002,0.007860248908400536,0.35,0,0,761,FP32-token-IDs
RoBERTa,k6qzu7,262,81,3701,Ġarms,arms,False,worthlessness,0.0030185682936226606,0.0030185682936226606,0.23589852452278137,0.06992913782596588,0.35,0,0,761,FP32-token-IDs
RoBERTa,k6qzu7,262,82,59,Ġabout,about,False,anger,0.013965238996509774,0.013965238996509774,0.31067878007888794,0.07293948531150818,0.35,0,0,761,FP32-token-IDs
RoBERTa,k6qzu7,262,82,59,Ġabout,about,False,brain dysfunction (forget),-0.0006080042458725748,0.0006080042458725748,0.19119325280189514,0.01402713730931282,0.35,0,0,761,FP32-token-IDs
RoBERTa,k6qzu7,262,82,59,Ġabout,about,False,emptiness,-0.002023521940659352,0.002023521940659352,0.11213260889053345,0.19804799556732178,0.35,0,0,761,FP32-token-IDs
RoBERTa,k6qzu7,262,82,59,Ġabout,about,False,hopelessness,0.005412039259142519,0.005412039259142519,0.2967376708984375,0.14247719943523407,0.35,0,0,761,FP32-token-IDs
RoBERTa,k6qzu7,262,82,59,Ġabout,about,False,loneliness,-0.0040032659167924,0.0040032659167924,0.27838459610939026,0.9108487963676453,0.35,1,1,761,FP32-token-IDs
RoBERTa,k6qzu7,262,82,59,Ġabout,about,False,sadness,0.004777688925430455,0.004777688925430455,0.3116258382797241,0.8714736700057983,0.35,1,1,761,FP32-token-IDs
RoBERTa,k6qzu7,262,82,59,Ġabout,about,False,suicide intent,-0.0008261971529632487,0.0008261971529632487,0.08281110227108002,0.007860248908400536,0.35,0,0,761,FP32-token-IDs
RoBERTa,k6qzu7,262,82,59,Ġabout,about,False,worthlessness,0.0030185682936226606,0.0030185682936226606,0.23589852452278137,0.06992913782596588,0.35,0,0,761,FP32-token-IDs
RoBERTa,k6qzu7,262,83,141,Ġhow,how,False,anger,-0.009219462119896585,0.009219462119896585,0.31067878007888794,0.07293948531150818,0.35,0,0,761,FP32-token-IDs
RoBERTa,k6qzu7,262,83,141,Ġhow,how,False,brain dysfunction (forget),-0.003985791810986551,0.003985791810986551,0.19119325280189514,0.01402713730931282,0.35,0,0,761,FP32-token-IDs
RoBERTa,k6qzu7,262,83,141,Ġhow,how,False,emptiness,0.005085209560261488,0.005085209560261488,0.11213260889053345,0.19804799556732178,0.35,0,0,761,FP32-token-IDs
RoBERTa,k6qzu7,262,83,141,Ġhow,how,False,hopelessness,0.007024842575817645,0.007024842575817645,0.2967376708984375,0.14247719943523407,0.35,0,0,761,FP32-token-IDs
RoBERTa,k6qzu7,262,83,141,Ġhow,how,False,loneliness,0.02468902603087136,0.02468902603087136,0.27838459610939026,0.9108487963676453,0.35,1,1,761,FP32-token-IDs
RoBERTa,k6qzu7,262,83,141,Ġhow,how,False,sadness,0.008110279726140477,0.008110279726140477,0.3116258382797241,0.8714736700057983,0.35,1,1,761,FP32-token-IDs
RoBERTa,k6qzu7,262,83,141,Ġhow,how,False,suicide intent,-0.0004945816331369483,0.0004945816331369483,0.08281110227108002,0.007860248908400536,0.35,0,0,761,FP32-token-IDs
RoBERTa,k6qzu7,262,83,141,Ġhow,how,False,worthlessness,0.0032224543775319706,0.0032224543775319706,0.23589852452278137,0.06992913782596588,0.35,0,0,761,FP32-token-IDs
RoBERTa,k6qzu7,262,84,2702,Ġdangerous,dangerous,False,anger,-0.009219462119896585,0.009219462119896585,0.31067878007888794,0.07293948531150818,0.35,0,0,761,FP32-token-IDs
RoBERTa,k6qzu7,262,84,2702,Ġdangerous,dangerous,False,brain dysfunction (forget),-0.003985791810986551,0.003985791810986551,0.19119325280189514,0.01402713730931282,0.35,0,0,761,FP32-token-IDs
RoBERTa,k6qzu7,262,84,2702,Ġdangerous,dangerous,False,emptiness,0.005085209560261488,0.005085209560261488,0.11213260889053345,0.19804799556732178,0.35,0,0,761,FP32-token-IDs
RoBERTa,k6qzu7,262,84,2702,Ġdangerous,dangerous,False,hopelessness,0.007024842575817645,0.007024842575817645,0.2967376708984375,0.14247719943523407,0.35,0,0,761,FP32-token-IDs
RoBERTa,k6qzu7,262,84,2702,Ġdangerous,dangerous,False,loneliness,0.02468902603087136,0.02468902603087136,0.27838459610939026,0.9108487963676453,0.35,1,1,761,FP32-token-IDs
RoBERTa,k6qzu7,262,84,2702,Ġdangerous,dangerous,False,sadness,0.008110279726140477,0.008110279726140477,0.3116258382797241,0.8714736700057983,0.35,1,1,761,FP32-token-IDs
RoBERTa,k6qzu7,262,84,2702,Ġdangerous,dangerous,False,suicide intent,-0.0004945816331369483,0.0004945816331369483,0.08281110227108002,0.007860248908400536,0.35,0,0,761,FP32-token-IDs
RoBERTa,k6qzu7,262,84,2702,Ġdangerous,dangerous,False,worthlessness,0.0032224543775319706,0.0032224543775319706,0.23589852452278137,0.06992913782596588,0.35,0,0,761,FP32-token-IDs
RoBERTa,k6qzu7,262,85,145,Ġbeing,being,False,anger,-0.019532104381748162,0.019532104381748162,0.31067878007888794,0.07293948531150818,0.35,0,0,761,FP32-token-IDs
RoBERTa,k6qzu7,262,85,145,Ġbeing,being,False,brain dysfunction (forget),-0.0046354524620929385,0.0046354524620929385,0.19119325280189514,0.01402713730931282,0.35,0,0,761,FP32-token-IDs
RoBERTa,k6qzu7,262,85,145,Ġbeing,being,False,emptiness,0.007646819170245349,0.007646819170245349,0.11213260889053345,0.19804799556732178,0.35,0,0,761,FP32-token-IDs
RoBERTa,k6qzu7,262,85,145,Ġbeing,being,False,hopelessness,0.009534326643376887,0.009534326643376887,0.2967376708984375,0.14247719943523407,0.35,0,0,761,FP32-token-IDs
RoBERTa,k6qzu7,262,85,145,Ġbeing,being,False,loneliness,0.0347295887762879,0.0347295887762879,0.27838459610939026,0.9108487963676453,0.35,1,1,761,FP32-token-IDs
RoBERTa,k6qzu7,262,85,145,Ġbeing,being,False,sadness,0.014467978427462556,0.014467978427462556,0.3116258382797241,0.8714736700057983,0.35,1,1,761,FP32-token-IDs
RoBERTa,k6qzu7,262,85,145,Ġbeing,being,False,suicide intent,-0.0006129133439740312,0.0006129133439740312,0.08281110227108002,0.007860248908400536,0.35,0,0,761,FP32-token-IDs
RoBERTa,k6qzu7,262,85,145,Ġbeing,being,False,worthlessness,0.0005248794714808117,0.0005248794714808117,0.23589852452278137,0.06992913782596588,0.35,0,0,761,FP32-token-IDs
RoBERTa,k6qzu7,262,86,20100,Ġlonely,lonely,False,anger,-0.019532104381748162,0.019532104381748162,0.31067878007888794,0.07293948531150818,0.35,0,0,761,FP32-token-IDs
RoBERTa,k6qzu7,262,86,20100,Ġlonely,lonely,False,brain dysfunction (forget),-0.0046354524620929385,0.0046354524620929385,0.19119325280189514,0.01402713730931282,0.35,0,0,761,FP32-token-IDs
RoBERTa,k6qzu7,262,86,20100,Ġlonely,lonely,False,emptiness,0.007646819170245349,0.007646819170245349,0.11213260889053345,0.19804799556732178,0.35,0,0,761,FP32-token-IDs
RoBERTa,k6qzu7,262,86,20100,Ġlonely,lonely,False,hopelessness,0.009534326643376887,0.009534326643376887,0.2967376708984375,0.14247719943523407,0.35,0,0,761,FP32-token-IDs
RoBERTa,k6qzu7,262,86,20100,Ġlonely,lonely,False,loneliness,0.0347295887762879,0.0347295887762879,0.27838459610939026,0.9108487963676453,0.35,1,1,761,FP32-token-IDs
RoBERTa,k6qzu7,262,86,20100,Ġlonely,lonely,False,sadness,0.014467978427462556,0.014467978427462556,0.3116258382797241,0.8714736700057983,0.35,1,1,761,FP32-token-IDs
RoBERTa,k6qzu7,262,86,20100,Ġlonely,lonely,False,suicide intent,-0.0006129133439740312,0.0006129133439740312,0.08281110227108002,0.007860248908400536,0.35,0,0,761,FP32-token-IDs
RoBERTa,k6qzu7,262,86,20100,Ġlonely,lonely,False,worthlessness,0.0005248794714808117,0.0005248794714808117,0.23589852452278137,0.06992913782596588,0.35,0,0,761,FP32-token-IDs
RoBERTa,k6qzu7,262,87,16,Ġis,is,False,anger,-0.000492315487160037,0.000492315487160037,0.31067878007888794,0.07293948531150818,0.35,0,0,761,FP32-token-IDs
RoBERTa,k6qzu7,262,87,16,Ġis,is,False,brain dysfunction (forget),-0.002023889212136122,0.002023889212136122,0.19119325280189514,0.01402713730931282,0.35,0,0,761,FP32-token-IDs
RoBERTa,k6qzu7,262,87,16,Ġis,is,False,emptiness,0.000732352696272924,0.000732352696272924,0.11213260889053345,0.19804799556732178,0.35,0,0,761,FP32-token-IDs
RoBERTa,k6qzu7,262,87,16,Ġis,is,False,hopelessness,0.003902991214460969,0.003902991214460969,0.2967376708984375,0.14247719943523407,0.35,0,0,761,FP32-token-IDs
RoBERTa,k6qzu7,262,87,16,Ġis,is,False,loneliness,0.0037387304322759585,0.0037387304322759585,0.27838459610939026,0.9108487963676453,0.35,1,1,761,FP32-token-IDs
RoBERTa,k6qzu7,262,87,16,Ġis,is,False,sadness,0.0037940168253111617,0.0037940168253111617,0.3116258382797241,0.8714736700057983,0.35,1,1,761,FP32-token-IDs
RoBERTa,k6qzu7,262,87,16,Ġis,is,False,suicide intent,-0.0002399640420831188,0.0002399640420831188,0.08281110227108002,0.007860248908400536,0.35,0,0,761,FP32-token-IDs
RoBERTa,k6qzu7,262,87,16,Ġis,is,False,worthlessness,0.0002739341089855534,0.0002739341089855534,0.23589852452278137,0.06992913782596588,0.35,0,0,761,FP32-token-IDs
RoBERTa,k6qzu7,262,88,734,...,...,False,anger,-0.000492315487160037,0.000492315487160037,0.31067878007888794,0.07293948531150818,0.35,0,0,761,FP32-token-IDs
RoBERTa,k6qzu7,262,88,734,...,...,False,brain dysfunction (forget),-0.002023889212136122,0.002023889212136122,0.19119325280189514,0.01402713730931282,0.35,0,0,761,FP32-token-IDs
RoBERTa,k6qzu7,262,88,734,...,...,False,emptiness,0.000732352696272924,0.000732352696272924,0.11213260889053345,0.19804799556732178,0.35,0,0,761,FP32-token-IDs
RoBERTa,k6qzu7,262,88,734,...,...,False,hopelessness,0.003902991214460969,0.003902991214460969,0.2967376708984375,0.14247719943523407,0.35,0,0,761,FP32-token-IDs
RoBERTa,k6qzu7,262,88,734,...,...,False,loneliness,0.0037387304322759585,0.0037387304322759585,0.27838459610939026,0.9108487963676453,0.35,1,1,761,FP32-token-IDs
RoBERTa,k6qzu7,262,88,734,...,...,False,sadness,0.0037940168253111617,0.0037940168253111617,0.3116258382797241,0.8714736700057983,0.35,1,1,761,FP32-token-IDs
RoBERTa,k6qzu7,262,88,734,...,...,False,suicide intent,-0.0002399640420831188,0.0002399640420831188,0.08281110227108002,0.007860248908400536,0.35,0,0,761,FP32-token-IDs
RoBERTa,k6qzu7,262,88,734,...,...,False,worthlessness,0.0002739341089855534,0.0002739341089855534,0.23589852452278137,0.06992913782596588,0.35,0,0,761,FP32-token-IDs
RoBERTa,k6qzu7,262,89,150,Ġwhile,while,False,anger,-0.000492315487160037,0.000492315487160037,0.31067878007888794,0.07293948531150818,0.35,0,0,761,FP32-token-IDs
RoBERTa,k6qzu7,262,89,150,Ġwhile,while,False,brain dysfunction (forget),-0.002023889212136122,0.002023889212136122,0.19119325280189514,0.01402713730931282,0.35,0,0,761,FP32-token-IDs
RoBERTa,k6qzu7,262,89,150,Ġwhile,while,False,emptiness,0.000732352696272924,0.000732352696272924,0.11213260889053345,0.19804799556732178,0.35,0,0,761,FP32-token-IDs
RoBERTa,k6qzu7,262,89,150,Ġwhile,while,False,hopelessness,0.003902991214460969,0.003902991214460969,0.2967376708984375,0.14247719943523407,0.35,0,0,761,FP32-token-IDs
RoBERTa,k6qzu7,262,89,150,Ġwhile,while,False,loneliness,0.0037387304322759585,0.0037387304322759585,0.27838459610939026,0.9108487963676453,0.35,1,1,761,FP32-token-IDs
RoBERTa,k6qzu7,262,89,150,Ġwhile,while,False,sadness,0.0037940168253111617,0.0037940168253111617,0.3116258382797241,0.8714736700057983,0.35,1,1,761,FP32-token-IDs
RoBERTa,k6qzu7,262,89,150,Ġwhile,while,False,suicide intent,-0.0002399640420831188,0.0002399640420831188,0.08281110227108002,0.007860248908400536,0.35,0,0,761,FP32-token-IDs
RoBERTa,k6qzu7,262,89,150,Ġwhile,while,False,worthlessness,0.0002739341089855534,0.0002739341089855534,0.23589852452278137,0.06992913782596588,0.35,0,0,761,FP32-token-IDs
RoBERTa,k6qzu7,262,90,38,ĠI,i,False,anger,-0.000492315487160037,0.000492315487160037,0.31067878007888794,0.07293948531150818,0.35,0,0,761,FP32-token-IDs
RoBERTa,k6qzu7,262,90,38,ĠI,i,False,brain dysfunction (forget),-0.002023889212136122,0.002023889212136122,0.19119325280189514,0.01402713730931282,0.35,0,0,761,FP32-token-IDs
RoBERTa,k6qzu7,262,90,38,ĠI,i,False,emptiness,0.000732352696272924,0.000732352696272924,0.11213260889053345,0.19804799556732178,0.35,0,0,761,FP32-token-IDs
RoBERTa,k6qzu7,262,90,38,ĠI,i,False,hopelessness,0.003902991214460969,0.003902991214460969,0.2967376708984375,0.14247719943523407,0.35,0,0,761,FP32-token-IDs
RoBERTa,k6qzu7,262,90,38,ĠI,i,False,loneliness,0.0037387304322759585,0.0037387304322759585,0.27838459610939026,0.9108487963676453,0.35,1,1,761,FP32-token-IDs
RoBERTa,k6qzu7,262,90,38,ĠI,i,False,sadness,0.0037940168253111617,0.0037940168253111617,0.3116258382797241,0.8714736700057983,0.35,1,1,761,FP32-token-IDs
RoBERTa,k6qzu7,262,90,38,ĠI,i,False,suicide intent,-0.0002399640420831188,0.0002399640420831188,0.08281110227108002,0.007860248908400536,0.35,0,0,761,FP32-token-IDs
RoBERTa,k6qzu7,262,90,38,ĠI,i,False,worthlessness,0.0002739341089855534,0.0002739341089855534,0.23589852452278137,0.06992913782596588,0.35,0,0,761,FP32-token-IDs
RoBERTa,k6qzu7,262,91,437,'m,'m,False,anger,-0.006556013863397918,0.006556013863397918,0.31067878007888794,0.07293948531150818,0.35,0,0,761,FP32-token-IDs
RoBERTa,k6qzu7,262,91,437,'m,'m,False,brain dysfunction (forget),0.0001736399374654523,0.0001736399374654523,0.19119325280189514,0.01402713730931282,0.35,0,0,761,FP32-token-IDs
RoBERTa,k6qzu7,262,91,437,'m,'m,False,emptiness,0.006554629794997712,0.006554629794997712,0.11213260889053345,0.19804799556732178,0.35,0,0,761,FP32-token-IDs
RoBERTa,k6qzu7,262,91,437,'m,'m,False,hopelessness,-0.003048626049061114,0.003048626049061114,0.2967376708984375,0.14247719943523407,0.35,0,0,761,FP32-token-IDs
RoBERTa,k6qzu7,262,91,437,'m,'m,False,loneliness,0.010881262938005957,0.010881262938005957,0.27838459610939026,0.9108487963676453,0.35,1,1,761,FP32-token-IDs
RoBERTa,k6qzu7,262,91,437,'m,'m,False,sadness,-0.004543602402300044,0.004543602402300044,0.3116258382797241,0.8714736700057983,0.35,1,1,761,FP32-token-IDs
RoBERTa,k6qzu7,262,91,437,'m,'m,False,suicide intent,-0.0007695669912625737,0.0007695669912625737,0.08281110227108002,0.007860248908400536,0.35,0,0,761,FP32-token-IDs
RoBERTa,k6qzu7,262,91,437,'m,'m,False,worthlessness,-0.0066347151694063616,0.0066347151694063616,0.23589852452278137,0.06992913782596588,0.35,0,0,761,FP32-token-IDs
RoBERTa,k6qzu7,262,92,95,Ġjust,just,False,anger,-0.006556013863397918,0.006556013863397918,0.31067878007888794,0.07293948531150818,0.35,0,0,761,FP32-token-IDs
RoBERTa,k6qzu7,262,92,95,Ġjust,just,False,brain dysfunction (forget),0.0001736399374654523,0.0001736399374654523,0.19119325280189514,0.01402713730931282,0.35,0,0,761,FP32-token-IDs
RoBERTa,k6qzu7,262,92,95,Ġjust,just,False,emptiness,0.006554629794997712,0.006554629794997712,0.11213260889053345,0.19804799556732178,0.35,0,0,761,FP32-token-IDs
RoBERTa,k6qzu7,262,92,95,Ġjust,just,False,hopelessness,-0.003048626049061114,0.003048626049061114,0.2967376708984375,0.14247719943523407,0.35,0,0,761,FP32-token-IDs
RoBERTa,k6qzu7,262,92,95,Ġjust,just,False,loneliness,0.010881262938005957,0.010881262938005957,0.27838459610939026,0.9108487963676453,0.35,1,1,761,FP32-token-IDs
RoBERTa,k6qzu7,262,92,95,Ġjust,just,False,sadness,-0.004543602402300044,0.004543602402300044,0.3116258382797241,0.8714736700057983,0.35,1,1,761,FP32-token-IDs
RoBERTa,k6qzu7,262,92,95,Ġjust,just,False,suicide intent,-0.0007695669912625737,0.0007695669912625737,0.08281110227108002,0.007860248908400536,0.35,0,0,761,FP32-token-IDs
RoBERTa,k6qzu7,262,92,95,Ġjust,just,False,worthlessness,-0.0066347151694063616,0.0066347151694063616,0.23589852452278137,0.06992913782596588,0.35,0,0,761,FP32-token-IDs
RoBERTa,k6qzu7,262,93,11034,Ġquietly,quietly,False,anger,-0.006260553639246306,0.006260553639246306,0.31067878007888794,0.07293948531150818,0.35,0,0,761,FP32-token-IDs
RoBERTa,k6qzu7,262,93,11034,Ġquietly,quietly,False,brain dysfunction (forget),4.581661259140884e-05,4.581661259140884e-05,0.19119325280189514,0.01402713730931282,0.35,0,0,761,FP32-token-IDs
RoBERTa,k6qzu7,262,93,11034,Ġquietly,quietly,False,emptiness,0.005840425870125731,0.005840425870125731,0.11213260889053345,0.19804799556732178,0.35,0,0,761,FP32-token-IDs
RoBERTa,k6qzu7,262,93,11034,Ġquietly,quietly,False,hopelessness,-0.005859816255618626,0.005859816255618626,0.2967376708984375,0.14247719943523407,0.35,0,0,761,FP32-token-IDs
RoBERTa,k6qzu7,262,93,11034,Ġquietly,quietly,False,loneliness,0.0077935001947713215,0.0077935001947713215,0.27838459610939026,0.9108487963676453,0.35,1,1,761,FP32-token-IDs
RoBERTa,k6qzu7,262,93,11034,Ġquietly,quietly,False,sadness,-0.005059256154090567,0.005059256154090567,0.3116258382797241,0.8714736700057983,0.35,1,1,761,FP32-token-IDs
RoBERTa,k6qzu7,262,93,11034,Ġquietly,quietly,False,suicide intent,-0.000504468581535358,0.000504468581535358,0.08281110227108002,0.007860248908400536,0.35,0,0,761,FP32-token-IDs
RoBERTa,k6qzu7,262,93,11034,Ġquietly,quietly,False,worthlessness,-0.008007739361113734,0.008007739361113734,0.23589852452278137,0.06992913782596588,0.35,0,0,761,FP32-token-IDs
RoBERTa,k6qzu7,262,94,2828,Ġsitting,sitting,False,anger,-0.006260553639246306,0.006260553639246306,0.31067878007888794,0.07293948531150818,0.35,0,0,761,FP32-token-IDs
RoBERTa,k6qzu7,262,94,2828,Ġsitting,sitting,False,brain dysfunction (forget),4.581661259140884e-05,4.581661259140884e-05,0.19119325280189514,0.01402713730931282,0.35,0,0,761,FP32-token-IDs
RoBERTa,k6qzu7,262,94,2828,Ġsitting,sitting,False,emptiness,0.005840425870125731,0.005840425870125731,0.11213260889053345,0.19804799556732178,0.35,0,0,761,FP32-token-IDs
RoBERTa,k6qzu7,262,94,2828,Ġsitting,sitting,False,hopelessness,-0.005859816255618626,0.005859816255618626,0.2967376708984375,0.14247719943523407,0.35,0,0,761,FP32-token-IDs
RoBERTa,k6qzu7,262,94,2828,Ġsitting,sitting,False,loneliness,0.0077935001947713215,0.0077935001947713215,0.27838459610939026,0.9108487963676453,0.35,1,1,761,FP32-token-IDs
RoBERTa,k6qzu7,262,94,2828,Ġsitting,sitting,False,sadness,-0.005059256154090567,0.005059256154090567,0.3116258382797241,0.8714736700057983,0.35,1,1,761,FP32-token-IDs
RoBERTa,k6qzu7,262,94,2828,Ġsitting,sitting,False,suicide intent,-0.000504468581535358,0.000504468581535358,0.08281110227108002,0.007860248908400536,0.35,0,0,761,FP32-token-IDs
RoBERTa,k6qzu7,262,94,2828,Ġsitting,sitting,False,worthlessness,-0.008007739361113734,0.008007739361113734,0.23589852452278137,0.06992913782596588,0.35,0,0,761,FP32-token-IDs
RoBERTa,k6qzu7,262,95,11,Ġin,in,False,anger,-0.0023016900453339552,0.0023016900453339552,0.31067878007888794,0.07293948531150818,0.35,0,0,761,FP32-token-IDs
RoBERTa,k6qzu7,262,95,11,Ġin,in,False,brain dysfunction (forget),0.0007289334971609133,0.0007289334971609133,0.19119325280189514,0.01402713730931282,0.35,0,0,761,FP32-token-IDs
RoBERTa,k6qzu7,262,95,11,Ġin,in,False,emptiness,0.0016718345993037634,0.0016718345993037634,0.11213260889053345,0.19804799556732178,0.35,0,0,761,FP32-token-IDs
RoBERTa,k6qzu7,262,95,11,Ġin,in,False,hopelessness,-0.0011949024046491248,0.0011949024046491248,0.2967376708984375,0.14247719943523407,0.35,0,0,761,FP32-token-IDs
RoBERTa,k6qzu7,262,95,11,Ġin,in,False,loneliness,0.002102498603897808,0.002102498603897808,0.27838459610939026,0.9108487963676453,0.35,1,1,761,FP32-token-IDs
RoBERTa,k6qzu7,262,95,11,Ġin,in,False,sadness,-0.0007448365402055394,0.0007448365402055394,0.3116258382797241,0.8714736700057983,0.35,1,1,761,FP32-token-IDs
RoBERTa,k6qzu7,262,95,11,Ġin,in,False,suicide intent,-0.0002055549405174963,0.0002055549405174963,0.08281110227108002,0.007860248908400536,0.35,0,0,761,FP32-token-IDs
RoBERTa,k6qzu7,262,95,11,Ġin,in,False,worthlessness,-0.0018967611896848024,0.0018967611896848024,0.23589852452278137,0.06992913782596588,0.35,0,0,761,FP32-token-IDs
RoBERTa,k6qzu7,262,96,127,Ġmy,my,False,anger,-0.0023016900453339552,0.0023016900453339552,0.31067878007888794,0.07293948531150818,0.35,0,0,761,FP32-token-IDs
RoBERTa,k6qzu7,262,96,127,Ġmy,my,False,brain dysfunction (forget),0.0007289334971609133,0.0007289334971609133,0.19119325280189514,0.01402713730931282,0.35,0,0,761,FP32-token-IDs
RoBERTa,k6qzu7,262,96,127,Ġmy,my,False,emptiness,0.0016718345993037634,0.0016718345993037634,0.11213260889053345,0.19804799556732178,0.35,0,0,761,FP32-token-IDs
RoBERTa,k6qzu7,262,96,127,Ġmy,my,False,hopelessness,-0.0011949024046491248,0.0011949024046491248,0.2967376708984375,0.14247719943523407,0.35,0,0,761,FP32-token-IDs
RoBERTa,k6qzu7,262,96,127,Ġmy,my,False,loneliness,0.002102498603897808,0.002102498603897808,0.27838459610939026,0.9108487963676453,0.35,1,1,761,FP32-token-IDs
RoBERTa,k6qzu7,262,96,127,Ġmy,my,False,sadness,-0.0007448365402055394,0.0007448365402055394,0.3116258382797241,0.8714736700057983,0.35,1,1,761,FP32-token-IDs
RoBERTa,k6qzu7,262,96,127,Ġmy,my,False,suicide intent,-0.0002055549405174963,0.0002055549405174963,0.08281110227108002,0.007860248908400536,0.35,0,0,761,FP32-token-IDs
RoBERTa,k6qzu7,262,96,127,Ġmy,my,False,worthlessness,-0.0018967611896848024,0.0018967611896848024,0.23589852452278137,0.06992913782596588,0.35,0,0,761,FP32-token-IDs
RoBERTa,k6qzu7,262,97,2797,Ġcorner,corner,False,anger,-0.0023016900453339552,0.0023016900453339552,0.31067878007888794,0.07293948531150818,0.35,0,0,761,FP32-token-IDs
RoBERTa,k6qzu7,262,97,2797,Ġcorner,corner,False,brain dysfunction (forget),0.0007289334971609133,0.0007289334971609133,0.19119325280189514,0.01402713730931282,0.35,0,0,761,FP32-token-IDs
RoBERTa,k6qzu7,262,97,2797,Ġcorner,corner,False,emptiness,0.0016718345993037634,0.0016718345993037634,0.11213260889053345,0.19804799556732178,0.35,0,0,761,FP32-token-IDs
RoBERTa,k6qzu7,262,97,2797,Ġcorner,corner,False,hopelessness,-0.0011949024046491248,0.0011949024046491248,0.2967376708984375,0.14247719943523407,0.35,0,0,761,FP32-token-IDs
RoBERTa,k6qzu7,262,97,2797,Ġcorner,corner,False,loneliness,0.002102498603897808,0.002102498603897808,0.27838459610939026,0.9108487963676453,0.35,1,1,761,FP32-token-IDs
RoBERTa,k6qzu7,262,97,2797,Ġcorner,corner,False,sadness,-0.0007448365402055394,0.0007448365402055394,0.3116258382797241,0.8714736700057983,0.35,1,1,761,FP32-token-IDs
RoBERTa,k6qzu7,262,97,2797,Ġcorner,corner,False,suicide intent,-0.0002055549405174963,0.0002055549405174963,0.08281110227108002,0.007860248908400536,0.35,0,0,761,FP32-token-IDs
RoBERTa,k6qzu7,262,97,2797,Ġcorner,corner,False,worthlessness,-0.0018967611896848024,0.0018967611896848024,0.23589852452278137,0.06992913782596588,0.35,0,0,761,FP32-token-IDs
RoBERTa,k6qzu7,262,98,41979,Ġnodding,nodding,False,anger,-0.0023016900453339552,0.0023016900453339552,0.31067878007888794,0.07293948531150818,0.35,0,0,761,FP32-token-IDs
RoBERTa,k6qzu7,262,98,41979,Ġnodding,nodding,False,brain dysfunction (forget),0.0007289334971609133,0.0007289334971609133,0.19119325280189514,0.01402713730931282,0.35,0,0,761,FP32-token-IDs
RoBERTa,k6qzu7,262,98,41979,Ġnodding,nodding,False,emptiness,0.0016718345993037634,0.0016718345993037634,0.11213260889053345,0.19804799556732178,0.35,0,0,761,FP32-token-IDs
RoBERTa,k6qzu7,262,98,41979,Ġnodding,nodding,False,hopelessness,-0.0011949024046491248,0.0011949024046491248,0.2967376708984375,0.14247719943523407,0.35,0,0,761,FP32-token-IDs
RoBERTa,k6qzu7,262,98,41979,Ġnodding,nodding,False,loneliness,0.002102498603897808,0.002102498603897808,0.27838459610939026,0.9108487963676453,0.35,1,1,761,FP32-token-IDs
RoBERTa,k6qzu7,262,98,41979,Ġnodding,nodding,False,sadness,-0.0007448365402055394,0.0007448365402055394,0.3116258382797241,0.8714736700057983,0.35,1,1,761,FP32-token-IDs
RoBERTa,k6qzu7,262,98,41979,Ġnodding,nodding,False,suicide intent,-0.0002055549405174963,0.0002055549405174963,0.08281110227108002,0.007860248908400536,0.35,0,0,761,FP32-token-IDs
RoBERTa,k6qzu7,262,98,41979,Ġnodding,nodding,False,worthlessness,-0.0018967611896848024,0.0018967611896848024,0.23589852452278137,0.06992913782596588,0.35,0,0,761,FP32-token-IDs
RoBERTa,k6qzu7,262,99,127,Ġmy,my,False,anger,-0.0023016900453339552,0.0023016900453339552,0.31067878007888794,0.07293948531150818,0.35,0,0,761,FP32-token-IDs
RoBERTa,k6qzu7,262,99,127,Ġmy,my,False,brain dysfunction (forget),0.0007289334971609133,0.0007289334971609133,0.19119325280189514,0.01402713730931282,0.35,0,0,761,FP32-token-IDs
RoBERTa,k6qzu7,262,99,127,Ġmy,my,False,emptiness,0.0016718345993037634,0.0016718345993037634,0.11213260889053345,0.19804799556732178,0.35,0,0,761,FP32-token-IDs
RoBERTa,k6qzu7,262,99,127,Ġmy,my,False,hopelessness,-0.0011949024046491248,0.0011949024046491248,0.2967376708984375,0.14247719943523407,0.35,0,0,761,FP32-token-IDs
RoBERTa,k6qzu7,262,99,127,Ġmy,my,False,loneliness,0.002102498603897808,0.002102498603897808,0.27838459610939026,0.9108487963676453,0.35,1,1,761,FP32-token-IDs
RoBERTa,k6qzu7,262,99,127,Ġmy,my,False,sadness,-0.0007448365402055395,0.0007448365402055395,0.3116258382797241,0.8714736700057983,0.35,1,1,761,FP32-token-IDs
RoBERTa,k6qzu7,262,99,127,Ġmy,my,False,suicide intent,-0.00020555494051749629,0.00020555494051749629,0.08281110227108002,0.007860248908400536,0.35,0,0,761,FP32-token-IDs
RoBERTa,k6qzu7,262,99,127,Ġmy,my,False,worthlessness,-0.0018967611896848022,0.0018967611896848022,0.23589852452278137,0.06992913782596588,0.35,0,0,761,FP32-token-IDs
RoBERTa,k6qzu7,262,100,471,Ġhead,head,False,anger,-0.0023016900453339552,0.0023016900453339552,0.31067878007888794,0.07293948531150818,0.35,0,0,761,FP32-token-IDs
RoBERTa,k6qzu7,262,100,471,Ġhead,head,False,brain dysfunction (forget),0.0007289334971609133,0.0007289334971609133,0.19119325280189514,0.01402713730931282,0.35,0,0,761,FP32-token-IDs
RoBERTa,k6qzu7,262,100,471,Ġhead,head,False,emptiness,0.0016718345993037634,0.0016718345993037634,0.11213260889053345,0.19804799556732178,0.35,0,0,761,FP32-token-IDs
RoBERTa,k6qzu7,262,100,471,Ġhead,head,False,hopelessness,-0.0011949024046491248,0.0011949024046491248,0.2967376708984375,0.14247719943523407,0.35,0,0,761,FP32-token-IDs
RoBERTa,k6qzu7,262,100,471,Ġhead,head,False,loneliness,0.002102498603897808,0.002102498603897808,0.27838459610939026,0.9108487963676453,0.35,1,1,761,FP32-token-IDs
RoBERTa,k6qzu7,262,100,471,Ġhead,head,False,sadness,-0.0007448365402055395,0.0007448365402055395,0.3116258382797241,0.8714736700057983,0.35,1,1,761,FP32-token-IDs
RoBERTa,k6qzu7,262,100,471,Ġhead,head,False,suicide intent,-0.00020555494051749629,0.00020555494051749629,0.08281110227108002,0.007860248908400536,0.35,0,0,761,FP32-token-IDs
RoBERTa,k6qzu7,262,100,471,Ġhead,head,False,worthlessness,-0.0018967611896848022,0.0018967611896848022,0.23589852452278137,0.06992913782596588,0.35,0,0,761,FP32-token-IDs
RoBERTa,k6qzu7,262,101,4,.,.,False,anger,-0.0023016900453339552,0.0023016900453339552,0.31067878007888794,0.07293948531150818,0.35,0,0,761,FP32-token-IDs
RoBERTa,k6qzu7,262,101,4,.,.,False,brain dysfunction (forget),0.0007289334971609133,0.0007289334971609133,0.19119325280189514,0.01402713730931282,0.35,0,0,761,FP32-token-IDs
RoBERTa,k6qzu7,262,101,4,.,.,False,emptiness,0.0016718345993037634,0.0016718345993037634,0.11213260889053345,0.19804799556732178,0.35,0,0,761,FP32-token-IDs
RoBERTa,k6qzu7,262,101,4,.,.,False,hopelessness,-0.0011949024046491248,0.0011949024046491248,0.2967376708984375,0.14247719943523407,0.35,0,0,761,FP32-token-IDs
RoBERTa,k6qzu7,262,101,4,.,.,False,loneliness,0.002102498603897808,0.002102498603897808,0.27838459610939026,0.9108487963676453,0.35,1,1,761,FP32-token-IDs
RoBERTa,k6qzu7,262,101,4,.,.,False,sadness,-0.0007448365402055395,0.0007448365402055395,0.3116258382797241,0.8714736700057983,0.35,1,1,761,FP32-token-IDs
RoBERTa,k6qzu7,262,101,4,.,.,False,suicide intent,-0.00020555494051749629,0.00020555494051749629,0.08281110227108002,0.007860248908400536,0.35,0,0,761,FP32-token-IDs
RoBERTa,k6qzu7,262,101,4,.,.,False,worthlessness,-0.0018967611896848022,0.0018967611896848022,0.23589852452278137,0.06992913782596588,0.35,0,0,761,FP32-token-IDs
RoBERTa,k6qzu7,262,102,38,ĠI,i,False,anger,-0.002894355746684596,0.002894355746684596,0.31067878007888794,0.07293948531150818,0.35,0,0,761,FP32-token-IDs
RoBERTa,k6qzu7,262,102,38,ĠI,i,False,brain dysfunction (forget),-0.001767489712801762,0.001767489712801762,0.19119325280189514,0.01402713730931282,0.35,0,0,761,FP32-token-IDs
RoBERTa,k6qzu7,262,102,38,ĠI,i,False,emptiness,-0.007123449706705287,0.007123449706705287,0.11213260889053345,0.19804799556732178,0.35,0,0,761,FP32-token-IDs
RoBERTa,k6qzu7,262,102,38,ĠI,i,False,hopelessness,-0.02964727282524109,0.02964727282524109,0.2967376708984375,0.14247719943523407,0.35,0,0,761,FP32-token-IDs
RoBERTa,k6qzu7,262,102,38,ĠI,i,False,loneliness,0.004151987936347723,0.004151987936347723,0.27838459610939026,0.9108487963676453,0.35,1,1,761,FP32-token-IDs
RoBERTa,k6qzu7,262,102,38,ĠI,i,False,sadness,-0.005941889947280288,0.005941889947280288,0.3116258382797241,0.8714736700057983,0.35,1,1,761,FP32-token-IDs
RoBERTa,k6qzu7,262,102,38,ĠI,i,False,suicide intent,-0.00037363198862294666,0.00037363198862294666,0.08281110227108002,0.007860248908400536,0.35,0,0,761,FP32-token-IDs
RoBERTa,k6qzu7,262,102,38,ĠI,i,False,worthlessness,-0.02242903587175533,0.02242903587175533,0.23589852452278137,0.06992913782596588,0.35,0,0,761,FP32-token-IDs
RoBERTa,k6qzu7,262,103,269,Ġreally,really,False,anger,-0.002894355746684596,0.002894355746684596,0.31067878007888794,0.07293948531150818,0.35,0,0,761,FP32-token-IDs
RoBERTa,k6qzu7,262,103,269,Ġreally,really,False,brain dysfunction (forget),-0.001767489712801762,0.001767489712801762,0.19119325280189514,0.01402713730931282,0.35,0,0,761,FP32-token-IDs
RoBERTa,k6qzu7,262,103,269,Ġreally,really,False,emptiness,-0.007123449706705287,0.007123449706705287,0.11213260889053345,0.19804799556732178,0.35,0,0,761,FP32-token-IDs
RoBERTa,k6qzu7,262,103,269,Ġreally,really,False,hopelessness,-0.02964727282524109,0.02964727282524109,0.2967376708984375,0.14247719943523407,0.35,0,0,761,FP32-token-IDs
RoBERTa,k6qzu7,262,103,269,Ġreally,really,False,loneliness,0.004151987936347723,0.004151987936347723,0.27838459610939026,0.9108487963676453,0.35,1,1,761,FP32-token-IDs
RoBERTa,k6qzu7,262,103,269,Ġreally,really,False,sadness,-0.005941889947280288,0.005941889947280288,0.3116258382797241,0.8714736700057983,0.35,1,1,761,FP32-token-IDs
RoBERTa,k6qzu7,262,103,269,Ġreally,really,False,suicide intent,-0.00037363198862294666,0.00037363198862294666,0.08281110227108002,0.007860248908400536,0.35,0,0,761,FP32-token-IDs
RoBERTa,k6qzu7,262,103,269,Ġreally,really,False,worthlessness,-0.02242903587175533,0.02242903587175533,0.23589852452278137,0.06992913782596588,0.35,0,0,761,FP32-token-IDs
RoBERTa,k6qzu7,262,104,109,Ġdo,do,False,anger,-0.0029095934645738454,0.0029095934645738454,0.31067878007888794,0.07293948531150818,0.35,0,0,761,FP32-token-IDs
RoBERTa,k6qzu7,262,104,109,Ġdo,do,False,brain dysfunction (forget),-0.001414754372672178,0.001414754372672178,0.19119325280189514,0.01402713730931282,0.35,0,0,761,FP32-token-IDs
RoBERTa,k6qzu7,262,104,109,Ġdo,do,False,emptiness,-0.0073218571546021845,0.0073218571546021845,0.11213260889053345,0.19804799556732178,0.35,0,0,761,FP32-token-IDs
RoBERTa,k6qzu7,262,104,109,Ġdo,do,False,hopelessness,-0.03171279216185212,0.03171279216185212,0.2967376708984375,0.14247719943523407,0.35,0,0,761,FP32-token-IDs
RoBERTa,k6qzu7,262,104,109,Ġdo,do,False,loneliness,0.0018272065557539464,0.0018272065557539464,0.27838459610939026,0.9108487963676453,0.35,1,1,761,FP32-token-IDs
RoBERTa,k6qzu7,262,104,109,Ġdo,do,False,sadness,-0.00797334942035377,0.00797334942035377,0.3116258382797241,0.8714736700057983,0.35,1,1,761,FP32-token-IDs
RoBERTa,k6qzu7,262,104,109,Ġdo,do,False,suicide intent,-0.00033871032792376354,0.00033871032792376354,0.08281110227108002,0.007860248908400536,0.35,0,0,761,FP32-token-IDs
RoBERTa,k6qzu7,262,104,109,Ġdo,do,False,worthlessness,-0.02143699537264183,0.02143699537264183,0.23589852452278137,0.06992913782596588,0.35,0,0,761,FP32-token-IDs
RoBERTa,k6qzu7,262,105,1346,Ġunderstand,understand,False,anger,-0.0029095934645738454,0.0029095934645738454,0.31067878007888794,0.07293948531150818,0.35,0,0,761,FP32-token-IDs
RoBERTa,k6qzu7,262,105,1346,Ġunderstand,understand,False,brain dysfunction (forget),-0.001414754372672178,0.001414754372672178,0.19119325280189514,0.01402713730931282,0.35,0,0,761,FP32-token-IDs
RoBERTa,k6qzu7,262,105,1346,Ġunderstand,understand,False,emptiness,-0.0073218571546021845,0.0073218571546021845,0.11213260889053345,0.19804799556732178,0.35,0,0,761,FP32-token-IDs
RoBERTa,k6qzu7,262,105,1346,Ġunderstand,understand,False,hopelessness,-0.03171279216185212,0.03171279216185212,0.2967376708984375,0.14247719943523407,0.35,0,0,761,FP32-token-IDs
RoBERTa,k6qzu7,262,105,1346,Ġunderstand,understand,False,loneliness,0.0018272065557539464,0.0018272065557539464,0.27838459610939026,0.9108487963676453,0.35,1,1,761,FP32-token-IDs
RoBERTa,k6qzu7,262,105,1346,Ġunderstand,understand,False,sadness,-0.00797334942035377,0.00797334942035377,0.3116258382797241,0.8714736700057983,0.35,1,1,761,FP32-token-IDs
RoBERTa,k6qzu7,262,105,1346,Ġunderstand,understand,False,suicide intent,-0.00033871032792376354,0.00033871032792376354,0.08281110227108002,0.007860248908400536,0.35,0,0,761,FP32-token-IDs
RoBERTa,k6qzu7,262,105,1346,Ġunderstand,understand,False,worthlessness,-0.02143699537264183,0.02143699537264183,0.23589852452278137,0.06992913782596588,0.35,0,0,761,FP32-token-IDs
RoBERTa,k6qzu7,262,106,258,Ġboth,both,False,anger,0.0010751990911861261,0.0010751990911861261,0.31067878007888794,0.07293948531150818,0.35,0,0,761,FP32-token-IDs
RoBERTa,k6qzu7,262,106,258,Ġboth,both,False,brain dysfunction (forget),-0.00014350033403995137,0.00014350033403995137,0.19119325280189514,0.01402713730931282,0.35,0,0,761,FP32-token-IDs
RoBERTa,k6qzu7,262,106,258,Ġboth,both,False,emptiness,-0.0036701840542567275,0.0036701840542567275,0.11213260889053345,0.19804799556732178,0.35,0,0,761,FP32-token-IDs
RoBERTa,k6qzu7,262,106,258,Ġboth,both,False,hopelessness,-0.007521593601753314,0.007521593601753314,0.2967376708984375,0.14247719943523407,0.35,0,0,761,FP32-token-IDs
RoBERTa,k6qzu7,262,106,258,Ġboth,both,False,loneliness,-0.00046777964259187384,0.00046777964259187384,0.27838459610939026,0.9108487963676453,0.35,1,1,761,FP32-token-IDs
RoBERTa,k6qzu7,262,106,258,Ġboth,both,False,sadness,-0.0011153263815989098,0.0011153263815989098,0.3116258382797241,0.8714736700057983,0.35,1,1,761,FP32-token-IDs
RoBERTa,k6qzu7,262,106,258,Ġboth,both,False,suicide intent,-3.3594387787161395e-05,3.3594387787161395e-05,0.08281110227108002,0.007860248908400536,0.35,0,0,761,FP32-token-IDs
RoBERTa,k6qzu7,262,106,258,Ġboth,both,False,worthlessness,-0.007197785571527978,0.007197785571527978,0.23589852452278137,0.06992913782596588,0.35,0,0,761,FP32-token-IDs
RoBERTa,k6qzu7,262,107,2380,Ġsides,sides,False,anger,0.0010751990911861261,0.0010751990911861261,0.31067878007888794,0.07293948531150818,0.35,0,0,761,FP32-token-IDs
RoBERTa,k6qzu7,262,107,2380,Ġsides,sides,False,brain dysfunction (forget),-0.00014350033403995137,0.00014350033403995137,0.19119325280189514,0.01402713730931282,0.35,0,0,761,FP32-token-IDs
RoBERTa,k6qzu7,262,107,2380,Ġsides,sides,False,emptiness,-0.0036701840542567275,0.0036701840542567275,0.11213260889053345,0.19804799556732178,0.35,0,0,761,FP32-token-IDs
RoBERTa,k6qzu7,262,107,2380,Ġsides,sides,False,hopelessness,-0.007521593601753314,0.007521593601753314,0.2967376708984375,0.14247719943523407,0.35,0,0,761,FP32-token-IDs
RoBERTa,k6qzu7,262,107,2380,Ġsides,sides,False,loneliness,-0.00046777964259187384,0.00046777964259187384,0.27838459610939026,0.9108487963676453,0.35,1,1,761,FP32-token-IDs
RoBERTa,k6qzu7,262,107,2380,Ġsides,sides,False,sadness,-0.0011153263815989098,0.0011153263815989098,0.3116258382797241,0.8714736700057983,0.35,1,1,761,FP32-token-IDs
RoBERTa,k6qzu7,262,107,2380,Ġsides,sides,False,suicide intent,-3.3594387787161395e-05,3.3594387787161395e-05,0.08281110227108002,0.007860248908400536,0.35,0,0,761,FP32-token-IDs
RoBERTa,k6qzu7,262,107,2380,Ġsides,sides,False,worthlessness,-0.007197785571527978,0.007197785571527978,0.23589852452278137,0.06992913782596588,0.35,0,0,761,FP32-token-IDs
RoBERTa,k6qzu7,262,108,9,Ġof,of,False,anger,0.0010751990911861261,0.0010751990911861261,0.31067878007888794,0.07293948531150818,0.35,0,0,761,FP32-token-IDs
RoBERTa,k6qzu7,262,108,9,Ġof,of,False,brain dysfunction (forget),-0.00014350033403995137,0.00014350033403995137,0.19119325280189514,0.01402713730931282,0.35,0,0,761,FP32-token-IDs
RoBERTa,k6qzu7,262,108,9,Ġof,of,False,emptiness,-0.0036701840542567275,0.0036701840542567275,0.11213260889053345,0.19804799556732178,0.35,0,0,761,FP32-token-IDs
RoBERTa,k6qzu7,262,108,9,Ġof,of,False,hopelessness,-0.007521593601753314,0.007521593601753314,0.2967376708984375,0.14247719943523407,0.35,0,0,761,FP32-token-IDs
RoBERTa,k6qzu7,262,108,9,Ġof,of,False,loneliness,-0.0004677796425918738,0.0004677796425918738,0.27838459610939026,0.9108487963676453,0.35,1,1,761,FP32-token-IDs
RoBERTa,k6qzu7,262,108,9,Ġof,of,False,sadness,-0.0011153263815989096,0.0011153263815989096,0.3116258382797241,0.8714736700057983,0.35,1,1,761,FP32-token-IDs
RoBERTa,k6qzu7,262,108,9,Ġof,of,False,suicide intent,-3.3594387787161395e-05,3.3594387787161395e-05,0.08281110227108002,0.007860248908400536,0.35,0,0,761,FP32-token-IDs
RoBERTa,k6qzu7,262,108,9,Ġof,of,False,worthlessness,-0.0071977855715279785,0.0071977855715279785,0.23589852452278137,0.06992913782596588,0.35,0,0,761,FP32-token-IDs
RoBERTa,k6qzu7,262,109,5,Ġthe,the,False,anger,0.0010751990911861261,0.0010751990911861261,0.31067878007888794,0.07293948531150818,0.35,0,0,761,FP32-token-IDs
RoBERTa,k6qzu7,262,109,5,Ġthe,the,False,brain dysfunction (forget),-0.00014350033403995137,0.00014350033403995137,0.19119325280189514,0.01402713730931282,0.35,0,0,761,FP32-token-IDs
RoBERTa,k6qzu7,262,109,5,Ġthe,the,False,emptiness,-0.0036701840542567275,0.0036701840542567275,0.11213260889053345,0.19804799556732178,0.35,0,0,761,FP32-token-IDs
RoBERTa,k6qzu7,262,109,5,Ġthe,the,False,hopelessness,-0.007521593601753314,0.007521593601753314,0.2967376708984375,0.14247719943523407,0.35,0,0,761,FP32-token-IDs
RoBERTa,k6qzu7,262,109,5,Ġthe,the,False,loneliness,-0.0004677796425918738,0.0004677796425918738,0.27838459610939026,0.9108487963676453,0.35,1,1,761,FP32-token-IDs
RoBERTa,k6qzu7,262,109,5,Ġthe,the,False,sadness,-0.0011153263815989096,0.0011153263815989096,0.3116258382797241,0.8714736700057983,0.35,1,1,761,FP32-token-IDs
RoBERTa,k6qzu7,262,109,5,Ġthe,the,False,suicide intent,-3.3594387787161395e-05,3.3594387787161395e-05,0.08281110227108002,0.007860248908400536,0.35,0,0,761,FP32-token-IDs
RoBERTa,k6qzu7,262,109,5,Ġthe,the,False,worthlessness,-0.0071977855715279785,0.0071977855715279785,0.23589852452278137,0.06992913782596588,0.35,0,0,761,FP32-token-IDs
RoBERTa,k6qzu7,262,110,12911,Ġcoin,coin,False,anger,0.0010751990911861261,0.0010751990911861261,0.31067878007888794,0.07293948531150818,0.35,0,0,761,FP32-token-IDs
RoBERTa,k6qzu7,262,110,12911,Ġcoin,coin,False,brain dysfunction (forget),-0.00014350033403995137,0.00014350033403995137,0.19119325280189514,0.01402713730931282,0.35,0,0,761,FP32-token-IDs
RoBERTa,k6qzu7,262,110,12911,Ġcoin,coin,False,emptiness,-0.0036701840542567275,0.0036701840542567275,0.11213260889053345,0.19804799556732178,0.35,0,0,761,FP32-token-IDs
RoBERTa,k6qzu7,262,110,12911,Ġcoin,coin,False,hopelessness,-0.007521593601753314,0.007521593601753314,0.2967376708984375,0.14247719943523407,0.35,0,0,761,FP32-token-IDs
RoBERTa,k6qzu7,262,110,12911,Ġcoin,coin,False,loneliness,-0.0004677796425918738,0.0004677796425918738,0.27838459610939026,0.9108487963676453,0.35,1,1,761,FP32-token-IDs
RoBERTa,k6qzu7,262,110,12911,Ġcoin,coin,False,sadness,-0.0011153263815989096,0.0011153263815989096,0.3116258382797241,0.8714736700057983,0.35,1,1,761,FP32-token-IDs
RoBERTa,k6qzu7,262,110,12911,Ġcoin,coin,False,suicide intent,-3.3594387787161395e-05,3.3594387787161395e-05,0.08281110227108002,0.007860248908400536,0.35,0,0,761,FP32-token-IDs
RoBERTa,k6qzu7,262,110,12911,Ġcoin,coin,False,worthlessness,-0.0071977855715279785,0.0071977855715279785,0.23589852452278137,0.06992913782596588,0.35,0,0,761,FP32-token-IDs
RoBERTa,k6qzu7,262,111,6,",",",",False,anger,0.0010751990911861261,0.0010751990911861261,0.31067878007888794,0.07293948531150818,0.35,0,0,761,FP32-token-IDs
RoBERTa,k6qzu7,262,111,6,",",",",False,brain dysfunction (forget),-0.00014350033403995137,0.00014350033403995137,0.19119325280189514,0.01402713730931282,0.35,0,0,761,FP32-token-IDs
RoBERTa,k6qzu7,262,111,6,",",",",False,emptiness,-0.0036701840542567275,0.0036701840542567275,0.11213260889053345,0.19804799556732178,0.35,0,0,761,FP32-token-IDs
RoBERTa,k6qzu7,262,111,6,",",",",False,hopelessness,-0.007521593601753314,0.007521593601753314,0.2967376708984375,0.14247719943523407,0.35,0,0,761,FP32-token-IDs
RoBERTa,k6qzu7,262,111,6,",",",",False,loneliness,-0.0004677796425918738,0.0004677796425918738,0.27838459610939026,0.9108487963676453,0.35,1,1,761,FP32-token-IDs
RoBERTa,k6qzu7,262,111,6,",",",",False,sadness,-0.0011153263815989096,0.0011153263815989096,0.3116258382797241,0.8714736700057983,0.35,1,1,761,FP32-token-IDs
RoBERTa,k6qzu7,262,111,6,",",",",False,suicide intent,-3.3594387787161395e-05,3.3594387787161395e-05,0.08281110227108002,0.007860248908400536,0.35,0,0,761,FP32-token-IDs
RoBERTa,k6qzu7,262,111,6,",",",",False,worthlessness,-0.0071977855715279785,0.0071977855715279785,0.23589852452278137,0.06992913782596588,0.35,0,0,761,FP32-token-IDs
RoBERTa,k6qzu7,262,112,117,Ġno,no,False,anger,-0.011446370859630406,0.011446370859630406,0.31067878007888794,0.07293948531150818,0.35,0,0,761,FP32-token-IDs
RoBERTa,k6qzu7,262,112,117,Ġno,no,False,brain dysfunction (forget),-0.0020633755306739155,0.0020633755306739155,0.19119325280189514,0.01402713730931282,0.35,0,0,761,FP32-token-IDs
RoBERTa,k6qzu7,262,112,117,Ġno,no,False,emptiness,0.005334654147089977,0.005334654147089977,0.11213260889053345,0.19804799556732178,0.35,0,0,761,FP32-token-IDs
RoBERTa,k6qzu7,262,112,117,Ġno,no,False,hopelessness,0.003589132865373459,0.003589132865373459,0.2967376708984375,0.14247719943523407,0.35,0,0,761,FP32-token-IDs
RoBERTa,k6qzu7,262,112,117,Ġno,no,False,loneliness,0.004519971294535531,0.004519971294535531,0.27838459610939026,0.9108487963676453,0.35,1,1,761,FP32-token-IDs
RoBERTa,k6qzu7,262,112,117,Ġno,no,False,sadness,0.003934210321555535,0.003934210321555535,0.3116258382797241,0.8714736700057983,0.35,1,1,761,FP32-token-IDs
RoBERTa,k6qzu7,262,112,117,Ġno,no,False,suicide intent,9.73684869273307e-05,9.73684869273307e-05,0.08281110227108002,0.007860248908400536,0.35,0,0,761,FP32-token-IDs
RoBERTa,k6qzu7,262,112,117,Ġno,no,False,worthlessness,7.960020512756379e-05,7.960020512756379e-05,0.23589852452278137,0.06992913782596588,0.35,0,0,761,FP32-token-IDs
RoBERTa,k6qzu7,262,113,1980,Ġones,ones,False,anger,-0.011446370859630406,0.011446370859630406,0.31067878007888794,0.07293948531150818,0.35,0,0,761,FP32-token-IDs
RoBERTa,k6qzu7,262,113,1980,Ġones,ones,False,brain dysfunction (forget),-0.0020633755306739155,0.0020633755306739155,0.19119325280189514,0.01402713730931282,0.35,0,0,761,FP32-token-IDs
RoBERTa,k6qzu7,262,113,1980,Ġones,ones,False,emptiness,0.005334654147089977,0.005334654147089977,0.11213260889053345,0.19804799556732178,0.35,0,0,761,FP32-token-IDs
RoBERTa,k6qzu7,262,113,1980,Ġones,ones,False,hopelessness,0.003589132865373459,0.003589132865373459,0.2967376708984375,0.14247719943523407,0.35,0,0,761,FP32-token-IDs
RoBERTa,k6qzu7,262,113,1980,Ġones,ones,False,loneliness,0.004519971294535531,0.004519971294535531,0.27838459610939026,0.9108487963676453,0.35,1,1,761,FP32-token-IDs
RoBERTa,k6qzu7,262,113,1980,Ġones,ones,False,sadness,0.003934210321555535,0.003934210321555535,0.3116258382797241,0.8714736700057983,0.35,1,1,761,FP32-token-IDs
RoBERTa,k6qzu7,262,113,1980,Ġones,ones,False,suicide intent,9.73684869273307e-05,9.73684869273307e-05,0.08281110227108002,0.007860248908400536,0.35,0,0,761,FP32-token-IDs
RoBERTa,k6qzu7,262,113,1980,Ġones,ones,False,worthlessness,7.960020512756379e-05,7.960020512756379e-05,0.23589852452278137,0.06992913782596588,0.35,0,0,761,FP32-token-IDs
RoBERTa,k6qzu7,262,114,3606,Ġsuffering,suffering,False,anger,-0.011446370859630406,0.011446370859630406,0.31067878007888794,0.07293948531150818,0.35,0,0,761,FP32-token-IDs
RoBERTa,k6qzu7,262,114,3606,Ġsuffering,suffering,False,brain dysfunction (forget),-0.0020633755306739155,0.0020633755306739155,0.19119325280189514,0.01402713730931282,0.35,0,0,761,FP32-token-IDs
RoBERTa,k6qzu7,262,114,3606,Ġsuffering,suffering,False,emptiness,0.005334654147089977,0.005334654147089977,0.11213260889053345,0.19804799556732178,0.35,0,0,761,FP32-token-IDs
RoBERTa,k6qzu7,262,114,3606,Ġsuffering,suffering,False,hopelessness,0.003589132865373459,0.003589132865373459,0.2967376708984375,0.14247719943523407,0.35,0,0,761,FP32-token-IDs
RoBERTa,k6qzu7,262,114,3606,Ġsuffering,suffering,False,loneliness,0.004519971294535531,0.004519971294535531,0.27838459610939026,0.9108487963676453,0.35,1,1,761,FP32-token-IDs
RoBERTa,k6qzu7,262,114,3606,Ġsuffering,suffering,False,sadness,0.003934210321555535,0.003934210321555535,0.3116258382797241,0.8714736700057983,0.35,1,1,761,FP32-token-IDs
RoBERTa,k6qzu7,262,114,3606,Ġsuffering,suffering,False,suicide intent,9.73684869273307e-05,9.73684869273307e-05,0.08281110227108002,0.007860248908400536,0.35,0,0,761,FP32-token-IDs
RoBERTa,k6qzu7,262,114,3606,Ġsuffering,suffering,False,worthlessness,7.960020512756379e-05,7.960020512756379e-05,0.23589852452278137,0.06992913782596588,0.35,0,0,761,FP32-token-IDs
RoBERTa,k6qzu7,262,115,64,Ġcan,can,False,anger,-0.011446370859630406,0.011446370859630406,0.31067878007888794,0.07293948531150818,0.35,0,0,761,FP32-token-IDs
RoBERTa,k6qzu7,262,115,64,Ġcan,can,False,brain dysfunction (forget),-0.0020633755306739155,0.0020633755306739155,0.19119325280189514,0.01402713730931282,0.35,0,0,761,FP32-token-IDs
RoBERTa,k6qzu7,262,115,64,Ġcan,can,False,emptiness,0.005334654147089977,0.005334654147089977,0.11213260889053345,0.19804799556732178,0.35,0,0,761,FP32-token-IDs
RoBERTa,k6qzu7,262,115,64,Ġcan,can,False,hopelessness,0.003589132865373459,0.003589132865373459,0.2967376708984375,0.14247719943523407,0.35,0,0,761,FP32-token-IDs
RoBERTa,k6qzu7,262,115,64,Ġcan,can,False,loneliness,0.004519971294535531,0.004519971294535531,0.27838459610939026,0.9108487963676453,0.35,1,1,761,FP32-token-IDs
RoBERTa,k6qzu7,262,115,64,Ġcan,can,False,sadness,0.003934210321555535,0.003934210321555535,0.3116258382797241,0.8714736700057983,0.35,1,1,761,FP32-token-IDs
RoBERTa,k6qzu7,262,115,64,Ġcan,can,False,suicide intent,9.73684869273307e-05,9.73684869273307e-05,0.08281110227108002,0.007860248908400536,0.35,0,0,761,FP32-token-IDs
RoBERTa,k6qzu7,262,115,64,Ġcan,can,False,worthlessness,7.960020512756379e-05,7.960020512756379e-05,0.23589852452278137,0.06992913782596588,0.35,0,0,761,FP32-token-IDs
RoBERTa,k6qzu7,262,116,28,Ġbe,be,False,anger,-0.005713339106296189,0.005713339106296189,0.31067878007888794,0.07293948531150818,0.35,0,0,761,FP32-token-IDs
RoBERTa,k6qzu7,262,116,28,Ġbe,be,False,brain dysfunction (forget),-0.0016995029899084732,0.0016995029899084732,0.19119325280189514,0.01402713730931282,0.35,0,0,761,FP32-token-IDs
RoBERTa,k6qzu7,262,116,28,Ġbe,be,False,emptiness,0.0027236236543912024,0.0027236236543912024,0.11213260889053345,0.19804799556732178,0.35,0,0,761,FP32-token-IDs
RoBERTa,k6qzu7,262,116,28,Ġbe,be,False,hopelessness,-0.004849335556435916,0.004849335556435916,0.2967376708984375,0.14247719943523407,0.35,0,0,761,FP32-token-IDs
RoBERTa,k6qzu7,262,116,28,Ġbe,be,False,loneliness,0.008352851236446036,0.008352851236446036,0.27838459610939026,0.9108487963676453,0.35,1,1,761,FP32-token-IDs
RoBERTa,k6qzu7,262,116,28,Ġbe,be,False,sadness,-9.825619248052437e-05,9.825619248052437e-05,0.3116258382797241,0.8714736700057983,0.35,1,1,761,FP32-token-IDs
RoBERTa,k6qzu7,262,116,28,Ġbe,be,False,suicide intent,-0.00022329135212607477,0.00022329135212607477,0.08281110227108002,0.007860248908400536,0.35,0,0,761,FP32-token-IDs
RoBERTa,k6qzu7,262,116,28,Ġbe,be,False,worthlessness,-0.0044485435174364185,0.0044485435174364185,0.23589852452278137,0.06992913782596588,0.35,0,0,761,FP32-token-IDs
RoBERTa,k6qzu7,262,117,1118,Ġcompared,compared,False,anger,-0.005713339106296189,0.005713339106296189,0.31067878007888794,0.07293948531150818,0.35,0,0,761,FP32-token-IDs
RoBERTa,k6qzu7,262,117,1118,Ġcompared,compared,False,brain dysfunction (forget),-0.0016995029899084732,0.0016995029899084732,0.19119325280189514,0.01402713730931282,0.35,0,0,761,FP32-token-IDs
RoBERTa,k6qzu7,262,117,1118,Ġcompared,compared,False,emptiness,0.0027236236543912024,0.0027236236543912024,0.11213260889053345,0.19804799556732178,0.35,0,0,761,FP32-token-IDs
RoBERTa,k6qzu7,262,117,1118,Ġcompared,compared,False,hopelessness,-0.004849335556435916,0.004849335556435916,0.2967376708984375,0.14247719943523407,0.35,0,0,761,FP32-token-IDs
RoBERTa,k6qzu7,262,117,1118,Ġcompared,compared,False,loneliness,0.008352851236446036,0.008352851236446036,0.27838459610939026,0.9108487963676453,0.35,1,1,761,FP32-token-IDs
RoBERTa,k6qzu7,262,117,1118,Ġcompared,compared,False,sadness,-9.825619248052437e-05,9.825619248052437e-05,0.3116258382797241,0.8714736700057983,0.35,1,1,761,FP32-token-IDs
RoBERTa,k6qzu7,262,117,1118,Ġcompared,compared,False,suicide intent,-0.00022329135212607477,0.00022329135212607477,0.08281110227108002,0.007860248908400536,0.35,0,0,761,FP32-token-IDs
RoBERTa,k6qzu7,262,117,1118,Ġcompared,compared,False,worthlessness,-0.0044485435174364185,0.0044485435174364185,0.23589852452278137,0.06992913782596588,0.35,0,0,761,FP32-token-IDs
RoBERTa,k6qzu7,262,118,7,Ġto,to,False,anger,-0.005713339106296189,0.005713339106296189,0.31067878007888794,0.07293948531150818,0.35,0,0,761,FP32-token-IDs
RoBERTa,k6qzu7,262,118,7,Ġto,to,False,brain dysfunction (forget),-0.0016995029899084732,0.0016995029899084732,0.19119325280189514,0.01402713730931282,0.35,0,0,761,FP32-token-IDs
RoBERTa,k6qzu7,262,118,7,Ġto,to,False,emptiness,0.0027236236543912024,0.0027236236543912024,0.11213260889053345,0.19804799556732178,0.35,0,0,761,FP32-token-IDs
RoBERTa,k6qzu7,262,118,7,Ġto,to,False,hopelessness,-0.004849335556435916,0.004849335556435916,0.2967376708984375,0.14247719943523407,0.35,0,0,761,FP32-token-IDs
RoBERTa,k6qzu7,262,118,7,Ġto,to,False,loneliness,0.008352851236446036,0.008352851236446036,0.27838459610939026,0.9108487963676453,0.35,1,1,761,FP32-token-IDs
RoBERTa,k6qzu7,262,118,7,Ġto,to,False,sadness,-9.825619248052437e-05,9.825619248052437e-05,0.3116258382797241,0.8714736700057983,0.35,1,1,761,FP32-token-IDs
RoBERTa,k6qzu7,262,118,7,Ġto,to,False,suicide intent,-0.00022329135212607477,0.00022329135212607477,0.08281110227108002,0.007860248908400536,0.35,0,0,761,FP32-token-IDs
RoBERTa,k6qzu7,262,118,7,Ġto,to,False,worthlessness,-0.0044485435174364185,0.0044485435174364185,0.23589852452278137,0.06992913782596588,0.35,0,0,761,FP32-token-IDs
RoBERTa,k6qzu7,262,119,643,Ġothers,others,False,anger,-0.005713339106296189,0.005713339106296189,0.31067878007888794,0.07293948531150818,0.35,0,0,761,FP32-token-IDs
RoBERTa,k6qzu7,262,119,643,Ġothers,others,False,brain dysfunction (forget),-0.0016995029899084732,0.0016995029899084732,0.19119325280189514,0.01402713730931282,0.35,0,0,761,FP32-token-IDs
RoBERTa,k6qzu7,262,119,643,Ġothers,others,False,emptiness,0.0027236236543912024,0.0027236236543912024,0.11213260889053345,0.19804799556732178,0.35,0,0,761,FP32-token-IDs
RoBERTa,k6qzu7,262,119,643,Ġothers,others,False,hopelessness,-0.004849335556435916,0.004849335556435916,0.2967376708984375,0.14247719943523407,0.35,0,0,761,FP32-token-IDs
RoBERTa,k6qzu7,262,119,643,Ġothers,others,False,loneliness,0.008352851236446036,0.008352851236446036,0.27838459610939026,0.9108487963676453,0.35,1,1,761,FP32-token-IDs
RoBERTa,k6qzu7,262,119,643,Ġothers,others,False,sadness,-9.825619248052437e-05,9.825619248052437e-05,0.3116258382797241,0.8714736700057983,0.35,1,1,761,FP32-token-IDs
RoBERTa,k6qzu7,262,119,643,Ġothers,others,False,suicide intent,-0.00022329135212607477,0.00022329135212607477,0.08281110227108002,0.007860248908400536,0.35,0,0,761,FP32-token-IDs
RoBERTa,k6qzu7,262,119,643,Ġothers,others,False,worthlessness,-0.0044485435174364185,0.0044485435174364185,0.23589852452278137,0.06992913782596588,0.35,0,0,761,FP32-token-IDs
RoBERTa,k6qzu7,262,120,4,.,.,False,anger,-0.005628553929273039,0.005628553929273039,0.31067878007888794,0.07293948531150818,0.35,0,0,761,FP32-token-IDs
RoBERTa,k6qzu7,262,120,4,.,.,False,brain dysfunction (forget),-0.0017548292551914021,0.0017548292551914021,0.19119325280189514,0.01402713730931282,0.35,0,0,761,FP32-token-IDs
RoBERTa,k6qzu7,262,120,4,.,.,False,emptiness,0.0022069773455667824,0.0022069773455667824,0.11213260889053345,0.19804799556732178,0.35,0,0,761,FP32-token-IDs
RoBERTa,k6qzu7,262,120,4,.,.,False,hopelessness,-0.005021807184028957,0.005021807184028957,0.2967376708984375,0.14247719943523407,0.35,0,0,761,FP32-token-IDs
RoBERTa,k6qzu7,262,120,4,.,.,False,loneliness,0.008317579722238911,0.008317579722238911,0.27838459610939026,0.9108487963676453,0.35,1,1,761,FP32-token-IDs
RoBERTa,k6qzu7,262,120,4,.,.,False,sadness,0.0002613803061346213,0.0002613803061346213,0.3116258382797241,0.8714736700057983,0.35,1,1,761,FP32-token-IDs
RoBERTa,k6qzu7,262,120,4,.,.,False,suicide intent,-0.00022540767353752423,0.00022540767353752423,0.08281110227108002,0.007860248908400536,0.35,0,0,761,FP32-token-IDs
RoBERTa,k6qzu7,262,120,4,.,.,False,worthlessness,-0.004747458366263244,0.004747458366263244,0.23589852452278137,0.06992913782596588,0.35,0,0,761,FP32-token-IDs
RoBERTa,k6qzu7,262,121,125,ĠBut,but,False,anger,0.005687712517101318,0.005687712517101318,0.31067878007888794,0.07293948531150818,0.35,0,0,761,FP32-token-IDs
RoBERTa,k6qzu7,262,121,125,ĠBut,but,False,brain dysfunction (forget),-0.00109785270615248,0.00109785270615248,0.19119325280189514,0.01402713730931282,0.35,0,0,761,FP32-token-IDs
RoBERTa,k6qzu7,262,121,125,ĠBut,but,False,emptiness,0.004513853840762749,0.004513853840762749,0.11213260889053345,0.19804799556732178,0.35,0,0,761,FP32-token-IDs
RoBERTa,k6qzu7,262,121,125,ĠBut,but,False,hopelessness,0.010991636299877428,0.010991636299877428,0.2967376708984375,0.14247719943523407,0.35,0,0,761,FP32-token-IDs
RoBERTa,k6qzu7,262,121,125,ĠBut,but,False,loneliness,-0.0013898209435865283,0.0013898209435865283,0.27838459610939026,0.9108487963676453,0.35,1,1,761,FP32-token-IDs
RoBERTa,k6qzu7,262,121,125,ĠBut,but,False,sadness,0.00543528632260859,0.00543528632260859,0.3116258382797241,0.8714736700057983,0.35,1,1,761,FP32-token-IDs
RoBERTa,k6qzu7,262,121,125,ĠBut,but,False,suicide intent,-0.000888393940840615,0.000888393940840615,0.08281110227108002,0.007860248908400536,0.35,0,0,761,FP32-token-IDs
RoBERTa,k6qzu7,262,121,125,ĠBut,but,False,worthlessness,0.013503504625987262,0.013503504625987262,0.23589852452278137,0.06992913782596588,0.35,0,0,761,FP32-token-IDs
RoBERTa,k6qzu7,262,122,965,Ġisn,isn,False,anger,0.005687712517101318,0.005687712517101318,0.31067878007888794,0.07293948531150818,0.35,0,0,761,FP32-token-IDs
RoBERTa,k6qzu7,262,122,965,Ġisn,isn,False,brain dysfunction (forget),-0.00109785270615248,0.00109785270615248,0.19119325280189514,0.01402713730931282,0.35,0,0,761,FP32-token-IDs
RoBERTa,k6qzu7,262,122,965,Ġisn,isn,False,emptiness,0.004513853840762749,0.004513853840762749,0.11213260889053345,0.19804799556732178,0.35,0,0,761,FP32-token-IDs
RoBERTa,k6qzu7,262,122,965,Ġisn,isn,False,hopelessness,0.010991636299877428,0.010991636299877428,0.2967376708984375,0.14247719943523407,0.35,0,0,761,FP32-token-IDs
RoBERTa,k6qzu7,262,122,965,Ġisn,isn,False,loneliness,-0.0013898209435865283,0.0013898209435865283,0.27838459610939026,0.9108487963676453,0.35,1,1,761,FP32-token-IDs
RoBERTa,k6qzu7,262,122,965,Ġisn,isn,False,sadness,0.00543528632260859,0.00543528632260859,0.3116258382797241,0.8714736700057983,0.35,1,1,761,FP32-token-IDs
RoBERTa,k6qzu7,262,122,965,Ġisn,isn,False,suicide intent,-0.000888393940840615,0.000888393940840615,0.08281110227108002,0.007860248908400536,0.35,0,0,761,FP32-token-IDs
RoBERTa,k6qzu7,262,122,965,Ġisn,isn,False,worthlessness,0.013503504625987262,0.013503504625987262,0.23589852452278137,0.06992913782596588,0.35,0,0,761,FP32-token-IDs
RoBERTa,k6qzu7,262,123,75,'t,'t,False,anger,0.005863454716745764,0.005863454716745764,0.31067878007888794,0.07293948531150818,0.35,0,0,761,FP32-token-IDs
RoBERTa,k6qzu7,262,123,75,'t,'t,False,brain dysfunction (forget),-0.0011039196615456603,0.0011039196615456603,0.19119325280189514,0.01402713730931282,0.35,0,0,761,FP32-token-IDs
RoBERTa,k6qzu7,262,123,75,'t,'t,False,emptiness,0.004666990280384198,0.004666990280384198,0.11213260889053345,0.19804799556732178,0.35,0,0,761,FP32-token-IDs
RoBERTa,k6qzu7,262,123,75,'t,'t,False,hopelessness,0.011141134062199853,0.011141134062199853,0.2967376708984375,0.14247719943523407,0.35,0,0,761,FP32-token-IDs
RoBERTa,k6qzu7,262,123,75,'t,'t,False,loneliness,-0.00132972642313689,0.00132972642313689,0.27838459610939026,0.9108487963676453,0.35,1,1,761,FP32-token-IDs
RoBERTa,k6qzu7,262,123,75,'t,'t,False,sadness,0.005571887129917741,0.005571887129917741,0.3116258382797241,0.8714736700057983,0.35,1,1,761,FP32-token-IDs
RoBERTa,k6qzu7,262,123,75,'t,'t,False,suicide intent,-0.0008737757634662557,0.0008737757634662557,0.08281110227108002,0.007860248908400536,0.35,0,0,761,FP32-token-IDs
RoBERTa,k6qzu7,262,123,75,'t,'t,False,worthlessness,0.013374207250308245,0.013374207250308245,0.23589852452278137,0.06992913782596588,0.35,0,0,761,FP32-token-IDs
RoBERTa,k6qzu7,262,124,24,Ġit,it,False,anger,0.005863454716745764,0.005863454716745764,0.31067878007888794,0.07293948531150818,0.35,0,0,761,FP32-token-IDs
RoBERTa,k6qzu7,262,124,24,Ġit,it,False,brain dysfunction (forget),-0.0011039196615456603,0.0011039196615456603,0.19119325280189514,0.01402713730931282,0.35,0,0,761,FP32-token-IDs
RoBERTa,k6qzu7,262,124,24,Ġit,it,False,emptiness,0.004666990280384198,0.004666990280384198,0.11213260889053345,0.19804799556732178,0.35,0,0,761,FP32-token-IDs
RoBERTa,k6qzu7,262,124,24,Ġit,it,False,hopelessness,0.011141134062199853,0.011141134062199853,0.2967376708984375,0.14247719943523407,0.35,0,0,761,FP32-token-IDs
RoBERTa,k6qzu7,262,124,24,Ġit,it,False,loneliness,-0.00132972642313689,0.00132972642313689,0.27838459610939026,0.9108487963676453,0.35,1,1,761,FP32-token-IDs
RoBERTa,k6qzu7,262,124,24,Ġit,it,False,sadness,0.005571887129917741,0.005571887129917741,0.3116258382797241,0.8714736700057983,0.35,1,1,761,FP32-token-IDs
RoBERTa,k6qzu7,262,124,24,Ġit,it,False,suicide intent,-0.0008737757634662557,0.0008737757634662557,0.08281110227108002,0.007860248908400536,0.35,0,0,761,FP32-token-IDs
RoBERTa,k6qzu7,262,124,24,Ġit,it,False,worthlessness,0.013374207250308245,0.013374207250308245,0.23589852452278137,0.06992913782596588,0.35,0,0,761,FP32-token-IDs
RoBERTa,k6qzu7,262,125,190,Ġeven,even,False,anger,0.0012675037723965943,0.0012675037723965943,0.31067878007888794,0.07293948531150818,0.35,0,0,761,FP32-token-IDs
RoBERTa,k6qzu7,262,125,190,Ġeven,even,False,brain dysfunction (forget),-0.0006688967914669774,0.0006688967914669774,0.19119325280189514,0.01402713730931282,0.35,0,0,761,FP32-token-IDs
RoBERTa,k6qzu7,262,125,190,Ġeven,even,False,emptiness,0.0006566702795680612,0.0006566702795680612,0.11213260889053345,0.19804799556732178,0.35,0,0,761,FP32-token-IDs
RoBERTa,k6qzu7,262,125,190,Ġeven,even,False,hopelessness,-0.0012322679540375248,0.0012322679540375248,0.2967376708984375,0.14247719943523407,0.35,0,0,761,FP32-token-IDs
RoBERTa,k6qzu7,262,125,190,Ġeven,even,False,loneliness,-0.00013017479795962572,0.00013017479795962572,0.27838459610939026,0.9108487963676453,0.35,1,1,761,FP32-token-IDs
RoBERTa,k6qzu7,262,125,190,Ġeven,even,False,sadness,-0.0008306081872433424,0.0008306081872433424,0.3116258382797241,0.8714736700057983,0.35,1,1,761,FP32-token-IDs
RoBERTa,k6qzu7,262,125,190,Ġeven,even,False,suicide intent,-0.0005982283255434595,0.0005982283255434595,0.08281110227108002,0.007860248908400536,0.35,0,0,761,FP32-token-IDs
RoBERTa,k6qzu7,262,125,190,Ġeven,even,False,worthlessness,0.0036721163778565824,0.0036721163778565824,0.23589852452278137,0.06992913782596588,0.35,0,0,761,FP32-token-IDs
RoBERTa,k6qzu7,262,126,10,Ġa,a,False,anger,0.0012675037723965943,0.0012675037723965943,0.31067878007888794,0.07293948531150818,0.35,0,0,761,FP32-token-IDs
RoBERTa,k6qzu7,262,126,10,Ġa,a,False,brain dysfunction (forget),-0.0006688967914669774,0.0006688967914669774,0.19119325280189514,0.01402713730931282,0.35,0,0,761,FP32-token-IDs
RoBERTa,k6qzu7,262,126,10,Ġa,a,False,emptiness,0.0006566702795680612,0.0006566702795680612,0.11213260889053345,0.19804799556732178,0.35,0,0,761,FP32-token-IDs
RoBERTa,k6qzu7,262,126,10,Ġa,a,False,hopelessness,-0.0012322679540375248,0.0012322679540375248,0.2967376708984375,0.14247719943523407,0.35,0,0,761,FP32-token-IDs
RoBERTa,k6qzu7,262,126,10,Ġa,a,False,loneliness,-0.00013017479795962572,0.00013017479795962572,0.27838459610939026,0.9108487963676453,0.35,1,1,761,FP32-token-IDs
RoBERTa,k6qzu7,262,126,10,Ġa,a,False,sadness,-0.0008306081872433424,0.0008306081872433424,0.3116258382797241,0.8714736700057983,0.35,1,1,761,FP32-token-IDs
RoBERTa,k6qzu7,262,126,10,Ġa,a,False,suicide intent,-0.0005982283255434595,0.0005982283255434595,0.08281110227108002,0.007860248908400536,0.35,0,0,761,FP32-token-IDs
RoBERTa,k6qzu7,262,126,10,Ġa,a,False,worthlessness,0.0036721163778565824,0.0036721163778565824,0.23589852452278137,0.06992913782596588,0.35,0,0,761,FP32-token-IDs
RoBERTa,k6qzu7,262,127,410,Ġlittle,little,False,anger,0.0012675037723965943,0.0012675037723965943,0.31067878007888794,0.07293948531150818,0.35,0,0,761,FP32-token-IDs
RoBERTa,k6qzu7,262,127,410,Ġlittle,little,False,brain dysfunction (forget),-0.0006688967914669774,0.0006688967914669774,0.19119325280189514,0.01402713730931282,0.35,0,0,761,FP32-token-IDs
RoBERTa,k6qzu7,262,127,410,Ġlittle,little,False,emptiness,0.0006566702795680612,0.0006566702795680612,0.11213260889053345,0.19804799556732178,0.35,0,0,761,FP32-token-IDs
RoBERTa,k6qzu7,262,127,410,Ġlittle,little,False,hopelessness,-0.0012322679540375248,0.0012322679540375248,0.2967376708984375,0.14247719943523407,0.35,0,0,761,FP32-token-IDs
RoBERTa,k6qzu7,262,127,410,Ġlittle,little,False,loneliness,-0.00013017479795962572,0.00013017479795962572,0.27838459610939026,0.9108487963676453,0.35,1,1,761,FP32-token-IDs
RoBERTa,k6qzu7,262,127,410,Ġlittle,little,False,sadness,-0.0008306081872433424,0.0008306081872433424,0.3116258382797241,0.8714736700057983,0.35,1,1,761,FP32-token-IDs
RoBERTa,k6qzu7,262,127,410,Ġlittle,little,False,suicide intent,-0.0005982283255434595,0.0005982283255434595,0.08281110227108002,0.007860248908400536,0.35,0,0,761,FP32-token-IDs
RoBERTa,k6qzu7,262,127,410,Ġlittle,little,False,worthlessness,0.0036721163778565824,0.0036721163778565824,0.23589852452278137,0.06992913782596588,0.35,0,0,761,FP32-token-IDs
RoBERTa,k6qzu7,262,128,828,Ġbit,bit,False,anger,0.0012675037723965943,0.0012675037723965943,0.31067878007888794,0.07293948531150818,0.35,0,0,761,FP32-token-IDs
RoBERTa,k6qzu7,262,128,828,Ġbit,bit,False,brain dysfunction (forget),-0.0006688967914669774,0.0006688967914669774,0.19119325280189514,0.01402713730931282,0.35,0,0,761,FP32-token-IDs
RoBERTa,k6qzu7,262,128,828,Ġbit,bit,False,emptiness,0.0006566702795680612,0.0006566702795680612,0.11213260889053345,0.19804799556732178,0.35,0,0,761,FP32-token-IDs
RoBERTa,k6qzu7,262,128,828,Ġbit,bit,False,hopelessness,-0.0012322679540375248,0.0012322679540375248,0.2967376708984375,0.14247719943523407,0.35,0,0,761,FP32-token-IDs
RoBERTa,k6qzu7,262,128,828,Ġbit,bit,False,loneliness,-0.00013017479795962572,0.00013017479795962572,0.27838459610939026,0.9108487963676453,0.35,1,1,761,FP32-token-IDs
RoBERTa,k6qzu7,262,128,828,Ġbit,bit,False,sadness,-0.0008306081872433424,0.0008306081872433424,0.3116258382797241,0.8714736700057983,0.35,1,1,761,FP32-token-IDs
RoBERTa,k6qzu7,262,128,828,Ġbit,bit,False,suicide intent,-0.0005982283255434595,0.0005982283255434595,0.08281110227108002,0.007860248908400536,0.35,0,0,761,FP32-token-IDs
RoBERTa,k6qzu7,262,128,828,Ġbit,bit,False,worthlessness,0.0036721163778565824,0.0036721163778565824,0.23589852452278137,0.06992913782596588,0.35,0,0,761,FP32-token-IDs
RoBERTa,k6qzu7,262,129,23330,Ġsadd,sadd,False,anger,0.00516914987279701,0.00516914987279701,0.31067878007888794,0.07293948531150818,0.35,0,0,761,FP32-token-IDs
RoBERTa,k6qzu7,262,129,23330,Ġsadd,sadd,False,brain dysfunction (forget),-0.009301083032499134,0.009301083032499134,0.19119325280189514,0.01402713730931282,0.35,0,0,761,FP32-token-IDs
RoBERTa,k6qzu7,262,129,23330,Ġsadd,sadd,False,emptiness,0.011285441809117662,0.011285441809117662,0.11213260889053345,0.19804799556732178,0.35,0,0,761,FP32-token-IDs
RoBERTa,k6qzu7,262,129,23330,Ġsadd,sadd,False,hopelessness,0.050493047028014965,0.050493047028014965,0.2967376708984375,0.14247719943523407,0.35,0,0,761,FP32-token-IDs
RoBERTa,k6qzu7,262,129,23330,Ġsadd,sadd,False,loneliness,-0.015309997189823272,0.015309997189823272,0.27838459610939026,0.9108487963676453,0.35,1,1,761,FP32-token-IDs
RoBERTa,k6qzu7,262,129,23330,Ġsadd,sadd,False,sadness,0.15812016339207602,0.15812016339207602,0.3116258382797241,0.8714736700057983,0.35,1,1,761,FP32-token-IDs
RoBERTa,k6qzu7,262,129,23330,Ġsadd,sadd,False,suicide intent,5.5990960260844864e-05,5.5990960260844864e-05,0.08281110227108002,0.007860248908400536,0.35,0,0,761,FP32-token-IDs
RoBERTa,k6qzu7,262,129,23330,Ġsadd,sadd,False,worthlessness,0.017483440556264083,0.017483440556264083,0.23589852452278137,0.06992913782596588,0.35,0,0,761,FP32-token-IDs
RoBERTa,k6qzu7,262,130,4226,ening,ening,False,anger,0.00516914987279701,0.00516914987279701,0.31067878007888794,0.07293948531150818,0.35,0,0,761,FP32-token-IDs
RoBERTa,k6qzu7,262,130,4226,ening,ening,False,brain dysfunction (forget),-0.009301083032499134,0.009301083032499134,0.19119325280189514,0.01402713730931282,0.35,0,0,761,FP32-token-IDs
RoBERTa,k6qzu7,262,130,4226,ening,ening,False,emptiness,0.011285441809117662,0.011285441809117662,0.11213260889053345,0.19804799556732178,0.35,0,0,761,FP32-token-IDs
RoBERTa,k6qzu7,262,130,4226,ening,ening,False,hopelessness,0.050493047028014965,0.050493047028014965,0.2967376708984375,0.14247719943523407,0.35,0,0,761,FP32-token-IDs
RoBERTa,k6qzu7,262,130,4226,ening,ening,False,loneliness,-0.015309997189823272,0.015309997189823272,0.27838459610939026,0.9108487963676453,0.35,1,1,761,FP32-token-IDs
RoBERTa,k6qzu7,262,130,4226,ening,ening,False,sadness,0.15812016339207602,0.15812016339207602,0.3116258382797241,0.8714736700057983,0.35,1,1,761,FP32-token-IDs
RoBERTa,k6qzu7,262,130,4226,ening,ening,False,suicide intent,5.5990960260844864e-05,5.5990960260844864e-05,0.08281110227108002,0.007860248908400536,0.35,0,0,761,FP32-token-IDs
RoBERTa,k6qzu7,262,130,4226,ening,ening,False,worthlessness,0.017483440556264083,0.017483440556264083,0.23589852452278137,0.06992913782596588,0.35,0,0,761,FP32-token-IDs
RoBERTa,k6qzu7,262,131,13,Ġfor,for,False,anger,0.007570358290519965,0.007570358290519965,0.31067878007888794,0.07293948531150818,0.35,0,0,761,FP32-token-IDs
RoBERTa,k6qzu7,262,131,13,Ġfor,for,False,brain dysfunction (forget),-0.0038262082099598566,0.0038262082099598566,0.19119325280189514,0.01402713730931282,0.35,0,0,761,FP32-token-IDs
RoBERTa,k6qzu7,262,131,13,Ġfor,for,False,emptiness,0.004144212374480308,0.004144212374480308,0.11213260889053345,0.19804799556732178,0.35,0,0,761,FP32-token-IDs
RoBERTa,k6qzu7,262,131,13,Ġfor,for,False,hopelessness,0.019355873556508283,0.019355873556508283,0.2967376708984375,0.14247719943523407,0.35,0,0,761,FP32-token-IDs
RoBERTa,k6qzu7,262,131,13,Ġfor,for,False,loneliness,-0.008485418449189248,0.008485418449189248,0.27838459610939026,0.9108487963676453,0.35,1,1,761,FP32-token-IDs
RoBERTa,k6qzu7,262,131,13,Ġfor,for,False,sadness,0.050666300721266974,0.050666300721266974,0.3116258382797241,0.8714736700057983,0.35,1,1,761,FP32-token-IDs
RoBERTa,k6qzu7,262,131,13,Ġfor,for,False,suicide intent,0.00012163726738175943,0.00012163726738175943,0.08281110227108002,0.007860248908400536,0.35,0,0,761,FP32-token-IDs
RoBERTa,k6qzu7,262,131,13,Ġfor,for,False,worthlessness,0.004415434618879641,0.004415434618879641,0.23589852452278137,0.06992913782596588,0.35,0,0,761,FP32-token-IDs
RoBERTa,k6qzu7,262,132,5,Ġthe,the,False,anger,0.007570358290519965,0.007570358290519965,0.31067878007888794,0.07293948531150818,0.35,0,0,761,FP32-token-IDs
RoBERTa,k6qzu7,262,132,5,Ġthe,the,False,brain dysfunction (forget),-0.0038262082099598566,0.0038262082099598566,0.19119325280189514,0.01402713730931282,0.35,0,0,761,FP32-token-IDs
RoBERTa,k6qzu7,262,132,5,Ġthe,the,False,emptiness,0.004144212374480308,0.004144212374480308,0.11213260889053345,0.19804799556732178,0.35,0,0,761,FP32-token-IDs
RoBERTa,k6qzu7,262,132,5,Ġthe,the,False,hopelessness,0.019355873556508283,0.019355873556508283,0.2967376708984375,0.14247719943523407,0.35,0,0,761,FP32-token-IDs
RoBERTa,k6qzu7,262,132,5,Ġthe,the,False,loneliness,-0.008485418449189248,0.008485418449189248,0.27838459610939026,0.9108487963676453,0.35,1,1,761,FP32-token-IDs
RoBERTa,k6qzu7,262,132,5,Ġthe,the,False,sadness,0.050666300721266974,0.050666300721266974,0.3116258382797241,0.8714736700057983,0.35,1,1,761,FP32-token-IDs
RoBERTa,k6qzu7,262,132,5,Ġthe,the,False,suicide intent,0.00012163726738175943,0.00012163726738175943,0.08281110227108002,0.007860248908400536,0.35,0,0,761,FP32-token-IDs
RoBERTa,k6qzu7,262,132,5,Ġthe,the,False,worthlessness,0.004415434618879641,0.004415434618879641,0.23589852452278137,0.06992913782596588,0.35,0,0,761,FP32-token-IDs
RoBERTa,k6qzu7,262,133,14612,Ġmarginal,marginal,False,anger,0.0036622193209560855,0.0036622193209560855,0.31067878007888794,0.07293948531150818,0.35,0,0,761,FP32-token-IDs
RoBERTa,k6qzu7,262,133,14612,Ġmarginal,marginal,False,brain dysfunction (forget),-0.00164309363130347,0.00164309363130347,0.19119325280189514,0.01402713730931282,0.35,0,0,761,FP32-token-IDs
RoBERTa,k6qzu7,262,133,14612,Ġmarginal,marginal,False,emptiness,0.0008426526162241188,0.0008426526162241188,0.11213260889053345,0.19804799556732178,0.35,0,0,761,FP32-token-IDs
RoBERTa,k6qzu7,262,133,14612,Ġmarginal,marginal,False,hopelessness,0.006185667277480076,0.006185667277480076,0.2967376708984375,0.14247719943523407,0.35,0,0,761,FP32-token-IDs
RoBERTa,k6qzu7,262,133,14612,Ġmarginal,marginal,False,loneliness,0.0032457210514361835,0.0032457210514361835,0.27838459610939026,0.9108487963676453,0.35,1,1,761,FP32-token-IDs
RoBERTa,k6qzu7,262,133,14612,Ġmarginal,marginal,False,sadness,0.004544353021109211,0.004544353021109211,0.3116258382797241,0.8714736700057983,0.35,1,1,761,FP32-token-IDs
RoBERTa,k6qzu7,262,133,14612,Ġmarginal,marginal,False,suicide intent,-1.0067001442491482e-05,1.0067001442491482e-05,0.08281110227108002,0.007860248908400536,0.35,0,0,761,FP32-token-IDs
RoBERTa,k6qzu7,262,133,14612,Ġmarginal,marginal,False,worthlessness,0.00891450535813679,0.00891450535813679,0.23589852452278137,0.06992913782596588,0.35,0,0,761,FP32-token-IDs
RoBERTa,k6qzu7,262,134,1720,ised,ised,False,anger,0.0036622193209560855,0.0036622193209560855,0.31067878007888794,0.07293948531150818,0.35,0,0,761,FP32-token-IDs
RoBERTa,k6qzu7,262,134,1720,ised,ised,False,brain dysfunction (forget),-0.00164309363130347,0.00164309363130347,0.19119325280189514,0.01402713730931282,0.35,0,0,761,FP32-token-IDs
RoBERTa,k6qzu7,262,134,1720,ised,ised,False,emptiness,0.0008426526162241188,0.0008426526162241188,0.11213260889053345,0.19804799556732178,0.35,0,0,761,FP32-token-IDs
RoBERTa,k6qzu7,262,134,1720,ised,ised,False,hopelessness,0.006185667277480076,0.006185667277480076,0.2967376708984375,0.14247719943523407,0.35,0,0,761,FP32-token-IDs
RoBERTa,k6qzu7,262,134,1720,ised,ised,False,loneliness,0.0032457210514361835,0.0032457210514361835,0.27838459610939026,0.9108487963676453,0.35,1,1,761,FP32-token-IDs
RoBERTa,k6qzu7,262,134,1720,ised,ised,False,sadness,0.004544353021109211,0.004544353021109211,0.3116258382797241,0.8714736700057983,0.35,1,1,761,FP32-token-IDs
RoBERTa,k6qzu7,262,134,1720,ised,ised,False,suicide intent,-1.0067001442491482e-05,1.0067001442491482e-05,0.08281110227108002,0.007860248908400536,0.35,0,0,761,FP32-token-IDs
RoBERTa,k6qzu7,262,134,1720,ised,ised,False,worthlessness,0.00891450535813679,0.00891450535813679,0.23589852452278137,0.06992913782596588,0.35,0,0,761,FP32-token-IDs
RoBERTa,k6qzu7,262,135,7,Ġto,to,False,anger,0.0036622193209560855,0.0036622193209560855,0.31067878007888794,0.07293948531150818,0.35,0,0,761,FP32-token-IDs
RoBERTa,k6qzu7,262,135,7,Ġto,to,False,brain dysfunction (forget),-0.00164309363130347,0.00164309363130347,0.19119325280189514,0.01402713730931282,0.35,0,0,761,FP32-token-IDs
RoBERTa,k6qzu7,262,135,7,Ġto,to,False,emptiness,0.0008426526162241188,0.0008426526162241188,0.11213260889053345,0.19804799556732178,0.35,0,0,761,FP32-token-IDs
RoBERTa,k6qzu7,262,135,7,Ġto,to,False,hopelessness,0.006185667277480076,0.006185667277480076,0.2967376708984375,0.14247719943523407,0.35,0,0,761,FP32-token-IDs
RoBERTa,k6qzu7,262,135,7,Ġto,to,False,loneliness,0.0032457210514361835,0.0032457210514361835,0.27838459610939026,0.9108487963676453,0.35,1,1,761,FP32-token-IDs
RoBERTa,k6qzu7,262,135,7,Ġto,to,False,sadness,0.004544353021109211,0.004544353021109211,0.3116258382797241,0.8714736700057983,0.35,1,1,761,FP32-token-IDs
RoBERTa,k6qzu7,262,135,7,Ġto,to,False,suicide intent,-1.0067001442491482e-05,1.0067001442491482e-05,0.08281110227108002,0.007860248908400536,0.35,0,0,761,FP32-token-IDs
RoBERTa,k6qzu7,262,135,7,Ġto,to,False,worthlessness,0.00891450535813679,0.00891450535813679,0.23589852452278137,0.06992913782596588,0.35,0,0,761,FP32-token-IDs
RoBERTa,k6qzu7,262,136,555,Ġbecome,become,False,anger,0.0036622193209560855,0.0036622193209560855,0.31067878007888794,0.07293948531150818,0.35,0,0,761,FP32-token-IDs
RoBERTa,k6qzu7,262,136,555,Ġbecome,become,False,brain dysfunction (forget),-0.00164309363130347,0.00164309363130347,0.19119325280189514,0.01402713730931282,0.35,0,0,761,FP32-token-IDs
RoBERTa,k6qzu7,262,136,555,Ġbecome,become,False,emptiness,0.0008426526162241188,0.0008426526162241188,0.11213260889053345,0.19804799556732178,0.35,0,0,761,FP32-token-IDs
RoBERTa,k6qzu7,262,136,555,Ġbecome,become,False,hopelessness,0.006185667277480076,0.006185667277480076,0.2967376708984375,0.14247719943523407,0.35,0,0,761,FP32-token-IDs
RoBERTa,k6qzu7,262,136,555,Ġbecome,become,False,loneliness,0.0032457210514361835,0.0032457210514361835,0.27838459610939026,0.9108487963676453,0.35,1,1,761,FP32-token-IDs
RoBERTa,k6qzu7,262,136,555,Ġbecome,become,False,sadness,0.004544353021109211,0.004544353021109211,0.3116258382797241,0.8714736700057983,0.35,1,1,761,FP32-token-IDs
RoBERTa,k6qzu7,262,136,555,Ġbecome,become,False,suicide intent,-1.0067001442491482e-05,1.0067001442491482e-05,0.08281110227108002,0.007860248908400536,0.35,0,0,761,FP32-token-IDs
RoBERTa,k6qzu7,262,136,555,Ġbecome,become,False,worthlessness,0.00891450535813679,0.00891450535813679,0.23589852452278137,0.06992913782596588,0.35,0,0,761,FP32-token-IDs
RoBERTa,k6qzu7,262,137,617,Ġfurther,further,False,anger,0.002432994031724298,0.002432994031724298,0.31067878007888794,0.07293948531150818,0.35,0,0,761,FP32-token-IDs
RoBERTa,k6qzu7,262,137,617,Ġfurther,further,False,brain dysfunction (forget),-0.0024223966005679576,0.0024223966005679576,0.19119325280189514,0.01402713730931282,0.35,0,0,761,FP32-token-IDs
RoBERTa,k6qzu7,262,137,617,Ġfurther,further,False,emptiness,0.0032684666403968417,0.0032684666403968417,0.11213260889053345,0.19804799556732178,0.35,0,0,761,FP32-token-IDs
RoBERTa,k6qzu7,262,137,617,Ġfurther,further,False,hopelessness,0.0020581352122549324,0.0020581352122549324,0.2967376708984375,0.14247719943523407,0.35,0,0,761,FP32-token-IDs
RoBERTa,k6qzu7,262,137,617,Ġfurther,further,False,loneliness,0.01979240644168818,0.01979240644168818,0.27838459610939026,0.9108487963676453,0.35,1,1,761,FP32-token-IDs
RoBERTa,k6qzu7,262,137,617,Ġfurther,further,False,sadness,0.008232936842943586,0.008232936842943586,0.3116258382797241,0.8714736700057983,0.35,1,1,761,FP32-token-IDs
RoBERTa,k6qzu7,262,137,617,Ġfurther,further,False,suicide intent,-0.0010972735824387719,0.0010972735824387719,0.08281110227108002,0.007860248908400536,0.35,0,0,761,FP32-token-IDs
RoBERTa,k6qzu7,262,137,617,Ġfurther,further,False,worthlessness,-7.043778452844856e-05,7.043778452844856e-05,0.23589852452278137,0.06992913782596588,0.35,0,0,761,FP32-token-IDs
RoBERTa,k6qzu7,262,138,8067,Ġisolated,isolated,False,anger,0.002432994031724298,0.002432994031724298,0.31067878007888794,0.07293948531150818,0.35,0,0,761,FP32-token-IDs
RoBERTa,k6qzu7,262,138,8067,Ġisolated,isolated,False,brain dysfunction (forget),-0.0024223966005679576,0.0024223966005679576,0.19119325280189514,0.01402713730931282,0.35,0,0,761,FP32-token-IDs
RoBERTa,k6qzu7,262,138,8067,Ġisolated,isolated,False,emptiness,0.0032684666403968417,0.0032684666403968417,0.11213260889053345,0.19804799556732178,0.35,0,0,761,FP32-token-IDs
RoBERTa,k6qzu7,262,138,8067,Ġisolated,isolated,False,hopelessness,0.0020581352122549324,0.0020581352122549324,0.2967376708984375,0.14247719943523407,0.35,0,0,761,FP32-token-IDs
RoBERTa,k6qzu7,262,138,8067,Ġisolated,isolated,False,loneliness,0.01979240644168818,0.01979240644168818,0.27838459610939026,0.9108487963676453,0.35,1,1,761,FP32-token-IDs
RoBERTa,k6qzu7,262,138,8067,Ġisolated,isolated,False,sadness,0.008232936842943586,0.008232936842943586,0.3116258382797241,0.8714736700057983,0.35,1,1,761,FP32-token-IDs
RoBERTa,k6qzu7,262,138,8067,Ġisolated,isolated,False,suicide intent,-0.0010972735824387719,0.0010972735824387719,0.08281110227108002,0.007860248908400536,0.35,0,0,761,FP32-token-IDs
RoBERTa,k6qzu7,262,138,8067,Ġisolated,isolated,False,worthlessness,-7.043778452844856e-05,7.043778452844856e-05,0.23589852452278137,0.06992913782596588,0.35,0,0,761,FP32-token-IDs
RoBERTa,k6qzu7,262,139,9783,Ġamongst,amongst,False,anger,0.002432994031724298,0.002432994031724298,0.31067878007888794,0.07293948531150818,0.35,0,0,761,FP32-token-IDs
RoBERTa,k6qzu7,262,139,9783,Ġamongst,amongst,False,brain dysfunction (forget),-0.002422396600567957,0.002422396600567957,0.19119325280189514,0.01402713730931282,0.35,0,0,761,FP32-token-IDs
RoBERTa,k6qzu7,262,139,9783,Ġamongst,amongst,False,emptiness,0.0032684666403968413,0.0032684666403968413,0.11213260889053345,0.19804799556732178,0.35,0,0,761,FP32-token-IDs
RoBERTa,k6qzu7,262,139,9783,Ġamongst,amongst,False,hopelessness,0.002058135212254932,0.002058135212254932,0.2967376708984375,0.14247719943523407,0.35,0,0,761,FP32-token-IDs
RoBERTa,k6qzu7,262,139,9783,Ġamongst,amongst,False,loneliness,0.01979240644168818,0.01979240644168818,0.27838459610939026,0.9108487963676453,0.35,1,1,761,FP32-token-IDs
RoBERTa,k6qzu7,262,139,9783,Ġamongst,amongst,False,sadness,0.008232936842943586,0.008232936842943586,0.3116258382797241,0.8714736700057983,0.35,1,1,761,FP32-token-IDs
RoBERTa,k6qzu7,262,139,9783,Ġamongst,amongst,False,suicide intent,-0.0010972735824387716,0.0010972735824387716,0.08281110227108002,0.007860248908400536,0.35,0,0,761,FP32-token-IDs
RoBERTa,k6qzu7,262,139,9783,Ġamongst,amongst,False,worthlessness,-7.043778452844856e-05,7.043778452844856e-05,0.23589852452278137,0.06992913782596588,0.35,0,0,761,FP32-token-IDs
RoBERTa,k6qzu7,262,140,5,Ġthe,the,False,anger,0.002432994031724298,0.002432994031724298,0.31067878007888794,0.07293948531150818,0.35,0,0,761,FP32-token-IDs
RoBERTa,k6qzu7,262,140,5,Ġthe,the,False,brain dysfunction (forget),-0.002422396600567957,0.002422396600567957,0.19119325280189514,0.01402713730931282,0.35,0,0,761,FP32-token-IDs
RoBERTa,k6qzu7,262,140,5,Ġthe,the,False,emptiness,0.0032684666403968413,0.0032684666403968413,0.11213260889053345,0.19804799556732178,0.35,0,0,761,FP32-token-IDs
RoBERTa,k6qzu7,262,140,5,Ġthe,the,False,hopelessness,0.002058135212254932,0.002058135212254932,0.2967376708984375,0.14247719943523407,0.35,0,0,761,FP32-token-IDs
RoBERTa,k6qzu7,262,140,5,Ġthe,the,False,loneliness,0.01979240644168818,0.01979240644168818,0.27838459610939026,0.9108487963676453,0.35,1,1,761,FP32-token-IDs
RoBERTa,k6qzu7,262,140,5,Ġthe,the,False,sadness,0.008232936842943586,0.008232936842943586,0.3116258382797241,0.8714736700057983,0.35,1,1,761,FP32-token-IDs
RoBERTa,k6qzu7,262,140,5,Ġthe,the,False,suicide intent,-0.0010972735824387716,0.0010972735824387716,0.08281110227108002,0.007860248908400536,0.35,0,0,761,FP32-token-IDs
RoBERTa,k6qzu7,262,140,5,Ġthe,the,False,worthlessness,-7.043778452844856e-05,7.043778452844856e-05,0.23589852452278137,0.06992913782596588,0.35,0,0,761,FP32-token-IDs
RoBERTa,k6qzu7,262,141,5688,Ġminority,minority,False,anger,0.002432994031724298,0.002432994031724298,0.31067878007888794,0.07293948531150818,0.35,0,0,761,FP32-token-IDs
RoBERTa,k6qzu7,262,141,5688,Ġminority,minority,False,brain dysfunction (forget),-0.002422396600567957,0.002422396600567957,0.19119325280189514,0.01402713730931282,0.35,0,0,761,FP32-token-IDs
RoBERTa,k6qzu7,262,141,5688,Ġminority,minority,False,emptiness,0.0032684666403968413,0.0032684666403968413,0.11213260889053345,0.19804799556732178,0.35,0,0,761,FP32-token-IDs
RoBERTa,k6qzu7,262,141,5688,Ġminority,minority,False,hopelessness,0.002058135212254932,0.002058135212254932,0.2967376708984375,0.14247719943523407,0.35,0,0,761,FP32-token-IDs
RoBERTa,k6qzu7,262,141,5688,Ġminority,minority,False,loneliness,0.01979240644168818,0.01979240644168818,0.27838459610939026,0.9108487963676453,0.35,1,1,761,FP32-token-IDs
RoBERTa,k6qzu7,262,141,5688,Ġminority,minority,False,sadness,0.008232936842943586,0.008232936842943586,0.3116258382797241,0.8714736700057983,0.35,1,1,761,FP32-token-IDs
RoBERTa,k6qzu7,262,141,5688,Ġminority,minority,False,suicide intent,-0.0010972735824387716,0.0010972735824387716,0.08281110227108002,0.007860248908400536,0.35,0,0,761,FP32-token-IDs
RoBERTa,k6qzu7,262,141,5688,Ġminority,minority,False,worthlessness,-7.043778452844856e-05,7.043778452844856e-05,0.23589852452278137,0.06992913782596588,0.35,0,0,761,FP32-token-IDs
RoBERTa,k6qzu7,262,142,4,.,.,False,anger,0.0028571687400385385,0.0028571687400385385,0.31067878007888794,0.07293948531150818,0.35,0,0,761,FP32-token-IDs
RoBERTa,k6qzu7,262,142,4,.,.,False,brain dysfunction (forget),-0.0012940916529346612,0.0012940916529346612,0.19119325280189514,0.01402713730931282,0.35,0,0,761,FP32-token-IDs
RoBERTa,k6qzu7,262,142,4,.,.,False,emptiness,0.00108276992770178,0.00108276992770178,0.11213260889053345,0.19804799556732178,0.35,0,0,761,FP32-token-IDs
RoBERTa,k6qzu7,262,142,4,.,.,False,hopelessness,-0.0033265192579988037,0.0033265192579988037,0.2967376708984375,0.14247719943523407,0.35,0,0,761,FP32-token-IDs
RoBERTa,k6qzu7,262,142,4,.,.,False,loneliness,0.00993115384508634,0.00993115384508634,0.27838459610939026,0.9108487963676453,0.35,1,1,761,FP32-token-IDs
RoBERTa,k6qzu7,262,142,4,.,.,False,sadness,0.005161160298268356,0.005161160298268356,0.3116258382797241,0.8714736700057983,0.35,1,1,761,FP32-token-IDs
RoBERTa,k6qzu7,262,142,4,.,.,False,suicide intent,-0.0006475133315169452,0.0006475133315169452,0.08281110227108002,0.007860248908400536,0.35,0,0,761,FP32-token-IDs
RoBERTa,k6qzu7,262,142,4,.,.,False,worthlessness,-0.0031132729214039586,0.0031132729214039586,0.23589852452278137,0.06992913782596588,0.35,0,0,761,FP32-token-IDs
RoBERTa,k6qzu7,262,143,20,ĠThe,the,False,anger,-0.0006253865190840785,0.0006253865190840785,0.31067878007888794,0.07293948531150818,0.35,0,0,761,FP32-token-IDs
RoBERTa,k6qzu7,262,143,20,ĠThe,the,False,brain dysfunction (forget),-0.0004044429267759413,0.0004044429267759413,0.19119325280189514,0.01402713730931282,0.35,0,0,761,FP32-token-IDs
RoBERTa,k6qzu7,262,143,20,ĠThe,the,False,emptiness,-0.006000770778868288,0.006000770778868288,0.11213260889053345,0.19804799556732178,0.35,0,0,761,FP32-token-IDs
RoBERTa,k6qzu7,262,143,20,ĠThe,the,False,hopelessness,-0.014305086739893471,0.014305086739893471,0.2967376708984375,0.14247719943523407,0.35,0,0,761,FP32-token-IDs
RoBERTa,k6qzu7,262,143,20,ĠThe,the,False,loneliness,-0.002007867224396221,0.002007867224396221,0.27838459610939026,0.9108487963676453,0.35,1,1,761,FP32-token-IDs
RoBERTa,k6qzu7,262,143,20,ĠThe,the,False,sadness,-0.011097708502636543,0.011097708502636543,0.3116258382797241,0.8714736700057983,0.35,1,1,761,FP32-token-IDs
RoBERTa,k6qzu7,262,143,20,ĠThe,the,False,suicide intent,-0.00043715006423943644,0.00043715006423943644,0.08281110227108002,0.007860248908400536,0.35,0,0,761,FP32-token-IDs
RoBERTa,k6qzu7,262,143,20,ĠThe,the,False,worthlessness,-0.005505225168437594,0.005505225168437594,0.23589852452278137,0.06992913782596588,0.35,0,0,761,FP32-token-IDs
RoBERTa,k6qzu7,262,144,4678,Ġobvious,obvious,False,anger,-0.0006253865190840785,0.0006253865190840785,0.31067878007888794,0.07293948531150818,0.35,0,0,761,FP32-token-IDs
RoBERTa,k6qzu7,262,144,4678,Ġobvious,obvious,False,brain dysfunction (forget),-0.0004044429267759413,0.0004044429267759413,0.19119325280189514,0.01402713730931282,0.35,0,0,761,FP32-token-IDs
RoBERTa,k6qzu7,262,144,4678,Ġobvious,obvious,False,emptiness,-0.006000770778868288,0.006000770778868288,0.11213260889053345,0.19804799556732178,0.35,0,0,761,FP32-token-IDs
RoBERTa,k6qzu7,262,144,4678,Ġobvious,obvious,False,hopelessness,-0.014305086739893471,0.014305086739893471,0.2967376708984375,0.14247719943523407,0.35,0,0,761,FP32-token-IDs
RoBERTa,k6qzu7,262,144,4678,Ġobvious,obvious,False,loneliness,-0.002007867224396221,0.002007867224396221,0.27838459610939026,0.9108487963676453,0.35,1,1,761,FP32-token-IDs
RoBERTa,k6qzu7,262,144,4678,Ġobvious,obvious,False,sadness,-0.011097708502636543,0.011097708502636543,0.3116258382797241,0.8714736700057983,0.35,1,1,761,FP32-token-IDs
RoBERTa,k6qzu7,262,144,4678,Ġobvious,obvious,False,suicide intent,-0.00043715006423943644,0.00043715006423943644,0.08281110227108002,0.007860248908400536,0.35,0,0,761,FP32-token-IDs
RoBERTa,k6qzu7,262,144,4678,Ġobvious,obvious,False,worthlessness,-0.005505225168437594,0.005505225168437594,0.23589852452278137,0.06992913782596588,0.35,0,0,761,FP32-token-IDs
RoBERTa,k6qzu7,262,145,477,Ġpoint,point,False,anger,-0.0006253865190840785,0.0006253865190840785,0.31067878007888794,0.07293948531150818,0.35,0,0,761,FP32-token-IDs
RoBERTa,k6qzu7,262,145,477,Ġpoint,point,False,brain dysfunction (forget),-0.0004044429267759413,0.0004044429267759413,0.19119325280189514,0.01402713730931282,0.35,0,0,761,FP32-token-IDs
RoBERTa,k6qzu7,262,145,477,Ġpoint,point,False,emptiness,-0.006000770778868288,0.006000770778868288,0.11213260889053345,0.19804799556732178,0.35,0,0,761,FP32-token-IDs
RoBERTa,k6qzu7,262,145,477,Ġpoint,point,False,hopelessness,-0.014305086739893471,0.014305086739893471,0.2967376708984375,0.14247719943523407,0.35,0,0,761,FP32-token-IDs
RoBERTa,k6qzu7,262,145,477,Ġpoint,point,False,loneliness,-0.002007867224396221,0.002007867224396221,0.27838459610939026,0.9108487963676453,0.35,1,1,761,FP32-token-IDs
RoBERTa,k6qzu7,262,145,477,Ġpoint,point,False,sadness,-0.011097708502636543,0.011097708502636543,0.3116258382797241,0.8714736700057983,0.35,1,1,761,FP32-token-IDs
RoBERTa,k6qzu7,262,145,477,Ġpoint,point,False,suicide intent,-0.00043715006423943644,0.00043715006423943644,0.08281110227108002,0.007860248908400536,0.35,0,0,761,FP32-token-IDs
RoBERTa,k6qzu7,262,145,477,Ġpoint,point,False,worthlessness,-0.005505225168437594,0.005505225168437594,0.23589852452278137,0.06992913782596588,0.35,0,0,761,FP32-token-IDs
RoBERTa,k6qzu7,262,146,11,Ġin,in,False,anger,-0.0006253865190840785,0.0006253865190840785,0.31067878007888794,0.07293948531150818,0.35,0,0,761,FP32-token-IDs
RoBERTa,k6qzu7,262,146,11,Ġin,in,False,brain dysfunction (forget),-0.0004044429267759413,0.0004044429267759413,0.19119325280189514,0.01402713730931282,0.35,0,0,761,FP32-token-IDs
RoBERTa,k6qzu7,262,146,11,Ġin,in,False,emptiness,-0.006000770778868288,0.006000770778868288,0.11213260889053345,0.19804799556732178,0.35,0,0,761,FP32-token-IDs
RoBERTa,k6qzu7,262,146,11,Ġin,in,False,hopelessness,-0.014305086739893471,0.014305086739893471,0.2967376708984375,0.14247719943523407,0.35,0,0,761,FP32-token-IDs
RoBERTa,k6qzu7,262,146,11,Ġin,in,False,loneliness,-0.002007867224396221,0.002007867224396221,0.27838459610939026,0.9108487963676453,0.35,1,1,761,FP32-token-IDs
RoBERTa,k6qzu7,262,146,11,Ġin,in,False,sadness,-0.011097708502636543,0.011097708502636543,0.3116258382797241,0.8714736700057983,0.35,1,1,761,FP32-token-IDs
RoBERTa,k6qzu7,262,146,11,Ġin,in,False,suicide intent,-0.00043715006423943644,0.00043715006423943644,0.08281110227108002,0.007860248908400536,0.35,0,0,761,FP32-token-IDs
RoBERTa,k6qzu7,262,146,11,Ġin,in,False,worthlessness,-0.005505225168437594,0.005505225168437594,0.23589852452278137,0.06992913782596588,0.35,0,0,761,FP32-token-IDs
RoBERTa,k6qzu7,262,147,652,Ġface,face,False,anger,0.0006053620491117712,0.0006053620491117712,0.31067878007888794,0.07293948531150818,0.35,0,0,761,FP32-token-IDs
RoBERTa,k6qzu7,262,147,652,Ġface,face,False,brain dysfunction (forget),-0.0004370270769522037,0.0004370270769522037,0.19119325280189514,0.01402713730931282,0.35,0,0,761,FP32-token-IDs
RoBERTa,k6qzu7,262,147,652,Ġface,face,False,emptiness,-0.0041226495863012375,0.0041226495863012375,0.11213260889053345,0.19804799556732178,0.35,0,0,761,FP32-token-IDs
RoBERTa,k6qzu7,262,147,652,Ġface,face,False,hopelessness,-0.009987062894340072,0.009987062894340072,0.2967376708984375,0.14247719943523407,0.35,0,0,761,FP32-token-IDs
RoBERTa,k6qzu7,262,147,652,Ġface,face,False,loneliness,-0.0020019713005731033,0.0020019713005731033,0.27838459610939026,0.9108487963676453,0.35,1,1,761,FP32-token-IDs
RoBERTa,k6qzu7,262,147,652,Ġface,face,False,sadness,-0.009345677979142658,0.009345677979142658,0.3116258382797241,0.8714736700057983,0.35,1,1,761,FP32-token-IDs
RoBERTa,k6qzu7,262,147,652,Ġface,face,False,suicide intent,-0.00044178043618947935,0.00044178043618947935,0.08281110227108002,0.007860248908400536,0.35,0,0,761,FP32-token-IDs
RoBERTa,k6qzu7,262,147,652,Ġface,face,False,worthlessness,-0.0018738703000255757,0.0018738703000255757,0.23589852452278137,0.06992913782596588,0.35,0,0,761,FP32-token-IDs
RoBERTa,k6qzu7,262,148,9,Ġof,of,False,anger,0.0006053620491117712,0.0006053620491117712,0.31067878007888794,0.07293948531150818,0.35,0,0,761,FP32-token-IDs
RoBERTa,k6qzu7,262,148,9,Ġof,of,False,brain dysfunction (forget),-0.0004370270769522037,0.0004370270769522037,0.19119325280189514,0.01402713730931282,0.35,0,0,761,FP32-token-IDs
RoBERTa,k6qzu7,262,148,9,Ġof,of,False,emptiness,-0.0041226495863012375,0.0041226495863012375,0.11213260889053345,0.19804799556732178,0.35,0,0,761,FP32-token-IDs
RoBERTa,k6qzu7,262,148,9,Ġof,of,False,hopelessness,-0.009987062894340072,0.009987062894340072,0.2967376708984375,0.14247719943523407,0.35,0,0,761,FP32-token-IDs
RoBERTa,k6qzu7,262,148,9,Ġof,of,False,loneliness,-0.0020019713005731033,0.0020019713005731033,0.27838459610939026,0.9108487963676453,0.35,1,1,761,FP32-token-IDs
RoBERTa,k6qzu7,262,148,9,Ġof,of,False,sadness,-0.009345677979142658,0.009345677979142658,0.3116258382797241,0.8714736700057983,0.35,1,1,761,FP32-token-IDs
RoBERTa,k6qzu7,262,148,9,Ġof,of,False,suicide intent,-0.00044178043618947935,0.00044178043618947935,0.08281110227108002,0.007860248908400536,0.35,0,0,761,FP32-token-IDs
RoBERTa,k6qzu7,262,148,9,Ġof,of,False,worthlessness,-0.0018738703000255757,0.0018738703000255757,0.23589852452278137,0.06992913782596588,0.35,0,0,761,FP32-token-IDs
RoBERTa,k6qzu7,262,149,42,Ġthis,this,False,anger,0.0006053620491117712,0.0006053620491117712,0.31067878007888794,0.07293948531150818,0.35,0,0,761,FP32-token-IDs
RoBERTa,k6qzu7,262,149,42,Ġthis,this,False,brain dysfunction (forget),-0.0004370270769522037,0.0004370270769522037,0.19119325280189514,0.01402713730931282,0.35,0,0,761,FP32-token-IDs
RoBERTa,k6qzu7,262,149,42,Ġthis,this,False,emptiness,-0.0041226495863012375,0.0041226495863012375,0.11213260889053345,0.19804799556732178,0.35,0,0,761,FP32-token-IDs
RoBERTa,k6qzu7,262,149,42,Ġthis,this,False,hopelessness,-0.009987062894340072,0.009987062894340072,0.2967376708984375,0.14247719943523407,0.35,0,0,761,FP32-token-IDs
RoBERTa,k6qzu7,262,149,42,Ġthis,this,False,loneliness,-0.0020019713005731033,0.0020019713005731033,0.27838459610939026,0.9108487963676453,0.35,1,1,761,FP32-token-IDs
RoBERTa,k6qzu7,262,149,42,Ġthis,this,False,sadness,-0.009345677979142658,0.009345677979142658,0.3116258382797241,0.8714736700057983,0.35,1,1,761,FP32-token-IDs
RoBERTa,k6qzu7,262,149,42,Ġthis,this,False,suicide intent,-0.00044178043618947935,0.00044178043618947935,0.08281110227108002,0.007860248908400536,0.35,0,0,761,FP32-token-IDs
RoBERTa,k6qzu7,262,149,42,Ġthis,this,False,worthlessness,-0.0018738703000255757,0.0018738703000255757,0.23589852452278137,0.06992913782596588,0.35,0,0,761,FP32-token-IDs
RoBERTa,k6qzu7,262,150,16,Ġis,is,False,anger,0.0006053620491117712,0.0006053620491117712,0.31067878007888794,0.07293948531150818,0.35,0,0,761,FP32-token-IDs
RoBERTa,k6qzu7,262,150,16,Ġis,is,False,brain dysfunction (forget),-0.0004370270769522037,0.0004370270769522037,0.19119325280189514,0.01402713730931282,0.35,0,0,761,FP32-token-IDs
RoBERTa,k6qzu7,262,150,16,Ġis,is,False,emptiness,-0.0041226495863012375,0.0041226495863012375,0.11213260889053345,0.19804799556732178,0.35,0,0,761,FP32-token-IDs
RoBERTa,k6qzu7,262,150,16,Ġis,is,False,hopelessness,-0.009987062894340072,0.009987062894340072,0.2967376708984375,0.14247719943523407,0.35,0,0,761,FP32-token-IDs
RoBERTa,k6qzu7,262,150,16,Ġis,is,False,loneliness,-0.0020019713005731033,0.0020019713005731033,0.27838459610939026,0.9108487963676453,0.35,1,1,761,FP32-token-IDs
RoBERTa,k6qzu7,262,150,16,Ġis,is,False,sadness,-0.009345677979142658,0.009345677979142658,0.3116258382797241,0.8714736700057983,0.35,1,1,761,FP32-token-IDs
RoBERTa,k6qzu7,262,150,16,Ġis,is,False,suicide intent,-0.00044178043618947935,0.00044178043618947935,0.08281110227108002,0.007860248908400536,0.35,0,0,761,FP32-token-IDs
RoBERTa,k6qzu7,262,150,16,Ġis,is,False,worthlessness,-0.0018738703000255757,0.0018738703000255757,0.23589852452278137,0.06992913782596588,0.35,0,0,761,FP32-token-IDs
RoBERTa,k6qzu7,262,151,6,",",",",False,anger,0.0006053620491117712,0.0006053620491117712,0.31067878007888794,0.07293948531150818,0.35,0,0,761,FP32-token-IDs
RoBERTa,k6qzu7,262,151,6,",",",",False,brain dysfunction (forget),-0.0004370270769522037,0.0004370270769522037,0.19119325280189514,0.01402713730931282,0.35,0,0,761,FP32-token-IDs
RoBERTa,k6qzu7,262,151,6,",",",",False,emptiness,-0.0041226495863012375,0.0041226495863012375,0.11213260889053345,0.19804799556732178,0.35,0,0,761,FP32-token-IDs
RoBERTa,k6qzu7,262,151,6,",",",",False,hopelessness,-0.009987062894340072,0.009987062894340072,0.2967376708984375,0.14247719943523407,0.35,0,0,761,FP32-token-IDs
RoBERTa,k6qzu7,262,151,6,",",",",False,loneliness,-0.0020019713005731033,0.0020019713005731033,0.27838459610939026,0.9108487963676453,0.35,1,1,761,FP32-token-IDs
RoBERTa,k6qzu7,262,151,6,",",",",False,sadness,-0.009345677979142658,0.009345677979142658,0.3116258382797241,0.8714736700057983,0.35,1,1,761,FP32-token-IDs
RoBERTa,k6qzu7,262,151,6,",",",",False,suicide intent,-0.00044178043618947935,0.00044178043618947935,0.08281110227108002,0.007860248908400536,0.35,0,0,761,FP32-token-IDs
RoBERTa,k6qzu7,262,151,6,",",",",False,worthlessness,-0.0018738703000255757,0.0018738703000255757,0.23589852452278137,0.06992913782596588,0.35,0,0,761,FP32-token-IDs
RoBERTa,k6qzu7,262,152,6676,Ġcomparison,comparison,False,anger,-0.0031464434515718104,0.0031464434515718104,0.31067878007888794,0.07293948531150818,0.35,0,0,761,FP32-token-IDs
RoBERTa,k6qzu7,262,152,6676,Ġcomparison,comparison,False,brain dysfunction (forget),-0.00038431706800890554,0.00038431706800890554,0.19119325280189514,0.01402713730931282,0.35,0,0,761,FP32-token-IDs
RoBERTa,k6qzu7,262,152,6676,Ġcomparison,comparison,False,emptiness,-0.007584002010324704,0.007584002010324704,0.11213260889053345,0.19804799556732178,0.35,0,0,761,FP32-token-IDs
RoBERTa,k6qzu7,262,152,6676,Ġcomparison,comparison,False,hopelessness,-0.018824646916306975,0.018824646916306975,0.2967376708984375,0.14247719943523407,0.35,0,0,761,FP32-token-IDs
RoBERTa,k6qzu7,262,152,6676,Ġcomparison,comparison,False,loneliness,-0.001563182260308947,0.001563182260308947,0.27838459610939026,0.9108487963676453,0.35,1,1,761,FP32-token-IDs
RoBERTa,k6qzu7,262,152,6676,Ġcomparison,comparison,False,sadness,-0.004906880123806851,0.004906880123806851,0.3116258382797241,0.8714736700057983,0.35,1,1,761,FP32-token-IDs
RoBERTa,k6qzu7,262,152,6676,Ġcomparison,comparison,False,suicide intent,-0.0003023557371437034,0.0003023557371437034,0.08281110227108002,0.007860248908400536,0.35,0,0,761,FP32-token-IDs
RoBERTa,k6qzu7,262,152,6676,Ġcomparison,comparison,False,worthlessness,-0.007767620036611333,0.007767620036611333,0.23589852452278137,0.06992913782596588,0.35,0,0,761,FP32-token-IDs
RoBERTa,k6qzu7,262,153,606,Ġcomes,comes,False,anger,-0.0031464434515718104,0.0031464434515718104,0.31067878007888794,0.07293948531150818,0.35,0,0,761,FP32-token-IDs
RoBERTa,k6qzu7,262,153,606,Ġcomes,comes,False,brain dysfunction (forget),-0.00038431706800890554,0.00038431706800890554,0.19119325280189514,0.01402713730931282,0.35,0,0,761,FP32-token-IDs
RoBERTa,k6qzu7,262,153,606,Ġcomes,comes,False,emptiness,-0.007584002010324704,0.007584002010324704,0.11213260889053345,0.19804799556732178,0.35,0,0,761,FP32-token-IDs
RoBERTa,k6qzu7,262,153,606,Ġcomes,comes,False,hopelessness,-0.018824646916306975,0.018824646916306975,0.2967376708984375,0.14247719943523407,0.35,0,0,761,FP32-token-IDs
RoBERTa,k6qzu7,262,153,606,Ġcomes,comes,False,loneliness,-0.001563182260308947,0.001563182260308947,0.27838459610939026,0.9108487963676453,0.35,1,1,761,FP32-token-IDs
RoBERTa,k6qzu7,262,153,606,Ġcomes,comes,False,sadness,-0.004906880123806851,0.004906880123806851,0.3116258382797241,0.8714736700057983,0.35,1,1,761,FP32-token-IDs
RoBERTa,k6qzu7,262,153,606,Ġcomes,comes,False,suicide intent,-0.0003023557371437034,0.0003023557371437034,0.08281110227108002,0.007860248908400536,0.35,0,0,761,FP32-token-IDs
RoBERTa,k6qzu7,262,153,606,Ġcomes,comes,False,worthlessness,-0.007767620036611333,0.007767620036611333,0.23589852452278137,0.06992913782596588,0.35,0,0,761,FP32-token-IDs
RoBERTa,k6qzu7,262,154,31,Ġfrom,from,False,anger,-0.0031464434515718104,0.0031464434515718104,0.31067878007888794,0.07293948531150818,0.35,0,0,761,FP32-token-IDs
RoBERTa,k6qzu7,262,154,31,Ġfrom,from,False,brain dysfunction (forget),-0.00038431706800890554,0.00038431706800890554,0.19119325280189514,0.01402713730931282,0.35,0,0,761,FP32-token-IDs
RoBERTa,k6qzu7,262,154,31,Ġfrom,from,False,emptiness,-0.007584002010324704,0.007584002010324704,0.11213260889053345,0.19804799556732178,0.35,0,0,761,FP32-token-IDs
RoBERTa,k6qzu7,262,154,31,Ġfrom,from,False,hopelessness,-0.018824646916306975,0.018824646916306975,0.2967376708984375,0.14247719943523407,0.35,0,0,761,FP32-token-IDs
RoBERTa,k6qzu7,262,154,31,Ġfrom,from,False,loneliness,-0.001563182260308947,0.001563182260308947,0.27838459610939026,0.9108487963676453,0.35,1,1,761,FP32-token-IDs
RoBERTa,k6qzu7,262,154,31,Ġfrom,from,False,sadness,-0.004906880123806851,0.004906880123806851,0.3116258382797241,0.8714736700057983,0.35,1,1,761,FP32-token-IDs
RoBERTa,k6qzu7,262,154,31,Ġfrom,from,False,suicide intent,-0.0003023557371437034,0.0003023557371437034,0.08281110227108002,0.007860248908400536,0.35,0,0,761,FP32-token-IDs
RoBERTa,k6qzu7,262,154,31,Ġfrom,from,False,worthlessness,-0.007767620036611333,0.007767620036611333,0.23589852452278137,0.06992913782596588,0.35,0,0,761,FP32-token-IDs
RoBERTa,k6qzu7,262,155,36158,Ġoneself,oneself,False,anger,-0.0031464434515718104,0.0031464434515718104,0.31067878007888794,0.07293948531150818,0.35,0,0,761,FP32-token-IDs
RoBERTa,k6qzu7,262,155,36158,Ġoneself,oneself,False,brain dysfunction (forget),-0.00038431706800890554,0.00038431706800890554,0.19119325280189514,0.01402713730931282,0.35,0,0,761,FP32-token-IDs
RoBERTa,k6qzu7,262,155,36158,Ġoneself,oneself,False,emptiness,-0.007584002010324704,0.007584002010324704,0.11213260889053345,0.19804799556732178,0.35,0,0,761,FP32-token-IDs
RoBERTa,k6qzu7,262,155,36158,Ġoneself,oneself,False,hopelessness,-0.018824646916306975,0.018824646916306975,0.2967376708984375,0.14247719943523407,0.35,0,0,761,FP32-token-IDs
RoBERTa,k6qzu7,262,155,36158,Ġoneself,oneself,False,loneliness,-0.001563182260308947,0.001563182260308947,0.27838459610939026,0.9108487963676453,0.35,1,1,761,FP32-token-IDs
RoBERTa,k6qzu7,262,155,36158,Ġoneself,oneself,False,sadness,-0.004906880123806851,0.004906880123806851,0.3116258382797241,0.8714736700057983,0.35,1,1,761,FP32-token-IDs
RoBERTa,k6qzu7,262,155,36158,Ġoneself,oneself,False,suicide intent,-0.0003023557371437034,0.0003023557371437034,0.08281110227108002,0.007860248908400536,0.35,0,0,761,FP32-token-IDs
RoBERTa,k6qzu7,262,155,36158,Ġoneself,oneself,False,worthlessness,-0.007767620036611333,0.007767620036611333,0.23589852452278137,0.06992913782596588,0.35,0,0,761,FP32-token-IDs
RoBERTa,k6qzu7,262,156,4,.,.,False,anger,-0.0026409096400519566,0.0026409096400519566,0.31067878007888794,0.07293948531150818,0.35,0,0,761,FP32-token-IDs
RoBERTa,k6qzu7,262,156,4,.,.,False,brain dysfunction (forget),-0.00016823578792225037,0.00016823578792225037,0.19119325280189514,0.01402713730931282,0.35,0,0,761,FP32-token-IDs
RoBERTa,k6qzu7,262,156,4,.,.,False,emptiness,-0.0015553517400154044,0.0015553517400154044,0.11213260889053345,0.19804799556732178,0.35,0,0,761,FP32-token-IDs
RoBERTa,k6qzu7,262,156,4,.,.,False,hopelessness,-0.014208066536645804,0.014208066536645804,0.2967376708984375,0.14247719943523407,0.35,0,0,761,FP32-token-IDs
RoBERTa,k6qzu7,262,156,4,.,.,False,loneliness,0.0009368018513279302,0.0009368018513279302,0.27838459610939026,0.9108487963676453,0.35,1,1,761,FP32-token-IDs
RoBERTa,k6qzu7,262,156,4,.,.,False,sadness,-0.005891392626134412,0.005891392626134412,0.3116258382797241,0.8714736700057983,0.35,1,1,761,FP32-token-IDs
RoBERTa,k6qzu7,262,156,4,.,.,False,suicide intent,-0.00027826659944756623,0.00027826659944756623,0.08281110227108002,0.007860248908400536,0.35,0,0,761,FP32-token-IDs
RoBERTa,k6qzu7,262,156,4,.,.,False,worthlessness,-0.00214603366330266,0.00214603366330266,0.23589852452278137,0.06992913782596588,0.35,0,0,761,FP32-token-IDs
RoBERTa,k6qzu7,262,157,6834,ĠWhich,which,False,anger,0.00015398624569310676,0.00015398624569310676,0.31067878007888794,0.07293948531150818,0.35,0,0,761,FP32-token-IDs
RoBERTa,k6qzu7,262,157,6834,ĠWhich,which,False,brain dysfunction (forget),-0.000417332470949207,0.000417332470949207,0.19119325280189514,0.01402713730931282,0.35,0,0,761,FP32-token-IDs
RoBERTa,k6qzu7,262,157,6834,ĠWhich,which,False,emptiness,-0.006275136474453445,0.006275136474453445,0.11213260889053345,0.19804799556732178,0.35,0,0,761,FP32-token-IDs
RoBERTa,k6qzu7,262,157,6834,ĠWhich,which,False,hopelessness,-0.019737623961243247,0.019737623961243247,0.2967376708984375,0.14247719943523407,0.35,0,0,761,FP32-token-IDs
RoBERTa,k6qzu7,262,157,6834,ĠWhich,which,False,loneliness,-0.0033730738796293736,0.0033730738796293736,0.27838459610939026,0.9108487963676453,0.35,1,1,761,FP32-token-IDs
RoBERTa,k6qzu7,262,157,6834,ĠWhich,which,False,sadness,-0.006059390253254345,0.006059390253254345,0.3116258382797241,0.8714736700057983,0.35,1,1,761,FP32-token-IDs
RoBERTa,k6qzu7,262,157,6834,ĠWhich,which,False,suicide intent,-2.336091789142567e-06,2.336091789142567e-06,0.08281110227108002,0.007860248908400536,0.35,0,0,761,FP32-token-IDs
RoBERTa,k6qzu7,262,157,6834,ĠWhich,which,False,worthlessness,-0.012204958026164345,0.012204958026164345,0.23589852452278137,0.06992913782596588,0.35,0,0,761,FP32-token-IDs
RoBERTa,k6qzu7,262,158,16,Ġis,is,False,anger,0.00015398624569310676,0.00015398624569310676,0.31067878007888794,0.07293948531150818,0.35,0,0,761,FP32-token-IDs
RoBERTa,k6qzu7,262,158,16,Ġis,is,False,brain dysfunction (forget),-0.000417332470949207,0.000417332470949207,0.19119325280189514,0.01402713730931282,0.35,0,0,761,FP32-token-IDs
RoBERTa,k6qzu7,262,158,16,Ġis,is,False,emptiness,-0.006275136474453445,0.006275136474453445,0.11213260889053345,0.19804799556732178,0.35,0,0,761,FP32-token-IDs
RoBERTa,k6qzu7,262,158,16,Ġis,is,False,hopelessness,-0.019737623961243247,0.019737623961243247,0.2967376708984375,0.14247719943523407,0.35,0,0,761,FP32-token-IDs
RoBERTa,k6qzu7,262,158,16,Ġis,is,False,loneliness,-0.0033730738796293736,0.0033730738796293736,0.27838459610939026,0.9108487963676453,0.35,1,1,761,FP32-token-IDs
RoBERTa,k6qzu7,262,158,16,Ġis,is,False,sadness,-0.006059390253254345,0.006059390253254345,0.3116258382797241,0.8714736700057983,0.35,1,1,761,FP32-token-IDs
RoBERTa,k6qzu7,262,158,16,Ġis,is,False,suicide intent,-2.336091789142567e-06,2.336091789142567e-06,0.08281110227108002,0.007860248908400536,0.35,0,0,761,FP32-token-IDs
RoBERTa,k6qzu7,262,158,16,Ġis,is,False,worthlessness,-0.012204958026164345,0.012204958026164345,0.23589852452278137,0.06992913782596588,0.35,0,0,761,FP32-token-IDs
RoBERTa,k6qzu7,262,159,10,Ġa,a,False,anger,-0.0004126218521767961,0.0004126218521767961,0.31067878007888794,0.07293948531150818,0.35,0,0,761,FP32-token-IDs
RoBERTa,k6qzu7,262,159,10,Ġa,a,False,brain dysfunction (forget),-0.0004431921556325895,0.0004431921556325895,0.19119325280189514,0.01402713730931282,0.35,0,0,761,FP32-token-IDs
RoBERTa,k6qzu7,262,159,10,Ġa,a,False,emptiness,-0.008465930920959052,0.008465930920959052,0.11213260889053345,0.19804799556732178,0.35,0,0,761,FP32-token-IDs
RoBERTa,k6qzu7,262,159,10,Ġa,a,False,hopelessness,-0.02366906064895115,0.02366906064895115,0.2967376708984375,0.14247719943523407,0.35,0,0,761,FP32-token-IDs
RoBERTa,k6qzu7,262,159,10,Ġa,a,False,loneliness,-0.0036675473675131798,0.0036675473675131798,0.27838459610939026,0.9108487963676453,0.35,1,1,761,FP32-token-IDs
RoBERTa,k6qzu7,262,159,10,Ġa,a,False,sadness,-0.006366701091506651,0.006366701091506651,0.3116258382797241,0.8714736700057983,0.35,1,1,761,FP32-token-IDs
RoBERTa,k6qzu7,262,159,10,Ġa,a,False,suicide intent,5.076923038619232e-06,5.076923038619232e-06,0.08281110227108002,0.007860248908400536,0.35,0,0,761,FP32-token-IDs
RoBERTa,k6qzu7,262,159,10,Ġa,a,False,worthlessness,-0.015182079589327,0.015182079589327,0.23589852452278137,0.06992913782596588,0.35,0,0,761,FP32-token-IDs
RoBERTa,k6qzu7,262,160,2051,Ġfine,fine,False,anger,-0.0004126218521767961,0.0004126218521767961,0.31067878007888794,0.07293948531150818,0.35,0,0,761,FP32-token-IDs
RoBERTa,k6qzu7,262,160,2051,Ġfine,fine,False,brain dysfunction (forget),-0.0004431921556325895,0.0004431921556325895,0.19119325280189514,0.01402713730931282,0.35,0,0,761,FP32-token-IDs
RoBERTa,k6qzu7,262,160,2051,Ġfine,fine,False,emptiness,-0.008465930920959052,0.008465930920959052,0.11213260889053345,0.19804799556732178,0.35,0,0,761,FP32-token-IDs
RoBERTa,k6qzu7,262,160,2051,Ġfine,fine,False,hopelessness,-0.02366906064895115,0.02366906064895115,0.2967376708984375,0.14247719943523407,0.35,0,0,761,FP32-token-IDs
RoBERTa,k6qzu7,262,160,2051,Ġfine,fine,False,loneliness,-0.0036675473675131798,0.0036675473675131798,0.27838459610939026,0.9108487963676453,0.35,1,1,761,FP32-token-IDs
RoBERTa,k6qzu7,262,160,2051,Ġfine,fine,False,sadness,-0.006366701091506651,0.006366701091506651,0.3116258382797241,0.8714736700057983,0.35,1,1,761,FP32-token-IDs
RoBERTa,k6qzu7,262,160,2051,Ġfine,fine,False,suicide intent,5.076923038619232e-06,5.076923038619232e-06,0.08281110227108002,0.007860248908400536,0.35,0,0,761,FP32-token-IDs
RoBERTa,k6qzu7,262,160,2051,Ġfine,fine,False,worthlessness,-0.015182079589327,0.015182079589327,0.23589852452278137,0.06992913782596588,0.35,0,0,761,FP32-token-IDs
RoBERTa,k6qzu7,262,161,8,Ġand,and,False,anger,0.0016409241394805057,0.0016409241394805057,0.31067878007888794,0.07293948531150818,0.35,0,0,761,FP32-token-IDs
RoBERTa,k6qzu7,262,161,8,Ġand,and,False,brain dysfunction (forget),-0.0004362695476239813,0.0004362695476239813,0.19119325280189514,0.01402713730931282,0.35,0,0,761,FP32-token-IDs
RoBERTa,k6qzu7,262,161,8,Ġand,and,False,emptiness,-0.0036444528227938073,0.0036444528227938073,0.11213260889053345,0.19804799556732178,0.35,0,0,761,FP32-token-IDs
RoBERTa,k6qzu7,262,161,8,Ġand,and,False,hopelessness,-0.008759093567329857,0.008759093567329857,0.2967376708984375,0.14247719943523407,0.35,0,0,761,FP32-token-IDs
RoBERTa,k6qzu7,262,161,8,Ġand,and,False,loneliness,-0.003831318113952875,0.003831318113952875,0.27838459610939026,0.9108487963676453,0.35,1,1,761,FP32-token-IDs
RoBERTa,k6qzu7,262,161,8,Ġand,and,False,sadness,-0.0032657533817525416,0.0032657533817525416,0.3116258382797241,0.8714736700057983,0.35,1,1,761,FP32-token-IDs
RoBERTa,k6qzu7,262,161,8,Ġand,and,False,suicide intent,-2.571846115253201e-05,2.571846115253201e-05,0.08281110227108002,0.007860248908400536,0.35,0,0,761,FP32-token-IDs
RoBERTa,k6qzu7,262,161,8,Ġand,and,False,worthlessness,-0.006544647172891669,0.006544647172891669,0.23589852452278137,0.06992913782596588,0.35,0,0,761,FP32-token-IDs
RoBERTa,k6qzu7,262,162,385,Ġd,d,False,anger,-0.00028917291095399017,0.00028917291095399017,0.31067878007888794,0.07293948531150818,0.35,0,0,761,FP32-token-IDs
RoBERTa,k6qzu7,262,162,385,Ġd,d,False,brain dysfunction (forget),0.0006128724779132643,0.0006128724779132643,0.19119325280189514,0.01402713730931282,0.35,0,0,761,FP32-token-IDs
RoBERTa,k6qzu7,262,162,385,Ġd,d,False,emptiness,-0.00815248209197769,0.00815248209197769,0.11213260889053345,0.19804799556732178,0.35,0,0,761,FP32-token-IDs
RoBERTa,k6qzu7,262,162,385,Ġd,d,False,hopelessness,-0.01940192341839614,0.01940192341839614,0.2967376708984375,0.14247719943523407,0.35,0,0,761,FP32-token-IDs
RoBERTa,k6qzu7,262,162,385,Ġd,d,False,loneliness,-0.0033826089412387875,0.0033826089412387875,0.27838459610939026,0.9108487963676453,0.35,1,1,761,FP32-token-IDs
RoBERTa,k6qzu7,262,162,385,Ġd,d,False,sadness,-0.010326981768085962,0.010326981768085962,0.3116258382797241,0.8714736700057983,0.35,1,1,761,FP32-token-IDs
RoBERTa,k6qzu7,262,162,385,Ġd,d,False,suicide intent,-0.00011321051893208365,0.00011321051893208365,0.08281110227108002,0.007860248908400536,0.35,0,0,761,FP32-token-IDs
RoBERTa,k6qzu7,262,162,385,Ġd,d,False,worthlessness,-0.011238082813742082,0.011238082813742082,0.23589852452278137,0.06992913782596588,0.35,0,0,761,FP32-token-IDs
RoBERTa,k6qzu7,262,163,10708,andy,andy,False,anger,-0.00028917291095399017,0.00028917291095399017,0.31067878007888794,0.07293948531150818,0.35,0,0,761,FP32-token-IDs
RoBERTa,k6qzu7,262,163,10708,andy,andy,False,brain dysfunction (forget),0.0006128724779132643,0.0006128724779132643,0.19119325280189514,0.01402713730931282,0.35,0,0,761,FP32-token-IDs
RoBERTa,k6qzu7,262,163,10708,andy,andy,False,emptiness,-0.00815248209197769,0.00815248209197769,0.11213260889053345,0.19804799556732178,0.35,0,0,761,FP32-token-IDs
RoBERTa,k6qzu7,262,163,10708,andy,andy,False,hopelessness,-0.01940192341839614,0.01940192341839614,0.2967376708984375,0.14247719943523407,0.35,0,0,761,FP32-token-IDs
RoBERTa,k6qzu7,262,163,10708,andy,andy,False,loneliness,-0.0033826089412387875,0.0033826089412387875,0.27838459610939026,0.9108487963676453,0.35,1,1,761,FP32-token-IDs
RoBERTa,k6qzu7,262,163,10708,andy,andy,False,sadness,-0.010326981768085962,0.010326981768085962,0.3116258382797241,0.8714736700057983,0.35,1,1,761,FP32-token-IDs
RoBERTa,k6qzu7,262,163,10708,andy,andy,False,suicide intent,-0.00011321051893208365,0.00011321051893208365,0.08281110227108002,0.007860248908400536,0.35,0,0,761,FP32-token-IDs
RoBERTa,k6qzu7,262,163,10708,andy,andy,False,worthlessness,-0.011238082813742082,0.011238082813742082,0.23589852452278137,0.06992913782596588,0.35,0,0,761,FP32-token-IDs
RoBERTa,k6qzu7,262,164,17680,Ġremark,remark,False,anger,-0.00028917291095399017,0.00028917291095399017,0.31067878007888794,0.07293948531150818,0.35,0,0,761,FP32-token-IDs
RoBERTa,k6qzu7,262,164,17680,Ġremark,remark,False,brain dysfunction (forget),0.0006128724779132643,0.0006128724779132643,0.19119325280189514,0.01402713730931282,0.35,0,0,761,FP32-token-IDs
RoBERTa,k6qzu7,262,164,17680,Ġremark,remark,False,emptiness,-0.00815248209197769,0.00815248209197769,0.11213260889053345,0.19804799556732178,0.35,0,0,761,FP32-token-IDs
RoBERTa,k6qzu7,262,164,17680,Ġremark,remark,False,hopelessness,-0.01940192341839614,0.01940192341839614,0.2967376708984375,0.14247719943523407,0.35,0,0,761,FP32-token-IDs
RoBERTa,k6qzu7,262,164,17680,Ġremark,remark,False,loneliness,-0.0033826089412387875,0.0033826089412387875,0.27838459610939026,0.9108487963676453,0.35,1,1,761,FP32-token-IDs
RoBERTa,k6qzu7,262,164,17680,Ġremark,remark,False,sadness,-0.010326981768085962,0.010326981768085962,0.3116258382797241,0.8714736700057983,0.35,1,1,761,FP32-token-IDs
RoBERTa,k6qzu7,262,164,17680,Ġremark,remark,False,suicide intent,-0.00011321051893208365,0.00011321051893208365,0.08281110227108002,0.007860248908400536,0.35,0,0,761,FP32-token-IDs
RoBERTa,k6qzu7,262,164,17680,Ġremark,remark,False,worthlessness,-0.011238082813742082,0.011238082813742082,0.23589852452278137,0.06992913782596588,0.35,0,0,761,FP32-token-IDs
RoBERTa,k6qzu7,262,165,30,Ġby,by,False,anger,-0.00028917291095399017,0.00028917291095399017,0.31067878007888794,0.07293948531150818,0.35,0,0,761,FP32-token-IDs
RoBERTa,k6qzu7,262,165,30,Ġby,by,False,brain dysfunction (forget),0.0006128724779132643,0.0006128724779132643,0.19119325280189514,0.01402713730931282,0.35,0,0,761,FP32-token-IDs
RoBERTa,k6qzu7,262,165,30,Ġby,by,False,emptiness,-0.00815248209197769,0.00815248209197769,0.11213260889053345,0.19804799556732178,0.35,0,0,761,FP32-token-IDs
RoBERTa,k6qzu7,262,165,30,Ġby,by,False,hopelessness,-0.01940192341839614,0.01940192341839614,0.2967376708984375,0.14247719943523407,0.35,0,0,761,FP32-token-IDs
RoBERTa,k6qzu7,262,165,30,Ġby,by,False,loneliness,-0.0033826089412387875,0.0033826089412387875,0.27838459610939026,0.9108487963676453,0.35,1,1,761,FP32-token-IDs
RoBERTa,k6qzu7,262,165,30,Ġby,by,False,sadness,-0.010326981768085962,0.010326981768085962,0.3116258382797241,0.8714736700057983,0.35,1,1,761,FP32-token-IDs
RoBERTa,k6qzu7,262,165,30,Ġby,by,False,suicide intent,-0.00011321051893208365,0.00011321051893208365,0.08281110227108002,0.007860248908400536,0.35,0,0,761,FP32-token-IDs
RoBERTa,k6qzu7,262,165,30,Ġby,by,False,worthlessness,-0.011238082813742082,0.011238082813742082,0.23589852452278137,0.06992913782596588,0.35,0,0,761,FP32-token-IDs
RoBERTa,k6qzu7,262,166,5,Ġthe,the,False,anger,-0.0014165857243203807,0.0014165857243203807,0.31067878007888794,0.07293948531150818,0.35,0,0,761,FP32-token-IDs
RoBERTa,k6qzu7,262,166,5,Ġthe,the,False,brain dysfunction (forget),0.0008592467498688382,0.0008592467498688382,0.19119325280189514,0.01402713730931282,0.35,0,0,761,FP32-token-IDs
RoBERTa,k6qzu7,262,166,5,Ġthe,the,False,emptiness,-0.0039163837072602094,0.0039163837072602094,0.11213260889053345,0.19804799556732178,0.35,0,0,761,FP32-token-IDs
RoBERTa,k6qzu7,262,166,5,Ġthe,the,False,hopelessness,-0.008142185475795514,0.008142185475795514,0.2967376708984375,0.14247719943523407,0.35,0,0,761,FP32-token-IDs
RoBERTa,k6qzu7,262,166,5,Ġthe,the,False,loneliness,-0.0032117707137432365,0.0032117707137432365,0.27838459610939026,0.9108487963676453,0.35,1,1,761,FP32-token-IDs
RoBERTa,k6qzu7,262,166,5,Ġthe,the,False,sadness,-0.00718174820307583,0.00718174820307583,0.3116258382797241,0.8714736700057983,0.35,1,1,761,FP32-token-IDs
RoBERTa,k6qzu7,262,166,5,Ġthe,the,False,suicide intent,-0.0001355133522814694,0.0001355133522814694,0.08281110227108002,0.007860248908400536,0.35,0,0,761,FP32-token-IDs
RoBERTa,k6qzu7,262,166,5,Ġthe,the,False,worthlessness,-0.0033019082166165815,0.0033019082166165815,0.23589852452278137,0.06992913782596588,0.35,0,0,761,FP32-token-IDs
RoBERTa,k6qzu7,262,167,540,Ġless,less,False,anger,-0.0014165857243203807,0.0014165857243203807,0.31067878007888794,0.07293948531150818,0.35,0,0,761,FP32-token-IDs
RoBERTa,k6qzu7,262,167,540,Ġless,less,False,brain dysfunction (forget),0.0008592467498688382,0.0008592467498688382,0.19119325280189514,0.01402713730931282,0.35,0,0,761,FP32-token-IDs
RoBERTa,k6qzu7,262,167,540,Ġless,less,False,emptiness,-0.0039163837072602094,0.0039163837072602094,0.11213260889053345,0.19804799556732178,0.35,0,0,761,FP32-token-IDs
RoBERTa,k6qzu7,262,167,540,Ġless,less,False,hopelessness,-0.008142185475795514,0.008142185475795514,0.2967376708984375,0.14247719943523407,0.35,0,0,761,FP32-token-IDs
RoBERTa,k6qzu7,262,167,540,Ġless,less,False,loneliness,-0.0032117707137432365,0.0032117707137432365,0.27838459610939026,0.9108487963676453,0.35,1,1,761,FP32-token-IDs
RoBERTa,k6qzu7,262,167,540,Ġless,less,False,sadness,-0.00718174820307583,0.00718174820307583,0.3116258382797241,0.8714736700057983,0.35,1,1,761,FP32-token-IDs
RoBERTa,k6qzu7,262,167,540,Ġless,less,False,suicide intent,-0.0001355133522814694,0.0001355133522814694,0.08281110227108002,0.007860248908400536,0.35,0,0,761,FP32-token-IDs
RoBERTa,k6qzu7,262,167,540,Ġless,less,False,worthlessness,-0.0033019082166165815,0.0033019082166165815,0.23589852452278137,0.06992913782596588,0.35,0,0,761,FP32-token-IDs
RoBERTa,k6qzu7,262,168,20717,Ġobserv,observ,False,anger,-0.0014165857243203807,0.0014165857243203807,0.31067878007888794,0.07293948531150818,0.35,0,0,761,FP32-token-IDs
RoBERTa,k6qzu7,262,168,20717,Ġobserv,observ,False,brain dysfunction (forget),0.0008592467498688382,0.0008592467498688382,0.19119325280189514,0.01402713730931282,0.35,0,0,761,FP32-token-IDs
RoBERTa,k6qzu7,262,168,20717,Ġobserv,observ,False,emptiness,-0.0039163837072602094,0.0039163837072602094,0.11213260889053345,0.19804799556732178,0.35,0,0,761,FP32-token-IDs
RoBERTa,k6qzu7,262,168,20717,Ġobserv,observ,False,hopelessness,-0.008142185475795514,0.008142185475795514,0.2967376708984375,0.14247719943523407,0.35,0,0,761,FP32-token-IDs
RoBERTa,k6qzu7,262,168,20717,Ġobserv,observ,False,loneliness,-0.0032117707137432365,0.0032117707137432365,0.27838459610939026,0.9108487963676453,0.35,1,1,761,FP32-token-IDs
RoBERTa,k6qzu7,262,168,20717,Ġobserv,observ,False,sadness,-0.00718174820307583,0.00718174820307583,0.3116258382797241,0.8714736700057983,0.35,1,1,761,FP32-token-IDs
RoBERTa,k6qzu7,262,168,20717,Ġobserv,observ,False,suicide intent,-0.0001355133522814694,0.0001355133522814694,0.08281110227108002,0.007860248908400536,0.35,0,0,761,FP32-token-IDs
RoBERTa,k6qzu7,262,168,20717,Ġobserv,observ,False,worthlessness,-0.0033019082166165815,0.0033019082166165815,0.23589852452278137,0.06992913782596588,0.35,0,0,761,FP32-token-IDs
RoBERTa,k6qzu7,262,169,927,ant,ant,False,anger,-0.0014165857243203807,0.0014165857243203807,0.31067878007888794,0.07293948531150818,0.35,0,0,761,FP32-token-IDs
RoBERTa,k6qzu7,262,169,927,ant,ant,False,brain dysfunction (forget),0.0008592467498688382,0.0008592467498688382,0.19119325280189514,0.01402713730931282,0.35,0,0,761,FP32-token-IDs
RoBERTa,k6qzu7,262,169,927,ant,ant,False,emptiness,-0.0039163837072602094,0.0039163837072602094,0.11213260889053345,0.19804799556732178,0.35,0,0,761,FP32-token-IDs
RoBERTa,k6qzu7,262,169,927,ant,ant,False,hopelessness,-0.008142185475795514,0.008142185475795514,0.2967376708984375,0.14247719943523407,0.35,0,0,761,FP32-token-IDs
RoBERTa,k6qzu7,262,169,927,ant,ant,False,loneliness,-0.0032117707137432365,0.0032117707137432365,0.27838459610939026,0.9108487963676453,0.35,1,1,761,FP32-token-IDs
RoBERTa,k6qzu7,262,169,927,ant,ant,False,sadness,-0.00718174820307583,0.00718174820307583,0.3116258382797241,0.8714736700057983,0.35,1,1,761,FP32-token-IDs
RoBERTa,k6qzu7,262,169,927,ant,ant,False,suicide intent,-0.0001355133522814694,0.0001355133522814694,0.08281110227108002,0.007860248908400536,0.35,0,0,761,FP32-token-IDs
RoBERTa,k6qzu7,262,169,927,ant,ant,False,worthlessness,-0.0033019082166165815,0.0033019082166165815,0.23589852452278137,0.06992913782596588,0.35,0,0,761,FP32-token-IDs
RoBERTa,k6qzu7,262,170,4,.,.,False,anger,-0.0014165857243203807,0.0014165857243203807,0.31067878007888794,0.07293948531150818,0.35,0,0,761,FP32-token-IDs
RoBERTa,k6qzu7,262,170,4,.,.,False,brain dysfunction (forget),0.0008592467498688382,0.0008592467498688382,0.19119325280189514,0.01402713730931282,0.35,0,0,761,FP32-token-IDs
RoBERTa,k6qzu7,262,170,4,.,.,False,emptiness,-0.0039163837072602094,0.0039163837072602094,0.11213260889053345,0.19804799556732178,0.35,0,0,761,FP32-token-IDs
RoBERTa,k6qzu7,262,170,4,.,.,False,hopelessness,-0.008142185475795514,0.008142185475795514,0.2967376708984375,0.14247719943523407,0.35,0,0,761,FP32-token-IDs
RoBERTa,k6qzu7,262,170,4,.,.,False,loneliness,-0.0032117707137432365,0.0032117707137432365,0.27838459610939026,0.9108487963676453,0.35,1,1,761,FP32-token-IDs
RoBERTa,k6qzu7,262,170,4,.,.,False,sadness,-0.00718174820307583,0.00718174820307583,0.3116258382797241,0.8714736700057983,0.35,1,1,761,FP32-token-IDs
RoBERTa,k6qzu7,262,170,4,.,.,False,suicide intent,-0.0001355133522814694,0.0001355133522814694,0.08281110227108002,0.007860248908400536,0.35,0,0,761,FP32-token-IDs
RoBERTa,k6qzu7,262,170,4,.,.,False,worthlessness,-0.0033019082166165815,0.0033019082166165815,0.23589852452278137,0.06992913782596588,0.35,0,0,761,FP32-token-IDs
RoBERTa,k6qzu7,262,171,10385,ĠNothing,nothing,False,anger,-0.004576453521079209,0.004576453521079209,0.31067878007888794,0.07293948531150818,0.35,0,0,761,FP32-token-IDs
RoBERTa,k6qzu7,262,171,10385,ĠNothing,nothing,False,brain dysfunction (forget),-0.0003277928899834458,0.0003277928899834458,0.19119325280189514,0.01402713730931282,0.35,0,0,761,FP32-token-IDs
RoBERTa,k6qzu7,262,171,10385,ĠNothing,nothing,False,emptiness,0.011095416130098913,0.011095416130098913,0.11213260889053345,0.19804799556732178,0.35,0,0,761,FP32-token-IDs
RoBERTa,k6qzu7,262,171,10385,ĠNothing,nothing,False,hopelessness,0.011808054219875344,0.011808054219875344,0.2967376708984375,0.14247719943523407,0.35,0,0,761,FP32-token-IDs
RoBERTa,k6qzu7,262,171,10385,ĠNothing,nothing,False,loneliness,0.003940111988301116,0.003940111988301116,0.27838459610939026,0.9108487963676453,0.35,1,1,761,FP32-token-IDs
RoBERTa,k6qzu7,262,171,10385,ĠNothing,nothing,False,sadness,-0.0010111623433159483,0.0010111623433159483,0.3116258382797241,0.8714736700057983,0.35,1,1,761,FP32-token-IDs
RoBERTa,k6qzu7,262,171,10385,ĠNothing,nothing,False,suicide intent,-0.0006561329826171343,0.0006561329826171343,0.08281110227108002,0.007860248908400536,0.35,0,0,761,FP32-token-IDs
RoBERTa,k6qzu7,262,171,10385,ĠNothing,nothing,False,worthlessness,0.011630067905880287,0.011630067905880287,0.23589852452278137,0.06992913782596588,0.35,0,0,761,FP32-token-IDs
RoBERTa,k6qzu7,262,172,269,Ġreally,really,False,anger,-0.004576453521079209,0.004576453521079209,0.31067878007888794,0.07293948531150818,0.35,0,0,761,FP32-token-IDs
RoBERTa,k6qzu7,262,172,269,Ġreally,really,False,brain dysfunction (forget),-0.0003277928899834458,0.0003277928899834458,0.19119325280189514,0.01402713730931282,0.35,0,0,761,FP32-token-IDs
RoBERTa,k6qzu7,262,172,269,Ġreally,really,False,emptiness,0.011095416130098913,0.011095416130098913,0.11213260889053345,0.19804799556732178,0.35,0,0,761,FP32-token-IDs
RoBERTa,k6qzu7,262,172,269,Ġreally,really,False,hopelessness,0.011808054219875344,0.011808054219875344,0.2967376708984375,0.14247719943523407,0.35,0,0,761,FP32-token-IDs
RoBERTa,k6qzu7,262,172,269,Ġreally,really,False,loneliness,0.003940111988301116,0.003940111988301116,0.27838459610939026,0.9108487963676453,0.35,1,1,761,FP32-token-IDs
RoBERTa,k6qzu7,262,172,269,Ġreally,really,False,sadness,-0.0010111623433159483,0.0010111623433159483,0.3116258382797241,0.8714736700057983,0.35,1,1,761,FP32-token-IDs
RoBERTa,k6qzu7,262,172,269,Ġreally,really,False,suicide intent,-0.0006561329826171343,0.0006561329826171343,0.08281110227108002,0.007860248908400536,0.35,0,0,761,FP32-token-IDs
RoBERTa,k6qzu7,262,172,269,Ġreally,really,False,worthlessness,0.011630067905880287,0.011630067905880287,0.23589852452278137,0.06992913782596588,0.35,0,0,761,FP32-token-IDs
RoBERTa,k6qzu7,262,173,782,Ġneeds,needs,False,anger,-0.004576453521079209,0.004576453521079209,0.31067878007888794,0.07293948531150818,0.35,0,0,761,FP32-token-IDs
RoBERTa,k6qzu7,262,173,782,Ġneeds,needs,False,brain dysfunction (forget),-0.0003277928899834458,0.0003277928899834458,0.19119325280189514,0.01402713730931282,0.35,0,0,761,FP32-token-IDs
RoBERTa,k6qzu7,262,173,782,Ġneeds,needs,False,emptiness,0.011095416130098913,0.011095416130098913,0.11213260889053345,0.19804799556732178,0.35,0,0,761,FP32-token-IDs
RoBERTa,k6qzu7,262,173,782,Ġneeds,needs,False,hopelessness,0.011808054219875344,0.011808054219875344,0.2967376708984375,0.14247719943523407,0.35,0,0,761,FP32-token-IDs
RoBERTa,k6qzu7,262,173,782,Ġneeds,needs,False,loneliness,0.003940111988301116,0.003940111988301116,0.27838459610939026,0.9108487963676453,0.35,1,1,761,FP32-token-IDs
RoBERTa,k6qzu7,262,173,782,Ġneeds,needs,False,sadness,-0.0010111623433159483,0.0010111623433159483,0.3116258382797241,0.8714736700057983,0.35,1,1,761,FP32-token-IDs
RoBERTa,k6qzu7,262,173,782,Ġneeds,needs,False,suicide intent,-0.0006561329826171343,0.0006561329826171343,0.08281110227108002,0.007860248908400536,0.35,0,0,761,FP32-token-IDs
RoBERTa,k6qzu7,262,173,782,Ġneeds,needs,False,worthlessness,0.011630067905880287,0.011630067905880287,0.23589852452278137,0.06992913782596588,0.35,0,0,761,FP32-token-IDs
RoBERTa,k6qzu7,262,174,7,Ġto,to,False,anger,-0.004576453521079209,0.004576453521079209,0.31067878007888794,0.07293948531150818,0.35,0,0,761,FP32-token-IDs
RoBERTa,k6qzu7,262,174,7,Ġto,to,False,brain dysfunction (forget),-0.0003277928899834458,0.0003277928899834458,0.19119325280189514,0.01402713730931282,0.35,0,0,761,FP32-token-IDs
RoBERTa,k6qzu7,262,174,7,Ġto,to,False,emptiness,0.011095416130098913,0.011095416130098913,0.11213260889053345,0.19804799556732178,0.35,0,0,761,FP32-token-IDs
RoBERTa,k6qzu7,262,174,7,Ġto,to,False,hopelessness,0.011808054219875344,0.011808054219875344,0.2967376708984375,0.14247719943523407,0.35,0,0,761,FP32-token-IDs
RoBERTa,k6qzu7,262,174,7,Ġto,to,False,loneliness,0.003940111988301116,0.003940111988301116,0.27838459610939026,0.9108487963676453,0.35,1,1,761,FP32-token-IDs
RoBERTa,k6qzu7,262,174,7,Ġto,to,False,sadness,-0.0010111623433159483,0.0010111623433159483,0.3116258382797241,0.8714736700057983,0.35,1,1,761,FP32-token-IDs
RoBERTa,k6qzu7,262,174,7,Ġto,to,False,suicide intent,-0.0006561329826171343,0.0006561329826171343,0.08281110227108002,0.007860248908400536,0.35,0,0,761,FP32-token-IDs
RoBERTa,k6qzu7,262,174,7,Ġto,to,False,worthlessness,0.011630067905880287,0.011630067905880287,0.23589852452278137,0.06992913782596588,0.35,0,0,761,FP32-token-IDs
RoBERTa,k6qzu7,262,175,28,Ġbe,be,False,anger,-0.0032107379317825157,0.0032107379317825157,0.31067878007888794,0.07293948531150818,0.35,0,0,761,FP32-token-IDs
RoBERTa,k6qzu7,262,175,28,Ġbe,be,False,brain dysfunction (forget),-0.00038290481768165686,0.00038290481768165686,0.19119325280189514,0.01402713730931282,0.35,0,0,761,FP32-token-IDs
RoBERTa,k6qzu7,262,175,28,Ġbe,be,False,emptiness,0.009925416961223595,0.009925416961223595,0.11213260889053345,0.19804799556732178,0.35,0,0,761,FP32-token-IDs
RoBERTa,k6qzu7,262,175,28,Ġbe,be,False,hopelessness,0.012539580705830068,0.012539580705830068,0.2967376708984375,0.14247719943523407,0.35,0,0,761,FP32-token-IDs
RoBERTa,k6qzu7,262,175,28,Ġbe,be,False,loneliness,0.0038740597973416623,0.0038740597973416623,0.27838459610939026,0.9108487963676453,0.35,1,1,761,FP32-token-IDs
RoBERTa,k6qzu7,262,175,28,Ġbe,be,False,sadness,0.0004787469448470382,0.0004787469448470382,0.3116258382797241,0.8714736700057983,0.35,1,1,761,FP32-token-IDs
RoBERTa,k6qzu7,262,175,28,Ġbe,be,False,suicide intent,-0.0006525509659285372,0.0006525509659285372,0.08281110227108002,0.007860248908400536,0.35,0,0,761,FP32-token-IDs
RoBERTa,k6qzu7,262,175,28,Ġbe,be,False,worthlessness,0.011842720359412107,0.011842720359412107,0.23589852452278137,0.06992913782596588,0.35,0,0,761,FP32-token-IDs
RoBERTa,k6qzu7,262,176,626,Ġdone,done,False,anger,-0.0032107379317825157,0.0032107379317825157,0.31067878007888794,0.07293948531150818,0.35,0,0,761,FP32-token-IDs
RoBERTa,k6qzu7,262,176,626,Ġdone,done,False,brain dysfunction (forget),-0.00038290481768165686,0.00038290481768165686,0.19119325280189514,0.01402713730931282,0.35,0,0,761,FP32-token-IDs
RoBERTa,k6qzu7,262,176,626,Ġdone,done,False,emptiness,0.009925416961223595,0.009925416961223595,0.11213260889053345,0.19804799556732178,0.35,0,0,761,FP32-token-IDs
RoBERTa,k6qzu7,262,176,626,Ġdone,done,False,hopelessness,0.012539580705830068,0.012539580705830068,0.2967376708984375,0.14247719943523407,0.35,0,0,761,FP32-token-IDs
RoBERTa,k6qzu7,262,176,626,Ġdone,done,False,loneliness,0.0038740597973416623,0.0038740597973416623,0.27838459610939026,0.9108487963676453,0.35,1,1,761,FP32-token-IDs
RoBERTa,k6qzu7,262,176,626,Ġdone,done,False,sadness,0.0004787469448470382,0.0004787469448470382,0.3116258382797241,0.8714736700057983,0.35,1,1,761,FP32-token-IDs
RoBERTa,k6qzu7,262,176,626,Ġdone,done,False,suicide intent,-0.0006525509659285372,0.0006525509659285372,0.08281110227108002,0.007860248908400536,0.35,0,0,761,FP32-token-IDs
RoBERTa,k6qzu7,262,176,626,Ġdone,done,False,worthlessness,0.011842720359412107,0.011842720359412107,0.23589852452278137,0.06992913782596588,0.35,0,0,761,FP32-token-IDs
RoBERTa,k6qzu7,262,177,6,",",",",False,anger,-0.0032107379317825157,0.0032107379317825157,0.31067878007888794,0.07293948531150818,0.35,0,0,761,FP32-token-IDs
RoBERTa,k6qzu7,262,177,6,",",",",False,brain dysfunction (forget),-0.00038290481768165686,0.00038290481768165686,0.19119325280189514,0.01402713730931282,0.35,0,0,761,FP32-token-IDs
RoBERTa,k6qzu7,262,177,6,",",",",False,emptiness,0.009925416961223595,0.009925416961223595,0.11213260889053345,0.19804799556732178,0.35,0,0,761,FP32-token-IDs
RoBERTa,k6qzu7,262,177,6,",",",",False,hopelessness,0.012539580705830068,0.012539580705830068,0.2967376708984375,0.14247719943523407,0.35,0,0,761,FP32-token-IDs
RoBERTa,k6qzu7,262,177,6,",",",",False,loneliness,0.0038740597973416623,0.0038740597973416623,0.27838459610939026,0.9108487963676453,0.35,1,1,761,FP32-token-IDs
RoBERTa,k6qzu7,262,177,6,",",",",False,sadness,0.0004787469448470382,0.0004787469448470382,0.3116258382797241,0.8714736700057983,0.35,1,1,761,FP32-token-IDs
RoBERTa,k6qzu7,262,177,6,",",",",False,suicide intent,-0.0006525509659285372,0.0006525509659285372,0.08281110227108002,0.007860248908400536,0.35,0,0,761,FP32-token-IDs
RoBERTa,k6qzu7,262,177,6,",",",",False,worthlessness,0.011842720359412107,0.011842720359412107,0.23589852452278137,0.06992913782596588,0.35,0,0,761,FP32-token-IDs
RoBERTa,k6qzu7,262,178,228,Ġper,per,False,anger,-0.0013892183825782124,0.0013892183825782124,0.31067878007888794,0.07293948531150818,0.35,0,0,761,FP32-token-IDs
RoBERTa,k6qzu7,262,178,228,Ġper,per,False,brain dysfunction (forget),0.0008842455330427343,0.0008842455330427343,0.19119325280189514,0.01402713730931282,0.35,0,0,761,FP32-token-IDs
RoBERTa,k6qzu7,262,178,228,Ġper,per,False,emptiness,0.012678642726192872,0.012678642726192872,0.11213260889053345,0.19804799556732178,0.35,0,0,761,FP32-token-IDs
RoBERTa,k6qzu7,262,178,228,Ġper,per,False,hopelessness,0.006488879519236977,0.006488879519236977,0.2967376708984375,0.14247719943523407,0.35,0,0,761,FP32-token-IDs
RoBERTa,k6qzu7,262,178,228,Ġper,per,False,loneliness,0.004574128656991218,0.004574128656991218,0.27838459610939026,0.9108487963676453,0.35,1,1,761,FP32-token-IDs
RoBERTa,k6qzu7,262,178,228,Ġper,per,False,sadness,-0.0038021910902962352,0.0038021910902962352,0.3116258382797241,0.8714736700057983,0.35,1,1,761,FP32-token-IDs
RoBERTa,k6qzu7,262,178,228,Ġper,per,False,suicide intent,-9.770394413831047e-05,9.770394413831047e-05,0.08281110227108002,0.007860248908400536,0.35,0,0,761,FP32-token-IDs
RoBERTa,k6qzu7,262,178,228,Ġper,per,False,worthlessness,0.01299415392874691,0.01299415392874691,0.23589852452278137,0.06992913782596588,0.35,0,0,761,FP32-token-IDs
RoBERTa,k6qzu7,262,179,842,Ġse,se,False,anger,-0.0013892183825782124,0.0013892183825782124,0.31067878007888794,0.07293948531150818,0.35,0,0,761,FP32-token-IDs
RoBERTa,k6qzu7,262,179,842,Ġse,se,False,brain dysfunction (forget),0.0008842455330427343,0.0008842455330427343,0.19119325280189514,0.01402713730931282,0.35,0,0,761,FP32-token-IDs
RoBERTa,k6qzu7,262,179,842,Ġse,se,False,emptiness,0.012678642726192872,0.012678642726192872,0.11213260889053345,0.19804799556732178,0.35,0,0,761,FP32-token-IDs
RoBERTa,k6qzu7,262,179,842,Ġse,se,False,hopelessness,0.006488879519236977,0.006488879519236977,0.2967376708984375,0.14247719943523407,0.35,0,0,761,FP32-token-IDs
RoBERTa,k6qzu7,262,179,842,Ġse,se,False,loneliness,0.004574128656991218,0.004574128656991218,0.27838459610939026,0.9108487963676453,0.35,1,1,761,FP32-token-IDs
RoBERTa,k6qzu7,262,179,842,Ġse,se,False,sadness,-0.0038021910902962352,0.0038021910902962352,0.3116258382797241,0.8714736700057983,0.35,1,1,761,FP32-token-IDs
RoBERTa,k6qzu7,262,179,842,Ġse,se,False,suicide intent,-9.770394413831047e-05,9.770394413831047e-05,0.08281110227108002,0.007860248908400536,0.35,0,0,761,FP32-token-IDs
RoBERTa,k6qzu7,262,179,842,Ġse,se,False,worthlessness,0.01299415392874691,0.01299415392874691,0.23589852452278137,0.06992913782596588,0.35,0,0,761,FP32-token-IDs
RoBERTa,k6qzu7,262,180,4,.,.,False,anger,-0.0007087649475260261,0.0007087649475260261,0.31067878007888794,0.07293948531150818,0.35,0,0,761,FP32-token-IDs
RoBERTa,k6qzu7,262,180,4,.,.,False,brain dysfunction (forget),0.0008802702990483099,0.0008802702990483099,0.19119325280189514,0.01402713730931282,0.35,0,0,761,FP32-token-IDs
RoBERTa,k6qzu7,262,180,4,.,.,False,emptiness,0.012427341860408584,0.012427341860408584,0.11213260889053345,0.19804799556732178,0.35,0,0,761,FP32-token-IDs
RoBERTa,k6qzu7,262,180,4,.,.,False,hopelessness,0.0066573539103397675,0.0066573539103397675,0.2967376708984375,0.14247719943523407,0.35,0,0,761,FP32-token-IDs
RoBERTa,k6qzu7,262,180,4,.,.,False,loneliness,0.004577747310854886,0.004577747310854886,0.27838459610939026,0.9108487963676453,0.35,1,1,761,FP32-token-IDs
RoBERTa,k6qzu7,262,180,4,.,.,False,sadness,-0.003173615873317447,0.003173615873317447,0.3116258382797241,0.8714736700057983,0.35,1,1,761,FP32-token-IDs
RoBERTa,k6qzu7,262,180,4,.,.,False,suicide intent,-9.570286843850146e-05,9.570286843850146e-05,0.08281110227108002,0.007860248908400536,0.35,0,0,761,FP32-token-IDs
RoBERTa,k6qzu7,262,180,4,.,.,False,worthlessness,0.013280608729263278,0.013280608729263278,0.23589852452278137,0.06992913782596588,0.35,0,0,761,FP32-token-IDs
RoBERTa,k6qzu7,262,181,1801,ĠJust,just,False,anger,-0.008223877311207637,0.008223877311207637,0.31067878007888794,0.07293948531150818,0.35,0,0,761,FP32-token-IDs
RoBERTa,k6qzu7,262,181,1801,ĠJust,just,False,brain dysfunction (forget),-0.0017129686770501835,0.0017129686770501835,0.19119325280189514,0.01402713730931282,0.35,0,0,761,FP32-token-IDs
RoBERTa,k6qzu7,262,181,1801,ĠJust,just,False,emptiness,-0.01546938152750954,0.01546938152750954,0.11213260889053345,0.19804799556732178,0.35,0,0,761,FP32-token-IDs
RoBERTa,k6qzu7,262,181,1801,ĠJust,just,False,hopelessness,-0.02257586757302535,0.02257586757302535,0.2967376708984375,0.14247719943523407,0.35,0,0,761,FP32-token-IDs
RoBERTa,k6qzu7,262,181,1801,ĠJust,just,False,loneliness,0.001402655955436721,0.001402655955436721,0.27838459610939026,0.9108487963676453,0.35,1,1,761,FP32-token-IDs
RoBERTa,k6qzu7,262,181,1801,ĠJust,just,False,sadness,-0.0013188863709590762,0.0013188863709590762,0.3116258382797241,0.8714736700057983,0.35,1,1,761,FP32-token-IDs
RoBERTa,k6qzu7,262,181,1801,ĠJust,just,False,suicide intent,-0.0006843255211037348,0.0006843255211037348,0.08281110227108002,0.007860248908400536,0.35,0,0,761,FP32-token-IDs
RoBERTa,k6qzu7,262,181,1801,ĠJust,just,False,worthlessness,-0.030643068684254125,0.030643068684254125,0.23589852452278137,0.06992913782596588,0.35,0,0,761,FP32-token-IDs
RoBERTa,k6qzu7,262,182,10,Ġa,a,False,anger,-0.008223877311207637,0.008223877311207637,0.31067878007888794,0.07293948531150818,0.35,0,0,761,FP32-token-IDs
RoBERTa,k6qzu7,262,182,10,Ġa,a,False,brain dysfunction (forget),-0.0017129686770501835,0.0017129686770501835,0.19119325280189514,0.01402713730931282,0.35,0,0,761,FP32-token-IDs
RoBERTa,k6qzu7,262,182,10,Ġa,a,False,emptiness,-0.01546938152750954,0.01546938152750954,0.11213260889053345,0.19804799556732178,0.35,0,0,761,FP32-token-IDs
RoBERTa,k6qzu7,262,182,10,Ġa,a,False,hopelessness,-0.02257586757302535,0.02257586757302535,0.2967376708984375,0.14247719943523407,0.35,0,0,761,FP32-token-IDs
RoBERTa,k6qzu7,262,182,10,Ġa,a,False,loneliness,0.001402655955436721,0.001402655955436721,0.27838459610939026,0.9108487963676453,0.35,1,1,761,FP32-token-IDs
RoBERTa,k6qzu7,262,182,10,Ġa,a,False,sadness,-0.0013188863709590762,0.0013188863709590762,0.3116258382797241,0.8714736700057983,0.35,1,1,761,FP32-token-IDs
RoBERTa,k6qzu7,262,182,10,Ġa,a,False,suicide intent,-0.0006843255211037348,0.0006843255211037348,0.08281110227108002,0.007860248908400536,0.35,0,0,761,FP32-token-IDs
RoBERTa,k6qzu7,262,182,10,Ġa,a,False,worthlessness,-0.030643068684254125,0.030643068684254125,0.23589852452278137,0.06992913782596588,0.35,0,0,761,FP32-token-IDs
RoBERTa,k6qzu7,262,183,410,Ġlittle,little,False,anger,0.0024302903101888445,0.0024302903101888445,0.31067878007888794,0.07293948531150818,0.35,0,0,761,FP32-token-IDs
RoBERTa,k6qzu7,262,183,410,Ġlittle,little,False,brain dysfunction (forget),-0.001121978263138543,0.001121978263138543,0.19119325280189514,0.01402713730931282,0.35,0,0,761,FP32-token-IDs
RoBERTa,k6qzu7,262,183,410,Ġlittle,little,False,emptiness,-0.008573408180382103,0.008573408180382103,0.11213260889053345,0.19804799556732178,0.35,0,0,761,FP32-token-IDs
RoBERTa,k6qzu7,262,183,410,Ġlittle,little,False,hopelessness,-0.015761259222629193,0.015761259222629193,0.2967376708984375,0.14247719943523407,0.35,0,0,761,FP32-token-IDs
RoBERTa,k6qzu7,262,183,410,Ġlittle,little,False,loneliness,-0.0018299647010536048,0.0018299647010536048,0.27838459610939026,0.9108487963676453,0.35,1,1,761,FP32-token-IDs
RoBERTa,k6qzu7,262,183,410,Ġlittle,little,False,sadness,0.002189138478038517,0.002189138478038517,0.3116258382797241,0.8714736700057983,0.35,1,1,761,FP32-token-IDs
RoBERTa,k6qzu7,262,183,410,Ġlittle,little,False,suicide intent,-0.0007359455081654477,0.0007359455081654477,0.08281110227108002,0.007860248908400536,0.35,0,0,761,FP32-token-IDs
RoBERTa,k6qzu7,262,183,410,Ġlittle,little,False,worthlessness,-0.012038419453416303,0.012038419453416303,0.23589852452278137,0.06992913782596588,0.35,0,0,761,FP32-token-IDs
RoBERTa,k6qzu7,262,184,32068,Ġacknowledgement,acknowledgement,False,anger,0.0024302903101888445,0.0024302903101888445,0.31067878007888794,0.07293948531150818,0.35,0,0,761,FP32-token-IDs
RoBERTa,k6qzu7,262,184,32068,Ġacknowledgement,acknowledgement,False,brain dysfunction (forget),-0.001121978263138543,0.001121978263138543,0.19119325280189514,0.01402713730931282,0.35,0,0,761,FP32-token-IDs
RoBERTa,k6qzu7,262,184,32068,Ġacknowledgement,acknowledgement,False,emptiness,-0.008573408180382103,0.008573408180382103,0.11213260889053345,0.19804799556732178,0.35,0,0,761,FP32-token-IDs
RoBERTa,k6qzu7,262,184,32068,Ġacknowledgement,acknowledgement,False,hopelessness,-0.015761259222629193,0.015761259222629193,0.2967376708984375,0.14247719943523407,0.35,0,0,761,FP32-token-IDs
RoBERTa,k6qzu7,262,184,32068,Ġacknowledgement,acknowledgement,False,loneliness,-0.0018299647010536048,0.0018299647010536048,0.27838459610939026,0.9108487963676453,0.35,1,1,761,FP32-token-IDs
RoBERTa,k6qzu7,262,184,32068,Ġacknowledgement,acknowledgement,False,sadness,0.002189138478038517,0.002189138478038517,0.3116258382797241,0.8714736700057983,0.35,1,1,761,FP32-token-IDs
RoBERTa,k6qzu7,262,184,32068,Ġacknowledgement,acknowledgement,False,suicide intent,-0.0007359455081654477,0.0007359455081654477,0.08281110227108002,0.007860248908400536,0.35,0,0,761,FP32-token-IDs
RoBERTa,k6qzu7,262,184,32068,Ġacknowledgement,acknowledgement,False,worthlessness,-0.012038419453416303,0.012038419453416303,0.23589852452278137,0.06992913782596588,0.35,0,0,761,FP32-token-IDs
RoBERTa,k6qzu7,262,185,74,Ġwould,would,False,anger,-0.0043705882441609206,0.0043705882441609206,0.31067878007888794,0.07293948531150818,0.35,0,0,761,FP32-token-IDs
RoBERTa,k6qzu7,262,185,74,Ġwould,would,False,brain dysfunction (forget),-0.0017795563435654444,0.0017795563435654444,0.19119325280189514,0.01402713730931282,0.35,0,0,761,FP32-token-IDs
RoBERTa,k6qzu7,262,185,74,Ġwould,would,False,emptiness,-0.0023455258924514055,0.0023455258924514055,0.11213260889053345,0.19804799556732178,0.35,0,0,761,FP32-token-IDs
RoBERTa,k6qzu7,262,185,74,Ġwould,would,False,hopelessness,-0.003788892262375625,0.003788892262375625,0.2967376708984375,0.14247719943523407,0.35,0,0,761,FP32-token-IDs
RoBERTa,k6qzu7,262,185,74,Ġwould,would,False,loneliness,-0.0009339052121759507,0.0009339052121759507,0.27838459610939026,0.9108487963676453,0.35,1,1,761,FP32-token-IDs
RoBERTa,k6qzu7,262,185,74,Ġwould,would,False,sadness,0.002505703263355103,0.002505703263355103,0.3116258382797241,0.8714736700057983,0.35,1,1,761,FP32-token-IDs
RoBERTa,k6qzu7,262,185,74,Ġwould,would,False,suicide intent,-0.00035331906404956225,0.00035331906404956225,0.08281110227108002,0.007860248908400536,0.35,0,0,761,FP32-token-IDs
RoBERTa,k6qzu7,262,185,74,Ġwould,would,False,worthlessness,-0.00977515253423555,0.00977515253423555,0.23589852452278137,0.06992913782596588,0.35,0,0,761,FP32-token-IDs
RoBERTa,k6qzu7,262,186,28,Ġbe,be,False,anger,-0.0043705882441609206,0.0043705882441609206,0.31067878007888794,0.07293948531150818,0.35,0,0,761,FP32-token-IDs
RoBERTa,k6qzu7,262,186,28,Ġbe,be,False,brain dysfunction (forget),-0.0017795563435654444,0.0017795563435654444,0.19119325280189514,0.01402713730931282,0.35,0,0,761,FP32-token-IDs
RoBERTa,k6qzu7,262,186,28,Ġbe,be,False,emptiness,-0.0023455258924514055,0.0023455258924514055,0.11213260889053345,0.19804799556732178,0.35,0,0,761,FP32-token-IDs
RoBERTa,k6qzu7,262,186,28,Ġbe,be,False,hopelessness,-0.003788892262375625,0.003788892262375625,0.2967376708984375,0.14247719943523407,0.35,0,0,761,FP32-token-IDs
RoBERTa,k6qzu7,262,186,28,Ġbe,be,False,loneliness,-0.0009339052121759507,0.0009339052121759507,0.27838459610939026,0.9108487963676453,0.35,1,1,761,FP32-token-IDs
RoBERTa,k6qzu7,262,186,28,Ġbe,be,False,sadness,0.002505703263355103,0.002505703263355103,0.3116258382797241,0.8714736700057983,0.35,1,1,761,FP32-token-IDs
RoBERTa,k6qzu7,262,186,28,Ġbe,be,False,suicide intent,-0.00035331906404956225,0.00035331906404956225,0.08281110227108002,0.007860248908400536,0.35,0,0,761,FP32-token-IDs
RoBERTa,k6qzu7,262,186,28,Ġbe,be,False,worthlessness,-0.00977515253423555,0.00977515253423555,0.23589852452278137,0.06992913782596588,0.35,0,0,761,FP32-token-IDs
RoBERTa,k6qzu7,262,187,29090,Ġcomforting,comforting,False,anger,-0.007807627502197062,0.007807627502197062,0.31067878007888794,0.07293948531150818,0.35,0,0,761,FP32-token-IDs
RoBERTa,k6qzu7,262,187,29090,Ġcomforting,comforting,False,brain dysfunction (forget),-0.0023249917612999968,0.0023249917612999968,0.19119325280189514,0.01402713730931282,0.35,0,0,761,FP32-token-IDs
RoBERTa,k6qzu7,262,187,29090,Ġcomforting,comforting,False,emptiness,-0.00864879022507618,0.00864879022507618,0.11213260889053345,0.19804799556732178,0.35,0,0,761,FP32-token-IDs
RoBERTa,k6qzu7,262,187,29090,Ġcomforting,comforting,False,hopelessness,-0.016709724252183013,0.016709724252183013,0.2967376708984375,0.14247719943523407,0.35,0,0,761,FP32-token-IDs
RoBERTa,k6qzu7,262,187,29090,Ġcomforting,comforting,False,loneliness,-0.00040418794623723155,0.00040418794623723155,0.27838459610939026,0.9108487963676453,0.35,1,1,761,FP32-token-IDs
RoBERTa,k6qzu7,262,187,29090,Ġcomforting,comforting,False,sadness,-0.002280731630451672,0.002280731630451672,0.3116258382797241,0.8714736700057983,0.35,1,1,761,FP32-token-IDs
RoBERTa,k6qzu7,262,187,29090,Ġcomforting,comforting,False,suicide intent,-0.0007097423457745151,0.0007097423457745151,0.08281110227108002,0.007860248908400536,0.35,0,0,761,FP32-token-IDs
RoBERTa,k6qzu7,262,187,29090,Ġcomforting,comforting,False,worthlessness,-0.018284367074868614,0.018284367074868614,0.23589852452278137,0.06992913782596588,0.35,0,0,761,FP32-token-IDs
RoBERTa,k6qzu7,262,188,734,...,...,False,anger,-0.007807627502197062,0.007807627502197062,0.31067878007888794,0.07293948531150818,0.35,0,0,761,FP32-token-IDs
RoBERTa,k6qzu7,262,188,734,...,...,False,brain dysfunction (forget),-0.0023249917612999968,0.0023249917612999968,0.19119325280189514,0.01402713730931282,0.35,0,0,761,FP32-token-IDs
RoBERTa,k6qzu7,262,188,734,...,...,False,emptiness,-0.00864879022507618,0.00864879022507618,0.11213260889053345,0.19804799556732178,0.35,0,0,761,FP32-token-IDs
RoBERTa,k6qzu7,262,188,734,...,...,False,hopelessness,-0.016709724252183013,0.016709724252183013,0.2967376708984375,0.14247719943523407,0.35,0,0,761,FP32-token-IDs
RoBERTa,k6qzu7,262,188,734,...,...,False,loneliness,-0.00040418794623723155,0.00040418794623723155,0.27838459610939026,0.9108487963676453,0.35,1,1,761,FP32-token-IDs
RoBERTa,k6qzu7,262,188,734,...,...,False,sadness,-0.002280731630451672,0.002280731630451672,0.3116258382797241,0.8714736700057983,0.35,1,1,761,FP32-token-IDs
RoBERTa,k6qzu7,262,188,734,...,...,False,suicide intent,-0.0007097423457745151,0.0007097423457745151,0.08281110227108002,0.007860248908400536,0.35,0,0,761,FP32-token-IDs
RoBERTa,k6qzu7,262,188,734,...,...,False,worthlessness,-0.018284367074868614,0.018284367074868614,0.23589852452278137,0.06992913782596588,0.35,0,0,761,FP32-token-IDs
RoBERTa,k6qzu7,262,189,2,</s>,,True,anger,-0.006901452907194977,0.006901452907194977,0.31067878007888794,0.07293948531150818,0.35,0,0,761,FP32-token-IDs
RoBERTa,k6qzu7,262,189,2,</s>,,True,brain dysfunction (forget),-0.0023043127548887684,0.0023043127548887684,0.19119325280189514,0.01402713730931282,0.35,0,0,761,FP32-token-IDs
RoBERTa,k6qzu7,262,189,2,</s>,,True,emptiness,-0.006755496530483167,0.006755496530483167,0.11213260889053345,0.19804799556732178,0.35,0,0,761,FP32-token-IDs
RoBERTa,k6qzu7,262,189,2,</s>,,True,hopelessness,-0.012332753089327386,0.012332753089327386,0.2967376708984375,0.14247719943523407,0.35,0,0,761,FP32-token-IDs
RoBERTa,k6qzu7,262,189,2,</s>,,True,loneliness,-0.0002785136482041133,0.0002785136482041133,0.27838459610939026,0.9108487963676453,0.35,1,1,761,FP32-token-IDs
RoBERTa,k6qzu7,262,189,2,</s>,,True,sadness,-0.0017846100413572716,0.0017846100413572716,0.3116258382797241,0.8714736700057983,0.35,1,1,761,FP32-token-IDs
RoBERTa,k6qzu7,262,189,2,</s>,,True,suicide intent,-0.0007168730934646135,0.0007168730934646135,0.08281110227108002,0.007860248908400536,0.35,0,0,761,FP32-token-IDs
RoBERTa,k6qzu7,262,189,2,</s>,,True,worthlessness,-0.015145370763405197,0.015145370763405197,0.23589852452278137,0.06992913782596588,0.35,0,0,761,FP32-token-IDs
