Model,Sample_ID,Test_Index,Token_Index,Token_ID,Raw_Token,Token,Is_Special_Token,Emotion,SHAP_Value,Abs_SHAP,Base_Value,Model_Probability,Threshold,True_Label,Predicted_Label,SHAP_Max_Evals,XAI_Inference
BERT,d0judl,497,0,101,[CLS],,True,anger,-0.0004469550622161478,0.0004469550622161478,0.3122239112854004,0.10306249558925629,0.38,1,0,600,FP32-token-IDs
BERT,d0judl,497,0,101,[CLS],,True,brain dysfunction (forget),0.0009323656850028783,0.0009323656850028783,0.17126025259494781,0.059462424367666245,0.38,0,0,600,FP32-token-IDs
BERT,d0judl,497,0,101,[CLS],,True,emptiness,0.0026651693042367697,0.0026651693042367697,0.12615719437599182,0.3290400803089142,0.38,1,0,600,FP32-token-IDs
BERT,d0judl,497,0,101,[CLS],,True,hopelessness,-0.003435628896113485,0.003435628896113485,0.4969296157360077,0.9616032838821411,0.38,1,1,600,FP32-token-IDs
BERT,d0judl,497,0,101,[CLS],,True,loneliness,0.002437193412333727,0.002437193412333727,0.3459778428077698,0.7689128518104553,0.38,1,1,600,FP32-token-IDs
BERT,d0judl,497,0,101,[CLS],,True,sadness,-0.003918240894563496,0.003918240894563496,0.5557037591934204,0.9851028919219971,0.38,1,1,600,FP32-token-IDs
BERT,d0judl,497,0,101,[CLS],,True,suicide intent,6.7291330196894705e-06,6.7291330196894705e-06,0.11289169639348984,0.03346466273069382,0.38,0,0,600,FP32-token-IDs
BERT,d0judl,497,0,101,[CLS],,True,worthlessness,-0.0027329816948622465,0.0027329816948622465,0.30056339502334595,0.5597262382507324,0.38,1,1,600,FP32-token-IDs
BERT,d0judl,497,1,2515,does,does,False,anger,-0.0004469550622161478,0.0004469550622161478,0.3122239112854004,0.10306249558925629,0.38,1,0,600,FP32-token-IDs
BERT,d0judl,497,1,2515,does,does,False,brain dysfunction (forget),0.0009323656850028783,0.0009323656850028783,0.17126025259494781,0.059462424367666245,0.38,0,0,600,FP32-token-IDs
BERT,d0judl,497,1,2515,does,does,False,emptiness,0.0026651693042367697,0.0026651693042367697,0.12615719437599182,0.3290400803089142,0.38,1,0,600,FP32-token-IDs
BERT,d0judl,497,1,2515,does,does,False,hopelessness,-0.003435628896113485,0.003435628896113485,0.4969296157360077,0.9616032838821411,0.38,1,1,600,FP32-token-IDs
BERT,d0judl,497,1,2515,does,does,False,loneliness,0.002437193412333727,0.002437193412333727,0.3459778428077698,0.7689128518104553,0.38,1,1,600,FP32-token-IDs
BERT,d0judl,497,1,2515,does,does,False,sadness,-0.003918240894563496,0.003918240894563496,0.5557037591934204,0.9851028919219971,0.38,1,1,600,FP32-token-IDs
BERT,d0judl,497,1,2515,does,does,False,suicide intent,6.7291330196894705e-06,6.7291330196894705e-06,0.11289169639348984,0.03346466273069382,0.38,0,0,600,FP32-token-IDs
BERT,d0judl,497,1,2515,does,does,False,worthlessness,-0.0027329816948622465,0.0027329816948622465,0.30056339502334595,0.5597262382507324,0.38,1,1,600,FP32-token-IDs
BERT,d0judl,497,2,3087,anyone,anyone,False,anger,-0.001751964766299352,0.001751964766299352,0.3122239112854004,0.10306249558925629,0.38,1,0,600,FP32-token-IDs
BERT,d0judl,497,2,3087,anyone,anyone,False,brain dysfunction (forget),0.000865460402565077,0.000865460402565077,0.17126025259494781,0.059462424367666245,0.38,0,0,600,FP32-token-IDs
BERT,d0judl,497,2,3087,anyone,anyone,False,emptiness,0.0026107528246939182,0.0026107528246939182,0.12615719437599182,0.3290400803089142,0.38,1,0,600,FP32-token-IDs
BERT,d0judl,497,2,3087,anyone,anyone,False,hopelessness,-0.004860444867517799,0.004860444867517799,0.4969296157360077,0.9616032838821411,0.38,1,1,600,FP32-token-IDs
BERT,d0judl,497,2,3087,anyone,anyone,False,loneliness,0.0032056192867457867,0.0032056192867457867,0.3459778428077698,0.7689128518104553,0.38,1,1,600,FP32-token-IDs
BERT,d0judl,497,2,3087,anyone,anyone,False,sadness,-0.005479344283230603,0.005479344283230603,0.5557037591934204,0.9851028919219971,0.38,1,1,600,FP32-token-IDs
BERT,d0judl,497,2,3087,anyone,anyone,False,suicide intent,-0.0001996512510231696,0.0001996512510231696,0.11289169639348984,0.03346466273069382,0.38,0,0,600,FP32-token-IDs
BERT,d0judl,497,2,3087,anyone,anyone,False,worthlessness,-0.0036053969524800777,0.0036053969524800777,0.30056339502334595,0.5597262382507324,0.38,1,1,600,FP32-token-IDs
BERT,d0judl,497,3,2842,else,else,False,anger,-0.001751964766299352,0.001751964766299352,0.3122239112854004,0.10306249558925629,0.38,1,0,600,FP32-token-IDs
BERT,d0judl,497,3,2842,else,else,False,brain dysfunction (forget),0.000865460402565077,0.000865460402565077,0.17126025259494781,0.059462424367666245,0.38,0,0,600,FP32-token-IDs
BERT,d0judl,497,3,2842,else,else,False,emptiness,0.0026107528246939182,0.0026107528246939182,0.12615719437599182,0.3290400803089142,0.38,1,0,600,FP32-token-IDs
BERT,d0judl,497,3,2842,else,else,False,hopelessness,-0.004860444867517799,0.004860444867517799,0.4969296157360077,0.9616032838821411,0.38,1,1,600,FP32-token-IDs
BERT,d0judl,497,3,2842,else,else,False,loneliness,0.0032056192867457867,0.0032056192867457867,0.3459778428077698,0.7689128518104553,0.38,1,1,600,FP32-token-IDs
BERT,d0judl,497,3,2842,else,else,False,sadness,-0.005479344283230603,0.005479344283230603,0.5557037591934204,0.9851028919219971,0.38,1,1,600,FP32-token-IDs
BERT,d0judl,497,3,2842,else,else,False,suicide intent,-0.0001996512510231696,0.0001996512510231696,0.11289169639348984,0.03346466273069382,0.38,0,0,600,FP32-token-IDs
BERT,d0judl,497,3,2842,else,else,False,worthlessness,-0.0036053969524800777,0.0036053969524800777,0.30056339502334595,0.5597262382507324,0.38,1,1,600,FP32-token-IDs
BERT,d0judl,497,4,2131,get,get,False,anger,-0.002920244907727465,0.002920244907727465,0.3122239112854004,0.10306249558925629,0.38,1,0,600,FP32-token-IDs
BERT,d0judl,497,4,2131,get,get,False,brain dysfunction (forget),0.00118019207729958,0.00118019207729958,0.17126025259494781,0.059462424367666245,0.38,0,0,600,FP32-token-IDs
BERT,d0judl,497,4,2131,get,get,False,emptiness,0.0014345862437039614,0.0014345862437039614,0.12615719437599182,0.3290400803089142,0.38,1,0,600,FP32-token-IDs
BERT,d0judl,497,4,2131,get,get,False,hopelessness,-0.00902565143769607,0.00902565143769607,0.4969296157360077,0.9616032838821411,0.38,1,1,600,FP32-token-IDs
BERT,d0judl,497,4,2131,get,get,False,loneliness,0.004581597167998552,0.004581597167998552,0.3459778428077698,0.7689128518104553,0.38,1,1,600,FP32-token-IDs
BERT,d0judl,497,4,2131,get,get,False,sadness,-0.007216333062388003,0.007216333062388003,0.5557037591934204,0.9851028919219971,0.38,1,1,600,FP32-token-IDs
BERT,d0judl,497,4,2131,get,get,False,suicide intent,-0.00027075298567069694,0.00027075298567069694,0.11289169639348984,0.03346466273069382,0.38,0,0,600,FP32-token-IDs
BERT,d0judl,497,4,2131,get,get,False,worthlessness,-0.005287196661811322,0.005287196661811322,0.30056339502334595,0.5597262382507324,0.38,1,1,600,FP32-token-IDs
BERT,d0judl,497,5,8796,uncomfortable,uncomfortable,False,anger,-0.002920244907727465,0.002920244907727465,0.3122239112854004,0.10306249558925629,0.38,1,0,600,FP32-token-IDs
BERT,d0judl,497,5,8796,uncomfortable,uncomfortable,False,brain dysfunction (forget),0.00118019207729958,0.00118019207729958,0.17126025259494781,0.059462424367666245,0.38,0,0,600,FP32-token-IDs
BERT,d0judl,497,5,8796,uncomfortable,uncomfortable,False,emptiness,0.0014345862437039614,0.0014345862437039614,0.12615719437599182,0.3290400803089142,0.38,1,0,600,FP32-token-IDs
BERT,d0judl,497,5,8796,uncomfortable,uncomfortable,False,hopelessness,-0.00902565143769607,0.00902565143769607,0.4969296157360077,0.9616032838821411,0.38,1,1,600,FP32-token-IDs
BERT,d0judl,497,5,8796,uncomfortable,uncomfortable,False,loneliness,0.004581597167998552,0.004581597167998552,0.3459778428077698,0.7689128518104553,0.38,1,1,600,FP32-token-IDs
BERT,d0judl,497,5,8796,uncomfortable,uncomfortable,False,sadness,-0.007216333062388003,0.007216333062388003,0.5557037591934204,0.9851028919219971,0.38,1,1,600,FP32-token-IDs
BERT,d0judl,497,5,8796,uncomfortable,uncomfortable,False,suicide intent,-0.00027075298567069694,0.00027075298567069694,0.11289169639348984,0.03346466273069382,0.38,0,0,600,FP32-token-IDs
BERT,d0judl,497,5,8796,uncomfortable,uncomfortable,False,worthlessness,-0.005287196661811322,0.005287196661811322,0.30056339502334595,0.5597262382507324,0.38,1,1,600,FP32-token-IDs
BERT,d0judl,497,6,2043,when,when,False,anger,-0.003313895867904648,0.003313895867904648,0.3122239112854004,0.10306249558925629,0.38,1,0,600,FP32-token-IDs
BERT,d0judl,497,6,2043,when,when,False,brain dysfunction (forget),0.0006724626000504941,0.0006724626000504941,0.17126025259494781,0.059462424367666245,0.38,0,0,600,FP32-token-IDs
BERT,d0judl,497,6,2043,when,when,False,emptiness,0.000756584107875824,0.000756584107875824,0.12615719437599182,0.3290400803089142,0.38,1,0,600,FP32-token-IDs
BERT,d0judl,497,6,2043,when,when,False,hopelessness,-0.007082344440277666,0.007082344440277666,0.4969296157360077,0.9616032838821411,0.38,1,1,600,FP32-token-IDs
BERT,d0judl,497,6,2043,when,when,False,loneliness,0.0013256645761430264,0.0013256645761430264,0.3459778428077698,0.7689128518104553,0.38,1,1,600,FP32-token-IDs
BERT,d0judl,497,6,2043,when,when,False,sadness,-0.002172009670175612,0.002172009670175612,0.5557037591934204,0.9851028919219971,0.38,1,1,600,FP32-token-IDs
BERT,d0judl,497,6,2043,when,when,False,suicide intent,-0.0005356038382160477,0.0005356038382160477,0.11289169639348984,0.03346466273069382,0.38,0,0,600,FP32-token-IDs
BERT,d0judl,497,6,2043,when,when,False,worthlessness,-0.004753142304252833,0.004753142304252833,0.30056339502334595,0.5597262382507324,0.38,1,1,600,FP32-token-IDs
BERT,d0judl,497,7,2111,people,people,False,anger,-0.003313895867904648,0.003313895867904648,0.3122239112854004,0.10306249558925629,0.38,1,0,600,FP32-token-IDs
BERT,d0judl,497,7,2111,people,people,False,brain dysfunction (forget),0.0006724626000504941,0.0006724626000504941,0.17126025259494781,0.059462424367666245,0.38,0,0,600,FP32-token-IDs
BERT,d0judl,497,7,2111,people,people,False,emptiness,0.000756584107875824,0.000756584107875824,0.12615719437599182,0.3290400803089142,0.38,1,0,600,FP32-token-IDs
BERT,d0judl,497,7,2111,people,people,False,hopelessness,-0.007082344440277666,0.007082344440277666,0.4969296157360077,0.9616032838821411,0.38,1,1,600,FP32-token-IDs
BERT,d0judl,497,7,2111,people,people,False,loneliness,0.0013256645761430264,0.0013256645761430264,0.3459778428077698,0.7689128518104553,0.38,1,1,600,FP32-token-IDs
BERT,d0judl,497,7,2111,people,people,False,sadness,-0.002172009670175612,0.002172009670175612,0.5557037591934204,0.9851028919219971,0.38,1,1,600,FP32-token-IDs
BERT,d0judl,497,7,2111,people,people,False,suicide intent,-0.0005356038382160477,0.0005356038382160477,0.11289169639348984,0.03346466273069382,0.38,0,0,600,FP32-token-IDs
BERT,d0judl,497,7,2111,people,people,False,worthlessness,-0.004753142304252833,0.004753142304252833,0.30056339502334595,0.5597262382507324,0.38,1,1,600,FP32-token-IDs
BERT,d0judl,497,8,2079,do,do,False,anger,0.0006851141923107206,0.0006851141923107206,0.3122239112854004,0.10306249558925629,0.38,1,0,600,FP32-token-IDs
BERT,d0judl,497,8,2079,do,do,False,brain dysfunction (forget),-0.0016304798366036267,0.0016304798366036267,0.17126025259494781,0.059462424367666245,0.38,0,0,600,FP32-token-IDs
BERT,d0judl,497,8,2079,do,do,False,emptiness,-0.0026904303464107215,0.0026904303464107215,0.12615719437599182,0.3290400803089142,0.38,1,0,600,FP32-token-IDs
BERT,d0judl,497,8,2079,do,do,False,hopelessness,-0.00844749652314931,0.00844749652314931,0.4969296157360077,0.9616032838821411,0.38,1,1,600,FP32-token-IDs
BERT,d0judl,497,8,2079,do,do,False,loneliness,0.00036904183216392996,0.00036904183216392996,0.3459778428077698,0.7689128518104553,0.38,1,1,600,FP32-token-IDs
BERT,d0judl,497,8,2079,do,do,False,sadness,-0.002738006482832134,0.002738006482832134,0.5557037591934204,0.9851028919219971,0.38,1,1,600,FP32-token-IDs
BERT,d0judl,497,8,2079,do,do,False,suicide intent,0.0004178403498372063,0.0004178403498372063,0.11289169639348984,0.03346466273069382,0.38,0,0,600,FP32-token-IDs
BERT,d0judl,497,8,2079,do,do,False,worthlessness,-0.0005881770455744117,0.0005881770455744117,0.30056339502334595,0.5597262382507324,0.38,1,1,600,FP32-token-IDs
BERT,d0judl,497,9,3835,nice,nice,False,anger,0.0006851141923107206,0.0006851141923107206,0.3122239112854004,0.10306249558925629,0.38,1,0,600,FP32-token-IDs
BERT,d0judl,497,9,3835,nice,nice,False,brain dysfunction (forget),-0.0016304798366036267,0.0016304798366036267,0.17126025259494781,0.059462424367666245,0.38,0,0,600,FP32-token-IDs
BERT,d0judl,497,9,3835,nice,nice,False,emptiness,-0.0026904303464107215,0.0026904303464107215,0.12615719437599182,0.3290400803089142,0.38,1,0,600,FP32-token-IDs
BERT,d0judl,497,9,3835,nice,nice,False,hopelessness,-0.00844749652314931,0.00844749652314931,0.4969296157360077,0.9616032838821411,0.38,1,1,600,FP32-token-IDs
BERT,d0judl,497,9,3835,nice,nice,False,loneliness,0.00036904183216392996,0.00036904183216392996,0.3459778428077698,0.7689128518104553,0.38,1,1,600,FP32-token-IDs
BERT,d0judl,497,9,3835,nice,nice,False,sadness,-0.002738006482832134,0.002738006482832134,0.5557037591934204,0.9851028919219971,0.38,1,1,600,FP32-token-IDs
BERT,d0judl,497,9,3835,nice,nice,False,suicide intent,0.0004178403498372063,0.0004178403498372063,0.11289169639348984,0.03346466273069382,0.38,0,0,600,FP32-token-IDs
BERT,d0judl,497,9,3835,nice,nice,False,worthlessness,-0.0005881770455744117,0.0005881770455744117,0.30056339502334595,0.5597262382507324,0.38,1,1,600,FP32-token-IDs
BERT,d0judl,497,10,2477,things,things,False,anger,0.0006851141923107206,0.0006851141923107206,0.3122239112854004,0.10306249558925629,0.38,1,0,600,FP32-token-IDs
BERT,d0judl,497,10,2477,things,things,False,brain dysfunction (forget),-0.0016304798366036267,0.0016304798366036267,0.17126025259494781,0.059462424367666245,0.38,0,0,600,FP32-token-IDs
BERT,d0judl,497,10,2477,things,things,False,emptiness,-0.0026904303464107215,0.0026904303464107215,0.12615719437599182,0.3290400803089142,0.38,1,0,600,FP32-token-IDs
BERT,d0judl,497,10,2477,things,things,False,hopelessness,-0.00844749652314931,0.00844749652314931,0.4969296157360077,0.9616032838821411,0.38,1,1,600,FP32-token-IDs
BERT,d0judl,497,10,2477,things,things,False,loneliness,0.00036904183216392996,0.00036904183216392996,0.3459778428077698,0.7689128518104553,0.38,1,1,600,FP32-token-IDs
BERT,d0judl,497,10,2477,things,things,False,sadness,-0.002738006482832134,0.002738006482832134,0.5557037591934204,0.9851028919219971,0.38,1,1,600,FP32-token-IDs
BERT,d0judl,497,10,2477,things,things,False,suicide intent,0.0004178403498372063,0.0004178403498372063,0.11289169639348984,0.03346466273069382,0.38,0,0,600,FP32-token-IDs
BERT,d0judl,497,10,2477,things,things,False,worthlessness,-0.0005881770455744117,0.0005881770455744117,0.30056339502334595,0.5597262382507324,0.38,1,1,600,FP32-token-IDs
BERT,d0judl,497,11,2005,for,for,False,anger,0.0006851141923107206,0.0006851141923107206,0.3122239112854004,0.10306249558925629,0.38,1,0,600,FP32-token-IDs
BERT,d0judl,497,11,2005,for,for,False,brain dysfunction (forget),-0.0016304798366036267,0.0016304798366036267,0.17126025259494781,0.059462424367666245,0.38,0,0,600,FP32-token-IDs
BERT,d0judl,497,11,2005,for,for,False,emptiness,-0.0026904303464107215,0.0026904303464107215,0.12615719437599182,0.3290400803089142,0.38,1,0,600,FP32-token-IDs
BERT,d0judl,497,11,2005,for,for,False,hopelessness,-0.00844749652314931,0.00844749652314931,0.4969296157360077,0.9616032838821411,0.38,1,1,600,FP32-token-IDs
BERT,d0judl,497,11,2005,for,for,False,loneliness,0.00036904183216392996,0.00036904183216392996,0.3459778428077698,0.7689128518104553,0.38,1,1,600,FP32-token-IDs
BERT,d0judl,497,11,2005,for,for,False,sadness,-0.002738006482832134,0.002738006482832134,0.5557037591934204,0.9851028919219971,0.38,1,1,600,FP32-token-IDs
BERT,d0judl,497,11,2005,for,for,False,suicide intent,0.0004178403498372063,0.0004178403498372063,0.11289169639348984,0.03346466273069382,0.38,0,0,600,FP32-token-IDs
BERT,d0judl,497,11,2005,for,for,False,worthlessness,-0.0005881770455744117,0.0005881770455744117,0.30056339502334595,0.5597262382507324,0.38,1,1,600,FP32-token-IDs
BERT,d0judl,497,12,2017,you,you,False,anger,0.00898490680847317,0.00898490680847317,0.3122239112854004,0.10306249558925629,0.38,1,0,600,FP32-token-IDs
BERT,d0judl,497,12,2017,you,you,False,brain dysfunction (forget),-0.004769367006762574,0.004769367006762574,0.17126025259494781,0.059462424367666245,0.38,0,0,600,FP32-token-IDs
BERT,d0judl,497,12,2017,you,you,False,emptiness,-0.001739474843877057,0.001739474843877057,0.12615719437599182,0.3290400803089142,0.38,1,0,600,FP32-token-IDs
BERT,d0judl,497,12,2017,you,you,False,hopelessness,0.003184252961849173,0.003184252961849173,0.4969296157360077,0.9616032838821411,0.38,1,1,600,FP32-token-IDs
BERT,d0judl,497,12,2017,you,you,False,loneliness,0.0022141138712565107,0.0022141138712565107,0.3459778428077698,0.7689128518104553,0.38,1,1,600,FP32-token-IDs
BERT,d0judl,497,12,2017,you,you,False,sadness,0.01359947427796821,0.01359947427796821,0.5557037591934204,0.9851028919219971,0.38,1,1,600,FP32-token-IDs
BERT,d0judl,497,12,2017,you,you,False,suicide intent,-1.948802964761853e-05,1.948802964761853e-05,0.11289169639348984,0.03346466273069382,0.38,0,0,600,FP32-token-IDs
BERT,d0judl,497,12,2017,you,you,False,worthlessness,0.0010827779614677032,0.0010827779614677032,0.30056339502334595,0.5597262382507324,0.38,1,1,600,FP32-token-IDs
BERT,d0judl,497,13,2138,because,because,False,anger,0.00898490680847317,0.00898490680847317,0.3122239112854004,0.10306249558925629,0.38,1,0,600,FP32-token-IDs
BERT,d0judl,497,13,2138,because,because,False,brain dysfunction (forget),-0.004769367006762574,0.004769367006762574,0.17126025259494781,0.059462424367666245,0.38,0,0,600,FP32-token-IDs
BERT,d0judl,497,13,2138,because,because,False,emptiness,-0.001739474843877057,0.001739474843877057,0.12615719437599182,0.3290400803089142,0.38,1,0,600,FP32-token-IDs
BERT,d0judl,497,13,2138,because,because,False,hopelessness,0.003184252961849173,0.003184252961849173,0.4969296157360077,0.9616032838821411,0.38,1,1,600,FP32-token-IDs
BERT,d0judl,497,13,2138,because,because,False,loneliness,0.0022141138712565107,0.0022141138712565107,0.3459778428077698,0.7689128518104553,0.38,1,1,600,FP32-token-IDs
BERT,d0judl,497,13,2138,because,because,False,sadness,0.01359947427796821,0.01359947427796821,0.5557037591934204,0.9851028919219971,0.38,1,1,600,FP32-token-IDs
BERT,d0judl,497,13,2138,because,because,False,suicide intent,-1.948802964761853e-05,1.948802964761853e-05,0.11289169639348984,0.03346466273069382,0.38,0,0,600,FP32-token-IDs
BERT,d0judl,497,13,2138,because,because,False,worthlessness,0.0010827779614677032,0.0010827779614677032,0.30056339502334595,0.5597262382507324,0.38,1,1,600,FP32-token-IDs
BERT,d0judl,497,14,2017,you,you,False,anger,0.00898490680847317,0.00898490680847317,0.3122239112854004,0.10306249558925629,0.38,1,0,600,FP32-token-IDs
BERT,d0judl,497,14,2017,you,you,False,brain dysfunction (forget),-0.004769367006762574,0.004769367006762574,0.17126025259494781,0.059462424367666245,0.38,0,0,600,FP32-token-IDs
BERT,d0judl,497,14,2017,you,you,False,emptiness,-0.001739474843877057,0.001739474843877057,0.12615719437599182,0.3290400803089142,0.38,1,0,600,FP32-token-IDs
BERT,d0judl,497,14,2017,you,you,False,hopelessness,0.003184252961849173,0.003184252961849173,0.4969296157360077,0.9616032838821411,0.38,1,1,600,FP32-token-IDs
BERT,d0judl,497,14,2017,you,you,False,loneliness,0.0022141138712565103,0.0022141138712565103,0.3459778428077698,0.7689128518104553,0.38,1,1,600,FP32-token-IDs
BERT,d0judl,497,14,2017,you,you,False,sadness,0.01359947427796821,0.01359947427796821,0.5557037591934204,0.9851028919219971,0.38,1,1,600,FP32-token-IDs
BERT,d0judl,497,14,2017,you,you,False,suicide intent,-1.948802964761853e-05,1.948802964761853e-05,0.11289169639348984,0.03346466273069382,0.38,0,0,600,FP32-token-IDs
BERT,d0judl,497,14,2017,you,you,False,worthlessness,0.0010827779614677032,0.0010827779614677032,0.30056339502334595,0.5597262382507324,0.38,1,1,600,FP32-token-IDs
BERT,d0judl,497,15,5223,hate,hate,False,anger,0.00898490680847317,0.00898490680847317,0.3122239112854004,0.10306249558925629,0.38,1,0,600,FP32-token-IDs
BERT,d0judl,497,15,5223,hate,hate,False,brain dysfunction (forget),-0.004769367006762574,0.004769367006762574,0.17126025259494781,0.059462424367666245,0.38,0,0,600,FP32-token-IDs
BERT,d0judl,497,15,5223,hate,hate,False,emptiness,-0.001739474843877057,0.001739474843877057,0.12615719437599182,0.3290400803089142,0.38,1,0,600,FP32-token-IDs
BERT,d0judl,497,15,5223,hate,hate,False,hopelessness,0.003184252961849173,0.003184252961849173,0.4969296157360077,0.9616032838821411,0.38,1,1,600,FP32-token-IDs
BERT,d0judl,497,15,5223,hate,hate,False,loneliness,0.0022141138712565103,0.0022141138712565103,0.3459778428077698,0.7689128518104553,0.38,1,1,600,FP32-token-IDs
BERT,d0judl,497,15,5223,hate,hate,False,sadness,0.01359947427796821,0.01359947427796821,0.5557037591934204,0.9851028919219971,0.38,1,1,600,FP32-token-IDs
BERT,d0judl,497,15,5223,hate,hate,False,suicide intent,-1.948802964761853e-05,1.948802964761853e-05,0.11289169639348984,0.03346466273069382,0.38,0,0,600,FP32-token-IDs
BERT,d0judl,497,15,5223,hate,hate,False,worthlessness,0.0010827779614677032,0.0010827779614677032,0.30056339502334595,0.5597262382507324,0.38,1,1,600,FP32-token-IDs
BERT,d0judl,497,16,4426,yourself,yourself,False,anger,0.00898490680847317,0.00898490680847317,0.3122239112854004,0.10306249558925629,0.38,1,0,600,FP32-token-IDs
BERT,d0judl,497,16,4426,yourself,yourself,False,brain dysfunction (forget),-0.004769367006762574,0.004769367006762574,0.17126025259494781,0.059462424367666245,0.38,0,0,600,FP32-token-IDs
BERT,d0judl,497,16,4426,yourself,yourself,False,emptiness,-0.001739474843877057,0.001739474843877057,0.12615719437599182,0.3290400803089142,0.38,1,0,600,FP32-token-IDs
BERT,d0judl,497,16,4426,yourself,yourself,False,hopelessness,0.003184252961849173,0.003184252961849173,0.4969296157360077,0.9616032838821411,0.38,1,1,600,FP32-token-IDs
BERT,d0judl,497,16,4426,yourself,yourself,False,loneliness,0.0022141138712565103,0.0022141138712565103,0.3459778428077698,0.7689128518104553,0.38,1,1,600,FP32-token-IDs
BERT,d0judl,497,16,4426,yourself,yourself,False,sadness,0.01359947427796821,0.01359947427796821,0.5557037591934204,0.9851028919219971,0.38,1,1,600,FP32-token-IDs
BERT,d0judl,497,16,4426,yourself,yourself,False,suicide intent,-1.948802964761853e-05,1.948802964761853e-05,0.11289169639348984,0.03346466273069382,0.38,0,0,600,FP32-token-IDs
BERT,d0judl,497,16,4426,yourself,yourself,False,worthlessness,0.0010827779614677032,0.0010827779614677032,0.30056339502334595,0.5597262382507324,0.38,1,1,600,FP32-token-IDs
BERT,d0judl,497,17,1029,?,?,False,anger,0.008046310930512847,0.008046310930512847,0.3122239112854004,0.10306249558925629,0.38,1,0,600,FP32-token-IDs
BERT,d0judl,497,17,1029,?,?,False,brain dysfunction (forget),-0.0037187752585547667,0.0037187752585547667,0.17126025259494781,0.059462424367666245,0.38,0,0,600,FP32-token-IDs
BERT,d0judl,497,17,1029,?,?,False,emptiness,-0.003194576307820777,0.003194576307820777,0.12615719437599182,0.3290400803089142,0.38,1,0,600,FP32-token-IDs
BERT,d0judl,497,17,1029,?,?,False,hopelessness,-0.00030770722466210516,0.00030770722466210516,0.4969296157360077,0.9616032838821411,0.38,1,1,600,FP32-token-IDs
BERT,d0judl,497,17,1029,?,?,False,loneliness,0.0031625480080644287,0.0031625480080644287,0.3459778428077698,0.7689128518104553,0.38,1,1,600,FP32-token-IDs
BERT,d0judl,497,17,1029,?,?,False,sadness,0.005975953970725338,0.005975953970725338,0.5557037591934204,0.9851028919219971,0.38,1,1,600,FP32-token-IDs
BERT,d0judl,497,17,1029,?,?,False,suicide intent,-0.0006000468390993774,0.0006000468390993774,0.11289169639348984,0.03346466273069382,0.38,0,0,600,FP32-token-IDs
BERT,d0judl,497,17,1029,?,?,False,worthlessness,0.0011247462903459869,0.0011247462903459869,0.30056339502334595,0.5597262382507324,0.38,1,1,600,FP32-token-IDs
BERT,d0judl,497,18,1001,#,#,False,anger,-0.000700815114791372,0.000700815114791372,0.3122239112854004,0.10306249558925629,0.38,1,0,600,FP32-token-IDs
BERT,d0judl,497,18,1001,#,#,False,brain dysfunction (forget),0.0012069046911450903,0.0012069046911450903,0.17126025259494781,0.059462424367666245,0.38,0,0,600,FP32-token-IDs
BERT,d0judl,497,18,1001,#,#,False,emptiness,-0.0008583941769653135,0.0008583941769653135,0.12615719437599182,0.3290400803089142,0.38,1,0,600,FP32-token-IDs
BERT,d0judl,497,18,1001,#,#,False,hopelessness,-0.003570804244705609,0.003570804244705609,0.4969296157360077,0.9616032838821411,0.38,1,1,600,FP32-token-IDs
BERT,d0judl,497,18,1001,#,#,False,loneliness,0.0018560787257073182,0.0018560787257073182,0.3459778428077698,0.7689128518104553,0.38,1,1,600,FP32-token-IDs
BERT,d0judl,497,18,1001,#,#,False,sadness,-0.0036728992579238757,0.0036728992579238757,0.5557037591934204,0.9851028919219971,0.38,1,1,600,FP32-token-IDs
BERT,d0judl,497,18,1001,#,#,False,suicide intent,-0.0007086449153471871,0.0007086449153471871,0.11289169639348984,0.03346466273069382,0.38,0,0,600,FP32-token-IDs
BERT,d0judl,497,18,1001,#,#,False,worthlessness,0.0018340764812559687,0.0018340764812559687,0.30056339502334595,0.5597262382507324,0.38,1,1,600,FP32-token-IDs
BERT,d0judl,497,19,1001,#,#,False,anger,-0.000700815114791372,0.000700815114791372,0.3122239112854004,0.10306249558925629,0.38,1,0,600,FP32-token-IDs
BERT,d0judl,497,19,1001,#,#,False,brain dysfunction (forget),0.0012069046911450903,0.0012069046911450903,0.17126025259494781,0.059462424367666245,0.38,0,0,600,FP32-token-IDs
BERT,d0judl,497,19,1001,#,#,False,emptiness,-0.0008583941769653135,0.0008583941769653135,0.12615719437599182,0.3290400803089142,0.38,1,0,600,FP32-token-IDs
BERT,d0judl,497,19,1001,#,#,False,hopelessness,-0.003570804244705609,0.003570804244705609,0.4969296157360077,0.9616032838821411,0.38,1,1,600,FP32-token-IDs
BERT,d0judl,497,19,1001,#,#,False,loneliness,0.0018560787257073182,0.0018560787257073182,0.3459778428077698,0.7689128518104553,0.38,1,1,600,FP32-token-IDs
BERT,d0judl,497,19,1001,#,#,False,sadness,-0.0036728992579238757,0.0036728992579238757,0.5557037591934204,0.9851028919219971,0.38,1,1,600,FP32-token-IDs
BERT,d0judl,497,19,1001,#,#,False,suicide intent,-0.0007086449153471871,0.0007086449153471871,0.11289169639348984,0.03346466273069382,0.38,0,0,600,FP32-token-IDs
BERT,d0judl,497,19,1001,#,#,False,worthlessness,0.0018340764812559687,0.0018340764812559687,0.30056339502334595,0.5597262382507324,0.38,1,1,600,FP32-token-IDs
BERT,d0judl,497,20,1001,#,#,False,anger,-0.000700815114791372,0.000700815114791372,0.3122239112854004,0.10306249558925629,0.38,1,0,600,FP32-token-IDs
BERT,d0judl,497,20,1001,#,#,False,brain dysfunction (forget),0.0012069046911450903,0.0012069046911450903,0.17126025259494781,0.059462424367666245,0.38,0,0,600,FP32-token-IDs
BERT,d0judl,497,20,1001,#,#,False,emptiness,-0.0008583941769653135,0.0008583941769653135,0.12615719437599182,0.3290400803089142,0.38,1,0,600,FP32-token-IDs
BERT,d0judl,497,20,1001,#,#,False,hopelessness,-0.003570804244705609,0.003570804244705609,0.4969296157360077,0.9616032838821411,0.38,1,1,600,FP32-token-IDs
BERT,d0judl,497,20,1001,#,#,False,loneliness,0.0018560787257073182,0.0018560787257073182,0.3459778428077698,0.7689128518104553,0.38,1,1,600,FP32-token-IDs
BERT,d0judl,497,20,1001,#,#,False,sadness,-0.0036728992579238757,0.0036728992579238757,0.5557037591934204,0.9851028919219971,0.38,1,1,600,FP32-token-IDs
BERT,d0judl,497,20,1001,#,#,False,suicide intent,-0.0007086449153471871,0.0007086449153471871,0.11289169639348984,0.03346466273069382,0.38,0,0,600,FP32-token-IDs
BERT,d0judl,497,20,1001,#,#,False,worthlessness,0.0018340764812559687,0.0018340764812559687,0.30056339502334595,0.5597262382507324,0.38,1,1,600,FP32-token-IDs
BERT,d0judl,497,21,7483,yesterday,yesterday,False,anger,-0.000700815114791372,0.000700815114791372,0.3122239112854004,0.10306249558925629,0.38,1,0,600,FP32-token-IDs
BERT,d0judl,497,21,7483,yesterday,yesterday,False,brain dysfunction (forget),0.0012069046911450903,0.0012069046911450903,0.17126025259494781,0.059462424367666245,0.38,0,0,600,FP32-token-IDs
BERT,d0judl,497,21,7483,yesterday,yesterday,False,emptiness,-0.0008583941769653135,0.0008583941769653135,0.12615719437599182,0.3290400803089142,0.38,1,0,600,FP32-token-IDs
BERT,d0judl,497,21,7483,yesterday,yesterday,False,hopelessness,-0.003570804244705609,0.003570804244705609,0.4969296157360077,0.9616032838821411,0.38,1,1,600,FP32-token-IDs
BERT,d0judl,497,21,7483,yesterday,yesterday,False,loneliness,0.0018560787257073182,0.0018560787257073182,0.3459778428077698,0.7689128518104553,0.38,1,1,600,FP32-token-IDs
BERT,d0judl,497,21,7483,yesterday,yesterday,False,sadness,-0.0036728992579238757,0.0036728992579238757,0.5557037591934204,0.9851028919219971,0.38,1,1,600,FP32-token-IDs
BERT,d0judl,497,21,7483,yesterday,yesterday,False,suicide intent,-0.0007086449153471871,0.0007086449153471871,0.11289169639348984,0.03346466273069382,0.38,0,0,600,FP32-token-IDs
BERT,d0judl,497,21,7483,yesterday,yesterday,False,worthlessness,0.0018340764812559687,0.0018340764812559687,0.30056339502334595,0.5597262382507324,0.38,1,1,600,FP32-token-IDs
BERT,d0judl,497,22,2001,was,was,False,anger,-0.001348755050428389,0.001348755050428389,0.3122239112854004,0.10306249558925629,0.38,1,0,600,FP32-token-IDs
BERT,d0judl,497,22,2001,was,was,False,brain dysfunction (forget),0.0010632866495732397,0.0010632866495732397,0.17126025259494781,0.059462424367666245,0.38,0,0,600,FP32-token-IDs
BERT,d0judl,497,22,2001,was,was,False,emptiness,-0.00037626147979781733,0.00037626147979781733,0.12615719437599182,0.3290400803089142,0.38,1,0,600,FP32-token-IDs
BERT,d0judl,497,22,2001,was,was,False,hopelessness,-0.0029229488653973452,0.0029229488653973452,0.4969296157360077,0.9616032838821411,0.38,1,1,600,FP32-token-IDs
BERT,d0judl,497,22,2001,was,was,False,loneliness,0.002683488596009002,0.002683488596009002,0.3459778428077698,0.7689128518104553,0.38,1,1,600,FP32-token-IDs
BERT,d0judl,497,22,2001,was,was,False,sadness,-0.002714030722688351,0.002714030722688351,0.5557037591934204,0.9851028919219971,0.38,1,1,600,FP32-token-IDs
BERT,d0judl,497,22,2001,was,was,False,suicide intent,-0.0007657596352648744,0.0007657596352648744,0.11289169639348984,0.03346466273069382,0.38,0,0,600,FP32-token-IDs
BERT,d0judl,497,22,2001,was,was,False,worthlessness,0.0018001601190051238,0.0018001601190051238,0.30056339502334595,0.5597262382507324,0.38,1,1,600,FP32-token-IDs
BERT,d0judl,497,23,2026,my,my,False,anger,-0.001348755050428389,0.001348755050428389,0.3122239112854004,0.10306249558925629,0.38,1,0,600,FP32-token-IDs
BERT,d0judl,497,23,2026,my,my,False,brain dysfunction (forget),0.0010632866495732397,0.0010632866495732397,0.17126025259494781,0.059462424367666245,0.38,0,0,600,FP32-token-IDs
BERT,d0judl,497,23,2026,my,my,False,emptiness,-0.00037626147979781733,0.00037626147979781733,0.12615719437599182,0.3290400803089142,0.38,1,0,600,FP32-token-IDs
BERT,d0judl,497,23,2026,my,my,False,hopelessness,-0.0029229488653973452,0.0029229488653973452,0.4969296157360077,0.9616032838821411,0.38,1,1,600,FP32-token-IDs
BERT,d0judl,497,23,2026,my,my,False,loneliness,0.002683488596009002,0.002683488596009002,0.3459778428077698,0.7689128518104553,0.38,1,1,600,FP32-token-IDs
BERT,d0judl,497,23,2026,my,my,False,sadness,-0.002714030722688351,0.002714030722688351,0.5557037591934204,0.9851028919219971,0.38,1,1,600,FP32-token-IDs
BERT,d0judl,497,23,2026,my,my,False,suicide intent,-0.0007657596352648744,0.0007657596352648744,0.11289169639348984,0.03346466273069382,0.38,0,0,600,FP32-token-IDs
BERT,d0judl,497,23,2026,my,my,False,worthlessness,0.0018001601190051238,0.0018001601190051238,0.30056339502334595,0.5597262382507324,0.38,1,1,600,FP32-token-IDs
BERT,d0judl,497,24,5798,birthday,birthday,False,anger,-0.001348755050428389,0.001348755050428389,0.3122239112854004,0.10306249558925629,0.38,1,0,600,FP32-token-IDs
BERT,d0judl,497,24,5798,birthday,birthday,False,brain dysfunction (forget),0.0010632866495732397,0.0010632866495732397,0.17126025259494781,0.059462424367666245,0.38,0,0,600,FP32-token-IDs
BERT,d0judl,497,24,5798,birthday,birthday,False,emptiness,-0.00037626147979781733,0.00037626147979781733,0.12615719437599182,0.3290400803089142,0.38,1,0,600,FP32-token-IDs
BERT,d0judl,497,24,5798,birthday,birthday,False,hopelessness,-0.0029229488653973452,0.0029229488653973452,0.4969296157360077,0.9616032838821411,0.38,1,1,600,FP32-token-IDs
BERT,d0judl,497,24,5798,birthday,birthday,False,loneliness,0.002683488596009002,0.002683488596009002,0.3459778428077698,0.7689128518104553,0.38,1,1,600,FP32-token-IDs
BERT,d0judl,497,24,5798,birthday,birthday,False,sadness,-0.002714030722688351,0.002714030722688351,0.5557037591934204,0.9851028919219971,0.38,1,1,600,FP32-token-IDs
BERT,d0judl,497,24,5798,birthday,birthday,False,suicide intent,-0.0007657596352648744,0.0007657596352648744,0.11289169639348984,0.03346466273069382,0.38,0,0,600,FP32-token-IDs
BERT,d0judl,497,24,5798,birthday,birthday,False,worthlessness,0.0018001601190051238,0.0018001601190051238,0.30056339502334595,0.5597262382507324,0.38,1,1,600,FP32-token-IDs
BERT,d0judl,497,25,1998,and,and,False,anger,0.0006738340862405799,0.0006738340862405799,0.3122239112854004,0.10306249558925629,0.38,1,0,600,FP32-token-IDs
BERT,d0judl,497,25,1998,and,and,False,brain dysfunction (forget),0.00036235866887081,0.00036235866887081,0.17126025259494781,0.059462424367666245,0.38,0,0,600,FP32-token-IDs
BERT,d0judl,497,25,1998,and,and,False,emptiness,-0.00595124685826401,0.00595124685826401,0.12615719437599182,0.3290400803089142,0.38,1,0,600,FP32-token-IDs
BERT,d0judl,497,25,1998,and,and,False,hopelessness,-0.0050126437749713655,0.0050126437749713655,0.4969296157360077,0.9616032838821411,0.38,1,1,600,FP32-token-IDs
BERT,d0judl,497,25,1998,and,and,False,loneliness,-7.882348830915154e-05,7.882348830915154e-05,0.3459778428077698,0.7689128518104553,0.38,1,1,600,FP32-token-IDs
BERT,d0judl,497,25,1998,and,and,False,sadness,-0.003177406321176224,0.003177406321176224,0.5557037591934204,0.9851028919219971,0.38,1,1,600,FP32-token-IDs
BERT,d0judl,497,25,1998,and,and,False,suicide intent,-0.0011265238202759064,0.0011265238202759064,0.11289169639348984,0.03346466273069382,0.38,0,0,600,FP32-token-IDs
BERT,d0judl,497,25,1998,and,and,False,worthlessness,-0.0007379183594215041,0.0007379183594215041,0.30056339502334595,0.5597262382507324,0.38,1,1,600,FP32-token-IDs
BERT,d0judl,497,26,2026,my,my,False,anger,0.0006738340862405799,0.0006738340862405799,0.3122239112854004,0.10306249558925629,0.38,1,0,600,FP32-token-IDs
BERT,d0judl,497,26,2026,my,my,False,brain dysfunction (forget),0.00036235866887081,0.00036235866887081,0.17126025259494781,0.059462424367666245,0.38,0,0,600,FP32-token-IDs
BERT,d0judl,497,26,2026,my,my,False,emptiness,-0.00595124685826401,0.00595124685826401,0.12615719437599182,0.3290400803089142,0.38,1,0,600,FP32-token-IDs
BERT,d0judl,497,26,2026,my,my,False,hopelessness,-0.0050126437749713655,0.0050126437749713655,0.4969296157360077,0.9616032838821411,0.38,1,1,600,FP32-token-IDs
BERT,d0judl,497,26,2026,my,my,False,loneliness,-7.882348830915154e-05,7.882348830915154e-05,0.3459778428077698,0.7689128518104553,0.38,1,1,600,FP32-token-IDs
BERT,d0judl,497,26,2026,my,my,False,sadness,-0.003177406321176224,0.003177406321176224,0.5557037591934204,0.9851028919219971,0.38,1,1,600,FP32-token-IDs
BERT,d0judl,497,26,2026,my,my,False,suicide intent,-0.0011265238202759064,0.0011265238202759064,0.11289169639348984,0.03346466273069382,0.38,0,0,600,FP32-token-IDs
BERT,d0judl,497,26,2026,my,my,False,worthlessness,-0.0007379183594215041,0.0007379183594215041,0.30056339502334595,0.5597262382507324,0.38,1,1,600,FP32-token-IDs
BERT,d0judl,497,27,11190,cow,cow,False,anger,0.0006738340862405798,0.0006738340862405798,0.3122239112854004,0.10306249558925629,0.38,1,0,600,FP32-token-IDs
BERT,d0judl,497,27,11190,cow,cow,False,brain dysfunction (forget),0.00036235866887081,0.00036235866887081,0.17126025259494781,0.059462424367666245,0.38,0,0,600,FP32-token-IDs
BERT,d0judl,497,27,11190,cow,cow,False,emptiness,-0.00595124685826401,0.00595124685826401,0.12615719437599182,0.3290400803089142,0.38,1,0,600,FP32-token-IDs
BERT,d0judl,497,27,11190,cow,cow,False,hopelessness,-0.0050126437749713655,0.0050126437749713655,0.4969296157360077,0.9616032838821411,0.38,1,1,600,FP32-token-IDs
BERT,d0judl,497,27,11190,cow,cow,False,loneliness,-7.882348830915154e-05,7.882348830915154e-05,0.3459778428077698,0.7689128518104553,0.38,1,1,600,FP32-token-IDs
BERT,d0judl,497,27,11190,cow,cow,False,sadness,-0.003177406321176224,0.003177406321176224,0.5557037591934204,0.9851028919219971,0.38,1,1,600,FP32-token-IDs
BERT,d0judl,497,27,11190,cow,cow,False,suicide intent,-0.0011265238202759064,0.0011265238202759064,0.11289169639348984,0.03346466273069382,0.38,0,0,600,FP32-token-IDs
BERT,d0judl,497,27,11190,cow,cow,False,worthlessness,-0.000737918359421504,0.000737918359421504,0.30056339502334595,0.5597262382507324,0.38,1,1,600,FP32-token-IDs
BERT,d0judl,497,28,2953,##or,or,False,anger,0.0006738340862405798,0.0006738340862405798,0.3122239112854004,0.10306249558925629,0.38,1,0,600,FP32-token-IDs
BERT,d0judl,497,28,2953,##or,or,False,brain dysfunction (forget),0.00036235866887081,0.00036235866887081,0.17126025259494781,0.059462424367666245,0.38,0,0,600,FP32-token-IDs
BERT,d0judl,497,28,2953,##or,or,False,emptiness,-0.00595124685826401,0.00595124685826401,0.12615719437599182,0.3290400803089142,0.38,1,0,600,FP32-token-IDs
BERT,d0judl,497,28,2953,##or,or,False,hopelessness,-0.0050126437749713655,0.0050126437749713655,0.4969296157360077,0.9616032838821411,0.38,1,1,600,FP32-token-IDs
BERT,d0judl,497,28,2953,##or,or,False,loneliness,-7.882348830915154e-05,7.882348830915154e-05,0.3459778428077698,0.7689128518104553,0.38,1,1,600,FP32-token-IDs
BERT,d0judl,497,28,2953,##or,or,False,sadness,-0.003177406321176224,0.003177406321176224,0.5557037591934204,0.9851028919219971,0.38,1,1,600,FP32-token-IDs
BERT,d0judl,497,28,2953,##or,or,False,suicide intent,-0.0011265238202759064,0.0011265238202759064,0.11289169639348984,0.03346466273069382,0.38,0,0,600,FP32-token-IDs
BERT,d0judl,497,28,2953,##or,or,False,worthlessness,-0.000737918359421504,0.000737918359421504,0.30056339502334595,0.5597262382507324,0.38,1,1,600,FP32-token-IDs
BERT,d0judl,497,29,11451,##kers,kers,False,anger,0.0006738340862405798,0.0006738340862405798,0.3122239112854004,0.10306249558925629,0.38,1,0,600,FP32-token-IDs
BERT,d0judl,497,29,11451,##kers,kers,False,brain dysfunction (forget),0.00036235866887081,0.00036235866887081,0.17126025259494781,0.059462424367666245,0.38,0,0,600,FP32-token-IDs
BERT,d0judl,497,29,11451,##kers,kers,False,emptiness,-0.00595124685826401,0.00595124685826401,0.12615719437599182,0.3290400803089142,0.38,1,0,600,FP32-token-IDs
BERT,d0judl,497,29,11451,##kers,kers,False,hopelessness,-0.0050126437749713655,0.0050126437749713655,0.4969296157360077,0.9616032838821411,0.38,1,1,600,FP32-token-IDs
BERT,d0judl,497,29,11451,##kers,kers,False,loneliness,-7.882348830915154e-05,7.882348830915154e-05,0.3459778428077698,0.7689128518104553,0.38,1,1,600,FP32-token-IDs
BERT,d0judl,497,29,11451,##kers,kers,False,sadness,-0.003177406321176224,0.003177406321176224,0.5557037591934204,0.9851028919219971,0.38,1,1,600,FP32-token-IDs
BERT,d0judl,497,29,11451,##kers,kers,False,suicide intent,-0.0011265238202759064,0.0011265238202759064,0.11289169639348984,0.03346466273069382,0.38,0,0,600,FP32-token-IDs
BERT,d0judl,497,29,11451,##kers,kers,False,worthlessness,-0.000737918359421504,0.000737918359421504,0.30056339502334595,0.5597262382507324,0.38,1,1,600,FP32-token-IDs
BERT,d0judl,497,30,2288,got,got,False,anger,0.00042555923884113637,0.00042555923884113637,0.3122239112854004,0.10306249558925629,0.38,1,0,600,FP32-token-IDs
BERT,d0judl,497,30,2288,got,got,False,brain dysfunction (forget),0.0004379627951938245,0.0004379627951938245,0.17126025259494781,0.059462424367666245,0.38,0,0,600,FP32-token-IDs
BERT,d0judl,497,30,2288,got,got,False,emptiness,-0.005889991991377126,0.005889991991377126,0.12615719437599182,0.3290400803089142,0.38,1,0,600,FP32-token-IDs
BERT,d0judl,497,30,2288,got,got,False,hopelessness,-0.005753632024861872,0.005753632024861872,0.4969296157360077,0.9616032838821411,0.38,1,1,600,FP32-token-IDs
BERT,d0judl,497,30,2288,got,got,False,loneliness,0.0006135855092563563,0.0006135855092563563,0.3459778428077698,0.7689128518104553,0.38,1,1,600,FP32-token-IDs
BERT,d0judl,497,30,2288,got,got,False,sadness,-0.0040483769344993766,0.0040483769344993766,0.5557037591934204,0.9851028919219971,0.38,1,1,600,FP32-token-IDs
BERT,d0judl,497,30,2288,got,got,False,suicide intent,-0.0009798548425897025,0.0009798548425897025,0.11289169639348984,0.03346466273069382,0.38,0,0,600,FP32-token-IDs
BERT,d0judl,497,30,2288,got,got,False,worthlessness,-0.0011353005761823927,0.0011353005761823927,0.30056339502334595,0.5597262382507324,0.38,1,1,600,FP32-token-IDs
BERT,d0judl,497,31,2033,me,me,False,anger,0.00042555923884113637,0.00042555923884113637,0.3122239112854004,0.10306249558925629,0.38,1,0,600,FP32-token-IDs
BERT,d0judl,497,31,2033,me,me,False,brain dysfunction (forget),0.0004379627951938245,0.0004379627951938245,0.17126025259494781,0.059462424367666245,0.38,0,0,600,FP32-token-IDs
BERT,d0judl,497,31,2033,me,me,False,emptiness,-0.005889991991377126,0.005889991991377126,0.12615719437599182,0.3290400803089142,0.38,1,0,600,FP32-token-IDs
BERT,d0judl,497,31,2033,me,me,False,hopelessness,-0.005753632024861872,0.005753632024861872,0.4969296157360077,0.9616032838821411,0.38,1,1,600,FP32-token-IDs
BERT,d0judl,497,31,2033,me,me,False,loneliness,0.0006135855092563563,0.0006135855092563563,0.3459778428077698,0.7689128518104553,0.38,1,1,600,FP32-token-IDs
BERT,d0judl,497,31,2033,me,me,False,sadness,-0.0040483769344993766,0.0040483769344993766,0.5557037591934204,0.9851028919219971,0.38,1,1,600,FP32-token-IDs
BERT,d0judl,497,31,2033,me,me,False,suicide intent,-0.0009798548425897025,0.0009798548425897025,0.11289169639348984,0.03346466273069382,0.38,0,0,600,FP32-token-IDs
BERT,d0judl,497,31,2033,me,me,False,worthlessness,-0.0011353005761823927,0.0011353005761823927,0.30056339502334595,0.5597262382507324,0.38,1,1,600,FP32-token-IDs
BERT,d0judl,497,32,16324,cookies,cookies,False,anger,0.00042555923884113637,0.00042555923884113637,0.3122239112854004,0.10306249558925629,0.38,1,0,600,FP32-token-IDs
BERT,d0judl,497,32,16324,cookies,cookies,False,brain dysfunction (forget),0.0004379627951938245,0.0004379627951938245,0.17126025259494781,0.059462424367666245,0.38,0,0,600,FP32-token-IDs
BERT,d0judl,497,32,16324,cookies,cookies,False,emptiness,-0.005889991991377126,0.005889991991377126,0.12615719437599182,0.3290400803089142,0.38,1,0,600,FP32-token-IDs
BERT,d0judl,497,32,16324,cookies,cookies,False,hopelessness,-0.005753632024861872,0.005753632024861872,0.4969296157360077,0.9616032838821411,0.38,1,1,600,FP32-token-IDs
BERT,d0judl,497,32,16324,cookies,cookies,False,loneliness,0.0006135855092563563,0.0006135855092563563,0.3459778428077698,0.7689128518104553,0.38,1,1,600,FP32-token-IDs
BERT,d0judl,497,32,16324,cookies,cookies,False,sadness,-0.0040483769344993766,0.0040483769344993766,0.5557037591934204,0.9851028919219971,0.38,1,1,600,FP32-token-IDs
BERT,d0judl,497,32,16324,cookies,cookies,False,suicide intent,-0.0009798548425897025,0.0009798548425897025,0.11289169639348984,0.03346466273069382,0.38,0,0,600,FP32-token-IDs
BERT,d0judl,497,32,16324,cookies,cookies,False,worthlessness,-0.0011353005761823927,0.0011353005761823927,0.30056339502334595,0.5597262382507324,0.38,1,1,600,FP32-token-IDs
BERT,d0judl,497,33,1998,and,and,False,anger,0.00042555923884113637,0.00042555923884113637,0.3122239112854004,0.10306249558925629,0.38,1,0,600,FP32-token-IDs
BERT,d0judl,497,33,1998,and,and,False,brain dysfunction (forget),0.0004379627951938245,0.0004379627951938245,0.17126025259494781,0.059462424367666245,0.38,0,0,600,FP32-token-IDs
BERT,d0judl,497,33,1998,and,and,False,emptiness,-0.005889991991377125,0.005889991991377125,0.12615719437599182,0.3290400803089142,0.38,1,0,600,FP32-token-IDs
BERT,d0judl,497,33,1998,and,and,False,hopelessness,-0.005753632024861872,0.005753632024861872,0.4969296157360077,0.9616032838821411,0.38,1,1,600,FP32-token-IDs
BERT,d0judl,497,33,1998,and,and,False,loneliness,0.0006135855092563563,0.0006135855092563563,0.3459778428077698,0.7689128518104553,0.38,1,1,600,FP32-token-IDs
BERT,d0judl,497,33,1998,and,and,False,sadness,-0.0040483769344993766,0.0040483769344993766,0.5557037591934204,0.9851028919219971,0.38,1,1,600,FP32-token-IDs
BERT,d0judl,497,33,1998,and,and,False,suicide intent,-0.0009798548425897025,0.0009798548425897025,0.11289169639348984,0.03346466273069382,0.38,0,0,600,FP32-token-IDs
BERT,d0judl,497,33,1998,and,and,False,worthlessness,-0.0011353005761823927,0.0011353005761823927,0.30056339502334595,0.5597262382507324,0.38,1,1,600,FP32-token-IDs
BERT,d0judl,497,34,1037,a,a,False,anger,-0.002289137880757658,0.002289137880757658,0.3122239112854004,0.10306249558925629,0.38,1,0,600,FP32-token-IDs
BERT,d0judl,497,34,1037,a,a,False,brain dysfunction (forget),-0.0002798490636309401,0.0002798490636309401,0.17126025259494781,0.059462424367666245,0.38,0,0,600,FP32-token-IDs
BERT,d0judl,497,34,1037,a,a,False,emptiness,-0.0030317331687547263,0.0030317331687547263,0.12615719437599182,0.3290400803089142,0.38,1,0,600,FP32-token-IDs
BERT,d0judl,497,34,1037,a,a,False,hopelessness,-0.005139227721633183,0.005139227721633183,0.4969296157360077,0.9616032838821411,0.38,1,1,600,FP32-token-IDs
BERT,d0judl,497,34,1037,a,a,False,loneliness,-0.00013984279914034748,0.00013984279914034748,0.3459778428077698,0.7689128518104553,0.38,1,1,600,FP32-token-IDs
BERT,d0judl,497,34,1037,a,a,False,sadness,0.00015934693006177747,0.00015934693006177747,0.5557037591934204,0.9851028919219971,0.38,1,1,600,FP32-token-IDs
BERT,d0judl,497,34,1037,a,a,False,suicide intent,-0.0014024369027982983,0.0014024369027982983,0.11289169639348984,0.03346466273069382,0.38,0,0,600,FP32-token-IDs
BERT,d0judl,497,34,1037,a,a,False,worthlessness,-0.0004135886181352867,0.0004135886181352867,0.30056339502334595,0.5597262382507324,0.38,1,1,600,FP32-token-IDs
BERT,d0judl,497,35,3232,couple,couple,False,anger,-0.002289137880757658,0.002289137880757658,0.3122239112854004,0.10306249558925629,0.38,1,0,600,FP32-token-IDs
BERT,d0judl,497,35,3232,couple,couple,False,brain dysfunction (forget),-0.0002798490636309401,0.0002798490636309401,0.17126025259494781,0.059462424367666245,0.38,0,0,600,FP32-token-IDs
BERT,d0judl,497,35,3232,couple,couple,False,emptiness,-0.0030317331687547263,0.0030317331687547263,0.12615719437599182,0.3290400803089142,0.38,1,0,600,FP32-token-IDs
BERT,d0judl,497,35,3232,couple,couple,False,hopelessness,-0.005139227721633183,0.005139227721633183,0.4969296157360077,0.9616032838821411,0.38,1,1,600,FP32-token-IDs
BERT,d0judl,497,35,3232,couple,couple,False,loneliness,-0.00013984279914034748,0.00013984279914034748,0.3459778428077698,0.7689128518104553,0.38,1,1,600,FP32-token-IDs
BERT,d0judl,497,35,3232,couple,couple,False,sadness,0.00015934693006177747,0.00015934693006177747,0.5557037591934204,0.9851028919219971,0.38,1,1,600,FP32-token-IDs
BERT,d0judl,497,35,3232,couple,couple,False,suicide intent,-0.0014024369027982983,0.0014024369027982983,0.11289169639348984,0.03346466273069382,0.38,0,0,600,FP32-token-IDs
BERT,d0judl,497,35,3232,couple,couple,False,worthlessness,-0.0004135886181352867,0.0004135886181352867,0.30056339502334595,0.5597262382507324,0.38,1,1,600,FP32-token-IDs
BERT,d0judl,497,36,2814,friends,friends,False,anger,-0.002289137880757658,0.002289137880757658,0.3122239112854004,0.10306249558925629,0.38,1,0,600,FP32-token-IDs
BERT,d0judl,497,36,2814,friends,friends,False,brain dysfunction (forget),-0.0002798490636309401,0.0002798490636309401,0.17126025259494781,0.059462424367666245,0.38,0,0,600,FP32-token-IDs
BERT,d0judl,497,36,2814,friends,friends,False,emptiness,-0.0030317331687547263,0.0030317331687547263,0.12615719437599182,0.3290400803089142,0.38,1,0,600,FP32-token-IDs
BERT,d0judl,497,36,2814,friends,friends,False,hopelessness,-0.005139227721633183,0.005139227721633183,0.4969296157360077,0.9616032838821411,0.38,1,1,600,FP32-token-IDs
BERT,d0judl,497,36,2814,friends,friends,False,loneliness,-0.00013984279914034748,0.00013984279914034748,0.3459778428077698,0.7689128518104553,0.38,1,1,600,FP32-token-IDs
BERT,d0judl,497,36,2814,friends,friends,False,sadness,0.00015934693006177747,0.00015934693006177747,0.5557037591934204,0.9851028919219971,0.38,1,1,600,FP32-token-IDs
BERT,d0judl,497,36,2814,friends,friends,False,suicide intent,-0.0014024369027982983,0.0014024369027982983,0.11289169639348984,0.03346466273069382,0.38,0,0,600,FP32-token-IDs
BERT,d0judl,497,36,2814,friends,friends,False,worthlessness,-0.0004135886181352867,0.0004135886181352867,0.30056339502334595,0.5597262382507324,0.38,1,1,600,FP32-token-IDs
BERT,d0judl,497,37,2165,took,took,False,anger,-0.002289137880757658,0.002289137880757658,0.3122239112854004,0.10306249558925629,0.38,1,0,600,FP32-token-IDs
BERT,d0judl,497,37,2165,took,took,False,brain dysfunction (forget),-0.0002798490636309401,0.0002798490636309401,0.17126025259494781,0.059462424367666245,0.38,0,0,600,FP32-token-IDs
BERT,d0judl,497,37,2165,took,took,False,emptiness,-0.0030317331687547263,0.0030317331687547263,0.12615719437599182,0.3290400803089142,0.38,1,0,600,FP32-token-IDs
BERT,d0judl,497,37,2165,took,took,False,hopelessness,-0.005139227721633183,0.005139227721633183,0.4969296157360077,0.9616032838821411,0.38,1,1,600,FP32-token-IDs
BERT,d0judl,497,37,2165,took,took,False,loneliness,-0.00013984279914034748,0.00013984279914034748,0.3459778428077698,0.7689128518104553,0.38,1,1,600,FP32-token-IDs
BERT,d0judl,497,37,2165,took,took,False,sadness,0.00015934693006177747,0.00015934693006177747,0.5557037591934204,0.9851028919219971,0.38,1,1,600,FP32-token-IDs
BERT,d0judl,497,37,2165,took,took,False,suicide intent,-0.0014024369027982983,0.0014024369027982983,0.11289169639348984,0.03346466273069382,0.38,0,0,600,FP32-token-IDs
BERT,d0judl,497,37,2165,took,took,False,worthlessness,-0.0004135886181352867,0.0004135886181352867,0.30056339502334595,0.5597262382507324,0.38,1,1,600,FP32-token-IDs
BERT,d0judl,497,38,2033,me,me,False,anger,-0.001608356102111025,0.001608356102111025,0.3122239112854004,0.10306249558925629,0.38,1,0,600,FP32-token-IDs
BERT,d0judl,497,38,2033,me,me,False,brain dysfunction (forget),0.0008064024846276476,0.0008064024846276476,0.17126025259494781,0.059462424367666245,0.38,0,0,600,FP32-token-IDs
BERT,d0judl,497,38,2033,me,me,False,emptiness,-0.001842213051859289,0.001842213051859289,0.12615719437599182,0.3290400803089142,0.38,1,0,600,FP32-token-IDs
BERT,d0judl,497,38,2033,me,me,False,hopelessness,-0.007071641516199129,0.007071641516199129,0.4969296157360077,0.9616032838821411,0.38,1,1,600,FP32-token-IDs
BERT,d0judl,497,38,2033,me,me,False,loneliness,0.004634855629669295,0.004634855629669295,0.3459778428077698,0.7689128518104553,0.38,1,1,600,FP32-token-IDs
BERT,d0judl,497,38,2033,me,me,False,sadness,-0.006571429536367456,0.006571429536367456,0.5557037591934204,0.9851028919219971,0.38,1,1,600,FP32-token-IDs
BERT,d0judl,497,38,2033,me,me,False,suicide intent,-0.000683074446213949,0.000683074446213949,0.11289169639348984,0.03346466273069382,0.38,0,0,600,FP32-token-IDs
BERT,d0judl,497,38,2033,me,me,False,worthlessness,-0.0010881332159947811,0.0010881332159947811,0.30056339502334595,0.5597262382507324,0.38,1,1,600,FP32-token-IDs
BERT,d0judl,497,39,2041,out,out,False,anger,-0.001608356102111025,0.001608356102111025,0.3122239112854004,0.10306249558925629,0.38,1,0,600,FP32-token-IDs
BERT,d0judl,497,39,2041,out,out,False,brain dysfunction (forget),0.0008064024846276476,0.0008064024846276476,0.17126025259494781,0.059462424367666245,0.38,0,0,600,FP32-token-IDs
BERT,d0judl,497,39,2041,out,out,False,emptiness,-0.001842213051859289,0.001842213051859289,0.12615719437599182,0.3290400803089142,0.38,1,0,600,FP32-token-IDs
BERT,d0judl,497,39,2041,out,out,False,hopelessness,-0.007071641516199129,0.007071641516199129,0.4969296157360077,0.9616032838821411,0.38,1,1,600,FP32-token-IDs
BERT,d0judl,497,39,2041,out,out,False,loneliness,0.004634855629669295,0.004634855629669295,0.3459778428077698,0.7689128518104553,0.38,1,1,600,FP32-token-IDs
BERT,d0judl,497,39,2041,out,out,False,sadness,-0.006571429536367456,0.006571429536367456,0.5557037591934204,0.9851028919219971,0.38,1,1,600,FP32-token-IDs
BERT,d0judl,497,39,2041,out,out,False,suicide intent,-0.000683074446213949,0.000683074446213949,0.11289169639348984,0.03346466273069382,0.38,0,0,600,FP32-token-IDs
BERT,d0judl,497,39,2041,out,out,False,worthlessness,-0.0010881332159947811,0.0010881332159947811,0.30056339502334595,0.5597262382507324,0.38,1,1,600,FP32-token-IDs
BERT,d0judl,497,40,2000,to,to,False,anger,-0.001608356102111025,0.001608356102111025,0.3122239112854004,0.10306249558925629,0.38,1,0,600,FP32-token-IDs
BERT,d0judl,497,40,2000,to,to,False,brain dysfunction (forget),0.0008064024846276476,0.0008064024846276476,0.17126025259494781,0.059462424367666245,0.38,0,0,600,FP32-token-IDs
BERT,d0judl,497,40,2000,to,to,False,emptiness,-0.001842213051859289,0.001842213051859289,0.12615719437599182,0.3290400803089142,0.38,1,0,600,FP32-token-IDs
BERT,d0judl,497,40,2000,to,to,False,hopelessness,-0.007071641516199129,0.007071641516199129,0.4969296157360077,0.9616032838821411,0.38,1,1,600,FP32-token-IDs
BERT,d0judl,497,40,2000,to,to,False,loneliness,0.004634855629669295,0.004634855629669295,0.3459778428077698,0.7689128518104553,0.38,1,1,600,FP32-token-IDs
BERT,d0judl,497,40,2000,to,to,False,sadness,-0.006571429536367456,0.006571429536367456,0.5557037591934204,0.9851028919219971,0.38,1,1,600,FP32-token-IDs
BERT,d0judl,497,40,2000,to,to,False,suicide intent,-0.000683074446213949,0.000683074446213949,0.11289169639348984,0.03346466273069382,0.38,0,0,600,FP32-token-IDs
BERT,d0judl,497,40,2000,to,to,False,worthlessness,-0.0010881332159947811,0.0010881332159947811,0.30056339502334595,0.5597262382507324,0.38,1,1,600,FP32-token-IDs
BERT,d0judl,497,41,6265,lunch,lunch,False,anger,-0.001608356102111025,0.001608356102111025,0.3122239112854004,0.10306249558925629,0.38,1,0,600,FP32-token-IDs
BERT,d0judl,497,41,6265,lunch,lunch,False,brain dysfunction (forget),0.0008064024846276476,0.0008064024846276476,0.17126025259494781,0.059462424367666245,0.38,0,0,600,FP32-token-IDs
BERT,d0judl,497,41,6265,lunch,lunch,False,emptiness,-0.001842213051859289,0.001842213051859289,0.12615719437599182,0.3290400803089142,0.38,1,0,600,FP32-token-IDs
BERT,d0judl,497,41,6265,lunch,lunch,False,hopelessness,-0.007071641516199129,0.007071641516199129,0.4969296157360077,0.9616032838821411,0.38,1,1,600,FP32-token-IDs
BERT,d0judl,497,41,6265,lunch,lunch,False,loneliness,0.004634855629669295,0.004634855629669295,0.3459778428077698,0.7689128518104553,0.38,1,1,600,FP32-token-IDs
BERT,d0judl,497,41,6265,lunch,lunch,False,sadness,-0.006571429536367456,0.006571429536367456,0.5557037591934204,0.9851028919219971,0.38,1,1,600,FP32-token-IDs
BERT,d0judl,497,41,6265,lunch,lunch,False,suicide intent,-0.000683074446213949,0.000683074446213949,0.11289169639348984,0.03346466273069382,0.38,0,0,600,FP32-token-IDs
BERT,d0judl,497,41,6265,lunch,lunch,False,worthlessness,-0.0010881332159947811,0.0010881332159947811,0.30056339502334595,0.5597262382507324,0.38,1,1,600,FP32-token-IDs
BERT,d0judl,497,42,1012,.,.,False,anger,-0.0009462860433591736,0.0009462860433591736,0.3122239112854004,0.10306249558925629,0.38,1,0,600,FP32-token-IDs
BERT,d0judl,497,42,1012,.,.,False,brain dysfunction (forget),0.0007388045892326369,0.0007388045892326369,0.17126025259494781,0.059462424367666245,0.38,0,0,600,FP32-token-IDs
BERT,d0judl,497,42,1012,.,.,False,emptiness,-0.001639818903058767,0.001639818903058767,0.12615719437599182,0.3290400803089142,0.38,1,0,600,FP32-token-IDs
BERT,d0judl,497,42,1012,.,.,False,hopelessness,-0.004546123973818289,0.004546123973818289,0.4969296157360077,0.9616032838821411,0.38,1,1,600,FP32-token-IDs
BERT,d0judl,497,42,1012,.,.,False,loneliness,0.0024193509833680257,0.0024193509833680257,0.3459778428077698,0.7689128518104553,0.38,1,1,600,FP32-token-IDs
BERT,d0judl,497,42,1012,.,.,False,sadness,-0.003659329364697138,0.003659329364697138,0.5557037591934204,0.9851028919219971,0.38,1,1,600,FP32-token-IDs
BERT,d0judl,497,42,1012,.,.,False,suicide intent,-0.0010221633785921667,0.0010221633785921667,0.11289169639348984,0.03346466273069382,0.38,0,0,600,FP32-token-IDs
BERT,d0judl,497,42,1012,.,.,False,worthlessness,0.0006370526065842973,0.0006370526065842973,0.30056339502334595,0.5597262382507324,0.38,1,1,600,FP32-token-IDs
BERT,d0judl,497,43,1045,i,i,False,anger,-0.0010689586155682002,0.0010689586155682002,0.3122239112854004,0.10306249558925629,0.38,1,0,600,FP32-token-IDs
BERT,d0judl,497,43,1045,i,i,False,brain dysfunction (forget),0.009229205047415149,0.009229205047415149,0.17126025259494781,0.059462424367666245,0.38,0,0,600,FP32-token-IDs
BERT,d0judl,497,43,1045,i,i,False,emptiness,0.03327323310770139,0.03327323310770139,0.12615719437599182,0.3290400803089142,0.38,1,0,600,FP32-token-IDs
BERT,d0judl,497,43,1045,i,i,False,hopelessness,0.03361372541639,0.03361372541639,0.4969296157360077,0.9616032838821411,0.38,1,1,600,FP32-token-IDs
BERT,d0judl,497,43,1045,i,i,False,loneliness,0.012912556445891303,0.012912556445891303,0.3459778428077698,0.7689128518104553,0.38,1,1,600,FP32-token-IDs
BERT,d0judl,497,43,1045,i,i,False,sadness,0.00506911614710199,0.00506911614710199,0.5557037591934204,0.9851028919219971,0.38,1,1,600,FP32-token-IDs
BERT,d0judl,497,43,1045,i,i,False,suicide intent,-4.738684237097569e-05,4.738684237097569e-05,0.11289169639348984,0.03346466273069382,0.38,0,0,600,FP32-token-IDs
BERT,d0judl,497,43,1045,i,i,False,worthlessness,0.03984386344901785,0.03984386344901785,0.30056339502334595,0.5597262382507324,0.38,1,1,600,FP32-token-IDs
BERT,d0judl,497,44,2514,feel,feel,False,anger,-0.0010689586155682002,0.0010689586155682002,0.3122239112854004,0.10306249558925629,0.38,1,0,600,FP32-token-IDs
BERT,d0judl,497,44,2514,feel,feel,False,brain dysfunction (forget),0.009229205047415149,0.009229205047415149,0.17126025259494781,0.059462424367666245,0.38,0,0,600,FP32-token-IDs
BERT,d0judl,497,44,2514,feel,feel,False,emptiness,0.03327323310770139,0.03327323310770139,0.12615719437599182,0.3290400803089142,0.38,1,0,600,FP32-token-IDs
BERT,d0judl,497,44,2514,feel,feel,False,hopelessness,0.03361372541639,0.03361372541639,0.4969296157360077,0.9616032838821411,0.38,1,1,600,FP32-token-IDs
BERT,d0judl,497,44,2514,feel,feel,False,loneliness,0.012912556445891303,0.012912556445891303,0.3459778428077698,0.7689128518104553,0.38,1,1,600,FP32-token-IDs
BERT,d0judl,497,44,2514,feel,feel,False,sadness,0.00506911614710199,0.00506911614710199,0.5557037591934204,0.9851028919219971,0.38,1,1,600,FP32-token-IDs
BERT,d0judl,497,44,2514,feel,feel,False,suicide intent,-4.738684237097569e-05,4.738684237097569e-05,0.11289169639348984,0.03346466273069382,0.38,0,0,600,FP32-token-IDs
BERT,d0judl,497,44,2514,feel,feel,False,worthlessness,0.03984386344901785,0.03984386344901785,0.30056339502334595,0.5597262382507324,0.38,1,1,600,FP32-token-IDs
BERT,d0judl,497,45,12873,dumb,dumb,False,anger,-0.0010689586155682002,0.0010689586155682002,0.3122239112854004,0.10306249558925629,0.38,1,0,600,FP32-token-IDs
BERT,d0judl,497,45,12873,dumb,dumb,False,brain dysfunction (forget),0.009229205047415149,0.009229205047415149,0.17126025259494781,0.059462424367666245,0.38,0,0,600,FP32-token-IDs
BERT,d0judl,497,45,12873,dumb,dumb,False,emptiness,0.03327323310770139,0.03327323310770139,0.12615719437599182,0.3290400803089142,0.38,1,0,600,FP32-token-IDs
BERT,d0judl,497,45,12873,dumb,dumb,False,hopelessness,0.03361372541639,0.03361372541639,0.4969296157360077,0.9616032838821411,0.38,1,1,600,FP32-token-IDs
BERT,d0judl,497,45,12873,dumb,dumb,False,loneliness,0.012912556445891303,0.012912556445891303,0.3459778428077698,0.7689128518104553,0.38,1,1,600,FP32-token-IDs
BERT,d0judl,497,45,12873,dumb,dumb,False,sadness,0.00506911614710199,0.00506911614710199,0.5557037591934204,0.9851028919219971,0.38,1,1,600,FP32-token-IDs
BERT,d0judl,497,45,12873,dumb,dumb,False,suicide intent,-4.738684237097569e-05,4.738684237097569e-05,0.11289169639348984,0.03346466273069382,0.38,0,0,600,FP32-token-IDs
BERT,d0judl,497,45,12873,dumb,dumb,False,worthlessness,0.03984386344901785,0.03984386344901785,0.30056339502334595,0.5597262382507324,0.38,1,1,600,FP32-token-IDs
BERT,d0judl,497,46,1013,/,/,False,anger,-0.0010689586155682002,0.0010689586155682002,0.3122239112854004,0.10306249558925629,0.38,1,0,600,FP32-token-IDs
BERT,d0judl,497,46,1013,/,/,False,brain dysfunction (forget),0.009229205047415149,0.009229205047415149,0.17126025259494781,0.059462424367666245,0.38,0,0,600,FP32-token-IDs
BERT,d0judl,497,46,1013,/,/,False,emptiness,0.03327323310770139,0.03327323310770139,0.12615719437599182,0.3290400803089142,0.38,1,0,600,FP32-token-IDs
BERT,d0judl,497,46,1013,/,/,False,hopelessness,0.03361372541639,0.03361372541639,0.4969296157360077,0.9616032838821411,0.38,1,1,600,FP32-token-IDs
BERT,d0judl,497,46,1013,/,/,False,loneliness,0.012912556445891303,0.012912556445891303,0.3459778428077698,0.7689128518104553,0.38,1,1,600,FP32-token-IDs
BERT,d0judl,497,46,1013,/,/,False,sadness,0.00506911614710199,0.00506911614710199,0.5557037591934204,0.9851028919219971,0.38,1,1,600,FP32-token-IDs
BERT,d0judl,497,46,1013,/,/,False,suicide intent,-4.738684237097569e-05,4.738684237097569e-05,0.11289169639348984,0.03346466273069382,0.38,0,0,600,FP32-token-IDs
BERT,d0judl,497,46,1013,/,/,False,worthlessness,0.03984386344901785,0.03984386344901785,0.30056339502334595,0.5597262382507324,0.38,1,1,600,FP32-token-IDs
BERT,d0judl,497,47,4895,un,un,False,anger,0.027546492593717716,0.027546492593717716,0.3122239112854004,0.10306249558925629,0.38,1,0,600,FP32-token-IDs
BERT,d0judl,497,47,4895,un,un,False,brain dysfunction (forget),0.002172887709180248,0.002172887709180248,0.17126025259494781,0.059462424367666245,0.38,0,0,600,FP32-token-IDs
BERT,d0judl,497,47,4895,un,un,False,emptiness,0.015734448094874443,0.015734448094874443,0.12615719437599182,0.3290400803089142,0.38,1,0,600,FP32-token-IDs
BERT,d0judl,497,47,4895,un,un,False,hopelessness,0.037341156345237755,0.037341156345237755,0.4969296157360077,0.9616032838821411,0.38,1,1,600,FP32-token-IDs
BERT,d0judl,497,47,4895,un,un,False,loneliness,0.002501501812643948,0.002501501812643948,0.3459778428077698,0.7689128518104553,0.38,1,1,600,FP32-token-IDs
BERT,d0judl,497,47,4895,un,un,False,sadness,0.01573796257642763,0.01573796257642763,0.5557037591934204,0.9851028919219971,0.38,1,1,600,FP32-token-IDs
BERT,d0judl,497,47,4895,un,un,False,suicide intent,0.00022329519907500416,0.00022329519907500416,0.11289169639348984,0.03346466273069382,0.38,0,0,600,FP32-token-IDs
BERT,d0judl,497,47,4895,un,un,False,worthlessness,0.04778442453035885,0.04778442453035885,0.30056339502334595,0.5597262382507324,0.38,1,1,600,FP32-token-IDs
BERT,d0judl,497,48,22780,##grate,grate,False,anger,0.027546492593717716,0.027546492593717716,0.3122239112854004,0.10306249558925629,0.38,1,0,600,FP32-token-IDs
BERT,d0judl,497,48,22780,##grate,grate,False,brain dysfunction (forget),0.002172887709180248,0.002172887709180248,0.17126025259494781,0.059462424367666245,0.38,0,0,600,FP32-token-IDs
BERT,d0judl,497,48,22780,##grate,grate,False,emptiness,0.015734448094874443,0.015734448094874443,0.12615719437599182,0.3290400803089142,0.38,1,0,600,FP32-token-IDs
BERT,d0judl,497,48,22780,##grate,grate,False,hopelessness,0.037341156345237755,0.037341156345237755,0.4969296157360077,0.9616032838821411,0.38,1,1,600,FP32-token-IDs
BERT,d0judl,497,48,22780,##grate,grate,False,loneliness,0.002501501812643948,0.002501501812643948,0.3459778428077698,0.7689128518104553,0.38,1,1,600,FP32-token-IDs
BERT,d0judl,497,48,22780,##grate,grate,False,sadness,0.01573796257642763,0.01573796257642763,0.5557037591934204,0.9851028919219971,0.38,1,1,600,FP32-token-IDs
BERT,d0judl,497,48,22780,##grate,grate,False,suicide intent,0.00022329519907500416,0.00022329519907500416,0.11289169639348984,0.03346466273069382,0.38,0,0,600,FP32-token-IDs
BERT,d0judl,497,48,22780,##grate,grate,False,worthlessness,0.04778442453035885,0.04778442453035885,0.30056339502334595,0.5597262382507324,0.38,1,1,600,FP32-token-IDs
BERT,d0judl,497,49,3993,##ful,ful,False,anger,0.027546492593717716,0.027546492593717716,0.3122239112854004,0.10306249558925629,0.38,1,0,600,FP32-token-IDs
BERT,d0judl,497,49,3993,##ful,ful,False,brain dysfunction (forget),0.002172887709180248,0.002172887709180248,0.17126025259494781,0.059462424367666245,0.38,0,0,600,FP32-token-IDs
BERT,d0judl,497,49,3993,##ful,ful,False,emptiness,0.015734448094874443,0.015734448094874443,0.12615719437599182,0.3290400803089142,0.38,1,0,600,FP32-token-IDs
BERT,d0judl,497,49,3993,##ful,ful,False,hopelessness,0.037341156345237755,0.037341156345237755,0.4969296157360077,0.9616032838821411,0.38,1,1,600,FP32-token-IDs
BERT,d0judl,497,49,3993,##ful,ful,False,loneliness,0.002501501812643948,0.002501501812643948,0.3459778428077698,0.7689128518104553,0.38,1,1,600,FP32-token-IDs
BERT,d0judl,497,49,3993,##ful,ful,False,sadness,0.01573796257642763,0.01573796257642763,0.5557037591934204,0.9851028919219971,0.38,1,1,600,FP32-token-IDs
BERT,d0judl,497,49,3993,##ful,ful,False,suicide intent,0.00022329519907500416,0.00022329519907500416,0.11289169639348984,0.03346466273069382,0.38,0,0,600,FP32-token-IDs
BERT,d0judl,497,49,3993,##ful,ful,False,worthlessness,0.04778442453035885,0.04778442453035885,0.30056339502334595,0.5597262382507324,0.38,1,1,600,FP32-token-IDs
BERT,d0judl,497,50,2005,for,for,False,anger,-0.0045379774470347915,0.0045379774470347915,0.3122239112854004,0.10306249558925629,0.38,1,0,600,FP32-token-IDs
BERT,d0judl,497,50,2005,for,for,False,brain dysfunction (forget),0.0001819030866802981,0.0001819030866802981,0.17126025259494781,0.059462424367666245,0.38,0,0,600,FP32-token-IDs
BERT,d0judl,497,50,2005,for,for,False,emptiness,-0.0028580783963358647,0.0028580783963358647,0.12615719437599182,0.3290400803089142,0.38,1,0,600,FP32-token-IDs
BERT,d0judl,497,50,2005,for,for,False,hopelessness,-0.0013177511437485617,0.0013177511437485617,0.4969296157360077,0.9616032838821411,0.38,1,1,600,FP32-token-IDs
BERT,d0judl,497,50,2005,for,for,False,loneliness,-0.0033070552861317994,0.0033070552861317994,0.3459778428077698,0.7689128518104553,0.38,1,1,600,FP32-token-IDs
BERT,d0judl,497,50,2005,for,for,False,sadness,0.00043979636393487453,0.00043979636393487453,0.5557037591934204,0.9851028919219971,0.38,1,1,600,FP32-token-IDs
BERT,d0judl,497,50,2005,for,for,False,suicide intent,-0.00026196153097165126,0.00026196153097165126,0.11289169639348984,0.03346466273069382,0.38,0,0,600,FP32-token-IDs
BERT,d0judl,497,50,2005,for,for,False,worthlessness,-0.0037735135323600844,0.0037735135323600844,0.30056339502334595,0.5597262382507324,0.38,1,1,600,FP32-token-IDs
BERT,d0judl,497,51,3110,feeling,feeling,False,anger,-0.0045379774470347915,0.0045379774470347915,0.3122239112854004,0.10306249558925629,0.38,1,0,600,FP32-token-IDs
BERT,d0judl,497,51,3110,feeling,feeling,False,brain dysfunction (forget),0.0001819030866802981,0.0001819030866802981,0.17126025259494781,0.059462424367666245,0.38,0,0,600,FP32-token-IDs
BERT,d0judl,497,51,3110,feeling,feeling,False,emptiness,-0.0028580783963358647,0.0028580783963358647,0.12615719437599182,0.3290400803089142,0.38,1,0,600,FP32-token-IDs
BERT,d0judl,497,51,3110,feeling,feeling,False,hopelessness,-0.0013177511437485617,0.0013177511437485617,0.4969296157360077,0.9616032838821411,0.38,1,1,600,FP32-token-IDs
BERT,d0judl,497,51,3110,feeling,feeling,False,loneliness,-0.0033070552861317994,0.0033070552861317994,0.3459778428077698,0.7689128518104553,0.38,1,1,600,FP32-token-IDs
BERT,d0judl,497,51,3110,feeling,feeling,False,sadness,0.00043979636393487453,0.00043979636393487453,0.5557037591934204,0.9851028919219971,0.38,1,1,600,FP32-token-IDs
BERT,d0judl,497,51,3110,feeling,feeling,False,suicide intent,-0.00026196153097165126,0.00026196153097165126,0.11289169639348984,0.03346466273069382,0.38,0,0,600,FP32-token-IDs
BERT,d0judl,497,51,3110,feeling,feeling,False,worthlessness,-0.0037735135323600844,0.0037735135323600844,0.30056339502334595,0.5597262382507324,0.38,1,1,600,FP32-token-IDs
BERT,d0judl,497,52,2023,this,this,False,anger,-0.0045379774470347915,0.0045379774470347915,0.3122239112854004,0.10306249558925629,0.38,1,0,600,FP32-token-IDs
BERT,d0judl,497,52,2023,this,this,False,brain dysfunction (forget),0.0001819030866802981,0.0001819030866802981,0.17126025259494781,0.059462424367666245,0.38,0,0,600,FP32-token-IDs
BERT,d0judl,497,52,2023,this,this,False,emptiness,-0.0028580783963358647,0.0028580783963358647,0.12615719437599182,0.3290400803089142,0.38,1,0,600,FP32-token-IDs
BERT,d0judl,497,52,2023,this,this,False,hopelessness,-0.0013177511437485617,0.0013177511437485617,0.4969296157360077,0.9616032838821411,0.38,1,1,600,FP32-token-IDs
BERT,d0judl,497,52,2023,this,this,False,loneliness,-0.0033070552861317994,0.0033070552861317994,0.3459778428077698,0.7689128518104553,0.38,1,1,600,FP32-token-IDs
BERT,d0judl,497,52,2023,this,this,False,sadness,0.00043979636393487453,0.00043979636393487453,0.5557037591934204,0.9851028919219971,0.38,1,1,600,FP32-token-IDs
BERT,d0judl,497,52,2023,this,this,False,suicide intent,-0.00026196153097165126,0.00026196153097165126,0.11289169639348984,0.03346466273069382,0.38,0,0,600,FP32-token-IDs
BERT,d0judl,497,52,2023,this,this,False,worthlessness,-0.0037735135323600844,0.0037735135323600844,0.30056339502334595,0.5597262382507324,0.38,1,1,600,FP32-token-IDs
BERT,d0judl,497,53,2126,way,way,False,anger,-0.0045379774470347915,0.0045379774470347915,0.3122239112854004,0.10306249558925629,0.38,1,0,600,FP32-token-IDs
BERT,d0judl,497,53,2126,way,way,False,brain dysfunction (forget),0.0001819030866802981,0.0001819030866802981,0.17126025259494781,0.059462424367666245,0.38,0,0,600,FP32-token-IDs
BERT,d0judl,497,53,2126,way,way,False,emptiness,-0.0028580783963358647,0.0028580783963358647,0.12615719437599182,0.3290400803089142,0.38,1,0,600,FP32-token-IDs
BERT,d0judl,497,53,2126,way,way,False,hopelessness,-0.0013177511437485617,0.0013177511437485617,0.4969296157360077,0.9616032838821411,0.38,1,1,600,FP32-token-IDs
BERT,d0judl,497,53,2126,way,way,False,loneliness,-0.0033070552861317994,0.0033070552861317994,0.3459778428077698,0.7689128518104553,0.38,1,1,600,FP32-token-IDs
BERT,d0judl,497,53,2126,way,way,False,sadness,0.00043979636393487453,0.00043979636393487453,0.5557037591934204,0.9851028919219971,0.38,1,1,600,FP32-token-IDs
BERT,d0judl,497,53,2126,way,way,False,suicide intent,-0.00026196153097165126,0.00026196153097165126,0.11289169639348984,0.03346466273069382,0.38,0,0,600,FP32-token-IDs
BERT,d0judl,497,53,2126,way,way,False,worthlessness,-0.0037735135323600844,0.0037735135323600844,0.30056339502334595,0.5597262382507324,0.38,1,1,600,FP32-token-IDs
BERT,d0judl,497,54,1010,",",",",False,anger,-0.0031902767601422965,0.0031902767601422965,0.3122239112854004,0.10306249558925629,0.38,1,0,600,FP32-token-IDs
BERT,d0judl,497,54,1010,",",",",False,brain dysfunction (forget),0.0006866938046490153,0.0006866938046490153,0.17126025259494781,0.059462424367666245,0.38,0,0,600,FP32-token-IDs
BERT,d0judl,497,54,1010,",",",",False,emptiness,-0.0032890248384016252,0.0032890248384016252,0.12615719437599182,0.3290400803089142,0.38,1,0,600,FP32-token-IDs
BERT,d0judl,497,54,1010,",",",",False,hopelessness,-0.0009405471074084442,0.0009405471074084442,0.4969296157360077,0.9616032838821411,0.38,1,1,600,FP32-token-IDs
BERT,d0judl,497,54,1010,",",",",False,loneliness,-0.0062533986754715444,0.0062533986754715444,0.3459778428077698,0.7689128518104553,0.38,1,1,600,FP32-token-IDs
BERT,d0judl,497,54,1010,",",",",False,sadness,-0.0007345853373408318,0.0007345853373408318,0.5557037591934204,0.9851028919219971,0.38,1,1,600,FP32-token-IDs
BERT,d0judl,497,54,1010,",",",",False,suicide intent,3.0146062878581403e-05,3.0146062878581403e-05,0.11289169639348984,0.03346466273069382,0.38,0,0,600,FP32-token-IDs
BERT,d0judl,497,54,1010,",",",",False,worthlessness,-0.002670582462451421,0.002670582462451421,0.30056339502334595,0.5597262382507324,0.38,1,1,600,FP32-token-IDs
BERT,d0judl,497,55,2021,but,but,False,anger,-0.003262265048374141,0.003262265048374141,0.3122239112854004,0.10306249558925629,0.38,1,0,600,FP32-token-IDs
BERT,d0judl,497,55,2021,but,but,False,brain dysfunction (forget),-0.002472189732269192,0.002472189732269192,0.17126025259494781,0.059462424367666245,0.38,0,0,600,FP32-token-IDs
BERT,d0judl,497,55,2021,but,but,False,emptiness,-0.023226818157034732,0.023226818157034732,0.12615719437599182,0.3290400803089142,0.38,1,0,600,FP32-token-IDs
BERT,d0judl,497,55,2021,but,but,False,hopelessness,-0.013719690476529416,0.013719690476529416,0.4969296157360077,0.9616032838821411,0.38,1,1,600,FP32-token-IDs
BERT,d0judl,497,55,2021,but,but,False,loneliness,-0.010218276114513477,0.010218276114513477,0.3459778428077698,0.7689128518104553,0.38,1,1,600,FP32-token-IDs
BERT,d0judl,497,55,2021,but,but,False,sadness,-0.005819443701988175,0.005819443701988175,0.5557037591934204,0.9851028919219971,0.38,1,1,600,FP32-token-IDs
BERT,d0judl,497,55,2021,but,but,False,suicide intent,-0.0017119286467768397,0.0017119286467768397,0.11289169639348984,0.03346466273069382,0.38,0,0,600,FP32-token-IDs
BERT,d0judl,497,55,2021,but,but,False,worthlessness,-0.01743848396701709,0.01743848396701709,0.30056339502334595,0.5597262382507324,0.38,1,1,600,FP32-token-IDs
BERT,d0judl,497,56,2009,it,it,False,anger,-0.003262265048374141,0.003262265048374141,0.3122239112854004,0.10306249558925629,0.38,1,0,600,FP32-token-IDs
BERT,d0judl,497,56,2009,it,it,False,brain dysfunction (forget),-0.002472189732269192,0.002472189732269192,0.17126025259494781,0.059462424367666245,0.38,0,0,600,FP32-token-IDs
BERT,d0judl,497,56,2009,it,it,False,emptiness,-0.023226818157034732,0.023226818157034732,0.12615719437599182,0.3290400803089142,0.38,1,0,600,FP32-token-IDs
BERT,d0judl,497,56,2009,it,it,False,hopelessness,-0.013719690476529416,0.013719690476529416,0.4969296157360077,0.9616032838821411,0.38,1,1,600,FP32-token-IDs
BERT,d0judl,497,56,2009,it,it,False,loneliness,-0.010218276114513477,0.010218276114513477,0.3459778428077698,0.7689128518104553,0.38,1,1,600,FP32-token-IDs
BERT,d0judl,497,56,2009,it,it,False,sadness,-0.005819443701988175,0.005819443701988175,0.5557037591934204,0.9851028919219971,0.38,1,1,600,FP32-token-IDs
BERT,d0judl,497,56,2009,it,it,False,suicide intent,-0.0017119286467768397,0.0017119286467768397,0.11289169639348984,0.03346466273069382,0.38,0,0,600,FP32-token-IDs
BERT,d0judl,497,56,2009,it,it,False,worthlessness,-0.01743848396701709,0.01743848396701709,0.30056339502334595,0.5597262382507324,0.38,1,1,600,FP32-token-IDs
BERT,d0judl,497,57,2467,always,always,False,anger,-0.003262265048374141,0.003262265048374141,0.3122239112854004,0.10306249558925629,0.38,1,0,600,FP32-token-IDs
BERT,d0judl,497,57,2467,always,always,False,brain dysfunction (forget),-0.002472189732269192,0.002472189732269192,0.17126025259494781,0.059462424367666245,0.38,0,0,600,FP32-token-IDs
BERT,d0judl,497,57,2467,always,always,False,emptiness,-0.023226818157034732,0.023226818157034732,0.12615719437599182,0.3290400803089142,0.38,1,0,600,FP32-token-IDs
BERT,d0judl,497,57,2467,always,always,False,hopelessness,-0.013719690476529416,0.013719690476529416,0.4969296157360077,0.9616032838821411,0.38,1,1,600,FP32-token-IDs
BERT,d0judl,497,57,2467,always,always,False,loneliness,-0.010218276114513477,0.010218276114513477,0.3459778428077698,0.7689128518104553,0.38,1,1,600,FP32-token-IDs
BERT,d0judl,497,57,2467,always,always,False,sadness,-0.005819443701988175,0.005819443701988175,0.5557037591934204,0.9851028919219971,0.38,1,1,600,FP32-token-IDs
BERT,d0judl,497,57,2467,always,always,False,suicide intent,-0.0017119286467768397,0.0017119286467768397,0.11289169639348984,0.03346466273069382,0.38,0,0,600,FP32-token-IDs
BERT,d0judl,497,57,2467,always,always,False,worthlessness,-0.01743848396701709,0.01743848396701709,0.30056339502334595,0.5597262382507324,0.38,1,1,600,FP32-token-IDs
BERT,d0judl,497,58,3084,makes,makes,False,anger,-0.003262265048374141,0.003262265048374141,0.3122239112854004,0.10306249558925629,0.38,1,0,600,FP32-token-IDs
BERT,d0judl,497,58,3084,makes,makes,False,brain dysfunction (forget),-0.002472189732269192,0.002472189732269192,0.17126025259494781,0.059462424367666245,0.38,0,0,600,FP32-token-IDs
BERT,d0judl,497,58,3084,makes,makes,False,emptiness,-0.023226818157034732,0.023226818157034732,0.12615719437599182,0.3290400803089142,0.38,1,0,600,FP32-token-IDs
BERT,d0judl,497,58,3084,makes,makes,False,hopelessness,-0.013719690476529416,0.013719690476529416,0.4969296157360077,0.9616032838821411,0.38,1,1,600,FP32-token-IDs
BERT,d0judl,497,58,3084,makes,makes,False,loneliness,-0.010218276114513477,0.010218276114513477,0.3459778428077698,0.7689128518104553,0.38,1,1,600,FP32-token-IDs
BERT,d0judl,497,58,3084,makes,makes,False,sadness,-0.005819443701988175,0.005819443701988175,0.5557037591934204,0.9851028919219971,0.38,1,1,600,FP32-token-IDs
BERT,d0judl,497,58,3084,makes,makes,False,suicide intent,-0.0017119286467768397,0.0017119286467768397,0.11289169639348984,0.03346466273069382,0.38,0,0,600,FP32-token-IDs
BERT,d0judl,497,58,3084,makes,makes,False,worthlessness,-0.01743848396701709,0.01743848396701709,0.30056339502334595,0.5597262382507324,0.38,1,1,600,FP32-token-IDs
BERT,d0judl,497,59,2033,me,me,False,anger,-0.003262265048374141,0.003262265048374141,0.3122239112854004,0.10306249558925629,0.38,1,0,600,FP32-token-IDs
BERT,d0judl,497,59,2033,me,me,False,brain dysfunction (forget),-0.002472189732269192,0.002472189732269192,0.17126025259494781,0.059462424367666245,0.38,0,0,600,FP32-token-IDs
BERT,d0judl,497,59,2033,me,me,False,emptiness,-0.023226818157034732,0.023226818157034732,0.12615719437599182,0.3290400803089142,0.38,1,0,600,FP32-token-IDs
BERT,d0judl,497,59,2033,me,me,False,hopelessness,-0.013719690476529416,0.013719690476529416,0.4969296157360077,0.9616032838821411,0.38,1,1,600,FP32-token-IDs
BERT,d0judl,497,59,2033,me,me,False,loneliness,-0.010218276114513477,0.010218276114513477,0.3459778428077698,0.7689128518104553,0.38,1,1,600,FP32-token-IDs
BERT,d0judl,497,59,2033,me,me,False,sadness,-0.005819443701988175,0.005819443701988175,0.5557037591934204,0.9851028919219971,0.38,1,1,600,FP32-token-IDs
BERT,d0judl,497,59,2033,me,me,False,suicide intent,-0.0017119286467768397,0.0017119286467768397,0.11289169639348984,0.03346466273069382,0.38,0,0,600,FP32-token-IDs
BERT,d0judl,497,59,2033,me,me,False,worthlessness,-0.01743848396701709,0.01743848396701709,0.30056339502334595,0.5597262382507324,0.38,1,1,600,FP32-token-IDs
BERT,d0judl,497,60,8796,uncomfortable,uncomfortable,False,anger,-0.0030945901045694004,0.0030945901045694004,0.3122239112854004,0.10306249558925629,0.38,1,0,600,FP32-token-IDs
BERT,d0judl,497,60,8796,uncomfortable,uncomfortable,False,brain dysfunction (forget),-0.0021233527119860927,0.0021233527119860927,0.17126025259494781,0.059462424367666245,0.38,0,0,600,FP32-token-IDs
BERT,d0judl,497,60,8796,uncomfortable,uncomfortable,False,emptiness,-0.019939353235439203,0.019939353235439203,0.12615719437599182,0.3290400803089142,0.38,1,0,600,FP32-token-IDs
BERT,d0judl,497,60,8796,uncomfortable,uncomfortable,False,hopelessness,-0.012381801499970375,0.012381801499970375,0.4969296157360077,0.9616032838821411,0.38,1,1,600,FP32-token-IDs
BERT,d0judl,497,60,8796,uncomfortable,uncomfortable,False,loneliness,-0.007811877255638441,0.007811877255638441,0.3459778428077698,0.7689128518104553,0.38,1,1,600,FP32-token-IDs
BERT,d0judl,497,60,8796,uncomfortable,uncomfortable,False,sadness,-0.00530846192989321,0.00530846192989321,0.5557037591934204,0.9851028919219971,0.38,1,1,600,FP32-token-IDs
BERT,d0judl,497,60,8796,uncomfortable,uncomfortable,False,suicide intent,-0.0019811451823024693,0.0019811451823024693,0.11289169639348984,0.03346466273069382,0.38,0,0,600,FP32-token-IDs
BERT,d0judl,497,60,8796,uncomfortable,uncomfortable,False,worthlessness,-0.014143849369175437,0.014143849369175437,0.30056339502334595,0.5597262382507324,0.38,1,1,600,FP32-token-IDs
BERT,d0judl,497,61,2043,when,when,False,anger,-0.0030945901045694004,0.0030945901045694004,0.3122239112854004,0.10306249558925629,0.38,1,0,600,FP32-token-IDs
BERT,d0judl,497,61,2043,when,when,False,brain dysfunction (forget),-0.0021233527119860927,0.0021233527119860927,0.17126025259494781,0.059462424367666245,0.38,0,0,600,FP32-token-IDs
BERT,d0judl,497,61,2043,when,when,False,emptiness,-0.019939353235439203,0.019939353235439203,0.12615719437599182,0.3290400803089142,0.38,1,0,600,FP32-token-IDs
BERT,d0judl,497,61,2043,when,when,False,hopelessness,-0.012381801499970375,0.012381801499970375,0.4969296157360077,0.9616032838821411,0.38,1,1,600,FP32-token-IDs
BERT,d0judl,497,61,2043,when,when,False,loneliness,-0.007811877255638441,0.007811877255638441,0.3459778428077698,0.7689128518104553,0.38,1,1,600,FP32-token-IDs
BERT,d0judl,497,61,2043,when,when,False,sadness,-0.00530846192989321,0.00530846192989321,0.5557037591934204,0.9851028919219971,0.38,1,1,600,FP32-token-IDs
BERT,d0judl,497,61,2043,when,when,False,suicide intent,-0.0019811451823024693,0.0019811451823024693,0.11289169639348984,0.03346466273069382,0.38,0,0,600,FP32-token-IDs
BERT,d0judl,497,61,2043,when,when,False,worthlessness,-0.014143849369175437,0.014143849369175437,0.30056339502334595,0.5597262382507324,0.38,1,1,600,FP32-token-IDs
BERT,d0judl,497,62,2111,people,people,False,anger,-0.0030945901045694004,0.0030945901045694004,0.3122239112854004,0.10306249558925629,0.38,1,0,600,FP32-token-IDs
BERT,d0judl,497,62,2111,people,people,False,brain dysfunction (forget),-0.0021233527119860927,0.0021233527119860927,0.17126025259494781,0.059462424367666245,0.38,0,0,600,FP32-token-IDs
BERT,d0judl,497,62,2111,people,people,False,emptiness,-0.019939353235439203,0.019939353235439203,0.12615719437599182,0.3290400803089142,0.38,1,0,600,FP32-token-IDs
BERT,d0judl,497,62,2111,people,people,False,hopelessness,-0.012381801499970375,0.012381801499970375,0.4969296157360077,0.9616032838821411,0.38,1,1,600,FP32-token-IDs
BERT,d0judl,497,62,2111,people,people,False,loneliness,-0.007811877255638441,0.007811877255638441,0.3459778428077698,0.7689128518104553,0.38,1,1,600,FP32-token-IDs
BERT,d0judl,497,62,2111,people,people,False,sadness,-0.00530846192989321,0.00530846192989321,0.5557037591934204,0.9851028919219971,0.38,1,1,600,FP32-token-IDs
BERT,d0judl,497,62,2111,people,people,False,suicide intent,-0.0019811451823024693,0.0019811451823024693,0.11289169639348984,0.03346466273069382,0.38,0,0,600,FP32-token-IDs
BERT,d0judl,497,62,2111,people,people,False,worthlessness,-0.014143849369175437,0.014143849369175437,0.30056339502334595,0.5597262382507324,0.38,1,1,600,FP32-token-IDs
BERT,d0judl,497,63,2079,do,do,False,anger,-0.0030945901045694004,0.0030945901045694004,0.3122239112854004,0.10306249558925629,0.38,1,0,600,FP32-token-IDs
BERT,d0judl,497,63,2079,do,do,False,brain dysfunction (forget),-0.0021233527119860927,0.0021233527119860927,0.17126025259494781,0.059462424367666245,0.38,0,0,600,FP32-token-IDs
BERT,d0judl,497,63,2079,do,do,False,emptiness,-0.019939353235439203,0.019939353235439203,0.12615719437599182,0.3290400803089142,0.38,1,0,600,FP32-token-IDs
BERT,d0judl,497,63,2079,do,do,False,hopelessness,-0.012381801499970375,0.012381801499970375,0.4969296157360077,0.9616032838821411,0.38,1,1,600,FP32-token-IDs
BERT,d0judl,497,63,2079,do,do,False,loneliness,-0.007811877255638441,0.007811877255638441,0.3459778428077698,0.7689128518104553,0.38,1,1,600,FP32-token-IDs
BERT,d0judl,497,63,2079,do,do,False,sadness,-0.00530846192989321,0.00530846192989321,0.5557037591934204,0.9851028919219971,0.38,1,1,600,FP32-token-IDs
BERT,d0judl,497,63,2079,do,do,False,suicide intent,-0.0019811451823024693,0.0019811451823024693,0.11289169639348984,0.03346466273069382,0.38,0,0,600,FP32-token-IDs
BERT,d0judl,497,63,2079,do,do,False,worthlessness,-0.014143849369175437,0.014143849369175437,0.30056339502334595,0.5597262382507324,0.38,1,1,600,FP32-token-IDs
BERT,d0judl,497,64,3835,nice,nice,False,anger,-0.005342082509637943,0.005342082509637943,0.3122239112854004,0.10306249558925629,0.38,1,0,600,FP32-token-IDs
BERT,d0judl,497,64,3835,nice,nice,False,brain dysfunction (forget),-0.002914421722692038,0.002914421722692038,0.17126025259494781,0.059462424367666245,0.38,0,0,600,FP32-token-IDs
BERT,d0judl,497,64,3835,nice,nice,False,emptiness,-0.006923854301151421,0.006923854301151421,0.12615719437599182,0.3290400803089142,0.38,1,0,600,FP32-token-IDs
BERT,d0judl,497,64,3835,nice,nice,False,hopelessness,-0.011311476045687285,0.011311476045687285,0.4969296157360077,0.9616032838821411,0.38,1,1,600,FP32-token-IDs
BERT,d0judl,497,64,3835,nice,nice,False,loneliness,0.0003942308016121387,0.0003942308016121387,0.3459778428077698,0.7689128518104553,0.38,1,1,600,FP32-token-IDs
BERT,d0judl,497,64,3835,nice,nice,False,sadness,-0.0013772314680474144,0.0013772314680474144,0.5557037591934204,0.9851028919219971,0.38,1,1,600,FP32-token-IDs
BERT,d0judl,497,64,3835,nice,nice,False,suicide intent,-0.00062158709292167,0.00062158709292167,0.11289169639348984,0.03346466273069382,0.38,0,0,600,FP32-token-IDs
BERT,d0judl,497,64,3835,nice,nice,False,worthlessness,-0.012240517159391727,0.012240517159391727,0.30056339502334595,0.5597262382507324,0.38,1,1,600,FP32-token-IDs
BERT,d0judl,497,65,2477,things,things,False,anger,-0.005342082509637943,0.005342082509637943,0.3122239112854004,0.10306249558925629,0.38,1,0,600,FP32-token-IDs
BERT,d0judl,497,65,2477,things,things,False,brain dysfunction (forget),-0.002914421722692038,0.002914421722692038,0.17126025259494781,0.059462424367666245,0.38,0,0,600,FP32-token-IDs
BERT,d0judl,497,65,2477,things,things,False,emptiness,-0.006923854301151421,0.006923854301151421,0.12615719437599182,0.3290400803089142,0.38,1,0,600,FP32-token-IDs
BERT,d0judl,497,65,2477,things,things,False,hopelessness,-0.011311476045687285,0.011311476045687285,0.4969296157360077,0.9616032838821411,0.38,1,1,600,FP32-token-IDs
BERT,d0judl,497,65,2477,things,things,False,loneliness,0.0003942308016121387,0.0003942308016121387,0.3459778428077698,0.7689128518104553,0.38,1,1,600,FP32-token-IDs
BERT,d0judl,497,65,2477,things,things,False,sadness,-0.0013772314680474144,0.0013772314680474144,0.5557037591934204,0.9851028919219971,0.38,1,1,600,FP32-token-IDs
BERT,d0judl,497,65,2477,things,things,False,suicide intent,-0.00062158709292167,0.00062158709292167,0.11289169639348984,0.03346466273069382,0.38,0,0,600,FP32-token-IDs
BERT,d0judl,497,65,2477,things,things,False,worthlessness,-0.012240517159391727,0.012240517159391727,0.30056339502334595,0.5597262382507324,0.38,1,1,600,FP32-token-IDs
BERT,d0judl,497,66,2005,for,for,False,anger,-0.005342082509637943,0.005342082509637943,0.3122239112854004,0.10306249558925629,0.38,1,0,600,FP32-token-IDs
BERT,d0judl,497,66,2005,for,for,False,brain dysfunction (forget),-0.002914421722692038,0.002914421722692038,0.17126025259494781,0.059462424367666245,0.38,0,0,600,FP32-token-IDs
BERT,d0judl,497,66,2005,for,for,False,emptiness,-0.006923854301151421,0.006923854301151421,0.12615719437599182,0.3290400803089142,0.38,1,0,600,FP32-token-IDs
BERT,d0judl,497,66,2005,for,for,False,hopelessness,-0.011311476045687285,0.011311476045687285,0.4969296157360077,0.9616032838821411,0.38,1,1,600,FP32-token-IDs
BERT,d0judl,497,66,2005,for,for,False,loneliness,0.0003942308016121387,0.0003942308016121387,0.3459778428077698,0.7689128518104553,0.38,1,1,600,FP32-token-IDs
BERT,d0judl,497,66,2005,for,for,False,sadness,-0.0013772314680474144,0.0013772314680474144,0.5557037591934204,0.9851028919219971,0.38,1,1,600,FP32-token-IDs
BERT,d0judl,497,66,2005,for,for,False,suicide intent,-0.00062158709292167,0.00062158709292167,0.11289169639348984,0.03346466273069382,0.38,0,0,600,FP32-token-IDs
BERT,d0judl,497,66,2005,for,for,False,worthlessness,-0.012240517159391727,0.012240517159391727,0.30056339502334595,0.5597262382507324,0.38,1,1,600,FP32-token-IDs
BERT,d0judl,497,67,2033,me,me,False,anger,-0.005342082509637943,0.005342082509637943,0.3122239112854004,0.10306249558925629,0.38,1,0,600,FP32-token-IDs
BERT,d0judl,497,67,2033,me,me,False,brain dysfunction (forget),-0.002914421722692038,0.002914421722692038,0.17126025259494781,0.059462424367666245,0.38,0,0,600,FP32-token-IDs
BERT,d0judl,497,67,2033,me,me,False,emptiness,-0.006923854301151421,0.006923854301151421,0.12615719437599182,0.3290400803089142,0.38,1,0,600,FP32-token-IDs
BERT,d0judl,497,67,2033,me,me,False,hopelessness,-0.011311476045687285,0.011311476045687285,0.4969296157360077,0.9616032838821411,0.38,1,1,600,FP32-token-IDs
BERT,d0judl,497,67,2033,me,me,False,loneliness,0.0003942308016121387,0.0003942308016121387,0.3459778428077698,0.7689128518104553,0.38,1,1,600,FP32-token-IDs
BERT,d0judl,497,67,2033,me,me,False,sadness,-0.0013772314680474144,0.0013772314680474144,0.5557037591934204,0.9851028919219971,0.38,1,1,600,FP32-token-IDs
BERT,d0judl,497,67,2033,me,me,False,suicide intent,-0.00062158709292167,0.00062158709292167,0.11289169639348984,0.03346466273069382,0.38,0,0,600,FP32-token-IDs
BERT,d0judl,497,67,2033,me,me,False,worthlessness,-0.012240517159391727,0.012240517159391727,0.30056339502334595,0.5597262382507324,0.38,1,1,600,FP32-token-IDs
BERT,d0judl,497,68,1012,.,.,False,anger,-0.005342082509637943,0.005342082509637943,0.3122239112854004,0.10306249558925629,0.38,1,0,600,FP32-token-IDs
BERT,d0judl,497,68,1012,.,.,False,brain dysfunction (forget),-0.002914421722692038,0.002914421722692038,0.17126025259494781,0.059462424367666245,0.38,0,0,600,FP32-token-IDs
BERT,d0judl,497,68,1012,.,.,False,emptiness,-0.006923854301151421,0.006923854301151421,0.12615719437599182,0.3290400803089142,0.38,1,0,600,FP32-token-IDs
BERT,d0judl,497,68,1012,.,.,False,hopelessness,-0.011311476045687285,0.011311476045687285,0.4969296157360077,0.9616032838821411,0.38,1,1,600,FP32-token-IDs
BERT,d0judl,497,68,1012,.,.,False,loneliness,0.0003942308016121387,0.0003942308016121387,0.3459778428077698,0.7689128518104553,0.38,1,1,600,FP32-token-IDs
BERT,d0judl,497,68,1012,.,.,False,sadness,-0.0013772314680474144,0.0013772314680474144,0.5557037591934204,0.9851028919219971,0.38,1,1,600,FP32-token-IDs
BERT,d0judl,497,68,1012,.,.,False,suicide intent,-0.00062158709292167,0.00062158709292167,0.11289169639348984,0.03346466273069382,0.38,0,0,600,FP32-token-IDs
BERT,d0judl,497,68,1012,.,.,False,worthlessness,-0.012240517159391727,0.012240517159391727,0.30056339502334595,0.5597262382507324,0.38,1,1,600,FP32-token-IDs
BERT,d0judl,497,69,1045,i,i,False,anger,0.005268304143100977,0.005268304143100977,0.3122239112854004,0.10306249558925629,0.38,1,0,600,FP32-token-IDs
BERT,d0judl,497,69,1045,i,i,False,brain dysfunction (forget),0.004803397067007609,0.004803397067007609,0.17126025259494781,0.059462424367666245,0.38,0,0,600,FP32-token-IDs
BERT,d0judl,497,69,1045,i,i,False,emptiness,0.028358750889310613,0.028358750889310613,0.12615719437599182,0.3290400803089142,0.38,1,0,600,FP32-token-IDs
BERT,d0judl,497,69,1045,i,i,False,hopelessness,0.042338814469985664,0.042338814469985664,0.4969296157360077,0.9616032838821411,0.38,1,1,600,FP32-token-IDs
BERT,d0judl,497,69,1045,i,i,False,loneliness,0.01395273965317756,0.01395273965317756,0.3459778428077698,0.7689128518104553,0.38,1,1,600,FP32-token-IDs
BERT,d0judl,497,69,1045,i,i,False,sadness,0.013510786229744554,0.013510786229744554,0.5557037591934204,0.9851028919219971,0.38,1,1,600,FP32-token-IDs
BERT,d0judl,497,69,1045,i,i,False,suicide intent,0.001527303465991281,0.001527303465991281,0.11289169639348984,0.03346466273069382,0.38,0,0,600,FP32-token-IDs
BERT,d0judl,497,69,1045,i,i,False,worthlessness,0.044392984062142204,0.044392984062142204,0.30056339502334595,0.5597262382507324,0.38,1,1,600,FP32-token-IDs
BERT,d0judl,497,70,2123,don,don,False,anger,0.006311069708317518,0.006311069708317518,0.3122239112854004,0.10306249558925629,0.38,1,0,600,FP32-token-IDs
BERT,d0judl,497,70,2123,don,don,False,brain dysfunction (forget),0.006395784783914375,0.006395784783914375,0.17126025259494781,0.059462424367666245,0.38,0,0,600,FP32-token-IDs
BERT,d0judl,497,70,2123,don,don,False,emptiness,0.03727107905433513,0.03727107905433513,0.12615719437599182,0.3290400803089142,0.38,1,0,600,FP32-token-IDs
BERT,d0judl,497,70,2123,don,don,False,hopelessness,0.055297219078056514,0.055297219078056514,0.4969296157360077,0.9616032838821411,0.38,1,1,600,FP32-token-IDs
BERT,d0judl,497,70,2123,don,don,False,loneliness,0.01724840277650704,0.01724840277650704,0.3459778428077698,0.7689128518104553,0.38,1,1,600,FP32-token-IDs
BERT,d0judl,497,70,2123,don,don,False,sadness,0.015748941882823903,0.015748941882823903,0.5557037591934204,0.9851028919219971,0.38,1,1,600,FP32-token-IDs
BERT,d0judl,497,70,2123,don,don,False,suicide intent,0.0021496737172128633,0.0021496737172128633,0.11289169639348984,0.03346466273069382,0.38,0,0,600,FP32-token-IDs
BERT,d0judl,497,70,2123,don,don,False,worthlessness,0.05332599525233187,0.05332599525233187,0.30056339502334595,0.5597262382507324,0.38,1,1,600,FP32-token-IDs
BERT,d0judl,497,71,1005,',',False,anger,0.006311069708317518,0.006311069708317518,0.3122239112854004,0.10306249558925629,0.38,1,0,600,FP32-token-IDs
BERT,d0judl,497,71,1005,',',False,brain dysfunction (forget),0.006395784783914375,0.006395784783914375,0.17126025259494781,0.059462424367666245,0.38,0,0,600,FP32-token-IDs
BERT,d0judl,497,71,1005,',',False,emptiness,0.03727107905433513,0.03727107905433513,0.12615719437599182,0.3290400803089142,0.38,1,0,600,FP32-token-IDs
BERT,d0judl,497,71,1005,',',False,hopelessness,0.055297219078056514,0.055297219078056514,0.4969296157360077,0.9616032838821411,0.38,1,1,600,FP32-token-IDs
BERT,d0judl,497,71,1005,',',False,loneliness,0.01724840277650704,0.01724840277650704,0.3459778428077698,0.7689128518104553,0.38,1,1,600,FP32-token-IDs
BERT,d0judl,497,71,1005,',',False,sadness,0.015748941882823903,0.015748941882823903,0.5557037591934204,0.9851028919219971,0.38,1,1,600,FP32-token-IDs
BERT,d0judl,497,71,1005,',',False,suicide intent,0.0021496737172128633,0.0021496737172128633,0.11289169639348984,0.03346466273069382,0.38,0,0,600,FP32-token-IDs
BERT,d0judl,497,71,1005,',',False,worthlessness,0.05332599525233187,0.05332599525233187,0.30056339502334595,0.5597262382507324,0.38,1,1,600,FP32-token-IDs
BERT,d0judl,497,72,1056,t,t,False,anger,0.006311069708317518,0.006311069708317518,0.3122239112854004,0.10306249558925629,0.38,1,0,600,FP32-token-IDs
BERT,d0judl,497,72,1056,t,t,False,brain dysfunction (forget),0.006395784783914375,0.006395784783914375,0.17126025259494781,0.059462424367666245,0.38,0,0,600,FP32-token-IDs
BERT,d0judl,497,72,1056,t,t,False,emptiness,0.03727107905433513,0.03727107905433513,0.12615719437599182,0.3290400803089142,0.38,1,0,600,FP32-token-IDs
BERT,d0judl,497,72,1056,t,t,False,hopelessness,0.055297219078056514,0.055297219078056514,0.4969296157360077,0.9616032838821411,0.38,1,1,600,FP32-token-IDs
BERT,d0judl,497,72,1056,t,t,False,loneliness,0.01724840277650704,0.01724840277650704,0.3459778428077698,0.7689128518104553,0.38,1,1,600,FP32-token-IDs
BERT,d0judl,497,72,1056,t,t,False,sadness,0.015748941882823903,0.015748941882823903,0.5557037591934204,0.9851028919219971,0.38,1,1,600,FP32-token-IDs
BERT,d0judl,497,72,1056,t,t,False,suicide intent,0.0021496737172128633,0.0021496737172128633,0.11289169639348984,0.03346466273069382,0.38,0,0,600,FP32-token-IDs
BERT,d0judl,497,72,1056,t,t,False,worthlessness,0.05332599525233187,0.05332599525233187,0.30056339502334595,0.5597262382507324,0.38,1,1,600,FP32-token-IDs
BERT,d0judl,497,73,2514,feel,feel,False,anger,0.004116643636371009,0.004116643636371009,0.3122239112854004,0.10306249558925629,0.38,1,0,600,FP32-token-IDs
BERT,d0judl,497,73,2514,feel,feel,False,brain dysfunction (forget),-0.00021864344016648825,0.00021864344016648825,0.17126025259494781,0.059462424367666245,0.38,0,0,600,FP32-token-IDs
BERT,d0judl,497,73,2514,feel,feel,False,emptiness,0.0267114112037234,0.0267114112037234,0.12615719437599182,0.3290400803089142,0.38,1,0,600,FP32-token-IDs
BERT,d0judl,497,73,2514,feel,feel,False,hopelessness,0.039090315741486845,0.039090315741486845,0.4969296157360077,0.9616032838821411,0.38,1,1,600,FP32-token-IDs
BERT,d0judl,497,73,2514,feel,feel,False,loneliness,0.013684631139039994,0.013684631139039994,0.3459778428077698,0.7689128518104553,0.38,1,1,600,FP32-token-IDs
BERT,d0judl,497,73,2514,feel,feel,False,sadness,0.018901515239849686,0.018901515239849686,0.5557037591934204,0.9851028919219971,0.38,1,1,600,FP32-token-IDs
BERT,d0judl,497,73,2514,feel,feel,False,suicide intent,-0.0007627644590684213,0.0007627644590684213,0.11289169639348984,0.03346466273069382,0.38,0,0,600,FP32-token-IDs
BERT,d0judl,497,73,2514,feel,feel,False,worthlessness,0.03728677293693181,0.03728677293693181,0.30056339502334595,0.5597262382507324,0.38,1,1,600,FP32-token-IDs
BERT,d0judl,497,74,2066,like,like,False,anger,0.004116643636371009,0.004116643636371009,0.3122239112854004,0.10306249558925629,0.38,1,0,600,FP32-token-IDs
BERT,d0judl,497,74,2066,like,like,False,brain dysfunction (forget),-0.00021864344016648825,0.00021864344016648825,0.17126025259494781,0.059462424367666245,0.38,0,0,600,FP32-token-IDs
BERT,d0judl,497,74,2066,like,like,False,emptiness,0.0267114112037234,0.0267114112037234,0.12615719437599182,0.3290400803089142,0.38,1,0,600,FP32-token-IDs
BERT,d0judl,497,74,2066,like,like,False,hopelessness,0.039090315741486845,0.039090315741486845,0.4969296157360077,0.9616032838821411,0.38,1,1,600,FP32-token-IDs
BERT,d0judl,497,74,2066,like,like,False,loneliness,0.013684631139039994,0.013684631139039994,0.3459778428077698,0.7689128518104553,0.38,1,1,600,FP32-token-IDs
BERT,d0judl,497,74,2066,like,like,False,sadness,0.018901515239849686,0.018901515239849686,0.5557037591934204,0.9851028919219971,0.38,1,1,600,FP32-token-IDs
BERT,d0judl,497,74,2066,like,like,False,suicide intent,-0.0007627644590684213,0.0007627644590684213,0.11289169639348984,0.03346466273069382,0.38,0,0,600,FP32-token-IDs
BERT,d0judl,497,74,2066,like,like,False,worthlessness,0.03728677293693181,0.03728677293693181,0.30056339502334595,0.5597262382507324,0.38,1,1,600,FP32-token-IDs
BERT,d0judl,497,75,1045,i,i,False,anger,0.01321931279768857,0.01321931279768857,0.3122239112854004,0.10306249558925629,0.38,1,0,600,FP32-token-IDs
BERT,d0judl,497,75,1045,i,i,False,brain dysfunction (forget),-0.0017816920609523852,0.0017816920609523852,0.17126025259494781,0.059462424367666245,0.38,0,0,600,FP32-token-IDs
BERT,d0judl,497,75,1045,i,i,False,emptiness,0.019003231031820177,0.019003231031820177,0.12615719437599182,0.3290400803089142,0.38,1,0,600,FP32-token-IDs
BERT,d0judl,497,75,1045,i,i,False,hopelessness,0.0456446904844294,0.0456446904844294,0.4969296157360077,0.9616032838821411,0.38,1,1,600,FP32-token-IDs
BERT,d0judl,497,75,1045,i,i,False,loneliness,0.008709928610672553,0.008709928610672553,0.3459778428077698,0.7689128518104553,0.38,1,1,600,FP32-token-IDs
BERT,d0judl,497,75,1045,i,i,False,sadness,0.023381020283947385,0.023381020283947385,0.5557037591934204,0.9851028919219971,0.38,1,1,600,FP32-token-IDs
BERT,d0judl,497,75,1045,i,i,False,suicide intent,0.0005340789551458632,0.0005340789551458632,0.11289169639348984,0.03346466273069382,0.38,0,0,600,FP32-token-IDs
BERT,d0judl,497,75,1045,i,i,False,worthlessness,0.04272231047895427,0.04272231047895427,0.30056339502334595,0.5597262382507324,0.38,1,1,600,FP32-token-IDs
BERT,d0judl,497,76,10107,deserve,deserve,False,anger,0.01321931279768857,0.01321931279768857,0.3122239112854004,0.10306249558925629,0.38,1,0,600,FP32-token-IDs
BERT,d0judl,497,76,10107,deserve,deserve,False,brain dysfunction (forget),-0.0017816920609523852,0.0017816920609523852,0.17126025259494781,0.059462424367666245,0.38,0,0,600,FP32-token-IDs
BERT,d0judl,497,76,10107,deserve,deserve,False,emptiness,0.019003231031820177,0.019003231031820177,0.12615719437599182,0.3290400803089142,0.38,1,0,600,FP32-token-IDs
BERT,d0judl,497,76,10107,deserve,deserve,False,hopelessness,0.0456446904844294,0.0456446904844294,0.4969296157360077,0.9616032838821411,0.38,1,1,600,FP32-token-IDs
BERT,d0judl,497,76,10107,deserve,deserve,False,loneliness,0.008709928610672553,0.008709928610672553,0.3459778428077698,0.7689128518104553,0.38,1,1,600,FP32-token-IDs
BERT,d0judl,497,76,10107,deserve,deserve,False,sadness,0.023381020283947385,0.023381020283947385,0.5557037591934204,0.9851028919219971,0.38,1,1,600,FP32-token-IDs
BERT,d0judl,497,76,10107,deserve,deserve,False,suicide intent,0.0005340789551458632,0.0005340789551458632,0.11289169639348984,0.03346466273069382,0.38,0,0,600,FP32-token-IDs
BERT,d0judl,497,76,10107,deserve,deserve,False,worthlessness,0.04272231047895427,0.04272231047895427,0.30056339502334595,0.5597262382507324,0.38,1,1,600,FP32-token-IDs
BERT,d0judl,497,77,2505,anything,anything,False,anger,0.01321931279768857,0.01321931279768857,0.3122239112854004,0.10306249558925629,0.38,1,0,600,FP32-token-IDs
BERT,d0judl,497,77,2505,anything,anything,False,brain dysfunction (forget),-0.0017816920609523852,0.0017816920609523852,0.17126025259494781,0.059462424367666245,0.38,0,0,600,FP32-token-IDs
BERT,d0judl,497,77,2505,anything,anything,False,emptiness,0.019003231031820177,0.019003231031820177,0.12615719437599182,0.3290400803089142,0.38,1,0,600,FP32-token-IDs
BERT,d0judl,497,77,2505,anything,anything,False,hopelessness,0.0456446904844294,0.0456446904844294,0.4969296157360077,0.9616032838821411,0.38,1,1,600,FP32-token-IDs
BERT,d0judl,497,77,2505,anything,anything,False,loneliness,0.008709928610672553,0.008709928610672553,0.3459778428077698,0.7689128518104553,0.38,1,1,600,FP32-token-IDs
BERT,d0judl,497,77,2505,anything,anything,False,sadness,0.023381020283947385,0.023381020283947385,0.5557037591934204,0.9851028919219971,0.38,1,1,600,FP32-token-IDs
BERT,d0judl,497,77,2505,anything,anything,False,suicide intent,0.0005340789551458632,0.0005340789551458632,0.11289169639348984,0.03346466273069382,0.38,0,0,600,FP32-token-IDs
BERT,d0judl,497,77,2505,anything,anything,False,worthlessness,0.04272231047895427,0.04272231047895427,0.30056339502334595,0.5597262382507324,0.38,1,1,600,FP32-token-IDs
BERT,d0judl,497,78,1998,and,and,False,anger,0.0007629828223098929,0.0007629828223098929,0.3122239112854004,0.10306249558925629,0.38,1,0,600,FP32-token-IDs
BERT,d0judl,497,78,1998,and,and,False,brain dysfunction (forget),0.002134688023943454,0.002134688023943454,0.17126025259494781,0.059462424367666245,0.38,0,0,600,FP32-token-IDs
BERT,d0judl,497,78,1998,and,and,False,emptiness,-0.01662230347820486,0.01662230347820486,0.12615719437599182,0.3290400803089142,0.38,1,0,600,FP32-token-IDs
BERT,d0judl,497,78,1998,and,and,False,hopelessness,-0.0035892614539569387,0.0035892614539569387,0.4969296157360077,0.9616032838821411,0.38,1,1,600,FP32-token-IDs
BERT,d0judl,497,78,1998,and,and,False,loneliness,-0.020299848967876573,0.020299848967876573,0.3459778428077698,0.7689128518104553,0.38,1,1,600,FP32-token-IDs
BERT,d0judl,497,78,1998,and,and,False,sadness,-0.0038553998447381534,0.0038553998447381534,0.5557037591934204,0.9851028919219971,0.38,1,1,600,FP32-token-IDs
BERT,d0judl,497,78,1998,and,and,False,suicide intent,-0.0002100044596143282,0.0002100044596143282,0.11289169639348984,0.03346466273069382,0.38,0,0,600,FP32-token-IDs
BERT,d0judl,497,78,1998,and,and,False,worthlessness,-0.0025788923741157095,0.0025788923741157095,0.30056339502334595,0.5597262382507324,0.38,1,1,600,FP32-token-IDs
BERT,d0judl,497,79,1996,the,the,False,anger,0.0007629828223098929,0.0007629828223098929,0.3122239112854004,0.10306249558925629,0.38,1,0,600,FP32-token-IDs
BERT,d0judl,497,79,1996,the,the,False,brain dysfunction (forget),0.002134688023943454,0.002134688023943454,0.17126025259494781,0.059462424367666245,0.38,0,0,600,FP32-token-IDs
BERT,d0judl,497,79,1996,the,the,False,emptiness,-0.01662230347820486,0.01662230347820486,0.12615719437599182,0.3290400803089142,0.38,1,0,600,FP32-token-IDs
BERT,d0judl,497,79,1996,the,the,False,hopelessness,-0.0035892614539569387,0.0035892614539569387,0.4969296157360077,0.9616032838821411,0.38,1,1,600,FP32-token-IDs
BERT,d0judl,497,79,1996,the,the,False,loneliness,-0.020299848967876573,0.020299848967876573,0.3459778428077698,0.7689128518104553,0.38,1,1,600,FP32-token-IDs
BERT,d0judl,497,79,1996,the,the,False,sadness,-0.0038553998447381534,0.0038553998447381534,0.5557037591934204,0.9851028919219971,0.38,1,1,600,FP32-token-IDs
BERT,d0judl,497,79,1996,the,the,False,suicide intent,-0.0002100044596143282,0.0002100044596143282,0.11289169639348984,0.03346466273069382,0.38,0,0,600,FP32-token-IDs
BERT,d0judl,497,79,1996,the,the,False,worthlessness,-0.0025788923741157095,0.0025788923741157095,0.30056339502334595,0.5597262382507324,0.38,1,1,600,FP32-token-IDs
BERT,d0judl,497,80,5038,recognition,recognition,False,anger,0.0007629828223098929,0.0007629828223098929,0.3122239112854004,0.10306249558925629,0.38,1,0,600,FP32-token-IDs
BERT,d0judl,497,80,5038,recognition,recognition,False,brain dysfunction (forget),0.002134688023943454,0.002134688023943454,0.17126025259494781,0.059462424367666245,0.38,0,0,600,FP32-token-IDs
BERT,d0judl,497,80,5038,recognition,recognition,False,emptiness,-0.01662230347820486,0.01662230347820486,0.12615719437599182,0.3290400803089142,0.38,1,0,600,FP32-token-IDs
BERT,d0judl,497,80,5038,recognition,recognition,False,hopelessness,-0.0035892614539569387,0.0035892614539569387,0.4969296157360077,0.9616032838821411,0.38,1,1,600,FP32-token-IDs
BERT,d0judl,497,80,5038,recognition,recognition,False,loneliness,-0.020299848967876573,0.020299848967876573,0.3459778428077698,0.7689128518104553,0.38,1,1,600,FP32-token-IDs
BERT,d0judl,497,80,5038,recognition,recognition,False,sadness,-0.0038553998447381534,0.0038553998447381534,0.5557037591934204,0.9851028919219971,0.38,1,1,600,FP32-token-IDs
BERT,d0judl,497,80,5038,recognition,recognition,False,suicide intent,-0.0002100044596143282,0.0002100044596143282,0.11289169639348984,0.03346466273069382,0.38,0,0,600,FP32-token-IDs
BERT,d0judl,497,80,5038,recognition,recognition,False,worthlessness,-0.0025788923741157095,0.0025788923741157095,0.30056339502334595,0.5597262382507324,0.38,1,1,600,FP32-token-IDs
BERT,d0judl,497,81,3084,makes,makes,False,anger,0.0007629828223098929,0.0007629828223098929,0.3122239112854004,0.10306249558925629,0.38,1,0,600,FP32-token-IDs
BERT,d0judl,497,81,3084,makes,makes,False,brain dysfunction (forget),0.002134688023943454,0.002134688023943454,0.17126025259494781,0.059462424367666245,0.38,0,0,600,FP32-token-IDs
BERT,d0judl,497,81,3084,makes,makes,False,emptiness,-0.01662230347820486,0.01662230347820486,0.12615719437599182,0.3290400803089142,0.38,1,0,600,FP32-token-IDs
BERT,d0judl,497,81,3084,makes,makes,False,hopelessness,-0.0035892614539569387,0.0035892614539569387,0.4969296157360077,0.9616032838821411,0.38,1,1,600,FP32-token-IDs
BERT,d0judl,497,81,3084,makes,makes,False,loneliness,-0.020299848967876573,0.020299848967876573,0.3459778428077698,0.7689128518104553,0.38,1,1,600,FP32-token-IDs
BERT,d0judl,497,81,3084,makes,makes,False,sadness,-0.0038553998447381534,0.0038553998447381534,0.5557037591934204,0.9851028919219971,0.38,1,1,600,FP32-token-IDs
BERT,d0judl,497,81,3084,makes,makes,False,suicide intent,-0.0002100044596143282,0.0002100044596143282,0.11289169639348984,0.03346466273069382,0.38,0,0,600,FP32-token-IDs
BERT,d0judl,497,81,3084,makes,makes,False,worthlessness,-0.0025788923741157095,0.0025788923741157095,0.30056339502334595,0.5597262382507324,0.38,1,1,600,FP32-token-IDs
BERT,d0judl,497,82,2033,me,me,False,anger,0.0007629828223098929,0.0007629828223098929,0.3122239112854004,0.10306249558925629,0.38,1,0,600,FP32-token-IDs
BERT,d0judl,497,82,2033,me,me,False,brain dysfunction (forget),0.002134688023943454,0.002134688023943454,0.17126025259494781,0.059462424367666245,0.38,0,0,600,FP32-token-IDs
BERT,d0judl,497,82,2033,me,me,False,emptiness,-0.01662230347820486,0.01662230347820486,0.12615719437599182,0.3290400803089142,0.38,1,0,600,FP32-token-IDs
BERT,d0judl,497,82,2033,me,me,False,hopelessness,-0.0035892614539569387,0.0035892614539569387,0.4969296157360077,0.9616032838821411,0.38,1,1,600,FP32-token-IDs
BERT,d0judl,497,82,2033,me,me,False,loneliness,-0.020299848967876573,0.020299848967876573,0.3459778428077698,0.7689128518104553,0.38,1,1,600,FP32-token-IDs
BERT,d0judl,497,82,2033,me,me,False,sadness,-0.0038553998447381534,0.0038553998447381534,0.5557037591934204,0.9851028919219971,0.38,1,1,600,FP32-token-IDs
BERT,d0judl,497,82,2033,me,me,False,suicide intent,-0.0002100044596143282,0.0002100044596143282,0.11289169639348984,0.03346466273069382,0.38,0,0,600,FP32-token-IDs
BERT,d0judl,497,82,2033,me,me,False,worthlessness,-0.0025788923741157095,0.0025788923741157095,0.30056339502334595,0.5597262382507324,0.38,1,1,600,FP32-token-IDs
BERT,d0judl,497,83,13675,cr,cr,False,anger,0.002762439497858465,0.002762439497858465,0.3122239112854004,0.10306249558925629,0.38,1,0,600,FP32-token-IDs
BERT,d0judl,497,83,13675,cr,cr,False,brain dysfunction (forget),0.0020666948475991376,0.0020666948475991376,0.17126025259494781,0.059462424367666245,0.38,0,0,600,FP32-token-IDs
BERT,d0judl,497,83,13675,cr,cr,False,emptiness,-0.013054537219711794,0.013054537219711794,0.12615719437599182,0.3290400803089142,0.38,1,0,600,FP32-token-IDs
BERT,d0judl,497,83,13675,cr,cr,False,hopelessness,0.004116937192380787,0.004116937192380787,0.4969296157360077,0.9616032838821411,0.38,1,1,600,FP32-token-IDs
BERT,d0judl,497,83,13675,cr,cr,False,loneliness,-0.02006662226183555,0.02006662226183555,0.3459778428077698,0.7689128518104553,0.38,1,1,600,FP32-token-IDs
BERT,d0judl,497,83,13675,cr,cr,False,sadness,0.002274088946600946,0.002274088946600946,0.5557037591934204,0.9851028919219971,0.38,1,1,600,FP32-token-IDs
BERT,d0judl,497,83,13675,cr,cr,False,suicide intent,-0.0006668279022330982,0.0006668279022330982,0.11289169639348984,0.03346466273069382,0.38,0,0,600,FP32-token-IDs
BERT,d0judl,497,83,13675,cr,cr,False,worthlessness,0.003874976148906101,0.003874976148906101,0.30056339502334595,0.5597262382507324,0.38,1,1,600,FP32-token-IDs
BERT,d0judl,497,84,23496,##inge,inge,False,anger,0.002762439497858465,0.002762439497858465,0.3122239112854004,0.10306249558925629,0.38,1,0,600,FP32-token-IDs
BERT,d0judl,497,84,23496,##inge,inge,False,brain dysfunction (forget),0.0020666948475991376,0.0020666948475991376,0.17126025259494781,0.059462424367666245,0.38,0,0,600,FP32-token-IDs
BERT,d0judl,497,84,23496,##inge,inge,False,emptiness,-0.013054537219711794,0.013054537219711794,0.12615719437599182,0.3290400803089142,0.38,1,0,600,FP32-token-IDs
BERT,d0judl,497,84,23496,##inge,inge,False,hopelessness,0.004116937192380787,0.004116937192380787,0.4969296157360077,0.9616032838821411,0.38,1,1,600,FP32-token-IDs
BERT,d0judl,497,84,23496,##inge,inge,False,loneliness,-0.02006662226183555,0.02006662226183555,0.3459778428077698,0.7689128518104553,0.38,1,1,600,FP32-token-IDs
BERT,d0judl,497,84,23496,##inge,inge,False,sadness,0.002274088946600946,0.002274088946600946,0.5557037591934204,0.9851028919219971,0.38,1,1,600,FP32-token-IDs
BERT,d0judl,497,84,23496,##inge,inge,False,suicide intent,-0.0006668279022330982,0.0006668279022330982,0.11289169639348984,0.03346466273069382,0.38,0,0,600,FP32-token-IDs
BERT,d0judl,497,84,23496,##inge,inge,False,worthlessness,0.003874976148906101,0.003874976148906101,0.30056339502334595,0.5597262382507324,0.38,1,1,600,FP32-token-IDs
BERT,d0judl,497,85,2138,because,because,False,anger,0.002762439497858465,0.002762439497858465,0.3122239112854004,0.10306249558925629,0.38,1,0,600,FP32-token-IDs
BERT,d0judl,497,85,2138,because,because,False,brain dysfunction (forget),0.0020666948475991376,0.0020666948475991376,0.17126025259494781,0.059462424367666245,0.38,0,0,600,FP32-token-IDs
BERT,d0judl,497,85,2138,because,because,False,emptiness,-0.013054537219711794,0.013054537219711794,0.12615719437599182,0.3290400803089142,0.38,1,0,600,FP32-token-IDs
BERT,d0judl,497,85,2138,because,because,False,hopelessness,0.004116937192380787,0.004116937192380787,0.4969296157360077,0.9616032838821411,0.38,1,1,600,FP32-token-IDs
BERT,d0judl,497,85,2138,because,because,False,loneliness,-0.02006662226183555,0.02006662226183555,0.3459778428077698,0.7689128518104553,0.38,1,1,600,FP32-token-IDs
BERT,d0judl,497,85,2138,because,because,False,sadness,0.002274088946600946,0.002274088946600946,0.5557037591934204,0.9851028919219971,0.38,1,1,600,FP32-token-IDs
BERT,d0judl,497,85,2138,because,because,False,suicide intent,-0.0006668279022330982,0.0006668279022330982,0.11289169639348984,0.03346466273069382,0.38,0,0,600,FP32-token-IDs
BERT,d0judl,497,85,2138,because,because,False,worthlessness,0.003874976148906101,0.003874976148906101,0.30056339502334595,0.5597262382507324,0.38,1,1,600,FP32-token-IDs
BERT,d0judl,497,86,1045,i,i,False,anger,0.002762439497858465,0.002762439497858465,0.3122239112854004,0.10306249558925629,0.38,1,0,600,FP32-token-IDs
BERT,d0judl,497,86,1045,i,i,False,brain dysfunction (forget),0.0020666948475991376,0.0020666948475991376,0.17126025259494781,0.059462424367666245,0.38,0,0,600,FP32-token-IDs
BERT,d0judl,497,86,1045,i,i,False,emptiness,-0.013054537219711794,0.013054537219711794,0.12615719437599182,0.3290400803089142,0.38,1,0,600,FP32-token-IDs
BERT,d0judl,497,86,1045,i,i,False,hopelessness,0.004116937192380787,0.004116937192380787,0.4969296157360077,0.9616032838821411,0.38,1,1,600,FP32-token-IDs
BERT,d0judl,497,86,1045,i,i,False,loneliness,-0.02006662226183555,0.02006662226183555,0.3459778428077698,0.7689128518104553,0.38,1,1,600,FP32-token-IDs
BERT,d0judl,497,86,1045,i,i,False,sadness,0.002274088946600946,0.002274088946600946,0.5557037591934204,0.9851028919219971,0.38,1,1,600,FP32-token-IDs
BERT,d0judl,497,86,1045,i,i,False,suicide intent,-0.0006668279022330982,0.0006668279022330982,0.11289169639348984,0.03346466273069382,0.38,0,0,600,FP32-token-IDs
BERT,d0judl,497,86,1045,i,i,False,worthlessness,0.003874976148906101,0.003874976148906101,0.30056339502334595,0.5597262382507324,0.38,1,1,600,FP32-token-IDs
BERT,d0judl,497,87,2074,just,just,False,anger,0.002762439497858465,0.002762439497858465,0.3122239112854004,0.10306249558925629,0.38,1,0,600,FP32-token-IDs
BERT,d0judl,497,87,2074,just,just,False,brain dysfunction (forget),0.0020666948475991376,0.0020666948475991376,0.17126025259494781,0.059462424367666245,0.38,0,0,600,FP32-token-IDs
BERT,d0judl,497,87,2074,just,just,False,emptiness,-0.013054537219711794,0.013054537219711794,0.12615719437599182,0.3290400803089142,0.38,1,0,600,FP32-token-IDs
BERT,d0judl,497,87,2074,just,just,False,hopelessness,0.004116937192380787,0.004116937192380787,0.4969296157360077,0.9616032838821411,0.38,1,1,600,FP32-token-IDs
BERT,d0judl,497,87,2074,just,just,False,loneliness,-0.02006662226183555,0.02006662226183555,0.3459778428077698,0.7689128518104553,0.38,1,1,600,FP32-token-IDs
BERT,d0judl,497,87,2074,just,just,False,sadness,0.002274088946600946,0.002274088946600946,0.5557037591934204,0.9851028919219971,0.38,1,1,600,FP32-token-IDs
BERT,d0judl,497,87,2074,just,just,False,suicide intent,-0.0006668279022330982,0.0006668279022330982,0.11289169639348984,0.03346466273069382,0.38,0,0,600,FP32-token-IDs
BERT,d0judl,497,87,2074,just,just,False,worthlessness,0.003874976148906101,0.003874976148906101,0.30056339502334595,0.5597262382507324,0.38,1,1,600,FP32-token-IDs
BERT,d0judl,497,88,2031,have,have,False,anger,0.002762439497858465,0.002762439497858465,0.3122239112854004,0.10306249558925629,0.38,1,0,600,FP32-token-IDs
BERT,d0judl,497,88,2031,have,have,False,brain dysfunction (forget),0.0020666948475991376,0.0020666948475991376,0.17126025259494781,0.059462424367666245,0.38,0,0,600,FP32-token-IDs
BERT,d0judl,497,88,2031,have,have,False,emptiness,-0.013054537219711794,0.013054537219711794,0.12615719437599182,0.3290400803089142,0.38,1,0,600,FP32-token-IDs
BERT,d0judl,497,88,2031,have,have,False,hopelessness,0.004116937192380787,0.004116937192380787,0.4969296157360077,0.9616032838821411,0.38,1,1,600,FP32-token-IDs
BERT,d0judl,497,88,2031,have,have,False,loneliness,-0.02006662226183555,0.02006662226183555,0.3459778428077698,0.7689128518104553,0.38,1,1,600,FP32-token-IDs
BERT,d0judl,497,88,2031,have,have,False,sadness,0.002274088946600946,0.002274088946600946,0.5557037591934204,0.9851028919219971,0.38,1,1,600,FP32-token-IDs
BERT,d0judl,497,88,2031,have,have,False,suicide intent,-0.0006668279022330982,0.0006668279022330982,0.11289169639348984,0.03346466273069382,0.38,0,0,600,FP32-token-IDs
BERT,d0judl,497,88,2031,have,have,False,worthlessness,0.003874976148906101,0.003874976148906101,0.30056339502334595,0.5597262382507324,0.38,1,1,600,FP32-token-IDs
BERT,d0judl,497,89,2061,so,so,False,anger,0.002762439497858465,0.002762439497858465,0.3122239112854004,0.10306249558925629,0.38,1,0,600,FP32-token-IDs
BERT,d0judl,497,89,2061,so,so,False,brain dysfunction (forget),0.0020666948475991376,0.0020666948475991376,0.17126025259494781,0.059462424367666245,0.38,0,0,600,FP32-token-IDs
BERT,d0judl,497,89,2061,so,so,False,emptiness,-0.013054537219711794,0.013054537219711794,0.12615719437599182,0.3290400803089142,0.38,1,0,600,FP32-token-IDs
BERT,d0judl,497,89,2061,so,so,False,hopelessness,0.004116937192380787,0.004116937192380787,0.4969296157360077,0.9616032838821411,0.38,1,1,600,FP32-token-IDs
BERT,d0judl,497,89,2061,so,so,False,loneliness,-0.02006662226183555,0.02006662226183555,0.3459778428077698,0.7689128518104553,0.38,1,1,600,FP32-token-IDs
BERT,d0judl,497,89,2061,so,so,False,sadness,0.002274088946600946,0.002274088946600946,0.5557037591934204,0.9851028919219971,0.38,1,1,600,FP32-token-IDs
BERT,d0judl,497,89,2061,so,so,False,suicide intent,-0.0006668279022330982,0.0006668279022330982,0.11289169639348984,0.03346466273069382,0.38,0,0,600,FP32-token-IDs
BERT,d0judl,497,89,2061,so,so,False,worthlessness,0.003874976148906101,0.003874976148906101,0.30056339502334595,0.5597262382507324,0.38,1,1,600,FP32-token-IDs
BERT,d0judl,497,90,2116,many,many,False,anger,0.002762439497858465,0.002762439497858465,0.3122239112854004,0.10306249558925629,0.38,1,0,600,FP32-token-IDs
BERT,d0judl,497,90,2116,many,many,False,brain dysfunction (forget),0.0020666948475991376,0.0020666948475991376,0.17126025259494781,0.059462424367666245,0.38,0,0,600,FP32-token-IDs
BERT,d0judl,497,90,2116,many,many,False,emptiness,-0.013054537219711794,0.013054537219711794,0.12615719437599182,0.3290400803089142,0.38,1,0,600,FP32-token-IDs
BERT,d0judl,497,90,2116,many,many,False,hopelessness,0.004116937192380787,0.004116937192380787,0.4969296157360077,0.9616032838821411,0.38,1,1,600,FP32-token-IDs
BERT,d0judl,497,90,2116,many,many,False,loneliness,-0.02006662226183555,0.02006662226183555,0.3459778428077698,0.7689128518104553,0.38,1,1,600,FP32-token-IDs
BERT,d0judl,497,90,2116,many,many,False,sadness,0.002274088946600946,0.002274088946600946,0.5557037591934204,0.9851028919219971,0.38,1,1,600,FP32-token-IDs
BERT,d0judl,497,90,2116,many,many,False,suicide intent,-0.0006668279022330982,0.0006668279022330982,0.11289169639348984,0.03346466273069382,0.38,0,0,600,FP32-token-IDs
BERT,d0judl,497,90,2116,many,many,False,worthlessness,0.003874976148906101,0.003874976148906101,0.30056339502334595,0.5597262382507324,0.38,1,1,600,FP32-token-IDs
BERT,d0judl,497,91,4997,negative,negative,False,anger,-0.0018580717965960502,0.0018580717965960502,0.3122239112854004,0.10306249558925629,0.38,1,0,600,FP32-token-IDs
BERT,d0judl,497,91,4997,negative,negative,False,brain dysfunction (forget),-0.0004343983659055084,0.0004343983659055084,0.17126025259494781,0.059462424367666245,0.38,0,0,600,FP32-token-IDs
BERT,d0judl,497,91,4997,negative,negative,False,emptiness,-0.0006359738181345165,0.0006359738181345165,0.12615719437599182,0.3290400803089142,0.38,1,0,600,FP32-token-IDs
BERT,d0judl,497,91,4997,negative,negative,False,hopelessness,0.006381781026721001,0.006381781026721001,0.4969296157360077,0.9616032838821411,0.38,1,1,600,FP32-token-IDs
BERT,d0judl,497,91,4997,negative,negative,False,loneliness,-0.0051575298886746175,0.0051575298886746175,0.3459778428077698,0.7689128518104553,0.38,1,1,600,FP32-token-IDs
BERT,d0judl,497,91,4997,negative,negative,False,sadness,0.013240315159782768,0.013240315159782768,0.5557037591934204,0.9851028919219971,0.38,1,1,600,FP32-token-IDs
BERT,d0judl,497,91,4997,negative,negative,False,suicide intent,-0.00294648800190771,0.00294648800190771,0.11289169639348984,0.03346466273069382,0.38,0,0,600,FP32-token-IDs
BERT,d0judl,497,91,4997,negative,negative,False,worthlessness,0.007902250869665294,0.007902250869665294,0.30056339502334595,0.5597262382507324,0.38,1,1,600,FP32-token-IDs
BERT,d0judl,497,92,5346,feelings,feelings,False,anger,-0.0018580717965960502,0.0018580717965960502,0.3122239112854004,0.10306249558925629,0.38,1,0,600,FP32-token-IDs
BERT,d0judl,497,92,5346,feelings,feelings,False,brain dysfunction (forget),-0.0004343983659055084,0.0004343983659055084,0.17126025259494781,0.059462424367666245,0.38,0,0,600,FP32-token-IDs
BERT,d0judl,497,92,5346,feelings,feelings,False,emptiness,-0.0006359738181345165,0.0006359738181345165,0.12615719437599182,0.3290400803089142,0.38,1,0,600,FP32-token-IDs
BERT,d0judl,497,92,5346,feelings,feelings,False,hopelessness,0.006381781026721001,0.006381781026721001,0.4969296157360077,0.9616032838821411,0.38,1,1,600,FP32-token-IDs
BERT,d0judl,497,92,5346,feelings,feelings,False,loneliness,-0.0051575298886746175,0.0051575298886746175,0.3459778428077698,0.7689128518104553,0.38,1,1,600,FP32-token-IDs
BERT,d0judl,497,92,5346,feelings,feelings,False,sadness,0.013240315159782768,0.013240315159782768,0.5557037591934204,0.9851028919219971,0.38,1,1,600,FP32-token-IDs
BERT,d0judl,497,92,5346,feelings,feelings,False,suicide intent,-0.00294648800190771,0.00294648800190771,0.11289169639348984,0.03346466273069382,0.38,0,0,600,FP32-token-IDs
BERT,d0judl,497,92,5346,feelings,feelings,False,worthlessness,0.007902250869665294,0.007902250869665294,0.30056339502334595,0.5597262382507324,0.38,1,1,600,FP32-token-IDs
BERT,d0judl,497,93,2055,about,about,False,anger,-0.0018580717965960502,0.0018580717965960502,0.3122239112854004,0.10306249558925629,0.38,1,0,600,FP32-token-IDs
BERT,d0judl,497,93,2055,about,about,False,brain dysfunction (forget),-0.0004343983659055084,0.0004343983659055084,0.17126025259494781,0.059462424367666245,0.38,0,0,600,FP32-token-IDs
BERT,d0judl,497,93,2055,about,about,False,emptiness,-0.0006359738181345165,0.0006359738181345165,0.12615719437599182,0.3290400803089142,0.38,1,0,600,FP32-token-IDs
BERT,d0judl,497,93,2055,about,about,False,hopelessness,0.006381781026721001,0.006381781026721001,0.4969296157360077,0.9616032838821411,0.38,1,1,600,FP32-token-IDs
BERT,d0judl,497,93,2055,about,about,False,loneliness,-0.0051575298886746175,0.0051575298886746175,0.3459778428077698,0.7689128518104553,0.38,1,1,600,FP32-token-IDs
BERT,d0judl,497,93,2055,about,about,False,sadness,0.013240315159782768,0.013240315159782768,0.5557037591934204,0.9851028919219971,0.38,1,1,600,FP32-token-IDs
BERT,d0judl,497,93,2055,about,about,False,suicide intent,-0.00294648800190771,0.00294648800190771,0.11289169639348984,0.03346466273069382,0.38,0,0,600,FP32-token-IDs
BERT,d0judl,497,93,2055,about,about,False,worthlessness,0.007902250869665294,0.007902250869665294,0.30056339502334595,0.5597262382507324,0.38,1,1,600,FP32-token-IDs
BERT,d0judl,497,94,2870,myself,myself,False,anger,-0.0018580717965960502,0.0018580717965960502,0.3122239112854004,0.10306249558925629,0.38,1,0,600,FP32-token-IDs
BERT,d0judl,497,94,2870,myself,myself,False,brain dysfunction (forget),-0.0004343983659055084,0.0004343983659055084,0.17126025259494781,0.059462424367666245,0.38,0,0,600,FP32-token-IDs
BERT,d0judl,497,94,2870,myself,myself,False,emptiness,-0.0006359738181345165,0.0006359738181345165,0.12615719437599182,0.3290400803089142,0.38,1,0,600,FP32-token-IDs
BERT,d0judl,497,94,2870,myself,myself,False,hopelessness,0.006381781026721001,0.006381781026721001,0.4969296157360077,0.9616032838821411,0.38,1,1,600,FP32-token-IDs
BERT,d0judl,497,94,2870,myself,myself,False,loneliness,-0.0051575298886746175,0.0051575298886746175,0.3459778428077698,0.7689128518104553,0.38,1,1,600,FP32-token-IDs
BERT,d0judl,497,94,2870,myself,myself,False,sadness,0.013240315159782768,0.013240315159782768,0.5557037591934204,0.9851028919219971,0.38,1,1,600,FP32-token-IDs
BERT,d0judl,497,94,2870,myself,myself,False,suicide intent,-0.00294648800190771,0.00294648800190771,0.11289169639348984,0.03346466273069382,0.38,0,0,600,FP32-token-IDs
BERT,d0judl,497,94,2870,myself,myself,False,worthlessness,0.007902250869665294,0.007902250869665294,0.30056339502334595,0.5597262382507324,0.38,1,1,600,FP32-token-IDs
BERT,d0judl,497,95,1012,.,.,False,anger,-0.0016134030534885823,0.0016134030534885823,0.3122239112854004,0.10306249558925629,0.38,1,0,600,FP32-token-IDs
BERT,d0judl,497,95,1012,.,.,False,brain dysfunction (forget),0.00023949777241796257,0.00023949777241796257,0.17126025259494781,0.059462424367666245,0.38,0,0,600,FP32-token-IDs
BERT,d0judl,497,95,1012,.,.,False,emptiness,0.0003321609692648053,0.0003321609692648053,0.12615719437599182,0.3290400803089142,0.38,1,0,600,FP32-token-IDs
BERT,d0judl,497,95,1012,.,.,False,hopelessness,0.008987738471478223,0.008987738471478223,0.4969296157360077,0.9616032838821411,0.38,1,1,600,FP32-token-IDs
BERT,d0judl,497,95,1012,.,.,False,loneliness,-0.006793145835399628,0.006793145835399628,0.3459778428077698,0.7689128518104553,0.38,1,1,600,FP32-token-IDs
BERT,d0judl,497,95,1012,.,.,False,sadness,0.013500446826219559,0.013500446826219559,0.5557037591934204,0.9851028919219971,0.38,1,1,600,FP32-token-IDs
BERT,d0judl,497,95,1012,.,.,False,suicide intent,-0.0022106524294940753,0.0022106524294940753,0.11289169639348984,0.03346466273069382,0.38,0,0,600,FP32-token-IDs
BERT,d0judl,497,95,1012,.,.,False,worthlessness,0.009600353060523047,0.009600353060523047,0.30056339502334595,0.5597262382507324,0.38,1,1,600,FP32-token-IDs
BERT,d0judl,497,96,2066,like,like,False,anger,-0.0009325141290901229,0.0009325141290901229,0.3122239112854004,0.10306249558925629,0.38,1,0,600,FP32-token-IDs
BERT,d0judl,497,96,2066,like,like,False,brain dysfunction (forget),0.0026303422346245497,0.0026303422346245497,0.17126025259494781,0.059462424367666245,0.38,0,0,600,FP32-token-IDs
BERT,d0judl,497,96,2066,like,like,False,emptiness,0.029560848517576233,0.029560848517576233,0.12615719437599182,0.3290400803089142,0.38,1,0,600,FP32-token-IDs
BERT,d0judl,497,96,2066,like,like,False,hopelessness,0.03181008528918028,0.03181008528918028,0.4969296157360077,0.9616032838821411,0.38,1,1,600,FP32-token-IDs
BERT,d0judl,497,96,2066,like,like,False,loneliness,0.01605296145135071,0.01605296145135071,0.3459778428077698,0.7689128518104553,0.38,1,1,600,FP32-token-IDs
BERT,d0judl,497,96,2066,like,like,False,sadness,0.011629462707787752,0.011629462707787752,0.5557037591934204,0.9851028919219971,0.38,1,1,600,FP32-token-IDs
BERT,d0judl,497,96,2066,like,like,False,suicide intent,0.0023017057865217794,0.0023017057865217794,0.11289169639348984,0.03346466273069382,0.38,0,0,600,FP32-token-IDs
BERT,d0judl,497,96,2066,like,like,False,worthlessness,0.014126270718406886,0.014126270718406886,0.30056339502334595,0.5597262382507324,0.38,1,1,600,FP32-token-IDs
BERT,d0judl,497,97,1045,i,i,False,anger,-0.0009325141290901229,0.0009325141290901229,0.3122239112854004,0.10306249558925629,0.38,1,0,600,FP32-token-IDs
BERT,d0judl,497,97,1045,i,i,False,brain dysfunction (forget),0.0026303422346245497,0.0026303422346245497,0.17126025259494781,0.059462424367666245,0.38,0,0,600,FP32-token-IDs
BERT,d0judl,497,97,1045,i,i,False,emptiness,0.029560848517576233,0.029560848517576233,0.12615719437599182,0.3290400803089142,0.38,1,0,600,FP32-token-IDs
BERT,d0judl,497,97,1045,i,i,False,hopelessness,0.03181008528918028,0.03181008528918028,0.4969296157360077,0.9616032838821411,0.38,1,1,600,FP32-token-IDs
BERT,d0judl,497,97,1045,i,i,False,loneliness,0.01605296145135071,0.01605296145135071,0.3459778428077698,0.7689128518104553,0.38,1,1,600,FP32-token-IDs
BERT,d0judl,497,97,1045,i,i,False,sadness,0.011629462707787752,0.011629462707787752,0.5557037591934204,0.9851028919219971,0.38,1,1,600,FP32-token-IDs
BERT,d0judl,497,97,1045,i,i,False,suicide intent,0.0023017057865217794,0.0023017057865217794,0.11289169639348984,0.03346466273069382,0.38,0,0,600,FP32-token-IDs
BERT,d0judl,497,97,1045,i,i,False,worthlessness,0.014126270718406886,0.014126270718406886,0.30056339502334595,0.5597262382507324,0.38,1,1,600,FP32-token-IDs
BERT,d0judl,497,98,2074,just,just,False,anger,0.0049300288810627535,0.0049300288810627535,0.3122239112854004,0.10306249558925629,0.38,1,0,600,FP32-token-IDs
BERT,d0judl,497,98,2074,just,just,False,brain dysfunction (forget),0.0025901820918079466,0.0025901820918079466,0.17126025259494781,0.059462424367666245,0.38,0,0,600,FP32-token-IDs
BERT,d0judl,497,98,2074,just,just,False,emptiness,0.02717662524082698,0.02717662524082698,0.12615719437599182,0.3290400803089142,0.38,1,0,600,FP32-token-IDs
BERT,d0judl,497,98,2074,just,just,False,hopelessness,0.03207478206604719,0.03207478206604719,0.4969296157360077,0.9616032838821411,0.38,1,1,600,FP32-token-IDs
BERT,d0judl,497,98,2074,just,just,False,loneliness,0.014691374366520904,0.014691374366520904,0.3459778428077698,0.7689128518104553,0.38,1,1,600,FP32-token-IDs
BERT,d0judl,497,98,2074,just,just,False,sadness,0.01289328746497631,0.01289328746497631,0.5557037591934204,0.9851028919219971,0.38,1,1,600,FP32-token-IDs
BERT,d0judl,497,98,2074,just,just,False,suicide intent,0.003191356507159071,0.003191356507159071,0.11289169639348984,0.03346466273069382,0.38,0,0,600,FP32-token-IDs
BERT,d0judl,497,98,2074,just,just,False,worthlessness,0.015078884258400649,0.015078884258400649,0.30056339502334595,0.5597262382507324,0.38,1,1,600,FP32-token-IDs
BERT,d0judl,497,99,2215,want,want,False,anger,0.0049300288810627535,0.0049300288810627535,0.3122239112854004,0.10306249558925629,0.38,1,0,600,FP32-token-IDs
BERT,d0judl,497,99,2215,want,want,False,brain dysfunction (forget),0.0025901820918079466,0.0025901820918079466,0.17126025259494781,0.059462424367666245,0.38,0,0,600,FP32-token-IDs
BERT,d0judl,497,99,2215,want,want,False,emptiness,0.02717662524082698,0.02717662524082698,0.12615719437599182,0.3290400803089142,0.38,1,0,600,FP32-token-IDs
BERT,d0judl,497,99,2215,want,want,False,hopelessness,0.03207478206604719,0.03207478206604719,0.4969296157360077,0.9616032838821411,0.38,1,1,600,FP32-token-IDs
BERT,d0judl,497,99,2215,want,want,False,loneliness,0.014691374366520904,0.014691374366520904,0.3459778428077698,0.7689128518104553,0.38,1,1,600,FP32-token-IDs
BERT,d0judl,497,99,2215,want,want,False,sadness,0.01289328746497631,0.01289328746497631,0.5557037591934204,0.9851028919219971,0.38,1,1,600,FP32-token-IDs
BERT,d0judl,497,99,2215,want,want,False,suicide intent,0.003191356507159071,0.003191356507159071,0.11289169639348984,0.03346466273069382,0.38,0,0,600,FP32-token-IDs
BERT,d0judl,497,99,2215,want,want,False,worthlessness,0.015078884258400649,0.015078884258400649,0.30056339502334595,0.5597262382507324,0.38,1,1,600,FP32-token-IDs
BERT,d0judl,497,100,2000,to,to,False,anger,0.00032188076875172555,0.00032188076875172555,0.3122239112854004,0.10306249558925629,0.38,1,0,600,FP32-token-IDs
BERT,d0judl,497,100,2000,to,to,False,brain dysfunction (forget),-0.0006203893863130361,0.0006203893863130361,0.17126025259494781,0.059462424367666245,0.38,0,0,600,FP32-token-IDs
BERT,d0judl,497,100,2000,to,to,False,emptiness,0.016796468204120174,0.016796468204120174,0.12615719437599182,0.3290400803089142,0.38,1,0,600,FP32-token-IDs
BERT,d0judl,497,100,2000,to,to,False,hopelessness,0.00737012445461005,0.00737012445461005,0.4969296157360077,0.9616032838821411,0.38,1,1,600,FP32-token-IDs
BERT,d0judl,497,100,2000,to,to,False,loneliness,0.014623027585912496,0.014623027585912496,0.3459778428077698,0.7689128518104553,0.38,1,1,600,FP32-token-IDs
BERT,d0judl,497,100,2000,to,to,False,sadness,0.006360605591908097,0.006360605591908097,0.5557037591934204,0.9851028919219971,0.38,1,1,600,FP32-token-IDs
BERT,d0judl,497,100,2000,to,to,False,suicide intent,0.0014679281703138258,0.0014679281703138258,0.11289169639348984,0.03346466273069382,0.38,0,0,600,FP32-token-IDs
BERT,d0judl,497,100,2000,to,to,False,worthlessness,0.006504058153950609,0.006504058153950609,0.30056339502334595,0.5597262382507324,0.38,1,1,600,FP32-token-IDs
BERT,d0judl,497,101,2022,be,be,False,anger,0.00032188076875172555,0.00032188076875172555,0.3122239112854004,0.10306249558925629,0.38,1,0,600,FP32-token-IDs
BERT,d0judl,497,101,2022,be,be,False,brain dysfunction (forget),-0.0006203893863130361,0.0006203893863130361,0.17126025259494781,0.059462424367666245,0.38,0,0,600,FP32-token-IDs
BERT,d0judl,497,101,2022,be,be,False,emptiness,0.016796468204120174,0.016796468204120174,0.12615719437599182,0.3290400803089142,0.38,1,0,600,FP32-token-IDs
BERT,d0judl,497,101,2022,be,be,False,hopelessness,0.00737012445461005,0.00737012445461005,0.4969296157360077,0.9616032838821411,0.38,1,1,600,FP32-token-IDs
BERT,d0judl,497,101,2022,be,be,False,loneliness,0.014623027585912496,0.014623027585912496,0.3459778428077698,0.7689128518104553,0.38,1,1,600,FP32-token-IDs
BERT,d0judl,497,101,2022,be,be,False,sadness,0.006360605591908097,0.006360605591908097,0.5557037591934204,0.9851028919219971,0.38,1,1,600,FP32-token-IDs
BERT,d0judl,497,101,2022,be,be,False,suicide intent,0.0014679281703138258,0.0014679281703138258,0.11289169639348984,0.03346466273069382,0.38,0,0,600,FP32-token-IDs
BERT,d0judl,497,101,2022,be,be,False,worthlessness,0.006504058153950609,0.006504058153950609,0.30056339502334595,0.5597262382507324,0.38,1,1,600,FP32-token-IDs
BERT,d0judl,497,102,2187,left,left,False,anger,-0.019051524519454688,0.019051524519454688,0.3122239112854004,0.10306249558925629,0.38,1,0,600,FP32-token-IDs
BERT,d0judl,497,102,2187,left,left,False,brain dysfunction (forget),-0.018182909960160032,0.018182909960160032,0.17126025259494781,0.059462424367666245,0.38,0,0,600,FP32-token-IDs
BERT,d0judl,497,102,2187,left,left,False,emptiness,0.12122697007725947,0.12122697007725947,0.12615719437599182,0.3290400803089142,0.38,1,0,600,FP32-token-IDs
BERT,d0judl,497,102,2187,left,left,False,hopelessness,0.026548083988018334,0.026548083988018334,0.4969296157360077,0.9616032838821411,0.38,1,1,600,FP32-token-IDs
BERT,d0judl,497,102,2187,left,left,False,loneliness,0.21269058712641709,0.21269058712641709,0.3459778428077698,0.7689128518104553,0.38,1,1,600,FP32-token-IDs
BERT,d0judl,497,102,2187,left,left,False,sadness,0.0252910943236202,0.0252910943236202,0.5557037591934204,0.9851028919219971,0.38,1,1,600,FP32-token-IDs
BERT,d0judl,497,102,2187,left,left,False,suicide intent,-0.002873998586437665,0.002873998586437665,0.11289169639348984,0.03346466273069382,0.38,0,0,600,FP32-token-IDs
BERT,d0judl,497,102,2187,left,left,False,worthlessness,-0.014815046291914769,0.014815046291914769,0.30056339502334595,0.5597262382507324,0.38,1,1,600,FP32-token-IDs
BERT,d0judl,497,103,2894,alone,alone,False,anger,-0.02185671537881717,0.02185671537881717,0.3122239112854004,0.10306249558925629,0.38,1,0,600,FP32-token-IDs
BERT,d0judl,497,103,2894,alone,alone,False,brain dysfunction (forget),-0.01987696989090182,0.01987696989090182,0.17126025259494781,0.059462424367666245,0.38,0,0,600,FP32-token-IDs
BERT,d0judl,497,103,2894,alone,alone,False,emptiness,0.12750668692751788,0.12750668692751788,0.12615719437599182,0.3290400803089142,0.38,1,0,600,FP32-token-IDs
BERT,d0judl,497,103,2894,alone,alone,False,hopelessness,0.025008135591633618,0.025008135591633618,0.4969296157360077,0.9616032838821411,0.38,1,1,600,FP32-token-IDs
BERT,d0judl,497,103,2894,alone,alone,False,loneliness,0.236650768405525,0.236650768405525,0.3459778428077698,0.7689128518104553,0.38,1,1,600,FP32-token-IDs
BERT,d0judl,497,103,2894,alone,alone,False,sadness,0.02607853221707046,0.02607853221707046,0.5557037591934204,0.9851028919219971,0.38,1,1,600,FP32-token-IDs
BERT,d0judl,497,103,2894,alone,alone,False,suicide intent,-0.003255775161960628,0.003255775161960628,0.11289169639348984,0.03346466273069382,0.38,0,0,600,FP32-token-IDs
BERT,d0judl,497,103,2894,alone,alone,False,worthlessness,-0.023683911495027132,0.023683911495027132,0.30056339502334595,0.5597262382507324,0.38,1,1,600,FP32-token-IDs
BERT,d0judl,497,104,2000,to,to,False,anger,0.005813448072876782,0.005813448072876782,0.3122239112854004,0.10306249558925629,0.38,1,0,600,FP32-token-IDs
BERT,d0judl,497,104,2000,to,to,False,brain dysfunction (forget),-0.0035130747807367397,0.0035130747807367397,0.17126025259494781,0.059462424367666245,0.38,0,0,600,FP32-token-IDs
BERT,d0judl,497,104,2000,to,to,False,emptiness,-0.0018901226809248327,0.0018901226809248327,0.12615719437599182,0.3290400803089142,0.38,1,0,600,FP32-token-IDs
BERT,d0judl,497,104,2000,to,to,False,hopelessness,0.020033624822584292,0.020033624822584292,0.4969296157360077,0.9616032838821411,0.38,1,1,600,FP32-token-IDs
BERT,d0judl,497,104,2000,to,to,False,loneliness,-0.008688056243894002,0.008688056243894002,0.3459778428077698,0.7689128518104553,0.38,1,1,600,FP32-token-IDs
BERT,d0judl,497,104,2000,to,to,False,sadness,0.023122531098003187,0.023122531098003187,0.5557037591934204,0.9851028919219971,0.38,1,1,600,FP32-token-IDs
BERT,d0judl,497,104,2000,to,to,False,suicide intent,0.003486116321679825,0.003486116321679825,0.11289169639348984,0.03346466273069382,0.38,0,0,600,FP32-token-IDs
BERT,d0judl,497,104,2000,to,to,False,worthlessness,0.005876106174158242,0.005876106174158242,0.30056339502334595,0.5597262382507324,0.38,1,1,600,FP32-token-IDs
BERT,d0judl,497,105,5223,hate,hate,False,anger,0.005813448072876782,0.005813448072876782,0.3122239112854004,0.10306249558925629,0.38,1,0,600,FP32-token-IDs
BERT,d0judl,497,105,5223,hate,hate,False,brain dysfunction (forget),-0.0035130747807367397,0.0035130747807367397,0.17126025259494781,0.059462424367666245,0.38,0,0,600,FP32-token-IDs
BERT,d0judl,497,105,5223,hate,hate,False,emptiness,-0.0018901226809248327,0.0018901226809248327,0.12615719437599182,0.3290400803089142,0.38,1,0,600,FP32-token-IDs
BERT,d0judl,497,105,5223,hate,hate,False,hopelessness,0.020033624822584292,0.020033624822584292,0.4969296157360077,0.9616032838821411,0.38,1,1,600,FP32-token-IDs
BERT,d0judl,497,105,5223,hate,hate,False,loneliness,-0.008688056243894002,0.008688056243894002,0.3459778428077698,0.7689128518104553,0.38,1,1,600,FP32-token-IDs
BERT,d0judl,497,105,5223,hate,hate,False,sadness,0.023122531098003187,0.023122531098003187,0.5557037591934204,0.9851028919219971,0.38,1,1,600,FP32-token-IDs
BERT,d0judl,497,105,5223,hate,hate,False,suicide intent,0.003486116321679825,0.003486116321679825,0.11289169639348984,0.03346466273069382,0.38,0,0,600,FP32-token-IDs
BERT,d0judl,497,105,5223,hate,hate,False,worthlessness,0.005876106174158242,0.005876106174158242,0.30056339502334595,0.5597262382507324,0.38,1,1,600,FP32-token-IDs
BERT,d0judl,497,106,2673,everything,everything,False,anger,-0.0011211166623979806,0.0011211166623979806,0.3122239112854004,0.10306249558925629,0.38,1,0,600,FP32-token-IDs
BERT,d0judl,497,106,2673,everything,everything,False,brain dysfunction (forget),-0.003087819922560205,0.003087819922560205,0.17126025259494781,0.059462424367666245,0.38,0,0,600,FP32-token-IDs
BERT,d0judl,497,106,2673,everything,everything,False,emptiness,-0.00258640186705937,0.00258640186705937,0.12615719437599182,0.3290400803089142,0.38,1,0,600,FP32-token-IDs
BERT,d0judl,497,106,2673,everything,everything,False,hopelessness,0.009410346687460939,0.009410346687460939,0.4969296157360077,0.9616032838821411,0.38,1,1,600,FP32-token-IDs
BERT,d0judl,497,106,2673,everything,everything,False,loneliness,-0.004552037711255252,0.004552037711255252,0.3459778428077698,0.7689128518104553,0.38,1,1,600,FP32-token-IDs
BERT,d0judl,497,106,2673,everything,everything,False,sadness,0.013637028913944959,0.013637028913944959,0.5557037591934204,0.9851028919219971,0.38,1,1,600,FP32-token-IDs
BERT,d0judl,497,106,2673,everything,everything,False,suicide intent,0.003270468007152279,0.003270468007152279,0.11289169639348984,0.03346466273069382,0.38,0,0,600,FP32-token-IDs
BERT,d0judl,497,106,2673,everything,everything,False,worthlessness,0.0025237951757541544,0.0025237951757541544,0.30056339502334595,0.5597262382507324,0.38,1,1,600,FP32-token-IDs
BERT,d0judl,497,107,1999,in,in,False,anger,-0.0011211166623979806,0.0011211166623979806,0.3122239112854004,0.10306249558925629,0.38,1,0,600,FP32-token-IDs
BERT,d0judl,497,107,1999,in,in,False,brain dysfunction (forget),-0.003087819922560205,0.003087819922560205,0.17126025259494781,0.059462424367666245,0.38,0,0,600,FP32-token-IDs
BERT,d0judl,497,107,1999,in,in,False,emptiness,-0.00258640186705937,0.00258640186705937,0.12615719437599182,0.3290400803089142,0.38,1,0,600,FP32-token-IDs
BERT,d0judl,497,107,1999,in,in,False,hopelessness,0.009410346687460939,0.009410346687460939,0.4969296157360077,0.9616032838821411,0.38,1,1,600,FP32-token-IDs
BERT,d0judl,497,107,1999,in,in,False,loneliness,-0.004552037711255252,0.004552037711255252,0.3459778428077698,0.7689128518104553,0.38,1,1,600,FP32-token-IDs
BERT,d0judl,497,107,1999,in,in,False,sadness,0.013637028913944959,0.013637028913944959,0.5557037591934204,0.9851028919219971,0.38,1,1,600,FP32-token-IDs
BERT,d0judl,497,107,1999,in,in,False,suicide intent,0.003270468007152279,0.003270468007152279,0.11289169639348984,0.03346466273069382,0.38,0,0,600,FP32-token-IDs
BERT,d0judl,497,107,1999,in,in,False,worthlessness,0.0025237951757541544,0.0025237951757541544,0.30056339502334595,0.5597262382507324,0.38,1,1,600,FP32-token-IDs
BERT,d0judl,497,108,3521,peace,peace,False,anger,-0.0011211166623979806,0.0011211166623979806,0.3122239112854004,0.10306249558925629,0.38,1,0,600,FP32-token-IDs
BERT,d0judl,497,108,3521,peace,peace,False,brain dysfunction (forget),-0.003087819922560205,0.003087819922560205,0.17126025259494781,0.059462424367666245,0.38,0,0,600,FP32-token-IDs
BERT,d0judl,497,108,3521,peace,peace,False,emptiness,-0.00258640186705937,0.00258640186705937,0.12615719437599182,0.3290400803089142,0.38,1,0,600,FP32-token-IDs
BERT,d0judl,497,108,3521,peace,peace,False,hopelessness,0.009410346687460939,0.009410346687460939,0.4969296157360077,0.9616032838821411,0.38,1,1,600,FP32-token-IDs
BERT,d0judl,497,108,3521,peace,peace,False,loneliness,-0.004552037711255252,0.004552037711255252,0.3459778428077698,0.7689128518104553,0.38,1,1,600,FP32-token-IDs
BERT,d0judl,497,108,3521,peace,peace,False,sadness,0.013637028913944959,0.013637028913944959,0.5557037591934204,0.9851028919219971,0.38,1,1,600,FP32-token-IDs
BERT,d0judl,497,108,3521,peace,peace,False,suicide intent,0.003270468007152279,0.003270468007152279,0.11289169639348984,0.03346466273069382,0.38,0,0,600,FP32-token-IDs
BERT,d0judl,497,108,3521,peace,peace,False,worthlessness,0.0025237951757541544,0.0025237951757541544,0.30056339502334595,0.5597262382507324,0.38,1,1,600,FP32-token-IDs
BERT,d0judl,497,109,1012,.,.,False,anger,-0.005114265950396657,0.005114265950396657,0.3122239112854004,0.10306249558925629,0.38,1,0,600,FP32-token-IDs
BERT,d0judl,497,109,1012,.,.,False,brain dysfunction (forget),-0.0018969102917859952,0.0018969102917859952,0.17126025259494781,0.059462424367666245,0.38,0,0,600,FP32-token-IDs
BERT,d0judl,497,109,1012,.,.,False,emptiness,0.0052352516213431954,0.0052352516213431954,0.12615719437599182,0.3290400803089142,0.38,1,0,600,FP32-token-IDs
BERT,d0judl,497,109,1012,.,.,False,hopelessness,0.010686916143943867,0.010686916143943867,0.4969296157360077,0.9616032838821411,0.38,1,1,600,FP32-token-IDs
BERT,d0judl,497,109,1012,.,.,False,loneliness,-0.0064152048047011094,0.0064152048047011094,0.3459778428077698,0.7689128518104553,0.38,1,1,600,FP32-token-IDs
BERT,d0judl,497,109,1012,.,.,False,sadness,0.01563087074706952,0.01563087074706952,0.5557037591934204,0.9851028919219971,0.38,1,1,600,FP32-token-IDs
BERT,d0judl,497,109,1012,.,.,False,suicide intent,0.0032923009518223507,0.0032923009518223507,0.11289169639348984,0.03346466273069382,0.38,0,0,600,FP32-token-IDs
BERT,d0judl,497,109,1012,.,.,False,worthlessness,-0.0018425973636719086,0.0018425973636719086,0.30056339502334595,0.5597262382507324,0.38,1,1,600,FP32-token-IDs
BERT,d0judl,497,110,6245,depression,depression,False,anger,-0.03518842593510988,0.03518842593510988,0.3122239112854004,0.10306249558925629,0.38,1,0,600,FP32-token-IDs
BERT,d0judl,497,110,6245,depression,depression,False,brain dysfunction (forget),-0.001260299755923563,0.001260299755923563,0.17126025259494781,0.059462424367666245,0.38,0,0,600,FP32-token-IDs
BERT,d0judl,497,110,6245,depression,depression,False,emptiness,0.004471344150123045,0.004471344150123045,0.12615719437599182,0.3290400803089142,0.38,1,0,600,FP32-token-IDs
BERT,d0judl,497,110,6245,depression,depression,False,hopelessness,0.002557865721455804,0.002557865721455804,0.4969296157360077,0.9616032838821411,0.38,1,1,600,FP32-token-IDs
BERT,d0judl,497,110,6245,depression,depression,False,loneliness,-0.006735157299165924,0.006735157299165924,0.3459778428077698,0.7689128518104553,0.38,1,1,600,FP32-token-IDs
BERT,d0judl,497,110,6245,depression,depression,False,sadness,0.01614253619459994,0.01614253619459994,0.5557037591934204,0.9851028919219971,0.38,1,1,600,FP32-token-IDs
BERT,d0judl,497,110,6245,depression,depression,False,suicide intent,0.000537101147170743,0.000537101147170743,0.11289169639348984,0.03346466273069382,0.38,0,0,600,FP32-token-IDs
BERT,d0judl,497,110,6245,depression,depression,False,worthlessness,-0.004683642573196045,0.004683642573196045,0.30056339502334595,0.5597262382507324,0.38,1,1,600,FP32-token-IDs
BERT,d0judl,497,111,2003,is,is,False,anger,-0.03518842593510988,0.03518842593510988,0.3122239112854004,0.10306249558925629,0.38,1,0,600,FP32-token-IDs
BERT,d0judl,497,111,2003,is,is,False,brain dysfunction (forget),-0.001260299755923563,0.001260299755923563,0.17126025259494781,0.059462424367666245,0.38,0,0,600,FP32-token-IDs
BERT,d0judl,497,111,2003,is,is,False,emptiness,0.004471344150123045,0.004471344150123045,0.12615719437599182,0.3290400803089142,0.38,1,0,600,FP32-token-IDs
BERT,d0judl,497,111,2003,is,is,False,hopelessness,0.002557865721455804,0.002557865721455804,0.4969296157360077,0.9616032838821411,0.38,1,1,600,FP32-token-IDs
BERT,d0judl,497,111,2003,is,is,False,loneliness,-0.006735157299165924,0.006735157299165924,0.3459778428077698,0.7689128518104553,0.38,1,1,600,FP32-token-IDs
BERT,d0judl,497,111,2003,is,is,False,sadness,0.01614253619459994,0.01614253619459994,0.5557037591934204,0.9851028919219971,0.38,1,1,600,FP32-token-IDs
BERT,d0judl,497,111,2003,is,is,False,suicide intent,0.000537101147170743,0.000537101147170743,0.11289169639348984,0.03346466273069382,0.38,0,0,600,FP32-token-IDs
BERT,d0judl,497,111,2003,is,is,False,worthlessness,-0.004683642573196045,0.004683642573196045,0.30056339502334595,0.5597262382507324,0.38,1,1,600,FP32-token-IDs
BERT,d0judl,497,112,5931,rough,rough,False,anger,-0.03518842593510988,0.03518842593510988,0.3122239112854004,0.10306249558925629,0.38,1,0,600,FP32-token-IDs
BERT,d0judl,497,112,5931,rough,rough,False,brain dysfunction (forget),-0.001260299755923563,0.001260299755923563,0.17126025259494781,0.059462424367666245,0.38,0,0,600,FP32-token-IDs
BERT,d0judl,497,112,5931,rough,rough,False,emptiness,0.004471344150123045,0.004471344150123045,0.12615719437599182,0.3290400803089142,0.38,1,0,600,FP32-token-IDs
BERT,d0judl,497,112,5931,rough,rough,False,hopelessness,0.002557865721455804,0.002557865721455804,0.4969296157360077,0.9616032838821411,0.38,1,1,600,FP32-token-IDs
BERT,d0judl,497,112,5931,rough,rough,False,loneliness,-0.006735157299165924,0.006735157299165924,0.3459778428077698,0.7689128518104553,0.38,1,1,600,FP32-token-IDs
BERT,d0judl,497,112,5931,rough,rough,False,sadness,0.01614253619459994,0.01614253619459994,0.5557037591934204,0.9851028919219971,0.38,1,1,600,FP32-token-IDs
BERT,d0judl,497,112,5931,rough,rough,False,suicide intent,0.000537101147170743,0.000537101147170743,0.11289169639348984,0.03346466273069382,0.38,0,0,600,FP32-token-IDs
BERT,d0judl,497,112,5931,rough,rough,False,worthlessness,-0.004683642573196045,0.004683642573196045,0.30056339502334595,0.5597262382507324,0.38,1,1,600,FP32-token-IDs
BERT,d0judl,497,113,1012,.,.,False,anger,-0.03227363602623386,0.03227363602623386,0.3122239112854004,0.10306249558925629,0.38,1,0,600,FP32-token-IDs
BERT,d0judl,497,113,1012,.,.,False,brain dysfunction (forget),-0.00178604958769442,0.00178604958769442,0.17126025259494781,0.059462424367666245,0.38,0,0,600,FP32-token-IDs
BERT,d0judl,497,113,1012,.,.,False,emptiness,0.003867203888314014,0.003867203888314014,0.12615719437599182,0.3290400803089142,0.38,1,0,600,FP32-token-IDs
BERT,d0judl,497,113,1012,.,.,False,hopelessness,-0.00047605788462202646,0.00047605788462202646,0.4969296157360077,0.9616032838821411,0.38,1,1,600,FP32-token-IDs
BERT,d0judl,497,113,1012,.,.,False,loneliness,-0.0038348424714058638,0.0038348424714058638,0.3459778428077698,0.7689128518104553,0.38,1,1,600,FP32-token-IDs
BERT,d0judl,497,113,1012,.,.,False,sadness,0.014543683818456802,0.014543683818456802,0.5557037591934204,0.9851028919219971,0.38,1,1,600,FP32-token-IDs
BERT,d0judl,497,113,1012,.,.,False,suicide intent,0.0005121593196897513,0.0005121593196897513,0.11289169639348984,0.03346466273069382,0.38,0,0,600,FP32-token-IDs
BERT,d0judl,497,113,1012,.,.,False,worthlessness,-0.0080970220759892,0.0080970220759892,0.30056339502334595,0.5597262382507324,0.38,1,1,600,FP32-token-IDs
BERT,d0judl,497,114,2515,does,does,False,anger,-0.004323992029273907,0.004323992029273907,0.3122239112854004,0.10306249558925629,0.38,1,0,600,FP32-token-IDs
BERT,d0judl,497,114,2515,does,does,False,brain dysfunction (forget),-0.002177964138508133,0.002177964138508133,0.17126025259494781,0.059462424367666245,0.38,0,0,600,FP32-token-IDs
BERT,d0judl,497,114,2515,does,does,False,emptiness,-0.0023547457584010604,0.0023547457584010604,0.12615719437599182,0.3290400803089142,0.38,1,0,600,FP32-token-IDs
BERT,d0judl,497,114,2515,does,does,False,hopelessness,-0.001141285950124457,0.001141285950124457,0.4969296157360077,0.9616032838821411,0.38,1,1,600,FP32-token-IDs
BERT,d0judl,497,114,2515,does,does,False,loneliness,-0.00021939937557492956,0.00021939937557492956,0.3459778428077698,0.7689128518104553,0.38,1,1,600,FP32-token-IDs
BERT,d0judl,497,114,2515,does,does,False,sadness,0.002064466610998399,0.002064466610998399,0.5557037591934204,0.9851028919219971,0.38,1,1,600,FP32-token-IDs
BERT,d0judl,497,114,2515,does,does,False,suicide intent,-0.0013912066181535022,0.0013912066181535022,0.11289169639348984,0.03346466273069382,0.38,0,0,600,FP32-token-IDs
BERT,d0judl,497,114,2515,does,does,False,worthlessness,-0.0042192955178589646,0.0042192955178589646,0.30056339502334595,0.5597262382507324,0.38,1,1,600,FP32-token-IDs
BERT,d0judl,497,115,3087,anyone,anyone,False,anger,-0.004323992029273907,0.004323992029273907,0.3122239112854004,0.10306249558925629,0.38,1,0,600,FP32-token-IDs
BERT,d0judl,497,115,3087,anyone,anyone,False,brain dysfunction (forget),-0.002177964138508133,0.002177964138508133,0.17126025259494781,0.059462424367666245,0.38,0,0,600,FP32-token-IDs
BERT,d0judl,497,115,3087,anyone,anyone,False,emptiness,-0.0023547457584010604,0.0023547457584010604,0.12615719437599182,0.3290400803089142,0.38,1,0,600,FP32-token-IDs
BERT,d0judl,497,115,3087,anyone,anyone,False,hopelessness,-0.001141285950124457,0.001141285950124457,0.4969296157360077,0.9616032838821411,0.38,1,1,600,FP32-token-IDs
BERT,d0judl,497,115,3087,anyone,anyone,False,loneliness,-0.00021939937557492956,0.00021939937557492956,0.3459778428077698,0.7689128518104553,0.38,1,1,600,FP32-token-IDs
BERT,d0judl,497,115,3087,anyone,anyone,False,sadness,0.002064466610998399,0.002064466610998399,0.5557037591934204,0.9851028919219971,0.38,1,1,600,FP32-token-IDs
BERT,d0judl,497,115,3087,anyone,anyone,False,suicide intent,-0.0013912066181535022,0.0013912066181535022,0.11289169639348984,0.03346466273069382,0.38,0,0,600,FP32-token-IDs
BERT,d0judl,497,115,3087,anyone,anyone,False,worthlessness,-0.0042192955178589646,0.0042192955178589646,0.30056339502334595,0.5597262382507324,0.38,1,1,600,FP32-token-IDs
BERT,d0judl,497,116,2842,else,else,False,anger,-0.004323992029273907,0.004323992029273907,0.3122239112854004,0.10306249558925629,0.38,1,0,600,FP32-token-IDs
BERT,d0judl,497,116,2842,else,else,False,brain dysfunction (forget),-0.002177964138508133,0.002177964138508133,0.17126025259494781,0.059462424367666245,0.38,0,0,600,FP32-token-IDs
BERT,d0judl,497,116,2842,else,else,False,emptiness,-0.0023547457584010604,0.0023547457584010604,0.12615719437599182,0.3290400803089142,0.38,1,0,600,FP32-token-IDs
BERT,d0judl,497,116,2842,else,else,False,hopelessness,-0.001141285950124457,0.001141285950124457,0.4969296157360077,0.9616032838821411,0.38,1,1,600,FP32-token-IDs
BERT,d0judl,497,116,2842,else,else,False,loneliness,-0.00021939937557492956,0.00021939937557492956,0.3459778428077698,0.7689128518104553,0.38,1,1,600,FP32-token-IDs
BERT,d0judl,497,116,2842,else,else,False,sadness,0.002064466610998399,0.002064466610998399,0.5557037591934204,0.9851028919219971,0.38,1,1,600,FP32-token-IDs
BERT,d0judl,497,116,2842,else,else,False,suicide intent,-0.0013912066181535022,0.0013912066181535022,0.11289169639348984,0.03346466273069382,0.38,0,0,600,FP32-token-IDs
BERT,d0judl,497,116,2842,else,else,False,worthlessness,-0.0042192955178589646,0.0042192955178589646,0.30056339502334595,0.5597262382507324,0.38,1,1,600,FP32-token-IDs
BERT,d0judl,497,117,3066,deal,deal,False,anger,-0.004323992029273907,0.004323992029273907,0.3122239112854004,0.10306249558925629,0.38,1,0,600,FP32-token-IDs
BERT,d0judl,497,117,3066,deal,deal,False,brain dysfunction (forget),-0.002177964138508133,0.002177964138508133,0.17126025259494781,0.059462424367666245,0.38,0,0,600,FP32-token-IDs
BERT,d0judl,497,117,3066,deal,deal,False,emptiness,-0.0023547457584010604,0.0023547457584010604,0.12615719437599182,0.3290400803089142,0.38,1,0,600,FP32-token-IDs
BERT,d0judl,497,117,3066,deal,deal,False,hopelessness,-0.001141285950124457,0.001141285950124457,0.4969296157360077,0.9616032838821411,0.38,1,1,600,FP32-token-IDs
BERT,d0judl,497,117,3066,deal,deal,False,loneliness,-0.00021939937557492956,0.00021939937557492956,0.3459778428077698,0.7689128518104553,0.38,1,1,600,FP32-token-IDs
BERT,d0judl,497,117,3066,deal,deal,False,sadness,0.002064466610998399,0.002064466610998399,0.5557037591934204,0.9851028919219971,0.38,1,1,600,FP32-token-IDs
BERT,d0judl,497,117,3066,deal,deal,False,suicide intent,-0.0013912066181535022,0.0013912066181535022,0.11289169639348984,0.03346466273069382,0.38,0,0,600,FP32-token-IDs
BERT,d0judl,497,117,3066,deal,deal,False,worthlessness,-0.0042192955178589646,0.0042192955178589646,0.30056339502334595,0.5597262382507324,0.38,1,1,600,FP32-token-IDs
BERT,d0judl,497,118,2007,with,with,False,anger,-0.004931673528757591,0.004931673528757591,0.3122239112854004,0.10306249558925629,0.38,1,0,600,FP32-token-IDs
BERT,d0judl,497,118,2007,with,with,False,brain dysfunction (forget),-0.0018568480340965512,0.0018568480340965512,0.17126025259494781,0.059462424367666245,0.38,0,0,600,FP32-token-IDs
BERT,d0judl,497,118,2007,with,with,False,emptiness,-0.0006505001660887943,0.0006505001660887943,0.12615719437599182,0.3290400803089142,0.38,1,0,600,FP32-token-IDs
BERT,d0judl,497,118,2007,with,with,False,hopelessness,0.00041331471149604044,0.00041331471149604044,0.4969296157360077,0.9616032838821411,0.38,1,1,600,FP32-token-IDs
BERT,d0judl,497,118,2007,with,with,False,loneliness,0.0025650290439703637,0.0025650290439703637,0.3459778428077698,0.7689128518104553,0.38,1,1,600,FP32-token-IDs
BERT,d0judl,497,118,2007,with,with,False,sadness,0.000929813539746391,0.000929813539746391,0.5557037591934204,0.9851028919219971,0.38,1,1,600,FP32-token-IDs
BERT,d0judl,497,118,2007,with,with,False,suicide intent,-0.0011697707353038834,0.0011697707353038834,0.11289169639348984,0.03346466273069382,0.38,0,0,600,FP32-token-IDs
BERT,d0judl,497,118,2007,with,with,False,worthlessness,-0.004232702071242261,0.004232702071242261,0.30056339502334595,0.5597262382507324,0.38,1,1,600,FP32-token-IDs
BERT,d0judl,497,119,2023,this,this,False,anger,-0.004931673528757591,0.004931673528757591,0.3122239112854004,0.10306249558925629,0.38,1,0,600,FP32-token-IDs
BERT,d0judl,497,119,2023,this,this,False,brain dysfunction (forget),-0.0018568480340965512,0.0018568480340965512,0.17126025259494781,0.059462424367666245,0.38,0,0,600,FP32-token-IDs
BERT,d0judl,497,119,2023,this,this,False,emptiness,-0.0006505001660887943,0.0006505001660887943,0.12615719437599182,0.3290400803089142,0.38,1,0,600,FP32-token-IDs
BERT,d0judl,497,119,2023,this,this,False,hopelessness,0.00041331471149604044,0.00041331471149604044,0.4969296157360077,0.9616032838821411,0.38,1,1,600,FP32-token-IDs
BERT,d0judl,497,119,2023,this,this,False,loneliness,0.0025650290439703637,0.0025650290439703637,0.3459778428077698,0.7689128518104553,0.38,1,1,600,FP32-token-IDs
BERT,d0judl,497,119,2023,this,this,False,sadness,0.000929813539746391,0.000929813539746391,0.5557037591934204,0.9851028919219971,0.38,1,1,600,FP32-token-IDs
BERT,d0judl,497,119,2023,this,this,False,suicide intent,-0.0011697707353038834,0.0011697707353038834,0.11289169639348984,0.03346466273069382,0.38,0,0,600,FP32-token-IDs
BERT,d0judl,497,119,2023,this,this,False,worthlessness,-0.004232702071242261,0.004232702071242261,0.30056339502334595,0.5597262382507324,0.38,1,1,600,FP32-token-IDs
BERT,d0judl,497,120,1029,?,?,False,anger,-0.004931673528757591,0.004931673528757591,0.3122239112854004,0.10306249558925629,0.38,1,0,600,FP32-token-IDs
BERT,d0judl,497,120,1029,?,?,False,brain dysfunction (forget),-0.0018568480340965512,0.0018568480340965512,0.17126025259494781,0.059462424367666245,0.38,0,0,600,FP32-token-IDs
BERT,d0judl,497,120,1029,?,?,False,emptiness,-0.0006505001660887943,0.0006505001660887943,0.12615719437599182,0.3290400803089142,0.38,1,0,600,FP32-token-IDs
BERT,d0judl,497,120,1029,?,?,False,hopelessness,0.00041331471149604044,0.00041331471149604044,0.4969296157360077,0.9616032838821411,0.38,1,1,600,FP32-token-IDs
BERT,d0judl,497,120,1029,?,?,False,loneliness,0.0025650290439703637,0.0025650290439703637,0.3459778428077698,0.7689128518104553,0.38,1,1,600,FP32-token-IDs
BERT,d0judl,497,120,1029,?,?,False,sadness,0.000929813539746391,0.000929813539746391,0.5557037591934204,0.9851028919219971,0.38,1,1,600,FP32-token-IDs
BERT,d0judl,497,120,1029,?,?,False,suicide intent,-0.0011697707353038834,0.0011697707353038834,0.11289169639348984,0.03346466273069382,0.38,0,0,600,FP32-token-IDs
BERT,d0judl,497,120,1029,?,?,False,worthlessness,-0.004232702071242261,0.004232702071242261,0.30056339502334595,0.5597262382507324,0.38,1,1,600,FP32-token-IDs
BERT,d0judl,497,121,2129,how,how,False,anger,-0.002024364657700062,0.002024364657700062,0.3122239112854004,0.10306249558925629,0.38,1,0,600,FP32-token-IDs
BERT,d0judl,497,121,2129,how,how,False,brain dysfunction (forget),-0.0024722491341110852,0.0024722491341110852,0.17126025259494781,0.059462424367666245,0.38,0,0,600,FP32-token-IDs
BERT,d0judl,497,121,2129,how,how,False,emptiness,-0.0015184125680077288,0.0015184125680077288,0.12615719437599182,0.3290400803089142,0.38,1,0,600,FP32-token-IDs
BERT,d0judl,497,121,2129,how,how,False,hopelessness,-0.001977090125105211,0.001977090125105211,0.4969296157360077,0.9616032838821411,0.38,1,1,600,FP32-token-IDs
BERT,d0judl,497,121,2129,how,how,False,loneliness,-0.0020648763914193425,0.0020648763914193425,0.3459778428077698,0.7689128518104553,0.38,1,1,600,FP32-token-IDs
BERT,d0judl,497,121,2129,how,how,False,sadness,0.0005598536559513637,0.0005598536559513637,0.5557037591934204,0.9851028919219971,0.38,1,1,600,FP32-token-IDs
BERT,d0judl,497,121,2129,how,how,False,suicide intent,-0.0014873880468907633,0.0014873880468907633,0.11289169639348984,0.03346466273069382,0.38,0,0,600,FP32-token-IDs
BERT,d0judl,497,121,2129,how,how,False,worthlessness,-0.0021640375655676636,0.0021640375655676636,0.30056339502334595,0.5597262382507324,0.38,1,1,600,FP32-token-IDs
BERT,d0judl,497,122,2079,do,do,False,anger,-0.002024364657700062,0.002024364657700062,0.3122239112854004,0.10306249558925629,0.38,1,0,600,FP32-token-IDs
BERT,d0judl,497,122,2079,do,do,False,brain dysfunction (forget),-0.0024722491341110852,0.0024722491341110852,0.17126025259494781,0.059462424367666245,0.38,0,0,600,FP32-token-IDs
BERT,d0judl,497,122,2079,do,do,False,emptiness,-0.0015184125680077288,0.0015184125680077288,0.12615719437599182,0.3290400803089142,0.38,1,0,600,FP32-token-IDs
BERT,d0judl,497,122,2079,do,do,False,hopelessness,-0.001977090125105211,0.001977090125105211,0.4969296157360077,0.9616032838821411,0.38,1,1,600,FP32-token-IDs
BERT,d0judl,497,122,2079,do,do,False,loneliness,-0.0020648763914193425,0.0020648763914193425,0.3459778428077698,0.7689128518104553,0.38,1,1,600,FP32-token-IDs
BERT,d0judl,497,122,2079,do,do,False,sadness,0.0005598536559513637,0.0005598536559513637,0.5557037591934204,0.9851028919219971,0.38,1,1,600,FP32-token-IDs
BERT,d0judl,497,122,2079,do,do,False,suicide intent,-0.0014873880468907633,0.0014873880468907633,0.11289169639348984,0.03346466273069382,0.38,0,0,600,FP32-token-IDs
BERT,d0judl,497,122,2079,do,do,False,worthlessness,-0.0021640375655676636,0.0021640375655676636,0.30056339502334595,0.5597262382507324,0.38,1,1,600,FP32-token-IDs
BERT,d0judl,497,123,2017,you,you,False,anger,-0.002024364657700062,0.002024364657700062,0.3122239112854004,0.10306249558925629,0.38,1,0,600,FP32-token-IDs
BERT,d0judl,497,123,2017,you,you,False,brain dysfunction (forget),-0.0024722491341110852,0.0024722491341110852,0.17126025259494781,0.059462424367666245,0.38,0,0,600,FP32-token-IDs
BERT,d0judl,497,123,2017,you,you,False,emptiness,-0.0015184125680077288,0.0015184125680077288,0.12615719437599182,0.3290400803089142,0.38,1,0,600,FP32-token-IDs
BERT,d0judl,497,123,2017,you,you,False,hopelessness,-0.001977090125105211,0.001977090125105211,0.4969296157360077,0.9616032838821411,0.38,1,1,600,FP32-token-IDs
BERT,d0judl,497,123,2017,you,you,False,loneliness,-0.0020648763914193425,0.0020648763914193425,0.3459778428077698,0.7689128518104553,0.38,1,1,600,FP32-token-IDs
BERT,d0judl,497,123,2017,you,you,False,sadness,0.0005598536559513637,0.0005598536559513637,0.5557037591934204,0.9851028919219971,0.38,1,1,600,FP32-token-IDs
BERT,d0judl,497,123,2017,you,you,False,suicide intent,-0.0014873880468907633,0.0014873880468907633,0.11289169639348984,0.03346466273069382,0.38,0,0,600,FP32-token-IDs
BERT,d0judl,497,123,2017,you,you,False,worthlessness,-0.0021640375655676636,0.0021640375655676636,0.30056339502334595,0.5597262382507324,0.38,1,1,600,FP32-token-IDs
BERT,d0judl,497,124,2131,get,get,False,anger,-0.002024364657700062,0.002024364657700062,0.3122239112854004,0.10306249558925629,0.38,1,0,600,FP32-token-IDs
BERT,d0judl,497,124,2131,get,get,False,brain dysfunction (forget),-0.0024722491341110852,0.0024722491341110852,0.17126025259494781,0.059462424367666245,0.38,0,0,600,FP32-token-IDs
BERT,d0judl,497,124,2131,get,get,False,emptiness,-0.0015184125680077288,0.0015184125680077288,0.12615719437599182,0.3290400803089142,0.38,1,0,600,FP32-token-IDs
BERT,d0judl,497,124,2131,get,get,False,hopelessness,-0.001977090125105211,0.001977090125105211,0.4969296157360077,0.9616032838821411,0.38,1,1,600,FP32-token-IDs
BERT,d0judl,497,124,2131,get,get,False,loneliness,-0.0020648763914193425,0.0020648763914193425,0.3459778428077698,0.7689128518104553,0.38,1,1,600,FP32-token-IDs
BERT,d0judl,497,124,2131,get,get,False,sadness,0.0005598536559513637,0.0005598536559513637,0.5557037591934204,0.9851028919219971,0.38,1,1,600,FP32-token-IDs
BERT,d0judl,497,124,2131,get,get,False,suicide intent,-0.0014873880468907633,0.0014873880468907633,0.11289169639348984,0.03346466273069382,0.38,0,0,600,FP32-token-IDs
BERT,d0judl,497,124,2131,get,get,False,worthlessness,-0.0021640375655676636,0.0021640375655676636,0.30056339502334595,0.5597262382507324,0.38,1,1,600,FP32-token-IDs
BERT,d0judl,497,125,2627,past,past,False,anger,-0.0038880198262631893,0.0038880198262631893,0.3122239112854004,0.10306249558925629,0.38,1,0,600,FP32-token-IDs
BERT,d0judl,497,125,2627,past,past,False,brain dysfunction (forget),-0.002114233583034504,0.002114233583034504,0.17126025259494781,0.059462424367666245,0.38,0,0,600,FP32-token-IDs
BERT,d0judl,497,125,2627,past,past,False,emptiness,0.0010754515173002368,0.0010754515173002368,0.12615719437599182,0.3290400803089142,0.38,1,0,600,FP32-token-IDs
BERT,d0judl,497,125,2627,past,past,False,hopelessness,0.0016942615399048444,0.0016942615399048444,0.4969296157360077,0.9616032838821411,0.38,1,1,600,FP32-token-IDs
BERT,d0judl,497,125,2627,past,past,False,loneliness,0.002844869569387464,0.002844869569387464,0.3459778428077698,0.7689128518104553,0.38,1,1,600,FP32-token-IDs
BERT,d0judl,497,125,2627,past,past,False,sadness,0.0011992333013386954,0.0011992333013386954,0.5557037591934204,0.9851028919219971,0.38,1,1,600,FP32-token-IDs
BERT,d0judl,497,125,2627,past,past,False,suicide intent,-0.00184258342709481,0.00184258342709481,0.11289169639348984,0.03346466273069382,0.38,0,0,600,FP32-token-IDs
BERT,d0judl,497,125,2627,past,past,False,worthlessness,-0.0006111527881806806,0.0006111527881806806,0.30056339502334595,0.5597262382507324,0.38,1,1,600,FP32-token-IDs
BERT,d0judl,497,126,2009,it,it,False,anger,-0.0038880198262631893,0.0038880198262631893,0.3122239112854004,0.10306249558925629,0.38,1,0,600,FP32-token-IDs
BERT,d0judl,497,126,2009,it,it,False,brain dysfunction (forget),-0.002114233583034504,0.002114233583034504,0.17126025259494781,0.059462424367666245,0.38,0,0,600,FP32-token-IDs
BERT,d0judl,497,126,2009,it,it,False,emptiness,0.0010754515173002368,0.0010754515173002368,0.12615719437599182,0.3290400803089142,0.38,1,0,600,FP32-token-IDs
BERT,d0judl,497,126,2009,it,it,False,hopelessness,0.0016942615399048444,0.0016942615399048444,0.4969296157360077,0.9616032838821411,0.38,1,1,600,FP32-token-IDs
BERT,d0judl,497,126,2009,it,it,False,loneliness,0.002844869569387464,0.002844869569387464,0.3459778428077698,0.7689128518104553,0.38,1,1,600,FP32-token-IDs
BERT,d0judl,497,126,2009,it,it,False,sadness,0.0011992333013386954,0.0011992333013386954,0.5557037591934204,0.9851028919219971,0.38,1,1,600,FP32-token-IDs
BERT,d0judl,497,126,2009,it,it,False,suicide intent,-0.00184258342709481,0.00184258342709481,0.11289169639348984,0.03346466273069382,0.38,0,0,600,FP32-token-IDs
BERT,d0judl,497,126,2009,it,it,False,worthlessness,-0.0006111527881806806,0.0006111527881806806,0.30056339502334595,0.5597262382507324,0.38,1,1,600,FP32-token-IDs
BERT,d0judl,497,127,1029,?,?,False,anger,-0.0038880198262631893,0.0038880198262631893,0.3122239112854004,0.10306249558925629,0.38,1,0,600,FP32-token-IDs
BERT,d0judl,497,127,1029,?,?,False,brain dysfunction (forget),-0.002114233583034504,0.002114233583034504,0.17126025259494781,0.059462424367666245,0.38,0,0,600,FP32-token-IDs
BERT,d0judl,497,127,1029,?,?,False,emptiness,0.0010754515173002368,0.0010754515173002368,0.12615719437599182,0.3290400803089142,0.38,1,0,600,FP32-token-IDs
BERT,d0judl,497,127,1029,?,?,False,hopelessness,0.0016942615399048444,0.0016942615399048444,0.4969296157360077,0.9616032838821411,0.38,1,1,600,FP32-token-IDs
BERT,d0judl,497,127,1029,?,?,False,loneliness,0.002844869569387464,0.002844869569387464,0.3459778428077698,0.7689128518104553,0.38,1,1,600,FP32-token-IDs
BERT,d0judl,497,127,1029,?,?,False,sadness,0.0011992333013386954,0.0011992333013386954,0.5557037591934204,0.9851028919219971,0.38,1,1,600,FP32-token-IDs
BERT,d0judl,497,127,1029,?,?,False,suicide intent,-0.00184258342709481,0.00184258342709481,0.11289169639348984,0.03346466273069382,0.38,0,0,600,FP32-token-IDs
BERT,d0judl,497,127,1029,?,?,False,worthlessness,-0.0006111527881806806,0.0006111527881806806,0.30056339502334595,0.5597262382507324,0.38,1,1,600,FP32-token-IDs
BERT,d0judl,497,128,1045,i,i,False,anger,0.0007446015273065617,0.0007446015273065617,0.3122239112854004,0.10306249558925629,0.38,1,0,600,FP32-token-IDs
BERT,d0judl,497,128,1045,i,i,False,brain dysfunction (forget),-0.0025592814102613675,0.0025592814102613675,0.17126025259494781,0.059462424367666245,0.38,0,0,600,FP32-token-IDs
BERT,d0judl,497,128,1045,i,i,False,emptiness,-0.002423066063784063,0.002423066063784063,0.12615719437599182,0.3290400803089142,0.38,1,0,600,FP32-token-IDs
BERT,d0judl,497,128,1045,i,i,False,hopelessness,-0.0048906363469238085,0.0048906363469238085,0.4969296157360077,0.9616032838821411,0.38,1,1,600,FP32-token-IDs
BERT,d0judl,497,128,1045,i,i,False,loneliness,0.0026501047735412917,0.0026501047735412917,0.3459778428077698,0.7689128518104553,0.38,1,1,600,FP32-token-IDs
BERT,d0judl,497,128,1045,i,i,False,sadness,-0.00270076848876973,0.00270076848876973,0.5557037591934204,0.9851028919219971,0.38,1,1,600,FP32-token-IDs
BERT,d0judl,497,128,1045,i,i,False,suicide intent,-0.00017696116750206178,0.00017696116750206178,0.11289169639348984,0.03346466273069382,0.38,0,0,600,FP32-token-IDs
BERT,d0judl,497,128,1045,i,i,False,worthlessness,-0.006378611782565713,0.006378611782565713,0.30056339502334595,0.5597262382507324,0.38,1,1,600,FP32-token-IDs
BERT,d0judl,497,129,1005,',',False,anger,0.0007446015273065617,0.0007446015273065617,0.3122239112854004,0.10306249558925629,0.38,1,0,600,FP32-token-IDs
BERT,d0judl,497,129,1005,',',False,brain dysfunction (forget),-0.0025592814102613675,0.0025592814102613675,0.17126025259494781,0.059462424367666245,0.38,0,0,600,FP32-token-IDs
BERT,d0judl,497,129,1005,',',False,emptiness,-0.002423066063784063,0.002423066063784063,0.12615719437599182,0.3290400803089142,0.38,1,0,600,FP32-token-IDs
BERT,d0judl,497,129,1005,',',False,hopelessness,-0.0048906363469238085,0.0048906363469238085,0.4969296157360077,0.9616032838821411,0.38,1,1,600,FP32-token-IDs
BERT,d0judl,497,129,1005,',',False,loneliness,0.0026501047735412917,0.0026501047735412917,0.3459778428077698,0.7689128518104553,0.38,1,1,600,FP32-token-IDs
BERT,d0judl,497,129,1005,',',False,sadness,-0.00270076848876973,0.00270076848876973,0.5557037591934204,0.9851028919219971,0.38,1,1,600,FP32-token-IDs
BERT,d0judl,497,129,1005,',',False,suicide intent,-0.00017696116750206178,0.00017696116750206178,0.11289169639348984,0.03346466273069382,0.38,0,0,600,FP32-token-IDs
BERT,d0judl,497,129,1005,',',False,worthlessness,-0.006378611782565713,0.006378611782565713,0.30056339502334595,0.5597262382507324,0.38,1,1,600,FP32-token-IDs
BERT,d0judl,497,130,1049,m,m,False,anger,0.0007446015273065617,0.0007446015273065617,0.3122239112854004,0.10306249558925629,0.38,1,0,600,FP32-token-IDs
BERT,d0judl,497,130,1049,m,m,False,brain dysfunction (forget),-0.0025592814102613675,0.0025592814102613675,0.17126025259494781,0.059462424367666245,0.38,0,0,600,FP32-token-IDs
BERT,d0judl,497,130,1049,m,m,False,emptiness,-0.002423066063784063,0.002423066063784063,0.12615719437599182,0.3290400803089142,0.38,1,0,600,FP32-token-IDs
BERT,d0judl,497,130,1049,m,m,False,hopelessness,-0.0048906363469238085,0.0048906363469238085,0.4969296157360077,0.9616032838821411,0.38,1,1,600,FP32-token-IDs
BERT,d0judl,497,130,1049,m,m,False,loneliness,0.0026501047735412917,0.0026501047735412917,0.3459778428077698,0.7689128518104553,0.38,1,1,600,FP32-token-IDs
BERT,d0judl,497,130,1049,m,m,False,sadness,-0.00270076848876973,0.00270076848876973,0.5557037591934204,0.9851028919219971,0.38,1,1,600,FP32-token-IDs
BERT,d0judl,497,130,1049,m,m,False,suicide intent,-0.00017696116750206178,0.00017696116750206178,0.11289169639348984,0.03346466273069382,0.38,0,0,600,FP32-token-IDs
BERT,d0judl,497,130,1049,m,m,False,worthlessness,-0.006378611782565713,0.006378611782565713,0.30056339502334595,0.5597262382507324,0.38,1,1,600,FP32-token-IDs
BERT,d0judl,497,131,2183,going,going,False,anger,0.0007446015273065617,0.0007446015273065617,0.3122239112854004,0.10306249558925629,0.38,1,0,600,FP32-token-IDs
BERT,d0judl,497,131,2183,going,going,False,brain dysfunction (forget),-0.0025592814102613675,0.0025592814102613675,0.17126025259494781,0.059462424367666245,0.38,0,0,600,FP32-token-IDs
BERT,d0judl,497,131,2183,going,going,False,emptiness,-0.002423066063784063,0.002423066063784063,0.12615719437599182,0.3290400803089142,0.38,1,0,600,FP32-token-IDs
BERT,d0judl,497,131,2183,going,going,False,hopelessness,-0.0048906363469238085,0.0048906363469238085,0.4969296157360077,0.9616032838821411,0.38,1,1,600,FP32-token-IDs
BERT,d0judl,497,131,2183,going,going,False,loneliness,0.0026501047735412917,0.0026501047735412917,0.3459778428077698,0.7689128518104553,0.38,1,1,600,FP32-token-IDs
BERT,d0judl,497,131,2183,going,going,False,sadness,-0.00270076848876973,0.00270076848876973,0.5557037591934204,0.9851028919219971,0.38,1,1,600,FP32-token-IDs
BERT,d0judl,497,131,2183,going,going,False,suicide intent,-0.00017696116750206178,0.00017696116750206178,0.11289169639348984,0.03346466273069382,0.38,0,0,600,FP32-token-IDs
BERT,d0judl,497,131,2183,going,going,False,worthlessness,-0.006378611782565713,0.006378611782565713,0.30056339502334595,0.5597262382507324,0.38,1,1,600,FP32-token-IDs
BERT,d0judl,497,132,2000,to,to,False,anger,0.0007446015273065617,0.0007446015273065617,0.3122239112854004,0.10306249558925629,0.38,1,0,600,FP32-token-IDs
BERT,d0judl,497,132,2000,to,to,False,brain dysfunction (forget),-0.0025592814102613675,0.0025592814102613675,0.17126025259494781,0.059462424367666245,0.38,0,0,600,FP32-token-IDs
BERT,d0judl,497,132,2000,to,to,False,emptiness,-0.002423066063784063,0.002423066063784063,0.12615719437599182,0.3290400803089142,0.38,1,0,600,FP32-token-IDs
BERT,d0judl,497,132,2000,to,to,False,hopelessness,-0.0048906363469238085,0.0048906363469238085,0.4969296157360077,0.9616032838821411,0.38,1,1,600,FP32-token-IDs
BERT,d0judl,497,132,2000,to,to,False,loneliness,0.0026501047735412917,0.0026501047735412917,0.3459778428077698,0.7689128518104553,0.38,1,1,600,FP32-token-IDs
BERT,d0judl,497,132,2000,to,to,False,sadness,-0.00270076848876973,0.00270076848876973,0.5557037591934204,0.9851028919219971,0.38,1,1,600,FP32-token-IDs
BERT,d0judl,497,132,2000,to,to,False,suicide intent,-0.00017696116750206178,0.00017696116750206178,0.11289169639348984,0.03346466273069382,0.38,0,0,600,FP32-token-IDs
BERT,d0judl,497,132,2000,to,to,False,worthlessness,-0.006378611782565713,0.006378611782565713,0.30056339502334595,0.5597262382507324,0.38,1,1,600,FP32-token-IDs
BERT,d0judl,497,133,3288,bring,bring,False,anger,0.0007446015273065617,0.0007446015273065617,0.3122239112854004,0.10306249558925629,0.38,1,0,600,FP32-token-IDs
BERT,d0judl,497,133,3288,bring,bring,False,brain dysfunction (forget),-0.0025592814102613675,0.0025592814102613675,0.17126025259494781,0.059462424367666245,0.38,0,0,600,FP32-token-IDs
BERT,d0judl,497,133,3288,bring,bring,False,emptiness,-0.002423066063784063,0.002423066063784063,0.12615719437599182,0.3290400803089142,0.38,1,0,600,FP32-token-IDs
BERT,d0judl,497,133,3288,bring,bring,False,hopelessness,-0.0048906363469238085,0.0048906363469238085,0.4969296157360077,0.9616032838821411,0.38,1,1,600,FP32-token-IDs
BERT,d0judl,497,133,3288,bring,bring,False,loneliness,0.0026501047735412917,0.0026501047735412917,0.3459778428077698,0.7689128518104553,0.38,1,1,600,FP32-token-IDs
BERT,d0judl,497,133,3288,bring,bring,False,sadness,-0.00270076848876973,0.00270076848876973,0.5557037591934204,0.9851028919219971,0.38,1,1,600,FP32-token-IDs
BERT,d0judl,497,133,3288,bring,bring,False,suicide intent,-0.00017696116750206178,0.00017696116750206178,0.11289169639348984,0.03346466273069382,0.38,0,0,600,FP32-token-IDs
BERT,d0judl,497,133,3288,bring,bring,False,worthlessness,-0.006378611782565713,0.006378611782565713,0.30056339502334595,0.5597262382507324,0.38,1,1,600,FP32-token-IDs
BERT,d0judl,497,134,2009,it,it,False,anger,0.0007446015273065617,0.0007446015273065617,0.3122239112854004,0.10306249558925629,0.38,1,0,600,FP32-token-IDs
BERT,d0judl,497,134,2009,it,it,False,brain dysfunction (forget),-0.0025592814102613675,0.0025592814102613675,0.17126025259494781,0.059462424367666245,0.38,0,0,600,FP32-token-IDs
BERT,d0judl,497,134,2009,it,it,False,emptiness,-0.002423066063784063,0.002423066063784063,0.12615719437599182,0.3290400803089142,0.38,1,0,600,FP32-token-IDs
BERT,d0judl,497,134,2009,it,it,False,hopelessness,-0.0048906363469238085,0.0048906363469238085,0.4969296157360077,0.9616032838821411,0.38,1,1,600,FP32-token-IDs
BERT,d0judl,497,134,2009,it,it,False,loneliness,0.0026501047735412917,0.0026501047735412917,0.3459778428077698,0.7689128518104553,0.38,1,1,600,FP32-token-IDs
BERT,d0judl,497,134,2009,it,it,False,sadness,-0.00270076848876973,0.00270076848876973,0.5557037591934204,0.9851028919219971,0.38,1,1,600,FP32-token-IDs
BERT,d0judl,497,134,2009,it,it,False,suicide intent,-0.00017696116750206178,0.00017696116750206178,0.11289169639348984,0.03346466273069382,0.38,0,0,600,FP32-token-IDs
BERT,d0judl,497,134,2009,it,it,False,worthlessness,-0.006378611782565713,0.006378611782565713,0.30056339502334595,0.5597262382507324,0.38,1,1,600,FP32-token-IDs
BERT,d0judl,497,135,2039,up,up,False,anger,0.0007446015273065617,0.0007446015273065617,0.3122239112854004,0.10306249558925629,0.38,1,0,600,FP32-token-IDs
BERT,d0judl,497,135,2039,up,up,False,brain dysfunction (forget),-0.0025592814102613675,0.0025592814102613675,0.17126025259494781,0.059462424367666245,0.38,0,0,600,FP32-token-IDs
BERT,d0judl,497,135,2039,up,up,False,emptiness,-0.002423066063784063,0.002423066063784063,0.12615719437599182,0.3290400803089142,0.38,1,0,600,FP32-token-IDs
BERT,d0judl,497,135,2039,up,up,False,hopelessness,-0.0048906363469238085,0.0048906363469238085,0.4969296157360077,0.9616032838821411,0.38,1,1,600,FP32-token-IDs
BERT,d0judl,497,135,2039,up,up,False,loneliness,0.0026501047735412917,0.0026501047735412917,0.3459778428077698,0.7689128518104553,0.38,1,1,600,FP32-token-IDs
BERT,d0judl,497,135,2039,up,up,False,sadness,-0.00270076848876973,0.00270076848876973,0.5557037591934204,0.9851028919219971,0.38,1,1,600,FP32-token-IDs
BERT,d0judl,497,135,2039,up,up,False,suicide intent,-0.00017696116750206178,0.00017696116750206178,0.11289169639348984,0.03346466273069382,0.38,0,0,600,FP32-token-IDs
BERT,d0judl,497,135,2039,up,up,False,worthlessness,-0.006378611782565713,0.006378611782565713,0.30056339502334595,0.5597262382507324,0.38,1,1,600,FP32-token-IDs
BERT,d0judl,497,136,2000,to,to,False,anger,-0.00624401952760915,0.00624401952760915,0.3122239112854004,0.10306249558925629,0.38,1,0,600,FP32-token-IDs
BERT,d0judl,497,136,2000,to,to,False,brain dysfunction (forget),-0.003311676458300402,0.003311676458300402,0.17126025259494781,0.059462424367666245,0.38,0,0,600,FP32-token-IDs
BERT,d0judl,497,136,2000,to,to,False,emptiness,0.0022472921991720796,0.0022472921991720796,0.12615719437599182,0.3290400803089142,0.38,1,0,600,FP32-token-IDs
BERT,d0judl,497,136,2000,to,to,False,hopelessness,-0.0005404801728824775,0.0005404801728824775,0.4969296157360077,0.9616032838821411,0.38,1,1,600,FP32-token-IDs
BERT,d0judl,497,136,2000,to,to,False,loneliness,0.0018714702067275841,0.0018714702067275841,0.3459778428077698,0.7689128518104553,0.38,1,1,600,FP32-token-IDs
BERT,d0judl,497,136,2000,to,to,False,sadness,0.004410741540292899,0.004410741540292899,0.5557037591934204,0.9851028919219971,0.38,1,1,600,FP32-token-IDs
BERT,d0judl,497,136,2000,to,to,False,suicide intent,-0.0036813435775305456,0.0036813435775305456,0.11289169639348984,0.03346466273069382,0.38,0,0,600,FP32-token-IDs
BERT,d0judl,497,136,2000,to,to,False,worthlessness,-0.004000638436991721,0.004000638436991721,0.30056339502334595,0.5597262382507324,0.38,1,1,600,FP32-token-IDs
BERT,d0judl,497,137,2026,my,my,False,anger,-0.00624401952760915,0.00624401952760915,0.3122239112854004,0.10306249558925629,0.38,1,0,600,FP32-token-IDs
BERT,d0judl,497,137,2026,my,my,False,brain dysfunction (forget),-0.003311676458300402,0.003311676458300402,0.17126025259494781,0.059462424367666245,0.38,0,0,600,FP32-token-IDs
BERT,d0judl,497,137,2026,my,my,False,emptiness,0.0022472921991720796,0.0022472921991720796,0.12615719437599182,0.3290400803089142,0.38,1,0,600,FP32-token-IDs
BERT,d0judl,497,137,2026,my,my,False,hopelessness,-0.0005404801728824775,0.0005404801728824775,0.4969296157360077,0.9616032838821411,0.38,1,1,600,FP32-token-IDs
BERT,d0judl,497,137,2026,my,my,False,loneliness,0.0018714702067275841,0.0018714702067275841,0.3459778428077698,0.7689128518104553,0.38,1,1,600,FP32-token-IDs
BERT,d0judl,497,137,2026,my,my,False,sadness,0.004410741540292899,0.004410741540292899,0.5557037591934204,0.9851028919219971,0.38,1,1,600,FP32-token-IDs
BERT,d0judl,497,137,2026,my,my,False,suicide intent,-0.0036813435775305456,0.0036813435775305456,0.11289169639348984,0.03346466273069382,0.38,0,0,600,FP32-token-IDs
BERT,d0judl,497,137,2026,my,my,False,worthlessness,-0.004000638436991721,0.004000638436991721,0.30056339502334595,0.5597262382507324,0.38,1,1,600,FP32-token-IDs
BERT,d0judl,497,138,19294,therapist,therapist,False,anger,-0.00624401952760915,0.00624401952760915,0.3122239112854004,0.10306249558925629,0.38,1,0,600,FP32-token-IDs
BERT,d0judl,497,138,19294,therapist,therapist,False,brain dysfunction (forget),-0.003311676458300402,0.003311676458300402,0.17126025259494781,0.059462424367666245,0.38,0,0,600,FP32-token-IDs
BERT,d0judl,497,138,19294,therapist,therapist,False,emptiness,0.0022472921991720796,0.0022472921991720796,0.12615719437599182,0.3290400803089142,0.38,1,0,600,FP32-token-IDs
BERT,d0judl,497,138,19294,therapist,therapist,False,hopelessness,-0.0005404801728824775,0.0005404801728824775,0.4969296157360077,0.9616032838821411,0.38,1,1,600,FP32-token-IDs
BERT,d0judl,497,138,19294,therapist,therapist,False,loneliness,0.0018714702067275841,0.0018714702067275841,0.3459778428077698,0.7689128518104553,0.38,1,1,600,FP32-token-IDs
BERT,d0judl,497,138,19294,therapist,therapist,False,sadness,0.004410741540292899,0.004410741540292899,0.5557037591934204,0.9851028919219971,0.38,1,1,600,FP32-token-IDs
BERT,d0judl,497,138,19294,therapist,therapist,False,suicide intent,-0.0036813435775305456,0.0036813435775305456,0.11289169639348984,0.03346466273069382,0.38,0,0,600,FP32-token-IDs
BERT,d0judl,497,138,19294,therapist,therapist,False,worthlessness,-0.004000638436991721,0.004000638436991721,0.30056339502334595,0.5597262382507324,0.38,1,1,600,FP32-token-IDs
BERT,d0judl,497,139,2021,but,but,False,anger,-0.00624401952760915,0.00624401952760915,0.3122239112854004,0.10306249558925629,0.38,1,0,600,FP32-token-IDs
BERT,d0judl,497,139,2021,but,but,False,brain dysfunction (forget),-0.0033116764583004015,0.0033116764583004015,0.17126025259494781,0.059462424367666245,0.38,0,0,600,FP32-token-IDs
BERT,d0judl,497,139,2021,but,but,False,emptiness,0.0022472921991720796,0.0022472921991720796,0.12615719437599182,0.3290400803089142,0.38,1,0,600,FP32-token-IDs
BERT,d0judl,497,139,2021,but,but,False,hopelessness,-0.0005404801728824775,0.0005404801728824775,0.4969296157360077,0.9616032838821411,0.38,1,1,600,FP32-token-IDs
BERT,d0judl,497,139,2021,but,but,False,loneliness,0.0018714702067275841,0.0018714702067275841,0.3459778428077698,0.7689128518104553,0.38,1,1,600,FP32-token-IDs
BERT,d0judl,497,139,2021,but,but,False,sadness,0.004410741540292899,0.004410741540292899,0.5557037591934204,0.9851028919219971,0.38,1,1,600,FP32-token-IDs
BERT,d0judl,497,139,2021,but,but,False,suicide intent,-0.0036813435775305456,0.0036813435775305456,0.11289169639348984,0.03346466273069382,0.38,0,0,600,FP32-token-IDs
BERT,d0judl,497,139,2021,but,but,False,worthlessness,-0.004000638436991721,0.004000638436991721,0.30056339502334595,0.5597262382507324,0.38,1,1,600,FP32-token-IDs
BERT,d0judl,497,140,2001,was,was,False,anger,-0.015032165072625503,0.015032165072625503,0.3122239112854004,0.10306249558925629,0.38,1,0,600,FP32-token-IDs
BERT,d0judl,497,140,2001,was,was,False,brain dysfunction (forget),-0.00598866498330608,0.00598866498330608,0.17126025259494781,0.059462424367666245,0.38,0,0,600,FP32-token-IDs
BERT,d0judl,497,140,2001,was,was,False,emptiness,-0.02532626426545903,0.02532626426545903,0.12615719437599182,0.3290400803089142,0.38,1,0,600,FP32-token-IDs
BERT,d0judl,497,140,2001,was,was,False,hopelessness,-0.026203906745649874,0.026203906745649874,0.4969296157360077,0.9616032838821411,0.38,1,1,600,FP32-token-IDs
BERT,d0judl,497,140,2001,was,was,False,loneliness,0.0044329052325338125,0.0044329052325338125,0.3459778428077698,0.7689128518104553,0.38,1,1,600,FP32-token-IDs
BERT,d0judl,497,140,2001,was,was,False,sadness,-0.015088588232174516,0.015088588232174516,0.5557037591934204,0.9851028919219971,0.38,1,1,600,FP32-token-IDs
BERT,d0judl,497,140,2001,was,was,False,suicide intent,-0.006369794704369269,0.006369794704369269,0.11289169639348984,0.03346466273069382,0.38,0,0,600,FP32-token-IDs
BERT,d0judl,497,140,2001,was,was,False,worthlessness,-0.04740884844795801,0.04740884844795801,0.30056339502334595,0.5597262382507324,0.38,1,1,600,FP32-token-IDs
BERT,d0judl,497,141,8025,curious,curious,False,anger,-0.015032165072625503,0.015032165072625503,0.3122239112854004,0.10306249558925629,0.38,1,0,600,FP32-token-IDs
BERT,d0judl,497,141,8025,curious,curious,False,brain dysfunction (forget),-0.00598866498330608,0.00598866498330608,0.17126025259494781,0.059462424367666245,0.38,0,0,600,FP32-token-IDs
BERT,d0judl,497,141,8025,curious,curious,False,emptiness,-0.02532626426545903,0.02532626426545903,0.12615719437599182,0.3290400803089142,0.38,1,0,600,FP32-token-IDs
BERT,d0judl,497,141,8025,curious,curious,False,hopelessness,-0.026203906745649874,0.026203906745649874,0.4969296157360077,0.9616032838821411,0.38,1,1,600,FP32-token-IDs
BERT,d0judl,497,141,8025,curious,curious,False,loneliness,0.0044329052325338125,0.0044329052325338125,0.3459778428077698,0.7689128518104553,0.38,1,1,600,FP32-token-IDs
BERT,d0judl,497,141,8025,curious,curious,False,sadness,-0.015088588232174516,0.015088588232174516,0.5557037591934204,0.9851028919219971,0.38,1,1,600,FP32-token-IDs
BERT,d0judl,497,141,8025,curious,curious,False,suicide intent,-0.006369794704369269,0.006369794704369269,0.11289169639348984,0.03346466273069382,0.38,0,0,600,FP32-token-IDs
BERT,d0judl,497,141,8025,curious,curious,False,worthlessness,-0.04740884844795801,0.04740884844795801,0.30056339502334595,0.5597262382507324,0.38,1,1,600,FP32-token-IDs
BERT,d0judl,497,142,2065,if,if,False,anger,-0.012320213922066614,0.012320213922066614,0.3122239112854004,0.10306249558925629,0.38,1,0,600,FP32-token-IDs
BERT,d0judl,497,142,2065,if,if,False,brain dysfunction (forget),-0.0039382026880048215,0.0039382026880048215,0.17126025259494781,0.059462424367666245,0.38,0,0,600,FP32-token-IDs
BERT,d0judl,497,142,2065,if,if,False,emptiness,-0.007873339287471026,0.007873339287471026,0.12615719437599182,0.3290400803089142,0.38,1,0,600,FP32-token-IDs
BERT,d0judl,497,142,2065,if,if,False,hopelessness,-0.015744176344014704,0.015744176344014704,0.4969296157360077,0.9616032838821411,0.38,1,1,600,FP32-token-IDs
BERT,d0judl,497,142,2065,if,if,False,loneliness,0.007810437818989158,0.007810437818989158,0.3459778428077698,0.7689128518104553,0.38,1,1,600,FP32-token-IDs
BERT,d0judl,497,142,2065,if,if,False,sadness,-0.012581719318404794,0.012581719318404794,0.5557037591934204,0.9851028919219971,0.38,1,1,600,FP32-token-IDs
BERT,d0judl,497,142,2065,if,if,False,suicide intent,-0.001803849809220992,0.001803849809220992,0.11289169639348984,0.03346466273069382,0.38,0,0,600,FP32-token-IDs
BERT,d0judl,497,142,2065,if,if,False,worthlessness,-0.024706060445168987,0.024706060445168987,0.30056339502334595,0.5597262382507324,0.38,1,1,600,FP32-token-IDs
BERT,d0judl,497,143,2500,others,others,False,anger,-0.012320213922066614,0.012320213922066614,0.3122239112854004,0.10306249558925629,0.38,1,0,600,FP32-token-IDs
BERT,d0judl,497,143,2500,others,others,False,brain dysfunction (forget),-0.0039382026880048215,0.0039382026880048215,0.17126025259494781,0.059462424367666245,0.38,0,0,600,FP32-token-IDs
BERT,d0judl,497,143,2500,others,others,False,emptiness,-0.007873339287471026,0.007873339287471026,0.12615719437599182,0.3290400803089142,0.38,1,0,600,FP32-token-IDs
BERT,d0judl,497,143,2500,others,others,False,hopelessness,-0.015744176344014704,0.015744176344014704,0.4969296157360077,0.9616032838821411,0.38,1,1,600,FP32-token-IDs
BERT,d0judl,497,143,2500,others,others,False,loneliness,0.007810437818989158,0.007810437818989158,0.3459778428077698,0.7689128518104553,0.38,1,1,600,FP32-token-IDs
BERT,d0judl,497,143,2500,others,others,False,sadness,-0.012581719318404794,0.012581719318404794,0.5557037591934204,0.9851028919219971,0.38,1,1,600,FP32-token-IDs
BERT,d0judl,497,143,2500,others,others,False,suicide intent,-0.001803849809220992,0.001803849809220992,0.11289169639348984,0.03346466273069382,0.38,0,0,600,FP32-token-IDs
BERT,d0judl,497,143,2500,others,others,False,worthlessness,-0.024706060445168987,0.024706060445168987,0.30056339502334595,0.5597262382507324,0.38,1,1,600,FP32-token-IDs
BERT,d0judl,497,144,2514,feel,feel,False,anger,-0.006934882985660806,0.006934882985660806,0.3122239112854004,0.10306249558925629,0.38,1,0,600,FP32-token-IDs
BERT,d0judl,497,144,2514,feel,feel,False,brain dysfunction (forget),-0.004019048763439059,0.004019048763439059,0.17126025259494781,0.059462424367666245,0.38,0,0,600,FP32-token-IDs
BERT,d0judl,497,144,2514,feel,feel,False,emptiness,-0.005514743912499398,0.005514743912499398,0.12615719437599182,0.3290400803089142,0.38,1,0,600,FP32-token-IDs
BERT,d0judl,497,144,2514,feel,feel,False,hopelessness,-0.0077926377998664975,0.0077926377998664975,0.4969296157360077,0.9616032838821411,0.38,1,1,600,FP32-token-IDs
BERT,d0judl,497,144,2514,feel,feel,False,loneliness,0.004572476027533412,0.004572476027533412,0.3459778428077698,0.7689128518104553,0.38,1,1,600,FP32-token-IDs
BERT,d0judl,497,144,2514,feel,feel,False,sadness,0.0015793729107826948,0.0015793729107826948,0.5557037591934204,0.9851028919219971,0.38,1,1,600,FP32-token-IDs
BERT,d0judl,497,144,2514,feel,feel,False,suicide intent,0.0002879044186556712,0.0002879044186556712,0.11289169639348984,0.03346466273069382,0.38,0,0,600,FP32-token-IDs
BERT,d0judl,497,144,2514,feel,feel,False,worthlessness,-0.008687056979397312,0.008687056979397312,0.30056339502334595,0.5597262382507324,0.38,1,1,600,FP32-token-IDs
BERT,d0judl,497,145,2023,this,this,False,anger,-0.006934882985660806,0.006934882985660806,0.3122239112854004,0.10306249558925629,0.38,1,0,600,FP32-token-IDs
BERT,d0judl,497,145,2023,this,this,False,brain dysfunction (forget),-0.004019048763439059,0.004019048763439059,0.17126025259494781,0.059462424367666245,0.38,0,0,600,FP32-token-IDs
BERT,d0judl,497,145,2023,this,this,False,emptiness,-0.005514743912499398,0.005514743912499398,0.12615719437599182,0.3290400803089142,0.38,1,0,600,FP32-token-IDs
BERT,d0judl,497,145,2023,this,this,False,hopelessness,-0.0077926377998664975,0.0077926377998664975,0.4969296157360077,0.9616032838821411,0.38,1,1,600,FP32-token-IDs
BERT,d0judl,497,145,2023,this,this,False,loneliness,0.004572476027533412,0.004572476027533412,0.3459778428077698,0.7689128518104553,0.38,1,1,600,FP32-token-IDs
BERT,d0judl,497,145,2023,this,this,False,sadness,0.0015793729107826948,0.0015793729107826948,0.5557037591934204,0.9851028919219971,0.38,1,1,600,FP32-token-IDs
BERT,d0judl,497,145,2023,this,this,False,suicide intent,0.0002879044186556712,0.0002879044186556712,0.11289169639348984,0.03346466273069382,0.38,0,0,600,FP32-token-IDs
BERT,d0judl,497,145,2023,this,this,False,worthlessness,-0.008687056979397312,0.008687056979397312,0.30056339502334595,0.5597262382507324,0.38,1,1,600,FP32-token-IDs
BERT,d0judl,497,146,2126,way,way,False,anger,-0.006934882985660806,0.006934882985660806,0.3122239112854004,0.10306249558925629,0.38,1,0,600,FP32-token-IDs
BERT,d0judl,497,146,2126,way,way,False,brain dysfunction (forget),-0.004019048763439059,0.004019048763439059,0.17126025259494781,0.059462424367666245,0.38,0,0,600,FP32-token-IDs
BERT,d0judl,497,146,2126,way,way,False,emptiness,-0.005514743912499398,0.005514743912499398,0.12615719437599182,0.3290400803089142,0.38,1,0,600,FP32-token-IDs
BERT,d0judl,497,146,2126,way,way,False,hopelessness,-0.0077926377998664975,0.0077926377998664975,0.4969296157360077,0.9616032838821411,0.38,1,1,600,FP32-token-IDs
BERT,d0judl,497,146,2126,way,way,False,loneliness,0.004572476027533412,0.004572476027533412,0.3459778428077698,0.7689128518104553,0.38,1,1,600,FP32-token-IDs
BERT,d0judl,497,146,2126,way,way,False,sadness,0.0015793729107826948,0.0015793729107826948,0.5557037591934204,0.9851028919219971,0.38,1,1,600,FP32-token-IDs
BERT,d0judl,497,146,2126,way,way,False,suicide intent,0.0002879044186556712,0.0002879044186556712,0.11289169639348984,0.03346466273069382,0.38,0,0,600,FP32-token-IDs
BERT,d0judl,497,146,2126,way,way,False,worthlessness,-0.008687056979397312,0.008687056979397312,0.30056339502334595,0.5597262382507324,0.38,1,1,600,FP32-token-IDs
BERT,d0judl,497,147,1012,.,.,False,anger,-0.006934882985660806,0.006934882985660806,0.3122239112854004,0.10306249558925629,0.38,1,0,600,FP32-token-IDs
BERT,d0judl,497,147,1012,.,.,False,brain dysfunction (forget),-0.004019048763439059,0.004019048763439059,0.17126025259494781,0.059462424367666245,0.38,0,0,600,FP32-token-IDs
BERT,d0judl,497,147,1012,.,.,False,emptiness,-0.005514743912499398,0.005514743912499398,0.12615719437599182,0.3290400803089142,0.38,1,0,600,FP32-token-IDs
BERT,d0judl,497,147,1012,.,.,False,hopelessness,-0.0077926377998664975,0.0077926377998664975,0.4969296157360077,0.9616032838821411,0.38,1,1,600,FP32-token-IDs
BERT,d0judl,497,147,1012,.,.,False,loneliness,0.004572476027533412,0.004572476027533412,0.3459778428077698,0.7689128518104553,0.38,1,1,600,FP32-token-IDs
BERT,d0judl,497,147,1012,.,.,False,sadness,0.0015793729107826948,0.0015793729107826948,0.5557037591934204,0.9851028919219971,0.38,1,1,600,FP32-token-IDs
BERT,d0judl,497,147,1012,.,.,False,suicide intent,0.0002879044186556712,0.0002879044186556712,0.11289169639348984,0.03346466273069382,0.38,0,0,600,FP32-token-IDs
BERT,d0judl,497,147,1012,.,.,False,worthlessness,-0.008687056979397312,0.008687056979397312,0.30056339502334595,0.5597262382507324,0.38,1,1,600,FP32-token-IDs
BERT,d0judl,497,148,102,[SEP],,True,anger,9.173527359962463e-08,9.173527359962463e-08,0.3122239112854004,0.10306249558925629,0.38,1,0,600,FP32-token-IDs
BERT,d0judl,497,148,102,[SEP],,True,brain dysfunction (forget),4.936009645462036e-08,4.936009645462036e-08,0.17126025259494781,0.059462424367666245,0.38,0,0,600,FP32-token-IDs
BERT,d0judl,497,148,102,[SEP],,True,emptiness,1.6670674085617065e-07,1.6670674085617065e-07,0.12615719437599182,0.3290400803089142,0.38,1,0,600,FP32-token-IDs
BERT,d0judl,497,148,102,[SEP],,True,hopelessness,1.955777406692505e-07,1.955777406692505e-07,0.4969296157360077,0.9616032838821411,0.38,1,1,600,FP32-token-IDs
BERT,d0judl,497,148,102,[SEP],,True,loneliness,4.470348358154297e-08,4.470348358154297e-08,0.3459778428077698,0.7689128518104553,0.38,1,1,600,FP32-token-IDs
BERT,d0judl,497,148,102,[SEP],,True,sadness,-4.0978193283081055e-08,4.0978193283081055e-08,0.5557037591934204,0.9851028919219971,0.38,1,1,600,FP32-token-IDs
BERT,d0judl,497,148,102,[SEP],,True,suicide intent,6.28642737865448e-08,6.28642737865448e-08,0.11289169639348984,0.03346466273069382,0.38,0,0,600,FP32-token-IDs
BERT,d0judl,497,148,102,[SEP],,True,worthlessness,2.2584572434425354e-07,2.2584572434425354e-07,0.30056339502334595,0.5597262382507324,0.38,1,1,600,FP32-token-IDs
