Model,Sample_ID,Test_Index,Token_Index,Token_ID,Raw_Token,Token,Is_Special_Token,Emotion,SHAP_Value,Abs_SHAP,Base_Value,Model_Probability,Threshold,True_Label,Predicted_Label,SHAP_Max_Evals,XAI_Inference
BERT,141cj66,539,0,101,[CLS],,True,anger,-0.0013232731580501422,0.0013232731580501422,0.3617354929447174,0.01325209066271782,0.38,0,0,600,FP32-token-IDs
BERT,141cj66,539,0,101,[CLS],,True,brain dysfunction (forget),0.0034449466038495302,0.0034449466038495302,0.316470742225647,0.3969665467739105,0.38,0,1,600,FP32-token-IDs
BERT,141cj66,539,0,101,[CLS],,True,emptiness,0.004930270282784477,0.004930270282784477,0.24873895943164825,0.28834810853004456,0.38,0,0,600,FP32-token-IDs
BERT,141cj66,539,0,101,[CLS],,True,hopelessness,-0.0014314516447484493,0.0014314516447484493,0.6315041780471802,0.44658777117729187,0.38,1,1,600,FP32-token-IDs
BERT,141cj66,539,0,101,[CLS],,True,loneliness,0.005369338323362172,0.005369338323362172,0.34935426712036133,0.2960382401943207,0.38,0,0,600,FP32-token-IDs
BERT,141cj66,539,0,101,[CLS],,True,sadness,-0.010527161182835698,0.010527161182835698,0.43912267684936523,0.18426238000392914,0.38,0,0,600,FP32-token-IDs
BERT,141cj66,539,0,101,[CLS],,True,suicide intent,-0.0007176822400651872,0.0007176822400651872,0.29637324810028076,0.0242940504103899,0.38,0,0,600,FP32-token-IDs
BERT,141cj66,539,0,101,[CLS],,True,worthlessness,-0.0023387327964883298,0.0023387327964883298,0.5717954635620117,0.12765930593013763,0.38,1,0,600,FP32-token-IDs
BERT,141cj66,539,1,2079,do,do,False,anger,-0.0013232731580501422,0.0013232731580501422,0.3617354929447174,0.01325209066271782,0.38,0,0,600,FP32-token-IDs
BERT,141cj66,539,1,2079,do,do,False,brain dysfunction (forget),0.0034449466038495302,0.0034449466038495302,0.316470742225647,0.3969665467739105,0.38,0,1,600,FP32-token-IDs
BERT,141cj66,539,1,2079,do,do,False,emptiness,0.004930270282784477,0.004930270282784477,0.24873895943164825,0.28834810853004456,0.38,0,0,600,FP32-token-IDs
BERT,141cj66,539,1,2079,do,do,False,hopelessness,-0.0014314516447484493,0.0014314516447484493,0.6315041780471802,0.44658777117729187,0.38,1,1,600,FP32-token-IDs
BERT,141cj66,539,1,2079,do,do,False,loneliness,0.005369338323362172,0.005369338323362172,0.34935426712036133,0.2960382401943207,0.38,0,0,600,FP32-token-IDs
BERT,141cj66,539,1,2079,do,do,False,sadness,-0.010527161182835698,0.010527161182835698,0.43912267684936523,0.18426238000392914,0.38,0,0,600,FP32-token-IDs
BERT,141cj66,539,1,2079,do,do,False,suicide intent,-0.0007176822400651872,0.0007176822400651872,0.29637324810028076,0.0242940504103899,0.38,0,0,600,FP32-token-IDs
BERT,141cj66,539,1,2079,do,do,False,worthlessness,-0.0023387327964883298,0.0023387327964883298,0.5717954635620117,0.12765930593013763,0.38,1,0,600,FP32-token-IDs
BERT,141cj66,539,2,2017,you,you,False,anger,-0.010396175886853598,0.010396175886853598,0.3617354929447174,0.01325209066271782,0.38,0,0,600,FP32-token-IDs
BERT,141cj66,539,2,2017,you,you,False,brain dysfunction (forget),0.0007920402567833662,0.0007920402567833662,0.316470742225647,0.3969665467739105,0.38,0,1,600,FP32-token-IDs
BERT,141cj66,539,2,2017,you,you,False,emptiness,0.012022168753901497,0.012022168753901497,0.24873895943164825,0.28834810853004456,0.38,0,0,600,FP32-token-IDs
BERT,141cj66,539,2,2017,you,you,False,hopelessness,-0.006959044840186834,0.006959044840186834,0.6315041780471802,0.44658777117729187,0.38,1,1,600,FP32-token-IDs
BERT,141cj66,539,2,2017,you,you,False,loneliness,0.022030214895494282,0.022030214895494282,0.34935426712036133,0.2960382401943207,0.38,0,0,600,FP32-token-IDs
BERT,141cj66,539,2,2017,you,you,False,sadness,-0.010779470903798938,0.010779470903798938,0.43912267684936523,0.18426238000392914,0.38,0,0,600,FP32-token-IDs
BERT,141cj66,539,2,2017,you,you,False,suicide intent,-0.002272261946927756,0.002272261946927756,0.29637324810028076,0.0242940504103899,0.38,0,0,600,FP32-token-IDs
BERT,141cj66,539,2,2017,you,you,False,worthlessness,-0.018588057690067217,0.018588057690067217,0.5717954635620117,0.12765930593013763,0.38,1,0,600,FP32-token-IDs
BERT,141cj66,539,3,3233,stand,stand,False,anger,-0.007416182066663168,0.007416182066663168,0.3617354929447174,0.01325209066271782,0.38,0,0,600,FP32-token-IDs
BERT,141cj66,539,3,3233,stand,stand,False,brain dysfunction (forget),0.00099791563116014,0.00099791563116014,0.316470742225647,0.3969665467739105,0.38,0,1,600,FP32-token-IDs
BERT,141cj66,539,3,3233,stand,stand,False,emptiness,0.008425626350799575,0.008425626350799575,0.24873895943164825,0.28834810853004456,0.38,0,0,600,FP32-token-IDs
BERT,141cj66,539,3,3233,stand,stand,False,hopelessness,-0.005227820482105017,0.005227820482105017,0.6315041780471802,0.44658777117729187,0.38,1,1,600,FP32-token-IDs
BERT,141cj66,539,3,3233,stand,stand,False,loneliness,0.01594375923741609,0.01594375923741609,0.34935426712036133,0.2960382401943207,0.38,0,0,600,FP32-token-IDs
BERT,141cj66,539,3,3233,stand,stand,False,sadness,-0.010706221451982856,0.010706221451982856,0.43912267684936523,0.18426238000392914,0.38,0,0,600,FP32-token-IDs
BERT,141cj66,539,3,3233,stand,stand,False,suicide intent,-0.0015544210909865797,0.0015544210909865797,0.29637324810028076,0.0242940504103899,0.38,0,0,600,FP32-token-IDs
BERT,141cj66,539,3,3233,stand,stand,False,worthlessness,-0.015276768681360409,0.015276768681360409,0.5717954635620117,0.12765930593013763,0.38,1,0,600,FP32-token-IDs
BERT,141cj66,539,4,2145,still,still,False,anger,-0.004515557429320844,0.004515557429320844,0.3617354929447174,0.01325209066271782,0.38,0,0,600,FP32-token-IDs
BERT,141cj66,539,4,2145,still,still,False,brain dysfunction (forget),-0.0038212535769811696,0.0038212535769811696,0.316470742225647,0.3969665467739105,0.38,0,1,600,FP32-token-IDs
BERT,141cj66,539,4,2145,still,still,False,emptiness,0.004364181734022817,0.004364181734022817,0.24873895943164825,0.28834810853004456,0.38,0,0,600,FP32-token-IDs
BERT,141cj66,539,4,2145,still,still,False,hopelessness,-0.005516448623633811,0.005516448623633811,0.6315041780471802,0.44658777117729187,0.38,1,1,600,FP32-token-IDs
BERT,141cj66,539,4,2145,still,still,False,loneliness,0.00945525080896914,0.00945525080896914,0.34935426712036133,0.2960382401943207,0.38,0,0,600,FP32-token-IDs
BERT,141cj66,539,4,2145,still,still,False,sadness,-0.0006937093567103148,0.0006937093567103148,0.43912267684936523,0.18426238000392914,0.38,0,0,600,FP32-token-IDs
BERT,141cj66,539,4,2145,still,still,False,suicide intent,-0.001992542521163289,0.001992542521163289,0.29637324810028076,0.0242940504103899,0.38,0,0,600,FP32-token-IDs
BERT,141cj66,539,4,2145,still,still,False,worthlessness,-0.010246290442799883,0.010246290442799883,0.5717954635620117,0.12765930593013763,0.38,1,0,600,FP32-token-IDs
BERT,141cj66,539,5,1999,in,in,False,anger,-0.004515557429320844,0.004515557429320844,0.3617354929447174,0.01325209066271782,0.38,0,0,600,FP32-token-IDs
BERT,141cj66,539,5,1999,in,in,False,brain dysfunction (forget),-0.0038212535769811696,0.0038212535769811696,0.316470742225647,0.3969665467739105,0.38,0,1,600,FP32-token-IDs
BERT,141cj66,539,5,1999,in,in,False,emptiness,0.004364181734022817,0.004364181734022817,0.24873895943164825,0.28834810853004456,0.38,0,0,600,FP32-token-IDs
BERT,141cj66,539,5,1999,in,in,False,hopelessness,-0.005516448623633811,0.005516448623633811,0.6315041780471802,0.44658777117729187,0.38,1,1,600,FP32-token-IDs
BERT,141cj66,539,5,1999,in,in,False,loneliness,0.00945525080896914,0.00945525080896914,0.34935426712036133,0.2960382401943207,0.38,0,0,600,FP32-token-IDs
BERT,141cj66,539,5,1999,in,in,False,sadness,-0.0006937093567103148,0.0006937093567103148,0.43912267684936523,0.18426238000392914,0.38,0,0,600,FP32-token-IDs
BERT,141cj66,539,5,1999,in,in,False,suicide intent,-0.001992542521163289,0.001992542521163289,0.29637324810028076,0.0242940504103899,0.38,0,0,600,FP32-token-IDs
BERT,141cj66,539,5,1999,in,in,False,worthlessness,-0.010246290442799883,0.010246290442799883,0.5717954635620117,0.12765930593013763,0.38,1,0,600,FP32-token-IDs
BERT,141cj66,539,6,2392,front,front,False,anger,-0.0027450205483806455,0.0027450205483806455,0.3617354929447174,0.01325209066271782,0.38,0,0,600,FP32-token-IDs
BERT,141cj66,539,6,2392,front,front,False,brain dysfunction (forget),-0.00414115100699876,0.00414115100699876,0.316470742225647,0.3969665467739105,0.38,0,1,600,FP32-token-IDs
BERT,141cj66,539,6,2392,front,front,False,emptiness,0.0022935973995897386,0.0022935973995897386,0.24873895943164825,0.28834810853004456,0.38,0,0,600,FP32-token-IDs
BERT,141cj66,539,6,2392,front,front,False,hopelessness,-0.010678824137098024,0.010678824137098024,0.6315041780471802,0.44658777117729187,0.38,1,1,600,FP32-token-IDs
BERT,141cj66,539,6,2392,front,front,False,loneliness,0.010272231651470065,0.010272231651470065,0.34935426712036133,0.2960382401943207,0.38,0,0,600,FP32-token-IDs
BERT,141cj66,539,6,2392,front,front,False,sadness,-0.00489594298414886,0.00489594298414886,0.43912267684936523,0.18426238000392914,0.38,0,0,600,FP32-token-IDs
BERT,141cj66,539,6,2392,front,front,False,suicide intent,-0.002429745384558503,0.002429745384558503,0.29637324810028076,0.0242940504103899,0.38,0,0,600,FP32-token-IDs
BERT,141cj66,539,6,2392,front,front,False,worthlessness,-0.012267209672635155,0.012267209672635155,0.5717954635620117,0.12765930593013763,0.38,1,0,600,FP32-token-IDs
BERT,141cj66,539,7,1997,of,of,False,anger,-0.0027450205483806455,0.0027450205483806455,0.3617354929447174,0.01325209066271782,0.38,0,0,600,FP32-token-IDs
BERT,141cj66,539,7,1997,of,of,False,brain dysfunction (forget),-0.00414115100699876,0.00414115100699876,0.316470742225647,0.3969665467739105,0.38,0,1,600,FP32-token-IDs
BERT,141cj66,539,7,1997,of,of,False,emptiness,0.0022935973995897386,0.0022935973995897386,0.24873895943164825,0.28834810853004456,0.38,0,0,600,FP32-token-IDs
BERT,141cj66,539,7,1997,of,of,False,hopelessness,-0.010678824137098024,0.010678824137098024,0.6315041780471802,0.44658777117729187,0.38,1,1,600,FP32-token-IDs
BERT,141cj66,539,7,1997,of,of,False,loneliness,0.010272231651470065,0.010272231651470065,0.34935426712036133,0.2960382401943207,0.38,0,0,600,FP32-token-IDs
BERT,141cj66,539,7,1997,of,of,False,sadness,-0.00489594298414886,0.00489594298414886,0.43912267684936523,0.18426238000392914,0.38,0,0,600,FP32-token-IDs
BERT,141cj66,539,7,1997,of,of,False,suicide intent,-0.002429745384558503,0.002429745384558503,0.29637324810028076,0.0242940504103899,0.38,0,0,600,FP32-token-IDs
BERT,141cj66,539,7,1997,of,of,False,worthlessness,-0.012267209672635155,0.012267209672635155,0.5717954635620117,0.12765930593013763,0.38,1,0,600,FP32-token-IDs
BERT,141cj66,539,8,1996,the,the,False,anger,-0.0012753055059528421,0.0012753055059528421,0.3617354929447174,0.01325209066271782,0.38,0,0,600,FP32-token-IDs
BERT,141cj66,539,8,1996,the,the,False,brain dysfunction (forget),-0.0011247146120738417,0.0011247146120738417,0.316470742225647,0.3969665467739105,0.38,0,1,600,FP32-token-IDs
BERT,141cj66,539,8,1996,the,the,False,emptiness,-0.003847122020531623,0.003847122020531623,0.24873895943164825,0.28834810853004456,0.38,0,0,600,FP32-token-IDs
BERT,141cj66,539,8,1996,the,the,False,hopelessness,-0.007908829975695838,0.007908829975695838,0.6315041780471802,0.44658777117729187,0.38,1,1,600,FP32-token-IDs
BERT,141cj66,539,8,1996,the,the,False,loneliness,0.0017721722833812237,0.0017721722833812237,0.34935426712036133,0.2960382401943207,0.38,0,0,600,FP32-token-IDs
BERT,141cj66,539,8,1996,the,the,False,sadness,-0.006217833608388901,0.006217833608388901,0.43912267684936523,0.18426238000392914,0.38,0,0,600,FP32-token-IDs
BERT,141cj66,539,8,1996,the,the,False,suicide intent,-0.0016421102641505144,0.0016421102641505144,0.29637324810028076,0.0242940504103899,0.38,0,0,600,FP32-token-IDs
BERT,141cj66,539,8,1996,the,the,False,worthlessness,-0.00576477133602436,0.00576477133602436,0.5717954635620117,0.12765930593013763,0.38,1,0,600,FP32-token-IDs
BERT,141cj66,539,9,5259,mirror,mirror,False,anger,-0.0012753055059528421,0.0012753055059528421,0.3617354929447174,0.01325209066271782,0.38,0,0,600,FP32-token-IDs
BERT,141cj66,539,9,5259,mirror,mirror,False,brain dysfunction (forget),-0.0011247146120738417,0.0011247146120738417,0.316470742225647,0.3969665467739105,0.38,0,1,600,FP32-token-IDs
BERT,141cj66,539,9,5259,mirror,mirror,False,emptiness,-0.003847122020531623,0.003847122020531623,0.24873895943164825,0.28834810853004456,0.38,0,0,600,FP32-token-IDs
BERT,141cj66,539,9,5259,mirror,mirror,False,hopelessness,-0.007908829975695838,0.007908829975695838,0.6315041780471802,0.44658777117729187,0.38,1,1,600,FP32-token-IDs
BERT,141cj66,539,9,5259,mirror,mirror,False,loneliness,0.0017721722833812237,0.0017721722833812237,0.34935426712036133,0.2960382401943207,0.38,0,0,600,FP32-token-IDs
BERT,141cj66,539,9,5259,mirror,mirror,False,sadness,-0.006217833608388901,0.006217833608388901,0.43912267684936523,0.18426238000392914,0.38,0,0,600,FP32-token-IDs
BERT,141cj66,539,9,5259,mirror,mirror,False,suicide intent,-0.0016421102641505144,0.0016421102641505144,0.29637324810028076,0.0242940504103899,0.38,0,0,600,FP32-token-IDs
BERT,141cj66,539,9,5259,mirror,mirror,False,worthlessness,-0.00576477133602436,0.00576477133602436,0.5717954635620117,0.12765930593013763,0.38,1,0,600,FP32-token-IDs
BERT,141cj66,539,10,1010,",",",",False,anger,-0.0012753055059528421,0.0012753055059528421,0.3617354929447174,0.01325209066271782,0.38,0,0,600,FP32-token-IDs
BERT,141cj66,539,10,1010,",",",",False,brain dysfunction (forget),-0.0011247146120738417,0.0011247146120738417,0.316470742225647,0.3969665467739105,0.38,0,1,600,FP32-token-IDs
BERT,141cj66,539,10,1010,",",",",False,emptiness,-0.003847122020531623,0.003847122020531623,0.24873895943164825,0.28834810853004456,0.38,0,0,600,FP32-token-IDs
BERT,141cj66,539,10,1010,",",",",False,hopelessness,-0.007908829975695838,0.007908829975695838,0.6315041780471802,0.44658777117729187,0.38,1,1,600,FP32-token-IDs
BERT,141cj66,539,10,1010,",",",",False,loneliness,0.0017721722833812237,0.0017721722833812237,0.34935426712036133,0.2960382401943207,0.38,0,0,600,FP32-token-IDs
BERT,141cj66,539,10,1010,",",",",False,sadness,-0.006217833608388901,0.006217833608388901,0.43912267684936523,0.18426238000392914,0.38,0,0,600,FP32-token-IDs
BERT,141cj66,539,10,1010,",",",",False,suicide intent,-0.0016421102641505144,0.0016421102641505144,0.29637324810028076,0.0242940504103899,0.38,0,0,600,FP32-token-IDs
BERT,141cj66,539,10,1010,",",",",False,worthlessness,-0.00576477133602436,0.00576477133602436,0.5717954635620117,0.12765930593013763,0.38,1,0,600,FP32-token-IDs
BERT,141cj66,539,11,19917,motionless,motionless,False,anger,-0.031941236957209185,0.031941236957209185,0.3617354929447174,0.01325209066271782,0.38,0,0,600,FP32-token-IDs
BERT,141cj66,539,11,19917,motionless,motionless,False,brain dysfunction (forget),0.03246158524416387,0.03246158524416387,0.316470742225647,0.3969665467739105,0.38,0,1,600,FP32-token-IDs
BERT,141cj66,539,11,19917,motionless,motionless,False,emptiness,0.11011061642784625,0.11011061642784625,0.24873895943164825,0.28834810853004456,0.38,0,0,600,FP32-token-IDs
BERT,141cj66,539,11,19917,motionless,motionless,False,hopelessness,0.11968809319660068,0.11968809319660068,0.6315041780471802,0.44658777117729187,0.38,1,1,600,FP32-token-IDs
BERT,141cj66,539,11,19917,motionless,motionless,False,loneliness,0.06177438911981881,0.06177438911981881,0.34935426712036133,0.2960382401943207,0.38,0,0,600,FP32-token-IDs
BERT,141cj66,539,11,19917,motionless,motionless,False,sadness,0.02151152165606618,0.02151152165606618,0.43912267684936523,0.18426238000392914,0.38,0,0,600,FP32-token-IDs
BERT,141cj66,539,11,19917,motionless,motionless,False,suicide intent,-0.007635877467691898,0.007635877467691898,0.29637324810028076,0.0242940504103899,0.38,0,0,600,FP32-token-IDs
BERT,141cj66,539,11,19917,motionless,motionless,False,worthlessness,0.020360757829621434,0.020360757829621434,0.5717954635620117,0.12765930593013763,0.38,1,0,600,FP32-token-IDs
BERT,141cj66,539,12,1998,and,and,False,anger,-0.007546668377472088,0.007546668377472088,0.3617354929447174,0.01325209066271782,0.38,0,0,600,FP32-token-IDs
BERT,141cj66,539,12,1998,and,and,False,brain dysfunction (forget),0.009289897279813886,0.009289897279813886,0.316470742225647,0.3969665467739105,0.38,0,1,600,FP32-token-IDs
BERT,141cj66,539,12,1998,and,and,False,emptiness,0.03630433778744191,0.03630433778744191,0.24873895943164825,0.28834810853004456,0.38,0,0,600,FP32-token-IDs
BERT,141cj66,539,12,1998,and,and,False,hopelessness,0.04549749242141843,0.04549749242141843,0.6315041780471802,0.44658777117729187,0.38,1,1,600,FP32-token-IDs
BERT,141cj66,539,12,1998,and,and,False,loneliness,0.01860758732073009,0.01860758732073009,0.34935426712036133,0.2960382401943207,0.38,0,0,600,FP32-token-IDs
BERT,141cj66,539,12,1998,and,and,False,sadness,0.022006876301020384,0.022006876301020384,0.43912267684936523,0.18426238000392914,0.38,0,0,600,FP32-token-IDs
BERT,141cj66,539,12,1998,and,and,False,suicide intent,-0.0006434516399167478,0.0006434516399167478,0.29637324810028076,0.0242940504103899,0.38,0,0,600,FP32-token-IDs
BERT,141cj66,539,12,1998,and,and,False,worthlessness,0.015209938981570303,0.015209938981570303,0.5717954635620117,0.12765930593013763,0.38,1,0,600,FP32-token-IDs
BERT,141cj66,539,13,10634,dull,dull,False,anger,-0.023229697428178042,0.023229697428178042,0.3617354929447174,0.01325209066271782,0.38,0,0,600,FP32-token-IDs
BERT,141cj66,539,13,10634,dull,dull,False,brain dysfunction (forget),0.03342616185545921,0.03342616185545921,0.316470742225647,0.3969665467739105,0.38,0,1,600,FP32-token-IDs
BERT,141cj66,539,13,10634,dull,dull,False,emptiness,0.07925168867222965,0.07925168867222965,0.24873895943164825,0.28834810853004456,0.38,0,0,600,FP32-token-IDs
BERT,141cj66,539,13,10634,dull,dull,False,hopelessness,0.03340663202106953,0.03340663202106953,0.6315041780471802,0.44658777117729187,0.38,1,1,600,FP32-token-IDs
BERT,141cj66,539,13,10634,dull,dull,False,loneliness,0.04200365860015154,0.04200365860015154,0.34935426712036133,0.2960382401943207,0.38,0,0,600,FP32-token-IDs
BERT,141cj66,539,13,10634,dull,dull,False,sadness,0.013409356120973825,0.013409356120973825,0.43912267684936523,0.18426238000392914,0.38,0,0,600,FP32-token-IDs
BERT,141cj66,539,13,10634,dull,dull,False,suicide intent,-0.007318513991776854,0.007318513991776854,0.29637324810028076,0.0242940504103899,0.38,0,0,600,FP32-token-IDs
BERT,141cj66,539,13,10634,dull,dull,False,worthlessness,0.015000715327914804,0.015000715327914804,0.5717954635620117,0.12765930593013763,0.38,1,0,600,FP32-token-IDs
BERT,141cj66,539,14,1029,?,?,False,anger,-0.010477050265762955,0.010477050265762955,0.3617354929447174,0.01325209066271782,0.38,0,0,600,FP32-token-IDs
BERT,141cj66,539,14,1029,?,?,False,brain dysfunction (forget),0.02665943931788206,0.02665943931788206,0.316470742225647,0.3969665467739105,0.38,0,1,600,FP32-token-IDs
BERT,141cj66,539,14,1029,?,?,False,emptiness,0.03541978006251156,0.03541978006251156,0.24873895943164825,0.28834810853004456,0.38,0,0,600,FP32-token-IDs
BERT,141cj66,539,14,1029,?,?,False,hopelessness,0.0171683169901371,0.0171683169901371,0.6315041780471802,0.44658777117729187,0.38,1,1,600,FP32-token-IDs
BERT,141cj66,539,14,1029,?,?,False,loneliness,0.02504567988216877,0.02504567988216877,0.34935426712036133,0.2960382401943207,0.38,0,0,600,FP32-token-IDs
BERT,141cj66,539,14,1029,?,?,False,sadness,-0.02124914387241006,0.02124914387241006,0.43912267684936523,0.18426238000392914,0.38,0,0,600,FP32-token-IDs
BERT,141cj66,539,14,1029,?,?,False,suicide intent,-0.003251461428590119,0.003251461428590119,0.29637324810028076,0.0242940504103899,0.38,0,0,600,FP32-token-IDs
BERT,141cj66,539,14,1029,?,?,False,worthlessness,0.011193676094990224,0.011193676094990224,0.5717954635620117,0.12765930593013763,0.38,1,0,600,FP32-token-IDs
BERT,141cj66,539,15,1001,#,#,False,anger,-0.0022285413229838013,0.0022285413229838013,0.3617354929447174,0.01325209066271782,0.38,0,0,600,FP32-token-IDs
BERT,141cj66,539,15,1001,#,#,False,brain dysfunction (forget),-0.002781443449202925,0.002781443449202925,0.316470742225647,0.3969665467739105,0.38,0,1,600,FP32-token-IDs
BERT,141cj66,539,15,1001,#,#,False,emptiness,-0.0015657058218494057,0.0015657058218494057,0.24873895943164825,0.28834810853004456,0.38,0,0,600,FP32-token-IDs
BERT,141cj66,539,15,1001,#,#,False,hopelessness,-0.009776453673839568,0.009776453673839568,0.6315041780471802,0.44658777117729187,0.38,1,1,600,FP32-token-IDs
BERT,141cj66,539,15,1001,#,#,False,loneliness,0.00027148210210725665,0.00027148210210725665,0.34935426712036133,0.2960382401943207,0.38,0,0,600,FP32-token-IDs
BERT,141cj66,539,15,1001,#,#,False,sadness,-0.0005451897857710719,0.0005451897857710719,0.43912267684936523,0.18426238000392914,0.38,0,0,600,FP32-token-IDs
BERT,141cj66,539,15,1001,#,#,False,suicide intent,-0.005865243900916539,0.005865243900916539,0.29637324810028076,0.0242940504103899,0.38,0,0,600,FP32-token-IDs
BERT,141cj66,539,15,1001,#,#,False,worthlessness,-0.00986205053050071,0.00986205053050071,0.5717954635620117,0.12765930593013763,0.38,1,0,600,FP32-token-IDs
BERT,141cj66,539,16,1001,#,#,False,anger,-0.0022285413229838013,0.0022285413229838013,0.3617354929447174,0.01325209066271782,0.38,0,0,600,FP32-token-IDs
BERT,141cj66,539,16,1001,#,#,False,brain dysfunction (forget),-0.002781443449202925,0.002781443449202925,0.316470742225647,0.3969665467739105,0.38,0,1,600,FP32-token-IDs
BERT,141cj66,539,16,1001,#,#,False,emptiness,-0.0015657058218494057,0.0015657058218494057,0.24873895943164825,0.28834810853004456,0.38,0,0,600,FP32-token-IDs
BERT,141cj66,539,16,1001,#,#,False,hopelessness,-0.009776453673839568,0.009776453673839568,0.6315041780471802,0.44658777117729187,0.38,1,1,600,FP32-token-IDs
BERT,141cj66,539,16,1001,#,#,False,loneliness,0.00027148210210725665,0.00027148210210725665,0.34935426712036133,0.2960382401943207,0.38,0,0,600,FP32-token-IDs
BERT,141cj66,539,16,1001,#,#,False,sadness,-0.0005451897857710719,0.0005451897857710719,0.43912267684936523,0.18426238000392914,0.38,0,0,600,FP32-token-IDs
BERT,141cj66,539,16,1001,#,#,False,suicide intent,-0.005865243900916539,0.005865243900916539,0.29637324810028076,0.0242940504103899,0.38,0,0,600,FP32-token-IDs
BERT,141cj66,539,16,1001,#,#,False,worthlessness,-0.00986205053050071,0.00986205053050071,0.5717954635620117,0.12765930593013763,0.38,1,0,600,FP32-token-IDs
BERT,141cj66,539,17,1001,#,#,False,anger,-0.0022285413229838013,0.0022285413229838013,0.3617354929447174,0.01325209066271782,0.38,0,0,600,FP32-token-IDs
BERT,141cj66,539,17,1001,#,#,False,brain dysfunction (forget),-0.002781443449202925,0.002781443449202925,0.316470742225647,0.3969665467739105,0.38,0,1,600,FP32-token-IDs
BERT,141cj66,539,17,1001,#,#,False,emptiness,-0.0015657058218494057,0.0015657058218494057,0.24873895943164825,0.28834810853004456,0.38,0,0,600,FP32-token-IDs
BERT,141cj66,539,17,1001,#,#,False,hopelessness,-0.009776453673839568,0.009776453673839568,0.6315041780471802,0.44658777117729187,0.38,1,1,600,FP32-token-IDs
BERT,141cj66,539,17,1001,#,#,False,loneliness,0.00027148210210725665,0.00027148210210725665,0.34935426712036133,0.2960382401943207,0.38,0,0,600,FP32-token-IDs
BERT,141cj66,539,17,1001,#,#,False,sadness,-0.0005451897857710719,0.0005451897857710719,0.43912267684936523,0.18426238000392914,0.38,0,0,600,FP32-token-IDs
BERT,141cj66,539,17,1001,#,#,False,suicide intent,-0.005865243900916539,0.005865243900916539,0.29637324810028076,0.0242940504103899,0.38,0,0,600,FP32-token-IDs
BERT,141cj66,539,17,1001,#,#,False,worthlessness,-0.00986205053050071,0.00986205053050071,0.5717954635620117,0.12765930593013763,0.38,1,0,600,FP32-token-IDs
BERT,141cj66,539,18,1045,i,i,False,anger,-0.0022285413229838013,0.0022285413229838013,0.3617354929447174,0.01325209066271782,0.38,0,0,600,FP32-token-IDs
BERT,141cj66,539,18,1045,i,i,False,brain dysfunction (forget),-0.002781443449202925,0.002781443449202925,0.316470742225647,0.3969665467739105,0.38,0,1,600,FP32-token-IDs
BERT,141cj66,539,18,1045,i,i,False,emptiness,-0.0015657058218494057,0.0015657058218494057,0.24873895943164825,0.28834810853004456,0.38,0,0,600,FP32-token-IDs
BERT,141cj66,539,18,1045,i,i,False,hopelessness,-0.009776453673839568,0.009776453673839568,0.6315041780471802,0.44658777117729187,0.38,1,1,600,FP32-token-IDs
BERT,141cj66,539,18,1045,i,i,False,loneliness,0.00027148210210725665,0.00027148210210725665,0.34935426712036133,0.2960382401943207,0.38,0,0,600,FP32-token-IDs
BERT,141cj66,539,18,1045,i,i,False,sadness,-0.0005451897857710719,0.0005451897857710719,0.43912267684936523,0.18426238000392914,0.38,0,0,600,FP32-token-IDs
BERT,141cj66,539,18,1045,i,i,False,suicide intent,-0.005865243900916539,0.005865243900916539,0.29637324810028076,0.0242940504103899,0.38,0,0,600,FP32-token-IDs
BERT,141cj66,539,18,1045,i,i,False,worthlessness,-0.00986205053050071,0.00986205053050071,0.5717954635620117,0.12765930593013763,0.38,1,0,600,FP32-token-IDs
BERT,141cj66,539,19,2812,mean,mean,False,anger,0.0018176757788751275,0.0018176757788751275,0.3617354929447174,0.01325209066271782,0.38,0,0,600,FP32-token-IDs
BERT,141cj66,539,19,2812,mean,mean,False,brain dysfunction (forget),-0.000972755579277873,0.000972755579277873,0.316470742225647,0.3969665467739105,0.38,0,1,600,FP32-token-IDs
BERT,141cj66,539,19,2812,mean,mean,False,emptiness,0.0014686914393678308,0.0014686914393678308,0.24873895943164825,0.28834810853004456,0.38,0,0,600,FP32-token-IDs
BERT,141cj66,539,19,2812,mean,mean,False,hopelessness,0.006542015401646495,0.006542015401646495,0.6315041780471802,0.44658777117729187,0.38,1,1,600,FP32-token-IDs
BERT,141cj66,539,19,2812,mean,mean,False,loneliness,0.006004751368891448,0.006004751368891448,0.34935426712036133,0.2960382401943207,0.38,0,0,600,FP32-token-IDs
BERT,141cj66,539,19,2812,mean,mean,False,sadness,-0.0017132671317085623,0.0017132671317085623,0.43912267684936523,0.18426238000392914,0.38,0,0,600,FP32-token-IDs
BERT,141cj66,539,19,2812,mean,mean,False,suicide intent,-0.0041480976185994224,0.0041480976185994224,0.29637324810028076,0.0242940504103899,0.38,0,0,600,FP32-token-IDs
BERT,141cj66,539,19,2812,mean,mean,False,worthlessness,0.003049660415854305,0.003049660415854305,0.5717954635620117,0.12765930593013763,0.38,1,0,600,FP32-token-IDs
BERT,141cj66,539,20,2023,this,this,False,anger,0.0018176757788751275,0.0018176757788751275,0.3617354929447174,0.01325209066271782,0.38,0,0,600,FP32-token-IDs
BERT,141cj66,539,20,2023,this,this,False,brain dysfunction (forget),-0.000972755579277873,0.000972755579277873,0.316470742225647,0.3969665467739105,0.38,0,1,600,FP32-token-IDs
BERT,141cj66,539,20,2023,this,this,False,emptiness,0.0014686914393678308,0.0014686914393678308,0.24873895943164825,0.28834810853004456,0.38,0,0,600,FP32-token-IDs
BERT,141cj66,539,20,2023,this,this,False,hopelessness,0.006542015401646495,0.006542015401646495,0.6315041780471802,0.44658777117729187,0.38,1,1,600,FP32-token-IDs
BERT,141cj66,539,20,2023,this,this,False,loneliness,0.006004751368891448,0.006004751368891448,0.34935426712036133,0.2960382401943207,0.38,0,0,600,FP32-token-IDs
BERT,141cj66,539,20,2023,this,this,False,sadness,-0.0017132671317085623,0.0017132671317085623,0.43912267684936523,0.18426238000392914,0.38,0,0,600,FP32-token-IDs
BERT,141cj66,539,20,2023,this,this,False,suicide intent,-0.0041480976185994224,0.0041480976185994224,0.29637324810028076,0.0242940504103899,0.38,0,0,600,FP32-token-IDs
BERT,141cj66,539,20,2023,this,this,False,worthlessness,0.003049660415854305,0.003049660415854305,0.5717954635620117,0.12765930593013763,0.38,1,0,600,FP32-token-IDs
BERT,141cj66,539,21,2003,is,is,False,anger,0.00021105772466398784,0.00021105772466398784,0.3617354929447174,0.01325209066271782,0.38,0,0,600,FP32-token-IDs
BERT,141cj66,539,21,2003,is,is,False,brain dysfunction (forget),-0.0014866671757772566,0.0014866671757772566,0.316470742225647,0.3969665467739105,0.38,0,1,600,FP32-token-IDs
BERT,141cj66,539,21,2003,is,is,False,emptiness,0.0008129311492666603,0.0008129311492666603,0.24873895943164825,0.28834810853004456,0.38,0,0,600,FP32-token-IDs
BERT,141cj66,539,21,2003,is,is,False,hopelessness,0.009664256172254682,0.009664256172254682,0.6315041780471802,0.44658777117729187,0.38,1,1,600,FP32-token-IDs
BERT,141cj66,539,21,2003,is,is,False,loneliness,0.004699547018390149,0.004699547018390149,0.34935426712036133,0.2960382401943207,0.38,0,0,600,FP32-token-IDs
BERT,141cj66,539,21,2003,is,is,False,sadness,0.005693619535304606,0.005693619535304606,0.43912267684936523,0.18426238000392914,0.38,0,0,600,FP32-token-IDs
BERT,141cj66,539,21,2003,is,is,False,suicide intent,-0.004511474948958494,0.004511474948958494,0.29637324810028076,0.0242940504103899,0.38,0,0,600,FP32-token-IDs
BERT,141cj66,539,21,2003,is,is,False,worthlessness,0.003366981341969222,0.003366981341969222,0.5717954635620117,0.12765930593013763,0.38,1,0,600,FP32-token-IDs
BERT,141cj66,539,22,2025,not,not,False,anger,0.00021105772466398784,0.00021105772466398784,0.3617354929447174,0.01325209066271782,0.38,0,0,600,FP32-token-IDs
BERT,141cj66,539,22,2025,not,not,False,brain dysfunction (forget),-0.0014866671757772566,0.0014866671757772566,0.316470742225647,0.3969665467739105,0.38,0,1,600,FP32-token-IDs
BERT,141cj66,539,22,2025,not,not,False,emptiness,0.0008129311492666603,0.0008129311492666603,0.24873895943164825,0.28834810853004456,0.38,0,0,600,FP32-token-IDs
BERT,141cj66,539,22,2025,not,not,False,hopelessness,0.009664256172254682,0.009664256172254682,0.6315041780471802,0.44658777117729187,0.38,1,1,600,FP32-token-IDs
BERT,141cj66,539,22,2025,not,not,False,loneliness,0.004699547018390149,0.004699547018390149,0.34935426712036133,0.2960382401943207,0.38,0,0,600,FP32-token-IDs
BERT,141cj66,539,22,2025,not,not,False,sadness,0.005693619535304606,0.005693619535304606,0.43912267684936523,0.18426238000392914,0.38,0,0,600,FP32-token-IDs
BERT,141cj66,539,22,2025,not,not,False,suicide intent,-0.004511474948958494,0.004511474948958494,0.29637324810028076,0.0242940504103899,0.38,0,0,600,FP32-token-IDs
BERT,141cj66,539,22,2025,not,not,False,worthlessness,0.003366981341969222,0.003366981341969222,0.5717954635620117,0.12765930593013763,0.38,1,0,600,FP32-token-IDs
BERT,141cj66,539,23,1996,the,the,False,anger,-0.004848916798073333,0.004848916798073333,0.3617354929447174,0.01325209066271782,0.38,0,0,600,FP32-token-IDs
BERT,141cj66,539,23,1996,the,the,False,brain dysfunction (forget),-0.0038767230444742987,0.0038767230444742987,0.316470742225647,0.3969665467739105,0.38,0,1,600,FP32-token-IDs
BERT,141cj66,539,23,1996,the,the,False,emptiness,-0.005639957159291953,0.005639957159291953,0.24873895943164825,0.28834810853004456,0.38,0,0,600,FP32-token-IDs
BERT,141cj66,539,23,1996,the,the,False,hopelessness,-0.012021151091903447,0.012021151091903447,0.6315041780471802,0.44658777117729187,0.38,1,1,600,FP32-token-IDs
BERT,141cj66,539,23,1996,the,the,False,loneliness,0.0011027057965596516,0.0011027057965596516,0.34935426712036133,0.2960382401943207,0.38,0,0,600,FP32-token-IDs
BERT,141cj66,539,23,1996,the,the,False,sadness,-0.001397199067287147,0.001397199067287147,0.43912267684936523,0.18426238000392914,0.38,0,0,600,FP32-token-IDs
BERT,141cj66,539,23,1996,the,the,False,suicide intent,-0.0025716240095789546,0.0025716240095789546,0.29637324810028076,0.0242940504103899,0.38,0,0,600,FP32-token-IDs
BERT,141cj66,539,23,1996,the,the,False,worthlessness,-0.010152958381998662,0.010152958381998662,0.5717954635620117,0.12765930593013763,0.38,1,0,600,FP32-token-IDs
BERT,141cj66,539,24,2034,first,first,False,anger,-0.004848916798073333,0.004848916798073333,0.3617354929447174,0.01325209066271782,0.38,0,0,600,FP32-token-IDs
BERT,141cj66,539,24,2034,first,first,False,brain dysfunction (forget),-0.0038767230444742987,0.0038767230444742987,0.316470742225647,0.3969665467739105,0.38,0,1,600,FP32-token-IDs
BERT,141cj66,539,24,2034,first,first,False,emptiness,-0.005639957159291953,0.005639957159291953,0.24873895943164825,0.28834810853004456,0.38,0,0,600,FP32-token-IDs
BERT,141cj66,539,24,2034,first,first,False,hopelessness,-0.012021151091903447,0.012021151091903447,0.6315041780471802,0.44658777117729187,0.38,1,1,600,FP32-token-IDs
BERT,141cj66,539,24,2034,first,first,False,loneliness,0.0011027057965596516,0.0011027057965596516,0.34935426712036133,0.2960382401943207,0.38,0,0,600,FP32-token-IDs
BERT,141cj66,539,24,2034,first,first,False,sadness,-0.001397199067287147,0.001397199067287147,0.43912267684936523,0.18426238000392914,0.38,0,0,600,FP32-token-IDs
BERT,141cj66,539,24,2034,first,first,False,suicide intent,-0.0025716240095789546,0.0025716240095789546,0.29637324810028076,0.0242940504103899,0.38,0,0,600,FP32-token-IDs
BERT,141cj66,539,24,2034,first,first,False,worthlessness,-0.010152958381998662,0.010152958381998662,0.5717954635620117,0.12765930593013763,0.38,1,0,600,FP32-token-IDs
BERT,141cj66,539,25,2051,time,time,False,anger,-0.0053996038201148625,0.0053996038201148625,0.3617354929447174,0.01325209066271782,0.38,0,0,600,FP32-token-IDs
BERT,141cj66,539,25,2051,time,time,False,brain dysfunction (forget),-0.003949417893697197,0.003949417893697197,0.316470742225647,0.3969665467739105,0.38,0,1,600,FP32-token-IDs
BERT,141cj66,539,25,2051,time,time,False,emptiness,-0.003811735205817968,0.003811735205817968,0.24873895943164825,0.28834810853004456,0.38,0,0,600,FP32-token-IDs
BERT,141cj66,539,25,2051,time,time,False,hopelessness,-0.011279914714396,0.011279914714396,0.6315041780471802,0.44658777117729187,0.38,1,1,600,FP32-token-IDs
BERT,141cj66,539,25,2051,time,time,False,loneliness,0.005123266096537312,0.005123266096537312,0.34935426712036133,0.2960382401943207,0.38,0,0,600,FP32-token-IDs
BERT,141cj66,539,25,2051,time,time,False,sadness,-0.0019007563358172774,0.0019007563358172774,0.43912267684936523,0.18426238000392914,0.38,0,0,600,FP32-token-IDs
BERT,141cj66,539,25,2051,time,time,False,suicide intent,-0.0027563872616156006,0.0027563872616156006,0.29637324810028076,0.0242940504103899,0.38,0,0,600,FP32-token-IDs
BERT,141cj66,539,25,2051,time,time,False,worthlessness,-0.010937126052643482,0.010937126052643482,0.5717954635620117,0.12765930593013763,0.38,1,0,600,FP32-token-IDs
BERT,141cj66,539,26,1045,i,i,False,anger,-0.0053996038201148625,0.0053996038201148625,0.3617354929447174,0.01325209066271782,0.38,0,0,600,FP32-token-IDs
BERT,141cj66,539,26,1045,i,i,False,brain dysfunction (forget),-0.003949417893697197,0.003949417893697197,0.316470742225647,0.3969665467739105,0.38,0,1,600,FP32-token-IDs
BERT,141cj66,539,26,1045,i,i,False,emptiness,-0.003811735205817968,0.003811735205817968,0.24873895943164825,0.28834810853004456,0.38,0,0,600,FP32-token-IDs
BERT,141cj66,539,26,1045,i,i,False,hopelessness,-0.011279914714396,0.011279914714396,0.6315041780471802,0.44658777117729187,0.38,1,1,600,FP32-token-IDs
BERT,141cj66,539,26,1045,i,i,False,loneliness,0.005123266096537312,0.005123266096537312,0.34935426712036133,0.2960382401943207,0.38,0,0,600,FP32-token-IDs
BERT,141cj66,539,26,1045,i,i,False,sadness,-0.0019007563358172774,0.0019007563358172774,0.43912267684936523,0.18426238000392914,0.38,0,0,600,FP32-token-IDs
BERT,141cj66,539,26,1045,i,i,False,suicide intent,-0.0027563872616156006,0.0027563872616156006,0.29637324810028076,0.0242940504103899,0.38,0,0,600,FP32-token-IDs
BERT,141cj66,539,26,1045,i,i,False,worthlessness,-0.010937126052643482,0.010937126052643482,0.5717954635620117,0.12765930593013763,0.38,1,0,600,FP32-token-IDs
BERT,141cj66,539,27,2298,look,look,False,anger,-0.003184546412376221,0.003184546412376221,0.3617354929447174,0.01325209066271782,0.38,0,0,600,FP32-token-IDs
BERT,141cj66,539,27,2298,look,look,False,brain dysfunction (forget),-0.002377520534597958,0.002377520534597958,0.316470742225647,0.3969665467739105,0.38,0,1,600,FP32-token-IDs
BERT,141cj66,539,27,2298,look,look,False,emptiness,-0.0031246305559761824,0.0031246305559761824,0.24873895943164825,0.28834810853004456,0.38,0,0,600,FP32-token-IDs
BERT,141cj66,539,27,2298,look,look,False,hopelessness,-0.008077574614435434,0.008077574614435434,0.6315041780471802,0.44658777117729187,0.38,1,1,600,FP32-token-IDs
BERT,141cj66,539,27,2298,look,look,False,loneliness,0.0031553459897016483,0.0031553459897016483,0.34935426712036133,0.2960382401943207,0.38,0,0,600,FP32-token-IDs
BERT,141cj66,539,27,2298,look,look,False,sadness,-0.0027931561460718514,0.0027931561460718514,0.43912267684936523,0.18426238000392914,0.38,0,0,600,FP32-token-IDs
BERT,141cj66,539,27,2298,look,look,False,suicide intent,-0.002625398822419811,0.002625398822419811,0.29637324810028076,0.0242940504103899,0.38,0,0,600,FP32-token-IDs
BERT,141cj66,539,27,2298,look,look,False,worthlessness,-0.007678225190223505,0.007678225190223505,0.5717954635620117,0.12765930593013763,0.38,1,0,600,FP32-token-IDs
BERT,141cj66,539,28,2870,myself,myself,False,anger,-0.003184546412376221,0.003184546412376221,0.3617354929447174,0.01325209066271782,0.38,0,0,600,FP32-token-IDs
BERT,141cj66,539,28,2870,myself,myself,False,brain dysfunction (forget),-0.002377520534597958,0.002377520534597958,0.316470742225647,0.3969665467739105,0.38,0,1,600,FP32-token-IDs
BERT,141cj66,539,28,2870,myself,myself,False,emptiness,-0.0031246305559761824,0.0031246305559761824,0.24873895943164825,0.28834810853004456,0.38,0,0,600,FP32-token-IDs
BERT,141cj66,539,28,2870,myself,myself,False,hopelessness,-0.008077574614435434,0.008077574614435434,0.6315041780471802,0.44658777117729187,0.38,1,1,600,FP32-token-IDs
BERT,141cj66,539,28,2870,myself,myself,False,loneliness,0.0031553459897016483,0.0031553459897016483,0.34935426712036133,0.2960382401943207,0.38,0,0,600,FP32-token-IDs
BERT,141cj66,539,28,2870,myself,myself,False,sadness,-0.0027931561460718514,0.0027931561460718514,0.43912267684936523,0.18426238000392914,0.38,0,0,600,FP32-token-IDs
BERT,141cj66,539,28,2870,myself,myself,False,suicide intent,-0.002625398822419811,0.002625398822419811,0.29637324810028076,0.0242940504103899,0.38,0,0,600,FP32-token-IDs
BERT,141cj66,539,28,2870,myself,myself,False,worthlessness,-0.007678225190223505,0.007678225190223505,0.5717954635620117,0.12765930593013763,0.38,1,0,600,FP32-token-IDs
BERT,141cj66,539,29,1999,in,in,False,anger,-0.0031027774544782004,0.0031027774544782004,0.3617354929447174,0.01325209066271782,0.38,0,0,600,FP32-token-IDs
BERT,141cj66,539,29,1999,in,in,False,brain dysfunction (forget),-0.0026483584525218854,0.0026483584525218854,0.316470742225647,0.3969665467739105,0.38,0,1,600,FP32-token-IDs
BERT,141cj66,539,29,1999,in,in,False,emptiness,-0.004334264795761556,0.004334264795761556,0.24873895943164825,0.28834810853004456,0.38,0,0,600,FP32-token-IDs
BERT,141cj66,539,29,1999,in,in,False,hopelessness,-0.010165050346404313,0.010165050346404313,0.6315041780471802,0.44658777117729187,0.38,1,1,600,FP32-token-IDs
BERT,141cj66,539,29,1999,in,in,False,loneliness,0.0022220681033407646,0.0022220681033407646,0.34935426712036133,0.2960382401943207,0.38,0,0,600,FP32-token-IDs
BERT,141cj66,539,29,1999,in,in,False,sadness,-0.003419990255497396,0.003419990255497396,0.43912267684936523,0.18426238000392914,0.38,0,0,600,FP32-token-IDs
BERT,141cj66,539,29,1999,in,in,False,suicide intent,-0.002435416700609494,0.002435416700609494,0.29637324810028076,0.0242940504103899,0.38,0,0,600,FP32-token-IDs
BERT,141cj66,539,29,1999,in,in,False,worthlessness,-0.008642898309820641,0.008642898309820641,0.5717954635620117,0.12765930593013763,0.38,1,0,600,FP32-token-IDs
BERT,141cj66,539,30,2392,front,front,False,anger,-0.0031027774544782004,0.0031027774544782004,0.3617354929447174,0.01325209066271782,0.38,0,0,600,FP32-token-IDs
BERT,141cj66,539,30,2392,front,front,False,brain dysfunction (forget),-0.0026483584525218854,0.0026483584525218854,0.316470742225647,0.3969665467739105,0.38,0,1,600,FP32-token-IDs
BERT,141cj66,539,30,2392,front,front,False,emptiness,-0.004334264795761556,0.004334264795761556,0.24873895943164825,0.28834810853004456,0.38,0,0,600,FP32-token-IDs
BERT,141cj66,539,30,2392,front,front,False,hopelessness,-0.010165050346404313,0.010165050346404313,0.6315041780471802,0.44658777117729187,0.38,1,1,600,FP32-token-IDs
BERT,141cj66,539,30,2392,front,front,False,loneliness,0.0022220681033407646,0.0022220681033407646,0.34935426712036133,0.2960382401943207,0.38,0,0,600,FP32-token-IDs
BERT,141cj66,539,30,2392,front,front,False,sadness,-0.003419990255497396,0.003419990255497396,0.43912267684936523,0.18426238000392914,0.38,0,0,600,FP32-token-IDs
BERT,141cj66,539,30,2392,front,front,False,suicide intent,-0.002435416700609494,0.002435416700609494,0.29637324810028076,0.0242940504103899,0.38,0,0,600,FP32-token-IDs
BERT,141cj66,539,30,2392,front,front,False,worthlessness,-0.008642898309820641,0.008642898309820641,0.5717954635620117,0.12765930593013763,0.38,1,0,600,FP32-token-IDs
BERT,141cj66,539,31,1997,of,of,False,anger,-0.0045632631605258215,0.0045632631605258215,0.3617354929447174,0.01325209066271782,0.38,0,0,600,FP32-token-IDs
BERT,141cj66,539,31,1997,of,of,False,brain dysfunction (forget),0.0026395519807313876,0.0026395519807313876,0.316470742225647,0.3969665467739105,0.38,0,1,600,FP32-token-IDs
BERT,141cj66,539,31,1997,of,of,False,emptiness,-0.004584165127016604,0.004584165127016604,0.24873895943164825,0.28834810853004456,0.38,0,0,600,FP32-token-IDs
BERT,141cj66,539,31,1997,of,of,False,hopelessness,-0.012649219902232287,0.012649219902232287,0.6315041780471802,0.44658777117729187,0.38,1,1,600,FP32-token-IDs
BERT,141cj66,539,31,1997,of,of,False,loneliness,-0.004031712228121857,0.004031712228121857,0.34935426712036133,0.2960382401943207,0.38,0,0,600,FP32-token-IDs
BERT,141cj66,539,31,1997,of,of,False,sadness,-0.01234713797457516,0.01234713797457516,0.43912267684936523,0.18426238000392914,0.38,0,0,600,FP32-token-IDs
BERT,141cj66,539,31,1997,of,of,False,suicide intent,-0.001442713980213739,0.001442713980213739,0.29637324810028076,0.0242940504103899,0.38,0,0,600,FP32-token-IDs
BERT,141cj66,539,31,1997,of,of,False,worthlessness,-0.00720417777968881,0.00720417777968881,0.5717954635620117,0.12765930593013763,0.38,1,0,600,FP32-token-IDs
BERT,141cj66,539,32,1037,a,a,False,anger,-0.0045632631605258215,0.0045632631605258215,0.3617354929447174,0.01325209066271782,0.38,0,0,600,FP32-token-IDs
BERT,141cj66,539,32,1037,a,a,False,brain dysfunction (forget),0.0026395519807313876,0.0026395519807313876,0.316470742225647,0.3969665467739105,0.38,0,1,600,FP32-token-IDs
BERT,141cj66,539,32,1037,a,a,False,emptiness,-0.004584165127016604,0.004584165127016604,0.24873895943164825,0.28834810853004456,0.38,0,0,600,FP32-token-IDs
BERT,141cj66,539,32,1037,a,a,False,hopelessness,-0.012649219902232287,0.012649219902232287,0.6315041780471802,0.44658777117729187,0.38,1,1,600,FP32-token-IDs
BERT,141cj66,539,32,1037,a,a,False,loneliness,-0.004031712228121857,0.004031712228121857,0.34935426712036133,0.2960382401943207,0.38,0,0,600,FP32-token-IDs
BERT,141cj66,539,32,1037,a,a,False,sadness,-0.01234713797457516,0.01234713797457516,0.43912267684936523,0.18426238000392914,0.38,0,0,600,FP32-token-IDs
BERT,141cj66,539,32,1037,a,a,False,suicide intent,-0.001442713980213739,0.001442713980213739,0.29637324810028076,0.0242940504103899,0.38,0,0,600,FP32-token-IDs
BERT,141cj66,539,32,1037,a,a,False,worthlessness,-0.00720417777968881,0.00720417777968881,0.5717954635620117,0.12765930593013763,0.38,1,0,600,FP32-token-IDs
BERT,141cj66,539,33,5259,mirror,mirror,False,anger,-0.0045632631605258215,0.0045632631605258215,0.3617354929447174,0.01325209066271782,0.38,0,0,600,FP32-token-IDs
BERT,141cj66,539,33,5259,mirror,mirror,False,brain dysfunction (forget),0.0026395519807313876,0.0026395519807313876,0.316470742225647,0.3969665467739105,0.38,0,1,600,FP32-token-IDs
BERT,141cj66,539,33,5259,mirror,mirror,False,emptiness,-0.004584165127016604,0.004584165127016604,0.24873895943164825,0.28834810853004456,0.38,0,0,600,FP32-token-IDs
BERT,141cj66,539,33,5259,mirror,mirror,False,hopelessness,-0.012649219902232287,0.012649219902232287,0.6315041780471802,0.44658777117729187,0.38,1,1,600,FP32-token-IDs
BERT,141cj66,539,33,5259,mirror,mirror,False,loneliness,-0.004031712228121857,0.004031712228121857,0.34935426712036133,0.2960382401943207,0.38,0,0,600,FP32-token-IDs
BERT,141cj66,539,33,5259,mirror,mirror,False,sadness,-0.01234713797457516,0.01234713797457516,0.43912267684936523,0.18426238000392914,0.38,0,0,600,FP32-token-IDs
BERT,141cj66,539,33,5259,mirror,mirror,False,suicide intent,-0.001442713980213739,0.001442713980213739,0.29637324810028076,0.0242940504103899,0.38,0,0,600,FP32-token-IDs
BERT,141cj66,539,33,5259,mirror,mirror,False,worthlessness,-0.00720417777968881,0.00720417777968881,0.5717954635620117,0.12765930593013763,0.38,1,0,600,FP32-token-IDs
BERT,141cj66,539,34,2021,but,but,False,anger,-0.0045632631605258215,0.0045632631605258215,0.3617354929447174,0.01325209066271782,0.38,0,0,600,FP32-token-IDs
BERT,141cj66,539,34,2021,but,but,False,brain dysfunction (forget),0.002639551980731388,0.002639551980731388,0.316470742225647,0.3969665467739105,0.38,0,1,600,FP32-token-IDs
BERT,141cj66,539,34,2021,but,but,False,emptiness,-0.004584165127016604,0.004584165127016604,0.24873895943164825,0.28834810853004456,0.38,0,0,600,FP32-token-IDs
BERT,141cj66,539,34,2021,but,but,False,hopelessness,-0.012649219902232289,0.012649219902232289,0.6315041780471802,0.44658777117729187,0.38,1,1,600,FP32-token-IDs
BERT,141cj66,539,34,2021,but,but,False,loneliness,-0.004031712228121857,0.004031712228121857,0.34935426712036133,0.2960382401943207,0.38,0,0,600,FP32-token-IDs
BERT,141cj66,539,34,2021,but,but,False,sadness,-0.012347137974575161,0.012347137974575161,0.43912267684936523,0.18426238000392914,0.38,0,0,600,FP32-token-IDs
BERT,141cj66,539,34,2021,but,but,False,suicide intent,-0.001442713980213739,0.001442713980213739,0.29637324810028076,0.0242940504103899,0.38,0,0,600,FP32-token-IDs
BERT,141cj66,539,34,2021,but,but,False,worthlessness,-0.00720417777968881,0.00720417777968881,0.5717954635620117,0.12765930593013763,0.38,1,0,600,FP32-token-IDs
BERT,141cj66,539,35,1999,in,in,False,anger,-0.0015664921229472384,0.0015664921229472384,0.3617354929447174,0.01325209066271782,0.38,0,0,600,FP32-token-IDs
BERT,141cj66,539,35,1999,in,in,False,brain dysfunction (forget),-0.003463441040366888,0.003463441040366888,0.316470742225647,0.3969665467739105,0.38,0,1,600,FP32-token-IDs
BERT,141cj66,539,35,1999,in,in,False,emptiness,0.000473270018119365,0.000473270018119365,0.24873895943164825,0.28834810853004456,0.38,0,0,600,FP32-token-IDs
BERT,141cj66,539,35,1999,in,in,False,hopelessness,-0.003691687248647213,0.003691687248647213,0.6315041780471802,0.44658777117729187,0.38,1,1,600,FP32-token-IDs
BERT,141cj66,539,35,1999,in,in,False,loneliness,0.005851381807588041,0.005851381807588041,0.34935426712036133,0.2960382401943207,0.38,0,0,600,FP32-token-IDs
BERT,141cj66,539,35,1999,in,in,False,sadness,-0.0025053240824490786,0.0025053240824490786,0.43912267684936523,0.18426238000392914,0.38,0,0,600,FP32-token-IDs
BERT,141cj66,539,35,1999,in,in,False,suicide intent,-0.0003440212312852964,0.0003440212312852964,0.29637324810028076,0.0242940504103899,0.38,0,0,600,FP32-token-IDs
BERT,141cj66,539,35,1999,in,in,False,worthlessness,-0.004235586151480675,0.004235586151480675,0.5717954635620117,0.12765930593013763,0.38,1,0,600,FP32-token-IDs
BERT,141cj66,539,36,2122,these,these,False,anger,-0.0015664921229472384,0.0015664921229472384,0.3617354929447174,0.01325209066271782,0.38,0,0,600,FP32-token-IDs
BERT,141cj66,539,36,2122,these,these,False,brain dysfunction (forget),-0.003463441040366888,0.003463441040366888,0.316470742225647,0.3969665467739105,0.38,0,1,600,FP32-token-IDs
BERT,141cj66,539,36,2122,these,these,False,emptiness,0.000473270018119365,0.000473270018119365,0.24873895943164825,0.28834810853004456,0.38,0,0,600,FP32-token-IDs
BERT,141cj66,539,36,2122,these,these,False,hopelessness,-0.003691687248647213,0.003691687248647213,0.6315041780471802,0.44658777117729187,0.38,1,1,600,FP32-token-IDs
BERT,141cj66,539,36,2122,these,these,False,loneliness,0.005851381807588041,0.005851381807588041,0.34935426712036133,0.2960382401943207,0.38,0,0,600,FP32-token-IDs
BERT,141cj66,539,36,2122,these,these,False,sadness,-0.0025053240824490786,0.0025053240824490786,0.43912267684936523,0.18426238000392914,0.38,0,0,600,FP32-token-IDs
BERT,141cj66,539,36,2122,these,these,False,suicide intent,-0.0003440212312852964,0.0003440212312852964,0.29637324810028076,0.0242940504103899,0.38,0,0,600,FP32-token-IDs
BERT,141cj66,539,36,2122,these,these,False,worthlessness,-0.004235586151480675,0.004235586151480675,0.5717954635620117,0.12765930593013763,0.38,1,0,600,FP32-token-IDs
BERT,141cj66,539,37,2420,days,days,False,anger,-0.007111570404958911,0.007111570404958911,0.3617354929447174,0.01325209066271782,0.38,0,0,600,FP32-token-IDs
BERT,141cj66,539,37,2420,days,days,False,brain dysfunction (forget),-0.001399940112605691,0.001399940112605691,0.316470742225647,0.3969665467739105,0.38,0,1,600,FP32-token-IDs
BERT,141cj66,539,37,2420,days,days,False,emptiness,0.012206624785903841,0.012206624785903841,0.24873895943164825,0.28834810853004456,0.38,0,0,600,FP32-token-IDs
BERT,141cj66,539,37,2420,days,days,False,hopelessness,-0.0004924405366182327,0.0004924405366182327,0.6315041780471802,0.44658777117729187,0.38,1,1,600,FP32-token-IDs
BERT,141cj66,539,37,2420,days,days,False,loneliness,0.017579100909642875,0.017579100909642875,0.34935426712036133,0.2960382401943207,0.38,0,0,600,FP32-token-IDs
BERT,141cj66,539,37,2420,days,days,False,sadness,-1.1295313015580177e-05,1.1295313015580177e-05,0.43912267684936523,0.18426238000392914,0.38,0,0,600,FP32-token-IDs
BERT,141cj66,539,37,2420,days,days,False,suicide intent,0.000982142417342402,0.000982142417342402,0.29637324810028076,0.0242940504103899,0.38,0,0,600,FP32-token-IDs
BERT,141cj66,539,37,2420,days,days,False,worthlessness,-0.004703562590293586,0.004703562590293586,0.5717954635620117,0.12765930593013763,0.38,1,0,600,FP32-token-IDs
BERT,141cj66,539,38,1045,i,i,False,anger,-0.008148181790602393,0.008148181790602393,0.3617354929447174,0.01325209066271782,0.38,0,0,600,FP32-token-IDs
BERT,141cj66,539,38,1045,i,i,False,brain dysfunction (forget),-0.004470179555937648,0.004470179555937648,0.316470742225647,0.3969665467739105,0.38,0,1,600,FP32-token-IDs
BERT,141cj66,539,38,1045,i,i,False,emptiness,0.013295756711158901,0.013295756711158901,0.24873895943164825,0.28834810853004456,0.38,0,0,600,FP32-token-IDs
BERT,141cj66,539,38,1045,i,i,False,hopelessness,-0.00181497260928154,0.00181497260928154,0.6315041780471802,0.44658777117729187,0.38,1,1,600,FP32-token-IDs
BERT,141cj66,539,38,1045,i,i,False,loneliness,0.028220865759067237,0.028220865759067237,0.34935426712036133,0.2960382401943207,0.38,0,0,600,FP32-token-IDs
BERT,141cj66,539,38,1045,i,i,False,sadness,0.0004677490796893835,0.0004677490796893835,0.43912267684936523,0.18426238000392914,0.38,0,0,600,FP32-token-IDs
BERT,141cj66,539,38,1045,i,i,False,suicide intent,-0.003017070805071853,0.003017070805071853,0.29637324810028076,0.0242940504103899,0.38,0,0,600,FP32-token-IDs
BERT,141cj66,539,38,1045,i,i,False,worthlessness,-0.009626029874198139,0.009626029874198139,0.5717954635620117,0.12765930593013763,0.38,1,0,600,FP32-token-IDs
BERT,141cj66,539,39,2079,do,do,False,anger,-0.0008826376317301766,0.0008826376317301766,0.3617354929447174,0.01325209066271782,0.38,0,0,600,FP32-token-IDs
BERT,141cj66,539,39,2079,do,do,False,brain dysfunction (forget),0.003805681236553937,0.003805681236553937,0.316470742225647,0.3969665467739105,0.38,0,1,600,FP32-token-IDs
BERT,141cj66,539,39,2079,do,do,False,emptiness,-0.014908724272390827,0.014908724272390827,0.24873895943164825,0.28834810853004456,0.38,0,0,600,FP32-token-IDs
BERT,141cj66,539,39,2079,do,do,False,hopelessness,-0.028570905886590482,0.028570905886590482,0.6315041780471802,0.44658777117729187,0.38,1,1,600,FP32-token-IDs
BERT,141cj66,539,39,2079,do,do,False,loneliness,-0.008689158188644797,0.008689158188644797,0.34935426712036133,0.2960382401943207,0.38,0,0,600,FP32-token-IDs
BERT,141cj66,539,39,2079,do,do,False,sadness,-0.021161340409889817,0.021161340409889817,0.43912267684936523,0.18426238000392914,0.38,0,0,600,FP32-token-IDs
BERT,141cj66,539,39,2079,do,do,False,suicide intent,-0.001857416590792127,0.001857416590792127,0.29637324810028076,0.0242940504103899,0.38,0,0,600,FP32-token-IDs
BERT,141cj66,539,39,2079,do,do,False,worthlessness,-0.015296110918279737,0.015296110918279737,0.5717954635620117,0.12765930593013763,0.38,1,0,600,FP32-token-IDs
BERT,141cj66,539,40,2009,it,it,False,anger,-0.0008826376317301766,0.0008826376317301766,0.3617354929447174,0.01325209066271782,0.38,0,0,600,FP32-token-IDs
BERT,141cj66,539,40,2009,it,it,False,brain dysfunction (forget),0.003805681236553937,0.003805681236553937,0.316470742225647,0.3969665467739105,0.38,0,1,600,FP32-token-IDs
BERT,141cj66,539,40,2009,it,it,False,emptiness,-0.014908724272390827,0.014908724272390827,0.24873895943164825,0.28834810853004456,0.38,0,0,600,FP32-token-IDs
BERT,141cj66,539,40,2009,it,it,False,hopelessness,-0.028570905886590482,0.028570905886590482,0.6315041780471802,0.44658777117729187,0.38,1,1,600,FP32-token-IDs
BERT,141cj66,539,40,2009,it,it,False,loneliness,-0.008689158188644797,0.008689158188644797,0.34935426712036133,0.2960382401943207,0.38,0,0,600,FP32-token-IDs
BERT,141cj66,539,40,2009,it,it,False,sadness,-0.021161340409889817,0.021161340409889817,0.43912267684936523,0.18426238000392914,0.38,0,0,600,FP32-token-IDs
BERT,141cj66,539,40,2009,it,it,False,suicide intent,-0.001857416590792127,0.001857416590792127,0.29637324810028076,0.0242940504103899,0.38,0,0,600,FP32-token-IDs
BERT,141cj66,539,40,2009,it,it,False,worthlessness,-0.015296110918279737,0.015296110918279737,0.5717954635620117,0.12765930593013763,0.38,1,0,600,FP32-token-IDs
BERT,141cj66,539,41,2062,more,more,False,anger,-0.006489035996492021,0.006489035996492021,0.3617354929447174,0.01325209066271782,0.38,0,0,600,FP32-token-IDs
BERT,141cj66,539,41,2062,more,more,False,brain dysfunction (forget),0.0028029420529492198,0.0028029420529492198,0.316470742225647,0.3969665467739105,0.38,0,1,600,FP32-token-IDs
BERT,141cj66,539,41,2062,more,more,False,emptiness,-0.019510841969167813,0.019510841969167813,0.24873895943164825,0.28834810853004456,0.38,0,0,600,FP32-token-IDs
BERT,141cj66,539,41,2062,more,more,False,hopelessness,-0.04015495497733355,0.04015495497733355,0.6315041780471802,0.44658777117729187,0.38,1,1,600,FP32-token-IDs
BERT,141cj66,539,41,2062,more,more,False,loneliness,-0.006845720170531422,0.006845720170531422,0.34935426712036133,0.2960382401943207,0.38,0,0,600,FP32-token-IDs
BERT,141cj66,539,41,2062,more,more,False,sadness,-0.026632491732016206,0.026632491732016206,0.43912267684936523,0.18426238000392914,0.38,0,0,600,FP32-token-IDs
BERT,141cj66,539,41,2062,more,more,False,suicide intent,-0.0019801976188318802,0.0019801976188318802,0.29637324810028076,0.0242940504103899,0.38,0,0,600,FP32-token-IDs
BERT,141cj66,539,41,2062,more,more,False,worthlessness,-0.023074828123208137,0.023074828123208137,0.5717954635620117,0.12765930593013763,0.38,1,0,600,FP32-token-IDs
BERT,141cj66,539,42,4703,frequently,frequently,False,anger,-0.006489035996492021,0.006489035996492021,0.3617354929447174,0.01325209066271782,0.38,0,0,600,FP32-token-IDs
BERT,141cj66,539,42,4703,frequently,frequently,False,brain dysfunction (forget),0.0028029420529492198,0.0028029420529492198,0.316470742225647,0.3969665467739105,0.38,0,1,600,FP32-token-IDs
BERT,141cj66,539,42,4703,frequently,frequently,False,emptiness,-0.019510841969167813,0.019510841969167813,0.24873895943164825,0.28834810853004456,0.38,0,0,600,FP32-token-IDs
BERT,141cj66,539,42,4703,frequently,frequently,False,hopelessness,-0.04015495497733355,0.04015495497733355,0.6315041780471802,0.44658777117729187,0.38,1,1,600,FP32-token-IDs
BERT,141cj66,539,42,4703,frequently,frequently,False,loneliness,-0.006845720170531422,0.006845720170531422,0.34935426712036133,0.2960382401943207,0.38,0,0,600,FP32-token-IDs
BERT,141cj66,539,42,4703,frequently,frequently,False,sadness,-0.026632491732016206,0.026632491732016206,0.43912267684936523,0.18426238000392914,0.38,0,0,600,FP32-token-IDs
BERT,141cj66,539,42,4703,frequently,frequently,False,suicide intent,-0.0019801976188318802,0.0019801976188318802,0.29637324810028076,0.0242940504103899,0.38,0,0,600,FP32-token-IDs
BERT,141cj66,539,42,4703,frequently,frequently,False,worthlessness,-0.023074828123208137,0.023074828123208137,0.5717954635620117,0.12765930593013763,0.38,1,0,600,FP32-token-IDs
BERT,141cj66,539,43,1012,.,.,False,anger,-0.0010755162686109543,0.0010755162686109543,0.3617354929447174,0.01325209066271782,0.38,0,0,600,FP32-token-IDs
BERT,141cj66,539,43,1012,.,.,False,brain dysfunction (forget),0.003879205835983157,0.003879205835983157,0.316470742225647,0.3969665467739105,0.38,0,1,600,FP32-token-IDs
BERT,141cj66,539,43,1012,.,.,False,emptiness,-7.159595843404549e-05,7.159595843404549e-05,0.24873895943164825,0.28834810853004456,0.38,0,0,600,FP32-token-IDs
BERT,141cj66,539,43,1012,.,.,False,hopelessness,-0.008560368418693542,0.008560368418693542,0.6315041780471802,0.44658777117729187,0.38,1,1,600,FP32-token-IDs
BERT,141cj66,539,43,1012,.,.,False,loneliness,-0.0016265206504613161,0.0016265206504613161,0.34935426712036133,0.2960382401943207,0.38,0,0,600,FP32-token-IDs
BERT,141cj66,539,43,1012,.,.,False,sadness,-0.0010432135313749313,0.0010432135313749313,0.43912267684936523,0.18426238000392914,0.38,0,0,600,FP32-token-IDs
BERT,141cj66,539,43,1012,.,.,False,suicide intent,0.00015476085245609285,0.00015476085245609285,0.29637324810028076,0.0242940504103899,0.38,0,0,600,FP32-token-IDs
BERT,141cj66,539,43,1012,.,.,False,worthlessness,-0.004217586107552051,0.004217586107552051,0.5717954635620117,0.12765930593013763,0.38,1,0,600,FP32-token-IDs
BERT,141cj66,539,44,2012,at,at,False,anger,-0.0016706347814761102,0.0016706347814761102,0.3617354929447174,0.01325209066271782,0.38,0,0,600,FP32-token-IDs
BERT,141cj66,539,44,2012,at,at,False,brain dysfunction (forget),-0.0033558575281252465,0.0033558575281252465,0.316470742225647,0.3969665467739105,0.38,0,1,600,FP32-token-IDs
BERT,141cj66,539,44,2012,at,at,False,emptiness,0.006703820064043005,0.006703820064043005,0.24873895943164825,0.28834810853004456,0.38,0,0,600,FP32-token-IDs
BERT,141cj66,539,44,2012,at,at,False,hopelessness,0.0012458647911747296,0.0012458647911747296,0.6315041780471802,0.44658777117729187,0.38,1,1,600,FP32-token-IDs
BERT,141cj66,539,44,2012,at,at,False,loneliness,0.008508896160249909,0.008508896160249909,0.34935426712036133,0.2960382401943207,0.38,0,0,600,FP32-token-IDs
BERT,141cj66,539,44,2012,at,at,False,sadness,0.004789552837610245,0.004789552837610245,0.43912267684936523,0.18426238000392914,0.38,0,0,600,FP32-token-IDs
BERT,141cj66,539,44,2012,at,at,False,suicide intent,-0.0020177036601429182,0.0020177036601429182,0.29637324810028076,0.0242940504103899,0.38,0,0,600,FP32-token-IDs
BERT,141cj66,539,44,2012,at,at,False,worthlessness,-0.0019904506315166753,0.0019904506315166753,0.5717954635620117,0.12765930593013763,0.38,1,0,600,FP32-token-IDs
BERT,141cj66,539,45,2188,home,home,False,anger,-0.0016706347814761102,0.0016706347814761102,0.3617354929447174,0.01325209066271782,0.38,0,0,600,FP32-token-IDs
BERT,141cj66,539,45,2188,home,home,False,brain dysfunction (forget),-0.0033558575281252465,0.0033558575281252465,0.316470742225647,0.3969665467739105,0.38,0,1,600,FP32-token-IDs
BERT,141cj66,539,45,2188,home,home,False,emptiness,0.006703820064043005,0.006703820064043005,0.24873895943164825,0.28834810853004456,0.38,0,0,600,FP32-token-IDs
BERT,141cj66,539,45,2188,home,home,False,hopelessness,0.0012458647911747296,0.0012458647911747296,0.6315041780471802,0.44658777117729187,0.38,1,1,600,FP32-token-IDs
BERT,141cj66,539,45,2188,home,home,False,loneliness,0.008508896160249909,0.008508896160249909,0.34935426712036133,0.2960382401943207,0.38,0,0,600,FP32-token-IDs
BERT,141cj66,539,45,2188,home,home,False,sadness,0.004789552837610245,0.004789552837610245,0.43912267684936523,0.18426238000392914,0.38,0,0,600,FP32-token-IDs
BERT,141cj66,539,45,2188,home,home,False,suicide intent,-0.0020177036601429182,0.0020177036601429182,0.29637324810028076,0.0242940504103899,0.38,0,0,600,FP32-token-IDs
BERT,141cj66,539,45,2188,home,home,False,worthlessness,-0.0019904506315166753,0.0019904506315166753,0.5717954635620117,0.12765930593013763,0.38,1,0,600,FP32-token-IDs
BERT,141cj66,539,46,1010,",",",",False,anger,-0.0016706347814761102,0.0016706347814761102,0.3617354929447174,0.01325209066271782,0.38,0,0,600,FP32-token-IDs
BERT,141cj66,539,46,1010,",",",",False,brain dysfunction (forget),-0.0033558575281252465,0.0033558575281252465,0.316470742225647,0.3969665467739105,0.38,0,1,600,FP32-token-IDs
BERT,141cj66,539,46,1010,",",",",False,emptiness,0.006703820064043005,0.006703820064043005,0.24873895943164825,0.28834810853004456,0.38,0,0,600,FP32-token-IDs
BERT,141cj66,539,46,1010,",",",",False,hopelessness,0.0012458647911747296,0.0012458647911747296,0.6315041780471802,0.44658777117729187,0.38,1,1,600,FP32-token-IDs
BERT,141cj66,539,46,1010,",",",",False,loneliness,0.008508896160249909,0.008508896160249909,0.34935426712036133,0.2960382401943207,0.38,0,0,600,FP32-token-IDs
BERT,141cj66,539,46,1010,",",",",False,sadness,0.004789552837610245,0.004789552837610245,0.43912267684936523,0.18426238000392914,0.38,0,0,600,FP32-token-IDs
BERT,141cj66,539,46,1010,",",",",False,suicide intent,-0.0020177036601429182,0.0020177036601429182,0.29637324810028076,0.0242940504103899,0.38,0,0,600,FP32-token-IDs
BERT,141cj66,539,46,1010,",",",",False,worthlessness,-0.0019904506315166753,0.0019904506315166753,0.5717954635620117,0.12765930593013763,0.38,1,0,600,FP32-token-IDs
BERT,141cj66,539,47,2012,at,at,False,anger,-0.001570704926936222,0.001570704926936222,0.3617354929447174,0.01325209066271782,0.38,0,0,600,FP32-token-IDs
BERT,141cj66,539,47,2012,at,at,False,brain dysfunction (forget),-0.0033818533843649285,0.0033818533843649285,0.316470742225647,0.3969665467739105,0.38,0,1,600,FP32-token-IDs
BERT,141cj66,539,47,2012,at,at,False,emptiness,0.0032809087341385225,0.0032809087341385225,0.24873895943164825,0.28834810853004456,0.38,0,0,600,FP32-token-IDs
BERT,141cj66,539,47,2012,at,at,False,hopelessness,0.0003042274287768772,0.0003042274287768772,0.6315041780471802,0.44658777117729187,0.38,1,1,600,FP32-token-IDs
BERT,141cj66,539,47,2012,at,at,False,loneliness,0.009453811849068319,0.009453811849068319,0.34935426712036133,0.2960382401943207,0.38,0,0,600,FP32-token-IDs
BERT,141cj66,539,47,2012,at,at,False,sadness,0.001039929554930755,0.001039929554930755,0.43912267684936523,0.18426238000392914,0.38,0,0,600,FP32-token-IDs
BERT,141cj66,539,47,2012,at,at,False,suicide intent,-0.0024009721353650095,0.0024009721353650095,0.29637324810028076,0.0242940504103899,0.38,0,0,600,FP32-token-IDs
BERT,141cj66,539,47,2012,at,at,False,worthlessness,-0.0021219498045476418,0.0021219498045476418,0.5717954635620117,0.12765930593013763,0.38,1,0,600,FP32-token-IDs
BERT,141cj66,539,48,2619,someone,someone,False,anger,-0.001570704926936222,0.001570704926936222,0.3617354929447174,0.01325209066271782,0.38,0,0,600,FP32-token-IDs
BERT,141cj66,539,48,2619,someone,someone,False,brain dysfunction (forget),-0.0033818533843649285,0.0033818533843649285,0.316470742225647,0.3969665467739105,0.38,0,1,600,FP32-token-IDs
BERT,141cj66,539,48,2619,someone,someone,False,emptiness,0.0032809087341385225,0.0032809087341385225,0.24873895943164825,0.28834810853004456,0.38,0,0,600,FP32-token-IDs
BERT,141cj66,539,48,2619,someone,someone,False,hopelessness,0.0003042274287768772,0.0003042274287768772,0.6315041780471802,0.44658777117729187,0.38,1,1,600,FP32-token-IDs
BERT,141cj66,539,48,2619,someone,someone,False,loneliness,0.009453811849068319,0.009453811849068319,0.34935426712036133,0.2960382401943207,0.38,0,0,600,FP32-token-IDs
BERT,141cj66,539,48,2619,someone,someone,False,sadness,0.001039929554930755,0.001039929554930755,0.43912267684936523,0.18426238000392914,0.38,0,0,600,FP32-token-IDs
BERT,141cj66,539,48,2619,someone,someone,False,suicide intent,-0.0024009721353650095,0.0024009721353650095,0.29637324810028076,0.0242940504103899,0.38,0,0,600,FP32-token-IDs
BERT,141cj66,539,48,2619,someone,someone,False,worthlessness,-0.0021219498045476418,0.0021219498045476418,0.5717954635620117,0.12765930593013763,0.38,1,0,600,FP32-token-IDs
BERT,141cj66,539,49,2842,else,else,False,anger,-0.001570704926936222,0.001570704926936222,0.3617354929447174,0.01325209066271782,0.38,0,0,600,FP32-token-IDs
BERT,141cj66,539,49,2842,else,else,False,brain dysfunction (forget),-0.003381853384364929,0.003381853384364929,0.316470742225647,0.3969665467739105,0.38,0,1,600,FP32-token-IDs
BERT,141cj66,539,49,2842,else,else,False,emptiness,0.003280908734138523,0.003280908734138523,0.24873895943164825,0.28834810853004456,0.38,0,0,600,FP32-token-IDs
BERT,141cj66,539,49,2842,else,else,False,hopelessness,0.00030422742877687714,0.00030422742877687714,0.6315041780471802,0.44658777117729187,0.38,1,1,600,FP32-token-IDs
BERT,141cj66,539,49,2842,else,else,False,loneliness,0.009453811849068319,0.009453811849068319,0.34935426712036133,0.2960382401943207,0.38,0,0,600,FP32-token-IDs
BERT,141cj66,539,49,2842,else,else,False,sadness,0.001039929554930755,0.001039929554930755,0.43912267684936523,0.18426238000392914,0.38,0,0,600,FP32-token-IDs
BERT,141cj66,539,49,2842,else,else,False,suicide intent,-0.002400972135365009,0.002400972135365009,0.29637324810028076,0.0242940504103899,0.38,0,0,600,FP32-token-IDs
BERT,141cj66,539,49,2842,else,else,False,worthlessness,-0.0021219498045476418,0.0021219498045476418,0.5717954635620117,0.12765930593013763,0.38,1,0,600,FP32-token-IDs
BERT,141cj66,539,50,1005,',',False,anger,-0.001570704926936222,0.001570704926936222,0.3617354929447174,0.01325209066271782,0.38,0,0,600,FP32-token-IDs
BERT,141cj66,539,50,1005,',',False,brain dysfunction (forget),-0.003381853384364929,0.003381853384364929,0.316470742225647,0.3969665467739105,0.38,0,1,600,FP32-token-IDs
BERT,141cj66,539,50,1005,',',False,emptiness,0.003280908734138523,0.003280908734138523,0.24873895943164825,0.28834810853004456,0.38,0,0,600,FP32-token-IDs
BERT,141cj66,539,50,1005,',',False,hopelessness,0.00030422742877687714,0.00030422742877687714,0.6315041780471802,0.44658777117729187,0.38,1,1,600,FP32-token-IDs
BERT,141cj66,539,50,1005,',',False,loneliness,0.009453811849068319,0.009453811849068319,0.34935426712036133,0.2960382401943207,0.38,0,0,600,FP32-token-IDs
BERT,141cj66,539,50,1005,',',False,sadness,0.001039929554930755,0.001039929554930755,0.43912267684936523,0.18426238000392914,0.38,0,0,600,FP32-token-IDs
BERT,141cj66,539,50,1005,',',False,suicide intent,-0.002400972135365009,0.002400972135365009,0.29637324810028076,0.0242940504103899,0.38,0,0,600,FP32-token-IDs
BERT,141cj66,539,50,1005,',',False,worthlessness,-0.0021219498045476418,0.0021219498045476418,0.5717954635620117,0.12765930593013763,0.38,1,0,600,FP32-token-IDs
BERT,141cj66,539,51,1055,s,s,False,anger,-0.001570704926936222,0.001570704926936222,0.3617354929447174,0.01325209066271782,0.38,0,0,600,FP32-token-IDs
BERT,141cj66,539,51,1055,s,s,False,brain dysfunction (forget),-0.003381853384364929,0.003381853384364929,0.316470742225647,0.3969665467739105,0.38,0,1,600,FP32-token-IDs
BERT,141cj66,539,51,1055,s,s,False,emptiness,0.003280908734138523,0.003280908734138523,0.24873895943164825,0.28834810853004456,0.38,0,0,600,FP32-token-IDs
BERT,141cj66,539,51,1055,s,s,False,hopelessness,0.00030422742877687714,0.00030422742877687714,0.6315041780471802,0.44658777117729187,0.38,1,1,600,FP32-token-IDs
BERT,141cj66,539,51,1055,s,s,False,loneliness,0.009453811849068319,0.009453811849068319,0.34935426712036133,0.2960382401943207,0.38,0,0,600,FP32-token-IDs
BERT,141cj66,539,51,1055,s,s,False,sadness,0.001039929554930755,0.001039929554930755,0.43912267684936523,0.18426238000392914,0.38,0,0,600,FP32-token-IDs
BERT,141cj66,539,51,1055,s,s,False,suicide intent,-0.002400972135365009,0.002400972135365009,0.29637324810028076,0.0242940504103899,0.38,0,0,600,FP32-token-IDs
BERT,141cj66,539,51,1055,s,s,False,worthlessness,-0.0021219498045476418,0.0021219498045476418,0.5717954635620117,0.12765930593013763,0.38,1,0,600,FP32-token-IDs
BERT,141cj66,539,52,2160,house,house,False,anger,-0.001029907351559294,0.001029907351559294,0.3617354929447174,0.01325209066271782,0.38,0,0,600,FP32-token-IDs
BERT,141cj66,539,52,2160,house,house,False,brain dysfunction (forget),-0.002780787247632231,0.002780787247632231,0.316470742225647,0.3969665467739105,0.38,0,1,600,FP32-token-IDs
BERT,141cj66,539,52,2160,house,house,False,emptiness,0.003338847731772278,0.003338847731772278,0.24873895943164825,0.28834810853004456,0.38,0,0,600,FP32-token-IDs
BERT,141cj66,539,52,2160,house,house,False,hopelessness,0.0009411955385335855,0.0009411955385335855,0.6315041780471802,0.44658777117729187,0.38,1,1,600,FP32-token-IDs
BERT,141cj66,539,52,2160,house,house,False,loneliness,0.00834658907593361,0.00834658907593361,0.34935426712036133,0.2960382401943207,0.38,0,0,600,FP32-token-IDs
BERT,141cj66,539,52,2160,house,house,False,sadness,0.001283387706748077,0.001283387706748077,0.43912267684936523,0.18426238000392914,0.38,0,0,600,FP32-token-IDs
BERT,141cj66,539,52,2160,house,house,False,suicide intent,-0.001926709699910134,0.001926709699910134,0.29637324810028076,0.0242940504103899,0.38,0,0,600,FP32-token-IDs
BERT,141cj66,539,52,2160,house,house,False,worthlessness,-0.0012398941708462578,0.0012398941708462578,0.5717954635620117,0.12765930593013763,0.38,1,0,600,FP32-token-IDs
BERT,141cj66,539,53,1010,",",",",False,anger,-0.001029907351559294,0.001029907351559294,0.3617354929447174,0.01325209066271782,0.38,0,0,600,FP32-token-IDs
BERT,141cj66,539,53,1010,",",",",False,brain dysfunction (forget),-0.002780787247632231,0.002780787247632231,0.316470742225647,0.3969665467739105,0.38,0,1,600,FP32-token-IDs
BERT,141cj66,539,53,1010,",",",",False,emptiness,0.003338847731772278,0.003338847731772278,0.24873895943164825,0.28834810853004456,0.38,0,0,600,FP32-token-IDs
BERT,141cj66,539,53,1010,",",",",False,hopelessness,0.0009411955385335855,0.0009411955385335855,0.6315041780471802,0.44658777117729187,0.38,1,1,600,FP32-token-IDs
BERT,141cj66,539,53,1010,",",",",False,loneliness,0.00834658907593361,0.00834658907593361,0.34935426712036133,0.2960382401943207,0.38,0,0,600,FP32-token-IDs
BERT,141cj66,539,53,1010,",",",",False,sadness,0.001283387706748077,0.001283387706748077,0.43912267684936523,0.18426238000392914,0.38,0,0,600,FP32-token-IDs
BERT,141cj66,539,53,1010,",",",",False,suicide intent,-0.001926709699910134,0.001926709699910134,0.29637324810028076,0.0242940504103899,0.38,0,0,600,FP32-token-IDs
BERT,141cj66,539,53,1010,",",",",False,worthlessness,-0.0012398941708462578,0.0012398941708462578,0.5717954635620117,0.12765930593013763,0.38,1,0,600,FP32-token-IDs
BERT,141cj66,539,54,1999,in,in,False,anger,-0.0014459612320933957,0.0014459612320933957,0.3617354929447174,0.01325209066271782,0.38,0,0,600,FP32-token-IDs
BERT,141cj66,539,54,1999,in,in,False,brain dysfunction (forget),0.002562132431194186,0.002562132431194186,0.316470742225647,0.3969665467739105,0.38,0,1,600,FP32-token-IDs
BERT,141cj66,539,54,1999,in,in,False,emptiness,-0.00025296665262430906,0.00025296665262430906,0.24873895943164825,0.28834810853004456,0.38,0,0,600,FP32-token-IDs
BERT,141cj66,539,54,1999,in,in,False,hopelessness,0.0021692259470000863,0.0021692259470000863,0.6315041780471802,0.44658777117729187,0.38,1,1,600,FP32-token-IDs
BERT,141cj66,539,54,1999,in,in,False,loneliness,-0.0052679251821246,0.0052679251821246,0.34935426712036133,0.2960382401943207,0.38,0,0,600,FP32-token-IDs
BERT,141cj66,539,54,1999,in,in,False,sadness,-0.0013176563079468906,0.0013176563079468906,0.43912267684936523,0.18426238000392914,0.38,0,0,600,FP32-token-IDs
BERT,141cj66,539,54,1999,in,in,False,suicide intent,-0.0004931790026603267,0.0004931790026603267,0.29637324810028076,0.0242940504103899,0.38,0,0,600,FP32-token-IDs
BERT,141cj66,539,54,1999,in,in,False,worthlessness,-0.0011652875691652298,0.0011652875691652298,0.5717954635620117,0.12765930593013763,0.38,1,0,600,FP32-token-IDs
BERT,141cj66,539,55,1996,the,the,False,anger,-0.0014459612320933957,0.0014459612320933957,0.3617354929447174,0.01325209066271782,0.38,0,0,600,FP32-token-IDs
BERT,141cj66,539,55,1996,the,the,False,brain dysfunction (forget),0.002562132431194186,0.002562132431194186,0.316470742225647,0.3969665467739105,0.38,0,1,600,FP32-token-IDs
BERT,141cj66,539,55,1996,the,the,False,emptiness,-0.00025296665262430906,0.00025296665262430906,0.24873895943164825,0.28834810853004456,0.38,0,0,600,FP32-token-IDs
BERT,141cj66,539,55,1996,the,the,False,hopelessness,0.0021692259470000863,0.0021692259470000863,0.6315041780471802,0.44658777117729187,0.38,1,1,600,FP32-token-IDs
BERT,141cj66,539,55,1996,the,the,False,loneliness,-0.0052679251821246,0.0052679251821246,0.34935426712036133,0.2960382401943207,0.38,0,0,600,FP32-token-IDs
BERT,141cj66,539,55,1996,the,the,False,sadness,-0.0013176563079468906,0.0013176563079468906,0.43912267684936523,0.18426238000392914,0.38,0,0,600,FP32-token-IDs
BERT,141cj66,539,55,1996,the,the,False,suicide intent,-0.0004931790026603267,0.0004931790026603267,0.29637324810028076,0.0242940504103899,0.38,0,0,600,FP32-token-IDs
BERT,141cj66,539,55,1996,the,the,False,worthlessness,-0.0011652875691652298,0.0011652875691652298,0.5717954635620117,0.12765930593013763,0.38,1,0,600,FP32-token-IDs
BERT,141cj66,539,56,2436,office,office,False,anger,-0.0014459612320933957,0.0014459612320933957,0.3617354929447174,0.01325209066271782,0.38,0,0,600,FP32-token-IDs
BERT,141cj66,539,56,2436,office,office,False,brain dysfunction (forget),0.002562132431194186,0.002562132431194186,0.316470742225647,0.3969665467739105,0.38,0,1,600,FP32-token-IDs
BERT,141cj66,539,56,2436,office,office,False,emptiness,-0.00025296665262430906,0.00025296665262430906,0.24873895943164825,0.28834810853004456,0.38,0,0,600,FP32-token-IDs
BERT,141cj66,539,56,2436,office,office,False,hopelessness,0.0021692259470000863,0.0021692259470000863,0.6315041780471802,0.44658777117729187,0.38,1,1,600,FP32-token-IDs
BERT,141cj66,539,56,2436,office,office,False,loneliness,-0.0052679251821246,0.0052679251821246,0.34935426712036133,0.2960382401943207,0.38,0,0,600,FP32-token-IDs
BERT,141cj66,539,56,2436,office,office,False,sadness,-0.0013176563079468906,0.0013176563079468906,0.43912267684936523,0.18426238000392914,0.38,0,0,600,FP32-token-IDs
BERT,141cj66,539,56,2436,office,office,False,suicide intent,-0.0004931790026603267,0.0004931790026603267,0.29637324810028076,0.0242940504103899,0.38,0,0,600,FP32-token-IDs
BERT,141cj66,539,56,2436,office,office,False,worthlessness,-0.0011652875691652298,0.0011652875691652298,0.5717954635620117,0.12765930593013763,0.38,1,0,600,FP32-token-IDs
BERT,141cj66,539,57,1025,;,;,False,anger,-0.0014459612320933957,0.0014459612320933957,0.3617354929447174,0.01325209066271782,0.38,0,0,600,FP32-token-IDs
BERT,141cj66,539,57,1025,;,;,False,brain dysfunction (forget),0.002562132431194186,0.002562132431194186,0.316470742225647,0.3969665467739105,0.38,0,1,600,FP32-token-IDs
BERT,141cj66,539,57,1025,;,;,False,emptiness,-0.00025296665262430906,0.00025296665262430906,0.24873895943164825,0.28834810853004456,0.38,0,0,600,FP32-token-IDs
BERT,141cj66,539,57,1025,;,;,False,hopelessness,0.0021692259470000863,0.0021692259470000863,0.6315041780471802,0.44658777117729187,0.38,1,1,600,FP32-token-IDs
BERT,141cj66,539,57,1025,;,;,False,loneliness,-0.0052679251821246,0.0052679251821246,0.34935426712036133,0.2960382401943207,0.38,0,0,600,FP32-token-IDs
BERT,141cj66,539,57,1025,;,;,False,sadness,-0.0013176563079468906,0.0013176563079468906,0.43912267684936523,0.18426238000392914,0.38,0,0,600,FP32-token-IDs
BERT,141cj66,539,57,1025,;,;,False,suicide intent,-0.0004931790026603267,0.0004931790026603267,0.29637324810028076,0.0242940504103899,0.38,0,0,600,FP32-token-IDs
BERT,141cj66,539,57,1025,;,;,False,worthlessness,-0.0011652875691652298,0.0011652875691652298,0.5717954635620117,0.12765930593013763,0.38,1,0,600,FP32-token-IDs
BERT,141cj66,539,58,1045,i,i,False,anger,-0.0030631832087237854,0.0030631832087237854,0.3617354929447174,0.01325209066271782,0.38,0,0,600,FP32-token-IDs
BERT,141cj66,539,58,1045,i,i,False,brain dysfunction (forget),0.0016538104973733425,0.0016538104973733425,0.316470742225647,0.3969665467739105,0.38,0,1,600,FP32-token-IDs
BERT,141cj66,539,58,1045,i,i,False,emptiness,0.00015556137077510357,0.00015556137077510357,0.24873895943164825,0.28834810853004456,0.38,0,0,600,FP32-token-IDs
BERT,141cj66,539,58,1045,i,i,False,hopelessness,0.003629605402238667,0.003629605402238667,0.6315041780471802,0.44658777117729187,0.38,1,1,600,FP32-token-IDs
BERT,141cj66,539,58,1045,i,i,False,loneliness,-0.0018450406787451357,0.0018450406787451357,0.34935426712036133,0.2960382401943207,0.38,0,0,600,FP32-token-IDs
BERT,141cj66,539,58,1045,i,i,False,sadness,-0.0007069745915941894,0.0007069745915941894,0.43912267684936523,0.18426238000392914,0.38,0,0,600,FP32-token-IDs
BERT,141cj66,539,58,1045,i,i,False,suicide intent,-0.0012104181660106406,0.0012104181660106406,0.29637324810028076,0.0242940504103899,0.38,0,0,600,FP32-token-IDs
BERT,141cj66,539,58,1045,i,i,False,worthlessness,-0.0026427655247971416,0.0026427655247971416,0.5717954635620117,0.12765930593013763,0.38,1,0,600,FP32-token-IDs
BERT,141cj66,539,59,3233,stand,stand,False,anger,-0.0030631832087237854,0.0030631832087237854,0.3617354929447174,0.01325209066271782,0.38,0,0,600,FP32-token-IDs
BERT,141cj66,539,59,3233,stand,stand,False,brain dysfunction (forget),0.0016538104973733425,0.0016538104973733425,0.316470742225647,0.3969665467739105,0.38,0,1,600,FP32-token-IDs
BERT,141cj66,539,59,3233,stand,stand,False,emptiness,0.00015556137077510357,0.00015556137077510357,0.24873895943164825,0.28834810853004456,0.38,0,0,600,FP32-token-IDs
BERT,141cj66,539,59,3233,stand,stand,False,hopelessness,0.003629605402238667,0.003629605402238667,0.6315041780471802,0.44658777117729187,0.38,1,1,600,FP32-token-IDs
BERT,141cj66,539,59,3233,stand,stand,False,loneliness,-0.0018450406787451357,0.0018450406787451357,0.34935426712036133,0.2960382401943207,0.38,0,0,600,FP32-token-IDs
BERT,141cj66,539,59,3233,stand,stand,False,sadness,-0.0007069745915941894,0.0007069745915941894,0.43912267684936523,0.18426238000392914,0.38,0,0,600,FP32-token-IDs
BERT,141cj66,539,59,3233,stand,stand,False,suicide intent,-0.0012104181660106406,0.0012104181660106406,0.29637324810028076,0.0242940504103899,0.38,0,0,600,FP32-token-IDs
BERT,141cj66,539,59,3233,stand,stand,False,worthlessness,-0.0026427655247971416,0.0026427655247971416,0.5717954635620117,0.12765930593013763,0.38,1,0,600,FP32-token-IDs
BERT,141cj66,539,60,2145,still,still,False,anger,-0.0030631832087237854,0.0030631832087237854,0.3617354929447174,0.01325209066271782,0.38,0,0,600,FP32-token-IDs
BERT,141cj66,539,60,2145,still,still,False,brain dysfunction (forget),0.0016538104973733425,0.0016538104973733425,0.316470742225647,0.3969665467739105,0.38,0,1,600,FP32-token-IDs
BERT,141cj66,539,60,2145,still,still,False,emptiness,0.00015556137077510357,0.00015556137077510357,0.24873895943164825,0.28834810853004456,0.38,0,0,600,FP32-token-IDs
BERT,141cj66,539,60,2145,still,still,False,hopelessness,0.003629605402238667,0.003629605402238667,0.6315041780471802,0.44658777117729187,0.38,1,1,600,FP32-token-IDs
BERT,141cj66,539,60,2145,still,still,False,loneliness,-0.0018450406787451357,0.0018450406787451357,0.34935426712036133,0.2960382401943207,0.38,0,0,600,FP32-token-IDs
BERT,141cj66,539,60,2145,still,still,False,sadness,-0.0007069745915941894,0.0007069745915941894,0.43912267684936523,0.18426238000392914,0.38,0,0,600,FP32-token-IDs
BERT,141cj66,539,60,2145,still,still,False,suicide intent,-0.0012104181660106406,0.0012104181660106406,0.29637324810028076,0.0242940504103899,0.38,0,0,600,FP32-token-IDs
BERT,141cj66,539,60,2145,still,still,False,worthlessness,-0.0026427655247971416,0.0026427655247971416,0.5717954635620117,0.12765930593013763,0.38,1,0,600,FP32-token-IDs
BERT,141cj66,539,61,1998,and,and,False,anger,-0.0030631832087237854,0.0030631832087237854,0.3617354929447174,0.01325209066271782,0.38,0,0,600,FP32-token-IDs
BERT,141cj66,539,61,1998,and,and,False,brain dysfunction (forget),0.0016538104973733425,0.0016538104973733425,0.316470742225647,0.3969665467739105,0.38,0,1,600,FP32-token-IDs
BERT,141cj66,539,61,1998,and,and,False,emptiness,0.00015556137077510357,0.00015556137077510357,0.24873895943164825,0.28834810853004456,0.38,0,0,600,FP32-token-IDs
BERT,141cj66,539,61,1998,and,and,False,hopelessness,0.003629605402238667,0.003629605402238667,0.6315041780471802,0.44658777117729187,0.38,1,1,600,FP32-token-IDs
BERT,141cj66,539,61,1998,and,and,False,loneliness,-0.0018450406787451357,0.0018450406787451357,0.34935426712036133,0.2960382401943207,0.38,0,0,600,FP32-token-IDs
BERT,141cj66,539,61,1998,and,and,False,sadness,-0.0007069745915941894,0.0007069745915941894,0.43912267684936523,0.18426238000392914,0.38,0,0,600,FP32-token-IDs
BERT,141cj66,539,61,1998,and,and,False,suicide intent,-0.0012104181660106406,0.0012104181660106406,0.29637324810028076,0.0242940504103899,0.38,0,0,600,FP32-token-IDs
BERT,141cj66,539,61,1998,and,and,False,worthlessness,-0.0026427655247971416,0.0026427655247971416,0.5717954635620117,0.12765930593013763,0.38,1,0,600,FP32-token-IDs
BERT,141cj66,539,62,2298,look,look,False,anger,-0.0017972852765524294,0.0017972852765524294,0.3617354929447174,0.01325209066271782,0.38,0,0,600,FP32-token-IDs
BERT,141cj66,539,62,2298,look,look,False,brain dysfunction (forget),5.4751173593103886e-05,5.4751173593103886e-05,0.316470742225647,0.3969665467739105,0.38,0,1,600,FP32-token-IDs
BERT,141cj66,539,62,2298,look,look,False,emptiness,-0.0027635832666419446,0.0027635832666419446,0.24873895943164825,0.28834810853004456,0.38,0,0,600,FP32-token-IDs
BERT,141cj66,539,62,2298,look,look,False,hopelessness,-5.423265974968672e-05,5.423265974968672e-05,0.6315041780471802,0.44658777117729187,0.38,1,1,600,FP32-token-IDs
BERT,141cj66,539,62,2298,look,look,False,loneliness,-0.006934988865396008,0.006934988865396008,0.34935426712036133,0.2960382401943207,0.38,0,0,600,FP32-token-IDs
BERT,141cj66,539,62,2298,look,look,False,sadness,0.0018851194181479514,0.0018851194181479514,0.43912267684936523,0.18426238000392914,0.38,0,0,600,FP32-token-IDs
BERT,141cj66,539,62,2298,look,look,False,suicide intent,-0.0018094140541506931,0.0018094140541506931,0.29637324810028076,0.0242940504103899,0.38,0,0,600,FP32-token-IDs
BERT,141cj66,539,62,2298,look,look,False,worthlessness,-0.0034911432303488255,0.0034911432303488255,0.5717954635620117,0.12765930593013763,0.38,1,0,600,FP32-token-IDs
BERT,141cj66,539,63,2012,at,at,False,anger,-0.0017972852765524294,0.0017972852765524294,0.3617354929447174,0.01325209066271782,0.38,0,0,600,FP32-token-IDs
BERT,141cj66,539,63,2012,at,at,False,brain dysfunction (forget),5.4751173593103886e-05,5.4751173593103886e-05,0.316470742225647,0.3969665467739105,0.38,0,1,600,FP32-token-IDs
BERT,141cj66,539,63,2012,at,at,False,emptiness,-0.0027635832666419446,0.0027635832666419446,0.24873895943164825,0.28834810853004456,0.38,0,0,600,FP32-token-IDs
BERT,141cj66,539,63,2012,at,at,False,hopelessness,-5.423265974968672e-05,5.423265974968672e-05,0.6315041780471802,0.44658777117729187,0.38,1,1,600,FP32-token-IDs
BERT,141cj66,539,63,2012,at,at,False,loneliness,-0.006934988865396008,0.006934988865396008,0.34935426712036133,0.2960382401943207,0.38,0,0,600,FP32-token-IDs
BERT,141cj66,539,63,2012,at,at,False,sadness,0.0018851194181479514,0.0018851194181479514,0.43912267684936523,0.18426238000392914,0.38,0,0,600,FP32-token-IDs
BERT,141cj66,539,63,2012,at,at,False,suicide intent,-0.0018094140541506931,0.0018094140541506931,0.29637324810028076,0.0242940504103899,0.38,0,0,600,FP32-token-IDs
BERT,141cj66,539,63,2012,at,at,False,worthlessness,-0.0034911432303488255,0.0034911432303488255,0.5717954635620117,0.12765930593013763,0.38,1,0,600,FP32-token-IDs
BERT,141cj66,539,64,2026,my,my,False,anger,-0.0017972852765524294,0.0017972852765524294,0.3617354929447174,0.01325209066271782,0.38,0,0,600,FP32-token-IDs
BERT,141cj66,539,64,2026,my,my,False,brain dysfunction (forget),5.4751173593103886e-05,5.4751173593103886e-05,0.316470742225647,0.3969665467739105,0.38,0,1,600,FP32-token-IDs
BERT,141cj66,539,64,2026,my,my,False,emptiness,-0.0027635832666419446,0.0027635832666419446,0.24873895943164825,0.28834810853004456,0.38,0,0,600,FP32-token-IDs
BERT,141cj66,539,64,2026,my,my,False,hopelessness,-5.423265974968672e-05,5.423265974968672e-05,0.6315041780471802,0.44658777117729187,0.38,1,1,600,FP32-token-IDs
BERT,141cj66,539,64,2026,my,my,False,loneliness,-0.006934988865396008,0.006934988865396008,0.34935426712036133,0.2960382401943207,0.38,0,0,600,FP32-token-IDs
BERT,141cj66,539,64,2026,my,my,False,sadness,0.0018851194181479514,0.0018851194181479514,0.43912267684936523,0.18426238000392914,0.38,0,0,600,FP32-token-IDs
BERT,141cj66,539,64,2026,my,my,False,suicide intent,-0.0018094140541506931,0.0018094140541506931,0.29637324810028076,0.0242940504103899,0.38,0,0,600,FP32-token-IDs
BERT,141cj66,539,64,2026,my,my,False,worthlessness,-0.0034911432303488255,0.0034911432303488255,0.5717954635620117,0.12765930593013763,0.38,1,0,600,FP32-token-IDs
BERT,141cj66,539,65,2227,face,face,False,anger,-0.0017972852765524294,0.0017972852765524294,0.3617354929447174,0.01325209066271782,0.38,0,0,600,FP32-token-IDs
BERT,141cj66,539,65,2227,face,face,False,brain dysfunction (forget),5.4751173593103886e-05,5.4751173593103886e-05,0.316470742225647,0.3969665467739105,0.38,0,1,600,FP32-token-IDs
BERT,141cj66,539,65,2227,face,face,False,emptiness,-0.0027635832666419446,0.0027635832666419446,0.24873895943164825,0.28834810853004456,0.38,0,0,600,FP32-token-IDs
BERT,141cj66,539,65,2227,face,face,False,hopelessness,-5.423265974968672e-05,5.423265974968672e-05,0.6315041780471802,0.44658777117729187,0.38,1,1,600,FP32-token-IDs
BERT,141cj66,539,65,2227,face,face,False,loneliness,-0.006934988865396008,0.006934988865396008,0.34935426712036133,0.2960382401943207,0.38,0,0,600,FP32-token-IDs
BERT,141cj66,539,65,2227,face,face,False,sadness,0.0018851194181479514,0.0018851194181479514,0.43912267684936523,0.18426238000392914,0.38,0,0,600,FP32-token-IDs
BERT,141cj66,539,65,2227,face,face,False,suicide intent,-0.0018094140541506931,0.0018094140541506931,0.29637324810028076,0.0242940504103899,0.38,0,0,600,FP32-token-IDs
BERT,141cj66,539,65,2227,face,face,False,worthlessness,-0.0034911432303488255,0.0034911432303488255,0.5717954635620117,0.12765930593013763,0.38,1,0,600,FP32-token-IDs
BERT,141cj66,539,66,2005,for,for,False,anger,-0.002487000423570862,0.002487000423570862,0.3617354929447174,0.01325209066271782,0.38,0,0,600,FP32-token-IDs
BERT,141cj66,539,66,2005,for,for,False,brain dysfunction (forget),0.0002193640684708953,0.0002193640684708953,0.316470742225647,0.3969665467739105,0.38,0,1,600,FP32-token-IDs
BERT,141cj66,539,66,2005,for,for,False,emptiness,-0.0025555012398399413,0.0025555012398399413,0.24873895943164825,0.28834810853004456,0.38,0,0,600,FP32-token-IDs
BERT,141cj66,539,66,2005,for,for,False,hopelessness,0.0001798063749447465,0.0001798063749447465,0.6315041780471802,0.44658777117729187,0.38,1,1,600,FP32-token-IDs
BERT,141cj66,539,66,2005,for,for,False,loneliness,-0.0066305842192377895,0.0066305842192377895,0.34935426712036133,0.2960382401943207,0.38,0,0,600,FP32-token-IDs
BERT,141cj66,539,66,2005,for,for,False,sadness,0.00271287007490173,0.00271287007490173,0.43912267684936523,0.18426238000392914,0.38,0,0,600,FP32-token-IDs
BERT,141cj66,539,66,2005,for,for,False,suicide intent,-0.0013466277596307918,0.0013466277596307918,0.29637324810028076,0.0242940504103899,0.38,0,0,600,FP32-token-IDs
BERT,141cj66,539,66,2005,for,for,False,worthlessness,-0.0036155744455754757,0.0036155744455754757,0.5717954635620117,0.12765930593013763,0.38,1,0,600,FP32-token-IDs
BERT,141cj66,539,67,2146,long,long,False,anger,-0.002487000423570862,0.002487000423570862,0.3617354929447174,0.01325209066271782,0.38,0,0,600,FP32-token-IDs
BERT,141cj66,539,67,2146,long,long,False,brain dysfunction (forget),0.0002193640684708953,0.0002193640684708953,0.316470742225647,0.3969665467739105,0.38,0,1,600,FP32-token-IDs
BERT,141cj66,539,67,2146,long,long,False,emptiness,-0.0025555012398399413,0.0025555012398399413,0.24873895943164825,0.28834810853004456,0.38,0,0,600,FP32-token-IDs
BERT,141cj66,539,67,2146,long,long,False,hopelessness,0.0001798063749447465,0.0001798063749447465,0.6315041780471802,0.44658777117729187,0.38,1,1,600,FP32-token-IDs
BERT,141cj66,539,67,2146,long,long,False,loneliness,-0.0066305842192377895,0.0066305842192377895,0.34935426712036133,0.2960382401943207,0.38,0,0,600,FP32-token-IDs
BERT,141cj66,539,67,2146,long,long,False,sadness,0.00271287007490173,0.00271287007490173,0.43912267684936523,0.18426238000392914,0.38,0,0,600,FP32-token-IDs
BERT,141cj66,539,67,2146,long,long,False,suicide intent,-0.0013466277596307918,0.0013466277596307918,0.29637324810028076,0.0242940504103899,0.38,0,0,600,FP32-token-IDs
BERT,141cj66,539,67,2146,long,long,False,worthlessness,-0.0036155744455754757,0.0036155744455754757,0.5717954635620117,0.12765930593013763,0.38,1,0,600,FP32-token-IDs
BERT,141cj66,539,68,2781,minutes,minutes,False,anger,-0.002487000423570862,0.002487000423570862,0.3617354929447174,0.01325209066271782,0.38,0,0,600,FP32-token-IDs
BERT,141cj66,539,68,2781,minutes,minutes,False,brain dysfunction (forget),0.0002193640684708953,0.0002193640684708953,0.316470742225647,0.3969665467739105,0.38,0,1,600,FP32-token-IDs
BERT,141cj66,539,68,2781,minutes,minutes,False,emptiness,-0.0025555012398399413,0.0025555012398399413,0.24873895943164825,0.28834810853004456,0.38,0,0,600,FP32-token-IDs
BERT,141cj66,539,68,2781,minutes,minutes,False,hopelessness,0.0001798063749447465,0.0001798063749447465,0.6315041780471802,0.44658777117729187,0.38,1,1,600,FP32-token-IDs
BERT,141cj66,539,68,2781,minutes,minutes,False,loneliness,-0.0066305842192377895,0.0066305842192377895,0.34935426712036133,0.2960382401943207,0.38,0,0,600,FP32-token-IDs
BERT,141cj66,539,68,2781,minutes,minutes,False,sadness,0.00271287007490173,0.00271287007490173,0.43912267684936523,0.18426238000392914,0.38,0,0,600,FP32-token-IDs
BERT,141cj66,539,68,2781,minutes,minutes,False,suicide intent,-0.0013466277596307918,0.0013466277596307918,0.29637324810028076,0.0242940504103899,0.38,0,0,600,FP32-token-IDs
BERT,141cj66,539,68,2781,minutes,minutes,False,worthlessness,-0.0036155744455754757,0.0036155744455754757,0.5717954635620117,0.12765930593013763,0.38,1,0,600,FP32-token-IDs
BERT,141cj66,539,69,1012,.,.,False,anger,-0.002487000423570862,0.002487000423570862,0.3617354929447174,0.01325209066271782,0.38,0,0,600,FP32-token-IDs
BERT,141cj66,539,69,1012,.,.,False,brain dysfunction (forget),0.0002193640684708953,0.0002193640684708953,0.316470742225647,0.3969665467739105,0.38,0,1,600,FP32-token-IDs
BERT,141cj66,539,69,1012,.,.,False,emptiness,-0.0025555012398399413,0.0025555012398399413,0.24873895943164825,0.28834810853004456,0.38,0,0,600,FP32-token-IDs
BERT,141cj66,539,69,1012,.,.,False,hopelessness,0.0001798063749447465,0.0001798063749447465,0.6315041780471802,0.44658777117729187,0.38,1,1,600,FP32-token-IDs
BERT,141cj66,539,69,1012,.,.,False,loneliness,-0.0066305842192377895,0.0066305842192377895,0.34935426712036133,0.2960382401943207,0.38,0,0,600,FP32-token-IDs
BERT,141cj66,539,69,1012,.,.,False,sadness,0.00271287007490173,0.00271287007490173,0.43912267684936523,0.18426238000392914,0.38,0,0,600,FP32-token-IDs
BERT,141cj66,539,69,1012,.,.,False,suicide intent,-0.0013466277596307918,0.0013466277596307918,0.29637324810028076,0.0242940504103899,0.38,0,0,600,FP32-token-IDs
BERT,141cj66,539,69,1012,.,.,False,worthlessness,-0.0036155744455754757,0.0036155744455754757,0.5717954635620117,0.12765930593013763,0.38,1,0,600,FP32-token-IDs
BERT,141cj66,539,70,2026,my,my,False,anger,-0.0014719799510203302,0.0014719799510203302,0.3617354929447174,0.01325209066271782,0.38,0,0,600,FP32-token-IDs
BERT,141cj66,539,70,2026,my,my,False,brain dysfunction (forget),9.426556061953306e-05,9.426556061953306e-05,0.316470742225647,0.3969665467739105,0.38,0,1,600,FP32-token-IDs
BERT,141cj66,539,70,2026,my,my,False,emptiness,-0.0007410080579575151,0.0007410080579575151,0.24873895943164825,0.28834810853004456,0.38,0,0,600,FP32-token-IDs
BERT,141cj66,539,70,2026,my,my,False,hopelessness,-0.001132081262767315,0.001132081262767315,0.6315041780471802,0.44658777117729187,0.38,1,1,600,FP32-token-IDs
BERT,141cj66,539,70,2026,my,my,False,loneliness,0.0004184856661595404,0.0004184856661595404,0.34935426712036133,0.2960382401943207,0.38,0,0,600,FP32-token-IDs
BERT,141cj66,539,70,2026,my,my,False,sadness,-0.0053855046862736344,0.0053855046862736344,0.43912267684936523,0.18426238000392914,0.38,0,0,600,FP32-token-IDs
BERT,141cj66,539,70,2026,my,my,False,suicide intent,-0.0014414724937523715,0.0014414724937523715,0.29637324810028076,0.0242940504103899,0.38,0,0,600,FP32-token-IDs
BERT,141cj66,539,70,2026,my,my,False,worthlessness,-0.000947474327404052,0.000947474327404052,0.5717954635620117,0.12765930593013763,0.38,1,0,600,FP32-token-IDs
BERT,141cj66,539,71,9185,reflection,reflection,False,anger,-0.0014719799510203302,0.0014719799510203302,0.3617354929447174,0.01325209066271782,0.38,0,0,600,FP32-token-IDs
BERT,141cj66,539,71,9185,reflection,reflection,False,brain dysfunction (forget),9.426556061953306e-05,9.426556061953306e-05,0.316470742225647,0.3969665467739105,0.38,0,1,600,FP32-token-IDs
BERT,141cj66,539,71,9185,reflection,reflection,False,emptiness,-0.0007410080579575151,0.0007410080579575151,0.24873895943164825,0.28834810853004456,0.38,0,0,600,FP32-token-IDs
BERT,141cj66,539,71,9185,reflection,reflection,False,hopelessness,-0.001132081262767315,0.001132081262767315,0.6315041780471802,0.44658777117729187,0.38,1,1,600,FP32-token-IDs
BERT,141cj66,539,71,9185,reflection,reflection,False,loneliness,0.0004184856661595404,0.0004184856661595404,0.34935426712036133,0.2960382401943207,0.38,0,0,600,FP32-token-IDs
BERT,141cj66,539,71,9185,reflection,reflection,False,sadness,-0.0053855046862736344,0.0053855046862736344,0.43912267684936523,0.18426238000392914,0.38,0,0,600,FP32-token-IDs
BERT,141cj66,539,71,9185,reflection,reflection,False,suicide intent,-0.0014414724937523715,0.0014414724937523715,0.29637324810028076,0.0242940504103899,0.38,0,0,600,FP32-token-IDs
BERT,141cj66,539,71,9185,reflection,reflection,False,worthlessness,-0.000947474327404052,0.000947474327404052,0.5717954635620117,0.12765930593013763,0.38,1,0,600,FP32-token-IDs
BERT,141cj66,539,72,3504,looks,looks,False,anger,-0.0014719799510203302,0.0014719799510203302,0.3617354929447174,0.01325209066271782,0.38,0,0,600,FP32-token-IDs
BERT,141cj66,539,72,3504,looks,looks,False,brain dysfunction (forget),9.426556061953306e-05,9.426556061953306e-05,0.316470742225647,0.3969665467739105,0.38,0,1,600,FP32-token-IDs
BERT,141cj66,539,72,3504,looks,looks,False,emptiness,-0.0007410080579575151,0.0007410080579575151,0.24873895943164825,0.28834810853004456,0.38,0,0,600,FP32-token-IDs
BERT,141cj66,539,72,3504,looks,looks,False,hopelessness,-0.001132081262767315,0.001132081262767315,0.6315041780471802,0.44658777117729187,0.38,1,1,600,FP32-token-IDs
BERT,141cj66,539,72,3504,looks,looks,False,loneliness,0.0004184856661595404,0.0004184856661595404,0.34935426712036133,0.2960382401943207,0.38,0,0,600,FP32-token-IDs
BERT,141cj66,539,72,3504,looks,looks,False,sadness,-0.0053855046862736344,0.0053855046862736344,0.43912267684936523,0.18426238000392914,0.38,0,0,600,FP32-token-IDs
BERT,141cj66,539,72,3504,looks,looks,False,suicide intent,-0.0014414724937523715,0.0014414724937523715,0.29637324810028076,0.0242940504103899,0.38,0,0,600,FP32-token-IDs
BERT,141cj66,539,72,3504,looks,looks,False,worthlessness,-0.000947474327404052,0.000947474327404052,0.5717954635620117,0.12765930593013763,0.38,1,0,600,FP32-token-IDs
BERT,141cj66,539,73,2062,more,more,False,anger,-0.0014719799510203302,0.0014719799510203302,0.3617354929447174,0.01325209066271782,0.38,0,0,600,FP32-token-IDs
BERT,141cj66,539,73,2062,more,more,False,brain dysfunction (forget),9.426556061953306e-05,9.426556061953306e-05,0.316470742225647,0.3969665467739105,0.38,0,1,600,FP32-token-IDs
BERT,141cj66,539,73,2062,more,more,False,emptiness,-0.0007410080579575151,0.0007410080579575151,0.24873895943164825,0.28834810853004456,0.38,0,0,600,FP32-token-IDs
BERT,141cj66,539,73,2062,more,more,False,hopelessness,-0.001132081262767315,0.001132081262767315,0.6315041780471802,0.44658777117729187,0.38,1,1,600,FP32-token-IDs
BERT,141cj66,539,73,2062,more,more,False,loneliness,0.0004184856661595404,0.0004184856661595404,0.34935426712036133,0.2960382401943207,0.38,0,0,600,FP32-token-IDs
BERT,141cj66,539,73,2062,more,more,False,sadness,-0.0053855046862736344,0.0053855046862736344,0.43912267684936523,0.18426238000392914,0.38,0,0,600,FP32-token-IDs
BERT,141cj66,539,73,2062,more,more,False,suicide intent,-0.0014414724937523715,0.0014414724937523715,0.29637324810028076,0.0242940504103899,0.38,0,0,600,FP32-token-IDs
BERT,141cj66,539,73,2062,more,more,False,worthlessness,-0.000947474327404052,0.000947474327404052,0.5717954635620117,0.12765930593013763,0.38,1,0,600,FP32-token-IDs
BERT,141cj66,539,74,2613,real,real,False,anger,-0.0012372817727737129,0.0012372817727737129,0.3617354929447174,0.01325209066271782,0.38,0,0,600,FP32-token-IDs
BERT,141cj66,539,74,2613,real,real,False,brain dysfunction (forget),0.0003570675035007298,0.0003570675035007298,0.316470742225647,0.3969665467739105,0.38,0,1,600,FP32-token-IDs
BERT,141cj66,539,74,2613,real,real,False,emptiness,-0.0004855023871641606,0.0004855023871641606,0.24873895943164825,0.28834810853004456,0.38,0,0,600,FP32-token-IDs
BERT,141cj66,539,74,2613,real,real,False,hopelessness,-1.9108876585960388e-05,1.9108876585960388e-05,0.6315041780471802,0.44658777117729187,0.38,1,1,600,FP32-token-IDs
BERT,141cj66,539,74,2613,real,real,False,loneliness,-8.399732178077102e-05,8.399732178077102e-05,0.34935426712036133,0.2960382401943207,0.38,0,0,600,FP32-token-IDs
BERT,141cj66,539,74,2613,real,real,False,sadness,-0.004856676212511957,0.004856676212511957,0.43912267684936523,0.18426238000392914,0.38,0,0,600,FP32-token-IDs
BERT,141cj66,539,74,2613,real,real,False,suicide intent,-0.0012080353262717836,0.0012080353262717836,0.29637324810028076,0.0242940504103899,0.38,0,0,600,FP32-token-IDs
BERT,141cj66,539,74,2613,real,real,False,worthlessness,0.00021090632071718574,0.00021090632071718574,0.5717954635620117,0.12765930593013763,0.38,1,0,600,FP32-token-IDs
BERT,141cj66,539,75,2084,than,than,False,anger,-0.0012372817727737129,0.0012372817727737129,0.3617354929447174,0.01325209066271782,0.38,0,0,600,FP32-token-IDs
BERT,141cj66,539,75,2084,than,than,False,brain dysfunction (forget),0.0003570675035007298,0.0003570675035007298,0.316470742225647,0.3969665467739105,0.38,0,1,600,FP32-token-IDs
BERT,141cj66,539,75,2084,than,than,False,emptiness,-0.0004855023871641606,0.0004855023871641606,0.24873895943164825,0.28834810853004456,0.38,0,0,600,FP32-token-IDs
BERT,141cj66,539,75,2084,than,than,False,hopelessness,-1.9108876585960388e-05,1.9108876585960388e-05,0.6315041780471802,0.44658777117729187,0.38,1,1,600,FP32-token-IDs
BERT,141cj66,539,75,2084,than,than,False,loneliness,-8.399732178077102e-05,8.399732178077102e-05,0.34935426712036133,0.2960382401943207,0.38,0,0,600,FP32-token-IDs
BERT,141cj66,539,75,2084,than,than,False,sadness,-0.004856676212511957,0.004856676212511957,0.43912267684936523,0.18426238000392914,0.38,0,0,600,FP32-token-IDs
BERT,141cj66,539,75,2084,than,than,False,suicide intent,-0.0012080353262717836,0.0012080353262717836,0.29637324810028076,0.0242940504103899,0.38,0,0,600,FP32-token-IDs
BERT,141cj66,539,75,2084,than,than,False,worthlessness,0.00021090632071718574,0.00021090632071718574,0.5717954635620117,0.12765930593013763,0.38,1,0,600,FP32-token-IDs
BERT,141cj66,539,76,2033,me,me,False,anger,-0.0012372817727737129,0.0012372817727737129,0.3617354929447174,0.01325209066271782,0.38,0,0,600,FP32-token-IDs
BERT,141cj66,539,76,2033,me,me,False,brain dysfunction (forget),0.0003570675035007298,0.0003570675035007298,0.316470742225647,0.3969665467739105,0.38,0,1,600,FP32-token-IDs
BERT,141cj66,539,76,2033,me,me,False,emptiness,-0.0004855023871641606,0.0004855023871641606,0.24873895943164825,0.28834810853004456,0.38,0,0,600,FP32-token-IDs
BERT,141cj66,539,76,2033,me,me,False,hopelessness,-1.9108876585960388e-05,1.9108876585960388e-05,0.6315041780471802,0.44658777117729187,0.38,1,1,600,FP32-token-IDs
BERT,141cj66,539,76,2033,me,me,False,loneliness,-8.399732178077102e-05,8.399732178077102e-05,0.34935426712036133,0.2960382401943207,0.38,0,0,600,FP32-token-IDs
BERT,141cj66,539,76,2033,me,me,False,sadness,-0.004856676212511957,0.004856676212511957,0.43912267684936523,0.18426238000392914,0.38,0,0,600,FP32-token-IDs
BERT,141cj66,539,76,2033,me,me,False,suicide intent,-0.0012080353262717836,0.0012080353262717836,0.29637324810028076,0.0242940504103899,0.38,0,0,600,FP32-token-IDs
BERT,141cj66,539,76,2033,me,me,False,worthlessness,0.00021090632071718574,0.00021090632071718574,0.5717954635620117,0.12765930593013763,0.38,1,0,600,FP32-token-IDs
BERT,141cj66,539,77,1012,.,.,False,anger,-0.0012372817727737129,0.0012372817727737129,0.3617354929447174,0.01325209066271782,0.38,0,0,600,FP32-token-IDs
BERT,141cj66,539,77,1012,.,.,False,brain dysfunction (forget),0.0003570675035007298,0.0003570675035007298,0.316470742225647,0.3969665467739105,0.38,0,1,600,FP32-token-IDs
BERT,141cj66,539,77,1012,.,.,False,emptiness,-0.0004855023871641606,0.0004855023871641606,0.24873895943164825,0.28834810853004456,0.38,0,0,600,FP32-token-IDs
BERT,141cj66,539,77,1012,.,.,False,hopelessness,-1.9108876585960388e-05,1.9108876585960388e-05,0.6315041780471802,0.44658777117729187,0.38,1,1,600,FP32-token-IDs
BERT,141cj66,539,77,1012,.,.,False,loneliness,-8.399732178077102e-05,8.399732178077102e-05,0.34935426712036133,0.2960382401943207,0.38,0,0,600,FP32-token-IDs
BERT,141cj66,539,77,1012,.,.,False,sadness,-0.004856676212511957,0.004856676212511957,0.43912267684936523,0.18426238000392914,0.38,0,0,600,FP32-token-IDs
BERT,141cj66,539,77,1012,.,.,False,suicide intent,-0.0012080353262717836,0.0012080353262717836,0.29637324810028076,0.0242940504103899,0.38,0,0,600,FP32-token-IDs
BERT,141cj66,539,77,1012,.,.,False,worthlessness,0.00021090632071718574,0.00021090632071718574,0.5717954635620117,0.12765930593013763,0.38,1,0,600,FP32-token-IDs
BERT,141cj66,539,78,2026,my,my,False,anger,-0.0021251969592412934,0.0021251969592412934,0.3617354929447174,0.01325209066271782,0.38,0,0,600,FP32-token-IDs
BERT,141cj66,539,78,2026,my,my,False,brain dysfunction (forget),0.0020984663569834083,0.0020984663569834083,0.316470742225647,0.3969665467739105,0.38,0,1,600,FP32-token-IDs
BERT,141cj66,539,78,2026,my,my,False,emptiness,0.001109759061364457,0.001109759061364457,0.24873895943164825,0.28834810853004456,0.38,0,0,600,FP32-token-IDs
BERT,141cj66,539,78,2026,my,my,False,hopelessness,-6.881402805447578e-05,6.881402805447578e-05,0.6315041780471802,0.44658777117729187,0.38,1,1,600,FP32-token-IDs
BERT,141cj66,539,78,2026,my,my,False,loneliness,-3.0986848287284374e-06,3.0986848287284374e-06,0.34935426712036133,0.2960382401943207,0.38,0,0,600,FP32-token-IDs
BERT,141cj66,539,78,2026,my,my,False,sadness,-0.003378362744115293,0.003378362744115293,0.43912267684936523,0.18426238000392914,0.38,0,0,600,FP32-token-IDs
BERT,141cj66,539,78,2026,my,my,False,suicide intent,-0.001314961766183842,0.001314961766183842,0.29637324810028076,0.0242940504103899,0.38,0,0,600,FP32-token-IDs
BERT,141cj66,539,78,2026,my,my,False,worthlessness,0.0006593943398911506,0.0006593943398911506,0.5717954635620117,0.12765930593013763,0.38,1,0,600,FP32-token-IDs
BERT,141cj66,539,79,9185,reflection,reflection,False,anger,-0.0021251969592412934,0.0021251969592412934,0.3617354929447174,0.01325209066271782,0.38,0,0,600,FP32-token-IDs
BERT,141cj66,539,79,9185,reflection,reflection,False,brain dysfunction (forget),0.0020984663569834083,0.0020984663569834083,0.316470742225647,0.3969665467739105,0.38,0,1,600,FP32-token-IDs
BERT,141cj66,539,79,9185,reflection,reflection,False,emptiness,0.001109759061364457,0.001109759061364457,0.24873895943164825,0.28834810853004456,0.38,0,0,600,FP32-token-IDs
BERT,141cj66,539,79,9185,reflection,reflection,False,hopelessness,-6.881402805447578e-05,6.881402805447578e-05,0.6315041780471802,0.44658777117729187,0.38,1,1,600,FP32-token-IDs
BERT,141cj66,539,79,9185,reflection,reflection,False,loneliness,-3.0986848287284374e-06,3.0986848287284374e-06,0.34935426712036133,0.2960382401943207,0.38,0,0,600,FP32-token-IDs
BERT,141cj66,539,79,9185,reflection,reflection,False,sadness,-0.003378362744115293,0.003378362744115293,0.43912267684936523,0.18426238000392914,0.38,0,0,600,FP32-token-IDs
BERT,141cj66,539,79,9185,reflection,reflection,False,suicide intent,-0.001314961766183842,0.001314961766183842,0.29637324810028076,0.0242940504103899,0.38,0,0,600,FP32-token-IDs
BERT,141cj66,539,79,9185,reflection,reflection,False,worthlessness,0.0006593943398911506,0.0006593943398911506,0.5717954635620117,0.12765930593013763,0.38,1,0,600,FP32-token-IDs
BERT,141cj66,539,80,5683,feels,feels,False,anger,-0.0021251969592412934,0.0021251969592412934,0.3617354929447174,0.01325209066271782,0.38,0,0,600,FP32-token-IDs
BERT,141cj66,539,80,5683,feels,feels,False,brain dysfunction (forget),0.0020984663569834083,0.0020984663569834083,0.316470742225647,0.3969665467739105,0.38,0,1,600,FP32-token-IDs
BERT,141cj66,539,80,5683,feels,feels,False,emptiness,0.001109759061364457,0.001109759061364457,0.24873895943164825,0.28834810853004456,0.38,0,0,600,FP32-token-IDs
BERT,141cj66,539,80,5683,feels,feels,False,hopelessness,-6.881402805447578e-05,6.881402805447578e-05,0.6315041780471802,0.44658777117729187,0.38,1,1,600,FP32-token-IDs
BERT,141cj66,539,80,5683,feels,feels,False,loneliness,-3.0986848287284374e-06,3.0986848287284374e-06,0.34935426712036133,0.2960382401943207,0.38,0,0,600,FP32-token-IDs
BERT,141cj66,539,80,5683,feels,feels,False,sadness,-0.003378362744115293,0.003378362744115293,0.43912267684936523,0.18426238000392914,0.38,0,0,600,FP32-token-IDs
BERT,141cj66,539,80,5683,feels,feels,False,suicide intent,-0.001314961766183842,0.001314961766183842,0.29637324810028076,0.0242940504103899,0.38,0,0,600,FP32-token-IDs
BERT,141cj66,539,80,5683,feels,feels,False,worthlessness,0.0006593943398911506,0.0006593943398911506,0.5717954635620117,0.12765930593013763,0.38,1,0,600,FP32-token-IDs
BERT,141cj66,539,81,2062,more,more,False,anger,-0.0021251969592412934,0.0021251969592412934,0.3617354929447174,0.01325209066271782,0.38,0,0,600,FP32-token-IDs
BERT,141cj66,539,81,2062,more,more,False,brain dysfunction (forget),0.0020984663569834083,0.0020984663569834083,0.316470742225647,0.3969665467739105,0.38,0,1,600,FP32-token-IDs
BERT,141cj66,539,81,2062,more,more,False,emptiness,0.001109759061364457,0.001109759061364457,0.24873895943164825,0.28834810853004456,0.38,0,0,600,FP32-token-IDs
BERT,141cj66,539,81,2062,more,more,False,hopelessness,-6.881402805447578e-05,6.881402805447578e-05,0.6315041780471802,0.44658777117729187,0.38,1,1,600,FP32-token-IDs
BERT,141cj66,539,81,2062,more,more,False,loneliness,-3.0986848287284374e-06,3.0986848287284374e-06,0.34935426712036133,0.2960382401943207,0.38,0,0,600,FP32-token-IDs
BERT,141cj66,539,81,2062,more,more,False,sadness,-0.003378362744115293,0.003378362744115293,0.43912267684936523,0.18426238000392914,0.38,0,0,600,FP32-token-IDs
BERT,141cj66,539,81,2062,more,more,False,suicide intent,-0.001314961766183842,0.001314961766183842,0.29637324810028076,0.0242940504103899,0.38,0,0,600,FP32-token-IDs
BERT,141cj66,539,81,2062,more,more,False,worthlessness,0.0006593943398911506,0.0006593943398911506,0.5717954635620117,0.12765930593013763,0.38,1,0,600,FP32-token-IDs
BERT,141cj66,539,82,2613,real,real,False,anger,-0.001527226806501858,0.001527226806501858,0.3617354929447174,0.01325209066271782,0.38,0,0,600,FP32-token-IDs
BERT,141cj66,539,82,2613,real,real,False,brain dysfunction (forget),0.0021969615190755576,0.0021969615190755576,0.316470742225647,0.3969665467739105,0.38,0,1,600,FP32-token-IDs
BERT,141cj66,539,82,2613,real,real,False,emptiness,0.0012694350152742118,0.0012694350152742118,0.24873895943164825,0.28834810853004456,0.38,0,0,600,FP32-token-IDs
BERT,141cj66,539,82,2613,real,real,False,hopelessness,0.001006072387099266,0.001006072387099266,0.6315041780471802,0.44658777117729187,0.38,1,1,600,FP32-token-IDs
BERT,141cj66,539,82,2613,real,real,False,loneliness,-0.0005677400040440261,0.0005677400040440261,0.34935426712036133,0.2960382401943207,0.38,0,0,600,FP32-token-IDs
BERT,141cj66,539,82,2613,real,real,False,sadness,-0.0034622111124917865,0.0034622111124917865,0.43912267684936523,0.18426238000392914,0.38,0,0,600,FP32-token-IDs
BERT,141cj66,539,82,2613,real,real,False,suicide intent,-0.0011407036290620454,0.0011407036290620454,0.29637324810028076,0.0242940504103899,0.38,0,0,600,FP32-token-IDs
BERT,141cj66,539,82,2613,real,real,False,worthlessness,0.0020226782944519073,0.0020226782944519073,0.5717954635620117,0.12765930593013763,0.38,1,0,600,FP32-token-IDs
BERT,141cj66,539,83,2084,than,than,False,anger,-0.001527226806501858,0.001527226806501858,0.3617354929447174,0.01325209066271782,0.38,0,0,600,FP32-token-IDs
BERT,141cj66,539,83,2084,than,than,False,brain dysfunction (forget),0.0021969615190755576,0.0021969615190755576,0.316470742225647,0.3969665467739105,0.38,0,1,600,FP32-token-IDs
BERT,141cj66,539,83,2084,than,than,False,emptiness,0.0012694350152742118,0.0012694350152742118,0.24873895943164825,0.28834810853004456,0.38,0,0,600,FP32-token-IDs
BERT,141cj66,539,83,2084,than,than,False,hopelessness,0.001006072387099266,0.001006072387099266,0.6315041780471802,0.44658777117729187,0.38,1,1,600,FP32-token-IDs
BERT,141cj66,539,83,2084,than,than,False,loneliness,-0.0005677400040440261,0.0005677400040440261,0.34935426712036133,0.2960382401943207,0.38,0,0,600,FP32-token-IDs
BERT,141cj66,539,83,2084,than,than,False,sadness,-0.0034622111124917865,0.0034622111124917865,0.43912267684936523,0.18426238000392914,0.38,0,0,600,FP32-token-IDs
BERT,141cj66,539,83,2084,than,than,False,suicide intent,-0.0011407036290620454,0.0011407036290620454,0.29637324810028076,0.0242940504103899,0.38,0,0,600,FP32-token-IDs
BERT,141cj66,539,83,2084,than,than,False,worthlessness,0.0020226782944519073,0.0020226782944519073,0.5717954635620117,0.12765930593013763,0.38,1,0,600,FP32-token-IDs
BERT,141cj66,539,84,2033,me,me,False,anger,-0.001527226806501858,0.001527226806501858,0.3617354929447174,0.01325209066271782,0.38,0,0,600,FP32-token-IDs
BERT,141cj66,539,84,2033,me,me,False,brain dysfunction (forget),0.0021969615190755576,0.0021969615190755576,0.316470742225647,0.3969665467739105,0.38,0,1,600,FP32-token-IDs
BERT,141cj66,539,84,2033,me,me,False,emptiness,0.0012694350152742118,0.0012694350152742118,0.24873895943164825,0.28834810853004456,0.38,0,0,600,FP32-token-IDs
BERT,141cj66,539,84,2033,me,me,False,hopelessness,0.001006072387099266,0.001006072387099266,0.6315041780471802,0.44658777117729187,0.38,1,1,600,FP32-token-IDs
BERT,141cj66,539,84,2033,me,me,False,loneliness,-0.0005677400040440261,0.0005677400040440261,0.34935426712036133,0.2960382401943207,0.38,0,0,600,FP32-token-IDs
BERT,141cj66,539,84,2033,me,me,False,sadness,-0.0034622111124917865,0.0034622111124917865,0.43912267684936523,0.18426238000392914,0.38,0,0,600,FP32-token-IDs
BERT,141cj66,539,84,2033,me,me,False,suicide intent,-0.0011407036290620454,0.0011407036290620454,0.29637324810028076,0.0242940504103899,0.38,0,0,600,FP32-token-IDs
BERT,141cj66,539,84,2033,me,me,False,worthlessness,0.0020226782944519073,0.0020226782944519073,0.5717954635620117,0.12765930593013763,0.38,1,0,600,FP32-token-IDs
BERT,141cj66,539,85,1012,.,.,False,anger,-0.001527226806501858,0.001527226806501858,0.3617354929447174,0.01325209066271782,0.38,0,0,600,FP32-token-IDs
BERT,141cj66,539,85,1012,.,.,False,brain dysfunction (forget),0.0021969615190755576,0.0021969615190755576,0.316470742225647,0.3969665467739105,0.38,0,1,600,FP32-token-IDs
BERT,141cj66,539,85,1012,.,.,False,emptiness,0.0012694350152742118,0.0012694350152742118,0.24873895943164825,0.28834810853004456,0.38,0,0,600,FP32-token-IDs
BERT,141cj66,539,85,1012,.,.,False,hopelessness,0.001006072387099266,0.001006072387099266,0.6315041780471802,0.44658777117729187,0.38,1,1,600,FP32-token-IDs
BERT,141cj66,539,85,1012,.,.,False,loneliness,-0.0005677400040440261,0.0005677400040440261,0.34935426712036133,0.2960382401943207,0.38,0,0,600,FP32-token-IDs
BERT,141cj66,539,85,1012,.,.,False,sadness,-0.0034622111124917865,0.0034622111124917865,0.43912267684936523,0.18426238000392914,0.38,0,0,600,FP32-token-IDs
BERT,141cj66,539,85,1012,.,.,False,suicide intent,-0.0011407036290620454,0.0011407036290620454,0.29637324810028076,0.0242940504103899,0.38,0,0,600,FP32-token-IDs
BERT,141cj66,539,85,1012,.,.,False,worthlessness,0.0020226782944519073,0.0020226782944519073,0.5717954635620117,0.12765930593013763,0.38,1,0,600,FP32-token-IDs
BERT,141cj66,539,86,2026,my,my,False,anger,-0.00436071734293364,0.00436071734293364,0.3617354929447174,0.01325209066271782,0.38,0,0,600,FP32-token-IDs
BERT,141cj66,539,86,2026,my,my,False,brain dysfunction (forget),0.00034039688762277365,0.00034039688762277365,0.316470742225647,0.3969665467739105,0.38,0,1,600,FP32-token-IDs
BERT,141cj66,539,86,2026,my,my,False,emptiness,-0.012453921663109213,0.012453921663109213,0.24873895943164825,0.28834810853004456,0.38,0,0,600,FP32-token-IDs
BERT,141cj66,539,86,2026,my,my,False,hopelessness,-0.01892888150177896,0.01892888150177896,0.6315041780471802,0.44658777117729187,0.38,1,1,600,FP32-token-IDs
BERT,141cj66,539,86,2026,my,my,False,loneliness,-0.009605154162272811,0.009605154162272811,0.34935426712036133,0.2960382401943207,0.38,0,0,600,FP32-token-IDs
BERT,141cj66,539,86,2026,my,my,False,sadness,-0.006907850620336831,0.006907850620336831,0.43912267684936523,0.18426238000392914,0.38,0,0,600,FP32-token-IDs
BERT,141cj66,539,86,2026,my,my,False,suicide intent,-0.0030261820429586805,0.0030261820429586805,0.29637324810028076,0.0242940504103899,0.38,0,0,600,FP32-token-IDs
BERT,141cj66,539,86,2026,my,my,False,worthlessness,-0.01601282283081673,0.01601282283081673,0.5717954635620117,0.12765930593013763,0.38,1,0,600,FP32-token-IDs
BERT,141cj66,539,87,9185,reflection,reflection,False,anger,-0.00436071734293364,0.00436071734293364,0.3617354929447174,0.01325209066271782,0.38,0,0,600,FP32-token-IDs
BERT,141cj66,539,87,9185,reflection,reflection,False,brain dysfunction (forget),0.00034039688762277365,0.00034039688762277365,0.316470742225647,0.3969665467739105,0.38,0,1,600,FP32-token-IDs
BERT,141cj66,539,87,9185,reflection,reflection,False,emptiness,-0.012453921663109213,0.012453921663109213,0.24873895943164825,0.28834810853004456,0.38,0,0,600,FP32-token-IDs
BERT,141cj66,539,87,9185,reflection,reflection,False,hopelessness,-0.01892888150177896,0.01892888150177896,0.6315041780471802,0.44658777117729187,0.38,1,1,600,FP32-token-IDs
BERT,141cj66,539,87,9185,reflection,reflection,False,loneliness,-0.009605154162272811,0.009605154162272811,0.34935426712036133,0.2960382401943207,0.38,0,0,600,FP32-token-IDs
BERT,141cj66,539,87,9185,reflection,reflection,False,sadness,-0.006907850620336831,0.006907850620336831,0.43912267684936523,0.18426238000392914,0.38,0,0,600,FP32-token-IDs
BERT,141cj66,539,87,9185,reflection,reflection,False,suicide intent,-0.0030261820429586805,0.0030261820429586805,0.29637324810028076,0.0242940504103899,0.38,0,0,600,FP32-token-IDs
BERT,141cj66,539,87,9185,reflection,reflection,False,worthlessness,-0.01601282283081673,0.01601282283081673,0.5717954635620117,0.12765930593013763,0.38,1,0,600,FP32-token-IDs
BERT,141cj66,539,88,2003,is,is,False,anger,-0.0027278427442070097,0.0027278427442070097,0.3617354929447174,0.01325209066271782,0.38,0,0,600,FP32-token-IDs
BERT,141cj66,539,88,2003,is,is,False,brain dysfunction (forget),0.0027524152537807822,0.0027524152537807822,0.316470742225647,0.3969665467739105,0.38,0,1,600,FP32-token-IDs
BERT,141cj66,539,88,2003,is,is,False,emptiness,-0.008530150225851685,0.008530150225851685,0.24873895943164825,0.28834810853004456,0.38,0,0,600,FP32-token-IDs
BERT,141cj66,539,88,2003,is,is,False,hopelessness,-0.007208452792838216,0.007208452792838216,0.6315041780471802,0.44658777117729187,0.38,1,1,600,FP32-token-IDs
BERT,141cj66,539,88,2003,is,is,False,loneliness,-0.013358127092942595,0.013358127092942595,0.34935426712036133,0.2960382401943207,0.38,0,0,600,FP32-token-IDs
BERT,141cj66,539,88,2003,is,is,False,sadness,-0.00044885429088026285,0.00044885429088026285,0.43912267684936523,0.18426238000392914,0.38,0,0,600,FP32-token-IDs
BERT,141cj66,539,88,2003,is,is,False,suicide intent,-0.0018630418126122095,0.0018630418126122095,0.29637324810028076,0.0242940504103899,0.38,0,0,600,FP32-token-IDs
BERT,141cj66,539,88,2003,is,is,False,worthlessness,-0.009613202913897112,0.009613202913897112,0.5717954635620117,0.12765930593013763,0.38,1,0,600,FP32-token-IDs
BERT,141cj66,539,89,2763,probably,probably,False,anger,-0.0027278427442070097,0.0027278427442070097,0.3617354929447174,0.01325209066271782,0.38,0,0,600,FP32-token-IDs
BERT,141cj66,539,89,2763,probably,probably,False,brain dysfunction (forget),0.0027524152537807822,0.0027524152537807822,0.316470742225647,0.3969665467739105,0.38,0,1,600,FP32-token-IDs
BERT,141cj66,539,89,2763,probably,probably,False,emptiness,-0.008530150225851685,0.008530150225851685,0.24873895943164825,0.28834810853004456,0.38,0,0,600,FP32-token-IDs
BERT,141cj66,539,89,2763,probably,probably,False,hopelessness,-0.007208452792838216,0.007208452792838216,0.6315041780471802,0.44658777117729187,0.38,1,1,600,FP32-token-IDs
BERT,141cj66,539,89,2763,probably,probably,False,loneliness,-0.013358127092942595,0.013358127092942595,0.34935426712036133,0.2960382401943207,0.38,0,0,600,FP32-token-IDs
BERT,141cj66,539,89,2763,probably,probably,False,sadness,-0.00044885429088026285,0.00044885429088026285,0.43912267684936523,0.18426238000392914,0.38,0,0,600,FP32-token-IDs
BERT,141cj66,539,89,2763,probably,probably,False,suicide intent,-0.0018630418126122095,0.0018630418126122095,0.29637324810028076,0.0242940504103899,0.38,0,0,600,FP32-token-IDs
BERT,141cj66,539,89,2763,probably,probably,False,worthlessness,-0.009613202913897112,0.009613202913897112,0.5717954635620117,0.12765930593013763,0.38,1,0,600,FP32-token-IDs
BERT,141cj66,539,90,2488,better,better,False,anger,-0.0012386084029761453,0.0012386084029761453,0.3617354929447174,0.01325209066271782,0.38,0,0,600,FP32-token-IDs
BERT,141cj66,539,90,2488,better,better,False,brain dysfunction (forget),-0.0018250074548025925,0.0018250074548025925,0.316470742225647,0.3969665467739105,0.38,0,1,600,FP32-token-IDs
BERT,141cj66,539,90,2488,better,better,False,emptiness,-0.01032884290907532,0.01032884290907532,0.24873895943164825,0.28834810853004456,0.38,0,0,600,FP32-token-IDs
BERT,141cj66,539,90,2488,better,better,False,hopelessness,-0.020158893894404173,0.020158893894404173,0.6315041780471802,0.44658777117729187,0.38,1,1,600,FP32-token-IDs
BERT,141cj66,539,90,2488,better,better,False,loneliness,-0.00856060984854897,0.00856060984854897,0.34935426712036133,0.2960382401943207,0.38,0,0,600,FP32-token-IDs
BERT,141cj66,539,90,2488,better,better,False,sadness,-0.007292059677032133,0.007292059677032133,0.43912267684936523,0.18426238000392914,0.38,0,0,600,FP32-token-IDs
BERT,141cj66,539,90,2488,better,better,False,suicide intent,-0.0014284966091508977,0.0014284966091508977,0.29637324810028076,0.0242940504103899,0.38,0,0,600,FP32-token-IDs
BERT,141cj66,539,90,2488,better,better,False,worthlessness,-0.013205946500723561,0.013205946500723561,0.5717954635620117,0.12765930593013763,0.38,1,0,600,FP32-token-IDs
BERT,141cj66,539,91,2084,than,than,False,anger,-0.0012386084029761453,0.0012386084029761453,0.3617354929447174,0.01325209066271782,0.38,0,0,600,FP32-token-IDs
BERT,141cj66,539,91,2084,than,than,False,brain dysfunction (forget),-0.0018250074548025925,0.0018250074548025925,0.316470742225647,0.3969665467739105,0.38,0,1,600,FP32-token-IDs
BERT,141cj66,539,91,2084,than,than,False,emptiness,-0.01032884290907532,0.01032884290907532,0.24873895943164825,0.28834810853004456,0.38,0,0,600,FP32-token-IDs
BERT,141cj66,539,91,2084,than,than,False,hopelessness,-0.020158893894404173,0.020158893894404173,0.6315041780471802,0.44658777117729187,0.38,1,1,600,FP32-token-IDs
BERT,141cj66,539,91,2084,than,than,False,loneliness,-0.00856060984854897,0.00856060984854897,0.34935426712036133,0.2960382401943207,0.38,0,0,600,FP32-token-IDs
BERT,141cj66,539,91,2084,than,than,False,sadness,-0.007292059677032133,0.007292059677032133,0.43912267684936523,0.18426238000392914,0.38,0,0,600,FP32-token-IDs
BERT,141cj66,539,91,2084,than,than,False,suicide intent,-0.0014284966091508977,0.0014284966091508977,0.29637324810028076,0.0242940504103899,0.38,0,0,600,FP32-token-IDs
BERT,141cj66,539,91,2084,than,than,False,worthlessness,-0.013205946500723561,0.013205946500723561,0.5717954635620117,0.12765930593013763,0.38,1,0,600,FP32-token-IDs
BERT,141cj66,539,92,2033,me,me,False,anger,-0.0012386084029761453,0.0012386084029761453,0.3617354929447174,0.01325209066271782,0.38,0,0,600,FP32-token-IDs
BERT,141cj66,539,92,2033,me,me,False,brain dysfunction (forget),-0.0018250074548025925,0.0018250074548025925,0.316470742225647,0.3969665467739105,0.38,0,1,600,FP32-token-IDs
BERT,141cj66,539,92,2033,me,me,False,emptiness,-0.01032884290907532,0.01032884290907532,0.24873895943164825,0.28834810853004456,0.38,0,0,600,FP32-token-IDs
BERT,141cj66,539,92,2033,me,me,False,hopelessness,-0.020158893894404173,0.020158893894404173,0.6315041780471802,0.44658777117729187,0.38,1,1,600,FP32-token-IDs
BERT,141cj66,539,92,2033,me,me,False,loneliness,-0.00856060984854897,0.00856060984854897,0.34935426712036133,0.2960382401943207,0.38,0,0,600,FP32-token-IDs
BERT,141cj66,539,92,2033,me,me,False,sadness,-0.007292059677032133,0.007292059677032133,0.43912267684936523,0.18426238000392914,0.38,0,0,600,FP32-token-IDs
BERT,141cj66,539,92,2033,me,me,False,suicide intent,-0.0014284966091508977,0.0014284966091508977,0.29637324810028076,0.0242940504103899,0.38,0,0,600,FP32-token-IDs
BERT,141cj66,539,92,2033,me,me,False,worthlessness,-0.013205946500723561,0.013205946500723561,0.5717954635620117,0.12765930593013763,0.38,1,0,600,FP32-token-IDs
BERT,141cj66,539,93,1012,.,.,False,anger,-0.0012062921305187047,0.0012062921305187047,0.3617354929447174,0.01325209066271782,0.38,0,0,600,FP32-token-IDs
BERT,141cj66,539,93,1012,.,.,False,brain dysfunction (forget),-0.0012044711038470268,0.0012044711038470268,0.316470742225647,0.3969665467739105,0.38,0,1,600,FP32-token-IDs
BERT,141cj66,539,93,1012,.,.,False,emptiness,-0.009470131597481668,0.009470131597481668,0.24873895943164825,0.28834810853004456,0.38,0,0,600,FP32-token-IDs
BERT,141cj66,539,93,1012,.,.,False,hopelessness,-0.01781633635982871,0.01781633635982871,0.6315041780471802,0.44658777117729187,0.38,1,1,600,FP32-token-IDs
BERT,141cj66,539,93,1012,.,.,False,loneliness,-0.007311794441193342,0.007311794441193342,0.34935426712036133,0.2960382401943207,0.38,0,0,600,FP32-token-IDs
BERT,141cj66,539,93,1012,.,.,False,sadness,-0.006599609856493771,0.006599609856493771,0.43912267684936523,0.18426238000392914,0.38,0,0,600,FP32-token-IDs
BERT,141cj66,539,93,1012,.,.,False,suicide intent,-0.00016865698125911877,0.00016865698125911877,0.29637324810028076,0.0242940504103899,0.38,0,0,600,FP32-token-IDs
BERT,141cj66,539,93,1012,.,.,False,worthlessness,-0.01142211421392858,0.01142211421392858,0.5717954635620117,0.12765930593013763,0.38,1,0,600,FP32-token-IDs
BERT,141cj66,539,94,2087,most,most,False,anger,0.0035652000551635865,0.0035652000551635865,0.3617354929447174,0.01325209066271782,0.38,0,0,600,FP32-token-IDs
BERT,141cj66,539,94,2087,most,most,False,brain dysfunction (forget),0.004620922535347441,0.004620922535347441,0.316470742225647,0.3969665467739105,0.38,0,1,600,FP32-token-IDs
BERT,141cj66,539,94,2087,most,most,False,emptiness,-0.014110507710332362,0.014110507710332362,0.24873895943164825,0.28834810853004456,0.38,0,0,600,FP32-token-IDs
BERT,141cj66,539,94,2087,most,most,False,hopelessness,0.02389019859644274,0.02389019859644274,0.6315041780471802,0.44658777117729187,0.38,1,1,600,FP32-token-IDs
BERT,141cj66,539,94,2087,most,most,False,loneliness,-0.04282714683601322,0.04282714683601322,0.34935426712036133,0.2960382401943207,0.38,0,0,600,FP32-token-IDs
BERT,141cj66,539,94,2087,most,most,False,sadness,0.018945468706078827,0.018945468706078827,0.43912267684936523,0.18426238000392914,0.38,0,0,600,FP32-token-IDs
BERT,141cj66,539,94,2087,most,most,False,suicide intent,-0.0003543799102772027,0.0003543799102772027,0.29637324810028076,0.0242940504103899,0.38,0,0,600,FP32-token-IDs
BERT,141cj66,539,94,2087,most,most,False,worthlessness,0.021555928663777497,0.021555928663777497,0.5717954635620117,0.12765930593013763,0.38,1,0,600,FP32-token-IDs
BERT,141cj66,539,95,7570,ho,ho,False,anger,0.0035652000551635865,0.0035652000551635865,0.3617354929447174,0.01325209066271782,0.38,0,0,600,FP32-token-IDs
BERT,141cj66,539,95,7570,ho,ho,False,brain dysfunction (forget),0.004620922535347441,0.004620922535347441,0.316470742225647,0.3969665467739105,0.38,0,1,600,FP32-token-IDs
BERT,141cj66,539,95,7570,ho,ho,False,emptiness,-0.014110507710332362,0.014110507710332362,0.24873895943164825,0.28834810853004456,0.38,0,0,600,FP32-token-IDs
BERT,141cj66,539,95,7570,ho,ho,False,hopelessness,0.02389019859644274,0.02389019859644274,0.6315041780471802,0.44658777117729187,0.38,1,1,600,FP32-token-IDs
BERT,141cj66,539,95,7570,ho,ho,False,loneliness,-0.04282714683601322,0.04282714683601322,0.34935426712036133,0.2960382401943207,0.38,0,0,600,FP32-token-IDs
BERT,141cj66,539,95,7570,ho,ho,False,sadness,0.018945468706078827,0.018945468706078827,0.43912267684936523,0.18426238000392914,0.38,0,0,600,FP32-token-IDs
BERT,141cj66,539,95,7570,ho,ho,False,suicide intent,-0.0003543799102772027,0.0003543799102772027,0.29637324810028076,0.0242940504103899,0.38,0,0,600,FP32-token-IDs
BERT,141cj66,539,95,7570,ho,ho,False,worthlessness,0.021555928663777497,0.021555928663777497,0.5717954635620117,0.12765930593013763,0.38,1,0,600,FP32-token-IDs
BERT,141cj66,539,96,18752,##rri,rri,False,anger,0.0035652000551635865,0.0035652000551635865,0.3617354929447174,0.01325209066271782,0.38,0,0,600,FP32-token-IDs
BERT,141cj66,539,96,18752,##rri,rri,False,brain dysfunction (forget),0.004620922535347441,0.004620922535347441,0.316470742225647,0.3969665467739105,0.38,0,1,600,FP32-token-IDs
BERT,141cj66,539,96,18752,##rri,rri,False,emptiness,-0.014110507710332362,0.014110507710332362,0.24873895943164825,0.28834810853004456,0.38,0,0,600,FP32-token-IDs
BERT,141cj66,539,96,18752,##rri,rri,False,hopelessness,0.02389019859644274,0.02389019859644274,0.6315041780471802,0.44658777117729187,0.38,1,1,600,FP32-token-IDs
BERT,141cj66,539,96,18752,##rri,rri,False,loneliness,-0.04282714683601322,0.04282714683601322,0.34935426712036133,0.2960382401943207,0.38,0,0,600,FP32-token-IDs
BERT,141cj66,539,96,18752,##rri,rri,False,sadness,0.018945468706078827,0.018945468706078827,0.43912267684936523,0.18426238000392914,0.38,0,0,600,FP32-token-IDs
BERT,141cj66,539,96,18752,##rri,rri,False,suicide intent,-0.0003543799102772027,0.0003543799102772027,0.29637324810028076,0.0242940504103899,0.38,0,0,600,FP32-token-IDs
BERT,141cj66,539,96,18752,##rri,rri,False,worthlessness,0.021555928663777497,0.021555928663777497,0.5717954635620117,0.12765930593013763,0.38,1,0,600,FP32-token-IDs
BERT,141cj66,539,97,14116,##fying,fying,False,anger,0.0035652000551635865,0.0035652000551635865,0.3617354929447174,0.01325209066271782,0.38,0,0,600,FP32-token-IDs
BERT,141cj66,539,97,14116,##fying,fying,False,brain dysfunction (forget),0.004620922535347441,0.004620922535347441,0.316470742225647,0.3969665467739105,0.38,0,1,600,FP32-token-IDs
BERT,141cj66,539,97,14116,##fying,fying,False,emptiness,-0.014110507710332362,0.014110507710332362,0.24873895943164825,0.28834810853004456,0.38,0,0,600,FP32-token-IDs
BERT,141cj66,539,97,14116,##fying,fying,False,hopelessness,0.02389019859644274,0.02389019859644274,0.6315041780471802,0.44658777117729187,0.38,1,1,600,FP32-token-IDs
BERT,141cj66,539,97,14116,##fying,fying,False,loneliness,-0.04282714683601322,0.04282714683601322,0.34935426712036133,0.2960382401943207,0.38,0,0,600,FP32-token-IDs
BERT,141cj66,539,97,14116,##fying,fying,False,sadness,0.018945468706078827,0.018945468706078827,0.43912267684936523,0.18426238000392914,0.38,0,0,600,FP32-token-IDs
BERT,141cj66,539,97,14116,##fying,fying,False,suicide intent,-0.0003543799102772027,0.0003543799102772027,0.29637324810028076,0.0242940504103899,0.38,0,0,600,FP32-token-IDs
BERT,141cj66,539,97,14116,##fying,fying,False,worthlessness,0.021555928663777497,0.021555928663777497,0.5717954635620117,0.12765930593013763,0.38,1,0,600,FP32-token-IDs
BERT,141cj66,539,98,2112,part,part,False,anger,-0.0006243343486858066,0.0006243343486858066,0.3617354929447174,0.01325209066271782,0.38,0,0,600,FP32-token-IDs
BERT,141cj66,539,98,2112,part,part,False,brain dysfunction (forget),0.005402503224710623,0.005402503224710623,0.316470742225647,0.3969665467739105,0.38,0,1,600,FP32-token-IDs
BERT,141cj66,539,98,2112,part,part,False,emptiness,-0.00814234253387743,0.00814234253387743,0.24873895943164825,0.28834810853004456,0.38,0,0,600,FP32-token-IDs
BERT,141cj66,539,98,2112,part,part,False,hopelessness,0.011026599599669378,0.011026599599669378,0.6315041780471802,0.44658777117729187,0.38,1,1,600,FP32-token-IDs
BERT,141cj66,539,98,2112,part,part,False,loneliness,-0.022523326576144122,0.022523326576144122,0.34935426712036133,0.2960382401943207,0.38,0,0,600,FP32-token-IDs
BERT,141cj66,539,98,2112,part,part,False,sadness,0.0023809882113710046,0.0023809882113710046,0.43912267684936523,0.18426238000392914,0.38,0,0,600,FP32-token-IDs
BERT,141cj66,539,98,2112,part,part,False,suicide intent,-0.0015722193784313276,0.0015722193784313276,0.29637324810028076,0.0242940504103899,0.38,0,0,600,FP32-token-IDs
BERT,141cj66,539,98,2112,part,part,False,worthlessness,0.0069771122992581995,0.0069771122992581995,0.5717954635620117,0.12765930593013763,0.38,1,0,600,FP32-token-IDs
BERT,141cj66,539,99,2003,is,is,False,anger,-0.0006243343486858066,0.0006243343486858066,0.3617354929447174,0.01325209066271782,0.38,0,0,600,FP32-token-IDs
BERT,141cj66,539,99,2003,is,is,False,brain dysfunction (forget),0.005402503224710623,0.005402503224710623,0.316470742225647,0.3969665467739105,0.38,0,1,600,FP32-token-IDs
BERT,141cj66,539,99,2003,is,is,False,emptiness,-0.00814234253387743,0.00814234253387743,0.24873895943164825,0.28834810853004456,0.38,0,0,600,FP32-token-IDs
BERT,141cj66,539,99,2003,is,is,False,hopelessness,0.011026599599669378,0.011026599599669378,0.6315041780471802,0.44658777117729187,0.38,1,1,600,FP32-token-IDs
BERT,141cj66,539,99,2003,is,is,False,loneliness,-0.022523326576144122,0.022523326576144122,0.34935426712036133,0.2960382401943207,0.38,0,0,600,FP32-token-IDs
BERT,141cj66,539,99,2003,is,is,False,sadness,0.0023809882113710046,0.0023809882113710046,0.43912267684936523,0.18426238000392914,0.38,0,0,600,FP32-token-IDs
BERT,141cj66,539,99,2003,is,is,False,suicide intent,-0.0015722193784313276,0.0015722193784313276,0.29637324810028076,0.0242940504103899,0.38,0,0,600,FP32-token-IDs
BERT,141cj66,539,99,2003,is,is,False,worthlessness,0.0069771122992581995,0.0069771122992581995,0.5717954635620117,0.12765930593013763,0.38,1,0,600,FP32-token-IDs
BERT,141cj66,539,100,2009,it,it,False,anger,-0.0006243343486858066,0.0006243343486858066,0.3617354929447174,0.01325209066271782,0.38,0,0,600,FP32-token-IDs
BERT,141cj66,539,100,2009,it,it,False,brain dysfunction (forget),0.005402503224710623,0.005402503224710623,0.316470742225647,0.3969665467739105,0.38,0,1,600,FP32-token-IDs
BERT,141cj66,539,100,2009,it,it,False,emptiness,-0.00814234253387743,0.00814234253387743,0.24873895943164825,0.28834810853004456,0.38,0,0,600,FP32-token-IDs
BERT,141cj66,539,100,2009,it,it,False,hopelessness,0.011026599599669378,0.011026599599669378,0.6315041780471802,0.44658777117729187,0.38,1,1,600,FP32-token-IDs
BERT,141cj66,539,100,2009,it,it,False,loneliness,-0.022523326576144122,0.022523326576144122,0.34935426712036133,0.2960382401943207,0.38,0,0,600,FP32-token-IDs
BERT,141cj66,539,100,2009,it,it,False,sadness,0.0023809882113710046,0.0023809882113710046,0.43912267684936523,0.18426238000392914,0.38,0,0,600,FP32-token-IDs
BERT,141cj66,539,100,2009,it,it,False,suicide intent,-0.0015722193784313276,0.0015722193784313276,0.29637324810028076,0.0242940504103899,0.38,0,0,600,FP32-token-IDs
BERT,141cj66,539,100,2009,it,it,False,worthlessness,0.0069771122992581995,0.0069771122992581995,0.5717954635620117,0.12765930593013763,0.38,1,0,600,FP32-token-IDs
BERT,141cj66,539,101,3504,looks,looks,False,anger,-0.0006243343486858066,0.0006243343486858066,0.3617354929447174,0.01325209066271782,0.38,0,0,600,FP32-token-IDs
BERT,141cj66,539,101,3504,looks,looks,False,brain dysfunction (forget),0.005402503224710623,0.005402503224710623,0.316470742225647,0.3969665467739105,0.38,0,1,600,FP32-token-IDs
BERT,141cj66,539,101,3504,looks,looks,False,emptiness,-0.00814234253387743,0.00814234253387743,0.24873895943164825,0.28834810853004456,0.38,0,0,600,FP32-token-IDs
BERT,141cj66,539,101,3504,looks,looks,False,hopelessness,0.011026599599669378,0.011026599599669378,0.6315041780471802,0.44658777117729187,0.38,1,1,600,FP32-token-IDs
BERT,141cj66,539,101,3504,looks,looks,False,loneliness,-0.022523326576144122,0.022523326576144122,0.34935426712036133,0.2960382401943207,0.38,0,0,600,FP32-token-IDs
BERT,141cj66,539,101,3504,looks,looks,False,sadness,0.0023809882113710046,0.0023809882113710046,0.43912267684936523,0.18426238000392914,0.38,0,0,600,FP32-token-IDs
BERT,141cj66,539,101,3504,looks,looks,False,suicide intent,-0.0015722193784313276,0.0015722193784313276,0.29637324810028076,0.0242940504103899,0.38,0,0,600,FP32-token-IDs
BERT,141cj66,539,101,3504,looks,looks,False,worthlessness,0.0069771122992581995,0.0069771122992581995,0.5717954635620117,0.12765930593013763,0.38,1,0,600,FP32-token-IDs
BERT,141cj66,539,102,3495,directly,directly,False,anger,0.00256271438896268,0.00256271438896268,0.3617354929447174,0.01325209066271782,0.38,0,0,600,FP32-token-IDs
BERT,141cj66,539,102,3495,directly,directly,False,brain dysfunction (forget),0.0016233283289087315,0.0016233283289087315,0.316470742225647,0.3969665467739105,0.38,0,1,600,FP32-token-IDs
BERT,141cj66,539,102,3495,directly,directly,False,emptiness,-0.0003990519617218524,0.0003990519617218524,0.24873895943164825,0.28834810853004456,0.38,0,0,600,FP32-token-IDs
BERT,141cj66,539,102,3495,directly,directly,False,hopelessness,-0.004050002743800481,0.004050002743800481,0.6315041780471802,0.44658777117729187,0.38,1,1,600,FP32-token-IDs
BERT,141cj66,539,102,3495,directly,directly,False,loneliness,0.006078520343483736,0.006078520343483736,0.34935426712036133,0.2960382401943207,0.38,0,0,600,FP32-token-IDs
BERT,141cj66,539,102,3495,directly,directly,False,sadness,-0.018685406539589167,0.018685406539589167,0.43912267684936523,0.18426238000392914,0.38,0,0,600,FP32-token-IDs
BERT,141cj66,539,102,3495,directly,directly,False,suicide intent,-0.002708605068619363,0.002708605068619363,0.29637324810028076,0.0242940504103899,0.38,0,0,600,FP32-token-IDs
BERT,141cj66,539,102,3495,directly,directly,False,worthlessness,-0.003322316760507723,0.003322316760507723,0.5717954635620117,0.12765930593013763,0.38,1,0,600,FP32-token-IDs
BERT,141cj66,539,103,2046,into,into,False,anger,0.00256271438896268,0.00256271438896268,0.3617354929447174,0.01325209066271782,0.38,0,0,600,FP32-token-IDs
BERT,141cj66,539,103,2046,into,into,False,brain dysfunction (forget),0.0016233283289087315,0.0016233283289087315,0.316470742225647,0.3969665467739105,0.38,0,1,600,FP32-token-IDs
BERT,141cj66,539,103,2046,into,into,False,emptiness,-0.0003990519617218524,0.0003990519617218524,0.24873895943164825,0.28834810853004456,0.38,0,0,600,FP32-token-IDs
BERT,141cj66,539,103,2046,into,into,False,hopelessness,-0.004050002743800481,0.004050002743800481,0.6315041780471802,0.44658777117729187,0.38,1,1,600,FP32-token-IDs
BERT,141cj66,539,103,2046,into,into,False,loneliness,0.006078520343483736,0.006078520343483736,0.34935426712036133,0.2960382401943207,0.38,0,0,600,FP32-token-IDs
BERT,141cj66,539,103,2046,into,into,False,sadness,-0.018685406539589167,0.018685406539589167,0.43912267684936523,0.18426238000392914,0.38,0,0,600,FP32-token-IDs
BERT,141cj66,539,103,2046,into,into,False,suicide intent,-0.002708605068619363,0.002708605068619363,0.29637324810028076,0.0242940504103899,0.38,0,0,600,FP32-token-IDs
BERT,141cj66,539,103,2046,into,into,False,worthlessness,-0.003322316760507723,0.003322316760507723,0.5717954635620117,0.12765930593013763,0.38,1,0,600,FP32-token-IDs
BERT,141cj66,539,104,2033,me,me,False,anger,0.00256271438896268,0.00256271438896268,0.3617354929447174,0.01325209066271782,0.38,0,0,600,FP32-token-IDs
BERT,141cj66,539,104,2033,me,me,False,brain dysfunction (forget),0.0016233283289087315,0.0016233283289087315,0.316470742225647,0.3969665467739105,0.38,0,1,600,FP32-token-IDs
BERT,141cj66,539,104,2033,me,me,False,emptiness,-0.0003990519617218524,0.0003990519617218524,0.24873895943164825,0.28834810853004456,0.38,0,0,600,FP32-token-IDs
BERT,141cj66,539,104,2033,me,me,False,hopelessness,-0.004050002743800481,0.004050002743800481,0.6315041780471802,0.44658777117729187,0.38,1,1,600,FP32-token-IDs
BERT,141cj66,539,104,2033,me,me,False,loneliness,0.006078520343483736,0.006078520343483736,0.34935426712036133,0.2960382401943207,0.38,0,0,600,FP32-token-IDs
BERT,141cj66,539,104,2033,me,me,False,sadness,-0.018685406539589167,0.018685406539589167,0.43912267684936523,0.18426238000392914,0.38,0,0,600,FP32-token-IDs
BERT,141cj66,539,104,2033,me,me,False,suicide intent,-0.002708605068619363,0.002708605068619363,0.29637324810028076,0.0242940504103899,0.38,0,0,600,FP32-token-IDs
BERT,141cj66,539,104,2033,me,me,False,worthlessness,-0.003322316760507723,0.003322316760507723,0.5717954635620117,0.12765930593013763,0.38,1,0,600,FP32-token-IDs
BERT,141cj66,539,105,1010,",",",",False,anger,0.0036434601424844004,0.0036434601424844004,0.3617354929447174,0.01325209066271782,0.38,0,0,600,FP32-token-IDs
BERT,141cj66,539,105,1010,",",",",False,brain dysfunction (forget),0.0025512190574469664,0.0025512190574469664,0.316470742225647,0.3969665467739105,0.38,0,1,600,FP32-token-IDs
BERT,141cj66,539,105,1010,",",",",False,emptiness,-0.0011634960440763584,0.0011634960440763584,0.24873895943164825,0.28834810853004456,0.38,0,0,600,FP32-token-IDs
BERT,141cj66,539,105,1010,",",",",False,hopelessness,0.00015789891282717394,0.00015789891282717394,0.6315041780471802,0.44658777117729187,0.38,1,1,600,FP32-token-IDs
BERT,141cj66,539,105,1010,",",",",False,loneliness,-0.0025846049926864603,0.0025846049926864603,0.34935426712036133,0.2960382401943207,0.38,0,0,600,FP32-token-IDs
BERT,141cj66,539,105,1010,",",",",False,sadness,-0.012821248266845942,0.012821248266845942,0.43912267684936523,0.18426238000392914,0.38,0,0,600,FP32-token-IDs
BERT,141cj66,539,105,1010,",",",",False,suicide intent,-0.001625026619876735,0.001625026619876735,0.29637324810028076,0.0242940504103899,0.38,0,0,600,FP32-token-IDs
BERT,141cj66,539,105,1010,",",",",False,worthlessness,0.003178283882637819,0.003178283882637819,0.5717954635620117,0.12765930593013763,0.38,1,0,600,FP32-token-IDs
BERT,141cj66,539,106,1045,i,i,False,anger,-0.0051568828872405,0.0051568828872405,0.3617354929447174,0.01325209066271782,0.38,0,0,600,FP32-token-IDs
BERT,141cj66,539,106,1045,i,i,False,brain dysfunction (forget),-0.0003766632522456347,0.0003766632522456347,0.316470742225647,0.3969665467739105,0.38,0,1,600,FP32-token-IDs
BERT,141cj66,539,106,1045,i,i,False,emptiness,0.020894554385449737,0.020894554385449737,0.24873895943164825,0.28834810853004456,0.38,0,0,600,FP32-token-IDs
BERT,141cj66,539,106,1045,i,i,False,hopelessness,0.026966839982196688,0.026966839982196688,0.6315041780471802,0.44658777117729187,0.38,1,1,600,FP32-token-IDs
BERT,141cj66,539,106,1045,i,i,False,loneliness,0.025353597896173596,0.025353597896173596,0.34935426712036133,0.2960382401943207,0.38,0,0,600,FP32-token-IDs
BERT,141cj66,539,106,1045,i,i,False,sadness,0.013030182663351297,0.013030182663351297,0.43912267684936523,0.18426238000392914,0.38,0,0,600,FP32-token-IDs
BERT,141cj66,539,106,1045,i,i,False,suicide intent,-0.003427738993195817,0.003427738993195817,0.29637324810028076,0.0242940504103899,0.38,0,0,600,FP32-token-IDs
BERT,141cj66,539,106,1045,i,i,False,worthlessness,0.008041016524657607,0.008041016524657607,0.5717954635620117,0.12765930593013763,0.38,1,0,600,FP32-token-IDs
BERT,141cj66,539,107,3685,cannot,cannot,False,anger,-0.0038345338194631044,0.0038345338194631044,0.3617354929447174,0.01325209066271782,0.38,0,0,600,FP32-token-IDs
BERT,141cj66,539,107,3685,cannot,cannot,False,brain dysfunction (forget),4.193341592326769e-05,4.193341592326769e-05,0.316470742225647,0.3969665467739105,0.38,0,1,600,FP32-token-IDs
BERT,141cj66,539,107,3685,cannot,cannot,False,emptiness,0.020713612611871213,0.020713612611871213,0.24873895943164825,0.28834810853004456,0.38,0,0,600,FP32-token-IDs
BERT,141cj66,539,107,3685,cannot,cannot,False,hopelessness,0.026831903913989662,0.026831903913989662,0.6315041780471802,0.44658777117729187,0.38,1,1,600,FP32-token-IDs
BERT,141cj66,539,107,3685,cannot,cannot,False,loneliness,0.024349685246124863,0.024349685246124863,0.34935426712036133,0.2960382401943207,0.38,0,0,600,FP32-token-IDs
BERT,141cj66,539,107,3685,cannot,cannot,False,sadness,0.011964454408735037,0.011964454408735037,0.43912267684936523,0.18426238000392914,0.38,0,0,600,FP32-token-IDs
BERT,141cj66,539,107,3685,cannot,cannot,False,suicide intent,-0.003297020011814311,0.003297020011814311,0.29637324810028076,0.0242940504103899,0.38,0,0,600,FP32-token-IDs
BERT,141cj66,539,107,3685,cannot,cannot,False,worthlessness,0.008953254204243422,0.008953254204243422,0.5717954635620117,0.12765930593013763,0.38,1,0,600,FP32-token-IDs
BERT,141cj66,539,108,2448,run,run,False,anger,-0.00183633886044845,0.00183633886044845,0.3617354929447174,0.01325209066271782,0.38,0,0,600,FP32-token-IDs
BERT,141cj66,539,108,2448,run,run,False,brain dysfunction (forget),-0.00030301777490725126,0.00030301777490725126,0.316470742225647,0.3969665467739105,0.38,0,1,600,FP32-token-IDs
BERT,141cj66,539,108,2448,run,run,False,emptiness,0.010959074289227525,0.010959074289227525,0.24873895943164825,0.28834810853004456,0.38,0,0,600,FP32-token-IDs
BERT,141cj66,539,108,2448,run,run,False,hopelessness,0.015190092567354442,0.015190092567354442,0.6315041780471802,0.44658777117729187,0.38,1,1,600,FP32-token-IDs
BERT,141cj66,539,108,2448,run,run,False,loneliness,0.0129766585615774,0.0129766585615774,0.34935426712036133,0.2960382401943207,0.38,0,0,600,FP32-token-IDs
BERT,141cj66,539,108,2448,run,run,False,sadness,0.0062261637610693775,0.0062261637610693775,0.43912267684936523,0.18426238000392914,0.38,0,0,600,FP32-token-IDs
BERT,141cj66,539,108,2448,run,run,False,suicide intent,-0.0013525167014449835,0.0013525167014449835,0.29637324810028076,0.0242940504103899,0.38,0,0,600,FP32-token-IDs
BERT,141cj66,539,108,2448,run,run,False,worthlessness,0.006304896397826572,0.006304896397826572,0.5717954635620117,0.12765930593013763,0.38,1,0,600,FP32-token-IDs
BERT,141cj66,539,109,2185,away,away,False,anger,-0.00183633886044845,0.00183633886044845,0.3617354929447174,0.01325209066271782,0.38,0,0,600,FP32-token-IDs
BERT,141cj66,539,109,2185,away,away,False,brain dysfunction (forget),-0.00030301777490725126,0.00030301777490725126,0.316470742225647,0.3969665467739105,0.38,0,1,600,FP32-token-IDs
BERT,141cj66,539,109,2185,away,away,False,emptiness,0.010959074289227525,0.010959074289227525,0.24873895943164825,0.28834810853004456,0.38,0,0,600,FP32-token-IDs
BERT,141cj66,539,109,2185,away,away,False,hopelessness,0.015190092567354442,0.015190092567354442,0.6315041780471802,0.44658777117729187,0.38,1,1,600,FP32-token-IDs
BERT,141cj66,539,109,2185,away,away,False,loneliness,0.0129766585615774,0.0129766585615774,0.34935426712036133,0.2960382401943207,0.38,0,0,600,FP32-token-IDs
BERT,141cj66,539,109,2185,away,away,False,sadness,0.0062261637610693775,0.0062261637610693775,0.43912267684936523,0.18426238000392914,0.38,0,0,600,FP32-token-IDs
BERT,141cj66,539,109,2185,away,away,False,suicide intent,-0.0013525167014449835,0.0013525167014449835,0.29637324810028076,0.0242940504103899,0.38,0,0,600,FP32-token-IDs
BERT,141cj66,539,109,2185,away,away,False,worthlessness,0.006304896397826572,0.006304896397826572,0.5717954635620117,0.12765930593013763,0.38,1,0,600,FP32-token-IDs
BERT,141cj66,539,110,2013,from,from,False,anger,-0.00183633886044845,0.00183633886044845,0.3617354929447174,0.01325209066271782,0.38,0,0,600,FP32-token-IDs
BERT,141cj66,539,110,2013,from,from,False,brain dysfunction (forget),-0.00030301777490725126,0.00030301777490725126,0.316470742225647,0.3969665467739105,0.38,0,1,600,FP32-token-IDs
BERT,141cj66,539,110,2013,from,from,False,emptiness,0.010959074289227525,0.010959074289227525,0.24873895943164825,0.28834810853004456,0.38,0,0,600,FP32-token-IDs
BERT,141cj66,539,110,2013,from,from,False,hopelessness,0.015190092567354442,0.015190092567354442,0.6315041780471802,0.44658777117729187,0.38,1,1,600,FP32-token-IDs
BERT,141cj66,539,110,2013,from,from,False,loneliness,0.0129766585615774,0.0129766585615774,0.34935426712036133,0.2960382401943207,0.38,0,0,600,FP32-token-IDs
BERT,141cj66,539,110,2013,from,from,False,sadness,0.0062261637610693775,0.0062261637610693775,0.43912267684936523,0.18426238000392914,0.38,0,0,600,FP32-token-IDs
BERT,141cj66,539,110,2013,from,from,False,suicide intent,-0.0013525167014449835,0.0013525167014449835,0.29637324810028076,0.0242940504103899,0.38,0,0,600,FP32-token-IDs
BERT,141cj66,539,110,2013,from,from,False,worthlessness,0.006304896397826572,0.006304896397826572,0.5717954635620117,0.12765930593013763,0.38,1,0,600,FP32-token-IDs
BERT,141cj66,539,111,2009,it,it,False,anger,-0.0014456113140719632,0.0014456113140719632,0.3617354929447174,0.01325209066271782,0.38,0,0,600,FP32-token-IDs
BERT,141cj66,539,111,2009,it,it,False,brain dysfunction (forget),0.0036907549869890015,0.0036907549869890015,0.316470742225647,0.3969665467739105,0.38,0,1,600,FP32-token-IDs
BERT,141cj66,539,111,2009,it,it,False,emptiness,0.00748956772343566,0.00748956772343566,0.24873895943164825,0.28834810853004456,0.38,0,0,600,FP32-token-IDs
BERT,141cj66,539,111,2009,it,it,False,hopelessness,0.002995798798898856,0.002995798798898856,0.6315041780471802,0.44658777117729187,0.38,1,1,600,FP32-token-IDs
BERT,141cj66,539,111,2009,it,it,False,loneliness,0.002804509612421195,0.002804509612421195,0.34935426712036133,0.2960382401943207,0.38,0,0,600,FP32-token-IDs
BERT,141cj66,539,111,2009,it,it,False,sadness,-0.006592106477667888,0.006592106477667888,0.43912267684936523,0.18426238000392914,0.38,0,0,600,FP32-token-IDs
BERT,141cj66,539,111,2009,it,it,False,suicide intent,-0.00199537977653866,0.00199537977653866,0.29637324810028076,0.0242940504103899,0.38,0,0,600,FP32-token-IDs
BERT,141cj66,539,111,2009,it,it,False,worthlessness,0.006016195507254451,0.006016195507254451,0.5717954635620117,0.12765930593013763,0.38,1,0,600,FP32-token-IDs
BERT,141cj66,539,112,1005,',',False,anger,-0.0014456113140719632,0.0014456113140719632,0.3617354929447174,0.01325209066271782,0.38,0,0,600,FP32-token-IDs
BERT,141cj66,539,112,1005,',',False,brain dysfunction (forget),0.0036907549869890015,0.0036907549869890015,0.316470742225647,0.3969665467739105,0.38,0,1,600,FP32-token-IDs
BERT,141cj66,539,112,1005,',',False,emptiness,0.00748956772343566,0.00748956772343566,0.24873895943164825,0.28834810853004456,0.38,0,0,600,FP32-token-IDs
BERT,141cj66,539,112,1005,',',False,hopelessness,0.002995798798898856,0.002995798798898856,0.6315041780471802,0.44658777117729187,0.38,1,1,600,FP32-token-IDs
BERT,141cj66,539,112,1005,',',False,loneliness,0.002804509612421195,0.002804509612421195,0.34935426712036133,0.2960382401943207,0.38,0,0,600,FP32-token-IDs
BERT,141cj66,539,112,1005,',',False,sadness,-0.006592106477667888,0.006592106477667888,0.43912267684936523,0.18426238000392914,0.38,0,0,600,FP32-token-IDs
BERT,141cj66,539,112,1005,',',False,suicide intent,-0.00199537977653866,0.00199537977653866,0.29637324810028076,0.0242940504103899,0.38,0,0,600,FP32-token-IDs
BERT,141cj66,539,112,1005,',',False,worthlessness,0.006016195507254451,0.006016195507254451,0.5717954635620117,0.12765930593013763,0.38,1,0,600,FP32-token-IDs
BERT,141cj66,539,113,1055,s,s,False,anger,-0.0014456113140719632,0.0014456113140719632,0.3617354929447174,0.01325209066271782,0.38,0,0,600,FP32-token-IDs
BERT,141cj66,539,113,1055,s,s,False,brain dysfunction (forget),0.0036907549869890015,0.0036907549869890015,0.316470742225647,0.3969665467739105,0.38,0,1,600,FP32-token-IDs
BERT,141cj66,539,113,1055,s,s,False,emptiness,0.00748956772343566,0.00748956772343566,0.24873895943164825,0.28834810853004456,0.38,0,0,600,FP32-token-IDs
BERT,141cj66,539,113,1055,s,s,False,hopelessness,0.002995798798898856,0.002995798798898856,0.6315041780471802,0.44658777117729187,0.38,1,1,600,FP32-token-IDs
BERT,141cj66,539,113,1055,s,s,False,loneliness,0.002804509612421195,0.002804509612421195,0.34935426712036133,0.2960382401943207,0.38,0,0,600,FP32-token-IDs
BERT,141cj66,539,113,1055,s,s,False,sadness,-0.006592106477667888,0.006592106477667888,0.43912267684936523,0.18426238000392914,0.38,0,0,600,FP32-token-IDs
BERT,141cj66,539,113,1055,s,s,False,suicide intent,-0.00199537977653866,0.00199537977653866,0.29637324810028076,0.0242940504103899,0.38,0,0,600,FP32-token-IDs
BERT,141cj66,539,113,1055,s,s,False,worthlessness,0.006016195507254451,0.006016195507254451,0.5717954635620117,0.12765930593013763,0.38,1,0,600,FP32-token-IDs
BERT,141cj66,539,114,3657,gaze,gaze,False,anger,-0.0010459444660227747,0.0010459444660227747,0.3617354929447174,0.01325209066271782,0.38,0,0,600,FP32-token-IDs
BERT,141cj66,539,114,3657,gaze,gaze,False,brain dysfunction (forget),0.004478683706838638,0.004478683706838638,0.316470742225647,0.3969665467739105,0.38,0,1,600,FP32-token-IDs
BERT,141cj66,539,114,3657,gaze,gaze,False,emptiness,0.008164994907565415,0.008164994907565415,0.24873895943164825,0.28834810853004456,0.38,0,0,600,FP32-token-IDs
BERT,141cj66,539,114,3657,gaze,gaze,False,hopelessness,0.0012634969782084225,0.0012634969782084225,0.6315041780471802,0.44658777117729187,0.38,1,1,600,FP32-token-IDs
BERT,141cj66,539,114,3657,gaze,gaze,False,loneliness,0.0019774954766035076,0.0019774954766035076,0.34935426712036133,0.2960382401943207,0.38,0,0,600,FP32-token-IDs
BERT,141cj66,539,114,3657,gaze,gaze,False,sadness,-0.008511764090508222,0.008511764090508222,0.43912267684936523,0.18426238000392914,0.38,0,0,600,FP32-token-IDs
BERT,141cj66,539,114,3657,gaze,gaze,False,suicide intent,-0.0015212522528599947,0.0015212522528599947,0.29637324810028076,0.0242940504103899,0.38,0,0,600,FP32-token-IDs
BERT,141cj66,539,114,3657,gaze,gaze,False,worthlessness,0.006269240943947807,0.006269240943947807,0.5717954635620117,0.12765930593013763,0.38,1,0,600,FP32-token-IDs
BERT,141cj66,539,115,1012,.,.,False,anger,-0.0010459444660227747,0.0010459444660227747,0.3617354929447174,0.01325209066271782,0.38,0,0,600,FP32-token-IDs
BERT,141cj66,539,115,1012,.,.,False,brain dysfunction (forget),0.004478683706838638,0.004478683706838638,0.316470742225647,0.3969665467739105,0.38,0,1,600,FP32-token-IDs
BERT,141cj66,539,115,1012,.,.,False,emptiness,0.008164994907565415,0.008164994907565415,0.24873895943164825,0.28834810853004456,0.38,0,0,600,FP32-token-IDs
BERT,141cj66,539,115,1012,.,.,False,hopelessness,0.0012634969782084225,0.0012634969782084225,0.6315041780471802,0.44658777117729187,0.38,1,1,600,FP32-token-IDs
BERT,141cj66,539,115,1012,.,.,False,loneliness,0.0019774954766035076,0.0019774954766035076,0.34935426712036133,0.2960382401943207,0.38,0,0,600,FP32-token-IDs
BERT,141cj66,539,115,1012,.,.,False,sadness,-0.008511764090508222,0.008511764090508222,0.43912267684936523,0.18426238000392914,0.38,0,0,600,FP32-token-IDs
BERT,141cj66,539,115,1012,.,.,False,suicide intent,-0.0015212522528599947,0.0015212522528599947,0.29637324810028076,0.0242940504103899,0.38,0,0,600,FP32-token-IDs
BERT,141cj66,539,115,1012,.,.,False,worthlessness,0.006269240943947807,0.006269240943947807,0.5717954635620117,0.12765930593013763,0.38,1,0,600,FP32-token-IDs
BERT,141cj66,539,116,2070,some,some,False,anger,-0.008132842434861232,0.008132842434861232,0.3617354929447174,0.01325209066271782,0.38,0,0,600,FP32-token-IDs
BERT,141cj66,539,116,2070,some,some,False,brain dysfunction (forget),-0.007211111020296812,0.007211111020296812,0.316470742225647,0.3969665467739105,0.38,0,1,600,FP32-token-IDs
BERT,141cj66,539,116,2070,some,some,False,emptiness,-0.017001228872686625,0.017001228872686625,0.24873895943164825,0.28834810853004456,0.38,0,0,600,FP32-token-IDs
BERT,141cj66,539,116,2070,some,some,False,hopelessness,-0.029868282144889235,0.029868282144889235,0.6315041780471802,0.44658777117729187,0.38,1,1,600,FP32-token-IDs
BERT,141cj66,539,116,2070,some,some,False,loneliness,-0.015502273803576827,0.015502273803576827,0.34935426712036133,0.2960382401943207,0.38,0,0,600,FP32-token-IDs
BERT,141cj66,539,116,2070,some,some,False,sadness,0.003723804373294115,0.003723804373294115,0.43912267684936523,0.18426238000392914,0.38,0,0,600,FP32-token-IDs
BERT,141cj66,539,116,2070,some,some,False,suicide intent,-0.0035605224111350253,0.0035605224111350253,0.29637324810028076,0.0242940504103899,0.38,0,0,600,FP32-token-IDs
BERT,141cj66,539,116,2070,some,some,False,worthlessness,-0.02814830292481929,0.02814830292481929,0.5717954635620117,0.12765930593013763,0.38,1,0,600,FP32-token-IDs
BERT,141cj66,539,117,2420,days,days,False,anger,-0.008132842434861232,0.008132842434861232,0.3617354929447174,0.01325209066271782,0.38,0,0,600,FP32-token-IDs
BERT,141cj66,539,117,2420,days,days,False,brain dysfunction (forget),-0.007211111020296812,0.007211111020296812,0.316470742225647,0.3969665467739105,0.38,0,1,600,FP32-token-IDs
BERT,141cj66,539,117,2420,days,days,False,emptiness,-0.017001228872686625,0.017001228872686625,0.24873895943164825,0.28834810853004456,0.38,0,0,600,FP32-token-IDs
BERT,141cj66,539,117,2420,days,days,False,hopelessness,-0.029868282144889235,0.029868282144889235,0.6315041780471802,0.44658777117729187,0.38,1,1,600,FP32-token-IDs
BERT,141cj66,539,117,2420,days,days,False,loneliness,-0.015502273803576827,0.015502273803576827,0.34935426712036133,0.2960382401943207,0.38,0,0,600,FP32-token-IDs
BERT,141cj66,539,117,2420,days,days,False,sadness,0.003723804373294115,0.003723804373294115,0.43912267684936523,0.18426238000392914,0.38,0,0,600,FP32-token-IDs
BERT,141cj66,539,117,2420,days,days,False,suicide intent,-0.0035605224111350253,0.0035605224111350253,0.29637324810028076,0.0242940504103899,0.38,0,0,600,FP32-token-IDs
BERT,141cj66,539,117,2420,days,days,False,worthlessness,-0.02814830292481929,0.02814830292481929,0.5717954635620117,0.12765930593013763,0.38,1,0,600,FP32-token-IDs
BERT,141cj66,539,118,1045,i,i,False,anger,-0.007077823051076848,0.007077823051076848,0.3617354929447174,0.01325209066271782,0.38,0,0,600,FP32-token-IDs
BERT,141cj66,539,118,1045,i,i,False,brain dysfunction (forget),-0.010126120876520872,0.010126120876520872,0.316470742225647,0.3969665467739105,0.38,0,1,600,FP32-token-IDs
BERT,141cj66,539,118,1045,i,i,False,emptiness,-0.016811484470963478,0.016811484470963478,0.24873895943164825,0.28834810853004456,0.38,0,0,600,FP32-token-IDs
BERT,141cj66,539,118,1045,i,i,False,hopelessness,-0.0252026307862252,0.0252026307862252,0.6315041780471802,0.44658777117729187,0.38,1,1,600,FP32-token-IDs
BERT,141cj66,539,118,1045,i,i,False,loneliness,-0.017822451191022992,0.017822451191022992,0.34935426712036133,0.2960382401943207,0.38,0,0,600,FP32-token-IDs
BERT,141cj66,539,118,1045,i,i,False,sadness,0.006749253254383802,0.006749253254383802,0.43912267684936523,0.18426238000392914,0.38,0,0,600,FP32-token-IDs
BERT,141cj66,539,118,1045,i,i,False,suicide intent,-0.00788418845331762,0.00788418845331762,0.29637324810028076,0.0242940504103899,0.38,0,0,600,FP32-token-IDs
BERT,141cj66,539,118,1045,i,i,False,worthlessness,-0.026401957613416016,0.026401957613416016,0.5717954635620117,0.12765930593013763,0.38,1,0,600,FP32-token-IDs
BERT,141cj66,539,119,2130,even,even,False,anger,-0.007077823051076848,0.007077823051076848,0.3617354929447174,0.01325209066271782,0.38,0,0,600,FP32-token-IDs
BERT,141cj66,539,119,2130,even,even,False,brain dysfunction (forget),-0.010126120876520872,0.010126120876520872,0.316470742225647,0.3969665467739105,0.38,0,1,600,FP32-token-IDs
BERT,141cj66,539,119,2130,even,even,False,emptiness,-0.016811484470963478,0.016811484470963478,0.24873895943164825,0.28834810853004456,0.38,0,0,600,FP32-token-IDs
BERT,141cj66,539,119,2130,even,even,False,hopelessness,-0.0252026307862252,0.0252026307862252,0.6315041780471802,0.44658777117729187,0.38,1,1,600,FP32-token-IDs
BERT,141cj66,539,119,2130,even,even,False,loneliness,-0.017822451191022992,0.017822451191022992,0.34935426712036133,0.2960382401943207,0.38,0,0,600,FP32-token-IDs
BERT,141cj66,539,119,2130,even,even,False,sadness,0.006749253254383802,0.006749253254383802,0.43912267684936523,0.18426238000392914,0.38,0,0,600,FP32-token-IDs
BERT,141cj66,539,119,2130,even,even,False,suicide intent,-0.00788418845331762,0.00788418845331762,0.29637324810028076,0.0242940504103899,0.38,0,0,600,FP32-token-IDs
BERT,141cj66,539,119,2130,even,even,False,worthlessness,-0.026401957613416016,0.026401957613416016,0.5717954635620117,0.12765930593013763,0.38,1,0,600,FP32-token-IDs
BERT,141cj66,539,120,17704,kinda,kinda,False,anger,-0.005222466849954799,0.005222466849954799,0.3617354929447174,0.01325209066271782,0.38,0,0,600,FP32-token-IDs
BERT,141cj66,539,120,17704,kinda,kinda,False,brain dysfunction (forget),-0.00417344655143097,0.00417344655143097,0.316470742225647,0.3969665467739105,0.38,0,1,600,FP32-token-IDs
BERT,141cj66,539,120,17704,kinda,kinda,False,emptiness,-0.010851810406893491,0.010851810406893491,0.24873895943164825,0.28834810853004456,0.38,0,0,600,FP32-token-IDs
BERT,141cj66,539,120,17704,kinda,kinda,False,hopelessness,-0.012668572459369897,0.012668572459369897,0.6315041780471802,0.44658777117729187,0.38,1,1,600,FP32-token-IDs
BERT,141cj66,539,120,17704,kinda,kinda,False,loneliness,-0.011501208506524562,0.011501208506524562,0.34935426712036133,0.2960382401943207,0.38,0,0,600,FP32-token-IDs
BERT,141cj66,539,120,17704,kinda,kinda,False,sadness,-0.004677857318893075,0.004677857318893075,0.43912267684936523,0.18426238000392914,0.38,0,0,600,FP32-token-IDs
BERT,141cj66,539,120,17704,kinda,kinda,False,suicide intent,-0.0046171876834705475,0.0046171876834705475,0.29637324810028076,0.0242940504103899,0.38,0,0,600,FP32-token-IDs
BERT,141cj66,539,120,17704,kinda,kinda,False,worthlessness,-0.016544189042178914,0.016544189042178914,0.5717954635620117,0.12765930593013763,0.38,1,0,600,FP32-token-IDs
BERT,141cj66,539,121,2066,like,like,False,anger,-0.005222466849954799,0.005222466849954799,0.3617354929447174,0.01325209066271782,0.38,0,0,600,FP32-token-IDs
BERT,141cj66,539,121,2066,like,like,False,brain dysfunction (forget),-0.00417344655143097,0.00417344655143097,0.316470742225647,0.3969665467739105,0.38,0,1,600,FP32-token-IDs
BERT,141cj66,539,121,2066,like,like,False,emptiness,-0.010851810406893491,0.010851810406893491,0.24873895943164825,0.28834810853004456,0.38,0,0,600,FP32-token-IDs
BERT,141cj66,539,121,2066,like,like,False,hopelessness,-0.012668572459369897,0.012668572459369897,0.6315041780471802,0.44658777117729187,0.38,1,1,600,FP32-token-IDs
BERT,141cj66,539,121,2066,like,like,False,loneliness,-0.011501208506524562,0.011501208506524562,0.34935426712036133,0.2960382401943207,0.38,0,0,600,FP32-token-IDs
BERT,141cj66,539,121,2066,like,like,False,sadness,-0.004677857318893075,0.004677857318893075,0.43912267684936523,0.18426238000392914,0.38,0,0,600,FP32-token-IDs
BERT,141cj66,539,121,2066,like,like,False,suicide intent,-0.0046171876834705475,0.0046171876834705475,0.29637324810028076,0.0242940504103899,0.38,0,0,600,FP32-token-IDs
BERT,141cj66,539,121,2066,like,like,False,worthlessness,-0.016544189042178914,0.016544189042178914,0.5717954635620117,0.12765930593013763,0.38,1,0,600,FP32-token-IDs
BERT,141cj66,539,122,2026,my,my,False,anger,-0.005222466849954799,0.005222466849954799,0.3617354929447174,0.01325209066271782,0.38,0,0,600,FP32-token-IDs
BERT,141cj66,539,122,2026,my,my,False,brain dysfunction (forget),-0.00417344655143097,0.00417344655143097,0.316470742225647,0.3969665467739105,0.38,0,1,600,FP32-token-IDs
BERT,141cj66,539,122,2026,my,my,False,emptiness,-0.010851810406893491,0.010851810406893491,0.24873895943164825,0.28834810853004456,0.38,0,0,600,FP32-token-IDs
BERT,141cj66,539,122,2026,my,my,False,hopelessness,-0.012668572459369897,0.012668572459369897,0.6315041780471802,0.44658777117729187,0.38,1,1,600,FP32-token-IDs
BERT,141cj66,539,122,2026,my,my,False,loneliness,-0.011501208506524562,0.011501208506524562,0.34935426712036133,0.2960382401943207,0.38,0,0,600,FP32-token-IDs
BERT,141cj66,539,122,2026,my,my,False,sadness,-0.004677857318893075,0.004677857318893075,0.43912267684936523,0.18426238000392914,0.38,0,0,600,FP32-token-IDs
BERT,141cj66,539,122,2026,my,my,False,suicide intent,-0.0046171876834705475,0.0046171876834705475,0.29637324810028076,0.0242940504103899,0.38,0,0,600,FP32-token-IDs
BERT,141cj66,539,122,2026,my,my,False,worthlessness,-0.016544189042178914,0.016544189042178914,0.5717954635620117,0.12765930593013763,0.38,1,0,600,FP32-token-IDs
BERT,141cj66,539,123,9185,reflection,reflection,False,anger,-0.005222466849954799,0.005222466849954799,0.3617354929447174,0.01325209066271782,0.38,0,0,600,FP32-token-IDs
BERT,141cj66,539,123,9185,reflection,reflection,False,brain dysfunction (forget),-0.00417344655143097,0.00417344655143097,0.316470742225647,0.3969665467739105,0.38,0,1,600,FP32-token-IDs
BERT,141cj66,539,123,9185,reflection,reflection,False,emptiness,-0.010851810406893491,0.010851810406893491,0.24873895943164825,0.28834810853004456,0.38,0,0,600,FP32-token-IDs
BERT,141cj66,539,123,9185,reflection,reflection,False,hopelessness,-0.012668572459369897,0.012668572459369897,0.6315041780471802,0.44658777117729187,0.38,1,1,600,FP32-token-IDs
BERT,141cj66,539,123,9185,reflection,reflection,False,loneliness,-0.011501208506524562,0.011501208506524562,0.34935426712036133,0.2960382401943207,0.38,0,0,600,FP32-token-IDs
BERT,141cj66,539,123,9185,reflection,reflection,False,sadness,-0.004677857318893075,0.004677857318893075,0.43912267684936523,0.18426238000392914,0.38,0,0,600,FP32-token-IDs
BERT,141cj66,539,123,9185,reflection,reflection,False,suicide intent,-0.0046171876834705475,0.0046171876834705475,0.29637324810028076,0.0242940504103899,0.38,0,0,600,FP32-token-IDs
BERT,141cj66,539,123,9185,reflection,reflection,False,worthlessness,-0.016544189042178914,0.016544189042178914,0.5717954635620117,0.12765930593013763,0.38,1,0,600,FP32-token-IDs
BERT,141cj66,539,124,1012,.,.,False,anger,-0.0022995039646048097,0.0022995039646048097,0.3617354929447174,0.01325209066271782,0.38,0,0,600,FP32-token-IDs
BERT,141cj66,539,124,1012,.,.,False,brain dysfunction (forget),-0.00267865932546556,0.00267865932546556,0.316470742225647,0.3969665467739105,0.38,0,1,600,FP32-token-IDs
BERT,141cj66,539,124,1012,.,.,False,emptiness,-0.011833639070391654,0.011833639070391654,0.24873895943164825,0.28834810853004456,0.38,0,0,600,FP32-token-IDs
BERT,141cj66,539,124,1012,.,.,False,hopelessness,-0.010587417148053646,0.010587417148053646,0.6315041780471802,0.44658777117729187,0.38,1,1,600,FP32-token-IDs
BERT,141cj66,539,124,1012,.,.,False,loneliness,-0.0181181725114584,0.0181181725114584,0.34935426712036133,0.2960382401943207,0.38,0,0,600,FP32-token-IDs
BERT,141cj66,539,124,1012,.,.,False,sadness,-0.0007947979494929312,0.0007947979494929312,0.43912267684936523,0.18426238000392914,0.38,0,0,600,FP32-token-IDs
BERT,141cj66,539,124,1012,.,.,False,suicide intent,-0.001995270571205765,0.001995270571205765,0.29637324810028076,0.0242940504103899,0.38,0,0,600,FP32-token-IDs
BERT,141cj66,539,124,1012,.,.,False,worthlessness,-0.012355617829598486,0.012355617829598486,0.5717954635620117,0.12765930593013763,0.38,1,0,600,FP32-token-IDs
BERT,141cj66,539,125,102,[SEP],,True,anger,3.434251993894577e-09,3.434251993894577e-09,0.3617354929447174,0.01325209066271782,0.38,0,0,600,FP32-token-IDs
BERT,141cj66,539,125,102,[SEP],,True,brain dysfunction (forget),-1.4901161193847656e-08,1.4901161193847656e-08,0.316470742225647,0.3969665467739105,0.38,0,1,600,FP32-token-IDs
BERT,141cj66,539,125,102,[SEP],,True,emptiness,2.60770320892334e-08,2.60770320892334e-08,0.24873895943164825,0.28834810853004456,0.38,0,0,600,FP32-token-IDs
BERT,141cj66,539,125,102,[SEP],,True,hopelessness,-1.862645149230957e-08,1.862645149230957e-08,0.6315041780471802,0.44658777117729187,0.38,1,1,600,FP32-token-IDs
BERT,141cj66,539,125,102,[SEP],,True,loneliness,5.774199962615967e-08,5.774199962615967e-08,0.34935426712036133,0.2960382401943207,0.38,0,0,600,FP32-token-IDs
BERT,141cj66,539,125,102,[SEP],,True,sadness,-3.166496753692627e-08,3.166496753692627e-08,0.43912267684936523,0.18426238000392914,0.38,0,0,600,FP32-token-IDs
BERT,141cj66,539,125,102,[SEP],,True,suicide intent,-1.0477378964424133e-09,1.0477378964424133e-09,0.29637324810028076,0.0242940504103899,0.38,0,0,600,FP32-token-IDs
BERT,141cj66,539,125,102,[SEP],,True,worthlessness,-3.67872416973114e-08,3.67872416973114e-08,0.5717954635620117,0.12765930593013763,0.38,1,0,600,FP32-token-IDs
