Model,Sample_ID,Test_Index,Token_Index,Token_ID,Raw_Token,Token,Is_Special_Token,Emotion,SHAP_Value,Abs_SHAP,Base_Value,Model_Probability,Threshold,True_Label,Predicted_Label,SHAP_Max_Evals,XAI_Inference
BERT,k3mu97,659,0,101,[CLS],,True,anger,0.001949500569025986,0.001949500569025986,0.3507611155509949,0.31551653146743774,0.38,0,0,953,FP32-token-IDs
BERT,k3mu97,659,0,101,[CLS],,True,brain dysfunction (forget),-0.000933294482011762,0.000933294482011762,0.3152136206626892,0.09943170100450516,0.38,0,0,953,FP32-token-IDs
BERT,k3mu97,659,0,101,[CLS],,True,emptiness,-0.0007692503729938633,0.0007692503729938633,0.25199806690216064,0.6372386813163757,0.38,0,1,953,FP32-token-IDs
BERT,k3mu97,659,0,101,[CLS],,True,hopelessness,0.0022329626760135097,0.0022329626760135097,0.5713253021240234,0.9911624193191528,0.38,1,1,953,FP32-token-IDs
BERT,k3mu97,659,0,101,[CLS],,True,loneliness,-0.0014532795305260355,0.0014532795305260355,0.4571398198604584,0.7032500505447388,0.38,0,1,953,FP32-token-IDs
BERT,k3mu97,659,0,101,[CLS],,True,sadness,0.0029680094578199917,0.0029680094578199917,0.41641947627067566,0.9947109222412109,0.38,1,1,953,FP32-token-IDs
BERT,k3mu97,659,0,101,[CLS],,True,suicide intent,-0.0031618183549855733,0.0031618183549855733,0.24135345220565796,0.24965988099575043,0.38,0,0,953,FP32-token-IDs
BERT,k3mu97,659,0,101,[CLS],,True,worthlessness,-0.00045199414954469027,0.00045199414954469027,0.4964175224304199,0.8263647556304932,0.38,1,1,953,FP32-token-IDs
BERT,k3mu97,659,1,1045,i,i,False,anger,0.001949500569025986,0.001949500569025986,0.3507611155509949,0.31551653146743774,0.38,0,0,953,FP32-token-IDs
BERT,k3mu97,659,1,1045,i,i,False,brain dysfunction (forget),-0.000933294482011762,0.000933294482011762,0.3152136206626892,0.09943170100450516,0.38,0,0,953,FP32-token-IDs
BERT,k3mu97,659,1,1045,i,i,False,emptiness,-0.0007692503729938633,0.0007692503729938633,0.25199806690216064,0.6372386813163757,0.38,0,1,953,FP32-token-IDs
BERT,k3mu97,659,1,1045,i,i,False,hopelessness,0.0022329626760135097,0.0022329626760135097,0.5713253021240234,0.9911624193191528,0.38,1,1,953,FP32-token-IDs
BERT,k3mu97,659,1,1045,i,i,False,loneliness,-0.0014532795305260355,0.0014532795305260355,0.4571398198604584,0.7032500505447388,0.38,0,1,953,FP32-token-IDs
BERT,k3mu97,659,1,1045,i,i,False,sadness,0.0029680094578199917,0.0029680094578199917,0.41641947627067566,0.9947109222412109,0.38,1,1,953,FP32-token-IDs
BERT,k3mu97,659,1,1045,i,i,False,suicide intent,-0.0031618183549855733,0.0031618183549855733,0.24135345220565796,0.24965988099575043,0.38,0,0,953,FP32-token-IDs
BERT,k3mu97,659,1,1045,i,i,False,worthlessness,-0.00045199414954469027,0.00045199414954469027,0.4964175224304199,0.8263647556304932,0.38,1,1,953,FP32-token-IDs
BERT,k3mu97,659,2,4366,claim,claim,False,anger,0.001949500569025986,0.001949500569025986,0.3507611155509949,0.31551653146743774,0.38,0,0,953,FP32-token-IDs
BERT,k3mu97,659,2,4366,claim,claim,False,brain dysfunction (forget),-0.000933294482011762,0.000933294482011762,0.3152136206626892,0.09943170100450516,0.38,0,0,953,FP32-token-IDs
BERT,k3mu97,659,2,4366,claim,claim,False,emptiness,-0.0007692503729938633,0.0007692503729938633,0.25199806690216064,0.6372386813163757,0.38,0,1,953,FP32-token-IDs
BERT,k3mu97,659,2,4366,claim,claim,False,hopelessness,0.0022329626760135097,0.0022329626760135097,0.5713253021240234,0.9911624193191528,0.38,1,1,953,FP32-token-IDs
BERT,k3mu97,659,2,4366,claim,claim,False,loneliness,-0.0014532795305260355,0.0014532795305260355,0.4571398198604584,0.7032500505447388,0.38,0,1,953,FP32-token-IDs
BERT,k3mu97,659,2,4366,claim,claim,False,sadness,0.0029680094578199917,0.0029680094578199917,0.41641947627067566,0.9947109222412109,0.38,1,1,953,FP32-token-IDs
BERT,k3mu97,659,2,4366,claim,claim,False,suicide intent,-0.0031618183549855733,0.0031618183549855733,0.24135345220565796,0.24965988099575043,0.38,0,0,953,FP32-token-IDs
BERT,k3mu97,659,2,4366,claim,claim,False,worthlessness,-0.00045199414954469027,0.00045199414954469027,0.4964175224304199,0.8263647556304932,0.38,1,1,953,FP32-token-IDs
BERT,k3mu97,659,3,2008,that,that,False,anger,0.001949500569025986,0.001949500569025986,0.3507611155509949,0.31551653146743774,0.38,0,0,953,FP32-token-IDs
BERT,k3mu97,659,3,2008,that,that,False,brain dysfunction (forget),-0.000933294482011762,0.000933294482011762,0.3152136206626892,0.09943170100450516,0.38,0,0,953,FP32-token-IDs
BERT,k3mu97,659,3,2008,that,that,False,emptiness,-0.0007692503729938633,0.0007692503729938633,0.25199806690216064,0.6372386813163757,0.38,0,1,953,FP32-token-IDs
BERT,k3mu97,659,3,2008,that,that,False,hopelessness,0.0022329626760135097,0.0022329626760135097,0.5713253021240234,0.9911624193191528,0.38,1,1,953,FP32-token-IDs
BERT,k3mu97,659,3,2008,that,that,False,loneliness,-0.0014532795305260355,0.0014532795305260355,0.4571398198604584,0.7032500505447388,0.38,0,1,953,FP32-token-IDs
BERT,k3mu97,659,3,2008,that,that,False,sadness,0.0029680094578199917,0.0029680094578199917,0.41641947627067566,0.9947109222412109,0.38,1,1,953,FP32-token-IDs
BERT,k3mu97,659,3,2008,that,that,False,suicide intent,-0.0031618183549855733,0.0031618183549855733,0.24135345220565796,0.24965988099575043,0.38,0,0,953,FP32-token-IDs
BERT,k3mu97,659,3,2008,that,that,False,worthlessness,-0.00045199414954469027,0.00045199414954469027,0.4964175224304199,0.8263647556304932,0.38,1,1,953,FP32-token-IDs
BERT,k3mu97,659,4,1045,i,i,False,anger,0.0016159661608980969,0.0016159661608980969,0.3507611155509949,0.31551653146743774,0.38,0,0,953,FP32-token-IDs
BERT,k3mu97,659,4,1045,i,i,False,brain dysfunction (forget),-0.000460680289607909,0.000460680289607909,0.3152136206626892,0.09943170100450516,0.38,0,0,953,FP32-token-IDs
BERT,k3mu97,659,4,1045,i,i,False,emptiness,0.0026522943064466948,0.0026522943064466948,0.25199806690216064,0.6372386813163757,0.38,0,1,953,FP32-token-IDs
BERT,k3mu97,659,4,1045,i,i,False,hopelessness,0.00443107580455641,0.00443107580455641,0.5713253021240234,0.9911624193191528,0.38,1,1,953,FP32-token-IDs
BERT,k3mu97,659,4,1045,i,i,False,loneliness,0.0008656820152989691,0.0008656820152989691,0.4571398198604584,0.7032500505447388,0.38,0,1,953,FP32-token-IDs
BERT,k3mu97,659,4,1045,i,i,False,sadness,0.0026148605522596175,0.0026148605522596175,0.41641947627067566,0.9947109222412109,0.38,1,1,953,FP32-token-IDs
BERT,k3mu97,659,4,1045,i,i,False,suicide intent,-0.0027354705509626204,0.0027354705509626204,0.24135345220565796,0.24965988099575043,0.38,0,0,953,FP32-token-IDs
BERT,k3mu97,659,4,1045,i,i,False,worthlessness,0.0006644774483801383,0.0006644774483801383,0.4964175224304199,0.8263647556304932,0.38,1,1,953,FP32-token-IDs
BERT,k3mu97,659,5,2123,don,don,False,anger,0.0016159661608980969,0.0016159661608980969,0.3507611155509949,0.31551653146743774,0.38,0,0,953,FP32-token-IDs
BERT,k3mu97,659,5,2123,don,don,False,brain dysfunction (forget),-0.000460680289607909,0.000460680289607909,0.3152136206626892,0.09943170100450516,0.38,0,0,953,FP32-token-IDs
BERT,k3mu97,659,5,2123,don,don,False,emptiness,0.0026522943064466948,0.0026522943064466948,0.25199806690216064,0.6372386813163757,0.38,0,1,953,FP32-token-IDs
BERT,k3mu97,659,5,2123,don,don,False,hopelessness,0.00443107580455641,0.00443107580455641,0.5713253021240234,0.9911624193191528,0.38,1,1,953,FP32-token-IDs
BERT,k3mu97,659,5,2123,don,don,False,loneliness,0.0008656820152989691,0.0008656820152989691,0.4571398198604584,0.7032500505447388,0.38,0,1,953,FP32-token-IDs
BERT,k3mu97,659,5,2123,don,don,False,sadness,0.0026148605522596175,0.0026148605522596175,0.41641947627067566,0.9947109222412109,0.38,1,1,953,FP32-token-IDs
BERT,k3mu97,659,5,2123,don,don,False,suicide intent,-0.0027354705509626204,0.0027354705509626204,0.24135345220565796,0.24965988099575043,0.38,0,0,953,FP32-token-IDs
BERT,k3mu97,659,5,2123,don,don,False,worthlessness,0.0006644774483801383,0.0006644774483801383,0.4964175224304199,0.8263647556304932,0.38,1,1,953,FP32-token-IDs
BERT,k3mu97,659,6,1521,’,’,False,anger,0.0016159661608980969,0.0016159661608980969,0.3507611155509949,0.31551653146743774,0.38,0,0,953,FP32-token-IDs
BERT,k3mu97,659,6,1521,’,’,False,brain dysfunction (forget),-0.000460680289607909,0.000460680289607909,0.3152136206626892,0.09943170100450516,0.38,0,0,953,FP32-token-IDs
BERT,k3mu97,659,6,1521,’,’,False,emptiness,0.0026522943064466948,0.0026522943064466948,0.25199806690216064,0.6372386813163757,0.38,0,1,953,FP32-token-IDs
BERT,k3mu97,659,6,1521,’,’,False,hopelessness,0.00443107580455641,0.00443107580455641,0.5713253021240234,0.9911624193191528,0.38,1,1,953,FP32-token-IDs
BERT,k3mu97,659,6,1521,’,’,False,loneliness,0.0008656820152989691,0.0008656820152989691,0.4571398198604584,0.7032500505447388,0.38,0,1,953,FP32-token-IDs
BERT,k3mu97,659,6,1521,’,’,False,sadness,0.0026148605522596175,0.0026148605522596175,0.41641947627067566,0.9947109222412109,0.38,1,1,953,FP32-token-IDs
BERT,k3mu97,659,6,1521,’,’,False,suicide intent,-0.0027354705509626204,0.0027354705509626204,0.24135345220565796,0.24965988099575043,0.38,0,0,953,FP32-token-IDs
BERT,k3mu97,659,6,1521,’,’,False,worthlessness,0.0006644774483801383,0.0006644774483801383,0.4964175224304199,0.8263647556304932,0.38,1,1,953,FP32-token-IDs
BERT,k3mu97,659,7,1056,t,t,False,anger,0.0016159661608980969,0.0016159661608980969,0.3507611155509949,0.31551653146743774,0.38,0,0,953,FP32-token-IDs
BERT,k3mu97,659,7,1056,t,t,False,brain dysfunction (forget),-0.000460680289607909,0.000460680289607909,0.3152136206626892,0.09943170100450516,0.38,0,0,953,FP32-token-IDs
BERT,k3mu97,659,7,1056,t,t,False,emptiness,0.0026522943064466948,0.0026522943064466948,0.25199806690216064,0.6372386813163757,0.38,0,1,953,FP32-token-IDs
BERT,k3mu97,659,7,1056,t,t,False,hopelessness,0.00443107580455641,0.00443107580455641,0.5713253021240234,0.9911624193191528,0.38,1,1,953,FP32-token-IDs
BERT,k3mu97,659,7,1056,t,t,False,loneliness,0.0008656820152989691,0.0008656820152989691,0.4571398198604584,0.7032500505447388,0.38,0,1,953,FP32-token-IDs
BERT,k3mu97,659,7,1056,t,t,False,sadness,0.0026148605522596175,0.0026148605522596175,0.41641947627067566,0.9947109222412109,0.38,1,1,953,FP32-token-IDs
BERT,k3mu97,659,7,1056,t,t,False,suicide intent,-0.0027354705509626204,0.0027354705509626204,0.24135345220565796,0.24965988099575043,0.38,0,0,953,FP32-token-IDs
BERT,k3mu97,659,7,1056,t,t,False,worthlessness,0.0006644774483801383,0.0006644774483801383,0.4964175224304199,0.8263647556304932,0.38,1,1,953,FP32-token-IDs
BERT,k3mu97,659,8,2113,know,know,False,anger,-0.0030522976827342062,0.0030522976827342062,0.3507611155509949,0.31551653146743774,0.38,0,0,953,FP32-token-IDs
BERT,k3mu97,659,8,2113,know,know,False,brain dysfunction (forget),-0.0007014385780267831,0.0007014385780267831,0.3152136206626892,0.09943170100450516,0.38,0,0,953,FP32-token-IDs
BERT,k3mu97,659,8,2113,know,know,False,emptiness,-0.003486979862080059,0.003486979862080059,0.25199806690216064,0.6372386813163757,0.38,0,1,953,FP32-token-IDs
BERT,k3mu97,659,8,2113,know,know,False,hopelessness,-0.0009740347818781932,0.0009740347818781932,0.5713253021240234,0.9911624193191528,0.38,1,1,953,FP32-token-IDs
BERT,k3mu97,659,8,2113,know,know,False,loneliness,-0.005077923847258919,0.005077923847258919,0.4571398198604584,0.7032500505447388,0.38,0,1,953,FP32-token-IDs
BERT,k3mu97,659,8,2113,know,know,False,sadness,0.0013263061771997147,0.0013263061771997147,0.41641947627067566,0.9947109222412109,0.38,1,1,953,FP32-token-IDs
BERT,k3mu97,659,8,2113,know,know,False,suicide intent,-0.005478296417115619,0.005478296417115619,0.24135345220565796,0.24965988099575043,0.38,0,0,953,FP32-token-IDs
BERT,k3mu97,659,8,2113,know,know,False,worthlessness,-0.0033053460653819557,0.0033053460653819557,0.4964175224304199,0.8263647556304932,0.38,1,1,953,FP32-token-IDs
BERT,k3mu97,659,9,2054,what,what,False,anger,-0.0030522976827342062,0.0030522976827342062,0.3507611155509949,0.31551653146743774,0.38,0,0,953,FP32-token-IDs
BERT,k3mu97,659,9,2054,what,what,False,brain dysfunction (forget),-0.0007014385780267831,0.0007014385780267831,0.3152136206626892,0.09943170100450516,0.38,0,0,953,FP32-token-IDs
BERT,k3mu97,659,9,2054,what,what,False,emptiness,-0.003486979862080059,0.003486979862080059,0.25199806690216064,0.6372386813163757,0.38,0,1,953,FP32-token-IDs
BERT,k3mu97,659,9,2054,what,what,False,hopelessness,-0.0009740347818781932,0.0009740347818781932,0.5713253021240234,0.9911624193191528,0.38,1,1,953,FP32-token-IDs
BERT,k3mu97,659,9,2054,what,what,False,loneliness,-0.005077923847258919,0.005077923847258919,0.4571398198604584,0.7032500505447388,0.38,0,1,953,FP32-token-IDs
BERT,k3mu97,659,9,2054,what,what,False,sadness,0.0013263061771997147,0.0013263061771997147,0.41641947627067566,0.9947109222412109,0.38,1,1,953,FP32-token-IDs
BERT,k3mu97,659,9,2054,what,what,False,suicide intent,-0.005478296417115619,0.005478296417115619,0.24135345220565796,0.24965988099575043,0.38,0,0,953,FP32-token-IDs
BERT,k3mu97,659,9,2054,what,what,False,worthlessness,-0.0033053460653819557,0.0033053460653819557,0.4964175224304199,0.8263647556304932,0.38,1,1,953,FP32-token-IDs
BERT,k3mu97,659,10,2003,is,is,False,anger,-0.0030522976827342062,0.0030522976827342062,0.3507611155509949,0.31551653146743774,0.38,0,0,953,FP32-token-IDs
BERT,k3mu97,659,10,2003,is,is,False,brain dysfunction (forget),-0.0007014385780267831,0.0007014385780267831,0.3152136206626892,0.09943170100450516,0.38,0,0,953,FP32-token-IDs
BERT,k3mu97,659,10,2003,is,is,False,emptiness,-0.003486979862080059,0.003486979862080059,0.25199806690216064,0.6372386813163757,0.38,0,1,953,FP32-token-IDs
BERT,k3mu97,659,10,2003,is,is,False,hopelessness,-0.0009740347818781932,0.0009740347818781932,0.5713253021240234,0.9911624193191528,0.38,1,1,953,FP32-token-IDs
BERT,k3mu97,659,10,2003,is,is,False,loneliness,-0.005077923847258919,0.005077923847258919,0.4571398198604584,0.7032500505447388,0.38,0,1,953,FP32-token-IDs
BERT,k3mu97,659,10,2003,is,is,False,sadness,0.0013263061771997147,0.0013263061771997147,0.41641947627067566,0.9947109222412109,0.38,1,1,953,FP32-token-IDs
BERT,k3mu97,659,10,2003,is,is,False,suicide intent,-0.005478296417115619,0.005478296417115619,0.24135345220565796,0.24965988099575043,0.38,0,0,953,FP32-token-IDs
BERT,k3mu97,659,10,2003,is,is,False,worthlessness,-0.0033053460653819557,0.0033053460653819557,0.4964175224304199,0.8263647556304932,0.38,1,1,953,FP32-token-IDs
BERT,k3mu97,659,11,4786,causing,causing,False,anger,-0.0030522976827342062,0.0030522976827342062,0.3507611155509949,0.31551653146743774,0.38,0,0,953,FP32-token-IDs
BERT,k3mu97,659,11,4786,causing,causing,False,brain dysfunction (forget),-0.0007014385780267831,0.0007014385780267831,0.3152136206626892,0.09943170100450516,0.38,0,0,953,FP32-token-IDs
BERT,k3mu97,659,11,4786,causing,causing,False,emptiness,-0.003486979862080059,0.003486979862080059,0.25199806690216064,0.6372386813163757,0.38,0,1,953,FP32-token-IDs
BERT,k3mu97,659,11,4786,causing,causing,False,hopelessness,-0.0009740347818781932,0.0009740347818781932,0.5713253021240234,0.9911624193191528,0.38,1,1,953,FP32-token-IDs
BERT,k3mu97,659,11,4786,causing,causing,False,loneliness,-0.005077923847258919,0.005077923847258919,0.4571398198604584,0.7032500505447388,0.38,0,1,953,FP32-token-IDs
BERT,k3mu97,659,11,4786,causing,causing,False,sadness,0.0013263061771997147,0.0013263061771997147,0.41641947627067566,0.9947109222412109,0.38,1,1,953,FP32-token-IDs
BERT,k3mu97,659,11,4786,causing,causing,False,suicide intent,-0.005478296417115619,0.005478296417115619,0.24135345220565796,0.24965988099575043,0.38,0,0,953,FP32-token-IDs
BERT,k3mu97,659,11,4786,causing,causing,False,worthlessness,-0.0033053460653819557,0.0033053460653819557,0.4964175224304199,0.8263647556304932,0.38,1,1,953,FP32-token-IDs
BERT,k3mu97,659,12,2033,me,me,False,anger,-0.00323319776992624,0.00323319776992624,0.3507611155509949,0.31551653146743774,0.38,0,0,953,FP32-token-IDs
BERT,k3mu97,659,12,2033,me,me,False,brain dysfunction (forget),0.0001896004050245716,0.0001896004050245716,0.3152136206626892,0.09943170100450516,0.38,0,0,953,FP32-token-IDs
BERT,k3mu97,659,12,2033,me,me,False,emptiness,-0.0009694646798177727,0.0009694646798177727,0.25199806690216064,0.6372386813163757,0.38,0,1,953,FP32-token-IDs
BERT,k3mu97,659,12,2033,me,me,False,hopelessness,-0.000421013031154871,0.000421013031154871,0.5713253021240234,0.9911624193191528,0.38,1,1,953,FP32-token-IDs
BERT,k3mu97,659,12,2033,me,me,False,loneliness,-0.002669581682938668,0.002669581682938668,0.4571398198604584,0.7032500505447388,0.38,0,1,953,FP32-token-IDs
BERT,k3mu97,659,12,2033,me,me,False,sadness,-7.0176361542609e-05,7.0176361542609e-05,0.41641947627067566,0.9947109222412109,0.38,1,1,953,FP32-token-IDs
BERT,k3mu97,659,12,2033,me,me,False,suicide intent,-0.004048327032877649,0.004048327032877649,0.24135345220565796,0.24965988099575043,0.38,0,0,953,FP32-token-IDs
BERT,k3mu97,659,12,2033,me,me,False,worthlessness,-0.0019140176500918136,0.0019140176500918136,0.4964175224304199,0.8263647556304932,0.38,1,1,953,FP32-token-IDs
BERT,k3mu97,659,13,2000,to,to,False,anger,-0.00323319776992624,0.00323319776992624,0.3507611155509949,0.31551653146743774,0.38,0,0,953,FP32-token-IDs
BERT,k3mu97,659,13,2000,to,to,False,brain dysfunction (forget),0.0001896004050245716,0.0001896004050245716,0.3152136206626892,0.09943170100450516,0.38,0,0,953,FP32-token-IDs
BERT,k3mu97,659,13,2000,to,to,False,emptiness,-0.0009694646798177727,0.0009694646798177727,0.25199806690216064,0.6372386813163757,0.38,0,1,953,FP32-token-IDs
BERT,k3mu97,659,13,2000,to,to,False,hopelessness,-0.000421013031154871,0.000421013031154871,0.5713253021240234,0.9911624193191528,0.38,1,1,953,FP32-token-IDs
BERT,k3mu97,659,13,2000,to,to,False,loneliness,-0.002669581682938668,0.002669581682938668,0.4571398198604584,0.7032500505447388,0.38,0,1,953,FP32-token-IDs
BERT,k3mu97,659,13,2000,to,to,False,sadness,-7.0176361542609e-05,7.0176361542609e-05,0.41641947627067566,0.9947109222412109,0.38,1,1,953,FP32-token-IDs
BERT,k3mu97,659,13,2000,to,to,False,suicide intent,-0.004048327032877649,0.004048327032877649,0.24135345220565796,0.24965988099575043,0.38,0,0,953,FP32-token-IDs
BERT,k3mu97,659,13,2000,to,to,False,worthlessness,-0.0019140176500918136,0.0019140176500918136,0.4964175224304199,0.8263647556304932,0.38,1,1,953,FP32-token-IDs
BERT,k3mu97,659,14,2131,get,get,False,anger,-0.0032331977699262397,0.0032331977699262397,0.3507611155509949,0.31551653146743774,0.38,0,0,953,FP32-token-IDs
BERT,k3mu97,659,14,2131,get,get,False,brain dysfunction (forget),0.00018960040502457158,0.00018960040502457158,0.3152136206626892,0.09943170100450516,0.38,0,0,953,FP32-token-IDs
BERT,k3mu97,659,14,2131,get,get,False,emptiness,-0.0009694646798177727,0.0009694646798177727,0.25199806690216064,0.6372386813163757,0.38,0,1,953,FP32-token-IDs
BERT,k3mu97,659,14,2131,get,get,False,hopelessness,-0.000421013031154871,0.000421013031154871,0.5713253021240234,0.9911624193191528,0.38,1,1,953,FP32-token-IDs
BERT,k3mu97,659,14,2131,get,get,False,loneliness,-0.002669581682938668,0.002669581682938668,0.4571398198604584,0.7032500505447388,0.38,0,1,953,FP32-token-IDs
BERT,k3mu97,659,14,2131,get,get,False,sadness,-7.017636154260899e-05,7.017636154260899e-05,0.41641947627067566,0.9947109222412109,0.38,1,1,953,FP32-token-IDs
BERT,k3mu97,659,14,2131,get,get,False,suicide intent,-0.004048327032877649,0.004048327032877649,0.24135345220565796,0.24965988099575043,0.38,0,0,953,FP32-token-IDs
BERT,k3mu97,659,14,2131,get,get,False,worthlessness,-0.0019140176500918136,0.0019140176500918136,0.4964175224304199,0.8263647556304932,0.38,1,1,953,FP32-token-IDs
BERT,k3mu97,659,15,2053,no,no,False,anger,-0.0032331977699262397,0.0032331977699262397,0.3507611155509949,0.31551653146743774,0.38,0,0,953,FP32-token-IDs
BERT,k3mu97,659,15,2053,no,no,False,brain dysfunction (forget),0.00018960040502457158,0.00018960040502457158,0.3152136206626892,0.09943170100450516,0.38,0,0,953,FP32-token-IDs
BERT,k3mu97,659,15,2053,no,no,False,emptiness,-0.0009694646798177727,0.0009694646798177727,0.25199806690216064,0.6372386813163757,0.38,0,1,953,FP32-token-IDs
BERT,k3mu97,659,15,2053,no,no,False,hopelessness,-0.000421013031154871,0.000421013031154871,0.5713253021240234,0.9911624193191528,0.38,1,1,953,FP32-token-IDs
BERT,k3mu97,659,15,2053,no,no,False,loneliness,-0.002669581682938668,0.002669581682938668,0.4571398198604584,0.7032500505447388,0.38,0,1,953,FP32-token-IDs
BERT,k3mu97,659,15,2053,no,no,False,sadness,-7.017636154260899e-05,7.017636154260899e-05,0.41641947627067566,0.9947109222412109,0.38,1,1,953,FP32-token-IDs
BERT,k3mu97,659,15,2053,no,no,False,suicide intent,-0.004048327032877649,0.004048327032877649,0.24135345220565796,0.24965988099575043,0.38,0,0,953,FP32-token-IDs
BERT,k3mu97,659,15,2053,no,no,False,worthlessness,-0.0019140176500918136,0.0019140176500918136,0.4964175224304199,0.8263647556304932,0.38,1,1,953,FP32-token-IDs
BERT,k3mu97,659,16,3637,sleep,sleep,False,anger,-0.0032331977699262397,0.0032331977699262397,0.3507611155509949,0.31551653146743774,0.38,0,0,953,FP32-token-IDs
BERT,k3mu97,659,16,3637,sleep,sleep,False,brain dysfunction (forget),0.00018960040502457158,0.00018960040502457158,0.3152136206626892,0.09943170100450516,0.38,0,0,953,FP32-token-IDs
BERT,k3mu97,659,16,3637,sleep,sleep,False,emptiness,-0.0009694646798177727,0.0009694646798177727,0.25199806690216064,0.6372386813163757,0.38,0,1,953,FP32-token-IDs
BERT,k3mu97,659,16,3637,sleep,sleep,False,hopelessness,-0.000421013031154871,0.000421013031154871,0.5713253021240234,0.9911624193191528,0.38,1,1,953,FP32-token-IDs
BERT,k3mu97,659,16,3637,sleep,sleep,False,loneliness,-0.002669581682938668,0.002669581682938668,0.4571398198604584,0.7032500505447388,0.38,0,1,953,FP32-token-IDs
BERT,k3mu97,659,16,3637,sleep,sleep,False,sadness,-7.017636154260899e-05,7.017636154260899e-05,0.41641947627067566,0.9947109222412109,0.38,1,1,953,FP32-token-IDs
BERT,k3mu97,659,16,3637,sleep,sleep,False,suicide intent,-0.004048327032877649,0.004048327032877649,0.24135345220565796,0.24965988099575043,0.38,0,0,953,FP32-token-IDs
BERT,k3mu97,659,16,3637,sleep,sleep,False,worthlessness,-0.0019140176500918136,0.0019140176500918136,0.4964175224304199,0.8263647556304932,0.38,1,1,953,FP32-token-IDs
BERT,k3mu97,659,17,1010,",",",",False,anger,-0.0032331977699262397,0.0032331977699262397,0.3507611155509949,0.31551653146743774,0.38,0,0,953,FP32-token-IDs
BERT,k3mu97,659,17,1010,",",",",False,brain dysfunction (forget),0.00018960040502457158,0.00018960040502457158,0.3152136206626892,0.09943170100450516,0.38,0,0,953,FP32-token-IDs
BERT,k3mu97,659,17,1010,",",",",False,emptiness,-0.0009694646798177727,0.0009694646798177727,0.25199806690216064,0.6372386813163757,0.38,0,1,953,FP32-token-IDs
BERT,k3mu97,659,17,1010,",",",",False,hopelessness,-0.000421013031154871,0.000421013031154871,0.5713253021240234,0.9911624193191528,0.38,1,1,953,FP32-token-IDs
BERT,k3mu97,659,17,1010,",",",",False,loneliness,-0.002669581682938668,0.002669581682938668,0.4571398198604584,0.7032500505447388,0.38,0,1,953,FP32-token-IDs
BERT,k3mu97,659,17,1010,",",",",False,sadness,-7.017636154260899e-05,7.017636154260899e-05,0.41641947627067566,0.9947109222412109,0.38,1,1,953,FP32-token-IDs
BERT,k3mu97,659,17,1010,",",",",False,suicide intent,-0.004048327032877649,0.004048327032877649,0.24135345220565796,0.24965988099575043,0.38,0,0,953,FP32-token-IDs
BERT,k3mu97,659,17,1010,",",",",False,worthlessness,-0.0019140176500918136,0.0019140176500918136,0.4964175224304199,0.8263647556304932,0.38,1,1,953,FP32-token-IDs
BERT,k3mu97,659,18,2021,but,but,False,anger,-0.005157932936428831,0.005157932936428831,0.3507611155509949,0.31551653146743774,0.38,0,0,953,FP32-token-IDs
BERT,k3mu97,659,18,2021,but,but,False,brain dysfunction (forget),-0.0022247578447254805,0.0022247578447254805,0.3152136206626892,0.09943170100450516,0.38,0,0,953,FP32-token-IDs
BERT,k3mu97,659,18,2021,but,but,False,emptiness,0.007505072008531828,0.007505072008531828,0.25199806690216064,0.6372386813163757,0.38,0,1,953,FP32-token-IDs
BERT,k3mu97,659,18,2021,but,but,False,hopelessness,0.003636116749392106,0.003636116749392106,0.5713253021240234,0.9911624193191528,0.38,1,1,953,FP32-token-IDs
BERT,k3mu97,659,18,2021,but,but,False,loneliness,0.008221577315662917,0.008221577315662917,0.4571398198604584,0.7032500505447388,0.38,0,1,953,FP32-token-IDs
BERT,k3mu97,659,18,2021,but,but,False,sadness,0.004129830575906313,0.004129830575906313,0.41641947627067566,0.9947109222412109,0.38,1,1,953,FP32-token-IDs
BERT,k3mu97,659,18,2021,but,but,False,suicide intent,-0.00650670202404189,0.00650670202404189,0.24135345220565796,0.24965988099575043,0.38,0,0,953,FP32-token-IDs
BERT,k3mu97,659,18,2021,but,but,False,worthlessness,-0.0031762601700253213,0.0031762601700253213,0.4964175224304199,0.8263647556304932,0.38,1,1,953,FP32-token-IDs
BERT,k3mu97,659,19,1045,i,i,False,anger,-0.004338637553603173,0.004338637553603173,0.3507611155509949,0.31551653146743774,0.38,0,0,953,FP32-token-IDs
BERT,k3mu97,659,19,1045,i,i,False,brain dysfunction (forget),-0.0012321601236740557,0.0012321601236740557,0.3152136206626892,0.09943170100450516,0.38,0,0,953,FP32-token-IDs
BERT,k3mu97,659,19,1045,i,i,False,emptiness,0.00798804343928798,0.00798804343928798,0.25199806690216064,0.6372386813163757,0.38,0,1,953,FP32-token-IDs
BERT,k3mu97,659,19,1045,i,i,False,hopelessness,0.004761166992382361,0.004761166992382361,0.5713253021240234,0.9911624193191528,0.38,1,1,953,FP32-token-IDs
BERT,k3mu97,659,19,1045,i,i,False,loneliness,0.00605125217519414,0.00605125217519414,0.4571398198604584,0.7032500505447388,0.38,0,1,953,FP32-token-IDs
BERT,k3mu97,659,19,1045,i,i,False,sadness,0.003133383640446342,0.003133383640446342,0.41641947627067566,0.9947109222412109,0.38,1,1,953,FP32-token-IDs
BERT,k3mu97,659,19,1045,i,i,False,suicide intent,-0.0061817491640865155,0.0061817491640865155,0.24135345220565796,0.24965988099575043,0.38,0,0,953,FP32-token-IDs
BERT,k3mu97,659,19,1045,i,i,False,worthlessness,-0.0013494476568526946,0.0013494476568526946,0.4964175224304199,0.8263647556304932,0.38,1,1,953,FP32-token-IDs
BERT,k3mu97,659,20,2428,really,really,False,anger,-0.004338637553603173,0.004338637553603173,0.3507611155509949,0.31551653146743774,0.38,0,0,953,FP32-token-IDs
BERT,k3mu97,659,20,2428,really,really,False,brain dysfunction (forget),-0.0012321601236740557,0.0012321601236740557,0.3152136206626892,0.09943170100450516,0.38,0,0,953,FP32-token-IDs
BERT,k3mu97,659,20,2428,really,really,False,emptiness,0.00798804343928798,0.00798804343928798,0.25199806690216064,0.6372386813163757,0.38,0,1,953,FP32-token-IDs
BERT,k3mu97,659,20,2428,really,really,False,hopelessness,0.004761166992382361,0.004761166992382361,0.5713253021240234,0.9911624193191528,0.38,1,1,953,FP32-token-IDs
BERT,k3mu97,659,20,2428,really,really,False,loneliness,0.00605125217519414,0.00605125217519414,0.4571398198604584,0.7032500505447388,0.38,0,1,953,FP32-token-IDs
BERT,k3mu97,659,20,2428,really,really,False,sadness,0.003133383640446342,0.003133383640446342,0.41641947627067566,0.9947109222412109,0.38,1,1,953,FP32-token-IDs
BERT,k3mu97,659,20,2428,really,really,False,suicide intent,-0.0061817491640865155,0.0061817491640865155,0.24135345220565796,0.24965988099575043,0.38,0,0,953,FP32-token-IDs
BERT,k3mu97,659,20,2428,really,really,False,worthlessness,-0.0013494476568526946,0.0013494476568526946,0.4964175224304199,0.8263647556304932,0.38,1,1,953,FP32-token-IDs
BERT,k3mu97,659,21,2074,just,just,False,anger,-0.004338637553603173,0.004338637553603173,0.3507611155509949,0.31551653146743774,0.38,0,0,953,FP32-token-IDs
BERT,k3mu97,659,21,2074,just,just,False,brain dysfunction (forget),-0.0012321601236740557,0.0012321601236740557,0.3152136206626892,0.09943170100450516,0.38,0,0,953,FP32-token-IDs
BERT,k3mu97,659,21,2074,just,just,False,emptiness,0.00798804343928798,0.00798804343928798,0.25199806690216064,0.6372386813163757,0.38,0,1,953,FP32-token-IDs
BERT,k3mu97,659,21,2074,just,just,False,hopelessness,0.004761166992382361,0.004761166992382361,0.5713253021240234,0.9911624193191528,0.38,1,1,953,FP32-token-IDs
BERT,k3mu97,659,21,2074,just,just,False,loneliness,0.00605125217519414,0.00605125217519414,0.4571398198604584,0.7032500505447388,0.38,0,1,953,FP32-token-IDs
BERT,k3mu97,659,21,2074,just,just,False,sadness,0.003133383640446342,0.003133383640446342,0.41641947627067566,0.9947109222412109,0.38,1,1,953,FP32-token-IDs
BERT,k3mu97,659,21,2074,just,just,False,suicide intent,-0.0061817491640865155,0.0061817491640865155,0.24135345220565796,0.24965988099575043,0.38,0,0,953,FP32-token-IDs
BERT,k3mu97,659,21,2074,just,just,False,worthlessness,-0.0013494476568526946,0.0013494476568526946,0.4964175224304199,0.8263647556304932,0.38,1,1,953,FP32-token-IDs
BERT,k3mu97,659,22,2123,don,don,False,anger,-0.004338637553603173,0.004338637553603173,0.3507611155509949,0.31551653146743774,0.38,0,0,953,FP32-token-IDs
BERT,k3mu97,659,22,2123,don,don,False,brain dysfunction (forget),-0.0012321601236740557,0.0012321601236740557,0.3152136206626892,0.09943170100450516,0.38,0,0,953,FP32-token-IDs
BERT,k3mu97,659,22,2123,don,don,False,emptiness,0.00798804343928798,0.00798804343928798,0.25199806690216064,0.6372386813163757,0.38,0,1,953,FP32-token-IDs
BERT,k3mu97,659,22,2123,don,don,False,hopelessness,0.004761166992382361,0.004761166992382361,0.5713253021240234,0.9911624193191528,0.38,1,1,953,FP32-token-IDs
BERT,k3mu97,659,22,2123,don,don,False,loneliness,0.00605125217519414,0.00605125217519414,0.4571398198604584,0.7032500505447388,0.38,0,1,953,FP32-token-IDs
BERT,k3mu97,659,22,2123,don,don,False,sadness,0.003133383640446342,0.003133383640446342,0.41641947627067566,0.9947109222412109,0.38,1,1,953,FP32-token-IDs
BERT,k3mu97,659,22,2123,don,don,False,suicide intent,-0.0061817491640865155,0.0061817491640865155,0.24135345220565796,0.24965988099575043,0.38,0,0,953,FP32-token-IDs
BERT,k3mu97,659,22,2123,don,don,False,worthlessness,-0.0013494476568526946,0.0013494476568526946,0.4964175224304199,0.8263647556304932,0.38,1,1,953,FP32-token-IDs
BERT,k3mu97,659,23,1521,’,’,False,anger,-0.0006541260842753288,0.0006541260842753288,0.3507611155509949,0.31551653146743774,0.38,0,0,953,FP32-token-IDs
BERT,k3mu97,659,23,1521,’,’,False,brain dysfunction (forget),-0.0011878892859945502,0.0011878892859945502,0.3152136206626892,0.09943170100450516,0.38,0,0,953,FP32-token-IDs
BERT,k3mu97,659,23,1521,’,’,False,emptiness,0.0017836974539722388,0.0017836974539722388,0.25199806690216064,0.6372386813163757,0.38,0,1,953,FP32-token-IDs
BERT,k3mu97,659,23,1521,’,’,False,hopelessness,0.00043759353530521575,0.00043759353530521575,0.5713253021240234,0.9911624193191528,0.38,1,1,953,FP32-token-IDs
BERT,k3mu97,659,23,1521,’,’,False,loneliness,0.0033215098530770494,0.0033215098530770494,0.4571398198604584,0.7032500505447388,0.38,0,1,953,FP32-token-IDs
BERT,k3mu97,659,23,1521,’,’,False,sadness,0.0009664170121630797,0.0009664170121630797,0.41641947627067566,0.9947109222412109,0.38,1,1,953,FP32-token-IDs
BERT,k3mu97,659,23,1521,’,’,False,suicide intent,-0.003826150914672046,0.003826150914672046,0.24135345220565796,0.24965988099575043,0.38,0,0,953,FP32-token-IDs
BERT,k3mu97,659,23,1521,’,’,False,worthlessness,-0.0016476710219509327,0.0016476710219509327,0.4964175224304199,0.8263647556304932,0.38,1,1,953,FP32-token-IDs
BERT,k3mu97,659,24,1056,t,t,False,anger,-0.0006541260842753288,0.0006541260842753288,0.3507611155509949,0.31551653146743774,0.38,0,0,953,FP32-token-IDs
BERT,k3mu97,659,24,1056,t,t,False,brain dysfunction (forget),-0.0011878892859945502,0.0011878892859945502,0.3152136206626892,0.09943170100450516,0.38,0,0,953,FP32-token-IDs
BERT,k3mu97,659,24,1056,t,t,False,emptiness,0.0017836974539722388,0.0017836974539722388,0.25199806690216064,0.6372386813163757,0.38,0,1,953,FP32-token-IDs
BERT,k3mu97,659,24,1056,t,t,False,hopelessness,0.00043759353530521575,0.00043759353530521575,0.5713253021240234,0.9911624193191528,0.38,1,1,953,FP32-token-IDs
BERT,k3mu97,659,24,1056,t,t,False,loneliness,0.0033215098530770494,0.0033215098530770494,0.4571398198604584,0.7032500505447388,0.38,0,1,953,FP32-token-IDs
BERT,k3mu97,659,24,1056,t,t,False,sadness,0.0009664170121630797,0.0009664170121630797,0.41641947627067566,0.9947109222412109,0.38,1,1,953,FP32-token-IDs
BERT,k3mu97,659,24,1056,t,t,False,suicide intent,-0.003826150914672046,0.003826150914672046,0.24135345220565796,0.24965988099575043,0.38,0,0,953,FP32-token-IDs
BERT,k3mu97,659,24,1056,t,t,False,worthlessness,-0.0016476710219509327,0.0016476710219509327,0.4964175224304199,0.8263647556304932,0.38,1,1,953,FP32-token-IDs
BERT,k3mu97,659,25,2215,want,want,False,anger,-0.0006541260842753288,0.0006541260842753288,0.3507611155509949,0.31551653146743774,0.38,0,0,953,FP32-token-IDs
BERT,k3mu97,659,25,2215,want,want,False,brain dysfunction (forget),-0.0011878892859945502,0.0011878892859945502,0.3152136206626892,0.09943170100450516,0.38,0,0,953,FP32-token-IDs
BERT,k3mu97,659,25,2215,want,want,False,emptiness,0.0017836974539722388,0.0017836974539722388,0.25199806690216064,0.6372386813163757,0.38,0,1,953,FP32-token-IDs
BERT,k3mu97,659,25,2215,want,want,False,hopelessness,0.00043759353530521575,0.00043759353530521575,0.5713253021240234,0.9911624193191528,0.38,1,1,953,FP32-token-IDs
BERT,k3mu97,659,25,2215,want,want,False,loneliness,0.0033215098530770494,0.0033215098530770494,0.4571398198604584,0.7032500505447388,0.38,0,1,953,FP32-token-IDs
BERT,k3mu97,659,25,2215,want,want,False,sadness,0.0009664170121630797,0.0009664170121630797,0.41641947627067566,0.9947109222412109,0.38,1,1,953,FP32-token-IDs
BERT,k3mu97,659,25,2215,want,want,False,suicide intent,-0.003826150914672046,0.003826150914672046,0.24135345220565796,0.24965988099575043,0.38,0,0,953,FP32-token-IDs
BERT,k3mu97,659,25,2215,want,want,False,worthlessness,-0.0016476710219509327,0.0016476710219509327,0.4964175224304199,0.8263647556304932,0.38,1,1,953,FP32-token-IDs
BERT,k3mu97,659,26,2000,to,to,False,anger,-0.0006541260842753288,0.0006541260842753288,0.3507611155509949,0.31551653146743774,0.38,0,0,953,FP32-token-IDs
BERT,k3mu97,659,26,2000,to,to,False,brain dysfunction (forget),-0.0011878892859945502,0.0011878892859945502,0.3152136206626892,0.09943170100450516,0.38,0,0,953,FP32-token-IDs
BERT,k3mu97,659,26,2000,to,to,False,emptiness,0.0017836974539722388,0.0017836974539722388,0.25199806690216064,0.6372386813163757,0.38,0,1,953,FP32-token-IDs
BERT,k3mu97,659,26,2000,to,to,False,hopelessness,0.00043759353530521575,0.00043759353530521575,0.5713253021240234,0.9911624193191528,0.38,1,1,953,FP32-token-IDs
BERT,k3mu97,659,26,2000,to,to,False,loneliness,0.0033215098530770494,0.0033215098530770494,0.4571398198604584,0.7032500505447388,0.38,0,1,953,FP32-token-IDs
BERT,k3mu97,659,26,2000,to,to,False,sadness,0.0009664170121630797,0.0009664170121630797,0.41641947627067566,0.9947109222412109,0.38,1,1,953,FP32-token-IDs
BERT,k3mu97,659,26,2000,to,to,False,suicide intent,-0.003826150914672046,0.003826150914672046,0.24135345220565796,0.24965988099575043,0.38,0,0,953,FP32-token-IDs
BERT,k3mu97,659,26,2000,to,to,False,worthlessness,-0.0016476710219509327,0.0016476710219509327,0.4964175224304199,0.8263647556304932,0.38,1,1,953,FP32-token-IDs
BERT,k3mu97,659,27,2831,talk,talk,False,anger,-0.001556837672699028,0.001556837672699028,0.3507611155509949,0.31551653146743774,0.38,0,0,953,FP32-token-IDs
BERT,k3mu97,659,27,2831,talk,talk,False,brain dysfunction (forget),-0.0014845686696039941,0.0014845686696039941,0.3152136206626892,0.09943170100450516,0.38,0,0,953,FP32-token-IDs
BERT,k3mu97,659,27,2831,talk,talk,False,emptiness,0.0017624641141782587,0.0017624641141782587,0.25199806690216064,0.6372386813163757,0.38,0,1,953,FP32-token-IDs
BERT,k3mu97,659,27,2831,talk,talk,False,hopelessness,-0.0013099566746789676,0.0013099566746789676,0.5713253021240234,0.9911624193191528,0.38,1,1,953,FP32-token-IDs
BERT,k3mu97,659,27,2831,talk,talk,False,loneliness,0.004008605189693089,0.004008605189693089,0.4571398198604584,0.7032500505447388,0.38,0,1,953,FP32-token-IDs
BERT,k3mu97,659,27,2831,talk,talk,False,sadness,8.779961185959668e-05,8.779961185959668e-05,0.41641947627067566,0.9947109222412109,0.38,1,1,953,FP32-token-IDs
BERT,k3mu97,659,27,2831,talk,talk,False,suicide intent,-0.004001478573907382,0.004001478573907382,0.24135345220565796,0.24965988099575043,0.38,0,0,953,FP32-token-IDs
BERT,k3mu97,659,27,2831,talk,talk,False,worthlessness,-0.003056243214254769,0.003056243214254769,0.4964175224304199,0.8263647556304932,0.38,1,1,953,FP32-token-IDs
BERT,k3mu97,659,28,2055,about,about,False,anger,-0.001556837672699028,0.001556837672699028,0.3507611155509949,0.31551653146743774,0.38,0,0,953,FP32-token-IDs
BERT,k3mu97,659,28,2055,about,about,False,brain dysfunction (forget),-0.0014845686696039941,0.0014845686696039941,0.3152136206626892,0.09943170100450516,0.38,0,0,953,FP32-token-IDs
BERT,k3mu97,659,28,2055,about,about,False,emptiness,0.0017624641141782587,0.0017624641141782587,0.25199806690216064,0.6372386813163757,0.38,0,1,953,FP32-token-IDs
BERT,k3mu97,659,28,2055,about,about,False,hopelessness,-0.0013099566746789676,0.0013099566746789676,0.5713253021240234,0.9911624193191528,0.38,1,1,953,FP32-token-IDs
BERT,k3mu97,659,28,2055,about,about,False,loneliness,0.004008605189693089,0.004008605189693089,0.4571398198604584,0.7032500505447388,0.38,0,1,953,FP32-token-IDs
BERT,k3mu97,659,28,2055,about,about,False,sadness,8.779961185959668e-05,8.779961185959668e-05,0.41641947627067566,0.9947109222412109,0.38,1,1,953,FP32-token-IDs
BERT,k3mu97,659,28,2055,about,about,False,suicide intent,-0.004001478573907382,0.004001478573907382,0.24135345220565796,0.24965988099575043,0.38,0,0,953,FP32-token-IDs
BERT,k3mu97,659,28,2055,about,about,False,worthlessness,-0.003056243214254769,0.003056243214254769,0.4964175224304199,0.8263647556304932,0.38,1,1,953,FP32-token-IDs
BERT,k3mu97,659,29,2009,it,it,False,anger,-0.001556837672699028,0.001556837672699028,0.3507611155509949,0.31551653146743774,0.38,0,0,953,FP32-token-IDs
BERT,k3mu97,659,29,2009,it,it,False,brain dysfunction (forget),-0.0014845686696039941,0.0014845686696039941,0.3152136206626892,0.09943170100450516,0.38,0,0,953,FP32-token-IDs
BERT,k3mu97,659,29,2009,it,it,False,emptiness,0.0017624641141782587,0.0017624641141782587,0.25199806690216064,0.6372386813163757,0.38,0,1,953,FP32-token-IDs
BERT,k3mu97,659,29,2009,it,it,False,hopelessness,-0.0013099566746789676,0.0013099566746789676,0.5713253021240234,0.9911624193191528,0.38,1,1,953,FP32-token-IDs
BERT,k3mu97,659,29,2009,it,it,False,loneliness,0.004008605189693089,0.004008605189693089,0.4571398198604584,0.7032500505447388,0.38,0,1,953,FP32-token-IDs
BERT,k3mu97,659,29,2009,it,it,False,sadness,8.779961185959668e-05,8.779961185959668e-05,0.41641947627067566,0.9947109222412109,0.38,1,1,953,FP32-token-IDs
BERT,k3mu97,659,29,2009,it,it,False,suicide intent,-0.004001478573907382,0.004001478573907382,0.24135345220565796,0.24965988099575043,0.38,0,0,953,FP32-token-IDs
BERT,k3mu97,659,29,2009,it,it,False,worthlessness,-0.003056243214254769,0.003056243214254769,0.4964175224304199,0.8263647556304932,0.38,1,1,953,FP32-token-IDs
BERT,k3mu97,659,30,1012,.,.,False,anger,-0.001556837672699028,0.001556837672699028,0.3507611155509949,0.31551653146743774,0.38,0,0,953,FP32-token-IDs
BERT,k3mu97,659,30,1012,.,.,False,brain dysfunction (forget),-0.0014845686696039941,0.0014845686696039941,0.3152136206626892,0.09943170100450516,0.38,0,0,953,FP32-token-IDs
BERT,k3mu97,659,30,1012,.,.,False,emptiness,0.0017624641141782587,0.0017624641141782587,0.25199806690216064,0.6372386813163757,0.38,0,1,953,FP32-token-IDs
BERT,k3mu97,659,30,1012,.,.,False,hopelessness,-0.0013099566746789676,0.0013099566746789676,0.5713253021240234,0.9911624193191528,0.38,1,1,953,FP32-token-IDs
BERT,k3mu97,659,30,1012,.,.,False,loneliness,0.004008605189693089,0.004008605189693089,0.4571398198604584,0.7032500505447388,0.38,0,1,953,FP32-token-IDs
BERT,k3mu97,659,30,1012,.,.,False,sadness,8.779961185959668e-05,8.779961185959668e-05,0.41641947627067566,0.9947109222412109,0.38,1,1,953,FP32-token-IDs
BERT,k3mu97,659,30,1012,.,.,False,suicide intent,-0.004001478573907382,0.004001478573907382,0.24135345220565796,0.24965988099575043,0.38,0,0,953,FP32-token-IDs
BERT,k3mu97,659,30,1012,.,.,False,worthlessness,-0.003056243214254769,0.003056243214254769,0.4964175224304199,0.8263647556304932,0.38,1,1,953,FP32-token-IDs
BERT,k3mu97,659,31,1001,#,#,False,anger,-0.004196692021371116,0.004196692021371116,0.3507611155509949,0.31551653146743774,0.38,0,0,953,FP32-token-IDs
BERT,k3mu97,659,31,1001,#,#,False,brain dysfunction (forget),-0.005223053506387469,0.005223053506387469,0.3152136206626892,0.09943170100450516,0.38,0,0,953,FP32-token-IDs
BERT,k3mu97,659,31,1001,#,#,False,emptiness,-0.004999145145120565,0.004999145145120565,0.25199806690216064,0.6372386813163757,0.38,0,1,953,FP32-token-IDs
BERT,k3mu97,659,31,1001,#,#,False,hopelessness,-0.00167112880332682,0.00167112880332682,0.5713253021240234,0.9911624193191528,0.38,1,1,953,FP32-token-IDs
BERT,k3mu97,659,31,1001,#,#,False,loneliness,-0.002186634868849069,0.002186634868849069,0.4571398198604584,0.7032500505447388,0.38,0,1,953,FP32-token-IDs
BERT,k3mu97,659,31,1001,#,#,False,sadness,0.0012599825276993215,0.0012599825276993215,0.41641947627067566,0.9947109222412109,0.38,1,1,953,FP32-token-IDs
BERT,k3mu97,659,31,1001,#,#,False,suicide intent,-0.0034567312241751305,0.0034567312241751305,0.24135345220565796,0.24965988099575043,0.38,0,0,953,FP32-token-IDs
BERT,k3mu97,659,31,1001,#,#,False,worthlessness,-0.007193450154982901,0.007193450154982901,0.4964175224304199,0.8263647556304932,0.38,1,1,953,FP32-token-IDs
BERT,k3mu97,659,32,1001,#,#,False,anger,-0.004196692021371116,0.004196692021371116,0.3507611155509949,0.31551653146743774,0.38,0,0,953,FP32-token-IDs
BERT,k3mu97,659,32,1001,#,#,False,brain dysfunction (forget),-0.005223053506387469,0.005223053506387469,0.3152136206626892,0.09943170100450516,0.38,0,0,953,FP32-token-IDs
BERT,k3mu97,659,32,1001,#,#,False,emptiness,-0.004999145145120565,0.004999145145120565,0.25199806690216064,0.6372386813163757,0.38,0,1,953,FP32-token-IDs
BERT,k3mu97,659,32,1001,#,#,False,hopelessness,-0.00167112880332682,0.00167112880332682,0.5713253021240234,0.9911624193191528,0.38,1,1,953,FP32-token-IDs
BERT,k3mu97,659,32,1001,#,#,False,loneliness,-0.002186634868849069,0.002186634868849069,0.4571398198604584,0.7032500505447388,0.38,0,1,953,FP32-token-IDs
BERT,k3mu97,659,32,1001,#,#,False,sadness,0.0012599825276993215,0.0012599825276993215,0.41641947627067566,0.9947109222412109,0.38,1,1,953,FP32-token-IDs
BERT,k3mu97,659,32,1001,#,#,False,suicide intent,-0.0034567312241751305,0.0034567312241751305,0.24135345220565796,0.24965988099575043,0.38,0,0,953,FP32-token-IDs
BERT,k3mu97,659,32,1001,#,#,False,worthlessness,-0.007193450154982901,0.007193450154982901,0.4964175224304199,0.8263647556304932,0.38,1,1,953,FP32-token-IDs
BERT,k3mu97,659,33,1001,#,#,False,anger,-0.004196692021371116,0.004196692021371116,0.3507611155509949,0.31551653146743774,0.38,0,0,953,FP32-token-IDs
BERT,k3mu97,659,33,1001,#,#,False,brain dysfunction (forget),-0.005223053506387469,0.005223053506387469,0.3152136206626892,0.09943170100450516,0.38,0,0,953,FP32-token-IDs
BERT,k3mu97,659,33,1001,#,#,False,emptiness,-0.004999145145120565,0.004999145145120565,0.25199806690216064,0.6372386813163757,0.38,0,1,953,FP32-token-IDs
BERT,k3mu97,659,33,1001,#,#,False,hopelessness,-0.00167112880332682,0.00167112880332682,0.5713253021240234,0.9911624193191528,0.38,1,1,953,FP32-token-IDs
BERT,k3mu97,659,33,1001,#,#,False,loneliness,-0.002186634868849069,0.002186634868849069,0.4571398198604584,0.7032500505447388,0.38,0,1,953,FP32-token-IDs
BERT,k3mu97,659,33,1001,#,#,False,sadness,0.0012599825276993215,0.0012599825276993215,0.41641947627067566,0.9947109222412109,0.38,1,1,953,FP32-token-IDs
BERT,k3mu97,659,33,1001,#,#,False,suicide intent,-0.0034567312241751305,0.0034567312241751305,0.24135345220565796,0.24965988099575043,0.38,0,0,953,FP32-token-IDs
BERT,k3mu97,659,33,1001,#,#,False,worthlessness,-0.007193450154982901,0.007193450154982901,0.4964175224304199,0.8263647556304932,0.38,1,1,953,FP32-token-IDs
BERT,k3mu97,659,34,1045,i,i,False,anger,-0.004196692021371116,0.004196692021371116,0.3507611155509949,0.31551653146743774,0.38,0,0,953,FP32-token-IDs
BERT,k3mu97,659,34,1045,i,i,False,brain dysfunction (forget),-0.005223053506387469,0.005223053506387469,0.3152136206626892,0.09943170100450516,0.38,0,0,953,FP32-token-IDs
BERT,k3mu97,659,34,1045,i,i,False,emptiness,-0.004999145145120565,0.004999145145120565,0.25199806690216064,0.6372386813163757,0.38,0,1,953,FP32-token-IDs
BERT,k3mu97,659,34,1045,i,i,False,hopelessness,-0.00167112880332682,0.00167112880332682,0.5713253021240234,0.9911624193191528,0.38,1,1,953,FP32-token-IDs
BERT,k3mu97,659,34,1045,i,i,False,loneliness,-0.002186634868849069,0.002186634868849069,0.4571398198604584,0.7032500505447388,0.38,0,1,953,FP32-token-IDs
BERT,k3mu97,659,34,1045,i,i,False,sadness,0.0012599825276993215,0.0012599825276993215,0.41641947627067566,0.9947109222412109,0.38,1,1,953,FP32-token-IDs
BERT,k3mu97,659,34,1045,i,i,False,suicide intent,-0.0034567312241751305,0.0034567312241751305,0.24135345220565796,0.24965988099575043,0.38,0,0,953,FP32-token-IDs
BERT,k3mu97,659,34,1045,i,i,False,worthlessness,-0.007193450154982901,0.007193450154982901,0.4964175224304199,0.8263647556304932,0.38,1,1,953,FP32-token-IDs
BERT,k3mu97,659,35,2031,have,have,False,anger,-0.004196692021371116,0.004196692021371116,0.3507611155509949,0.31551653146743774,0.38,0,0,953,FP32-token-IDs
BERT,k3mu97,659,35,2031,have,have,False,brain dysfunction (forget),-0.005223053506387469,0.005223053506387469,0.3152136206626892,0.09943170100450516,0.38,0,0,953,FP32-token-IDs
BERT,k3mu97,659,35,2031,have,have,False,emptiness,-0.004999145145120565,0.004999145145120565,0.25199806690216064,0.6372386813163757,0.38,0,1,953,FP32-token-IDs
BERT,k3mu97,659,35,2031,have,have,False,hopelessness,-0.00167112880332682,0.00167112880332682,0.5713253021240234,0.9911624193191528,0.38,1,1,953,FP32-token-IDs
BERT,k3mu97,659,35,2031,have,have,False,loneliness,-0.002186634868849069,0.002186634868849069,0.4571398198604584,0.7032500505447388,0.38,0,1,953,FP32-token-IDs
BERT,k3mu97,659,35,2031,have,have,False,sadness,0.0012599825276993215,0.0012599825276993215,0.41641947627067566,0.9947109222412109,0.38,1,1,953,FP32-token-IDs
BERT,k3mu97,659,35,2031,have,have,False,suicide intent,-0.0034567312241751305,0.0034567312241751305,0.24135345220565796,0.24965988099575043,0.38,0,0,953,FP32-token-IDs
BERT,k3mu97,659,35,2031,have,have,False,worthlessness,-0.007193450154982901,0.007193450154982901,0.4964175224304199,0.8263647556304932,0.38,1,1,953,FP32-token-IDs
BERT,k3mu97,659,36,2664,yet,yet,False,anger,-0.004196692021371116,0.004196692021371116,0.3507611155509949,0.31551653146743774,0.38,0,0,953,FP32-token-IDs
BERT,k3mu97,659,36,2664,yet,yet,False,brain dysfunction (forget),-0.005223053506387469,0.005223053506387469,0.3152136206626892,0.09943170100450516,0.38,0,0,953,FP32-token-IDs
BERT,k3mu97,659,36,2664,yet,yet,False,emptiness,-0.004999145145120565,0.004999145145120565,0.25199806690216064,0.6372386813163757,0.38,0,1,953,FP32-token-IDs
BERT,k3mu97,659,36,2664,yet,yet,False,hopelessness,-0.00167112880332682,0.00167112880332682,0.5713253021240234,0.9911624193191528,0.38,1,1,953,FP32-token-IDs
BERT,k3mu97,659,36,2664,yet,yet,False,loneliness,-0.002186634868849069,0.002186634868849069,0.4571398198604584,0.7032500505447388,0.38,0,1,953,FP32-token-IDs
BERT,k3mu97,659,36,2664,yet,yet,False,sadness,0.0012599825276993215,0.0012599825276993215,0.41641947627067566,0.9947109222412109,0.38,1,1,953,FP32-token-IDs
BERT,k3mu97,659,36,2664,yet,yet,False,suicide intent,-0.0034567312241751305,0.0034567312241751305,0.24135345220565796,0.24965988099575043,0.38,0,0,953,FP32-token-IDs
BERT,k3mu97,659,36,2664,yet,yet,False,worthlessness,-0.007193450154982901,0.007193450154982901,0.4964175224304199,0.8263647556304932,0.38,1,1,953,FP32-token-IDs
BERT,k3mu97,659,37,2000,to,to,False,anger,-0.004196692021371116,0.004196692021371116,0.3507611155509949,0.31551653146743774,0.38,0,0,953,FP32-token-IDs
BERT,k3mu97,659,37,2000,to,to,False,brain dysfunction (forget),-0.005223053506387469,0.005223053506387469,0.3152136206626892,0.09943170100450516,0.38,0,0,953,FP32-token-IDs
BERT,k3mu97,659,37,2000,to,to,False,emptiness,-0.004999145145120565,0.004999145145120565,0.25199806690216064,0.6372386813163757,0.38,0,1,953,FP32-token-IDs
BERT,k3mu97,659,37,2000,to,to,False,hopelessness,-0.00167112880332682,0.00167112880332682,0.5713253021240234,0.9911624193191528,0.38,1,1,953,FP32-token-IDs
BERT,k3mu97,659,37,2000,to,to,False,loneliness,-0.002186634868849069,0.002186634868849069,0.4571398198604584,0.7032500505447388,0.38,0,1,953,FP32-token-IDs
BERT,k3mu97,659,37,2000,to,to,False,sadness,0.0012599825276993215,0.0012599825276993215,0.41641947627067566,0.9947109222412109,0.38,1,1,953,FP32-token-IDs
BERT,k3mu97,659,37,2000,to,to,False,suicide intent,-0.0034567312241751305,0.0034567312241751305,0.24135345220565796,0.24965988099575043,0.38,0,0,953,FP32-token-IDs
BERT,k3mu97,659,37,2000,to,to,False,worthlessness,-0.007193450154982901,0.007193450154982901,0.4964175224304199,0.8263647556304932,0.38,1,1,953,FP32-token-IDs
BERT,k3mu97,659,38,2022,be,be,False,anger,-0.004196692021371116,0.004196692021371116,0.3507611155509949,0.31551653146743774,0.38,0,0,953,FP32-token-IDs
BERT,k3mu97,659,38,2022,be,be,False,brain dysfunction (forget),-0.005223053506387469,0.005223053506387469,0.3152136206626892,0.09943170100450516,0.38,0,0,953,FP32-token-IDs
BERT,k3mu97,659,38,2022,be,be,False,emptiness,-0.004999145145120565,0.004999145145120565,0.25199806690216064,0.6372386813163757,0.38,0,1,953,FP32-token-IDs
BERT,k3mu97,659,38,2022,be,be,False,hopelessness,-0.00167112880332682,0.00167112880332682,0.5713253021240234,0.9911624193191528,0.38,1,1,953,FP32-token-IDs
BERT,k3mu97,659,38,2022,be,be,False,loneliness,-0.002186634868849069,0.002186634868849069,0.4571398198604584,0.7032500505447388,0.38,0,1,953,FP32-token-IDs
BERT,k3mu97,659,38,2022,be,be,False,sadness,0.0012599825276993215,0.0012599825276993215,0.41641947627067566,0.9947109222412109,0.38,1,1,953,FP32-token-IDs
BERT,k3mu97,659,38,2022,be,be,False,suicide intent,-0.0034567312241751305,0.0034567312241751305,0.24135345220565796,0.24965988099575043,0.38,0,0,953,FP32-token-IDs
BERT,k3mu97,659,38,2022,be,be,False,worthlessness,-0.007193450154982901,0.007193450154982901,0.4964175224304199,0.8263647556304932,0.38,1,1,953,FP32-token-IDs
BERT,k3mu97,659,39,11441,diagnosed,diagnosed,False,anger,-0.0047956018000079965,0.0047956018000079965,0.3507611155509949,0.31551653146743774,0.38,0,0,953,FP32-token-IDs
BERT,k3mu97,659,39,11441,diagnosed,diagnosed,False,brain dysfunction (forget),-0.006097380853652095,0.006097380853652095,0.3152136206626892,0.09943170100450516,0.38,0,0,953,FP32-token-IDs
BERT,k3mu97,659,39,11441,diagnosed,diagnosed,False,emptiness,-0.03272006774204783,0.03272006774204783,0.25199806690216064,0.6372386813163757,0.38,0,1,953,FP32-token-IDs
BERT,k3mu97,659,39,11441,diagnosed,diagnosed,False,hopelessness,-0.008669347876611238,0.008669347876611238,0.5713253021240234,0.9911624193191528,0.38,1,1,953,FP32-token-IDs
BERT,k3mu97,659,39,11441,diagnosed,diagnosed,False,loneliness,-0.029070313554257154,0.029070313554257154,0.4571398198604584,0.7032500505447388,0.38,0,1,953,FP32-token-IDs
BERT,k3mu97,659,39,11441,diagnosed,diagnosed,False,sadness,0.000304483319632709,0.000304483319632709,0.41641947627067566,0.9947109222412109,0.38,1,1,953,FP32-token-IDs
BERT,k3mu97,659,39,11441,diagnosed,diagnosed,False,suicide intent,-0.008510077166899393,0.008510077166899393,0.24135345220565796,0.24965988099575043,0.38,0,0,953,FP32-token-IDs
BERT,k3mu97,659,39,11441,diagnosed,diagnosed,False,worthlessness,-0.010487597832644286,0.010487597832644286,0.4964175224304199,0.8263647556304932,0.38,1,1,953,FP32-token-IDs
BERT,k3mu97,659,40,2007,with,with,False,anger,-0.0047956018000079965,0.0047956018000079965,0.3507611155509949,0.31551653146743774,0.38,0,0,953,FP32-token-IDs
BERT,k3mu97,659,40,2007,with,with,False,brain dysfunction (forget),-0.006097380853652095,0.006097380853652095,0.3152136206626892,0.09943170100450516,0.38,0,0,953,FP32-token-IDs
BERT,k3mu97,659,40,2007,with,with,False,emptiness,-0.03272006774204783,0.03272006774204783,0.25199806690216064,0.6372386813163757,0.38,0,1,953,FP32-token-IDs
BERT,k3mu97,659,40,2007,with,with,False,hopelessness,-0.008669347876611238,0.008669347876611238,0.5713253021240234,0.9911624193191528,0.38,1,1,953,FP32-token-IDs
BERT,k3mu97,659,40,2007,with,with,False,loneliness,-0.029070313554257154,0.029070313554257154,0.4571398198604584,0.7032500505447388,0.38,0,1,953,FP32-token-IDs
BERT,k3mu97,659,40,2007,with,with,False,sadness,0.000304483319632709,0.000304483319632709,0.41641947627067566,0.9947109222412109,0.38,1,1,953,FP32-token-IDs
BERT,k3mu97,659,40,2007,with,with,False,suicide intent,-0.008510077166899393,0.008510077166899393,0.24135345220565796,0.24965988099575043,0.38,0,0,953,FP32-token-IDs
BERT,k3mu97,659,40,2007,with,with,False,worthlessness,-0.010487597832644286,0.010487597832644286,0.4964175224304199,0.8263647556304932,0.38,1,1,953,FP32-token-IDs
BERT,k3mu97,659,41,19637,pts,pts,False,anger,-0.0047956018000079965,0.0047956018000079965,0.3507611155509949,0.31551653146743774,0.38,0,0,953,FP32-token-IDs
BERT,k3mu97,659,41,19637,pts,pts,False,brain dysfunction (forget),-0.006097380853652095,0.006097380853652095,0.3152136206626892,0.09943170100450516,0.38,0,0,953,FP32-token-IDs
BERT,k3mu97,659,41,19637,pts,pts,False,emptiness,-0.03272006774204783,0.03272006774204783,0.25199806690216064,0.6372386813163757,0.38,0,1,953,FP32-token-IDs
BERT,k3mu97,659,41,19637,pts,pts,False,hopelessness,-0.008669347876611238,0.008669347876611238,0.5713253021240234,0.9911624193191528,0.38,1,1,953,FP32-token-IDs
BERT,k3mu97,659,41,19637,pts,pts,False,loneliness,-0.029070313554257154,0.029070313554257154,0.4571398198604584,0.7032500505447388,0.38,0,1,953,FP32-token-IDs
BERT,k3mu97,659,41,19637,pts,pts,False,sadness,0.000304483319632709,0.000304483319632709,0.41641947627067566,0.9947109222412109,0.38,1,1,953,FP32-token-IDs
BERT,k3mu97,659,41,19637,pts,pts,False,suicide intent,-0.008510077166899393,0.008510077166899393,0.24135345220565796,0.24965988099575043,0.38,0,0,953,FP32-token-IDs
BERT,k3mu97,659,41,19637,pts,pts,False,worthlessness,-0.010487597832644286,0.010487597832644286,0.4964175224304199,0.8263647556304932,0.38,1,1,953,FP32-token-IDs
BERT,k3mu97,659,42,2094,##d,d,False,anger,-0.0047956018000079965,0.0047956018000079965,0.3507611155509949,0.31551653146743774,0.38,0,0,953,FP32-token-IDs
BERT,k3mu97,659,42,2094,##d,d,False,brain dysfunction (forget),-0.006097380853652095,0.006097380853652095,0.3152136206626892,0.09943170100450516,0.38,0,0,953,FP32-token-IDs
BERT,k3mu97,659,42,2094,##d,d,False,emptiness,-0.03272006774204783,0.03272006774204783,0.25199806690216064,0.6372386813163757,0.38,0,1,953,FP32-token-IDs
BERT,k3mu97,659,42,2094,##d,d,False,hopelessness,-0.008669347876611238,0.008669347876611238,0.5713253021240234,0.9911624193191528,0.38,1,1,953,FP32-token-IDs
BERT,k3mu97,659,42,2094,##d,d,False,loneliness,-0.029070313554257154,0.029070313554257154,0.4571398198604584,0.7032500505447388,0.38,0,1,953,FP32-token-IDs
BERT,k3mu97,659,42,2094,##d,d,False,sadness,0.000304483319632709,0.000304483319632709,0.41641947627067566,0.9947109222412109,0.38,1,1,953,FP32-token-IDs
BERT,k3mu97,659,42,2094,##d,d,False,suicide intent,-0.008510077166899393,0.008510077166899393,0.24135345220565796,0.24965988099575043,0.38,0,0,953,FP32-token-IDs
BERT,k3mu97,659,42,2094,##d,d,False,worthlessness,-0.010487597832644286,0.010487597832644286,0.4964175224304199,0.8263647556304932,0.38,1,1,953,FP32-token-IDs
BERT,k3mu97,659,43,1010,",",",",False,anger,-0.004603247403149278,0.004603247403149278,0.3507611155509949,0.31551653146743774,0.38,0,0,953,FP32-token-IDs
BERT,k3mu97,659,43,1010,",",",",False,brain dysfunction (forget),-0.006072114479656403,0.006072114479656403,0.3152136206626892,0.09943170100450516,0.38,0,0,953,FP32-token-IDs
BERT,k3mu97,659,43,1010,",",",",False,emptiness,-0.023111283488105983,0.023111283488105983,0.25199806690216064,0.6372386813163757,0.38,0,1,953,FP32-token-IDs
BERT,k3mu97,659,43,1010,",",",",False,hopelessness,-0.005753912289555256,0.005753912289555256,0.5713253021240234,0.9911624193191528,0.38,1,1,953,FP32-token-IDs
BERT,k3mu97,659,43,1010,",",",",False,loneliness,-0.01947626704350114,0.01947626704350114,0.4571398198604584,0.7032500505447388,0.38,0,1,953,FP32-token-IDs
BERT,k3mu97,659,43,1010,",",",",False,sadness,0.001223507896065712,0.001223507896065712,0.41641947627067566,0.9947109222412109,0.38,1,1,953,FP32-token-IDs
BERT,k3mu97,659,43,1010,",",",",False,suicide intent,-0.007603625488879445,0.007603625488879445,0.24135345220565796,0.24965988099575043,0.38,0,0,953,FP32-token-IDs
BERT,k3mu97,659,43,1010,",",",",False,worthlessness,-0.009128708949384208,0.009128708949384208,0.4964175224304199,0.8263647556304932,0.38,1,1,953,FP32-token-IDs
BERT,k3mu97,659,44,2069,only,only,False,anger,-0.0008576898201551687,0.0008576898201551687,0.3507611155509949,0.31551653146743774,0.38,0,0,953,FP32-token-IDs
BERT,k3mu97,659,44,2069,only,only,False,brain dysfunction (forget),-0.0005177051695812095,0.0005177051695812095,0.3152136206626892,0.09943170100450516,0.38,0,0,953,FP32-token-IDs
BERT,k3mu97,659,44,2069,only,only,False,emptiness,0.003282462320515021,0.003282462320515021,0.25199806690216064,0.6372386813163757,0.38,0,1,953,FP32-token-IDs
BERT,k3mu97,659,44,2069,only,only,False,hopelessness,0.00569846249917256,0.00569846249917256,0.5713253021240234,0.9911624193191528,0.38,1,1,953,FP32-token-IDs
BERT,k3mu97,659,44,2069,only,only,False,loneliness,0.003384466258077217,0.003384466258077217,0.4571398198604584,0.7032500505447388,0.38,0,1,953,FP32-token-IDs
BERT,k3mu97,659,44,2069,only,only,False,sadness,0.003331856136875493,0.003331856136875493,0.41641947627067566,0.9947109222412109,0.38,1,1,953,FP32-token-IDs
BERT,k3mu97,659,44,2069,only,only,False,suicide intent,-0.002175965769960645,0.002175965769960645,0.24135345220565796,0.24965988099575043,0.38,0,0,953,FP32-token-IDs
BERT,k3mu97,659,44,2069,only,only,False,worthlessness,0.0012763529053440184,0.0012763529053440184,0.4964175224304199,0.8263647556304932,0.38,1,1,953,FP32-token-IDs
BERT,k3mu97,659,45,2138,because,because,False,anger,-0.0008576898201551687,0.0008576898201551687,0.3507611155509949,0.31551653146743774,0.38,0,0,953,FP32-token-IDs
BERT,k3mu97,659,45,2138,because,because,False,brain dysfunction (forget),-0.0005177051695812095,0.0005177051695812095,0.3152136206626892,0.09943170100450516,0.38,0,0,953,FP32-token-IDs
BERT,k3mu97,659,45,2138,because,because,False,emptiness,0.003282462320515021,0.003282462320515021,0.25199806690216064,0.6372386813163757,0.38,0,1,953,FP32-token-IDs
BERT,k3mu97,659,45,2138,because,because,False,hopelessness,0.00569846249917256,0.00569846249917256,0.5713253021240234,0.9911624193191528,0.38,1,1,953,FP32-token-IDs
BERT,k3mu97,659,45,2138,because,because,False,loneliness,0.003384466258077217,0.003384466258077217,0.4571398198604584,0.7032500505447388,0.38,0,1,953,FP32-token-IDs
BERT,k3mu97,659,45,2138,because,because,False,sadness,0.003331856136875493,0.003331856136875493,0.41641947627067566,0.9947109222412109,0.38,1,1,953,FP32-token-IDs
BERT,k3mu97,659,45,2138,because,because,False,suicide intent,-0.002175965769960645,0.002175965769960645,0.24135345220565796,0.24965988099575043,0.38,0,0,953,FP32-token-IDs
BERT,k3mu97,659,45,2138,because,because,False,worthlessness,0.0012763529053440184,0.0012763529053440184,0.4964175224304199,0.8263647556304932,0.38,1,1,953,FP32-token-IDs
BERT,k3mu97,659,46,1045,i,i,False,anger,-0.0008576898201551687,0.0008576898201551687,0.3507611155509949,0.31551653146743774,0.38,0,0,953,FP32-token-IDs
BERT,k3mu97,659,46,1045,i,i,False,brain dysfunction (forget),-0.0005177051695812095,0.0005177051695812095,0.3152136206626892,0.09943170100450516,0.38,0,0,953,FP32-token-IDs
BERT,k3mu97,659,46,1045,i,i,False,emptiness,0.003282462320515021,0.003282462320515021,0.25199806690216064,0.6372386813163757,0.38,0,1,953,FP32-token-IDs
BERT,k3mu97,659,46,1045,i,i,False,hopelessness,0.00569846249917256,0.00569846249917256,0.5713253021240234,0.9911624193191528,0.38,1,1,953,FP32-token-IDs
BERT,k3mu97,659,46,1045,i,i,False,loneliness,0.003384466258077217,0.003384466258077217,0.4571398198604584,0.7032500505447388,0.38,0,1,953,FP32-token-IDs
BERT,k3mu97,659,46,1045,i,i,False,sadness,0.003331856136875493,0.003331856136875493,0.41641947627067566,0.9947109222412109,0.38,1,1,953,FP32-token-IDs
BERT,k3mu97,659,46,1045,i,i,False,suicide intent,-0.002175965769960645,0.002175965769960645,0.24135345220565796,0.24965988099575043,0.38,0,0,953,FP32-token-IDs
BERT,k3mu97,659,46,1045,i,i,False,worthlessness,0.0012763529053440184,0.0012763529053440184,0.4964175224304199,0.8263647556304932,0.38,1,1,953,FP32-token-IDs
BERT,k3mu97,659,47,2428,really,really,False,anger,-0.0008576898201551687,0.0008576898201551687,0.3507611155509949,0.31551653146743774,0.38,0,0,953,FP32-token-IDs
BERT,k3mu97,659,47,2428,really,really,False,brain dysfunction (forget),-0.0005177051695812095,0.0005177051695812095,0.3152136206626892,0.09943170100450516,0.38,0,0,953,FP32-token-IDs
BERT,k3mu97,659,47,2428,really,really,False,emptiness,0.003282462320515021,0.003282462320515021,0.25199806690216064,0.6372386813163757,0.38,0,1,953,FP32-token-IDs
BERT,k3mu97,659,47,2428,really,really,False,hopelessness,0.00569846249917256,0.00569846249917256,0.5713253021240234,0.9911624193191528,0.38,1,1,953,FP32-token-IDs
BERT,k3mu97,659,47,2428,really,really,False,loneliness,0.003384466258077217,0.003384466258077217,0.4571398198604584,0.7032500505447388,0.38,0,1,953,FP32-token-IDs
BERT,k3mu97,659,47,2428,really,really,False,sadness,0.003331856136875493,0.003331856136875493,0.41641947627067566,0.9947109222412109,0.38,1,1,953,FP32-token-IDs
BERT,k3mu97,659,47,2428,really,really,False,suicide intent,-0.002175965769960645,0.002175965769960645,0.24135345220565796,0.24965988099575043,0.38,0,0,953,FP32-token-IDs
BERT,k3mu97,659,47,2428,really,really,False,worthlessness,0.0012763529053440184,0.0012763529053440184,0.4964175224304199,0.8263647556304932,0.38,1,1,953,FP32-token-IDs
BERT,k3mu97,659,48,2123,don,don,False,anger,-0.0008576898201551687,0.0008576898201551687,0.3507611155509949,0.31551653146743774,0.38,0,0,953,FP32-token-IDs
BERT,k3mu97,659,48,2123,don,don,False,brain dysfunction (forget),-0.0005177051695812095,0.0005177051695812095,0.3152136206626892,0.09943170100450516,0.38,0,0,953,FP32-token-IDs
BERT,k3mu97,659,48,2123,don,don,False,emptiness,0.003282462320515021,0.003282462320515021,0.25199806690216064,0.6372386813163757,0.38,0,1,953,FP32-token-IDs
BERT,k3mu97,659,48,2123,don,don,False,hopelessness,0.00569846249917256,0.00569846249917256,0.5713253021240234,0.9911624193191528,0.38,1,1,953,FP32-token-IDs
BERT,k3mu97,659,48,2123,don,don,False,loneliness,0.003384466258077217,0.003384466258077217,0.4571398198604584,0.7032500505447388,0.38,0,1,953,FP32-token-IDs
BERT,k3mu97,659,48,2123,don,don,False,sadness,0.003331856136875493,0.003331856136875493,0.41641947627067566,0.9947109222412109,0.38,1,1,953,FP32-token-IDs
BERT,k3mu97,659,48,2123,don,don,False,suicide intent,-0.002175965769960645,0.002175965769960645,0.24135345220565796,0.24965988099575043,0.38,0,0,953,FP32-token-IDs
BERT,k3mu97,659,48,2123,don,don,False,worthlessness,0.0012763529053440184,0.0012763529053440184,0.4964175224304199,0.8263647556304932,0.38,1,1,953,FP32-token-IDs
BERT,k3mu97,659,49,1521,’,’,False,anger,-0.0008576898201551687,0.0008576898201551687,0.3507611155509949,0.31551653146743774,0.38,0,0,953,FP32-token-IDs
BERT,k3mu97,659,49,1521,’,’,False,brain dysfunction (forget),-0.0005177051695812095,0.0005177051695812095,0.3152136206626892,0.09943170100450516,0.38,0,0,953,FP32-token-IDs
BERT,k3mu97,659,49,1521,’,’,False,emptiness,0.003282462320515021,0.003282462320515021,0.25199806690216064,0.6372386813163757,0.38,0,1,953,FP32-token-IDs
BERT,k3mu97,659,49,1521,’,’,False,hopelessness,0.00569846249917256,0.00569846249917256,0.5713253021240234,0.9911624193191528,0.38,1,1,953,FP32-token-IDs
BERT,k3mu97,659,49,1521,’,’,False,loneliness,0.003384466258077217,0.003384466258077217,0.4571398198604584,0.7032500505447388,0.38,0,1,953,FP32-token-IDs
BERT,k3mu97,659,49,1521,’,’,False,sadness,0.003331856136875493,0.003331856136875493,0.41641947627067566,0.9947109222412109,0.38,1,1,953,FP32-token-IDs
BERT,k3mu97,659,49,1521,’,’,False,suicide intent,-0.002175965769960645,0.002175965769960645,0.24135345220565796,0.24965988099575043,0.38,0,0,953,FP32-token-IDs
BERT,k3mu97,659,49,1521,’,’,False,worthlessness,0.0012763529053440184,0.0012763529053440184,0.4964175224304199,0.8263647556304932,0.38,1,1,953,FP32-token-IDs
BERT,k3mu97,659,50,1056,t,t,False,anger,-0.0008576898201551687,0.0008576898201551687,0.3507611155509949,0.31551653146743774,0.38,0,0,953,FP32-token-IDs
BERT,k3mu97,659,50,1056,t,t,False,brain dysfunction (forget),-0.0005177051695812095,0.0005177051695812095,0.3152136206626892,0.09943170100450516,0.38,0,0,953,FP32-token-IDs
BERT,k3mu97,659,50,1056,t,t,False,emptiness,0.003282462320515021,0.003282462320515021,0.25199806690216064,0.6372386813163757,0.38,0,1,953,FP32-token-IDs
BERT,k3mu97,659,50,1056,t,t,False,hopelessness,0.00569846249917256,0.00569846249917256,0.5713253021240234,0.9911624193191528,0.38,1,1,953,FP32-token-IDs
BERT,k3mu97,659,50,1056,t,t,False,loneliness,0.003384466258077217,0.003384466258077217,0.4571398198604584,0.7032500505447388,0.38,0,1,953,FP32-token-IDs
BERT,k3mu97,659,50,1056,t,t,False,sadness,0.003331856136875493,0.003331856136875493,0.41641947627067566,0.9947109222412109,0.38,1,1,953,FP32-token-IDs
BERT,k3mu97,659,50,1056,t,t,False,suicide intent,-0.002175965769960645,0.002175965769960645,0.24135345220565796,0.24965988099575043,0.38,0,0,953,FP32-token-IDs
BERT,k3mu97,659,50,1056,t,t,False,worthlessness,0.0012763529053440184,0.0012763529053440184,0.4964175224304199,0.8263647556304932,0.38,1,1,953,FP32-token-IDs
BERT,k3mu97,659,51,2215,want,want,False,anger,-0.0008576898201551687,0.0008576898201551687,0.3507611155509949,0.31551653146743774,0.38,0,0,953,FP32-token-IDs
BERT,k3mu97,659,51,2215,want,want,False,brain dysfunction (forget),-0.0005177051695812095,0.0005177051695812095,0.3152136206626892,0.09943170100450516,0.38,0,0,953,FP32-token-IDs
BERT,k3mu97,659,51,2215,want,want,False,emptiness,0.003282462320515021,0.003282462320515021,0.25199806690216064,0.6372386813163757,0.38,0,1,953,FP32-token-IDs
BERT,k3mu97,659,51,2215,want,want,False,hopelessness,0.00569846249917256,0.00569846249917256,0.5713253021240234,0.9911624193191528,0.38,1,1,953,FP32-token-IDs
BERT,k3mu97,659,51,2215,want,want,False,loneliness,0.003384466258077217,0.003384466258077217,0.4571398198604584,0.7032500505447388,0.38,0,1,953,FP32-token-IDs
BERT,k3mu97,659,51,2215,want,want,False,sadness,0.003331856136875493,0.003331856136875493,0.41641947627067566,0.9947109222412109,0.38,1,1,953,FP32-token-IDs
BERT,k3mu97,659,51,2215,want,want,False,suicide intent,-0.002175965769960645,0.002175965769960645,0.24135345220565796,0.24965988099575043,0.38,0,0,953,FP32-token-IDs
BERT,k3mu97,659,51,2215,want,want,False,worthlessness,0.0012763529053440184,0.0012763529053440184,0.4964175224304199,0.8263647556304932,0.38,1,1,953,FP32-token-IDs
BERT,k3mu97,659,52,2000,to,to,False,anger,-0.0019394761059499746,0.0019394761059499746,0.3507611155509949,0.31551653146743774,0.38,0,0,953,FP32-token-IDs
BERT,k3mu97,659,52,2000,to,to,False,brain dysfunction (forget),-0.0002336716016067103,0.0002336716016067103,0.3152136206626892,0.09943170100450516,0.38,0,0,953,FP32-token-IDs
BERT,k3mu97,659,52,2000,to,to,False,emptiness,0.0017923979307635732,0.0017923979307635732,0.25199806690216064,0.6372386813163757,0.38,0,1,953,FP32-token-IDs
BERT,k3mu97,659,52,2000,to,to,False,hopelessness,0.0011770155369525863,0.0011770155369525863,0.5713253021240234,0.9911624193191528,0.38,1,1,953,FP32-token-IDs
BERT,k3mu97,659,52,2000,to,to,False,loneliness,0.003177261789373698,0.003177261789373698,0.4571398198604584,0.7032500505447388,0.38,0,1,953,FP32-token-IDs
BERT,k3mu97,659,52,2000,to,to,False,sadness,0.0014522309592437178,0.0014522309592437178,0.41641947627067566,0.9947109222412109,0.38,1,1,953,FP32-token-IDs
BERT,k3mu97,659,52,2000,to,to,False,suicide intent,-0.0019739461401643765,0.0019739461401643765,0.24135345220565796,0.24965988099575043,0.38,0,0,953,FP32-token-IDs
BERT,k3mu97,659,52,2000,to,to,False,worthlessness,-0.00044254820455708315,0.00044254820455708315,0.4964175224304199,0.8263647556304932,0.38,1,1,953,FP32-token-IDs
BERT,k3mu97,659,53,2831,talk,talk,False,anger,-0.0019394761059499746,0.0019394761059499746,0.3507611155509949,0.31551653146743774,0.38,0,0,953,FP32-token-IDs
BERT,k3mu97,659,53,2831,talk,talk,False,brain dysfunction (forget),-0.0002336716016067103,0.0002336716016067103,0.3152136206626892,0.09943170100450516,0.38,0,0,953,FP32-token-IDs
BERT,k3mu97,659,53,2831,talk,talk,False,emptiness,0.0017923979307635732,0.0017923979307635732,0.25199806690216064,0.6372386813163757,0.38,0,1,953,FP32-token-IDs
BERT,k3mu97,659,53,2831,talk,talk,False,hopelessness,0.0011770155369525863,0.0011770155369525863,0.5713253021240234,0.9911624193191528,0.38,1,1,953,FP32-token-IDs
BERT,k3mu97,659,53,2831,talk,talk,False,loneliness,0.003177261789373698,0.003177261789373698,0.4571398198604584,0.7032500505447388,0.38,0,1,953,FP32-token-IDs
BERT,k3mu97,659,53,2831,talk,talk,False,sadness,0.0014522309592437178,0.0014522309592437178,0.41641947627067566,0.9947109222412109,0.38,1,1,953,FP32-token-IDs
BERT,k3mu97,659,53,2831,talk,talk,False,suicide intent,-0.0019739461401643765,0.0019739461401643765,0.24135345220565796,0.24965988099575043,0.38,0,0,953,FP32-token-IDs
BERT,k3mu97,659,53,2831,talk,talk,False,worthlessness,-0.00044254820455708315,0.00044254820455708315,0.4964175224304199,0.8263647556304932,0.38,1,1,953,FP32-token-IDs
BERT,k3mu97,659,54,2055,about,about,False,anger,-0.0019394761059499744,0.0019394761059499744,0.3507611155509949,0.31551653146743774,0.38,0,0,953,FP32-token-IDs
BERT,k3mu97,659,54,2055,about,about,False,brain dysfunction (forget),-0.00023367160160671027,0.00023367160160671027,0.3152136206626892,0.09943170100450516,0.38,0,0,953,FP32-token-IDs
BERT,k3mu97,659,54,2055,about,about,False,emptiness,0.0017923979307635732,0.0017923979307635732,0.25199806690216064,0.6372386813163757,0.38,0,1,953,FP32-token-IDs
BERT,k3mu97,659,54,2055,about,about,False,hopelessness,0.0011770155369525863,0.0011770155369525863,0.5713253021240234,0.9911624193191528,0.38,1,1,953,FP32-token-IDs
BERT,k3mu97,659,54,2055,about,about,False,loneliness,0.0031772617893736986,0.0031772617893736986,0.4571398198604584,0.7032500505447388,0.38,0,1,953,FP32-token-IDs
BERT,k3mu97,659,54,2055,about,about,False,sadness,0.0014522309592437178,0.0014522309592437178,0.41641947627067566,0.9947109222412109,0.38,1,1,953,FP32-token-IDs
BERT,k3mu97,659,54,2055,about,about,False,suicide intent,-0.0019739461401643765,0.0019739461401643765,0.24135345220565796,0.24965988099575043,0.38,0,0,953,FP32-token-IDs
BERT,k3mu97,659,54,2055,about,about,False,worthlessness,-0.00044254820455708315,0.00044254820455708315,0.4964175224304199,0.8263647556304932,0.38,1,1,953,FP32-token-IDs
BERT,k3mu97,659,55,2008,that,that,False,anger,-0.0019394761059499744,0.0019394761059499744,0.3507611155509949,0.31551653146743774,0.38,0,0,953,FP32-token-IDs
BERT,k3mu97,659,55,2008,that,that,False,brain dysfunction (forget),-0.00023367160160671027,0.00023367160160671027,0.3152136206626892,0.09943170100450516,0.38,0,0,953,FP32-token-IDs
BERT,k3mu97,659,55,2008,that,that,False,emptiness,0.0017923979307635732,0.0017923979307635732,0.25199806690216064,0.6372386813163757,0.38,0,1,953,FP32-token-IDs
BERT,k3mu97,659,55,2008,that,that,False,hopelessness,0.0011770155369525863,0.0011770155369525863,0.5713253021240234,0.9911624193191528,0.38,1,1,953,FP32-token-IDs
BERT,k3mu97,659,55,2008,that,that,False,loneliness,0.0031772617893736986,0.0031772617893736986,0.4571398198604584,0.7032500505447388,0.38,0,1,953,FP32-token-IDs
BERT,k3mu97,659,55,2008,that,that,False,sadness,0.0014522309592437178,0.0014522309592437178,0.41641947627067566,0.9947109222412109,0.38,1,1,953,FP32-token-IDs
BERT,k3mu97,659,55,2008,that,that,False,suicide intent,-0.0019739461401643765,0.0019739461401643765,0.24135345220565796,0.24965988099575043,0.38,0,0,953,FP32-token-IDs
BERT,k3mu97,659,55,2008,that,that,False,worthlessness,-0.00044254820455708315,0.00044254820455708315,0.4964175224304199,0.8263647556304932,0.38,1,1,953,FP32-token-IDs
BERT,k3mu97,659,56,2154,day,day,False,anger,-0.0019394761059499744,0.0019394761059499744,0.3507611155509949,0.31551653146743774,0.38,0,0,953,FP32-token-IDs
BERT,k3mu97,659,56,2154,day,day,False,brain dysfunction (forget),-0.00023367160160671027,0.00023367160160671027,0.3152136206626892,0.09943170100450516,0.38,0,0,953,FP32-token-IDs
BERT,k3mu97,659,56,2154,day,day,False,emptiness,0.0017923979307635732,0.0017923979307635732,0.25199806690216064,0.6372386813163757,0.38,0,1,953,FP32-token-IDs
BERT,k3mu97,659,56,2154,day,day,False,hopelessness,0.0011770155369525863,0.0011770155369525863,0.5713253021240234,0.9911624193191528,0.38,1,1,953,FP32-token-IDs
BERT,k3mu97,659,56,2154,day,day,False,loneliness,0.0031772617893736986,0.0031772617893736986,0.4571398198604584,0.7032500505447388,0.38,0,1,953,FP32-token-IDs
BERT,k3mu97,659,56,2154,day,day,False,sadness,0.0014522309592437178,0.0014522309592437178,0.41641947627067566,0.9947109222412109,0.38,1,1,953,FP32-token-IDs
BERT,k3mu97,659,56,2154,day,day,False,suicide intent,-0.0019739461401643765,0.0019739461401643765,0.24135345220565796,0.24965988099575043,0.38,0,0,953,FP32-token-IDs
BERT,k3mu97,659,56,2154,day,day,False,worthlessness,-0.00044254820455708315,0.00044254820455708315,0.4964175224304199,0.8263647556304932,0.38,1,1,953,FP32-token-IDs
BERT,k3mu97,659,57,1012,.,.,False,anger,-0.0019394761059499746,0.0019394761059499746,0.3507611155509949,0.31551653146743774,0.38,0,0,953,FP32-token-IDs
BERT,k3mu97,659,57,1012,.,.,False,brain dysfunction (forget),-0.0002336716016067103,0.0002336716016067103,0.3152136206626892,0.09943170100450516,0.38,0,0,953,FP32-token-IDs
BERT,k3mu97,659,57,1012,.,.,False,emptiness,0.0017923979307635732,0.0017923979307635732,0.25199806690216064,0.6372386813163757,0.38,0,1,953,FP32-token-IDs
BERT,k3mu97,659,57,1012,.,.,False,hopelessness,0.0011770155369525863,0.0011770155369525863,0.5713253021240234,0.9911624193191528,0.38,1,1,953,FP32-token-IDs
BERT,k3mu97,659,57,1012,.,.,False,loneliness,0.0031772617893736986,0.0031772617893736986,0.4571398198604584,0.7032500505447388,0.38,0,1,953,FP32-token-IDs
BERT,k3mu97,659,57,1012,.,.,False,sadness,0.0014522309592437178,0.0014522309592437178,0.41641947627067566,0.9947109222412109,0.38,1,1,953,FP32-token-IDs
BERT,k3mu97,659,57,1012,.,.,False,suicide intent,-0.0019739461401643765,0.0019739461401643765,0.24135345220565796,0.24965988099575043,0.38,0,0,953,FP32-token-IDs
BERT,k3mu97,659,57,1012,.,.,False,worthlessness,-0.00044254820455708315,0.00044254820455708315,0.4964175224304199,0.8263647556304932,0.38,1,1,953,FP32-token-IDs
BERT,k3mu97,659,58,1018,4,4,False,anger,-0.003330880615976639,0.003330880615976639,0.3507611155509949,0.31551653146743774,0.38,0,0,953,FP32-token-IDs
BERT,k3mu97,659,58,1018,4,4,False,brain dysfunction (forget),-0.005155659819138236,0.005155659819138236,0.3152136206626892,0.09943170100450516,0.38,0,0,953,FP32-token-IDs
BERT,k3mu97,659,58,1018,4,4,False,emptiness,-0.005301814118865877,0.005301814118865877,0.25199806690216064,0.6372386813163757,0.38,0,1,953,FP32-token-IDs
BERT,k3mu97,659,58,1018,4,4,False,hopelessness,0.0003247699933126569,0.0003247699933126569,0.5713253021240234,0.9911624193191528,0.38,1,1,953,FP32-token-IDs
BERT,k3mu97,659,58,1018,4,4,False,loneliness,0.0006683282554149628,0.0006683282554149628,0.4571398198604584,0.7032500505447388,0.38,0,1,953,FP32-token-IDs
BERT,k3mu97,659,58,1018,4,4,False,sadness,0.0054685804061591625,0.0054685804061591625,0.41641947627067566,0.9947109222412109,0.38,1,1,953,FP32-token-IDs
BERT,k3mu97,659,58,1018,4,4,False,suicide intent,0.009041437842824962,0.009041437842824962,0.24135345220565796,0.24965988099575043,0.38,0,0,953,FP32-token-IDs
BERT,k3mu97,659,58,1018,4,4,False,worthlessness,-0.009159480650851037,0.009159480650851037,0.4964175224304199,0.8263647556304932,0.38,1,1,953,FP32-token-IDs
BERT,k3mu97,659,59,2086,years,years,False,anger,-0.003330880615976639,0.003330880615976639,0.3507611155509949,0.31551653146743774,0.38,0,0,953,FP32-token-IDs
BERT,k3mu97,659,59,2086,years,years,False,brain dysfunction (forget),-0.005155659819138236,0.005155659819138236,0.3152136206626892,0.09943170100450516,0.38,0,0,953,FP32-token-IDs
BERT,k3mu97,659,59,2086,years,years,False,emptiness,-0.005301814118865877,0.005301814118865877,0.25199806690216064,0.6372386813163757,0.38,0,1,953,FP32-token-IDs
BERT,k3mu97,659,59,2086,years,years,False,hopelessness,0.0003247699933126569,0.0003247699933126569,0.5713253021240234,0.9911624193191528,0.38,1,1,953,FP32-token-IDs
BERT,k3mu97,659,59,2086,years,years,False,loneliness,0.0006683282554149628,0.0006683282554149628,0.4571398198604584,0.7032500505447388,0.38,0,1,953,FP32-token-IDs
BERT,k3mu97,659,59,2086,years,years,False,sadness,0.0054685804061591625,0.0054685804061591625,0.41641947627067566,0.9947109222412109,0.38,1,1,953,FP32-token-IDs
BERT,k3mu97,659,59,2086,years,years,False,suicide intent,0.009041437842824962,0.009041437842824962,0.24135345220565796,0.24965988099575043,0.38,0,0,953,FP32-token-IDs
BERT,k3mu97,659,59,2086,years,years,False,worthlessness,-0.009159480650851037,0.009159480650851037,0.4964175224304199,0.8263647556304932,0.38,1,1,953,FP32-token-IDs
BERT,k3mu97,659,60,3283,ago,ago,False,anger,-0.003330880615976639,0.003330880615976639,0.3507611155509949,0.31551653146743774,0.38,0,0,953,FP32-token-IDs
BERT,k3mu97,659,60,3283,ago,ago,False,brain dysfunction (forget),-0.005155659819138236,0.005155659819138236,0.3152136206626892,0.09943170100450516,0.38,0,0,953,FP32-token-IDs
BERT,k3mu97,659,60,3283,ago,ago,False,emptiness,-0.005301814118865877,0.005301814118865877,0.25199806690216064,0.6372386813163757,0.38,0,1,953,FP32-token-IDs
BERT,k3mu97,659,60,3283,ago,ago,False,hopelessness,0.0003247699933126569,0.0003247699933126569,0.5713253021240234,0.9911624193191528,0.38,1,1,953,FP32-token-IDs
BERT,k3mu97,659,60,3283,ago,ago,False,loneliness,0.0006683282554149628,0.0006683282554149628,0.4571398198604584,0.7032500505447388,0.38,0,1,953,FP32-token-IDs
BERT,k3mu97,659,60,3283,ago,ago,False,sadness,0.0054685804061591625,0.0054685804061591625,0.41641947627067566,0.9947109222412109,0.38,1,1,953,FP32-token-IDs
BERT,k3mu97,659,60,3283,ago,ago,False,suicide intent,0.009041437842824962,0.009041437842824962,0.24135345220565796,0.24965988099575043,0.38,0,0,953,FP32-token-IDs
BERT,k3mu97,659,60,3283,ago,ago,False,worthlessness,-0.009159480650851037,0.009159480650851037,0.4964175224304199,0.8263647556304932,0.38,1,1,953,FP32-token-IDs
BERT,k3mu97,659,61,2026,my,my,False,anger,-0.003330880615976639,0.003330880615976639,0.3507611155509949,0.31551653146743774,0.38,0,0,953,FP32-token-IDs
BERT,k3mu97,659,61,2026,my,my,False,brain dysfunction (forget),-0.005155659819138236,0.005155659819138236,0.3152136206626892,0.09943170100450516,0.38,0,0,953,FP32-token-IDs
BERT,k3mu97,659,61,2026,my,my,False,emptiness,-0.005301814118865877,0.005301814118865877,0.25199806690216064,0.6372386813163757,0.38,0,1,953,FP32-token-IDs
BERT,k3mu97,659,61,2026,my,my,False,hopelessness,0.0003247699933126569,0.0003247699933126569,0.5713253021240234,0.9911624193191528,0.38,1,1,953,FP32-token-IDs
BERT,k3mu97,659,61,2026,my,my,False,loneliness,0.0006683282554149628,0.0006683282554149628,0.4571398198604584,0.7032500505447388,0.38,0,1,953,FP32-token-IDs
BERT,k3mu97,659,61,2026,my,my,False,sadness,0.0054685804061591625,0.0054685804061591625,0.41641947627067566,0.9947109222412109,0.38,1,1,953,FP32-token-IDs
BERT,k3mu97,659,61,2026,my,my,False,suicide intent,0.009041437842824962,0.009041437842824962,0.24135345220565796,0.24965988099575043,0.38,0,0,953,FP32-token-IDs
BERT,k3mu97,659,61,2026,my,my,False,worthlessness,-0.009159480650851037,0.009159480650851037,0.4964175224304199,0.8263647556304932,0.38,1,1,953,FP32-token-IDs
BERT,k3mu97,659,62,2190,best,best,False,anger,-0.0010530414147069678,0.0010530414147069678,0.3507611155509949,0.31551653146743774,0.38,0,0,953,FP32-token-IDs
BERT,k3mu97,659,62,2190,best,best,False,brain dysfunction (forget),-0.004928135153022595,0.004928135153022595,0.3152136206626892,0.09943170100450516,0.38,0,0,953,FP32-token-IDs
BERT,k3mu97,659,62,2190,best,best,False,emptiness,-0.005234456097241491,0.005234456097241491,0.25199806690216064,0.6372386813163757,0.38,0,1,953,FP32-token-IDs
BERT,k3mu97,659,62,2190,best,best,False,hopelessness,-0.002770543680526316,0.002770543680526316,0.5713253021240234,0.9911624193191528,0.38,1,1,953,FP32-token-IDs
BERT,k3mu97,659,62,2190,best,best,False,loneliness,0.00233973260037601,0.00233973260037601,0.4571398198604584,0.7032500505447388,0.38,0,1,953,FP32-token-IDs
BERT,k3mu97,659,62,2190,best,best,False,sadness,0.001958410954102874,0.001958410954102874,0.41641947627067566,0.9947109222412109,0.38,1,1,953,FP32-token-IDs
BERT,k3mu97,659,62,2190,best,best,False,suicide intent,0.018448902665113565,0.018448902665113565,0.24135345220565796,0.24965988099575043,0.38,0,0,953,FP32-token-IDs
BERT,k3mu97,659,62,2190,best,best,False,worthlessness,-0.009179604901873972,0.009179604901873972,0.4964175224304199,0.8263647556304932,0.38,1,1,953,FP32-token-IDs
BERT,k3mu97,659,63,2767,friend,friend,False,anger,-0.0010530414147069678,0.0010530414147069678,0.3507611155509949,0.31551653146743774,0.38,0,0,953,FP32-token-IDs
BERT,k3mu97,659,63,2767,friend,friend,False,brain dysfunction (forget),-0.004928135153022595,0.004928135153022595,0.3152136206626892,0.09943170100450516,0.38,0,0,953,FP32-token-IDs
BERT,k3mu97,659,63,2767,friend,friend,False,emptiness,-0.005234456097241491,0.005234456097241491,0.25199806690216064,0.6372386813163757,0.38,0,1,953,FP32-token-IDs
BERT,k3mu97,659,63,2767,friend,friend,False,hopelessness,-0.002770543680526316,0.002770543680526316,0.5713253021240234,0.9911624193191528,0.38,1,1,953,FP32-token-IDs
BERT,k3mu97,659,63,2767,friend,friend,False,loneliness,0.00233973260037601,0.00233973260037601,0.4571398198604584,0.7032500505447388,0.38,0,1,953,FP32-token-IDs
BERT,k3mu97,659,63,2767,friend,friend,False,sadness,0.001958410954102874,0.001958410954102874,0.41641947627067566,0.9947109222412109,0.38,1,1,953,FP32-token-IDs
BERT,k3mu97,659,63,2767,friend,friend,False,suicide intent,0.018448902665113565,0.018448902665113565,0.24135345220565796,0.24965988099575043,0.38,0,0,953,FP32-token-IDs
BERT,k3mu97,659,63,2767,friend,friend,False,worthlessness,-0.009179604901873972,0.009179604901873972,0.4964175224304199,0.8263647556304932,0.38,1,1,953,FP32-token-IDs
BERT,k3mu97,659,64,2018,had,had,False,anger,0.0037387440825114027,0.0037387440825114027,0.3507611155509949,0.31551653146743774,0.38,0,0,953,FP32-token-IDs
BERT,k3mu97,659,64,2018,had,had,False,brain dysfunction (forget),-0.0032163245050469413,0.0032163245050469413,0.3152136206626892,0.09943170100450516,0.38,0,0,953,FP32-token-IDs
BERT,k3mu97,659,64,2018,had,had,False,emptiness,-0.004731346329208463,0.004731346329208463,0.25199806690216064,0.6372386813163757,0.38,0,1,953,FP32-token-IDs
BERT,k3mu97,659,64,2018,had,had,False,hopelessness,-0.0026219493011012673,0.0026219493011012673,0.5713253021240234,0.9911624193191528,0.38,1,1,953,FP32-token-IDs
BERT,k3mu97,659,64,2018,had,had,False,loneliness,0.00224392325617373,0.00224392325617373,0.4571398198604584,0.7032500505447388,0.38,0,1,953,FP32-token-IDs
BERT,k3mu97,659,64,2018,had,had,False,sadness,0.001976352883502841,0.001976352883502841,0.41641947627067566,0.9947109222412109,0.38,1,1,953,FP32-token-IDs
BERT,k3mu97,659,64,2018,had,had,False,suicide intent,0.05162335404747864,0.05162335404747864,0.24135345220565796,0.24965988099575043,0.38,0,0,953,FP32-token-IDs
BERT,k3mu97,659,64,2018,had,had,False,worthlessness,-0.007898805859440472,0.007898805859440472,0.4964175224304199,0.8263647556304932,0.38,1,1,953,FP32-token-IDs
BERT,k3mu97,659,65,2579,taken,taken,False,anger,0.0037387440825114027,0.0037387440825114027,0.3507611155509949,0.31551653146743774,0.38,0,0,953,FP32-token-IDs
BERT,k3mu97,659,65,2579,taken,taken,False,brain dysfunction (forget),-0.0032163245050469413,0.0032163245050469413,0.3152136206626892,0.09943170100450516,0.38,0,0,953,FP32-token-IDs
BERT,k3mu97,659,65,2579,taken,taken,False,emptiness,-0.004731346329208463,0.004731346329208463,0.25199806690216064,0.6372386813163757,0.38,0,1,953,FP32-token-IDs
BERT,k3mu97,659,65,2579,taken,taken,False,hopelessness,-0.0026219493011012673,0.0026219493011012673,0.5713253021240234,0.9911624193191528,0.38,1,1,953,FP32-token-IDs
BERT,k3mu97,659,65,2579,taken,taken,False,loneliness,0.00224392325617373,0.00224392325617373,0.4571398198604584,0.7032500505447388,0.38,0,1,953,FP32-token-IDs
BERT,k3mu97,659,65,2579,taken,taken,False,sadness,0.001976352883502841,0.001976352883502841,0.41641947627067566,0.9947109222412109,0.38,1,1,953,FP32-token-IDs
BERT,k3mu97,659,65,2579,taken,taken,False,suicide intent,0.05162335404747864,0.05162335404747864,0.24135345220565796,0.24965988099575043,0.38,0,0,953,FP32-token-IDs
BERT,k3mu97,659,65,2579,taken,taken,False,worthlessness,-0.007898805859440472,0.007898805859440472,0.4964175224304199,0.8263647556304932,0.38,1,1,953,FP32-token-IDs
BERT,k3mu97,659,66,2014,her,her,False,anger,0.011527301428335097,0.011527301428335097,0.3507611155509949,0.31551653146743774,0.38,0,0,953,FP32-token-IDs
BERT,k3mu97,659,66,2014,her,her,False,brain dysfunction (forget),-0.0017609246521412085,0.0017609246521412085,0.3152136206626892,0.09943170100450516,0.38,0,0,953,FP32-token-IDs
BERT,k3mu97,659,66,2014,her,her,False,emptiness,0.012298647197894752,0.012298647197894752,0.25199806690216064,0.6372386813163757,0.38,0,1,953,FP32-token-IDs
BERT,k3mu97,659,66,2014,her,her,False,hopelessness,0.0164144622006764,0.0164144622006764,0.5713253021240234,0.9911624193191528,0.38,1,1,953,FP32-token-IDs
BERT,k3mu97,659,66,2014,her,her,False,loneliness,0.008973081440975268,0.008973081440975268,0.4571398198604584,0.7032500505447388,0.38,0,1,953,FP32-token-IDs
BERT,k3mu97,659,66,2014,her,her,False,sadness,0.00995370753419896,0.00995370753419896,0.41641947627067566,0.9947109222412109,0.38,1,1,953,FP32-token-IDs
BERT,k3mu97,659,66,2014,her,her,False,suicide intent,0.04070815010345541,0.04070815010345541,0.24135345220565796,0.24965988099575043,0.38,0,0,953,FP32-token-IDs
BERT,k3mu97,659,66,2014,her,her,False,worthlessness,0.008338455299963243,0.008338455299963243,0.4964175224304199,0.8263647556304932,0.38,1,1,953,FP32-token-IDs
BERT,k3mu97,659,67,2219,own,own,False,anger,0.011527301428335097,0.011527301428335097,0.3507611155509949,0.31551653146743774,0.38,0,0,953,FP32-token-IDs
BERT,k3mu97,659,67,2219,own,own,False,brain dysfunction (forget),-0.0017609246521412085,0.0017609246521412085,0.3152136206626892,0.09943170100450516,0.38,0,0,953,FP32-token-IDs
BERT,k3mu97,659,67,2219,own,own,False,emptiness,0.012298647197894752,0.012298647197894752,0.25199806690216064,0.6372386813163757,0.38,0,1,953,FP32-token-IDs
BERT,k3mu97,659,67,2219,own,own,False,hopelessness,0.0164144622006764,0.0164144622006764,0.5713253021240234,0.9911624193191528,0.38,1,1,953,FP32-token-IDs
BERT,k3mu97,659,67,2219,own,own,False,loneliness,0.008973081440975268,0.008973081440975268,0.4571398198604584,0.7032500505447388,0.38,0,1,953,FP32-token-IDs
BERT,k3mu97,659,67,2219,own,own,False,sadness,0.00995370753419896,0.00995370753419896,0.41641947627067566,0.9947109222412109,0.38,1,1,953,FP32-token-IDs
BERT,k3mu97,659,67,2219,own,own,False,suicide intent,0.04070815010345541,0.04070815010345541,0.24135345220565796,0.24965988099575043,0.38,0,0,953,FP32-token-IDs
BERT,k3mu97,659,67,2219,own,own,False,worthlessness,0.008338455299963243,0.008338455299963243,0.4964175224304199,0.8263647556304932,0.38,1,1,953,FP32-token-IDs
BERT,k3mu97,659,68,2166,life,life,False,anger,0.021988193334739965,0.021988193334739965,0.3507611155509949,0.31551653146743774,0.38,0,0,953,FP32-token-IDs
BERT,k3mu97,659,68,2166,life,life,False,brain dysfunction (forget),0.001163715748892476,0.001163715748892476,0.3152136206626892,0.09943170100450516,0.38,0,0,953,FP32-token-IDs
BERT,k3mu97,659,68,2166,life,life,False,emptiness,0.018804847029969096,0.018804847029969096,0.25199806690216064,0.6372386813163757,0.38,0,1,953,FP32-token-IDs
BERT,k3mu97,659,68,2166,life,life,False,hopelessness,0.01870661818732818,0.01870661818732818,0.5713253021240234,0.9911624193191528,0.38,1,1,953,FP32-token-IDs
BERT,k3mu97,659,68,2166,life,life,False,loneliness,0.015347461992253859,0.015347461992253859,0.4571398198604584,0.7032500505447388,0.38,0,1,953,FP32-token-IDs
BERT,k3mu97,659,68,2166,life,life,False,sadness,0.010755064043526849,0.010755064043526849,0.41641947627067566,0.9947109222412109,0.38,1,1,953,FP32-token-IDs
BERT,k3mu97,659,68,2166,life,life,False,suicide intent,0.1170547102810815,0.1170547102810815,0.24135345220565796,0.24965988099575043,0.38,0,0,953,FP32-token-IDs
BERT,k3mu97,659,68,2166,life,life,False,worthlessness,0.011871789785800502,0.011871789785800502,0.4964175224304199,0.8263647556304932,0.38,1,1,953,FP32-token-IDs
BERT,k3mu97,659,69,1012,.,.,False,anger,0.007002884856774472,0.007002884856774472,0.3507611155509949,0.31551653146743774,0.38,0,0,953,FP32-token-IDs
BERT,k3mu97,659,69,1012,.,.,False,brain dysfunction (forget),0.003015538561157882,0.003015538561157882,0.3152136206626892,0.09943170100450516,0.38,0,0,953,FP32-token-IDs
BERT,k3mu97,659,69,1012,.,.,False,emptiness,0.015567888971418142,0.015567888971418142,0.25199806690216064,0.6372386813163757,0.38,0,1,953,FP32-token-IDs
BERT,k3mu97,659,69,1012,.,.,False,hopelessness,0.019565957132726908,0.019565957132726908,0.5713253021240234,0.9911624193191528,0.38,1,1,953,FP32-token-IDs
BERT,k3mu97,659,69,1012,.,.,False,loneliness,0.007146956864744425,0.007146956864744425,0.4571398198604584,0.7032500505447388,0.38,0,1,953,FP32-token-IDs
BERT,k3mu97,659,69,1012,.,.,False,sadness,0.007248644484207034,0.007248644484207034,0.41641947627067566,0.9947109222412109,0.38,1,1,953,FP32-token-IDs
BERT,k3mu97,659,69,1012,.,.,False,suicide intent,0.03287682880181819,0.03287682880181819,0.24135345220565796,0.24965988099575043,0.38,0,0,953,FP32-token-IDs
BERT,k3mu97,659,69,1012,.,.,False,worthlessness,0.012608608056325465,0.012608608056325465,0.4964175224304199,0.8263647556304932,0.38,1,1,953,FP32-token-IDs
BERT,k3mu97,659,70,1045,i,i,False,anger,-8.682862001781677e-06,8.682862001781677e-06,0.3507611155509949,0.31551653146743774,0.38,0,0,953,FP32-token-IDs
BERT,k3mu97,659,70,1045,i,i,False,brain dysfunction (forget),-0.0007711780393340936,0.0007711780393340936,0.3152136206626892,0.09943170100450516,0.38,0,0,953,FP32-token-IDs
BERT,k3mu97,659,70,1045,i,i,False,emptiness,0.002270568835471446,0.002270568835471446,0.25199806690216064,0.6372386813163757,0.38,0,1,953,FP32-token-IDs
BERT,k3mu97,659,70,1045,i,i,False,hopelessness,0.0010379262734204532,0.0010379262734204532,0.5713253021240234,0.9911624193191528,0.38,1,1,953,FP32-token-IDs
BERT,k3mu97,659,70,1045,i,i,False,loneliness,0.005271215659255783,0.005271215659255783,0.4571398198604584,0.7032500505447388,0.38,0,1,953,FP32-token-IDs
BERT,k3mu97,659,70,1045,i,i,False,sadness,0.0010345105392237505,0.0010345105392237505,0.41641947627067566,0.9947109222412109,0.38,1,1,953,FP32-token-IDs
BERT,k3mu97,659,70,1045,i,i,False,suicide intent,-0.0004923975269775837,0.0004923975269775837,0.24135345220565796,0.24965988099575043,0.38,0,0,953,FP32-token-IDs
BERT,k3mu97,659,70,1045,i,i,False,worthlessness,-0.0014430000534048303,0.0014430000534048303,0.4964175224304199,0.8263647556304932,0.38,1,1,953,FP32-token-IDs
BERT,k3mu97,659,71,1521,’,’,False,anger,-8.682862001781677e-06,8.682862001781677e-06,0.3507611155509949,0.31551653146743774,0.38,0,0,953,FP32-token-IDs
BERT,k3mu97,659,71,1521,’,’,False,brain dysfunction (forget),-0.0007711780393340936,0.0007711780393340936,0.3152136206626892,0.09943170100450516,0.38,0,0,953,FP32-token-IDs
BERT,k3mu97,659,71,1521,’,’,False,emptiness,0.002270568835471446,0.002270568835471446,0.25199806690216064,0.6372386813163757,0.38,0,1,953,FP32-token-IDs
BERT,k3mu97,659,71,1521,’,’,False,hopelessness,0.0010379262734204532,0.0010379262734204532,0.5713253021240234,0.9911624193191528,0.38,1,1,953,FP32-token-IDs
BERT,k3mu97,659,71,1521,’,’,False,loneliness,0.005271215659255783,0.005271215659255783,0.4571398198604584,0.7032500505447388,0.38,0,1,953,FP32-token-IDs
BERT,k3mu97,659,71,1521,’,’,False,sadness,0.0010345105392237505,0.0010345105392237505,0.41641947627067566,0.9947109222412109,0.38,1,1,953,FP32-token-IDs
BERT,k3mu97,659,71,1521,’,’,False,suicide intent,-0.0004923975269775837,0.0004923975269775837,0.24135345220565796,0.24965988099575043,0.38,0,0,953,FP32-token-IDs
BERT,k3mu97,659,71,1521,’,’,False,worthlessness,-0.0014430000534048303,0.0014430000534048303,0.4964175224304199,0.8263647556304932,0.38,1,1,953,FP32-token-IDs
BERT,k3mu97,659,72,1049,m,m,False,anger,-8.682862001781677e-06,8.682862001781677e-06,0.3507611155509949,0.31551653146743774,0.38,0,0,953,FP32-token-IDs
BERT,k3mu97,659,72,1049,m,m,False,brain dysfunction (forget),-0.0007711780393340936,0.0007711780393340936,0.3152136206626892,0.09943170100450516,0.38,0,0,953,FP32-token-IDs
BERT,k3mu97,659,72,1049,m,m,False,emptiness,0.002270568835471446,0.002270568835471446,0.25199806690216064,0.6372386813163757,0.38,0,1,953,FP32-token-IDs
BERT,k3mu97,659,72,1049,m,m,False,hopelessness,0.0010379262734204532,0.0010379262734204532,0.5713253021240234,0.9911624193191528,0.38,1,1,953,FP32-token-IDs
BERT,k3mu97,659,72,1049,m,m,False,loneliness,0.005271215659255783,0.005271215659255783,0.4571398198604584,0.7032500505447388,0.38,0,1,953,FP32-token-IDs
BERT,k3mu97,659,72,1049,m,m,False,sadness,0.0010345105392237505,0.0010345105392237505,0.41641947627067566,0.9947109222412109,0.38,1,1,953,FP32-token-IDs
BERT,k3mu97,659,72,1049,m,m,False,suicide intent,-0.0004923975269775837,0.0004923975269775837,0.24135345220565796,0.24965988099575043,0.38,0,0,953,FP32-token-IDs
BERT,k3mu97,659,72,1049,m,m,False,worthlessness,-0.0014430000534048303,0.0014430000534048303,0.4964175224304199,0.8263647556304932,0.38,1,1,953,FP32-token-IDs
BERT,k3mu97,659,73,2025,not,not,False,anger,-8.682862001781677e-06,8.682862001781677e-06,0.3507611155509949,0.31551653146743774,0.38,0,0,953,FP32-token-IDs
BERT,k3mu97,659,73,2025,not,not,False,brain dysfunction (forget),-0.0007711780393340936,0.0007711780393340936,0.3152136206626892,0.09943170100450516,0.38,0,0,953,FP32-token-IDs
BERT,k3mu97,659,73,2025,not,not,False,emptiness,0.002270568835471446,0.002270568835471446,0.25199806690216064,0.6372386813163757,0.38,0,1,953,FP32-token-IDs
BERT,k3mu97,659,73,2025,not,not,False,hopelessness,0.0010379262734204532,0.0010379262734204532,0.5713253021240234,0.9911624193191528,0.38,1,1,953,FP32-token-IDs
BERT,k3mu97,659,73,2025,not,not,False,loneliness,0.005271215659255783,0.005271215659255783,0.4571398198604584,0.7032500505447388,0.38,0,1,953,FP32-token-IDs
BERT,k3mu97,659,73,2025,not,not,False,sadness,0.0010345105392237505,0.0010345105392237505,0.41641947627067566,0.9947109222412109,0.38,1,1,953,FP32-token-IDs
BERT,k3mu97,659,73,2025,not,not,False,suicide intent,-0.0004923975269775837,0.0004923975269775837,0.24135345220565796,0.24965988099575043,0.38,0,0,953,FP32-token-IDs
BERT,k3mu97,659,73,2025,not,not,False,worthlessness,-0.0014430000534048303,0.0014430000534048303,0.4964175224304199,0.8263647556304932,0.38,1,1,953,FP32-token-IDs
BERT,k3mu97,659,74,2183,going,going,False,anger,0.0005080762241656581,0.0005080762241656581,0.3507611155509949,0.31551653146743774,0.38,0,0,953,FP32-token-IDs
BERT,k3mu97,659,74,2183,going,going,False,brain dysfunction (forget),-0.0007450529277169456,0.0007450529277169456,0.3152136206626892,0.09943170100450516,0.38,0,0,953,FP32-token-IDs
BERT,k3mu97,659,74,2183,going,going,False,emptiness,0.0012991545702485988,0.0012991545702485988,0.25199806690216064,0.6372386813163757,0.38,0,1,953,FP32-token-IDs
BERT,k3mu97,659,74,2183,going,going,False,hopelessness,0.00038747941143810747,0.00038747941143810747,0.5713253021240234,0.9911624193191528,0.38,1,1,953,FP32-token-IDs
BERT,k3mu97,659,74,2183,going,going,False,loneliness,0.0029527980058143537,0.0029527980058143537,0.4571398198604584,0.7032500505447388,0.38,0,1,953,FP32-token-IDs
BERT,k3mu97,659,74,2183,going,going,False,sadness,0.0012475740940620502,0.0012475740940620502,0.41641947627067566,0.9947109222412109,0.38,1,1,953,FP32-token-IDs
BERT,k3mu97,659,74,2183,going,going,False,suicide intent,-0.00017961042467504738,0.00017961042467504738,0.24135345220565796,0.24965988099575043,0.38,0,0,953,FP32-token-IDs
BERT,k3mu97,659,74,2183,going,going,False,worthlessness,-0.0011814309196779504,0.0011814309196779504,0.4964175224304199,0.8263647556304932,0.38,1,1,953,FP32-token-IDs
BERT,k3mu97,659,75,2000,to,to,False,anger,0.0005080762241656581,0.0005080762241656581,0.3507611155509949,0.31551653146743774,0.38,0,0,953,FP32-token-IDs
BERT,k3mu97,659,75,2000,to,to,False,brain dysfunction (forget),-0.0007450529277169456,0.0007450529277169456,0.3152136206626892,0.09943170100450516,0.38,0,0,953,FP32-token-IDs
BERT,k3mu97,659,75,2000,to,to,False,emptiness,0.0012991545702485988,0.0012991545702485988,0.25199806690216064,0.6372386813163757,0.38,0,1,953,FP32-token-IDs
BERT,k3mu97,659,75,2000,to,to,False,hopelessness,0.00038747941143810747,0.00038747941143810747,0.5713253021240234,0.9911624193191528,0.38,1,1,953,FP32-token-IDs
BERT,k3mu97,659,75,2000,to,to,False,loneliness,0.0029527980058143537,0.0029527980058143537,0.4571398198604584,0.7032500505447388,0.38,0,1,953,FP32-token-IDs
BERT,k3mu97,659,75,2000,to,to,False,sadness,0.0012475740940620502,0.0012475740940620502,0.41641947627067566,0.9947109222412109,0.38,1,1,953,FP32-token-IDs
BERT,k3mu97,659,75,2000,to,to,False,suicide intent,-0.00017961042467504738,0.00017961042467504738,0.24135345220565796,0.24965988099575043,0.38,0,0,953,FP32-token-IDs
BERT,k3mu97,659,75,2000,to,to,False,worthlessness,-0.0011814309196779504,0.0011814309196779504,0.4964175224304199,0.8263647556304932,0.38,1,1,953,FP32-token-IDs
BERT,k3mu97,659,76,2507,give,give,False,anger,0.0005080762241656581,0.0005080762241656581,0.3507611155509949,0.31551653146743774,0.38,0,0,953,FP32-token-IDs
BERT,k3mu97,659,76,2507,give,give,False,brain dysfunction (forget),-0.0007450529277169456,0.0007450529277169456,0.3152136206626892,0.09943170100450516,0.38,0,0,953,FP32-token-IDs
BERT,k3mu97,659,76,2507,give,give,False,emptiness,0.0012991545702485988,0.0012991545702485988,0.25199806690216064,0.6372386813163757,0.38,0,1,953,FP32-token-IDs
BERT,k3mu97,659,76,2507,give,give,False,hopelessness,0.00038747941143810747,0.00038747941143810747,0.5713253021240234,0.9911624193191528,0.38,1,1,953,FP32-token-IDs
BERT,k3mu97,659,76,2507,give,give,False,loneliness,0.0029527980058143537,0.0029527980058143537,0.4571398198604584,0.7032500505447388,0.38,0,1,953,FP32-token-IDs
BERT,k3mu97,659,76,2507,give,give,False,sadness,0.0012475740940620502,0.0012475740940620502,0.41641947627067566,0.9947109222412109,0.38,1,1,953,FP32-token-IDs
BERT,k3mu97,659,76,2507,give,give,False,suicide intent,-0.00017961042467504738,0.00017961042467504738,0.24135345220565796,0.24965988099575043,0.38,0,0,953,FP32-token-IDs
BERT,k3mu97,659,76,2507,give,give,False,worthlessness,-0.0011814309196779504,0.0011814309196779504,0.4964175224304199,0.8263647556304932,0.38,1,1,953,FP32-token-IDs
BERT,k3mu97,659,77,2151,any,any,False,anger,0.0005080762241656581,0.0005080762241656581,0.3507611155509949,0.31551653146743774,0.38,0,0,953,FP32-token-IDs
BERT,k3mu97,659,77,2151,any,any,False,brain dysfunction (forget),-0.0007450529277169456,0.0007450529277169456,0.3152136206626892,0.09943170100450516,0.38,0,0,953,FP32-token-IDs
BERT,k3mu97,659,77,2151,any,any,False,emptiness,0.0012991545702485988,0.0012991545702485988,0.25199806690216064,0.6372386813163757,0.38,0,1,953,FP32-token-IDs
BERT,k3mu97,659,77,2151,any,any,False,hopelessness,0.00038747941143810747,0.00038747941143810747,0.5713253021240234,0.9911624193191528,0.38,1,1,953,FP32-token-IDs
BERT,k3mu97,659,77,2151,any,any,False,loneliness,0.0029527980058143537,0.0029527980058143537,0.4571398198604584,0.7032500505447388,0.38,0,1,953,FP32-token-IDs
BERT,k3mu97,659,77,2151,any,any,False,sadness,0.0012475740940620502,0.0012475740940620502,0.41641947627067566,0.9947109222412109,0.38,1,1,953,FP32-token-IDs
BERT,k3mu97,659,77,2151,any,any,False,suicide intent,-0.00017961042467504738,0.00017961042467504738,0.24135345220565796,0.24965988099575043,0.38,0,0,953,FP32-token-IDs
BERT,k3mu97,659,77,2151,any,any,False,worthlessness,-0.0011814309196779504,0.0011814309196779504,0.4964175224304199,0.8263647556304932,0.38,1,1,953,FP32-token-IDs
BERT,k3mu97,659,78,4751,details,details,False,anger,-0.0035206333936436012,0.0035206333936436012,0.3507611155509949,0.31551653146743774,0.38,0,0,953,FP32-token-IDs
BERT,k3mu97,659,78,4751,details,details,False,brain dysfunction (forget),-0.00033476623883914373,0.00033476623883914373,0.3152136206626892,0.09943170100450516,0.38,0,0,953,FP32-token-IDs
BERT,k3mu97,659,78,4751,details,details,False,emptiness,-0.007496872547060429,0.007496872547060429,0.25199806690216064,0.6372386813163757,0.38,0,1,953,FP32-token-IDs
BERT,k3mu97,659,78,4751,details,details,False,hopelessness,-0.0026384531586830105,0.0026384531586830105,0.5713253021240234,0.9911624193191528,0.38,1,1,953,FP32-token-IDs
BERT,k3mu97,659,78,4751,details,details,False,loneliness,-0.008615452860526385,0.008615452860526385,0.4571398198604584,0.7032500505447388,0.38,0,1,953,FP32-token-IDs
BERT,k3mu97,659,78,4751,details,details,False,sadness,-0.002082633169456607,0.002082633169456607,0.41641947627067566,0.9947109222412109,0.38,1,1,953,FP32-token-IDs
BERT,k3mu97,659,78,4751,details,details,False,suicide intent,-0.014754609938245268,0.014754609938245268,0.24135345220565796,0.24965988099575043,0.38,0,0,953,FP32-token-IDs
BERT,k3mu97,659,78,4751,details,details,False,worthlessness,-0.0016363828600983003,0.0016363828600983003,0.4964175224304199,0.8263647556304932,0.38,1,1,953,FP32-token-IDs
BERT,k3mu97,659,79,2138,because,because,False,anger,-0.0035206333936436012,0.0035206333936436012,0.3507611155509949,0.31551653146743774,0.38,0,0,953,FP32-token-IDs
BERT,k3mu97,659,79,2138,because,because,False,brain dysfunction (forget),-0.00033476623883914373,0.00033476623883914373,0.3152136206626892,0.09943170100450516,0.38,0,0,953,FP32-token-IDs
BERT,k3mu97,659,79,2138,because,because,False,emptiness,-0.007496872547060429,0.007496872547060429,0.25199806690216064,0.6372386813163757,0.38,0,1,953,FP32-token-IDs
BERT,k3mu97,659,79,2138,because,because,False,hopelessness,-0.0026384531586830105,0.0026384531586830105,0.5713253021240234,0.9911624193191528,0.38,1,1,953,FP32-token-IDs
BERT,k3mu97,659,79,2138,because,because,False,loneliness,-0.008615452860526385,0.008615452860526385,0.4571398198604584,0.7032500505447388,0.38,0,1,953,FP32-token-IDs
BERT,k3mu97,659,79,2138,because,because,False,sadness,-0.002082633169456607,0.002082633169456607,0.41641947627067566,0.9947109222412109,0.38,1,1,953,FP32-token-IDs
BERT,k3mu97,659,79,2138,because,because,False,suicide intent,-0.014754609938245268,0.014754609938245268,0.24135345220565796,0.24965988099575043,0.38,0,0,953,FP32-token-IDs
BERT,k3mu97,659,79,2138,because,because,False,worthlessness,-0.0016363828600983003,0.0016363828600983003,0.4964175224304199,0.8263647556304932,0.38,1,1,953,FP32-token-IDs
BERT,k3mu97,659,80,2027,they,they,False,anger,-0.0035206333936436012,0.0035206333936436012,0.3507611155509949,0.31551653146743774,0.38,0,0,953,FP32-token-IDs
BERT,k3mu97,659,80,2027,they,they,False,brain dysfunction (forget),-0.00033476623883914373,0.00033476623883914373,0.3152136206626892,0.09943170100450516,0.38,0,0,953,FP32-token-IDs
BERT,k3mu97,659,80,2027,they,they,False,emptiness,-0.007496872547060429,0.007496872547060429,0.25199806690216064,0.6372386813163757,0.38,0,1,953,FP32-token-IDs
BERT,k3mu97,659,80,2027,they,they,False,hopelessness,-0.0026384531586830105,0.0026384531586830105,0.5713253021240234,0.9911624193191528,0.38,1,1,953,FP32-token-IDs
BERT,k3mu97,659,80,2027,they,they,False,loneliness,-0.008615452860526385,0.008615452860526385,0.4571398198604584,0.7032500505447388,0.38,0,1,953,FP32-token-IDs
BERT,k3mu97,659,80,2027,they,they,False,sadness,-0.002082633169456607,0.002082633169456607,0.41641947627067566,0.9947109222412109,0.38,1,1,953,FP32-token-IDs
BERT,k3mu97,659,80,2027,they,they,False,suicide intent,-0.014754609938245268,0.014754609938245268,0.24135345220565796,0.24965988099575043,0.38,0,0,953,FP32-token-IDs
BERT,k3mu97,659,80,2027,they,they,False,worthlessness,-0.0016363828600983003,0.0016363828600983003,0.4964175224304199,0.8263647556304932,0.38,1,1,953,FP32-token-IDs
BERT,k3mu97,659,81,1521,’,’,False,anger,-0.0035206333936436012,0.0035206333936436012,0.3507611155509949,0.31551653146743774,0.38,0,0,953,FP32-token-IDs
BERT,k3mu97,659,81,1521,’,’,False,brain dysfunction (forget),-0.00033476623883914373,0.00033476623883914373,0.3152136206626892,0.09943170100450516,0.38,0,0,953,FP32-token-IDs
BERT,k3mu97,659,81,1521,’,’,False,emptiness,-0.007496872547060429,0.007496872547060429,0.25199806690216064,0.6372386813163757,0.38,0,1,953,FP32-token-IDs
BERT,k3mu97,659,81,1521,’,’,False,hopelessness,-0.0026384531586830105,0.0026384531586830105,0.5713253021240234,0.9911624193191528,0.38,1,1,953,FP32-token-IDs
BERT,k3mu97,659,81,1521,’,’,False,loneliness,-0.008615452860526385,0.008615452860526385,0.4571398198604584,0.7032500505447388,0.38,0,1,953,FP32-token-IDs
BERT,k3mu97,659,81,1521,’,’,False,sadness,-0.002082633169456607,0.002082633169456607,0.41641947627067566,0.9947109222412109,0.38,1,1,953,FP32-token-IDs
BERT,k3mu97,659,81,1521,’,’,False,suicide intent,-0.014754609938245268,0.014754609938245268,0.24135345220565796,0.24965988099575043,0.38,0,0,953,FP32-token-IDs
BERT,k3mu97,659,81,1521,’,’,False,worthlessness,-0.0016363828600983003,0.0016363828600983003,0.4964175224304199,0.8263647556304932,0.38,1,1,953,FP32-token-IDs
BERT,k3mu97,659,82,2128,re,re,False,anger,-0.00023682333883785065,0.00023682333883785065,0.3507611155509949,0.31551653146743774,0.38,0,0,953,FP32-token-IDs
BERT,k3mu97,659,82,2128,re,re,False,brain dysfunction (forget),0.0008470426823589065,0.0008470426823589065,0.3152136206626892,0.09943170100450516,0.38,0,0,953,FP32-token-IDs
BERT,k3mu97,659,82,2128,re,re,False,emptiness,-0.002465911945771604,0.002465911945771604,0.25199806690216064,0.6372386813163757,0.38,0,1,953,FP32-token-IDs
BERT,k3mu97,659,82,2128,re,re,False,hopelessness,-0.00120146782802684,0.00120146782802684,0.5713253021240234,0.9911624193191528,0.38,1,1,953,FP32-token-IDs
BERT,k3mu97,659,82,2128,re,re,False,loneliness,-0.0040737978670568695,0.0040737978670568695,0.4571398198604584,0.7032500505447388,0.38,0,1,953,FP32-token-IDs
BERT,k3mu97,659,82,2128,re,re,False,sadness,-0.0016507405521614211,0.0016507405521614211,0.41641947627067566,0.9947109222412109,0.38,1,1,953,FP32-token-IDs
BERT,k3mu97,659,82,2128,re,re,False,suicide intent,-0.008415979853210352,0.008415979853210352,0.24135345220565796,0.24965988099575043,0.38,0,0,953,FP32-token-IDs
BERT,k3mu97,659,82,2128,re,re,False,worthlessness,0.0012203441212131154,0.0012203441212131154,0.4964175224304199,0.8263647556304932,0.38,1,1,953,FP32-token-IDs
BERT,k3mu97,659,83,2025,not,not,False,anger,-0.00023682333883785065,0.00023682333883785065,0.3507611155509949,0.31551653146743774,0.38,0,0,953,FP32-token-IDs
BERT,k3mu97,659,83,2025,not,not,False,brain dysfunction (forget),0.0008470426823589065,0.0008470426823589065,0.3152136206626892,0.09943170100450516,0.38,0,0,953,FP32-token-IDs
BERT,k3mu97,659,83,2025,not,not,False,emptiness,-0.002465911945771604,0.002465911945771604,0.25199806690216064,0.6372386813163757,0.38,0,1,953,FP32-token-IDs
BERT,k3mu97,659,83,2025,not,not,False,hopelessness,-0.00120146782802684,0.00120146782802684,0.5713253021240234,0.9911624193191528,0.38,1,1,953,FP32-token-IDs
BERT,k3mu97,659,83,2025,not,not,False,loneliness,-0.0040737978670568695,0.0040737978670568695,0.4571398198604584,0.7032500505447388,0.38,0,1,953,FP32-token-IDs
BERT,k3mu97,659,83,2025,not,not,False,sadness,-0.0016507405521614211,0.0016507405521614211,0.41641947627067566,0.9947109222412109,0.38,1,1,953,FP32-token-IDs
BERT,k3mu97,659,83,2025,not,not,False,suicide intent,-0.008415979853210352,0.008415979853210352,0.24135345220565796,0.24965988099575043,0.38,0,0,953,FP32-token-IDs
BERT,k3mu97,659,83,2025,not,not,False,worthlessness,0.0012203441212131154,0.0012203441212131154,0.4964175224304199,0.8263647556304932,0.38,1,1,953,FP32-token-IDs
BERT,k3mu97,659,84,2590,important,important,False,anger,-0.00023682333883785065,0.00023682333883785065,0.3507611155509949,0.31551653146743774,0.38,0,0,953,FP32-token-IDs
BERT,k3mu97,659,84,2590,important,important,False,brain dysfunction (forget),0.0008470426823589065,0.0008470426823589065,0.3152136206626892,0.09943170100450516,0.38,0,0,953,FP32-token-IDs
BERT,k3mu97,659,84,2590,important,important,False,emptiness,-0.002465911945771604,0.002465911945771604,0.25199806690216064,0.6372386813163757,0.38,0,1,953,FP32-token-IDs
BERT,k3mu97,659,84,2590,important,important,False,hopelessness,-0.00120146782802684,0.00120146782802684,0.5713253021240234,0.9911624193191528,0.38,1,1,953,FP32-token-IDs
BERT,k3mu97,659,84,2590,important,important,False,loneliness,-0.0040737978670568695,0.0040737978670568695,0.4571398198604584,0.7032500505447388,0.38,0,1,953,FP32-token-IDs
BERT,k3mu97,659,84,2590,important,important,False,sadness,-0.0016507405521614211,0.0016507405521614211,0.41641947627067566,0.9947109222412109,0.38,1,1,953,FP32-token-IDs
BERT,k3mu97,659,84,2590,important,important,False,suicide intent,-0.008415979853210352,0.008415979853210352,0.24135345220565796,0.24965988099575043,0.38,0,0,953,FP32-token-IDs
BERT,k3mu97,659,84,2590,important,important,False,worthlessness,0.0012203441212131154,0.0012203441212131154,0.4964175224304199,0.8263647556304932,0.38,1,1,953,FP32-token-IDs
BERT,k3mu97,659,85,1006,(,(,False,anger,-0.0001771334043171789,0.0001771334043171789,0.3507611155509949,0.31551653146743774,0.38,0,0,953,FP32-token-IDs
BERT,k3mu97,659,85,1006,(,(,False,brain dysfunction (forget),-0.0003846039471682161,0.0003846039471682161,0.3152136206626892,0.09943170100450516,0.38,0,0,953,FP32-token-IDs
BERT,k3mu97,659,85,1006,(,(,False,emptiness,-0.010200253621275936,0.010200253621275936,0.25199806690216064,0.6372386813163757,0.38,0,1,953,FP32-token-IDs
BERT,k3mu97,659,85,1006,(,(,False,hopelessness,-0.0018590593078572836,0.0018590593078572836,0.5713253021240234,0.9911624193191528,0.38,1,1,953,FP32-token-IDs
BERT,k3mu97,659,85,1006,(,(,False,loneliness,-0.015053667277762932,0.015053667277762932,0.4571398198604584,0.7032500505447388,0.38,0,1,953,FP32-token-IDs
BERT,k3mu97,659,85,1006,(,(,False,sadness,-0.00030145749250160795,0.00030145749250160795,0.41641947627067566,0.9947109222412109,0.38,1,1,953,FP32-token-IDs
BERT,k3mu97,659,85,1006,(,(,False,suicide intent,-0.003679907437929485,0.003679907437929485,0.24135345220565796,0.24965988099575043,0.38,0,0,953,FP32-token-IDs
BERT,k3mu97,659,85,1006,(,(,False,worthlessness,-0.0011239747130145719,0.0011239747130145719,0.4964175224304199,0.8263647556304932,0.38,1,1,953,FP32-token-IDs
BERT,k3mu97,659,86,1998,and,and,False,anger,-0.0001771334043171789,0.0001771334043171789,0.3507611155509949,0.31551653146743774,0.38,0,0,953,FP32-token-IDs
BERT,k3mu97,659,86,1998,and,and,False,brain dysfunction (forget),-0.0003846039471682161,0.0003846039471682161,0.3152136206626892,0.09943170100450516,0.38,0,0,953,FP32-token-IDs
BERT,k3mu97,659,86,1998,and,and,False,emptiness,-0.010200253621275936,0.010200253621275936,0.25199806690216064,0.6372386813163757,0.38,0,1,953,FP32-token-IDs
BERT,k3mu97,659,86,1998,and,and,False,hopelessness,-0.0018590593078572836,0.0018590593078572836,0.5713253021240234,0.9911624193191528,0.38,1,1,953,FP32-token-IDs
BERT,k3mu97,659,86,1998,and,and,False,loneliness,-0.015053667277762932,0.015053667277762932,0.4571398198604584,0.7032500505447388,0.38,0,1,953,FP32-token-IDs
BERT,k3mu97,659,86,1998,and,and,False,sadness,-0.00030145749250160795,0.00030145749250160795,0.41641947627067566,0.9947109222412109,0.38,1,1,953,FP32-token-IDs
BERT,k3mu97,659,86,1998,and,and,False,suicide intent,-0.003679907437929485,0.003679907437929485,0.24135345220565796,0.24965988099575043,0.38,0,0,953,FP32-token-IDs
BERT,k3mu97,659,86,1998,and,and,False,worthlessness,-0.0011239747130145719,0.0011239747130145719,0.4964175224304199,0.8263647556304932,0.38,1,1,953,FP32-token-IDs
BERT,k3mu97,659,87,2027,they,they,False,anger,-0.00031065087421752865,0.00031065087421752865,0.3507611155509949,0.31551653146743774,0.38,0,0,953,FP32-token-IDs
BERT,k3mu97,659,87,2027,they,they,False,brain dysfunction (forget),-0.00022949519916437566,0.00022949519916437566,0.3152136206626892,0.09943170100450516,0.38,0,0,953,FP32-token-IDs
BERT,k3mu97,659,87,2027,they,they,False,emptiness,-0.010010205724808787,0.010010205724808787,0.25199806690216064,0.6372386813163757,0.38,0,1,953,FP32-token-IDs
BERT,k3mu97,659,87,2027,they,they,False,hopelessness,-0.0029988124955534225,0.0029988124955534225,0.5713253021240234,0.9911624193191528,0.38,1,1,953,FP32-token-IDs
BERT,k3mu97,659,87,2027,they,they,False,loneliness,-0.01290657184463704,0.01290657184463704,0.4571398198604584,0.7032500505447388,0.38,0,1,953,FP32-token-IDs
BERT,k3mu97,659,87,2027,they,they,False,sadness,-0.001141145065914662,0.001141145065914662,0.41641947627067566,0.9947109222412109,0.38,1,1,953,FP32-token-IDs
BERT,k3mu97,659,87,2027,they,they,False,suicide intent,-0.0064304390529980006,0.0064304390529980006,0.24135345220565796,0.24965988099575043,0.38,0,0,953,FP32-token-IDs
BERT,k3mu97,659,87,2027,they,they,False,worthlessness,-0.0013327289412873578,0.0013327289412873578,0.4964175224304199,0.8263647556304932,0.38,1,1,953,FP32-token-IDs
BERT,k3mu97,659,88,1521,’,’,False,anger,-0.00031065087421752865,0.00031065087421752865,0.3507611155509949,0.31551653146743774,0.38,0,0,953,FP32-token-IDs
BERT,k3mu97,659,88,1521,’,’,False,brain dysfunction (forget),-0.00022949519916437566,0.00022949519916437566,0.3152136206626892,0.09943170100450516,0.38,0,0,953,FP32-token-IDs
BERT,k3mu97,659,88,1521,’,’,False,emptiness,-0.010010205724808787,0.010010205724808787,0.25199806690216064,0.6372386813163757,0.38,0,1,953,FP32-token-IDs
BERT,k3mu97,659,88,1521,’,’,False,hopelessness,-0.0029988124955534225,0.0029988124955534225,0.5713253021240234,0.9911624193191528,0.38,1,1,953,FP32-token-IDs
BERT,k3mu97,659,88,1521,’,’,False,loneliness,-0.01290657184463704,0.01290657184463704,0.4571398198604584,0.7032500505447388,0.38,0,1,953,FP32-token-IDs
BERT,k3mu97,659,88,1521,’,’,False,sadness,-0.001141145065914662,0.001141145065914662,0.41641947627067566,0.9947109222412109,0.38,1,1,953,FP32-token-IDs
BERT,k3mu97,659,88,1521,’,’,False,suicide intent,-0.0064304390529980006,0.0064304390529980006,0.24135345220565796,0.24965988099575043,0.38,0,0,953,FP32-token-IDs
BERT,k3mu97,659,88,1521,’,’,False,worthlessness,-0.0013327289412873578,0.0013327289412873578,0.4964175224304199,0.8263647556304932,0.38,1,1,953,FP32-token-IDs
BERT,k3mu97,659,89,2128,re,re,False,anger,-0.00031065087421752865,0.00031065087421752865,0.3507611155509949,0.31551653146743774,0.38,0,0,953,FP32-token-IDs
BERT,k3mu97,659,89,2128,re,re,False,brain dysfunction (forget),-0.00022949519916437566,0.00022949519916437566,0.3152136206626892,0.09943170100450516,0.38,0,0,953,FP32-token-IDs
BERT,k3mu97,659,89,2128,re,re,False,emptiness,-0.010010205724808787,0.010010205724808787,0.25199806690216064,0.6372386813163757,0.38,0,1,953,FP32-token-IDs
BERT,k3mu97,659,89,2128,re,re,False,hopelessness,-0.0029988124955534225,0.0029988124955534225,0.5713253021240234,0.9911624193191528,0.38,1,1,953,FP32-token-IDs
BERT,k3mu97,659,89,2128,re,re,False,loneliness,-0.01290657184463704,0.01290657184463704,0.4571398198604584,0.7032500505447388,0.38,0,1,953,FP32-token-IDs
BERT,k3mu97,659,89,2128,re,re,False,sadness,-0.001141145065914662,0.001141145065914662,0.41641947627067566,0.9947109222412109,0.38,1,1,953,FP32-token-IDs
BERT,k3mu97,659,89,2128,re,re,False,suicide intent,-0.0064304390529980006,0.0064304390529980006,0.24135345220565796,0.24965988099575043,0.38,0,0,953,FP32-token-IDs
BERT,k3mu97,659,89,2128,re,re,False,worthlessness,-0.0013327289412873578,0.0013327289412873578,0.4964175224304199,0.8263647556304932,0.38,1,1,953,FP32-token-IDs
BERT,k3mu97,659,90,3262,mostly,mostly,False,anger,-0.00031065087421752865,0.00031065087421752865,0.3507611155509949,0.31551653146743774,0.38,0,0,953,FP32-token-IDs
BERT,k3mu97,659,90,3262,mostly,mostly,False,brain dysfunction (forget),-0.00022949519916437566,0.00022949519916437566,0.3152136206626892,0.09943170100450516,0.38,0,0,953,FP32-token-IDs
BERT,k3mu97,659,90,3262,mostly,mostly,False,emptiness,-0.010010205724808787,0.010010205724808787,0.25199806690216064,0.6372386813163757,0.38,0,1,953,FP32-token-IDs
BERT,k3mu97,659,90,3262,mostly,mostly,False,hopelessness,-0.0029988124955534225,0.0029988124955534225,0.5713253021240234,0.9911624193191528,0.38,1,1,953,FP32-token-IDs
BERT,k3mu97,659,90,3262,mostly,mostly,False,loneliness,-0.01290657184463704,0.01290657184463704,0.4571398198604584,0.7032500505447388,0.38,0,1,953,FP32-token-IDs
BERT,k3mu97,659,90,3262,mostly,mostly,False,sadness,-0.001141145065914662,0.001141145065914662,0.41641947627067566,0.9947109222412109,0.38,1,1,953,FP32-token-IDs
BERT,k3mu97,659,90,3262,mostly,mostly,False,suicide intent,-0.0064304390529980006,0.0064304390529980006,0.24135345220565796,0.24965988099575043,0.38,0,0,953,FP32-token-IDs
BERT,k3mu97,659,90,3262,mostly,mostly,False,worthlessness,-0.0013327289412873578,0.0013327289412873578,0.4964175224304199,0.8263647556304932,0.38,1,1,953,FP32-token-IDs
BERT,k3mu97,659,91,29170,triggering,triggering,False,anger,-0.00031065087421752865,0.00031065087421752865,0.3507611155509949,0.31551653146743774,0.38,0,0,953,FP32-token-IDs
BERT,k3mu97,659,91,29170,triggering,triggering,False,brain dysfunction (forget),-0.00022949519916437566,0.00022949519916437566,0.3152136206626892,0.09943170100450516,0.38,0,0,953,FP32-token-IDs
BERT,k3mu97,659,91,29170,triggering,triggering,False,emptiness,-0.010010205724808787,0.010010205724808787,0.25199806690216064,0.6372386813163757,0.38,0,1,953,FP32-token-IDs
BERT,k3mu97,659,91,29170,triggering,triggering,False,hopelessness,-0.0029988124955534225,0.0029988124955534225,0.5713253021240234,0.9911624193191528,0.38,1,1,953,FP32-token-IDs
BERT,k3mu97,659,91,29170,triggering,triggering,False,loneliness,-0.01290657184463704,0.01290657184463704,0.4571398198604584,0.7032500505447388,0.38,0,1,953,FP32-token-IDs
BERT,k3mu97,659,91,29170,triggering,triggering,False,sadness,-0.001141145065914662,0.001141145065914662,0.41641947627067566,0.9947109222412109,0.38,1,1,953,FP32-token-IDs
BERT,k3mu97,659,91,29170,triggering,triggering,False,suicide intent,-0.0064304390529980006,0.0064304390529980006,0.24135345220565796,0.24965988099575043,0.38,0,0,953,FP32-token-IDs
BERT,k3mu97,659,91,29170,triggering,triggering,False,worthlessness,-0.0013327289412873578,0.0013327289412873578,0.4964175224304199,0.8263647556304932,0.38,1,1,953,FP32-token-IDs
BERT,k3mu97,659,92,1007,),),False,anger,-0.00031065087421752865,0.00031065087421752865,0.3507611155509949,0.31551653146743774,0.38,0,0,953,FP32-token-IDs
BERT,k3mu97,659,92,1007,),),False,brain dysfunction (forget),-0.00022949519916437566,0.00022949519916437566,0.3152136206626892,0.09943170100450516,0.38,0,0,953,FP32-token-IDs
BERT,k3mu97,659,92,1007,),),False,emptiness,-0.010010205724808787,0.010010205724808787,0.25199806690216064,0.6372386813163757,0.38,0,1,953,FP32-token-IDs
BERT,k3mu97,659,92,1007,),),False,hopelessness,-0.0029988124955534225,0.0029988124955534225,0.5713253021240234,0.9911624193191528,0.38,1,1,953,FP32-token-IDs
BERT,k3mu97,659,92,1007,),),False,loneliness,-0.01290657184463704,0.01290657184463704,0.4571398198604584,0.7032500505447388,0.38,0,1,953,FP32-token-IDs
BERT,k3mu97,659,92,1007,),),False,sadness,-0.001141145065914662,0.001141145065914662,0.41641947627067566,0.9947109222412109,0.38,1,1,953,FP32-token-IDs
BERT,k3mu97,659,92,1007,),),False,suicide intent,-0.0064304390529980006,0.0064304390529980006,0.24135345220565796,0.24965988099575043,0.38,0,0,953,FP32-token-IDs
BERT,k3mu97,659,92,1007,),),False,worthlessness,-0.0013327289412873578,0.0013327289412873578,0.4964175224304199,0.8263647556304932,0.38,1,1,953,FP32-token-IDs
BERT,k3mu97,659,93,2008,that,that,False,anger,-0.002927689276458252,0.002927689276458252,0.3507611155509949,0.31551653146743774,0.38,0,0,953,FP32-token-IDs
BERT,k3mu97,659,93,2008,that,that,False,brain dysfunction (forget),-0.0014133867574855686,0.0014133867574855686,0.3152136206626892,0.09943170100450516,0.38,0,0,953,FP32-token-IDs
BERT,k3mu97,659,93,2008,that,that,False,emptiness,-0.006290215699534332,0.006290215699534332,0.25199806690216064,0.6372386813163757,0.38,0,1,953,FP32-token-IDs
BERT,k3mu97,659,93,2008,that,that,False,hopelessness,-0.0031593394066606246,0.0031593394066606246,0.5713253021240234,0.9911624193191528,0.38,1,1,953,FP32-token-IDs
BERT,k3mu97,659,93,2008,that,that,False,loneliness,-0.00708282141547118,0.00708282141547118,0.4571398198604584,0.7032500505447388,0.38,0,1,953,FP32-token-IDs
BERT,k3mu97,659,93,2008,that,that,False,sadness,0.0005579567425662563,0.0005579567425662563,0.41641947627067566,0.9947109222412109,0.38,1,1,953,FP32-token-IDs
BERT,k3mu97,659,93,2008,that,that,False,suicide intent,-0.005012475544520255,0.005012475544520255,0.24135345220565796,0.24965988099575043,0.38,0,0,953,FP32-token-IDs
BERT,k3mu97,659,93,2008,that,that,False,worthlessness,-0.0035631044002782017,0.0035631044002782017,0.4964175224304199,0.8263647556304932,0.38,1,1,953,FP32-token-IDs
BERT,k3mu97,659,94,2154,day,day,False,anger,-0.002927689276458252,0.002927689276458252,0.3507611155509949,0.31551653146743774,0.38,0,0,953,FP32-token-IDs
BERT,k3mu97,659,94,2154,day,day,False,brain dysfunction (forget),-0.0014133867574855686,0.0014133867574855686,0.3152136206626892,0.09943170100450516,0.38,0,0,953,FP32-token-IDs
BERT,k3mu97,659,94,2154,day,day,False,emptiness,-0.006290215699534332,0.006290215699534332,0.25199806690216064,0.6372386813163757,0.38,0,1,953,FP32-token-IDs
BERT,k3mu97,659,94,2154,day,day,False,hopelessness,-0.0031593394066606246,0.0031593394066606246,0.5713253021240234,0.9911624193191528,0.38,1,1,953,FP32-token-IDs
BERT,k3mu97,659,94,2154,day,day,False,loneliness,-0.00708282141547118,0.00708282141547118,0.4571398198604584,0.7032500505447388,0.38,0,1,953,FP32-token-IDs
BERT,k3mu97,659,94,2154,day,day,False,sadness,0.0005579567425662563,0.0005579567425662563,0.41641947627067566,0.9947109222412109,0.38,1,1,953,FP32-token-IDs
BERT,k3mu97,659,94,2154,day,day,False,suicide intent,-0.005012475544520255,0.005012475544520255,0.24135345220565796,0.24965988099575043,0.38,0,0,953,FP32-token-IDs
BERT,k3mu97,659,94,2154,day,day,False,worthlessness,-0.0035631044002782017,0.0035631044002782017,0.4964175224304199,0.8263647556304932,0.38,1,1,953,FP32-token-IDs
BERT,k3mu97,659,95,1045,i,i,False,anger,-0.0029276892764582524,0.0029276892764582524,0.3507611155509949,0.31551653146743774,0.38,0,0,953,FP32-token-IDs
BERT,k3mu97,659,95,1045,i,i,False,brain dysfunction (forget),-0.0014133867574855684,0.0014133867574855684,0.3152136206626892,0.09943170100450516,0.38,0,0,953,FP32-token-IDs
BERT,k3mu97,659,95,1045,i,i,False,emptiness,-0.006290215699534332,0.006290215699534332,0.25199806690216064,0.6372386813163757,0.38,0,1,953,FP32-token-IDs
BERT,k3mu97,659,95,1045,i,i,False,hopelessness,-0.0031593394066606246,0.0031593394066606246,0.5713253021240234,0.9911624193191528,0.38,1,1,953,FP32-token-IDs
BERT,k3mu97,659,95,1045,i,i,False,loneliness,-0.0070828214154711805,0.0070828214154711805,0.4571398198604584,0.7032500505447388,0.38,0,1,953,FP32-token-IDs
BERT,k3mu97,659,95,1045,i,i,False,sadness,0.0005579567425662564,0.0005579567425662564,0.41641947627067566,0.9947109222412109,0.38,1,1,953,FP32-token-IDs
BERT,k3mu97,659,95,1045,i,i,False,suicide intent,-0.005012475544520254,0.005012475544520254,0.24135345220565796,0.24965988099575043,0.38,0,0,953,FP32-token-IDs
BERT,k3mu97,659,95,1045,i,i,False,worthlessness,-0.0035631044002782017,0.0035631044002782017,0.4964175224304199,0.8263647556304932,0.38,1,1,953,FP32-token-IDs
BERT,k3mu97,659,96,2387,saw,saw,False,anger,-0.0029276892764582524,0.0029276892764582524,0.3507611155509949,0.31551653146743774,0.38,0,0,953,FP32-token-IDs
BERT,k3mu97,659,96,2387,saw,saw,False,brain dysfunction (forget),-0.0014133867574855684,0.0014133867574855684,0.3152136206626892,0.09943170100450516,0.38,0,0,953,FP32-token-IDs
BERT,k3mu97,659,96,2387,saw,saw,False,emptiness,-0.006290215699534332,0.006290215699534332,0.25199806690216064,0.6372386813163757,0.38,0,1,953,FP32-token-IDs
BERT,k3mu97,659,96,2387,saw,saw,False,hopelessness,-0.0031593394066606246,0.0031593394066606246,0.5713253021240234,0.9911624193191528,0.38,1,1,953,FP32-token-IDs
BERT,k3mu97,659,96,2387,saw,saw,False,loneliness,-0.0070828214154711805,0.0070828214154711805,0.4571398198604584,0.7032500505447388,0.38,0,1,953,FP32-token-IDs
BERT,k3mu97,659,96,2387,saw,saw,False,sadness,0.0005579567425662564,0.0005579567425662564,0.41641947627067566,0.9947109222412109,0.38,1,1,953,FP32-token-IDs
BERT,k3mu97,659,96,2387,saw,saw,False,suicide intent,-0.005012475544520254,0.005012475544520254,0.24135345220565796,0.24965988099575043,0.38,0,0,953,FP32-token-IDs
BERT,k3mu97,659,96,2387,saw,saw,False,worthlessness,-0.0035631044002782017,0.0035631044002782017,0.4964175224304199,0.8263647556304932,0.38,1,1,953,FP32-token-IDs
BERT,k3mu97,659,97,2673,everything,everything,False,anger,-0.0029276892764582524,0.0029276892764582524,0.3507611155509949,0.31551653146743774,0.38,0,0,953,FP32-token-IDs
BERT,k3mu97,659,97,2673,everything,everything,False,brain dysfunction (forget),-0.0014133867574855684,0.0014133867574855684,0.3152136206626892,0.09943170100450516,0.38,0,0,953,FP32-token-IDs
BERT,k3mu97,659,97,2673,everything,everything,False,emptiness,-0.006290215699534332,0.006290215699534332,0.25199806690216064,0.6372386813163757,0.38,0,1,953,FP32-token-IDs
BERT,k3mu97,659,97,2673,everything,everything,False,hopelessness,-0.0031593394066606246,0.0031593394066606246,0.5713253021240234,0.9911624193191528,0.38,1,1,953,FP32-token-IDs
BERT,k3mu97,659,97,2673,everything,everything,False,loneliness,-0.0070828214154711805,0.0070828214154711805,0.4571398198604584,0.7032500505447388,0.38,0,1,953,FP32-token-IDs
BERT,k3mu97,659,97,2673,everything,everything,False,sadness,0.0005579567425662564,0.0005579567425662564,0.41641947627067566,0.9947109222412109,0.38,1,1,953,FP32-token-IDs
BERT,k3mu97,659,97,2673,everything,everything,False,suicide intent,-0.005012475544520254,0.005012475544520254,0.24135345220565796,0.24965988099575043,0.38,0,0,953,FP32-token-IDs
BERT,k3mu97,659,97,2673,everything,everything,False,worthlessness,-0.0035631044002782017,0.0035631044002782017,0.4964175224304199,0.8263647556304932,0.38,1,1,953,FP32-token-IDs
BERT,k3mu97,659,98,1010,",",",",False,anger,-0.0012454467581673747,0.0012454467581673747,0.3507611155509949,0.31551653146743774,0.38,0,0,953,FP32-token-IDs
BERT,k3mu97,659,98,1010,",",",",False,brain dysfunction (forget),-0.0002234795829281211,0.0002234795829281211,0.3152136206626892,0.09943170100450516,0.38,0,0,953,FP32-token-IDs
BERT,k3mu97,659,98,1010,",",",",False,emptiness,-0.0053098210399704325,0.0053098210399704325,0.25199806690216064,0.6372386813163757,0.38,0,1,953,FP32-token-IDs
BERT,k3mu97,659,98,1010,",",",",False,hopelessness,-0.00045745620237929477,0.00045745620237929477,0.5713253021240234,0.9911624193191528,0.38,1,1,953,FP32-token-IDs
BERT,k3mu97,659,98,1010,",",",",False,loneliness,-0.00755895281742726,0.00755895281742726,0.4571398198604584,0.7032500505447388,0.38,0,1,953,FP32-token-IDs
BERT,k3mu97,659,98,1010,",",",",False,sadness,0.0006003423505240962,0.0006003423505240962,0.41641947627067566,0.9947109222412109,0.38,1,1,953,FP32-token-IDs
BERT,k3mu97,659,98,1010,",",",",False,suicide intent,-0.003320925062455769,0.003320925062455769,0.24135345220565796,0.24965988099575043,0.38,0,0,953,FP32-token-IDs
BERT,k3mu97,659,98,1010,",",",",False,worthlessness,-0.000414460215584508,0.000414460215584508,0.4964175224304199,0.8263647556304932,0.38,1,1,953,FP32-token-IDs
BERT,k3mu97,659,99,1998,and,and,False,anger,-0.0036277253629772785,0.0036277253629772785,0.3507611155509949,0.31551653146743774,0.38,0,0,953,FP32-token-IDs
BERT,k3mu97,659,99,1998,and,and,False,brain dysfunction (forget),-0.002209147916541302,0.002209147916541302,0.3152136206626892,0.09943170100450516,0.38,0,0,953,FP32-token-IDs
BERT,k3mu97,659,99,1998,and,and,False,emptiness,-0.0014209298017833914,0.0014209298017833914,0.25199806690216064,0.6372386813163757,0.38,0,1,953,FP32-token-IDs
BERT,k3mu97,659,99,1998,and,and,False,hopelessness,-0.001156128291040659,0.001156128291040659,0.5713253021240234,0.9911624193191528,0.38,1,1,953,FP32-token-IDs
BERT,k3mu97,659,99,1998,and,and,False,loneliness,-0.0010631974187812635,0.0010631974187812635,0.4571398198604584,0.7032500505447388,0.38,0,1,953,FP32-token-IDs
BERT,k3mu97,659,99,1998,and,and,False,sadness,0.0030268623260781167,0.0030268623260781167,0.41641947627067566,0.9947109222412109,0.38,1,1,953,FP32-token-IDs
BERT,k3mu97,659,99,1998,and,and,False,suicide intent,-0.004611133424831289,0.004611133424831289,0.24135345220565796,0.24965988099575043,0.38,0,0,953,FP32-token-IDs
BERT,k3mu97,659,99,1998,and,and,False,worthlessness,-0.0029498441556435346,0.0029498441556435346,0.4964175224304199,0.8263647556304932,0.38,1,1,953,FP32-token-IDs
BERT,k3mu97,659,100,2016,she,she,False,anger,-0.0036277253629772785,0.0036277253629772785,0.3507611155509949,0.31551653146743774,0.38,0,0,953,FP32-token-IDs
BERT,k3mu97,659,100,2016,she,she,False,brain dysfunction (forget),-0.002209147916541302,0.002209147916541302,0.3152136206626892,0.09943170100450516,0.38,0,0,953,FP32-token-IDs
BERT,k3mu97,659,100,2016,she,she,False,emptiness,-0.0014209298017833914,0.0014209298017833914,0.25199806690216064,0.6372386813163757,0.38,0,1,953,FP32-token-IDs
BERT,k3mu97,659,100,2016,she,she,False,hopelessness,-0.001156128291040659,0.001156128291040659,0.5713253021240234,0.9911624193191528,0.38,1,1,953,FP32-token-IDs
BERT,k3mu97,659,100,2016,she,she,False,loneliness,-0.0010631974187812635,0.0010631974187812635,0.4571398198604584,0.7032500505447388,0.38,0,1,953,FP32-token-IDs
BERT,k3mu97,659,100,2016,she,she,False,sadness,0.0030268623260781167,0.0030268623260781167,0.41641947627067566,0.9947109222412109,0.38,1,1,953,FP32-token-IDs
BERT,k3mu97,659,100,2016,she,she,False,suicide intent,-0.004611133424831289,0.004611133424831289,0.24135345220565796,0.24965988099575043,0.38,0,0,953,FP32-token-IDs
BERT,k3mu97,659,100,2016,she,she,False,worthlessness,-0.0029498441556435346,0.0029498441556435346,0.4964175224304199,0.8263647556304932,0.38,1,1,953,FP32-token-IDs
BERT,k3mu97,659,101,2001,was,was,False,anger,-0.0036277253629772785,0.0036277253629772785,0.3507611155509949,0.31551653146743774,0.38,0,0,953,FP32-token-IDs
BERT,k3mu97,659,101,2001,was,was,False,brain dysfunction (forget),-0.002209147916541302,0.002209147916541302,0.3152136206626892,0.09943170100450516,0.38,0,0,953,FP32-token-IDs
BERT,k3mu97,659,101,2001,was,was,False,emptiness,-0.0014209298017833914,0.0014209298017833914,0.25199806690216064,0.6372386813163757,0.38,0,1,953,FP32-token-IDs
BERT,k3mu97,659,101,2001,was,was,False,hopelessness,-0.001156128291040659,0.001156128291040659,0.5713253021240234,0.9911624193191528,0.38,1,1,953,FP32-token-IDs
BERT,k3mu97,659,101,2001,was,was,False,loneliness,-0.0010631974187812635,0.0010631974187812635,0.4571398198604584,0.7032500505447388,0.38,0,1,953,FP32-token-IDs
BERT,k3mu97,659,101,2001,was,was,False,sadness,0.0030268623260781167,0.0030268623260781167,0.41641947627067566,0.9947109222412109,0.38,1,1,953,FP32-token-IDs
BERT,k3mu97,659,101,2001,was,was,False,suicide intent,-0.004611133424831289,0.004611133424831289,0.24135345220565796,0.24965988099575043,0.38,0,0,953,FP32-token-IDs
BERT,k3mu97,659,101,2001,was,was,False,worthlessness,-0.0029498441556435346,0.0029498441556435346,0.4964175224304199,0.8263647556304932,0.38,1,1,953,FP32-token-IDs
BERT,k3mu97,659,102,2145,still,still,False,anger,-0.0036277253629772785,0.0036277253629772785,0.3507611155509949,0.31551653146743774,0.38,0,0,953,FP32-token-IDs
BERT,k3mu97,659,102,2145,still,still,False,brain dysfunction (forget),-0.002209147916541302,0.002209147916541302,0.3152136206626892,0.09943170100450516,0.38,0,0,953,FP32-token-IDs
BERT,k3mu97,659,102,2145,still,still,False,emptiness,-0.0014209298017833914,0.0014209298017833914,0.25199806690216064,0.6372386813163757,0.38,0,1,953,FP32-token-IDs
BERT,k3mu97,659,102,2145,still,still,False,hopelessness,-0.001156128291040659,0.001156128291040659,0.5713253021240234,0.9911624193191528,0.38,1,1,953,FP32-token-IDs
BERT,k3mu97,659,102,2145,still,still,False,loneliness,-0.0010631974187812635,0.0010631974187812635,0.4571398198604584,0.7032500505447388,0.38,0,1,953,FP32-token-IDs
BERT,k3mu97,659,102,2145,still,still,False,sadness,0.0030268623260781167,0.0030268623260781167,0.41641947627067566,0.9947109222412109,0.38,1,1,953,FP32-token-IDs
BERT,k3mu97,659,102,2145,still,still,False,suicide intent,-0.004611133424831289,0.004611133424831289,0.24135345220565796,0.24965988099575043,0.38,0,0,953,FP32-token-IDs
BERT,k3mu97,659,102,2145,still,still,False,worthlessness,-0.0029498441556435346,0.0029498441556435346,0.4964175224304199,0.8263647556304932,0.38,1,1,953,FP32-token-IDs
BERT,k3mu97,659,103,1523,“,“,False,anger,-0.0036277253629772785,0.0036277253629772785,0.3507611155509949,0.31551653146743774,0.38,0,0,953,FP32-token-IDs
BERT,k3mu97,659,103,1523,“,“,False,brain dysfunction (forget),-0.002209147916541302,0.002209147916541302,0.3152136206626892,0.09943170100450516,0.38,0,0,953,FP32-token-IDs
BERT,k3mu97,659,103,1523,“,“,False,emptiness,-0.0014209298017833914,0.0014209298017833914,0.25199806690216064,0.6372386813163757,0.38,0,1,953,FP32-token-IDs
BERT,k3mu97,659,103,1523,“,“,False,hopelessness,-0.001156128291040659,0.001156128291040659,0.5713253021240234,0.9911624193191528,0.38,1,1,953,FP32-token-IDs
BERT,k3mu97,659,103,1523,“,“,False,loneliness,-0.0010631974187812635,0.0010631974187812635,0.4571398198604584,0.7032500505447388,0.38,0,1,953,FP32-token-IDs
BERT,k3mu97,659,103,1523,“,“,False,sadness,0.0030268623260781167,0.0030268623260781167,0.41641947627067566,0.9947109222412109,0.38,1,1,953,FP32-token-IDs
BERT,k3mu97,659,103,1523,“,“,False,suicide intent,-0.004611133424831289,0.004611133424831289,0.24135345220565796,0.24965988099575043,0.38,0,0,953,FP32-token-IDs
BERT,k3mu97,659,103,1523,“,“,False,worthlessness,-0.0029498441556435346,0.0029498441556435346,0.4964175224304199,0.8263647556304932,0.38,1,1,953,FP32-token-IDs
BERT,k3mu97,659,104,4142,alive,alive,False,anger,-0.004664654702147735,0.004664654702147735,0.3507611155509949,0.31551653146743774,0.38,0,0,953,FP32-token-IDs
BERT,k3mu97,659,104,4142,alive,alive,False,brain dysfunction (forget),-0.0023579649596718985,0.0023579649596718985,0.3152136206626892,0.09943170100450516,0.38,0,0,953,FP32-token-IDs
BERT,k3mu97,659,104,4142,alive,alive,False,emptiness,-0.001749932477694182,0.001749932477694182,0.25199806690216064,0.6372386813163757,0.38,0,1,953,FP32-token-IDs
BERT,k3mu97,659,104,4142,alive,alive,False,hopelessness,-0.0006685969419777393,0.0006685969419777393,0.5713253021240234,0.9911624193191528,0.38,1,1,953,FP32-token-IDs
BERT,k3mu97,659,104,4142,alive,alive,False,loneliness,-0.0020367889997682403,0.0020367889997682403,0.4571398198604584,0.7032500505447388,0.38,0,1,953,FP32-token-IDs
BERT,k3mu97,659,104,4142,alive,alive,False,sadness,0.003603653865866363,0.003603653865866363,0.41641947627067566,0.9947109222412109,0.38,1,1,953,FP32-token-IDs
BERT,k3mu97,659,104,4142,alive,alive,False,suicide intent,-0.006406317703381535,0.006406317703381535,0.24135345220565796,0.24965988099575043,0.38,0,0,953,FP32-token-IDs
BERT,k3mu97,659,104,4142,alive,alive,False,worthlessness,-0.0029928819144732274,0.0029928819144732274,0.4964175224304199,0.8263647556304932,0.38,1,1,953,FP32-token-IDs
BERT,k3mu97,659,105,1524,”,”,False,anger,-0.004664654702147735,0.004664654702147735,0.3507611155509949,0.31551653146743774,0.38,0,0,953,FP32-token-IDs
BERT,k3mu97,659,105,1524,”,”,False,brain dysfunction (forget),-0.0023579649596718985,0.0023579649596718985,0.3152136206626892,0.09943170100450516,0.38,0,0,953,FP32-token-IDs
BERT,k3mu97,659,105,1524,”,”,False,emptiness,-0.001749932477694182,0.001749932477694182,0.25199806690216064,0.6372386813163757,0.38,0,1,953,FP32-token-IDs
BERT,k3mu97,659,105,1524,”,”,False,hopelessness,-0.0006685969419777393,0.0006685969419777393,0.5713253021240234,0.9911624193191528,0.38,1,1,953,FP32-token-IDs
BERT,k3mu97,659,105,1524,”,”,False,loneliness,-0.0020367889997682403,0.0020367889997682403,0.4571398198604584,0.7032500505447388,0.38,0,1,953,FP32-token-IDs
BERT,k3mu97,659,105,1524,”,”,False,sadness,0.003603653865866363,0.003603653865866363,0.41641947627067566,0.9947109222412109,0.38,1,1,953,FP32-token-IDs
BERT,k3mu97,659,105,1524,”,”,False,suicide intent,-0.006406317703381535,0.006406317703381535,0.24135345220565796,0.24965988099575043,0.38,0,0,953,FP32-token-IDs
BERT,k3mu97,659,105,1524,”,”,False,worthlessness,-0.0029928819144732274,0.0029928819144732274,0.4964175224304199,0.8263647556304932,0.38,1,1,953,FP32-token-IDs
BERT,k3mu97,659,106,1998,and,and,False,anger,-0.004664654702147735,0.004664654702147735,0.3507611155509949,0.31551653146743774,0.38,0,0,953,FP32-token-IDs
BERT,k3mu97,659,106,1998,and,and,False,brain dysfunction (forget),-0.0023579649596718985,0.0023579649596718985,0.3152136206626892,0.09943170100450516,0.38,0,0,953,FP32-token-IDs
BERT,k3mu97,659,106,1998,and,and,False,emptiness,-0.001749932477694182,0.001749932477694182,0.25199806690216064,0.6372386813163757,0.38,0,1,953,FP32-token-IDs
BERT,k3mu97,659,106,1998,and,and,False,hopelessness,-0.0006685969419777393,0.0006685969419777393,0.5713253021240234,0.9911624193191528,0.38,1,1,953,FP32-token-IDs
BERT,k3mu97,659,106,1998,and,and,False,loneliness,-0.0020367889997682403,0.0020367889997682403,0.4571398198604584,0.7032500505447388,0.38,0,1,953,FP32-token-IDs
BERT,k3mu97,659,106,1998,and,and,False,sadness,0.003603653865866363,0.003603653865866363,0.41641947627067566,0.9947109222412109,0.38,1,1,953,FP32-token-IDs
BERT,k3mu97,659,106,1998,and,and,False,suicide intent,-0.006406317703381535,0.006406317703381535,0.24135345220565796,0.24965988099575043,0.38,0,0,953,FP32-token-IDs
BERT,k3mu97,659,106,1998,and,and,False,worthlessness,-0.0029928819144732274,0.0029928819144732274,0.4964175224304199,0.8263647556304932,0.38,1,1,953,FP32-token-IDs
BERT,k3mu97,659,107,2001,was,was,False,anger,-0.002949327806986514,0.002949327806986514,0.3507611155509949,0.31551653146743774,0.38,0,0,953,FP32-token-IDs
BERT,k3mu97,659,107,2001,was,was,False,brain dysfunction (forget),-0.002179874983128337,0.002179874983128337,0.3152136206626892,0.09943170100450516,0.38,0,0,953,FP32-token-IDs
BERT,k3mu97,659,107,2001,was,was,False,emptiness,-0.006299553150754598,0.006299553150754598,0.25199806690216064,0.6372386813163757,0.38,0,1,953,FP32-token-IDs
BERT,k3mu97,659,107,2001,was,was,False,hopelessness,-0.004545593323806921,0.004545593323806921,0.5713253021240234,0.9911624193191528,0.38,1,1,953,FP32-token-IDs
BERT,k3mu97,659,107,2001,was,was,False,loneliness,-0.00633972878789618,0.00633972878789618,0.4571398198604584,0.7032500505447388,0.38,0,1,953,FP32-token-IDs
BERT,k3mu97,659,107,2001,was,was,False,sadness,0.001442577845106522,0.001442577845106522,0.41641947627067566,0.9947109222412109,0.38,1,1,953,FP32-token-IDs
BERT,k3mu97,659,107,2001,was,was,False,suicide intent,-0.0018256541280563744,0.0018256541280563744,0.24135345220565796,0.24965988099575043,0.38,0,0,953,FP32-token-IDs
BERT,k3mu97,659,107,2001,was,was,False,worthlessness,-0.0037359912447365263,0.0037359912447365263,0.4964175224304199,0.8263647556304932,0.38,1,1,953,FP32-token-IDs
BERT,k3mu97,659,108,2716,brought,brought,False,anger,-0.002949327806986514,0.002949327806986514,0.3507611155509949,0.31551653146743774,0.38,0,0,953,FP32-token-IDs
BERT,k3mu97,659,108,2716,brought,brought,False,brain dysfunction (forget),-0.002179874983128337,0.002179874983128337,0.3152136206626892,0.09943170100450516,0.38,0,0,953,FP32-token-IDs
BERT,k3mu97,659,108,2716,brought,brought,False,emptiness,-0.006299553150754598,0.006299553150754598,0.25199806690216064,0.6372386813163757,0.38,0,1,953,FP32-token-IDs
BERT,k3mu97,659,108,2716,brought,brought,False,hopelessness,-0.004545593323806921,0.004545593323806921,0.5713253021240234,0.9911624193191528,0.38,1,1,953,FP32-token-IDs
BERT,k3mu97,659,108,2716,brought,brought,False,loneliness,-0.00633972878789618,0.00633972878789618,0.4571398198604584,0.7032500505447388,0.38,0,1,953,FP32-token-IDs
BERT,k3mu97,659,108,2716,brought,brought,False,sadness,0.001442577845106522,0.001442577845106522,0.41641947627067566,0.9947109222412109,0.38,1,1,953,FP32-token-IDs
BERT,k3mu97,659,108,2716,brought,brought,False,suicide intent,-0.0018256541280563744,0.0018256541280563744,0.24135345220565796,0.24965988099575043,0.38,0,0,953,FP32-token-IDs
BERT,k3mu97,659,108,2716,brought,brought,False,worthlessness,-0.0037359912447365263,0.0037359912447365263,0.4964175224304199,0.8263647556304932,0.38,1,1,953,FP32-token-IDs
BERT,k3mu97,659,109,2000,to,to,False,anger,-0.002949327806986514,0.002949327806986514,0.3507611155509949,0.31551653146743774,0.38,0,0,953,FP32-token-IDs
BERT,k3mu97,659,109,2000,to,to,False,brain dysfunction (forget),-0.002179874983128337,0.002179874983128337,0.3152136206626892,0.09943170100450516,0.38,0,0,953,FP32-token-IDs
BERT,k3mu97,659,109,2000,to,to,False,emptiness,-0.006299553150754598,0.006299553150754598,0.25199806690216064,0.6372386813163757,0.38,0,1,953,FP32-token-IDs
BERT,k3mu97,659,109,2000,to,to,False,hopelessness,-0.004545593323806922,0.004545593323806922,0.5713253021240234,0.9911624193191528,0.38,1,1,953,FP32-token-IDs
BERT,k3mu97,659,109,2000,to,to,False,loneliness,-0.006339728787896179,0.006339728787896179,0.4571398198604584,0.7032500505447388,0.38,0,1,953,FP32-token-IDs
BERT,k3mu97,659,109,2000,to,to,False,sadness,0.0014425778451065223,0.0014425778451065223,0.41641947627067566,0.9947109222412109,0.38,1,1,953,FP32-token-IDs
BERT,k3mu97,659,109,2000,to,to,False,suicide intent,-0.0018256541280563747,0.0018256541280563747,0.24135345220565796,0.24965988099575043,0.38,0,0,953,FP32-token-IDs
BERT,k3mu97,659,109,2000,to,to,False,worthlessness,-0.0037359912447365268,0.0037359912447365268,0.4964175224304199,0.8263647556304932,0.38,1,1,953,FP32-token-IDs
BERT,k3mu97,659,110,1996,the,the,False,anger,-0.002949327806986514,0.002949327806986514,0.3507611155509949,0.31551653146743774,0.38,0,0,953,FP32-token-IDs
BERT,k3mu97,659,110,1996,the,the,False,brain dysfunction (forget),-0.002179874983128337,0.002179874983128337,0.3152136206626892,0.09943170100450516,0.38,0,0,953,FP32-token-IDs
BERT,k3mu97,659,110,1996,the,the,False,emptiness,-0.006299553150754598,0.006299553150754598,0.25199806690216064,0.6372386813163757,0.38,0,1,953,FP32-token-IDs
BERT,k3mu97,659,110,1996,the,the,False,hopelessness,-0.004545593323806922,0.004545593323806922,0.5713253021240234,0.9911624193191528,0.38,1,1,953,FP32-token-IDs
BERT,k3mu97,659,110,1996,the,the,False,loneliness,-0.006339728787896179,0.006339728787896179,0.4571398198604584,0.7032500505447388,0.38,0,1,953,FP32-token-IDs
BERT,k3mu97,659,110,1996,the,the,False,sadness,0.0014425778451065223,0.0014425778451065223,0.41641947627067566,0.9947109222412109,0.38,1,1,953,FP32-token-IDs
BERT,k3mu97,659,110,1996,the,the,False,suicide intent,-0.0018256541280563747,0.0018256541280563747,0.24135345220565796,0.24965988099575043,0.38,0,0,953,FP32-token-IDs
BERT,k3mu97,659,110,1996,the,the,False,worthlessness,-0.0037359912447365268,0.0037359912447365268,0.4964175224304199,0.8263647556304932,0.38,1,1,953,FP32-token-IDs
BERT,k3mu97,659,111,2902,hospital,hospital,False,anger,-0.002949327806986514,0.002949327806986514,0.3507611155509949,0.31551653146743774,0.38,0,0,953,FP32-token-IDs
BERT,k3mu97,659,111,2902,hospital,hospital,False,brain dysfunction (forget),-0.002179874983128337,0.002179874983128337,0.3152136206626892,0.09943170100450516,0.38,0,0,953,FP32-token-IDs
BERT,k3mu97,659,111,2902,hospital,hospital,False,emptiness,-0.006299553150754598,0.006299553150754598,0.25199806690216064,0.6372386813163757,0.38,0,1,953,FP32-token-IDs
BERT,k3mu97,659,111,2902,hospital,hospital,False,hopelessness,-0.004545593323806922,0.004545593323806922,0.5713253021240234,0.9911624193191528,0.38,1,1,953,FP32-token-IDs
BERT,k3mu97,659,111,2902,hospital,hospital,False,loneliness,-0.006339728787896179,0.006339728787896179,0.4571398198604584,0.7032500505447388,0.38,0,1,953,FP32-token-IDs
BERT,k3mu97,659,111,2902,hospital,hospital,False,sadness,0.0014425778451065223,0.0014425778451065223,0.41641947627067566,0.9947109222412109,0.38,1,1,953,FP32-token-IDs
BERT,k3mu97,659,111,2902,hospital,hospital,False,suicide intent,-0.0018256541280563747,0.0018256541280563747,0.24135345220565796,0.24965988099575043,0.38,0,0,953,FP32-token-IDs
BERT,k3mu97,659,111,2902,hospital,hospital,False,worthlessness,-0.0037359912447365268,0.0037359912447365268,0.4964175224304199,0.8263647556304932,0.38,1,1,953,FP32-token-IDs
BERT,k3mu97,659,112,1010,",",",",False,anger,-0.002949327806986514,0.002949327806986514,0.3507611155509949,0.31551653146743774,0.38,0,0,953,FP32-token-IDs
BERT,k3mu97,659,112,1010,",",",",False,brain dysfunction (forget),-0.0021798749831283375,0.0021798749831283375,0.3152136206626892,0.09943170100450516,0.38,0,0,953,FP32-token-IDs
BERT,k3mu97,659,112,1010,",",",",False,emptiness,-0.006299553150754599,0.006299553150754599,0.25199806690216064,0.6372386813163757,0.38,0,1,953,FP32-token-IDs
BERT,k3mu97,659,112,1010,",",",",False,hopelessness,-0.004545593323806922,0.004545593323806922,0.5713253021240234,0.9911624193191528,0.38,1,1,953,FP32-token-IDs
BERT,k3mu97,659,112,1010,",",",",False,loneliness,-0.006339728787896179,0.006339728787896179,0.4571398198604584,0.7032500505447388,0.38,0,1,953,FP32-token-IDs
BERT,k3mu97,659,112,1010,",",",",False,sadness,0.0014425778451065223,0.0014425778451065223,0.41641947627067566,0.9947109222412109,0.38,1,1,953,FP32-token-IDs
BERT,k3mu97,659,112,1010,",",",",False,suicide intent,-0.0018256541280563742,0.0018256541280563742,0.24135345220565796,0.24965988099575043,0.38,0,0,953,FP32-token-IDs
BERT,k3mu97,659,112,1010,",",",",False,worthlessness,-0.0037359912447365268,0.0037359912447365268,0.4964175224304199,0.8263647556304932,0.38,1,1,953,FP32-token-IDs
BERT,k3mu97,659,113,1998,and,and,False,anger,0.0029106599160484844,0.0029106599160484844,0.3507611155509949,0.31551653146743774,0.38,0,0,953,FP32-token-IDs
BERT,k3mu97,659,113,1998,and,and,False,brain dysfunction (forget),-0.00036831757807660666,0.00036831757807660666,0.3152136206626892,0.09943170100450516,0.38,0,0,953,FP32-token-IDs
BERT,k3mu97,659,113,1998,and,and,False,emptiness,0.0025206327257263988,0.0025206327257263988,0.25199806690216064,0.6372386813163757,0.38,0,1,953,FP32-token-IDs
BERT,k3mu97,659,113,1998,and,and,False,hopelessness,0.0008763221077739247,0.0008763221077739247,0.5713253021240234,0.9911624193191528,0.38,1,1,953,FP32-token-IDs
BERT,k3mu97,659,113,1998,and,and,False,loneliness,0.004576043055821506,0.004576043055821506,0.4571398198604584,0.7032500505447388,0.38,0,1,953,FP32-token-IDs
BERT,k3mu97,659,113,1998,and,and,False,sadness,0.002742876824996774,0.002742876824996774,0.41641947627067566,0.9947109222412109,0.38,1,1,953,FP32-token-IDs
BERT,k3mu97,659,113,1998,and,and,False,suicide intent,0.0006183628545379235,0.0006183628545379235,0.24135345220565796,0.24965988099575043,0.38,0,0,953,FP32-token-IDs
BERT,k3mu97,659,113,1998,and,and,False,worthlessness,1.6736502884813487e-05,1.6736502884813487e-05,0.4964175224304199,0.8263647556304932,0.38,1,1,953,FP32-token-IDs
BERT,k3mu97,659,114,1045,i,i,False,anger,0.0029106599160484844,0.0029106599160484844,0.3507611155509949,0.31551653146743774,0.38,0,0,953,FP32-token-IDs
BERT,k3mu97,659,114,1045,i,i,False,brain dysfunction (forget),-0.00036831757807660666,0.00036831757807660666,0.3152136206626892,0.09943170100450516,0.38,0,0,953,FP32-token-IDs
BERT,k3mu97,659,114,1045,i,i,False,emptiness,0.0025206327257263988,0.0025206327257263988,0.25199806690216064,0.6372386813163757,0.38,0,1,953,FP32-token-IDs
BERT,k3mu97,659,114,1045,i,i,False,hopelessness,0.0008763221077739247,0.0008763221077739247,0.5713253021240234,0.9911624193191528,0.38,1,1,953,FP32-token-IDs
BERT,k3mu97,659,114,1045,i,i,False,loneliness,0.004576043055821506,0.004576043055821506,0.4571398198604584,0.7032500505447388,0.38,0,1,953,FP32-token-IDs
BERT,k3mu97,659,114,1045,i,i,False,sadness,0.002742876824996774,0.002742876824996774,0.41641947627067566,0.9947109222412109,0.38,1,1,953,FP32-token-IDs
BERT,k3mu97,659,114,1045,i,i,False,suicide intent,0.0006183628545379235,0.0006183628545379235,0.24135345220565796,0.24965988099575043,0.38,0,0,953,FP32-token-IDs
BERT,k3mu97,659,114,1045,i,i,False,worthlessness,1.6736502884813487e-05,1.6736502884813487e-05,0.4964175224304199,0.8263647556304932,0.38,1,1,953,FP32-token-IDs
BERT,k3mu97,659,115,2074,just,just,False,anger,0.0029106599160484844,0.0029106599160484844,0.3507611155509949,0.31551653146743774,0.38,0,0,953,FP32-token-IDs
BERT,k3mu97,659,115,2074,just,just,False,brain dysfunction (forget),-0.00036831757807660666,0.00036831757807660666,0.3152136206626892,0.09943170100450516,0.38,0,0,953,FP32-token-IDs
BERT,k3mu97,659,115,2074,just,just,False,emptiness,0.0025206327257263988,0.0025206327257263988,0.25199806690216064,0.6372386813163757,0.38,0,1,953,FP32-token-IDs
BERT,k3mu97,659,115,2074,just,just,False,hopelessness,0.0008763221077739247,0.0008763221077739247,0.5713253021240234,0.9911624193191528,0.38,1,1,953,FP32-token-IDs
BERT,k3mu97,659,115,2074,just,just,False,loneliness,0.004576043055821506,0.004576043055821506,0.4571398198604584,0.7032500505447388,0.38,0,1,953,FP32-token-IDs
BERT,k3mu97,659,115,2074,just,just,False,sadness,0.002742876824996774,0.002742876824996774,0.41641947627067566,0.9947109222412109,0.38,1,1,953,FP32-token-IDs
BERT,k3mu97,659,115,2074,just,just,False,suicide intent,0.0006183628545379235,0.0006183628545379235,0.24135345220565796,0.24965988099575043,0.38,0,0,953,FP32-token-IDs
BERT,k3mu97,659,115,2074,just,just,False,worthlessness,1.6736502884813487e-05,1.6736502884813487e-05,0.4964175224304199,0.8263647556304932,0.38,1,1,953,FP32-token-IDs
BERT,k3mu97,659,116,2187,left,left,False,anger,0.0029106599160484844,0.0029106599160484844,0.3507611155509949,0.31551653146743774,0.38,0,0,953,FP32-token-IDs
BERT,k3mu97,659,116,2187,left,left,False,brain dysfunction (forget),-0.00036831757807660666,0.00036831757807660666,0.3152136206626892,0.09943170100450516,0.38,0,0,953,FP32-token-IDs
BERT,k3mu97,659,116,2187,left,left,False,emptiness,0.0025206327257263988,0.0025206327257263988,0.25199806690216064,0.6372386813163757,0.38,0,1,953,FP32-token-IDs
BERT,k3mu97,659,116,2187,left,left,False,hopelessness,0.0008763221077739247,0.0008763221077739247,0.5713253021240234,0.9911624193191528,0.38,1,1,953,FP32-token-IDs
BERT,k3mu97,659,116,2187,left,left,False,loneliness,0.004576043055821506,0.004576043055821506,0.4571398198604584,0.7032500505447388,0.38,0,1,953,FP32-token-IDs
BERT,k3mu97,659,116,2187,left,left,False,sadness,0.002742876824996774,0.002742876824996774,0.41641947627067566,0.9947109222412109,0.38,1,1,953,FP32-token-IDs
BERT,k3mu97,659,116,2187,left,left,False,suicide intent,0.0006183628545379235,0.0006183628545379235,0.24135345220565796,0.24965988099575043,0.38,0,0,953,FP32-token-IDs
BERT,k3mu97,659,116,2187,left,left,False,worthlessness,1.6736502884813487e-05,1.6736502884813487e-05,0.4964175224304199,0.8263647556304932,0.38,1,1,953,FP32-token-IDs
BERT,k3mu97,659,117,2138,because,because,False,anger,0.0029106599160484844,0.0029106599160484844,0.3507611155509949,0.31551653146743774,0.38,0,0,953,FP32-token-IDs
BERT,k3mu97,659,117,2138,because,because,False,brain dysfunction (forget),-0.00036831757807660666,0.00036831757807660666,0.3152136206626892,0.09943170100450516,0.38,0,0,953,FP32-token-IDs
BERT,k3mu97,659,117,2138,because,because,False,emptiness,0.0025206327257263988,0.0025206327257263988,0.25199806690216064,0.6372386813163757,0.38,0,1,953,FP32-token-IDs
BERT,k3mu97,659,117,2138,because,because,False,hopelessness,0.0008763221077739247,0.0008763221077739247,0.5713253021240234,0.9911624193191528,0.38,1,1,953,FP32-token-IDs
BERT,k3mu97,659,117,2138,because,because,False,loneliness,0.004576043055821506,0.004576043055821506,0.4571398198604584,0.7032500505447388,0.38,0,1,953,FP32-token-IDs
BERT,k3mu97,659,117,2138,because,because,False,sadness,0.002742876824996774,0.002742876824996774,0.41641947627067566,0.9947109222412109,0.38,1,1,953,FP32-token-IDs
BERT,k3mu97,659,117,2138,because,because,False,suicide intent,0.0006183628545379235,0.0006183628545379235,0.24135345220565796,0.24965988099575043,0.38,0,0,953,FP32-token-IDs
BERT,k3mu97,659,117,2138,because,because,False,worthlessness,1.6736502884813487e-05,1.6736502884813487e-05,0.4964175224304199,0.8263647556304932,0.38,1,1,953,FP32-token-IDs
BERT,k3mu97,659,118,1045,i,i,False,anger,0.001711512764265376,0.001711512764265376,0.3507611155509949,0.31551653146743774,0.38,0,0,953,FP32-token-IDs
BERT,k3mu97,659,118,1045,i,i,False,brain dysfunction (forget),-0.000561165466760507,0.000561165466760507,0.3152136206626892,0.09943170100450516,0.38,0,0,953,FP32-token-IDs
BERT,k3mu97,659,118,1045,i,i,False,emptiness,0.008064133195956755,0.008064133195956755,0.25199806690216064,0.6372386813163757,0.38,0,1,953,FP32-token-IDs
BERT,k3mu97,659,118,1045,i,i,False,hopelessness,0.009879806729417944,0.009879806729417944,0.5713253021240234,0.9911624193191528,0.38,1,1,953,FP32-token-IDs
BERT,k3mu97,659,118,1045,i,i,False,loneliness,0.01014356356343284,0.01014356356343284,0.4571398198604584,0.7032500505447388,0.38,0,1,953,FP32-token-IDs
BERT,k3mu97,659,118,1045,i,i,False,sadness,0.007367115807793443,0.007367115807793443,0.41641947627067566,0.9947109222412109,0.38,1,1,953,FP32-token-IDs
BERT,k3mu97,659,118,1045,i,i,False,suicide intent,0.0008686393469808595,0.0008686393469808595,0.24135345220565796,0.24965988099575043,0.38,0,0,953,FP32-token-IDs
BERT,k3mu97,659,118,1045,i,i,False,worthlessness,0.0017966533475647873,0.0017966533475647873,0.4964175224304199,0.8263647556304932,0.38,1,1,953,FP32-token-IDs
BERT,k3mu97,659,119,2481,couldn,couldn,False,anger,0.001711512764265376,0.001711512764265376,0.3507611155509949,0.31551653146743774,0.38,0,0,953,FP32-token-IDs
BERT,k3mu97,659,119,2481,couldn,couldn,False,brain dysfunction (forget),-0.000561165466760507,0.000561165466760507,0.3152136206626892,0.09943170100450516,0.38,0,0,953,FP32-token-IDs
BERT,k3mu97,659,119,2481,couldn,couldn,False,emptiness,0.008064133195956755,0.008064133195956755,0.25199806690216064,0.6372386813163757,0.38,0,1,953,FP32-token-IDs
BERT,k3mu97,659,119,2481,couldn,couldn,False,hopelessness,0.009879806729417944,0.009879806729417944,0.5713253021240234,0.9911624193191528,0.38,1,1,953,FP32-token-IDs
BERT,k3mu97,659,119,2481,couldn,couldn,False,loneliness,0.01014356356343284,0.01014356356343284,0.4571398198604584,0.7032500505447388,0.38,0,1,953,FP32-token-IDs
BERT,k3mu97,659,119,2481,couldn,couldn,False,sadness,0.007367115807793443,0.007367115807793443,0.41641947627067566,0.9947109222412109,0.38,1,1,953,FP32-token-IDs
BERT,k3mu97,659,119,2481,couldn,couldn,False,suicide intent,0.0008686393469808595,0.0008686393469808595,0.24135345220565796,0.24965988099575043,0.38,0,0,953,FP32-token-IDs
BERT,k3mu97,659,119,2481,couldn,couldn,False,worthlessness,0.0017966533475647873,0.0017966533475647873,0.4964175224304199,0.8263647556304932,0.38,1,1,953,FP32-token-IDs
BERT,k3mu97,659,120,1521,’,’,False,anger,0.0017039441967397805,0.0017039441967397805,0.3507611155509949,0.31551653146743774,0.38,0,0,953,FP32-token-IDs
BERT,k3mu97,659,120,1521,’,’,False,brain dysfunction (forget),-0.00040122821866091164,0.00040122821866091164,0.3152136206626892,0.09943170100450516,0.38,0,0,953,FP32-token-IDs
BERT,k3mu97,659,120,1521,’,’,False,emptiness,0.007088113424187113,0.007088113424187113,0.25199806690216064,0.6372386813163757,0.38,0,1,953,FP32-token-IDs
BERT,k3mu97,659,120,1521,’,’,False,hopelessness,0.008211390300106907,0.008211390300106907,0.5713253021240234,0.9911624193191528,0.38,1,1,953,FP32-token-IDs
BERT,k3mu97,659,120,1521,’,’,False,loneliness,0.00984013634031668,0.00984013634031668,0.4571398198604584,0.7032500505447388,0.38,0,1,953,FP32-token-IDs
BERT,k3mu97,659,120,1521,’,’,False,sadness,0.0060509064840892,0.0060509064840892,0.41641947627067566,0.9947109222412109,0.38,1,1,953,FP32-token-IDs
BERT,k3mu97,659,120,1521,’,’,False,suicide intent,0.0008659932558195637,0.0008659932558195637,0.24135345220565796,0.24965988099575043,0.38,0,0,953,FP32-token-IDs
BERT,k3mu97,659,120,1521,’,’,False,worthlessness,0.0014352412242534763,0.0014352412242534763,0.4964175224304199,0.8263647556304932,0.38,1,1,953,FP32-token-IDs
BERT,k3mu97,659,121,1056,t,t,False,anger,0.0017039441967397805,0.0017039441967397805,0.3507611155509949,0.31551653146743774,0.38,0,0,953,FP32-token-IDs
BERT,k3mu97,659,121,1056,t,t,False,brain dysfunction (forget),-0.00040122821866091164,0.00040122821866091164,0.3152136206626892,0.09943170100450516,0.38,0,0,953,FP32-token-IDs
BERT,k3mu97,659,121,1056,t,t,False,emptiness,0.007088113424187113,0.007088113424187113,0.25199806690216064,0.6372386813163757,0.38,0,1,953,FP32-token-IDs
BERT,k3mu97,659,121,1056,t,t,False,hopelessness,0.008211390300106907,0.008211390300106907,0.5713253021240234,0.9911624193191528,0.38,1,1,953,FP32-token-IDs
BERT,k3mu97,659,121,1056,t,t,False,loneliness,0.00984013634031668,0.00984013634031668,0.4571398198604584,0.7032500505447388,0.38,0,1,953,FP32-token-IDs
BERT,k3mu97,659,121,1056,t,t,False,sadness,0.0060509064840892,0.0060509064840892,0.41641947627067566,0.9947109222412109,0.38,1,1,953,FP32-token-IDs
BERT,k3mu97,659,121,1056,t,t,False,suicide intent,0.0008659932558195637,0.0008659932558195637,0.24135345220565796,0.24965988099575043,0.38,0,0,953,FP32-token-IDs
BERT,k3mu97,659,121,1056,t,t,False,worthlessness,0.0014352412242534763,0.0014352412242534763,0.4964175224304199,0.8263647556304932,0.38,1,1,953,FP32-token-IDs
BERT,k3mu97,659,122,3422,watch,watch,False,anger,0.00227937327498304,0.00227937327498304,0.3507611155509949,0.31551653146743774,0.38,0,0,953,FP32-token-IDs
BERT,k3mu97,659,122,3422,watch,watch,False,brain dysfunction (forget),-0.0031838937396449704,0.0031838937396449704,0.3152136206626892,0.09943170100450516,0.38,0,0,953,FP32-token-IDs
BERT,k3mu97,659,122,3422,watch,watch,False,emptiness,0.007991698058322071,0.007991698058322071,0.25199806690216064,0.6372386813163757,0.38,0,1,953,FP32-token-IDs
BERT,k3mu97,659,122,3422,watch,watch,False,hopelessness,0.004231382108160427,0.004231382108160427,0.5713253021240234,0.9911624193191528,0.38,1,1,953,FP32-token-IDs
BERT,k3mu97,659,122,3422,watch,watch,False,loneliness,0.01227024963923863,0.01227024963923863,0.4571398198604584,0.7032500505447388,0.38,0,1,953,FP32-token-IDs
BERT,k3mu97,659,122,3422,watch,watch,False,sadness,0.005633622913488319,0.005633622913488319,0.41641947627067566,0.9947109222412109,0.38,1,1,953,FP32-token-IDs
BERT,k3mu97,659,122,3422,watch,watch,False,suicide intent,0.004145329828107996,0.004145329828107996,0.24135345220565796,0.24965988099575043,0.38,0,0,953,FP32-token-IDs
BERT,k3mu97,659,122,3422,watch,watch,False,worthlessness,-0.0011027835608859147,0.0011027835608859147,0.4964175224304199,0.8263647556304932,0.38,1,1,953,FP32-token-IDs
BERT,k3mu97,659,123,2014,her,her,False,anger,0.00227937327498304,0.00227937327498304,0.3507611155509949,0.31551653146743774,0.38,0,0,953,FP32-token-IDs
BERT,k3mu97,659,123,2014,her,her,False,brain dysfunction (forget),-0.0031838937396449704,0.0031838937396449704,0.3152136206626892,0.09943170100450516,0.38,0,0,953,FP32-token-IDs
BERT,k3mu97,659,123,2014,her,her,False,emptiness,0.007991698058322071,0.007991698058322071,0.25199806690216064,0.6372386813163757,0.38,0,1,953,FP32-token-IDs
BERT,k3mu97,659,123,2014,her,her,False,hopelessness,0.004231382108160427,0.004231382108160427,0.5713253021240234,0.9911624193191528,0.38,1,1,953,FP32-token-IDs
BERT,k3mu97,659,123,2014,her,her,False,loneliness,0.01227024963923863,0.01227024963923863,0.4571398198604584,0.7032500505447388,0.38,0,1,953,FP32-token-IDs
BERT,k3mu97,659,123,2014,her,her,False,sadness,0.005633622913488319,0.005633622913488319,0.41641947627067566,0.9947109222412109,0.38,1,1,953,FP32-token-IDs
BERT,k3mu97,659,123,2014,her,her,False,suicide intent,0.004145329828107996,0.004145329828107996,0.24135345220565796,0.24965988099575043,0.38,0,0,953,FP32-token-IDs
BERT,k3mu97,659,123,2014,her,her,False,worthlessness,-0.0011027835608859147,0.0011027835608859147,0.4964175224304199,0.8263647556304932,0.38,1,1,953,FP32-token-IDs
BERT,k3mu97,659,124,2066,like,like,False,anger,0.00227937327498304,0.00227937327498304,0.3507611155509949,0.31551653146743774,0.38,0,0,953,FP32-token-IDs
BERT,k3mu97,659,124,2066,like,like,False,brain dysfunction (forget),-0.0031838937396449704,0.0031838937396449704,0.3152136206626892,0.09943170100450516,0.38,0,0,953,FP32-token-IDs
BERT,k3mu97,659,124,2066,like,like,False,emptiness,0.007991698058322071,0.007991698058322071,0.25199806690216064,0.6372386813163757,0.38,0,1,953,FP32-token-IDs
BERT,k3mu97,659,124,2066,like,like,False,hopelessness,0.004231382108160427,0.004231382108160427,0.5713253021240234,0.9911624193191528,0.38,1,1,953,FP32-token-IDs
BERT,k3mu97,659,124,2066,like,like,False,loneliness,0.01227024963923863,0.01227024963923863,0.4571398198604584,0.7032500505447388,0.38,0,1,953,FP32-token-IDs
BERT,k3mu97,659,124,2066,like,like,False,sadness,0.005633622913488319,0.005633622913488319,0.41641947627067566,0.9947109222412109,0.38,1,1,953,FP32-token-IDs
BERT,k3mu97,659,124,2066,like,like,False,suicide intent,0.004145329828107996,0.004145329828107996,0.24135345220565796,0.24965988099575043,0.38,0,0,953,FP32-token-IDs
BERT,k3mu97,659,124,2066,like,like,False,worthlessness,-0.0011027835608859147,0.0011027835608859147,0.4964175224304199,0.8263647556304932,0.38,1,1,953,FP32-token-IDs
BERT,k3mu97,659,125,2008,that,that,False,anger,0.00227937327498304,0.00227937327498304,0.3507611155509949,0.31551653146743774,0.38,0,0,953,FP32-token-IDs
BERT,k3mu97,659,125,2008,that,that,False,brain dysfunction (forget),-0.0031838937396449704,0.0031838937396449704,0.3152136206626892,0.09943170100450516,0.38,0,0,953,FP32-token-IDs
BERT,k3mu97,659,125,2008,that,that,False,emptiness,0.007991698058322071,0.007991698058322071,0.25199806690216064,0.6372386813163757,0.38,0,1,953,FP32-token-IDs
BERT,k3mu97,659,125,2008,that,that,False,hopelessness,0.004231382108160427,0.004231382108160427,0.5713253021240234,0.9911624193191528,0.38,1,1,953,FP32-token-IDs
BERT,k3mu97,659,125,2008,that,that,False,loneliness,0.01227024963923863,0.01227024963923863,0.4571398198604584,0.7032500505447388,0.38,0,1,953,FP32-token-IDs
BERT,k3mu97,659,125,2008,that,that,False,sadness,0.005633622913488319,0.005633622913488319,0.41641947627067566,0.9947109222412109,0.38,1,1,953,FP32-token-IDs
BERT,k3mu97,659,125,2008,that,that,False,suicide intent,0.004145329828107996,0.004145329828107996,0.24135345220565796,0.24965988099575043,0.38,0,0,953,FP32-token-IDs
BERT,k3mu97,659,125,2008,that,that,False,worthlessness,-0.0011027835608859147,0.0011027835608859147,0.4964175224304199,0.8263647556304932,0.38,1,1,953,FP32-token-IDs
BERT,k3mu97,659,126,1012,.,.,False,anger,0.00227937327498304,0.00227937327498304,0.3507611155509949,0.31551653146743774,0.38,0,0,953,FP32-token-IDs
BERT,k3mu97,659,126,1012,.,.,False,brain dysfunction (forget),-0.0031838937396449704,0.0031838937396449704,0.3152136206626892,0.09943170100450516,0.38,0,0,953,FP32-token-IDs
BERT,k3mu97,659,126,1012,.,.,False,emptiness,0.007991698058322071,0.007991698058322071,0.25199806690216064,0.6372386813163757,0.38,0,1,953,FP32-token-IDs
BERT,k3mu97,659,126,1012,.,.,False,hopelessness,0.004231382108160427,0.004231382108160427,0.5713253021240234,0.9911624193191528,0.38,1,1,953,FP32-token-IDs
BERT,k3mu97,659,126,1012,.,.,False,loneliness,0.01227024963923863,0.01227024963923863,0.4571398198604584,0.7032500505447388,0.38,0,1,953,FP32-token-IDs
BERT,k3mu97,659,126,1012,.,.,False,sadness,0.005633622913488319,0.005633622913488319,0.41641947627067566,0.9947109222412109,0.38,1,1,953,FP32-token-IDs
BERT,k3mu97,659,126,1012,.,.,False,suicide intent,0.004145329828107996,0.004145329828107996,0.24135345220565796,0.24965988099575043,0.38,0,0,953,FP32-token-IDs
BERT,k3mu97,659,126,1012,.,.,False,worthlessness,-0.0011027835608859147,0.0011027835608859147,0.4964175224304199,0.8263647556304932,0.38,1,1,953,FP32-token-IDs
BERT,k3mu97,659,127,2296,every,every,False,anger,-0.00041518423061531317,0.00041518423061531317,0.3507611155509949,0.31551653146743774,0.38,0,0,953,FP32-token-IDs
BERT,k3mu97,659,127,2296,every,every,False,brain dysfunction (forget),0.003189485470871799,0.003189485470871799,0.3152136206626892,0.09943170100450516,0.38,0,0,953,FP32-token-IDs
BERT,k3mu97,659,127,2296,every,every,False,emptiness,0.005342204074482791,0.005342204074482791,0.25199806690216064,0.6372386813163757,0.38,0,1,953,FP32-token-IDs
BERT,k3mu97,659,127,2296,every,every,False,hopelessness,0.0009639024322565934,0.0009639024322565934,0.5713253021240234,0.9911624193191528,0.38,1,1,953,FP32-token-IDs
BERT,k3mu97,659,127,2296,every,every,False,loneliness,0.00035513780760363886,0.00035513780760363886,0.4571398198604584,0.7032500505447388,0.38,0,1,953,FP32-token-IDs
BERT,k3mu97,659,127,2296,every,every,False,sadness,-0.00046153822376464424,0.00046153822376464424,0.41641947627067566,0.9947109222412109,0.38,1,1,953,FP32-token-IDs
BERT,k3mu97,659,127,2296,every,every,False,suicide intent,0.0003085553247589045,0.0003085553247589045,0.24135345220565796,0.24965988099575043,0.38,0,0,953,FP32-token-IDs
BERT,k3mu97,659,127,2296,every,every,False,worthlessness,0.004004850988097202,0.004004850988097202,0.4964175224304199,0.8263647556304932,0.38,1,1,953,FP32-token-IDs
BERT,k3mu97,659,128,1019,5,5,False,anger,-0.00041518423061531317,0.00041518423061531317,0.3507611155509949,0.31551653146743774,0.38,0,0,953,FP32-token-IDs
BERT,k3mu97,659,128,1019,5,5,False,brain dysfunction (forget),0.003189485470871799,0.003189485470871799,0.3152136206626892,0.09943170100450516,0.38,0,0,953,FP32-token-IDs
BERT,k3mu97,659,128,1019,5,5,False,emptiness,0.005342204074482791,0.005342204074482791,0.25199806690216064,0.6372386813163757,0.38,0,1,953,FP32-token-IDs
BERT,k3mu97,659,128,1019,5,5,False,hopelessness,0.0009639024322565934,0.0009639024322565934,0.5713253021240234,0.9911624193191528,0.38,1,1,953,FP32-token-IDs
BERT,k3mu97,659,128,1019,5,5,False,loneliness,0.00035513780760363886,0.00035513780760363886,0.4571398198604584,0.7032500505447388,0.38,0,1,953,FP32-token-IDs
BERT,k3mu97,659,128,1019,5,5,False,sadness,-0.00046153822376464424,0.00046153822376464424,0.41641947627067566,0.9947109222412109,0.38,1,1,953,FP32-token-IDs
BERT,k3mu97,659,128,1019,5,5,False,suicide intent,0.0003085553247589045,0.0003085553247589045,0.24135345220565796,0.24965988099575043,0.38,0,0,953,FP32-token-IDs
BERT,k3mu97,659,128,1019,5,5,False,worthlessness,0.004004850988097202,0.004004850988097202,0.4964175224304199,0.8263647556304932,0.38,1,1,953,FP32-token-IDs
BERT,k3mu97,659,129,2781,minutes,minutes,False,anger,-0.00041518423061531317,0.00041518423061531317,0.3507611155509949,0.31551653146743774,0.38,0,0,953,FP32-token-IDs
BERT,k3mu97,659,129,2781,minutes,minutes,False,brain dysfunction (forget),0.003189485470871799,0.003189485470871799,0.3152136206626892,0.09943170100450516,0.38,0,0,953,FP32-token-IDs
BERT,k3mu97,659,129,2781,minutes,minutes,False,emptiness,0.005342204074482791,0.005342204074482791,0.25199806690216064,0.6372386813163757,0.38,0,1,953,FP32-token-IDs
BERT,k3mu97,659,129,2781,minutes,minutes,False,hopelessness,0.0009639024322565934,0.0009639024322565934,0.5713253021240234,0.9911624193191528,0.38,1,1,953,FP32-token-IDs
BERT,k3mu97,659,129,2781,minutes,minutes,False,loneliness,0.00035513780760363886,0.00035513780760363886,0.4571398198604584,0.7032500505447388,0.38,0,1,953,FP32-token-IDs
BERT,k3mu97,659,129,2781,minutes,minutes,False,sadness,-0.00046153822376464424,0.00046153822376464424,0.41641947627067566,0.9947109222412109,0.38,1,1,953,FP32-token-IDs
BERT,k3mu97,659,129,2781,minutes,minutes,False,suicide intent,0.0003085553247589045,0.0003085553247589045,0.24135345220565796,0.24965988099575043,0.38,0,0,953,FP32-token-IDs
BERT,k3mu97,659,129,2781,minutes,minutes,False,worthlessness,0.004004850988097202,0.004004850988097202,0.4964175224304199,0.8263647556304932,0.38,1,1,953,FP32-token-IDs
BERT,k3mu97,659,130,1997,of,of,False,anger,-0.00041518423061531317,0.00041518423061531317,0.3507611155509949,0.31551653146743774,0.38,0,0,953,FP32-token-IDs
BERT,k3mu97,659,130,1997,of,of,False,brain dysfunction (forget),0.003189485470871799,0.003189485470871799,0.3152136206626892,0.09943170100450516,0.38,0,0,953,FP32-token-IDs
BERT,k3mu97,659,130,1997,of,of,False,emptiness,0.005342204074482791,0.005342204074482791,0.25199806690216064,0.6372386813163757,0.38,0,1,953,FP32-token-IDs
BERT,k3mu97,659,130,1997,of,of,False,hopelessness,0.0009639024322565934,0.0009639024322565934,0.5713253021240234,0.9911624193191528,0.38,1,1,953,FP32-token-IDs
BERT,k3mu97,659,130,1997,of,of,False,loneliness,0.00035513780760363886,0.00035513780760363886,0.4571398198604584,0.7032500505447388,0.38,0,1,953,FP32-token-IDs
BERT,k3mu97,659,130,1997,of,of,False,sadness,-0.00046153822376464424,0.00046153822376464424,0.41641947627067566,0.9947109222412109,0.38,1,1,953,FP32-token-IDs
BERT,k3mu97,659,130,1997,of,of,False,suicide intent,0.0003085553247589045,0.0003085553247589045,0.24135345220565796,0.24965988099575043,0.38,0,0,953,FP32-token-IDs
BERT,k3mu97,659,130,1997,of,of,False,worthlessness,0.004004850988097202,0.004004850988097202,0.4964175224304199,0.8263647556304932,0.38,1,1,953,FP32-token-IDs
BERT,k3mu97,659,131,2296,every,every,False,anger,-0.00045883537789520156,0.00045883537789520156,0.3507611155509949,0.31551653146743774,0.38,0,0,953,FP32-token-IDs
BERT,k3mu97,659,131,2296,every,every,False,brain dysfunction (forget),0.0039037483601042857,0.0039037483601042857,0.3152136206626892,0.09943170100450516,0.38,0,0,953,FP32-token-IDs
BERT,k3mu97,659,131,2296,every,every,False,emptiness,0.011220796682979338,0.011220796682979338,0.25199806690216064,0.6372386813163757,0.38,0,1,953,FP32-token-IDs
BERT,k3mu97,659,131,2296,every,every,False,hopelessness,0.005758375959255948,0.005758375959255948,0.5713253021240234,0.9911624193191528,0.38,1,1,953,FP32-token-IDs
BERT,k3mu97,659,131,2296,every,every,False,loneliness,0.0037786835500110798,0.0037786835500110798,0.4571398198604584,0.7032500505447388,0.38,0,1,953,FP32-token-IDs
BERT,k3mu97,659,131,2296,every,every,False,sadness,0.003931248659053101,0.003931248659053101,0.41641947627067566,0.9947109222412109,0.38,1,1,953,FP32-token-IDs
BERT,k3mu97,659,131,2296,every,every,False,suicide intent,0.0010412910263627195,0.0010412910263627195,0.24135345220565796,0.24965988099575043,0.38,0,0,953,FP32-token-IDs
BERT,k3mu97,659,131,2296,every,every,False,worthlessness,0.008193461170706611,0.008193461170706611,0.4964175224304199,0.8263647556304932,0.38,1,1,953,FP32-token-IDs
BERT,k3mu97,659,132,2154,day,day,False,anger,-0.00045883537789520156,0.00045883537789520156,0.3507611155509949,0.31551653146743774,0.38,0,0,953,FP32-token-IDs
BERT,k3mu97,659,132,2154,day,day,False,brain dysfunction (forget),0.0039037483601042857,0.0039037483601042857,0.3152136206626892,0.09943170100450516,0.38,0,0,953,FP32-token-IDs
BERT,k3mu97,659,132,2154,day,day,False,emptiness,0.011220796682979338,0.011220796682979338,0.25199806690216064,0.6372386813163757,0.38,0,1,953,FP32-token-IDs
BERT,k3mu97,659,132,2154,day,day,False,hopelessness,0.005758375959255948,0.005758375959255948,0.5713253021240234,0.9911624193191528,0.38,1,1,953,FP32-token-IDs
BERT,k3mu97,659,132,2154,day,day,False,loneliness,0.0037786835500110798,0.0037786835500110798,0.4571398198604584,0.7032500505447388,0.38,0,1,953,FP32-token-IDs
BERT,k3mu97,659,132,2154,day,day,False,sadness,0.003931248659053101,0.003931248659053101,0.41641947627067566,0.9947109222412109,0.38,1,1,953,FP32-token-IDs
BERT,k3mu97,659,132,2154,day,day,False,suicide intent,0.0010412910263627195,0.0010412910263627195,0.24135345220565796,0.24965988099575043,0.38,0,0,953,FP32-token-IDs
BERT,k3mu97,659,132,2154,day,day,False,worthlessness,0.008193461170706611,0.008193461170706611,0.4964175224304199,0.8263647556304932,0.38,1,1,953,FP32-token-IDs
BERT,k3mu97,659,133,1045,i,i,False,anger,-0.00045883537789520156,0.00045883537789520156,0.3507611155509949,0.31551653146743774,0.38,0,0,953,FP32-token-IDs
BERT,k3mu97,659,133,1045,i,i,False,brain dysfunction (forget),0.0039037483601042857,0.0039037483601042857,0.3152136206626892,0.09943170100450516,0.38,0,0,953,FP32-token-IDs
BERT,k3mu97,659,133,1045,i,i,False,emptiness,0.011220796682979338,0.011220796682979338,0.25199806690216064,0.6372386813163757,0.38,0,1,953,FP32-token-IDs
BERT,k3mu97,659,133,1045,i,i,False,hopelessness,0.005758375959255948,0.005758375959255948,0.5713253021240234,0.9911624193191528,0.38,1,1,953,FP32-token-IDs
BERT,k3mu97,659,133,1045,i,i,False,loneliness,0.0037786835500110798,0.0037786835500110798,0.4571398198604584,0.7032500505447388,0.38,0,1,953,FP32-token-IDs
BERT,k3mu97,659,133,1045,i,i,False,sadness,0.003931248659053101,0.003931248659053101,0.41641947627067566,0.9947109222412109,0.38,1,1,953,FP32-token-IDs
BERT,k3mu97,659,133,1045,i,i,False,suicide intent,0.0010412910263627195,0.0010412910263627195,0.24135345220565796,0.24965988099575043,0.38,0,0,953,FP32-token-IDs
BERT,k3mu97,659,133,1045,i,i,False,worthlessness,0.008193461170706611,0.008193461170706611,0.4964175224304199,0.8263647556304932,0.38,1,1,953,FP32-token-IDs
BERT,k3mu97,659,134,5293,forget,forget,False,anger,-0.00045883537789520156,0.00045883537789520156,0.3507611155509949,0.31551653146743774,0.38,0,0,953,FP32-token-IDs
BERT,k3mu97,659,134,5293,forget,forget,False,brain dysfunction (forget),0.0039037483601042857,0.0039037483601042857,0.3152136206626892,0.09943170100450516,0.38,0,0,953,FP32-token-IDs
BERT,k3mu97,659,134,5293,forget,forget,False,emptiness,0.011220796682979338,0.011220796682979338,0.25199806690216064,0.6372386813163757,0.38,0,1,953,FP32-token-IDs
BERT,k3mu97,659,134,5293,forget,forget,False,hopelessness,0.005758375959255948,0.005758375959255948,0.5713253021240234,0.9911624193191528,0.38,1,1,953,FP32-token-IDs
BERT,k3mu97,659,134,5293,forget,forget,False,loneliness,0.0037786835500110798,0.0037786835500110798,0.4571398198604584,0.7032500505447388,0.38,0,1,953,FP32-token-IDs
BERT,k3mu97,659,134,5293,forget,forget,False,sadness,0.003931248659053101,0.003931248659053101,0.41641947627067566,0.9947109222412109,0.38,1,1,953,FP32-token-IDs
BERT,k3mu97,659,134,5293,forget,forget,False,suicide intent,0.0010412910263627195,0.0010412910263627195,0.24135345220565796,0.24965988099575043,0.38,0,0,953,FP32-token-IDs
BERT,k3mu97,659,134,5293,forget,forget,False,worthlessness,0.008193461170706611,0.008193461170706611,0.4964175224304199,0.8263647556304932,0.38,1,1,953,FP32-token-IDs
BERT,k3mu97,659,135,2008,that,that,False,anger,-0.0015100377855840354,0.0015100377855840354,0.3507611155509949,0.31551653146743774,0.38,0,0,953,FP32-token-IDs
BERT,k3mu97,659,135,2008,that,that,False,brain dysfunction (forget),-9.482621367519289e-05,9.482621367519289e-05,0.3152136206626892,0.09943170100450516,0.38,0,0,953,FP32-token-IDs
BERT,k3mu97,659,135,2008,that,that,False,emptiness,0.019517637332543157,0.019517637332543157,0.25199806690216064,0.6372386813163757,0.38,0,1,953,FP32-token-IDs
BERT,k3mu97,659,135,2008,that,that,False,hopelessness,0.004068123694294347,0.004068123694294347,0.5713253021240234,0.9911624193191528,0.38,1,1,953,FP32-token-IDs
BERT,k3mu97,659,135,2008,that,that,False,loneliness,0.018469236434723896,0.018469236434723896,0.4571398198604584,0.7032500505447388,0.38,0,1,953,FP32-token-IDs
BERT,k3mu97,659,135,2008,that,that,False,sadness,0.004127470572264149,0.004127470572264149,0.41641947627067566,0.9947109222412109,0.38,1,1,953,FP32-token-IDs
BERT,k3mu97,659,135,2008,that,that,False,suicide intent,0.010501099036796056,0.010501099036796056,0.24135345220565796,0.24965988099575043,0.38,0,0,953,FP32-token-IDs
BERT,k3mu97,659,135,2008,that,that,False,worthlessness,0.0030382181329724313,0.0030382181329724313,0.4964175224304199,0.8263647556304932,0.38,1,1,953,FP32-token-IDs
BERT,k3mu97,659,136,2016,she,she,False,anger,-0.0015100377855840354,0.0015100377855840354,0.3507611155509949,0.31551653146743774,0.38,0,0,953,FP32-token-IDs
BERT,k3mu97,659,136,2016,she,she,False,brain dysfunction (forget),-9.482621367519289e-05,9.482621367519289e-05,0.3152136206626892,0.09943170100450516,0.38,0,0,953,FP32-token-IDs
BERT,k3mu97,659,136,2016,she,she,False,emptiness,0.019517637332543157,0.019517637332543157,0.25199806690216064,0.6372386813163757,0.38,0,1,953,FP32-token-IDs
BERT,k3mu97,659,136,2016,she,she,False,hopelessness,0.004068123694294347,0.004068123694294347,0.5713253021240234,0.9911624193191528,0.38,1,1,953,FP32-token-IDs
BERT,k3mu97,659,136,2016,she,she,False,loneliness,0.018469236434723896,0.018469236434723896,0.4571398198604584,0.7032500505447388,0.38,0,1,953,FP32-token-IDs
BERT,k3mu97,659,136,2016,she,she,False,sadness,0.004127470572264149,0.004127470572264149,0.41641947627067566,0.9947109222412109,0.38,1,1,953,FP32-token-IDs
BERT,k3mu97,659,136,2016,she,she,False,suicide intent,0.010501099036796056,0.010501099036796056,0.24135345220565796,0.24965988099575043,0.38,0,0,953,FP32-token-IDs
BERT,k3mu97,659,136,2016,she,she,False,worthlessness,0.0030382181329724313,0.0030382181329724313,0.4964175224304199,0.8263647556304932,0.38,1,1,953,FP32-token-IDs
BERT,k3mu97,659,137,2003,is,is,False,anger,-0.0015100377855840354,0.0015100377855840354,0.3507611155509949,0.31551653146743774,0.38,0,0,953,FP32-token-IDs
BERT,k3mu97,659,137,2003,is,is,False,brain dysfunction (forget),-9.482621367519289e-05,9.482621367519289e-05,0.3152136206626892,0.09943170100450516,0.38,0,0,953,FP32-token-IDs
BERT,k3mu97,659,137,2003,is,is,False,emptiness,0.019517637332543157,0.019517637332543157,0.25199806690216064,0.6372386813163757,0.38,0,1,953,FP32-token-IDs
BERT,k3mu97,659,137,2003,is,is,False,hopelessness,0.004068123694294347,0.004068123694294347,0.5713253021240234,0.9911624193191528,0.38,1,1,953,FP32-token-IDs
BERT,k3mu97,659,137,2003,is,is,False,loneliness,0.018469236434723896,0.018469236434723896,0.4571398198604584,0.7032500505447388,0.38,0,1,953,FP32-token-IDs
BERT,k3mu97,659,137,2003,is,is,False,sadness,0.004127470572264149,0.004127470572264149,0.41641947627067566,0.9947109222412109,0.38,1,1,953,FP32-token-IDs
BERT,k3mu97,659,137,2003,is,is,False,suicide intent,0.010501099036796056,0.010501099036796056,0.24135345220565796,0.24965988099575043,0.38,0,0,953,FP32-token-IDs
BERT,k3mu97,659,137,2003,is,is,False,worthlessness,0.0030382181329724313,0.0030382181329724313,0.4964175224304199,0.8263647556304932,0.38,1,1,953,FP32-token-IDs
BERT,k3mu97,659,138,2908,gone,gone,False,anger,-0.0015100377855840354,0.0015100377855840354,0.3507611155509949,0.31551653146743774,0.38,0,0,953,FP32-token-IDs
BERT,k3mu97,659,138,2908,gone,gone,False,brain dysfunction (forget),-9.482621367519289e-05,9.482621367519289e-05,0.3152136206626892,0.09943170100450516,0.38,0,0,953,FP32-token-IDs
BERT,k3mu97,659,138,2908,gone,gone,False,emptiness,0.019517637332543157,0.019517637332543157,0.25199806690216064,0.6372386813163757,0.38,0,1,953,FP32-token-IDs
BERT,k3mu97,659,138,2908,gone,gone,False,hopelessness,0.004068123694294347,0.004068123694294347,0.5713253021240234,0.9911624193191528,0.38,1,1,953,FP32-token-IDs
BERT,k3mu97,659,138,2908,gone,gone,False,loneliness,0.018469236434723896,0.018469236434723896,0.4571398198604584,0.7032500505447388,0.38,0,1,953,FP32-token-IDs
BERT,k3mu97,659,138,2908,gone,gone,False,sadness,0.004127470572264149,0.004127470572264149,0.41641947627067566,0.9947109222412109,0.38,1,1,953,FP32-token-IDs
BERT,k3mu97,659,138,2908,gone,gone,False,suicide intent,0.010501099036796056,0.010501099036796056,0.24135345220565796,0.24965988099575043,0.38,0,0,953,FP32-token-IDs
BERT,k3mu97,659,138,2908,gone,gone,False,worthlessness,0.0030382181329724313,0.0030382181329724313,0.4964175224304199,0.8263647556304932,0.38,1,1,953,FP32-token-IDs
BERT,k3mu97,659,139,1012,.,.,False,anger,0.0009813490690878377,0.0009813490690878377,0.3507611155509949,0.31551653146743774,0.38,0,0,953,FP32-token-IDs
BERT,k3mu97,659,139,1012,.,.,False,brain dysfunction (forget),0.0016819805927717915,0.0016819805927717915,0.3152136206626892,0.09943170100450516,0.38,0,0,953,FP32-token-IDs
BERT,k3mu97,659,139,1012,.,.,False,emptiness,0.01727545762864443,0.01727545762864443,0.25199806690216064,0.6372386813163757,0.38,0,1,953,FP32-token-IDs
BERT,k3mu97,659,139,1012,.,.,False,hopelessness,0.003924425626890017,0.003924425626890017,0.5713253021240234,0.9911624193191528,0.38,1,1,953,FP32-token-IDs
BERT,k3mu97,659,139,1012,.,.,False,loneliness,0.012312913306344014,0.012312913306344014,0.4571398198604584,0.7032500505447388,0.38,0,1,953,FP32-token-IDs
BERT,k3mu97,659,139,1012,.,.,False,sadness,0.0012097638386946458,0.0012097638386946458,0.41641947627067566,0.9947109222412109,0.38,1,1,953,FP32-token-IDs
BERT,k3mu97,659,139,1012,.,.,False,suicide intent,0.013345388353067953,0.013345388353067953,0.24135345220565796,0.24965988099575043,0.38,0,0,953,FP32-token-IDs
BERT,k3mu97,659,139,1012,.,.,False,worthlessness,0.007013149738598329,0.007013149738598329,0.4964175224304199,0.8263647556304932,0.38,1,1,953,FP32-token-IDs
BERT,k3mu97,659,140,1045,i,i,False,anger,-0.0008275825384771451,0.0008275825384771451,0.3507611155509949,0.31551653146743774,0.38,0,0,953,FP32-token-IDs
BERT,k3mu97,659,140,1045,i,i,False,brain dysfunction (forget),0.0005739072075812146,0.0005739072075812146,0.3152136206626892,0.09943170100450516,0.38,0,0,953,FP32-token-IDs
BERT,k3mu97,659,140,1045,i,i,False,emptiness,0.0019901362829841673,0.0019901362829841673,0.25199806690216064,0.6372386813163757,0.38,0,1,953,FP32-token-IDs
BERT,k3mu97,659,140,1045,i,i,False,hopelessness,0.0011021376121789217,0.0011021376121789217,0.5713253021240234,0.9911624193191528,0.38,1,1,953,FP32-token-IDs
BERT,k3mu97,659,140,1045,i,i,False,loneliness,0.0005004506092518568,0.0005004506092518568,0.4571398198604584,0.7032500505447388,0.38,0,1,953,FP32-token-IDs
BERT,k3mu97,659,140,1045,i,i,False,sadness,0.00028024043422192335,0.00028024043422192335,0.41641947627067566,0.9947109222412109,0.38,1,1,953,FP32-token-IDs
BERT,k3mu97,659,140,1045,i,i,False,suicide intent,-0.0019855805876431987,0.0019855805876431987,0.24135345220565796,0.24965988099575043,0.38,0,0,953,FP32-token-IDs
BERT,k3mu97,659,140,1045,i,i,False,worthlessness,0.0011206870840396732,0.0011206870840396732,0.4964175224304199,0.8263647556304932,0.38,1,1,953,FP32-token-IDs
BERT,k3mu97,659,141,2123,don,don,False,anger,-0.0008275825384771451,0.0008275825384771451,0.3507611155509949,0.31551653146743774,0.38,0,0,953,FP32-token-IDs
BERT,k3mu97,659,141,2123,don,don,False,brain dysfunction (forget),0.0005739072075812146,0.0005739072075812146,0.3152136206626892,0.09943170100450516,0.38,0,0,953,FP32-token-IDs
BERT,k3mu97,659,141,2123,don,don,False,emptiness,0.0019901362829841673,0.0019901362829841673,0.25199806690216064,0.6372386813163757,0.38,0,1,953,FP32-token-IDs
BERT,k3mu97,659,141,2123,don,don,False,hopelessness,0.0011021376121789217,0.0011021376121789217,0.5713253021240234,0.9911624193191528,0.38,1,1,953,FP32-token-IDs
BERT,k3mu97,659,141,2123,don,don,False,loneliness,0.0005004506092518568,0.0005004506092518568,0.4571398198604584,0.7032500505447388,0.38,0,1,953,FP32-token-IDs
BERT,k3mu97,659,141,2123,don,don,False,sadness,0.00028024043422192335,0.00028024043422192335,0.41641947627067566,0.9947109222412109,0.38,1,1,953,FP32-token-IDs
BERT,k3mu97,659,141,2123,don,don,False,suicide intent,-0.0019855805876431987,0.0019855805876431987,0.24135345220565796,0.24965988099575043,0.38,0,0,953,FP32-token-IDs
BERT,k3mu97,659,141,2123,don,don,False,worthlessness,0.0011206870840396732,0.0011206870840396732,0.4964175224304199,0.8263647556304932,0.38,1,1,953,FP32-token-IDs
BERT,k3mu97,659,142,1521,’,’,False,anger,-0.0008275825384771451,0.0008275825384771451,0.3507611155509949,0.31551653146743774,0.38,0,0,953,FP32-token-IDs
BERT,k3mu97,659,142,1521,’,’,False,brain dysfunction (forget),0.0005739072075812146,0.0005739072075812146,0.3152136206626892,0.09943170100450516,0.38,0,0,953,FP32-token-IDs
BERT,k3mu97,659,142,1521,’,’,False,emptiness,0.0019901362829841673,0.0019901362829841673,0.25199806690216064,0.6372386813163757,0.38,0,1,953,FP32-token-IDs
BERT,k3mu97,659,142,1521,’,’,False,hopelessness,0.0011021376121789217,0.0011021376121789217,0.5713253021240234,0.9911624193191528,0.38,1,1,953,FP32-token-IDs
BERT,k3mu97,659,142,1521,’,’,False,loneliness,0.0005004506092518568,0.0005004506092518568,0.4571398198604584,0.7032500505447388,0.38,0,1,953,FP32-token-IDs
BERT,k3mu97,659,142,1521,’,’,False,sadness,0.00028024043422192335,0.00028024043422192335,0.41641947627067566,0.9947109222412109,0.38,1,1,953,FP32-token-IDs
BERT,k3mu97,659,142,1521,’,’,False,suicide intent,-0.0019855805876431987,0.0019855805876431987,0.24135345220565796,0.24965988099575043,0.38,0,0,953,FP32-token-IDs
BERT,k3mu97,659,142,1521,’,’,False,worthlessness,0.0011206870840396732,0.0011206870840396732,0.4964175224304199,0.8263647556304932,0.38,1,1,953,FP32-token-IDs
BERT,k3mu97,659,143,1056,t,t,False,anger,-0.0008275825384771451,0.0008275825384771451,0.3507611155509949,0.31551653146743774,0.38,0,0,953,FP32-token-IDs
BERT,k3mu97,659,143,1056,t,t,False,brain dysfunction (forget),0.0005739072075812146,0.0005739072075812146,0.3152136206626892,0.09943170100450516,0.38,0,0,953,FP32-token-IDs
BERT,k3mu97,659,143,1056,t,t,False,emptiness,0.0019901362829841673,0.0019901362829841673,0.25199806690216064,0.6372386813163757,0.38,0,1,953,FP32-token-IDs
BERT,k3mu97,659,143,1056,t,t,False,hopelessness,0.0011021376121789217,0.0011021376121789217,0.5713253021240234,0.9911624193191528,0.38,1,1,953,FP32-token-IDs
BERT,k3mu97,659,143,1056,t,t,False,loneliness,0.0005004506092518568,0.0005004506092518568,0.4571398198604584,0.7032500505447388,0.38,0,1,953,FP32-token-IDs
BERT,k3mu97,659,143,1056,t,t,False,sadness,0.00028024043422192335,0.00028024043422192335,0.41641947627067566,0.9947109222412109,0.38,1,1,953,FP32-token-IDs
BERT,k3mu97,659,143,1056,t,t,False,suicide intent,-0.0019855805876431987,0.0019855805876431987,0.24135345220565796,0.24965988099575043,0.38,0,0,953,FP32-token-IDs
BERT,k3mu97,659,143,1056,t,t,False,worthlessness,0.0011206870840396732,0.0011206870840396732,0.4964175224304199,0.8263647556304932,0.38,1,1,953,FP32-token-IDs
BERT,k3mu97,659,144,3637,sleep,sleep,False,anger,-0.0018905491015175357,0.0018905491015175357,0.3507611155509949,0.31551653146743774,0.38,0,0,953,FP32-token-IDs
BERT,k3mu97,659,144,3637,sleep,sleep,False,brain dysfunction (forget),0.00016423552006017417,0.00016423552006017417,0.3152136206626892,0.09943170100450516,0.38,0,0,953,FP32-token-IDs
BERT,k3mu97,659,144,3637,sleep,sleep,False,emptiness,0.0015263229724951088,0.0015263229724951088,0.25199806690216064,0.6372386813163757,0.38,0,1,953,FP32-token-IDs
BERT,k3mu97,659,144,3637,sleep,sleep,False,hopelessness,0.00027647893875837326,0.00027647893875837326,0.5713253021240234,0.9911624193191528,0.38,1,1,953,FP32-token-IDs
BERT,k3mu97,659,144,3637,sleep,sleep,False,loneliness,0.0004072973970323801,0.0004072973970323801,0.4571398198604584,0.7032500505447388,0.38,0,1,953,FP32-token-IDs
BERT,k3mu97,659,144,3637,sleep,sleep,False,sadness,0.0015429629711434245,0.0015429629711434245,0.41641947627067566,0.9947109222412109,0.38,1,1,953,FP32-token-IDs
BERT,k3mu97,659,144,3637,sleep,sleep,False,suicide intent,-0.0024664037773618475,0.0024664037773618475,0.24135345220565796,0.24965988099575043,0.38,0,0,953,FP32-token-IDs
BERT,k3mu97,659,144,3637,sleep,sleep,False,worthlessness,-0.0007604761340189725,0.0007604761340189725,0.4964175224304199,0.8263647556304932,0.38,1,1,953,FP32-token-IDs
BERT,k3mu97,659,145,2138,because,because,False,anger,-0.0018905491015175357,0.0018905491015175357,0.3507611155509949,0.31551653146743774,0.38,0,0,953,FP32-token-IDs
BERT,k3mu97,659,145,2138,because,because,False,brain dysfunction (forget),0.00016423552006017417,0.00016423552006017417,0.3152136206626892,0.09943170100450516,0.38,0,0,953,FP32-token-IDs
BERT,k3mu97,659,145,2138,because,because,False,emptiness,0.0015263229724951088,0.0015263229724951088,0.25199806690216064,0.6372386813163757,0.38,0,1,953,FP32-token-IDs
BERT,k3mu97,659,145,2138,because,because,False,hopelessness,0.00027647893875837326,0.00027647893875837326,0.5713253021240234,0.9911624193191528,0.38,1,1,953,FP32-token-IDs
BERT,k3mu97,659,145,2138,because,because,False,loneliness,0.0004072973970323801,0.0004072973970323801,0.4571398198604584,0.7032500505447388,0.38,0,1,953,FP32-token-IDs
BERT,k3mu97,659,145,2138,because,because,False,sadness,0.0015429629711434245,0.0015429629711434245,0.41641947627067566,0.9947109222412109,0.38,1,1,953,FP32-token-IDs
BERT,k3mu97,659,145,2138,because,because,False,suicide intent,-0.0024664037773618475,0.0024664037773618475,0.24135345220565796,0.24965988099575043,0.38,0,0,953,FP32-token-IDs
BERT,k3mu97,659,145,2138,because,because,False,worthlessness,-0.0007604761340189725,0.0007604761340189725,0.4964175224304199,0.8263647556304932,0.38,1,1,953,FP32-token-IDs
BERT,k3mu97,659,146,2065,if,if,False,anger,-0.0018905491015175357,0.0018905491015175357,0.3507611155509949,0.31551653146743774,0.38,0,0,953,FP32-token-IDs
BERT,k3mu97,659,146,2065,if,if,False,brain dysfunction (forget),0.00016423552006017417,0.00016423552006017417,0.3152136206626892,0.09943170100450516,0.38,0,0,953,FP32-token-IDs
BERT,k3mu97,659,146,2065,if,if,False,emptiness,0.0015263229724951088,0.0015263229724951088,0.25199806690216064,0.6372386813163757,0.38,0,1,953,FP32-token-IDs
BERT,k3mu97,659,146,2065,if,if,False,hopelessness,0.00027647893875837326,0.00027647893875837326,0.5713253021240234,0.9911624193191528,0.38,1,1,953,FP32-token-IDs
BERT,k3mu97,659,146,2065,if,if,False,loneliness,0.0004072973970323801,0.0004072973970323801,0.4571398198604584,0.7032500505447388,0.38,0,1,953,FP32-token-IDs
BERT,k3mu97,659,146,2065,if,if,False,sadness,0.0015429629711434245,0.0015429629711434245,0.41641947627067566,0.9947109222412109,0.38,1,1,953,FP32-token-IDs
BERT,k3mu97,659,146,2065,if,if,False,suicide intent,-0.0024664037773618475,0.0024664037773618475,0.24135345220565796,0.24965988099575043,0.38,0,0,953,FP32-token-IDs
BERT,k3mu97,659,146,2065,if,if,False,worthlessness,-0.0007604761340189725,0.0007604761340189725,0.4964175224304199,0.8263647556304932,0.38,1,1,953,FP32-token-IDs
BERT,k3mu97,659,147,1045,i,i,False,anger,-0.0018905491015175357,0.0018905491015175357,0.3507611155509949,0.31551653146743774,0.38,0,0,953,FP32-token-IDs
BERT,k3mu97,659,147,1045,i,i,False,brain dysfunction (forget),0.00016423552006017417,0.00016423552006017417,0.3152136206626892,0.09943170100450516,0.38,0,0,953,FP32-token-IDs
BERT,k3mu97,659,147,1045,i,i,False,emptiness,0.0015263229724951088,0.0015263229724951088,0.25199806690216064,0.6372386813163757,0.38,0,1,953,FP32-token-IDs
BERT,k3mu97,659,147,1045,i,i,False,hopelessness,0.00027647893875837326,0.00027647893875837326,0.5713253021240234,0.9911624193191528,0.38,1,1,953,FP32-token-IDs
BERT,k3mu97,659,147,1045,i,i,False,loneliness,0.0004072973970323801,0.0004072973970323801,0.4571398198604584,0.7032500505447388,0.38,0,1,953,FP32-token-IDs
BERT,k3mu97,659,147,1045,i,i,False,sadness,0.0015429629711434245,0.0015429629711434245,0.41641947627067566,0.9947109222412109,0.38,1,1,953,FP32-token-IDs
BERT,k3mu97,659,147,1045,i,i,False,suicide intent,-0.0024664037773618475,0.0024664037773618475,0.24135345220565796,0.24965988099575043,0.38,0,0,953,FP32-token-IDs
BERT,k3mu97,659,147,1045,i,i,False,worthlessness,-0.0007604761340189725,0.0007604761340189725,0.4964175224304199,0.8263647556304932,0.38,1,1,953,FP32-token-IDs
BERT,k3mu97,659,148,2079,do,do,False,anger,0.0007052834844216704,0.0007052834844216704,0.3507611155509949,0.31551653146743774,0.38,0,0,953,FP32-token-IDs
BERT,k3mu97,659,148,2079,do,do,False,brain dysfunction (forget),0.000788489545811899,0.000788489545811899,0.3152136206626892,0.09943170100450516,0.38,0,0,953,FP32-token-IDs
BERT,k3mu97,659,148,2079,do,do,False,emptiness,0.0031491853296756744,0.0031491853296756744,0.25199806690216064,0.6372386813163757,0.38,0,1,953,FP32-token-IDs
BERT,k3mu97,659,148,2079,do,do,False,hopelessness,0.0010091406293213367,0.0010091406293213367,0.5713253021240234,0.9911624193191528,0.38,1,1,953,FP32-token-IDs
BERT,k3mu97,659,148,2079,do,do,False,loneliness,0.0007716135587543249,0.0007716135587543249,0.4571398198604584,0.7032500505447388,0.38,0,1,953,FP32-token-IDs
BERT,k3mu97,659,148,2079,do,do,False,sadness,0.001688811113126576,0.001688811113126576,0.41641947627067566,0.9947109222412109,0.38,1,1,953,FP32-token-IDs
BERT,k3mu97,659,148,2079,do,do,False,suicide intent,-0.0004556689236778766,0.0004556689236778766,0.24135345220565796,0.24965988099575043,0.38,0,0,953,FP32-token-IDs
BERT,k3mu97,659,148,2079,do,do,False,worthlessness,0.0017952885245904326,0.0017952885245904326,0.4964175224304199,0.8263647556304932,0.38,1,1,953,FP32-token-IDs
BERT,k3mu97,659,149,1045,i,i,False,anger,0.0007052834844216704,0.0007052834844216704,0.3507611155509949,0.31551653146743774,0.38,0,0,953,FP32-token-IDs
BERT,k3mu97,659,149,1045,i,i,False,brain dysfunction (forget),0.000788489545811899,0.000788489545811899,0.3152136206626892,0.09943170100450516,0.38,0,0,953,FP32-token-IDs
BERT,k3mu97,659,149,1045,i,i,False,emptiness,0.0031491853296756744,0.0031491853296756744,0.25199806690216064,0.6372386813163757,0.38,0,1,953,FP32-token-IDs
BERT,k3mu97,659,149,1045,i,i,False,hopelessness,0.0010091406293213367,0.0010091406293213367,0.5713253021240234,0.9911624193191528,0.38,1,1,953,FP32-token-IDs
BERT,k3mu97,659,149,1045,i,i,False,loneliness,0.0007716135587543249,0.0007716135587543249,0.4571398198604584,0.7032500505447388,0.38,0,1,953,FP32-token-IDs
BERT,k3mu97,659,149,1045,i,i,False,sadness,0.001688811113126576,0.001688811113126576,0.41641947627067566,0.9947109222412109,0.38,1,1,953,FP32-token-IDs
BERT,k3mu97,659,149,1045,i,i,False,suicide intent,-0.0004556689236778766,0.0004556689236778766,0.24135345220565796,0.24965988099575043,0.38,0,0,953,FP32-token-IDs
BERT,k3mu97,659,149,1045,i,i,False,worthlessness,0.0017952885245904326,0.0017952885245904326,0.4964175224304199,0.8263647556304932,0.38,1,1,953,FP32-token-IDs
BERT,k3mu97,659,150,5256,wake,wake,False,anger,0.0007052834844216704,0.0007052834844216704,0.3507611155509949,0.31551653146743774,0.38,0,0,953,FP32-token-IDs
BERT,k3mu97,659,150,5256,wake,wake,False,brain dysfunction (forget),0.000788489545811899,0.000788489545811899,0.3152136206626892,0.09943170100450516,0.38,0,0,953,FP32-token-IDs
BERT,k3mu97,659,150,5256,wake,wake,False,emptiness,0.0031491853296756744,0.0031491853296756744,0.25199806690216064,0.6372386813163757,0.38,0,1,953,FP32-token-IDs
BERT,k3mu97,659,150,5256,wake,wake,False,hopelessness,0.0010091406293213367,0.0010091406293213367,0.5713253021240234,0.9911624193191528,0.38,1,1,953,FP32-token-IDs
BERT,k3mu97,659,150,5256,wake,wake,False,loneliness,0.0007716135587543249,0.0007716135587543249,0.4571398198604584,0.7032500505447388,0.38,0,1,953,FP32-token-IDs
BERT,k3mu97,659,150,5256,wake,wake,False,sadness,0.001688811113126576,0.001688811113126576,0.41641947627067566,0.9947109222412109,0.38,1,1,953,FP32-token-IDs
BERT,k3mu97,659,150,5256,wake,wake,False,suicide intent,-0.0004556689236778766,0.0004556689236778766,0.24135345220565796,0.24965988099575043,0.38,0,0,953,FP32-token-IDs
BERT,k3mu97,659,150,5256,wake,wake,False,worthlessness,0.0017952885245904326,0.0017952885245904326,0.4964175224304199,0.8263647556304932,0.38,1,1,953,FP32-token-IDs
BERT,k3mu97,659,151,2039,up,up,False,anger,0.0007052834844216704,0.0007052834844216704,0.3507611155509949,0.31551653146743774,0.38,0,0,953,FP32-token-IDs
BERT,k3mu97,659,151,2039,up,up,False,brain dysfunction (forget),0.000788489545811899,0.000788489545811899,0.3152136206626892,0.09943170100450516,0.38,0,0,953,FP32-token-IDs
BERT,k3mu97,659,151,2039,up,up,False,emptiness,0.0031491853296756744,0.0031491853296756744,0.25199806690216064,0.6372386813163757,0.38,0,1,953,FP32-token-IDs
BERT,k3mu97,659,151,2039,up,up,False,hopelessness,0.0010091406293213367,0.0010091406293213367,0.5713253021240234,0.9911624193191528,0.38,1,1,953,FP32-token-IDs
BERT,k3mu97,659,151,2039,up,up,False,loneliness,0.0007716135587543249,0.0007716135587543249,0.4571398198604584,0.7032500505447388,0.38,0,1,953,FP32-token-IDs
BERT,k3mu97,659,151,2039,up,up,False,sadness,0.001688811113126576,0.001688811113126576,0.41641947627067566,0.9947109222412109,0.38,1,1,953,FP32-token-IDs
BERT,k3mu97,659,151,2039,up,up,False,suicide intent,-0.0004556689236778766,0.0004556689236778766,0.24135345220565796,0.24965988099575043,0.38,0,0,953,FP32-token-IDs
BERT,k3mu97,659,151,2039,up,up,False,worthlessness,0.0017952885245904326,0.0017952885245904326,0.4964175224304199,0.8263647556304932,0.38,1,1,953,FP32-token-IDs
BERT,k3mu97,659,152,1998,and,and,False,anger,0.0036558429710566998,0.0036558429710566998,0.3507611155509949,0.31551653146743774,0.38,0,0,953,FP32-token-IDs
BERT,k3mu97,659,152,1998,and,and,False,brain dysfunction (forget),0.0010946847178274766,0.0010946847178274766,0.3152136206626892,0.09943170100450516,0.38,0,0,953,FP32-token-IDs
BERT,k3mu97,659,152,1998,and,and,False,emptiness,0.001983185880817473,0.001983185880817473,0.25199806690216064,0.6372386813163757,0.38,0,1,953,FP32-token-IDs
BERT,k3mu97,659,152,1998,and,and,False,hopelessness,0.002943966770544648,0.002943966770544648,0.5713253021240234,0.9911624193191528,0.38,1,1,953,FP32-token-IDs
BERT,k3mu97,659,152,1998,and,and,False,loneliness,-0.0016272885259240866,0.0016272885259240866,0.4571398198604584,0.7032500505447388,0.38,0,1,953,FP32-token-IDs
BERT,k3mu97,659,152,1998,and,and,False,sadness,0.0034723669523373246,0.0034723669523373246,0.41641947627067566,0.9947109222412109,0.38,1,1,953,FP32-token-IDs
BERT,k3mu97,659,152,1998,and,and,False,suicide intent,-0.00018255950999446213,0.00018255950999446213,0.24135345220565796,0.24965988099575043,0.38,0,0,953,FP32-token-IDs
BERT,k3mu97,659,152,1998,and,and,False,worthlessness,0.00437885447172448,0.00437885447172448,0.4964175224304199,0.8263647556304932,0.38,1,1,953,FP32-token-IDs
BERT,k3mu97,659,153,2009,it,it,False,anger,0.0036558429710566998,0.0036558429710566998,0.3507611155509949,0.31551653146743774,0.38,0,0,953,FP32-token-IDs
BERT,k3mu97,659,153,2009,it,it,False,brain dysfunction (forget),0.0010946847178274766,0.0010946847178274766,0.3152136206626892,0.09943170100450516,0.38,0,0,953,FP32-token-IDs
BERT,k3mu97,659,153,2009,it,it,False,emptiness,0.001983185880817473,0.001983185880817473,0.25199806690216064,0.6372386813163757,0.38,0,1,953,FP32-token-IDs
BERT,k3mu97,659,153,2009,it,it,False,hopelessness,0.002943966770544648,0.002943966770544648,0.5713253021240234,0.9911624193191528,0.38,1,1,953,FP32-token-IDs
BERT,k3mu97,659,153,2009,it,it,False,loneliness,-0.0016272885259240866,0.0016272885259240866,0.4571398198604584,0.7032500505447388,0.38,0,1,953,FP32-token-IDs
BERT,k3mu97,659,153,2009,it,it,False,sadness,0.0034723669523373246,0.0034723669523373246,0.41641947627067566,0.9947109222412109,0.38,1,1,953,FP32-token-IDs
BERT,k3mu97,659,153,2009,it,it,False,suicide intent,-0.00018255950999446213,0.00018255950999446213,0.24135345220565796,0.24965988099575043,0.38,0,0,953,FP32-token-IDs
BERT,k3mu97,659,153,2009,it,it,False,worthlessness,0.00437885447172448,0.00437885447172448,0.4964175224304199,0.8263647556304932,0.38,1,1,953,FP32-token-IDs
BERT,k3mu97,659,154,13403,hurts,hurts,False,anger,0.0036558429710566998,0.0036558429710566998,0.3507611155509949,0.31551653146743774,0.38,0,0,953,FP32-token-IDs
BERT,k3mu97,659,154,13403,hurts,hurts,False,brain dysfunction (forget),0.0010946847178274766,0.0010946847178274766,0.3152136206626892,0.09943170100450516,0.38,0,0,953,FP32-token-IDs
BERT,k3mu97,659,154,13403,hurts,hurts,False,emptiness,0.001983185880817473,0.001983185880817473,0.25199806690216064,0.6372386813163757,0.38,0,1,953,FP32-token-IDs
BERT,k3mu97,659,154,13403,hurts,hurts,False,hopelessness,0.002943966770544648,0.002943966770544648,0.5713253021240234,0.9911624193191528,0.38,1,1,953,FP32-token-IDs
BERT,k3mu97,659,154,13403,hurts,hurts,False,loneliness,-0.0016272885259240866,0.0016272885259240866,0.4571398198604584,0.7032500505447388,0.38,0,1,953,FP32-token-IDs
BERT,k3mu97,659,154,13403,hurts,hurts,False,sadness,0.0034723669523373246,0.0034723669523373246,0.41641947627067566,0.9947109222412109,0.38,1,1,953,FP32-token-IDs
BERT,k3mu97,659,154,13403,hurts,hurts,False,suicide intent,-0.00018255950999446213,0.00018255950999446213,0.24135345220565796,0.24965988099575043,0.38,0,0,953,FP32-token-IDs
BERT,k3mu97,659,154,13403,hurts,hurts,False,worthlessness,0.00437885447172448,0.00437885447172448,0.4964175224304199,0.8263647556304932,0.38,1,1,953,FP32-token-IDs
BERT,k3mu97,659,155,1012,.,.,False,anger,0.0036558429710566998,0.0036558429710566998,0.3507611155509949,0.31551653146743774,0.38,0,0,953,FP32-token-IDs
BERT,k3mu97,659,155,1012,.,.,False,brain dysfunction (forget),0.0010946847178274766,0.0010946847178274766,0.3152136206626892,0.09943170100450516,0.38,0,0,953,FP32-token-IDs
BERT,k3mu97,659,155,1012,.,.,False,emptiness,0.001983185880817473,0.001983185880817473,0.25199806690216064,0.6372386813163757,0.38,0,1,953,FP32-token-IDs
BERT,k3mu97,659,155,1012,.,.,False,hopelessness,0.002943966770544648,0.002943966770544648,0.5713253021240234,0.9911624193191528,0.38,1,1,953,FP32-token-IDs
BERT,k3mu97,659,155,1012,.,.,False,loneliness,-0.0016272885259240866,0.0016272885259240866,0.4571398198604584,0.7032500505447388,0.38,0,1,953,FP32-token-IDs
BERT,k3mu97,659,155,1012,.,.,False,sadness,0.0034723669523373246,0.0034723669523373246,0.41641947627067566,0.9947109222412109,0.38,1,1,953,FP32-token-IDs
BERT,k3mu97,659,155,1012,.,.,False,suicide intent,-0.00018255950999446213,0.00018255950999446213,0.24135345220565796,0.24965988099575043,0.38,0,0,953,FP32-token-IDs
BERT,k3mu97,659,155,1012,.,.,False,worthlessness,0.00437885447172448,0.00437885447172448,0.4964175224304199,0.8263647556304932,0.38,1,1,953,FP32-token-IDs
BERT,k3mu97,659,156,1045,i,i,False,anger,-0.001303812677549474,0.001303812677549474,0.3507611155509949,0.31551653146743774,0.38,0,0,953,FP32-token-IDs
BERT,k3mu97,659,156,1045,i,i,False,brain dysfunction (forget),0.0005271536625783752,0.0005271536625783752,0.3152136206626892,0.09943170100450516,0.38,0,0,953,FP32-token-IDs
BERT,k3mu97,659,156,1045,i,i,False,emptiness,0.006630154439739676,0.006630154439739676,0.25199806690216064,0.6372386813163757,0.38,0,1,953,FP32-token-IDs
BERT,k3mu97,659,156,1045,i,i,False,hopelessness,0.0028400978038984315,0.0028400978038984315,0.5713253021240234,0.9911624193191528,0.38,1,1,953,FP32-token-IDs
BERT,k3mu97,659,156,1045,i,i,False,loneliness,0.0037040247073121093,0.0037040247073121093,0.4571398198604584,0.7032500505447388,0.38,0,1,953,FP32-token-IDs
BERT,k3mu97,659,156,1045,i,i,False,sadness,0.0013092556856227693,0.0013092556856227693,0.41641947627067566,0.9947109222412109,0.38,1,1,953,FP32-token-IDs
BERT,k3mu97,659,156,1045,i,i,False,suicide intent,-0.0017604602089031013,0.0017604602089031013,0.24135345220565796,0.24965988099575043,0.38,0,0,953,FP32-token-IDs
BERT,k3mu97,659,156,1045,i,i,False,worthlessness,0.0030502471275179197,0.0030502471275179197,0.4964175224304199,0.8263647556304932,0.38,1,1,953,FP32-token-IDs
BERT,k3mu97,659,157,2079,do,do,False,anger,-0.001303812677549474,0.001303812677549474,0.3507611155509949,0.31551653146743774,0.38,0,0,953,FP32-token-IDs
BERT,k3mu97,659,157,2079,do,do,False,brain dysfunction (forget),0.0005271536625783752,0.0005271536625783752,0.3152136206626892,0.09943170100450516,0.38,0,0,953,FP32-token-IDs
BERT,k3mu97,659,157,2079,do,do,False,emptiness,0.006630154439739676,0.006630154439739676,0.25199806690216064,0.6372386813163757,0.38,0,1,953,FP32-token-IDs
BERT,k3mu97,659,157,2079,do,do,False,hopelessness,0.0028400978038984315,0.0028400978038984315,0.5713253021240234,0.9911624193191528,0.38,1,1,953,FP32-token-IDs
BERT,k3mu97,659,157,2079,do,do,False,loneliness,0.0037040247073121093,0.0037040247073121093,0.4571398198604584,0.7032500505447388,0.38,0,1,953,FP32-token-IDs
BERT,k3mu97,659,157,2079,do,do,False,sadness,0.0013092556856227693,0.0013092556856227693,0.41641947627067566,0.9947109222412109,0.38,1,1,953,FP32-token-IDs
BERT,k3mu97,659,157,2079,do,do,False,suicide intent,-0.0017604602089031013,0.0017604602089031013,0.24135345220565796,0.24965988099575043,0.38,0,0,953,FP32-token-IDs
BERT,k3mu97,659,157,2079,do,do,False,worthlessness,0.0030502471275179197,0.0030502471275179197,0.4964175224304199,0.8263647556304932,0.38,1,1,953,FP32-token-IDs
BERT,k3mu97,659,158,2025,not,not,False,anger,-0.001303812677549474,0.001303812677549474,0.3507611155509949,0.31551653146743774,0.38,0,0,953,FP32-token-IDs
BERT,k3mu97,659,158,2025,not,not,False,brain dysfunction (forget),0.0005271536625783752,0.0005271536625783752,0.3152136206626892,0.09943170100450516,0.38,0,0,953,FP32-token-IDs
BERT,k3mu97,659,158,2025,not,not,False,emptiness,0.006630154439739676,0.006630154439739676,0.25199806690216064,0.6372386813163757,0.38,0,1,953,FP32-token-IDs
BERT,k3mu97,659,158,2025,not,not,False,hopelessness,0.0028400978038984315,0.0028400978038984315,0.5713253021240234,0.9911624193191528,0.38,1,1,953,FP32-token-IDs
BERT,k3mu97,659,158,2025,not,not,False,loneliness,0.0037040247073121093,0.0037040247073121093,0.4571398198604584,0.7032500505447388,0.38,0,1,953,FP32-token-IDs
BERT,k3mu97,659,158,2025,not,not,False,sadness,0.0013092556856227693,0.0013092556856227693,0.41641947627067566,0.9947109222412109,0.38,1,1,953,FP32-token-IDs
BERT,k3mu97,659,158,2025,not,not,False,suicide intent,-0.0017604602089031013,0.0017604602089031013,0.24135345220565796,0.24965988099575043,0.38,0,0,953,FP32-token-IDs
BERT,k3mu97,659,158,2025,not,not,False,worthlessness,0.0030502471275179197,0.0030502471275179197,0.4964175224304199,0.8263647556304932,0.38,1,1,953,FP32-token-IDs
BERT,k3mu97,659,159,3637,sleep,sleep,False,anger,-0.001303812677549474,0.001303812677549474,0.3507611155509949,0.31551653146743774,0.38,0,0,953,FP32-token-IDs
BERT,k3mu97,659,159,3637,sleep,sleep,False,brain dysfunction (forget),0.0005271536625783752,0.0005271536625783752,0.3152136206626892,0.09943170100450516,0.38,0,0,953,FP32-token-IDs
BERT,k3mu97,659,159,3637,sleep,sleep,False,emptiness,0.006630154439739676,0.006630154439739676,0.25199806690216064,0.6372386813163757,0.38,0,1,953,FP32-token-IDs
BERT,k3mu97,659,159,3637,sleep,sleep,False,hopelessness,0.0028400978038984315,0.0028400978038984315,0.5713253021240234,0.9911624193191528,0.38,1,1,953,FP32-token-IDs
BERT,k3mu97,659,159,3637,sleep,sleep,False,loneliness,0.0037040247073121093,0.0037040247073121093,0.4571398198604584,0.7032500505447388,0.38,0,1,953,FP32-token-IDs
BERT,k3mu97,659,159,3637,sleep,sleep,False,sadness,0.0013092556856227693,0.0013092556856227693,0.41641947627067566,0.9947109222412109,0.38,1,1,953,FP32-token-IDs
BERT,k3mu97,659,159,3637,sleep,sleep,False,suicide intent,-0.0017604602089031013,0.0017604602089031013,0.24135345220565796,0.24965988099575043,0.38,0,0,953,FP32-token-IDs
BERT,k3mu97,659,159,3637,sleep,sleep,False,worthlessness,0.0030502471275179197,0.0030502471275179197,0.4964175224304199,0.8263647556304932,0.38,1,1,953,FP32-token-IDs
BERT,k3mu97,659,160,2138,because,because,False,anger,-0.001070558514954798,0.001070558514954798,0.3507611155509949,0.31551653146743774,0.38,0,0,953,FP32-token-IDs
BERT,k3mu97,659,160,2138,because,because,False,brain dysfunction (forget),-0.00045434024866187464,0.00045434024866187464,0.3152136206626892,0.09943170100450516,0.38,0,0,953,FP32-token-IDs
BERT,k3mu97,659,160,2138,because,because,False,emptiness,0.00508004240368286,0.00508004240368286,0.25199806690216064,0.6372386813163757,0.38,0,1,953,FP32-token-IDs
BERT,k3mu97,659,160,2138,because,because,False,hopelessness,0.0019118839840370195,0.0019118839840370195,0.5713253021240234,0.9911624193191528,0.38,1,1,953,FP32-token-IDs
BERT,k3mu97,659,160,2138,because,because,False,loneliness,0.004634334934288981,0.004634334934288981,0.4571398198604584,0.7032500505447388,0.38,0,1,953,FP32-token-IDs
BERT,k3mu97,659,160,2138,because,because,False,sadness,0.0020099618360055267,0.0020099618360055267,0.41641947627067566,0.9947109222412109,0.38,1,1,953,FP32-token-IDs
BERT,k3mu97,659,160,2138,because,because,False,suicide intent,-0.0023061894807378178,0.0023061894807378178,0.24135345220565796,0.24965988099575043,0.38,0,0,953,FP32-token-IDs
BERT,k3mu97,659,160,2138,because,because,False,worthlessness,0.0021036959736159553,0.0021036959736159553,0.4964175224304199,0.8263647556304932,0.38,1,1,953,FP32-token-IDs
BERT,k3mu97,659,161,2296,every,every,False,anger,-0.001070558514954798,0.001070558514954798,0.3507611155509949,0.31551653146743774,0.38,0,0,953,FP32-token-IDs
BERT,k3mu97,659,161,2296,every,every,False,brain dysfunction (forget),-0.00045434024866187464,0.00045434024866187464,0.3152136206626892,0.09943170100450516,0.38,0,0,953,FP32-token-IDs
BERT,k3mu97,659,161,2296,every,every,False,emptiness,0.00508004240368286,0.00508004240368286,0.25199806690216064,0.6372386813163757,0.38,0,1,953,FP32-token-IDs
BERT,k3mu97,659,161,2296,every,every,False,hopelessness,0.0019118839840370195,0.0019118839840370195,0.5713253021240234,0.9911624193191528,0.38,1,1,953,FP32-token-IDs
BERT,k3mu97,659,161,2296,every,every,False,loneliness,0.004634334934288981,0.004634334934288981,0.4571398198604584,0.7032500505447388,0.38,0,1,953,FP32-token-IDs
BERT,k3mu97,659,161,2296,every,every,False,sadness,0.0020099618360055267,0.0020099618360055267,0.41641947627067566,0.9947109222412109,0.38,1,1,953,FP32-token-IDs
BERT,k3mu97,659,161,2296,every,every,False,suicide intent,-0.0023061894807378178,0.0023061894807378178,0.24135345220565796,0.24965988099575043,0.38,0,0,953,FP32-token-IDs
BERT,k3mu97,659,161,2296,every,every,False,worthlessness,0.0021036959736159553,0.0021036959736159553,0.4964175224304199,0.8263647556304932,0.38,1,1,953,FP32-token-IDs
BERT,k3mu97,659,162,2051,time,time,False,anger,-0.001070558514954798,0.001070558514954798,0.3507611155509949,0.31551653146743774,0.38,0,0,953,FP32-token-IDs
BERT,k3mu97,659,162,2051,time,time,False,brain dysfunction (forget),-0.00045434024866187464,0.00045434024866187464,0.3152136206626892,0.09943170100450516,0.38,0,0,953,FP32-token-IDs
BERT,k3mu97,659,162,2051,time,time,False,emptiness,0.00508004240368286,0.00508004240368286,0.25199806690216064,0.6372386813163757,0.38,0,1,953,FP32-token-IDs
BERT,k3mu97,659,162,2051,time,time,False,hopelessness,0.0019118839840370195,0.0019118839840370195,0.5713253021240234,0.9911624193191528,0.38,1,1,953,FP32-token-IDs
BERT,k3mu97,659,162,2051,time,time,False,loneliness,0.004634334934288981,0.004634334934288981,0.4571398198604584,0.7032500505447388,0.38,0,1,953,FP32-token-IDs
BERT,k3mu97,659,162,2051,time,time,False,sadness,0.0020099618360055267,0.0020099618360055267,0.41641947627067566,0.9947109222412109,0.38,1,1,953,FP32-token-IDs
BERT,k3mu97,659,162,2051,time,time,False,suicide intent,-0.0023061894807378178,0.0023061894807378178,0.24135345220565796,0.24965988099575043,0.38,0,0,953,FP32-token-IDs
BERT,k3mu97,659,162,2051,time,time,False,worthlessness,0.0021036959736159553,0.0021036959736159553,0.4964175224304199,0.8263647556304932,0.38,1,1,953,FP32-token-IDs
BERT,k3mu97,659,163,1045,i,i,False,anger,-0.001070558514954798,0.001070558514954798,0.3507611155509949,0.31551653146743774,0.38,0,0,953,FP32-token-IDs
BERT,k3mu97,659,163,1045,i,i,False,brain dysfunction (forget),-0.00045434024866187464,0.00045434024866187464,0.3152136206626892,0.09943170100450516,0.38,0,0,953,FP32-token-IDs
BERT,k3mu97,659,163,1045,i,i,False,emptiness,0.00508004240368286,0.00508004240368286,0.25199806690216064,0.6372386813163757,0.38,0,1,953,FP32-token-IDs
BERT,k3mu97,659,163,1045,i,i,False,hopelessness,0.0019118839840370195,0.0019118839840370195,0.5713253021240234,0.9911624193191528,0.38,1,1,953,FP32-token-IDs
BERT,k3mu97,659,163,1045,i,i,False,loneliness,0.004634334934288981,0.004634334934288981,0.4571398198604584,0.7032500505447388,0.38,0,1,953,FP32-token-IDs
BERT,k3mu97,659,163,1045,i,i,False,sadness,0.0020099618360055267,0.0020099618360055267,0.41641947627067566,0.9947109222412109,0.38,1,1,953,FP32-token-IDs
BERT,k3mu97,659,163,1045,i,i,False,suicide intent,-0.0023061894807378178,0.0023061894807378178,0.24135345220565796,0.24965988099575043,0.38,0,0,953,FP32-token-IDs
BERT,k3mu97,659,163,1045,i,i,False,worthlessness,0.0021036959736159553,0.0021036959736159553,0.4964175224304199,0.8263647556304932,0.38,1,1,953,FP32-token-IDs
BERT,k3mu97,659,164,2485,close,close,False,anger,-0.00017286535822441456,0.00017286535822441456,0.3507611155509949,0.31551653146743774,0.38,0,0,953,FP32-token-IDs
BERT,k3mu97,659,164,2485,close,close,False,brain dysfunction (forget),-0.0007509401497103412,0.0007509401497103412,0.3152136206626892,0.09943170100450516,0.38,0,0,953,FP32-token-IDs
BERT,k3mu97,659,164,2485,close,close,False,emptiness,0.0022164674559866804,0.0022164674559866804,0.25199806690216064,0.6372386813163757,0.38,0,1,953,FP32-token-IDs
BERT,k3mu97,659,164,2485,close,close,False,hopelessness,0.0009687955456751363,0.0009687955456751363,0.5713253021240234,0.9911624193191528,0.38,1,1,953,FP32-token-IDs
BERT,k3mu97,659,164,2485,close,close,False,loneliness,0.00314114964135957,0.00314114964135957,0.4571398198604584,0.7032500505447388,0.38,0,1,953,FP32-token-IDs
BERT,k3mu97,659,164,2485,close,close,False,sadness,0.0018661861195815382,0.0018661861195815382,0.41641947627067566,0.9947109222412109,0.38,1,1,953,FP32-token-IDs
BERT,k3mu97,659,164,2485,close,close,False,suicide intent,-0.000927194769179483,0.000927194769179483,0.24135345220565796,0.24965988099575043,0.38,0,0,953,FP32-token-IDs
BERT,k3mu97,659,164,2485,close,close,False,worthlessness,-0.00026617134399539613,0.00026617134399539613,0.4964175224304199,0.8263647556304932,0.38,1,1,953,FP32-token-IDs
BERT,k3mu97,659,165,2026,my,my,False,anger,-0.00017286535822441456,0.00017286535822441456,0.3507611155509949,0.31551653146743774,0.38,0,0,953,FP32-token-IDs
BERT,k3mu97,659,165,2026,my,my,False,brain dysfunction (forget),-0.0007509401497103412,0.0007509401497103412,0.3152136206626892,0.09943170100450516,0.38,0,0,953,FP32-token-IDs
BERT,k3mu97,659,165,2026,my,my,False,emptiness,0.0022164674559866804,0.0022164674559866804,0.25199806690216064,0.6372386813163757,0.38,0,1,953,FP32-token-IDs
BERT,k3mu97,659,165,2026,my,my,False,hopelessness,0.0009687955456751363,0.0009687955456751363,0.5713253021240234,0.9911624193191528,0.38,1,1,953,FP32-token-IDs
BERT,k3mu97,659,165,2026,my,my,False,loneliness,0.00314114964135957,0.00314114964135957,0.4571398198604584,0.7032500505447388,0.38,0,1,953,FP32-token-IDs
BERT,k3mu97,659,165,2026,my,my,False,sadness,0.0018661861195815382,0.0018661861195815382,0.41641947627067566,0.9947109222412109,0.38,1,1,953,FP32-token-IDs
BERT,k3mu97,659,165,2026,my,my,False,suicide intent,-0.000927194769179483,0.000927194769179483,0.24135345220565796,0.24965988099575043,0.38,0,0,953,FP32-token-IDs
BERT,k3mu97,659,165,2026,my,my,False,worthlessness,-0.00026617134399539613,0.00026617134399539613,0.4964175224304199,0.8263647556304932,0.38,1,1,953,FP32-token-IDs
BERT,k3mu97,659,166,2159,eyes,eyes,False,anger,-0.00017286535822441456,0.00017286535822441456,0.3507611155509949,0.31551653146743774,0.38,0,0,953,FP32-token-IDs
BERT,k3mu97,659,166,2159,eyes,eyes,False,brain dysfunction (forget),-0.0007509401497103412,0.0007509401497103412,0.3152136206626892,0.09943170100450516,0.38,0,0,953,FP32-token-IDs
BERT,k3mu97,659,166,2159,eyes,eyes,False,emptiness,0.0022164674559866804,0.0022164674559866804,0.25199806690216064,0.6372386813163757,0.38,0,1,953,FP32-token-IDs
BERT,k3mu97,659,166,2159,eyes,eyes,False,hopelessness,0.0009687955456751363,0.0009687955456751363,0.5713253021240234,0.9911624193191528,0.38,1,1,953,FP32-token-IDs
BERT,k3mu97,659,166,2159,eyes,eyes,False,loneliness,0.00314114964135957,0.00314114964135957,0.4571398198604584,0.7032500505447388,0.38,0,1,953,FP32-token-IDs
BERT,k3mu97,659,166,2159,eyes,eyes,False,sadness,0.0018661861195815382,0.0018661861195815382,0.41641947627067566,0.9947109222412109,0.38,1,1,953,FP32-token-IDs
BERT,k3mu97,659,166,2159,eyes,eyes,False,suicide intent,-0.000927194769179483,0.000927194769179483,0.24135345220565796,0.24965988099575043,0.38,0,0,953,FP32-token-IDs
BERT,k3mu97,659,166,2159,eyes,eyes,False,worthlessness,-0.00026617134399539613,0.00026617134399539613,0.4964175224304199,0.8263647556304932,0.38,1,1,953,FP32-token-IDs
BERT,k3mu97,659,167,1045,i,i,False,anger,-0.00017286535822441456,0.00017286535822441456,0.3507611155509949,0.31551653146743774,0.38,0,0,953,FP32-token-IDs
BERT,k3mu97,659,167,1045,i,i,False,brain dysfunction (forget),-0.0007509401497103412,0.0007509401497103412,0.3152136206626892,0.09943170100450516,0.38,0,0,953,FP32-token-IDs
BERT,k3mu97,659,167,1045,i,i,False,emptiness,0.0022164674559866804,0.0022164674559866804,0.25199806690216064,0.6372386813163757,0.38,0,1,953,FP32-token-IDs
BERT,k3mu97,659,167,1045,i,i,False,hopelessness,0.0009687955456751363,0.0009687955456751363,0.5713253021240234,0.9911624193191528,0.38,1,1,953,FP32-token-IDs
BERT,k3mu97,659,167,1045,i,i,False,loneliness,0.00314114964135957,0.00314114964135957,0.4571398198604584,0.7032500505447388,0.38,0,1,953,FP32-token-IDs
BERT,k3mu97,659,167,1045,i,i,False,sadness,0.0018661861195815382,0.0018661861195815382,0.41641947627067566,0.9947109222412109,0.38,1,1,953,FP32-token-IDs
BERT,k3mu97,659,167,1045,i,i,False,suicide intent,-0.000927194769179483,0.000927194769179483,0.24135345220565796,0.24965988099575043,0.38,0,0,953,FP32-token-IDs
BERT,k3mu97,659,167,1045,i,i,False,worthlessness,-0.00026617134399539613,0.00026617134399539613,0.4964175224304199,0.8263647556304932,0.38,1,1,953,FP32-token-IDs
BERT,k3mu97,659,168,2074,just,just,False,anger,0.0003565884986461175,0.0003565884986461175,0.3507611155509949,0.31551653146743774,0.38,0,0,953,FP32-token-IDs
BERT,k3mu97,659,168,2074,just,just,False,brain dysfunction (forget),-0.00043639549619035314,0.00043639549619035314,0.3152136206626892,0.09943170100450516,0.38,0,0,953,FP32-token-IDs
BERT,k3mu97,659,168,2074,just,just,False,emptiness,0.0023631675252949614,0.0023631675252949614,0.25199806690216064,0.6372386813163757,0.38,0,1,953,FP32-token-IDs
BERT,k3mu97,659,168,2074,just,just,False,hopelessness,0.0007717425900476949,0.0007717425900476949,0.5713253021240234,0.9911624193191528,0.38,1,1,953,FP32-token-IDs
BERT,k3mu97,659,168,2074,just,just,False,loneliness,0.003766822391534569,0.003766822391534569,0.4571398198604584,0.7032500505447388,0.38,0,1,953,FP32-token-IDs
BERT,k3mu97,659,168,2074,just,just,False,sadness,0.0003216775022102175,0.0003216775022102175,0.41641947627067566,0.9947109222412109,0.38,1,1,953,FP32-token-IDs
BERT,k3mu97,659,168,2074,just,just,False,suicide intent,-0.0008374410589803356,0.0008374410589803356,0.24135345220565796,0.24965988099575043,0.38,0,0,953,FP32-token-IDs
BERT,k3mu97,659,168,2074,just,just,False,worthlessness,-1.970612814787857e-06,1.970612814787857e-06,0.4964175224304199,0.8263647556304932,0.38,1,1,953,FP32-token-IDs
BERT,k3mu97,659,169,2156,see,see,False,anger,0.0003565884986461175,0.0003565884986461175,0.3507611155509949,0.31551653146743774,0.38,0,0,953,FP32-token-IDs
BERT,k3mu97,659,169,2156,see,see,False,brain dysfunction (forget),-0.00043639549619035314,0.00043639549619035314,0.3152136206626892,0.09943170100450516,0.38,0,0,953,FP32-token-IDs
BERT,k3mu97,659,169,2156,see,see,False,emptiness,0.0023631675252949614,0.0023631675252949614,0.25199806690216064,0.6372386813163757,0.38,0,1,953,FP32-token-IDs
BERT,k3mu97,659,169,2156,see,see,False,hopelessness,0.0007717425900476949,0.0007717425900476949,0.5713253021240234,0.9911624193191528,0.38,1,1,953,FP32-token-IDs
BERT,k3mu97,659,169,2156,see,see,False,loneliness,0.003766822391534569,0.003766822391534569,0.4571398198604584,0.7032500505447388,0.38,0,1,953,FP32-token-IDs
BERT,k3mu97,659,169,2156,see,see,False,sadness,0.0003216775022102175,0.0003216775022102175,0.41641947627067566,0.9947109222412109,0.38,1,1,953,FP32-token-IDs
BERT,k3mu97,659,169,2156,see,see,False,suicide intent,-0.0008374410589803356,0.0008374410589803356,0.24135345220565796,0.24965988099575043,0.38,0,0,953,FP32-token-IDs
BERT,k3mu97,659,169,2156,see,see,False,worthlessness,-1.970612814787857e-06,1.970612814787857e-06,0.4964175224304199,0.8263647556304932,0.38,1,1,953,FP32-token-IDs
BERT,k3mu97,659,170,2014,her,her,False,anger,0.0003565884986461175,0.0003565884986461175,0.3507611155509949,0.31551653146743774,0.38,0,0,953,FP32-token-IDs
BERT,k3mu97,659,170,2014,her,her,False,brain dysfunction (forget),-0.00043639549619035314,0.00043639549619035314,0.3152136206626892,0.09943170100450516,0.38,0,0,953,FP32-token-IDs
BERT,k3mu97,659,170,2014,her,her,False,emptiness,0.0023631675252949614,0.0023631675252949614,0.25199806690216064,0.6372386813163757,0.38,0,1,953,FP32-token-IDs
BERT,k3mu97,659,170,2014,her,her,False,hopelessness,0.0007717425900476949,0.0007717425900476949,0.5713253021240234,0.9911624193191528,0.38,1,1,953,FP32-token-IDs
BERT,k3mu97,659,170,2014,her,her,False,loneliness,0.003766822391534569,0.003766822391534569,0.4571398198604584,0.7032500505447388,0.38,0,1,953,FP32-token-IDs
BERT,k3mu97,659,170,2014,her,her,False,sadness,0.0003216775022102175,0.0003216775022102175,0.41641947627067566,0.9947109222412109,0.38,1,1,953,FP32-token-IDs
BERT,k3mu97,659,170,2014,her,her,False,suicide intent,-0.0008374410589803356,0.0008374410589803356,0.24135345220565796,0.24965988099575043,0.38,0,0,953,FP32-token-IDs
BERT,k3mu97,659,170,2014,her,her,False,worthlessness,-1.970612814787857e-06,1.970612814787857e-06,0.4964175224304199,0.8263647556304932,0.38,1,1,953,FP32-token-IDs
BERT,k3mu97,659,171,4582,staring,staring,False,anger,0.0003565884986461175,0.0003565884986461175,0.3507611155509949,0.31551653146743774,0.38,0,0,953,FP32-token-IDs
BERT,k3mu97,659,171,4582,staring,staring,False,brain dysfunction (forget),-0.00043639549619035314,0.00043639549619035314,0.3152136206626892,0.09943170100450516,0.38,0,0,953,FP32-token-IDs
BERT,k3mu97,659,171,4582,staring,staring,False,emptiness,0.0023631675252949614,0.0023631675252949614,0.25199806690216064,0.6372386813163757,0.38,0,1,953,FP32-token-IDs
BERT,k3mu97,659,171,4582,staring,staring,False,hopelessness,0.0007717425900476949,0.0007717425900476949,0.5713253021240234,0.9911624193191528,0.38,1,1,953,FP32-token-IDs
BERT,k3mu97,659,171,4582,staring,staring,False,loneliness,0.003766822391534569,0.003766822391534569,0.4571398198604584,0.7032500505447388,0.38,0,1,953,FP32-token-IDs
BERT,k3mu97,659,171,4582,staring,staring,False,sadness,0.0003216775022102175,0.0003216775022102175,0.41641947627067566,0.9947109222412109,0.38,1,1,953,FP32-token-IDs
BERT,k3mu97,659,171,4582,staring,staring,False,suicide intent,-0.0008374410589803356,0.0008374410589803356,0.24135345220565796,0.24965988099575043,0.38,0,0,953,FP32-token-IDs
BERT,k3mu97,659,171,4582,staring,staring,False,worthlessness,-1.970612814787857e-06,1.970612814787857e-06,0.4964175224304199,0.8263647556304932,0.38,1,1,953,FP32-token-IDs
BERT,k3mu97,659,172,2012,at,at,False,anger,-0.001441817554180363,0.001441817554180363,0.3507611155509949,0.31551653146743774,0.38,0,0,953,FP32-token-IDs
BERT,k3mu97,659,172,2012,at,at,False,brain dysfunction (forget),-0.005317947006590746,0.005317947006590746,0.3152136206626892,0.09943170100450516,0.38,0,0,953,FP32-token-IDs
BERT,k3mu97,659,172,2012,at,at,False,emptiness,-0.0029122079146386244,0.0029122079146386244,0.25199806690216064,0.6372386813163757,0.38,0,1,953,FP32-token-IDs
BERT,k3mu97,659,172,2012,at,at,False,hopelessness,0.0014931627514737627,0.0014931627514737627,0.5713253021240234,0.9911624193191528,0.38,1,1,953,FP32-token-IDs
BERT,k3mu97,659,172,2012,at,at,False,loneliness,0.0008107851406791396,0.0008107851406791396,0.4571398198604584,0.7032500505447388,0.38,0,1,953,FP32-token-IDs
BERT,k3mu97,659,172,2012,at,at,False,sadness,0.0057286430990655815,0.0057286430990655815,0.41641947627067566,0.9947109222412109,0.38,1,1,953,FP32-token-IDs
BERT,k3mu97,659,172,2012,at,at,False,suicide intent,-0.005818204631576603,0.005818204631576603,0.24135345220565796,0.24965988099575043,0.38,0,0,953,FP32-token-IDs
BERT,k3mu97,659,172,2012,at,at,False,worthlessness,-0.001997653347705036,0.001997653347705036,0.4964175224304199,0.8263647556304932,0.38,1,1,953,FP32-token-IDs
BERT,k3mu97,659,173,2033,me,me,False,anger,-0.001441817554180363,0.001441817554180363,0.3507611155509949,0.31551653146743774,0.38,0,0,953,FP32-token-IDs
BERT,k3mu97,659,173,2033,me,me,False,brain dysfunction (forget),-0.005317947006590746,0.005317947006590746,0.3152136206626892,0.09943170100450516,0.38,0,0,953,FP32-token-IDs
BERT,k3mu97,659,173,2033,me,me,False,emptiness,-0.0029122079146386244,0.0029122079146386244,0.25199806690216064,0.6372386813163757,0.38,0,1,953,FP32-token-IDs
BERT,k3mu97,659,173,2033,me,me,False,hopelessness,0.0014931627514737627,0.0014931627514737627,0.5713253021240234,0.9911624193191528,0.38,1,1,953,FP32-token-IDs
BERT,k3mu97,659,173,2033,me,me,False,loneliness,0.0008107851406791396,0.0008107851406791396,0.4571398198604584,0.7032500505447388,0.38,0,1,953,FP32-token-IDs
BERT,k3mu97,659,173,2033,me,me,False,sadness,0.0057286430990655815,0.0057286430990655815,0.41641947627067566,0.9947109222412109,0.38,1,1,953,FP32-token-IDs
BERT,k3mu97,659,173,2033,me,me,False,suicide intent,-0.005818204631576603,0.005818204631576603,0.24135345220565796,0.24965988099575043,0.38,0,0,953,FP32-token-IDs
BERT,k3mu97,659,173,2033,me,me,False,worthlessness,-0.001997653347705036,0.001997653347705036,0.4964175224304199,0.8263647556304932,0.38,1,1,953,FP32-token-IDs
BERT,k3mu97,659,174,6933,crying,crying,False,anger,-0.005323938150425294,0.005323938150425294,0.3507611155509949,0.31551653146743774,0.38,0,0,953,FP32-token-IDs
BERT,k3mu97,659,174,6933,crying,crying,False,brain dysfunction (forget),-0.006836479407541536,0.006836479407541536,0.3152136206626892,0.09943170100450516,0.38,0,0,953,FP32-token-IDs
BERT,k3mu97,659,174,6933,crying,crying,False,emptiness,-0.0045511796494306185,0.0045511796494306185,0.25199806690216064,0.6372386813163757,0.38,0,1,953,FP32-token-IDs
BERT,k3mu97,659,174,6933,crying,crying,False,hopelessness,0.0029152047785895845,0.0029152047785895845,0.5713253021240234,0.9911624193191528,0.38,1,1,953,FP32-token-IDs
BERT,k3mu97,659,174,6933,crying,crying,False,loneliness,-0.001481914039864283,0.001481914039864283,0.4571398198604584,0.7032500505447388,0.38,0,1,953,FP32-token-IDs
BERT,k3mu97,659,174,6933,crying,crying,False,sadness,0.010066764606382408,0.010066764606382408,0.41641947627067566,0.9947109222412109,0.38,1,1,953,FP32-token-IDs
BERT,k3mu97,659,174,6933,crying,crying,False,suicide intent,-0.008916255229631728,0.008916255229631728,0.24135345220565796,0.24965988099575043,0.38,0,0,953,FP32-token-IDs
BERT,k3mu97,659,174,6933,crying,crying,False,worthlessness,-0.0026189228047472533,0.0026189228047472533,0.4964175224304199,0.8263647556304932,0.38,1,1,953,FP32-token-IDs
BERT,k3mu97,659,175,2004,as,as,False,anger,-0.005323938150425294,0.005323938150425294,0.3507611155509949,0.31551653146743774,0.38,0,0,953,FP32-token-IDs
BERT,k3mu97,659,175,2004,as,as,False,brain dysfunction (forget),-0.006836479407541536,0.006836479407541536,0.3152136206626892,0.09943170100450516,0.38,0,0,953,FP32-token-IDs
BERT,k3mu97,659,175,2004,as,as,False,emptiness,-0.0045511796494306185,0.0045511796494306185,0.25199806690216064,0.6372386813163757,0.38,0,1,953,FP32-token-IDs
BERT,k3mu97,659,175,2004,as,as,False,hopelessness,0.0029152047785895845,0.0029152047785895845,0.5713253021240234,0.9911624193191528,0.38,1,1,953,FP32-token-IDs
BERT,k3mu97,659,175,2004,as,as,False,loneliness,-0.001481914039864283,0.001481914039864283,0.4571398198604584,0.7032500505447388,0.38,0,1,953,FP32-token-IDs
BERT,k3mu97,659,175,2004,as,as,False,sadness,0.010066764606382408,0.010066764606382408,0.41641947627067566,0.9947109222412109,0.38,1,1,953,FP32-token-IDs
BERT,k3mu97,659,175,2004,as,as,False,suicide intent,-0.008916255229631728,0.008916255229631728,0.24135345220565796,0.24965988099575043,0.38,0,0,953,FP32-token-IDs
BERT,k3mu97,659,175,2004,as,as,False,worthlessness,-0.0026189228047472533,0.0026189228047472533,0.4964175224304199,0.8263647556304932,0.38,1,1,953,FP32-token-IDs
BERT,k3mu97,659,176,1997,of,of,False,anger,-0.0005244079950339948,0.0005244079950339948,0.3507611155509949,0.31551653146743774,0.38,0,0,953,FP32-token-IDs
BERT,k3mu97,659,176,1997,of,of,False,brain dysfunction (forget),-0.004216141647898009,0.004216141647898009,0.3152136206626892,0.09943170100450516,0.38,0,0,953,FP32-token-IDs
BERT,k3mu97,659,176,1997,of,of,False,emptiness,-0.002897858079778189,0.002897858079778189,0.25199806690216064,0.6372386813163757,0.38,0,1,953,FP32-token-IDs
BERT,k3mu97,659,176,1997,of,of,False,hopelessness,0.0012759363011422534,0.0012759363011422534,0.5713253021240234,0.9911624193191528,0.38,1,1,953,FP32-token-IDs
BERT,k3mu97,659,176,1997,of,of,False,loneliness,-0.0017952327735223923,0.0017952327735223923,0.4571398198604584,0.7032500505447388,0.38,0,1,953,FP32-token-IDs
BERT,k3mu97,659,176,1997,of,of,False,sadness,0.004416734772687756,0.004416734772687756,0.41641947627067566,0.9947109222412109,0.38,1,1,953,FP32-token-IDs
BERT,k3mu97,659,176,1997,of,of,False,suicide intent,-0.006806593198675152,0.006806593198675152,0.24135345220565796,0.24965988099575043,0.38,0,0,953,FP32-token-IDs
BERT,k3mu97,659,176,1997,of,of,False,worthlessness,-0.0017358218928388697,0.0017358218928388697,0.4964175224304199,0.8263647556304932,0.38,1,1,953,FP32-token-IDs
BERT,k3mu97,659,177,2008,that,that,False,anger,-0.0005244079950339948,0.0005244079950339948,0.3507611155509949,0.31551653146743774,0.38,0,0,953,FP32-token-IDs
BERT,k3mu97,659,177,2008,that,that,False,brain dysfunction (forget),-0.004216141647898009,0.004216141647898009,0.3152136206626892,0.09943170100450516,0.38,0,0,953,FP32-token-IDs
BERT,k3mu97,659,177,2008,that,that,False,emptiness,-0.002897858079778189,0.002897858079778189,0.25199806690216064,0.6372386813163757,0.38,0,1,953,FP32-token-IDs
BERT,k3mu97,659,177,2008,that,that,False,hopelessness,0.0012759363011422534,0.0012759363011422534,0.5713253021240234,0.9911624193191528,0.38,1,1,953,FP32-token-IDs
BERT,k3mu97,659,177,2008,that,that,False,loneliness,-0.0017952327735223923,0.0017952327735223923,0.4571398198604584,0.7032500505447388,0.38,0,1,953,FP32-token-IDs
BERT,k3mu97,659,177,2008,that,that,False,sadness,0.004416734772687756,0.004416734772687756,0.41641947627067566,0.9947109222412109,0.38,1,1,953,FP32-token-IDs
BERT,k3mu97,659,177,2008,that,that,False,suicide intent,-0.006806593198675152,0.006806593198675152,0.24135345220565796,0.24965988099575043,0.38,0,0,953,FP32-token-IDs
BERT,k3mu97,659,177,2008,that,that,False,worthlessness,-0.0017358218928388697,0.0017358218928388697,0.4964175224304199,0.8263647556304932,0.38,1,1,953,FP32-token-IDs
BERT,k3mu97,659,178,2154,day,day,False,anger,-0.0005244079950339948,0.0005244079950339948,0.3507611155509949,0.31551653146743774,0.38,0,0,953,FP32-token-IDs
BERT,k3mu97,659,178,2154,day,day,False,brain dysfunction (forget),-0.004216141647898009,0.004216141647898009,0.3152136206626892,0.09943170100450516,0.38,0,0,953,FP32-token-IDs
BERT,k3mu97,659,178,2154,day,day,False,emptiness,-0.002897858079778189,0.002897858079778189,0.25199806690216064,0.6372386813163757,0.38,0,1,953,FP32-token-IDs
BERT,k3mu97,659,178,2154,day,day,False,hopelessness,0.0012759363011422534,0.0012759363011422534,0.5713253021240234,0.9911624193191528,0.38,1,1,953,FP32-token-IDs
BERT,k3mu97,659,178,2154,day,day,False,loneliness,-0.0017952327735223923,0.0017952327735223923,0.4571398198604584,0.7032500505447388,0.38,0,1,953,FP32-token-IDs
BERT,k3mu97,659,178,2154,day,day,False,sadness,0.004416734772687756,0.004416734772687756,0.41641947627067566,0.9947109222412109,0.38,1,1,953,FP32-token-IDs
BERT,k3mu97,659,178,2154,day,day,False,suicide intent,-0.006806593198675152,0.006806593198675152,0.24135345220565796,0.24965988099575043,0.38,0,0,953,FP32-token-IDs
BERT,k3mu97,659,178,2154,day,day,False,worthlessness,-0.0017358218928388697,0.0017358218928388697,0.4964175224304199,0.8263647556304932,0.38,1,1,953,FP32-token-IDs
BERT,k3mu97,659,179,2043,when,when,False,anger,-0.0005244079950339948,0.0005244079950339948,0.3507611155509949,0.31551653146743774,0.38,0,0,953,FP32-token-IDs
BERT,k3mu97,659,179,2043,when,when,False,brain dysfunction (forget),-0.004216141647898009,0.004216141647898009,0.3152136206626892,0.09943170100450516,0.38,0,0,953,FP32-token-IDs
BERT,k3mu97,659,179,2043,when,when,False,emptiness,-0.002897858079778189,0.002897858079778189,0.25199806690216064,0.6372386813163757,0.38,0,1,953,FP32-token-IDs
BERT,k3mu97,659,179,2043,when,when,False,hopelessness,0.0012759363011422534,0.0012759363011422534,0.5713253021240234,0.9911624193191528,0.38,1,1,953,FP32-token-IDs
BERT,k3mu97,659,179,2043,when,when,False,loneliness,-0.0017952327735223923,0.0017952327735223923,0.4571398198604584,0.7032500505447388,0.38,0,1,953,FP32-token-IDs
BERT,k3mu97,659,179,2043,when,when,False,sadness,0.004416734772687756,0.004416734772687756,0.41641947627067566,0.9947109222412109,0.38,1,1,953,FP32-token-IDs
BERT,k3mu97,659,179,2043,when,when,False,suicide intent,-0.006806593198675152,0.006806593198675152,0.24135345220565796,0.24965988099575043,0.38,0,0,953,FP32-token-IDs
BERT,k3mu97,659,179,2043,when,when,False,worthlessness,-0.0017358218928388697,0.0017358218928388697,0.4964175224304199,0.8263647556304932,0.38,1,1,953,FP32-token-IDs
BERT,k3mu97,659,180,2673,everything,everything,False,anger,-2.7069924034163934e-05,2.7069924034163934e-05,0.3507611155509949,0.31551653146743774,0.38,0,0,953,FP32-token-IDs
BERT,k3mu97,659,180,2673,everything,everything,False,brain dysfunction (forget),-0.004238084112222345,0.004238084112222345,0.3152136206626892,0.09943170100450516,0.38,0,0,953,FP32-token-IDs
BERT,k3mu97,659,180,2673,everything,everything,False,emptiness,-0.0032898015376250293,0.0032898015376250293,0.25199806690216064,0.6372386813163757,0.38,0,1,953,FP32-token-IDs
BERT,k3mu97,659,180,2673,everything,everything,False,hopelessness,0.0015328866084692654,0.0015328866084692654,0.5713253021240234,0.9911624193191528,0.38,1,1,953,FP32-token-IDs
BERT,k3mu97,659,180,2673,everything,everything,False,loneliness,-0.003012373900115347,0.003012373900115347,0.4571398198604584,0.7032500505447388,0.38,0,1,953,FP32-token-IDs
BERT,k3mu97,659,180,2673,everything,everything,False,sadness,0.004913893661104741,0.004913893661104741,0.41641947627067566,0.9947109222412109,0.38,1,1,953,FP32-token-IDs
BERT,k3mu97,659,180,2673,everything,everything,False,suicide intent,-0.00740716718381406,0.00740716718381406,0.24135345220565796,0.24965988099575043,0.38,0,0,953,FP32-token-IDs
BERT,k3mu97,659,180,2673,everything,everything,False,worthlessness,-0.0016106075517422899,0.0016106075517422899,0.4964175224304199,0.8263647556304932,0.38,1,1,953,FP32-token-IDs
BERT,k3mu97,659,181,3047,happened,happened,False,anger,-2.7069924034163934e-05,2.7069924034163934e-05,0.3507611155509949,0.31551653146743774,0.38,0,0,953,FP32-token-IDs
BERT,k3mu97,659,181,3047,happened,happened,False,brain dysfunction (forget),-0.004238084112222345,0.004238084112222345,0.3152136206626892,0.09943170100450516,0.38,0,0,953,FP32-token-IDs
BERT,k3mu97,659,181,3047,happened,happened,False,emptiness,-0.0032898015376250293,0.0032898015376250293,0.25199806690216064,0.6372386813163757,0.38,0,1,953,FP32-token-IDs
BERT,k3mu97,659,181,3047,happened,happened,False,hopelessness,0.0015328866084692654,0.0015328866084692654,0.5713253021240234,0.9911624193191528,0.38,1,1,953,FP32-token-IDs
BERT,k3mu97,659,181,3047,happened,happened,False,loneliness,-0.003012373900115347,0.003012373900115347,0.4571398198604584,0.7032500505447388,0.38,0,1,953,FP32-token-IDs
BERT,k3mu97,659,181,3047,happened,happened,False,sadness,0.004913893661104741,0.004913893661104741,0.41641947627067566,0.9947109222412109,0.38,1,1,953,FP32-token-IDs
BERT,k3mu97,659,181,3047,happened,happened,False,suicide intent,-0.00740716718381406,0.00740716718381406,0.24135345220565796,0.24965988099575043,0.38,0,0,953,FP32-token-IDs
BERT,k3mu97,659,181,3047,happened,happened,False,worthlessness,-0.0016106075517422899,0.0016106075517422899,0.4964175224304199,0.8263647556304932,0.38,1,1,953,FP32-token-IDs
BERT,k3mu97,659,182,1012,.,.,False,anger,-2.7069924034163934e-05,2.7069924034163934e-05,0.3507611155509949,0.31551653146743774,0.38,0,0,953,FP32-token-IDs
BERT,k3mu97,659,182,1012,.,.,False,brain dysfunction (forget),-0.004238084112222345,0.004238084112222345,0.3152136206626892,0.09943170100450516,0.38,0,0,953,FP32-token-IDs
BERT,k3mu97,659,182,1012,.,.,False,emptiness,-0.0032898015376250293,0.0032898015376250293,0.25199806690216064,0.6372386813163757,0.38,0,1,953,FP32-token-IDs
BERT,k3mu97,659,182,1012,.,.,False,hopelessness,0.0015328866084692654,0.0015328866084692654,0.5713253021240234,0.9911624193191528,0.38,1,1,953,FP32-token-IDs
BERT,k3mu97,659,182,1012,.,.,False,loneliness,-0.003012373900115347,0.003012373900115347,0.4571398198604584,0.7032500505447388,0.38,0,1,953,FP32-token-IDs
BERT,k3mu97,659,182,1012,.,.,False,sadness,0.004913893661104741,0.004913893661104741,0.41641947627067566,0.9947109222412109,0.38,1,1,953,FP32-token-IDs
BERT,k3mu97,659,182,1012,.,.,False,suicide intent,-0.00740716718381406,0.00740716718381406,0.24135345220565796,0.24965988099575043,0.38,0,0,953,FP32-token-IDs
BERT,k3mu97,659,182,1012,.,.,False,worthlessness,-0.0016106075517422899,0.0016106075517422899,0.4964175224304199,0.8263647556304932,0.38,1,1,953,FP32-token-IDs
BERT,k3mu97,659,183,1045,i,i,False,anger,-0.001867370452435518,0.001867370452435518,0.3507611155509949,0.31551653146743774,0.38,0,0,953,FP32-token-IDs
BERT,k3mu97,659,183,1045,i,i,False,brain dysfunction (forget),0.001450434673725712,0.001450434673725712,0.3152136206626892,0.09943170100450516,0.38,0,0,953,FP32-token-IDs
BERT,k3mu97,659,183,1045,i,i,False,emptiness,0.012356172209944238,0.012356172209944238,0.25199806690216064,0.6372386813163757,0.38,0,1,953,FP32-token-IDs
BERT,k3mu97,659,183,1045,i,i,False,hopelessness,0.0068299920954318204,0.0068299920954318204,0.5713253021240234,0.9911624193191528,0.38,1,1,953,FP32-token-IDs
BERT,k3mu97,659,183,1045,i,i,False,loneliness,0.008368846293623474,0.008368846293623474,0.4571398198604584,0.7032500505447388,0.38,0,1,953,FP32-token-IDs
BERT,k3mu97,659,183,1045,i,i,False,sadness,0.004077831579541618,0.004077831579541618,0.41641947627067566,0.9947109222412109,0.38,1,1,953,FP32-token-IDs
BERT,k3mu97,659,183,1045,i,i,False,suicide intent,0.00021035412977322596,0.00021035412977322596,0.24135345220565796,0.24965988099575043,0.38,0,0,953,FP32-token-IDs
BERT,k3mu97,659,183,1045,i,i,False,worthlessness,0.00898341569435698,0.00898341569435698,0.4964175224304199,0.8263647556304932,0.38,1,1,953,FP32-token-IDs
BERT,k3mu97,659,184,2064,can,can,False,anger,-0.001867370452435518,0.001867370452435518,0.3507611155509949,0.31551653146743774,0.38,0,0,953,FP32-token-IDs
BERT,k3mu97,659,184,2064,can,can,False,brain dysfunction (forget),0.001450434673725712,0.001450434673725712,0.3152136206626892,0.09943170100450516,0.38,0,0,953,FP32-token-IDs
BERT,k3mu97,659,184,2064,can,can,False,emptiness,0.012356172209944238,0.012356172209944238,0.25199806690216064,0.6372386813163757,0.38,0,1,953,FP32-token-IDs
BERT,k3mu97,659,184,2064,can,can,False,hopelessness,0.0068299920954318204,0.0068299920954318204,0.5713253021240234,0.9911624193191528,0.38,1,1,953,FP32-token-IDs
BERT,k3mu97,659,184,2064,can,can,False,loneliness,0.008368846293623474,0.008368846293623474,0.4571398198604584,0.7032500505447388,0.38,0,1,953,FP32-token-IDs
BERT,k3mu97,659,184,2064,can,can,False,sadness,0.004077831579541618,0.004077831579541618,0.41641947627067566,0.9947109222412109,0.38,1,1,953,FP32-token-IDs
BERT,k3mu97,659,184,2064,can,can,False,suicide intent,0.00021035412977322596,0.00021035412977322596,0.24135345220565796,0.24965988099575043,0.38,0,0,953,FP32-token-IDs
BERT,k3mu97,659,184,2064,can,can,False,worthlessness,0.00898341569435698,0.00898341569435698,0.4964175224304199,0.8263647556304932,0.38,1,1,953,FP32-token-IDs
BERT,k3mu97,659,185,1521,’,’,False,anger,-0.001867370452435518,0.001867370452435518,0.3507611155509949,0.31551653146743774,0.38,0,0,953,FP32-token-IDs
BERT,k3mu97,659,185,1521,’,’,False,brain dysfunction (forget),0.001450434673725712,0.001450434673725712,0.3152136206626892,0.09943170100450516,0.38,0,0,953,FP32-token-IDs
BERT,k3mu97,659,185,1521,’,’,False,emptiness,0.012356172209944238,0.012356172209944238,0.25199806690216064,0.6372386813163757,0.38,0,1,953,FP32-token-IDs
BERT,k3mu97,659,185,1521,’,’,False,hopelessness,0.0068299920954318204,0.0068299920954318204,0.5713253021240234,0.9911624193191528,0.38,1,1,953,FP32-token-IDs
BERT,k3mu97,659,185,1521,’,’,False,loneliness,0.008368846293623474,0.008368846293623474,0.4571398198604584,0.7032500505447388,0.38,0,1,953,FP32-token-IDs
BERT,k3mu97,659,185,1521,’,’,False,sadness,0.004077831579541618,0.004077831579541618,0.41641947627067566,0.9947109222412109,0.38,1,1,953,FP32-token-IDs
BERT,k3mu97,659,185,1521,’,’,False,suicide intent,0.00021035412977322596,0.00021035412977322596,0.24135345220565796,0.24965988099575043,0.38,0,0,953,FP32-token-IDs
BERT,k3mu97,659,185,1521,’,’,False,worthlessness,0.00898341569435698,0.00898341569435698,0.4964175224304199,0.8263647556304932,0.38,1,1,953,FP32-token-IDs
BERT,k3mu97,659,186,1056,t,t,False,anger,-0.001867370452435518,0.001867370452435518,0.3507611155509949,0.31551653146743774,0.38,0,0,953,FP32-token-IDs
BERT,k3mu97,659,186,1056,t,t,False,brain dysfunction (forget),0.001450434673725712,0.001450434673725712,0.3152136206626892,0.09943170100450516,0.38,0,0,953,FP32-token-IDs
BERT,k3mu97,659,186,1056,t,t,False,emptiness,0.012356172209944238,0.012356172209944238,0.25199806690216064,0.6372386813163757,0.38,0,1,953,FP32-token-IDs
BERT,k3mu97,659,186,1056,t,t,False,hopelessness,0.0068299920954318204,0.0068299920954318204,0.5713253021240234,0.9911624193191528,0.38,1,1,953,FP32-token-IDs
BERT,k3mu97,659,186,1056,t,t,False,loneliness,0.008368846293623474,0.008368846293623474,0.4571398198604584,0.7032500505447388,0.38,0,1,953,FP32-token-IDs
BERT,k3mu97,659,186,1056,t,t,False,sadness,0.004077831579541618,0.004077831579541618,0.41641947627067566,0.9947109222412109,0.38,1,1,953,FP32-token-IDs
BERT,k3mu97,659,186,1056,t,t,False,suicide intent,0.00021035412977322596,0.00021035412977322596,0.24135345220565796,0.24965988099575043,0.38,0,0,953,FP32-token-IDs
BERT,k3mu97,659,186,1056,t,t,False,worthlessness,0.00898341569435698,0.00898341569435698,0.4964175224304199,0.8263647556304932,0.38,1,1,953,FP32-token-IDs
BERT,k3mu97,659,187,3288,bring,bring,False,anger,-0.0008042895238145025,0.0008042895238145025,0.3507611155509949,0.31551653146743774,0.38,0,0,953,FP32-token-IDs
BERT,k3mu97,659,187,3288,bring,bring,False,brain dysfunction (forget),0.000781993616021589,0.000781993616021589,0.3152136206626892,0.09943170100450516,0.38,0,0,953,FP32-token-IDs
BERT,k3mu97,659,187,3288,bring,bring,False,emptiness,0.00539790332776966,0.00539790332776966,0.25199806690216064,0.6372386813163757,0.38,0,1,953,FP32-token-IDs
BERT,k3mu97,659,187,3288,bring,bring,False,hopelessness,0.0012145583009855313,0.0012145583009855313,0.5713253021240234,0.9911624193191528,0.38,1,1,953,FP32-token-IDs
BERT,k3mu97,659,187,3288,bring,bring,False,loneliness,0.003808009952258367,0.003808009952258367,0.4571398198604584,0.7032500505447388,0.38,0,1,953,FP32-token-IDs
BERT,k3mu97,659,187,3288,bring,bring,False,sadness,0.0011097493085574794,0.0011097493085574794,0.41641947627067566,0.9947109222412109,0.38,1,1,953,FP32-token-IDs
BERT,k3mu97,659,187,3288,bring,bring,False,suicide intent,-0.0004770360681433956,0.0004770360681433956,0.24135345220565796,0.24965988099575043,0.38,0,0,953,FP32-token-IDs
BERT,k3mu97,659,187,3288,bring,bring,False,worthlessness,0.00367980059720092,0.00367980059720092,0.4964175224304199,0.8263647556304932,0.38,1,1,953,FP32-token-IDs
BERT,k3mu97,659,188,2870,myself,myself,False,anger,-0.0008042895238145025,0.0008042895238145025,0.3507611155509949,0.31551653146743774,0.38,0,0,953,FP32-token-IDs
BERT,k3mu97,659,188,2870,myself,myself,False,brain dysfunction (forget),0.000781993616021589,0.000781993616021589,0.3152136206626892,0.09943170100450516,0.38,0,0,953,FP32-token-IDs
BERT,k3mu97,659,188,2870,myself,myself,False,emptiness,0.00539790332776966,0.00539790332776966,0.25199806690216064,0.6372386813163757,0.38,0,1,953,FP32-token-IDs
BERT,k3mu97,659,188,2870,myself,myself,False,hopelessness,0.0012145583009855313,0.0012145583009855313,0.5713253021240234,0.9911624193191528,0.38,1,1,953,FP32-token-IDs
BERT,k3mu97,659,188,2870,myself,myself,False,loneliness,0.003808009952258367,0.003808009952258367,0.4571398198604584,0.7032500505447388,0.38,0,1,953,FP32-token-IDs
BERT,k3mu97,659,188,2870,myself,myself,False,sadness,0.0011097493085574794,0.0011097493085574794,0.41641947627067566,0.9947109222412109,0.38,1,1,953,FP32-token-IDs
BERT,k3mu97,659,188,2870,myself,myself,False,suicide intent,-0.0004770360681433956,0.0004770360681433956,0.24135345220565796,0.24965988099575043,0.38,0,0,953,FP32-token-IDs
BERT,k3mu97,659,188,2870,myself,myself,False,worthlessness,0.00367980059720092,0.00367980059720092,0.4964175224304199,0.8263647556304932,0.38,1,1,953,FP32-token-IDs
BERT,k3mu97,659,189,2000,to,to,False,anger,-0.0008042895238145025,0.0008042895238145025,0.3507611155509949,0.31551653146743774,0.38,0,0,953,FP32-token-IDs
BERT,k3mu97,659,189,2000,to,to,False,brain dysfunction (forget),0.000781993616021589,0.000781993616021589,0.3152136206626892,0.09943170100450516,0.38,0,0,953,FP32-token-IDs
BERT,k3mu97,659,189,2000,to,to,False,emptiness,0.00539790332776966,0.00539790332776966,0.25199806690216064,0.6372386813163757,0.38,0,1,953,FP32-token-IDs
BERT,k3mu97,659,189,2000,to,to,False,hopelessness,0.0012145583009855313,0.0012145583009855313,0.5713253021240234,0.9911624193191528,0.38,1,1,953,FP32-token-IDs
BERT,k3mu97,659,189,2000,to,to,False,loneliness,0.003808009952258367,0.003808009952258367,0.4571398198604584,0.7032500505447388,0.38,0,1,953,FP32-token-IDs
BERT,k3mu97,659,189,2000,to,to,False,sadness,0.0011097493085574794,0.0011097493085574794,0.41641947627067566,0.9947109222412109,0.38,1,1,953,FP32-token-IDs
BERT,k3mu97,659,189,2000,to,to,False,suicide intent,-0.0004770360681433956,0.0004770360681433956,0.24135345220565796,0.24965988099575043,0.38,0,0,953,FP32-token-IDs
BERT,k3mu97,659,189,2000,to,to,False,worthlessness,0.00367980059720092,0.00367980059720092,0.4964175224304199,0.8263647556304932,0.38,1,1,953,FP32-token-IDs
BERT,k3mu97,659,190,2831,talk,talk,False,anger,-0.0008042895238145025,0.0008042895238145025,0.3507611155509949,0.31551653146743774,0.38,0,0,953,FP32-token-IDs
BERT,k3mu97,659,190,2831,talk,talk,False,brain dysfunction (forget),0.000781993616021589,0.000781993616021589,0.3152136206626892,0.09943170100450516,0.38,0,0,953,FP32-token-IDs
BERT,k3mu97,659,190,2831,talk,talk,False,emptiness,0.00539790332776966,0.00539790332776966,0.25199806690216064,0.6372386813163757,0.38,0,1,953,FP32-token-IDs
BERT,k3mu97,659,190,2831,talk,talk,False,hopelessness,0.0012145583009855313,0.0012145583009855313,0.5713253021240234,0.9911624193191528,0.38,1,1,953,FP32-token-IDs
BERT,k3mu97,659,190,2831,talk,talk,False,loneliness,0.003808009952258367,0.003808009952258367,0.4571398198604584,0.7032500505447388,0.38,0,1,953,FP32-token-IDs
BERT,k3mu97,659,190,2831,talk,talk,False,sadness,0.0011097493085574794,0.0011097493085574794,0.41641947627067566,0.9947109222412109,0.38,1,1,953,FP32-token-IDs
BERT,k3mu97,659,190,2831,talk,talk,False,suicide intent,-0.0004770360681433956,0.0004770360681433956,0.24135345220565796,0.24965988099575043,0.38,0,0,953,FP32-token-IDs
BERT,k3mu97,659,190,2831,talk,talk,False,worthlessness,0.00367980059720092,0.00367980059720092,0.4964175224304199,0.8263647556304932,0.38,1,1,953,FP32-token-IDs
BERT,k3mu97,659,191,2055,about,about,False,anger,-0.0008042895238145026,0.0008042895238145026,0.3507611155509949,0.31551653146743774,0.38,0,0,953,FP32-token-IDs
BERT,k3mu97,659,191,2055,about,about,False,brain dysfunction (forget),0.0007819936160215891,0.0007819936160215891,0.3152136206626892,0.09943170100450516,0.38,0,0,953,FP32-token-IDs
BERT,k3mu97,659,191,2055,about,about,False,emptiness,0.00539790332776966,0.00539790332776966,0.25199806690216064,0.6372386813163757,0.38,0,1,953,FP32-token-IDs
BERT,k3mu97,659,191,2055,about,about,False,hopelessness,0.0012145583009855313,0.0012145583009855313,0.5713253021240234,0.9911624193191528,0.38,1,1,953,FP32-token-IDs
BERT,k3mu97,659,191,2055,about,about,False,loneliness,0.003808009952258367,0.003808009952258367,0.4571398198604584,0.7032500505447388,0.38,0,1,953,FP32-token-IDs
BERT,k3mu97,659,191,2055,about,about,False,sadness,0.0011097493085574794,0.0011097493085574794,0.41641947627067566,0.9947109222412109,0.38,1,1,953,FP32-token-IDs
BERT,k3mu97,659,191,2055,about,about,False,suicide intent,-0.0004770360681433956,0.0004770360681433956,0.24135345220565796,0.24965988099575043,0.38,0,0,953,FP32-token-IDs
BERT,k3mu97,659,191,2055,about,about,False,worthlessness,0.00367980059720092,0.00367980059720092,0.4964175224304199,0.8263647556304932,0.38,1,1,953,FP32-token-IDs
BERT,k3mu97,659,192,2009,it,it,False,anger,-0.0008042895238145026,0.0008042895238145026,0.3507611155509949,0.31551653146743774,0.38,0,0,953,FP32-token-IDs
BERT,k3mu97,659,192,2009,it,it,False,brain dysfunction (forget),0.0007819936160215891,0.0007819936160215891,0.3152136206626892,0.09943170100450516,0.38,0,0,953,FP32-token-IDs
BERT,k3mu97,659,192,2009,it,it,False,emptiness,0.00539790332776966,0.00539790332776966,0.25199806690216064,0.6372386813163757,0.38,0,1,953,FP32-token-IDs
BERT,k3mu97,659,192,2009,it,it,False,hopelessness,0.0012145583009855313,0.0012145583009855313,0.5713253021240234,0.9911624193191528,0.38,1,1,953,FP32-token-IDs
BERT,k3mu97,659,192,2009,it,it,False,loneliness,0.003808009952258367,0.003808009952258367,0.4571398198604584,0.7032500505447388,0.38,0,1,953,FP32-token-IDs
BERT,k3mu97,659,192,2009,it,it,False,sadness,0.0011097493085574794,0.0011097493085574794,0.41641947627067566,0.9947109222412109,0.38,1,1,953,FP32-token-IDs
BERT,k3mu97,659,192,2009,it,it,False,suicide intent,-0.0004770360681433956,0.0004770360681433956,0.24135345220565796,0.24965988099575043,0.38,0,0,953,FP32-token-IDs
BERT,k3mu97,659,192,2009,it,it,False,worthlessness,0.00367980059720092,0.00367980059720092,0.4964175224304199,0.8263647556304932,0.38,1,1,953,FP32-token-IDs
BERT,k3mu97,659,193,1010,",",",",False,anger,-0.0008042895238145026,0.0008042895238145026,0.3507611155509949,0.31551653146743774,0.38,0,0,953,FP32-token-IDs
BERT,k3mu97,659,193,1010,",",",",False,brain dysfunction (forget),0.0007819936160215891,0.0007819936160215891,0.3152136206626892,0.09943170100450516,0.38,0,0,953,FP32-token-IDs
BERT,k3mu97,659,193,1010,",",",",False,emptiness,0.00539790332776966,0.00539790332776966,0.25199806690216064,0.6372386813163757,0.38,0,1,953,FP32-token-IDs
BERT,k3mu97,659,193,1010,",",",",False,hopelessness,0.0012145583009855313,0.0012145583009855313,0.5713253021240234,0.9911624193191528,0.38,1,1,953,FP32-token-IDs
BERT,k3mu97,659,193,1010,",",",",False,loneliness,0.003808009952258367,0.003808009952258367,0.4571398198604584,0.7032500505447388,0.38,0,1,953,FP32-token-IDs
BERT,k3mu97,659,193,1010,",",",",False,sadness,0.0011097493085574794,0.0011097493085574794,0.41641947627067566,0.9947109222412109,0.38,1,1,953,FP32-token-IDs
BERT,k3mu97,659,193,1010,",",",",False,suicide intent,-0.0004770360681433956,0.0004770360681433956,0.24135345220565796,0.24965988099575043,0.38,0,0,953,FP32-token-IDs
BERT,k3mu97,659,193,1010,",",",",False,worthlessness,0.00367980059720092,0.00367980059720092,0.4964175224304199,0.8263647556304932,0.38,1,1,953,FP32-token-IDs
BERT,k3mu97,659,194,2025,not,not,False,anger,-0.0026224478031508626,0.0026224478031508626,0.3507611155509949,0.31551653146743774,0.38,0,0,953,FP32-token-IDs
BERT,k3mu97,659,194,2025,not,not,False,brain dysfunction (forget),-0.00048607947149624433,0.00048607947149624433,0.3152136206626892,0.09943170100450516,0.38,0,0,953,FP32-token-IDs
BERT,k3mu97,659,194,2025,not,not,False,emptiness,0.008642928131545585,0.008642928131545585,0.25199806690216064,0.6372386813163757,0.38,0,1,953,FP32-token-IDs
BERT,k3mu97,659,194,2025,not,not,False,hopelessness,0.0030839760477344197,0.0030839760477344197,0.5713253021240234,0.9911624193191528,0.38,1,1,953,FP32-token-IDs
BERT,k3mu97,659,194,2025,not,not,False,loneliness,0.008068420055011908,0.008068420055011908,0.4571398198604584,0.7032500505447388,0.38,0,1,953,FP32-token-IDs
BERT,k3mu97,659,194,2025,not,not,False,sadness,0.0028015952246884506,0.0028015952246884506,0.41641947627067566,0.9947109222412109,0.38,1,1,953,FP32-token-IDs
BERT,k3mu97,659,194,2025,not,not,False,suicide intent,9.63780505117029e-05,9.63780505117029e-05,0.24135345220565796,0.24965988099575043,0.38,0,0,953,FP32-token-IDs
BERT,k3mu97,659,194,2025,not,not,False,worthlessness,0.00324233272112906,0.00324233272112906,0.4964175224304199,0.8263647556304932,0.38,1,1,953,FP32-token-IDs
BERT,k3mu97,659,195,2116,many,many,False,anger,-0.0026224478031508626,0.0026224478031508626,0.3507611155509949,0.31551653146743774,0.38,0,0,953,FP32-token-IDs
BERT,k3mu97,659,195,2116,many,many,False,brain dysfunction (forget),-0.00048607947149624433,0.00048607947149624433,0.3152136206626892,0.09943170100450516,0.38,0,0,953,FP32-token-IDs
BERT,k3mu97,659,195,2116,many,many,False,emptiness,0.008642928131545585,0.008642928131545585,0.25199806690216064,0.6372386813163757,0.38,0,1,953,FP32-token-IDs
BERT,k3mu97,659,195,2116,many,many,False,hopelessness,0.0030839760477344197,0.0030839760477344197,0.5713253021240234,0.9911624193191528,0.38,1,1,953,FP32-token-IDs
BERT,k3mu97,659,195,2116,many,many,False,loneliness,0.008068420055011908,0.008068420055011908,0.4571398198604584,0.7032500505447388,0.38,0,1,953,FP32-token-IDs
BERT,k3mu97,659,195,2116,many,many,False,sadness,0.0028015952246884506,0.0028015952246884506,0.41641947627067566,0.9947109222412109,0.38,1,1,953,FP32-token-IDs
BERT,k3mu97,659,195,2116,many,many,False,suicide intent,9.63780505117029e-05,9.63780505117029e-05,0.24135345220565796,0.24965988099575043,0.38,0,0,953,FP32-token-IDs
BERT,k3mu97,659,195,2116,many,many,False,worthlessness,0.00324233272112906,0.00324233272112906,0.4964175224304199,0.8263647556304932,0.38,1,1,953,FP32-token-IDs
BERT,k3mu97,659,196,2111,people,people,False,anger,-0.0026224478031508626,0.0026224478031508626,0.3507611155509949,0.31551653146743774,0.38,0,0,953,FP32-token-IDs
BERT,k3mu97,659,196,2111,people,people,False,brain dysfunction (forget),-0.00048607947149624433,0.00048607947149624433,0.3152136206626892,0.09943170100450516,0.38,0,0,953,FP32-token-IDs
BERT,k3mu97,659,196,2111,people,people,False,emptiness,0.008642928131545585,0.008642928131545585,0.25199806690216064,0.6372386813163757,0.38,0,1,953,FP32-token-IDs
BERT,k3mu97,659,196,2111,people,people,False,hopelessness,0.0030839760477344197,0.0030839760477344197,0.5713253021240234,0.9911624193191528,0.38,1,1,953,FP32-token-IDs
BERT,k3mu97,659,196,2111,people,people,False,loneliness,0.008068420055011908,0.008068420055011908,0.4571398198604584,0.7032500505447388,0.38,0,1,953,FP32-token-IDs
BERT,k3mu97,659,196,2111,people,people,False,sadness,0.0028015952246884506,0.0028015952246884506,0.41641947627067566,0.9947109222412109,0.38,1,1,953,FP32-token-IDs
BERT,k3mu97,659,196,2111,people,people,False,suicide intent,9.63780505117029e-05,9.63780505117029e-05,0.24135345220565796,0.24965988099575043,0.38,0,0,953,FP32-token-IDs
BERT,k3mu97,659,196,2111,people,people,False,worthlessness,0.00324233272112906,0.00324233272112906,0.4964175224304199,0.8263647556304932,0.38,1,1,953,FP32-token-IDs
BERT,k3mu97,659,197,2113,know,know,False,anger,-0.0026224478031508626,0.0026224478031508626,0.3507611155509949,0.31551653146743774,0.38,0,0,953,FP32-token-IDs
BERT,k3mu97,659,197,2113,know,know,False,brain dysfunction (forget),-0.00048607947149624433,0.00048607947149624433,0.3152136206626892,0.09943170100450516,0.38,0,0,953,FP32-token-IDs
BERT,k3mu97,659,197,2113,know,know,False,emptiness,0.008642928131545585,0.008642928131545585,0.25199806690216064,0.6372386813163757,0.38,0,1,953,FP32-token-IDs
BERT,k3mu97,659,197,2113,know,know,False,hopelessness,0.0030839760477344197,0.0030839760477344197,0.5713253021240234,0.9911624193191528,0.38,1,1,953,FP32-token-IDs
BERT,k3mu97,659,197,2113,know,know,False,loneliness,0.008068420055011908,0.008068420055011908,0.4571398198604584,0.7032500505447388,0.38,0,1,953,FP32-token-IDs
BERT,k3mu97,659,197,2113,know,know,False,sadness,0.0028015952246884506,0.0028015952246884506,0.41641947627067566,0.9947109222412109,0.38,1,1,953,FP32-token-IDs
BERT,k3mu97,659,197,2113,know,know,False,suicide intent,9.63780505117029e-05,9.63780505117029e-05,0.24135345220565796,0.24965988099575043,0.38,0,0,953,FP32-token-IDs
BERT,k3mu97,659,197,2113,know,know,False,worthlessness,0.00324233272112906,0.00324233272112906,0.4964175224304199,0.8263647556304932,0.38,1,1,953,FP32-token-IDs
BERT,k3mu97,659,198,1010,",",",",False,anger,-0.0026224478031508626,0.0026224478031508626,0.3507611155509949,0.31551653146743774,0.38,0,0,953,FP32-token-IDs
BERT,k3mu97,659,198,1010,",",",",False,brain dysfunction (forget),-0.00048607947149624433,0.00048607947149624433,0.3152136206626892,0.09943170100450516,0.38,0,0,953,FP32-token-IDs
BERT,k3mu97,659,198,1010,",",",",False,emptiness,0.008642928131545585,0.008642928131545585,0.25199806690216064,0.6372386813163757,0.38,0,1,953,FP32-token-IDs
BERT,k3mu97,659,198,1010,",",",",False,hopelessness,0.0030839760477344197,0.0030839760477344197,0.5713253021240234,0.9911624193191528,0.38,1,1,953,FP32-token-IDs
BERT,k3mu97,659,198,1010,",",",",False,loneliness,0.008068420055011908,0.008068420055011908,0.4571398198604584,0.7032500505447388,0.38,0,1,953,FP32-token-IDs
BERT,k3mu97,659,198,1010,",",",",False,sadness,0.0028015952246884506,0.0028015952246884506,0.41641947627067566,0.9947109222412109,0.38,1,1,953,FP32-token-IDs
BERT,k3mu97,659,198,1010,",",",",False,suicide intent,9.63780505117029e-05,9.63780505117029e-05,0.24135345220565796,0.24965988099575043,0.38,0,0,953,FP32-token-IDs
BERT,k3mu97,659,198,1010,",",",",False,worthlessness,0.00324233272112906,0.00324233272112906,0.4964175224304199,0.8263647556304932,0.38,1,1,953,FP32-token-IDs
BERT,k3mu97,659,199,2025,not,not,False,anger,0.0020648449717555195,0.0020648449717555195,0.3507611155509949,0.31551653146743774,0.38,0,0,953,FP32-token-IDs
BERT,k3mu97,659,199,2025,not,not,False,brain dysfunction (forget),-0.0004769890996006628,0.0004769890996006628,0.3152136206626892,0.09943170100450516,0.38,0,0,953,FP32-token-IDs
BERT,k3mu97,659,199,2025,not,not,False,emptiness,0.012410815192076067,0.012410815192076067,0.25199806690216064,0.6372386813163757,0.38,0,1,953,FP32-token-IDs
BERT,k3mu97,659,199,2025,not,not,False,hopelessness,0.005152579831580321,0.005152579831580321,0.5713253021240234,0.9911624193191528,0.38,1,1,953,FP32-token-IDs
BERT,k3mu97,659,199,2025,not,not,False,loneliness,0.010924868347744147,0.010924868347744147,0.4571398198604584,0.7032500505447388,0.38,0,1,953,FP32-token-IDs
BERT,k3mu97,659,199,2025,not,not,False,sadness,0.003406935293848316,0.003406935293848316,0.41641947627067566,0.9947109222412109,0.38,1,1,953,FP32-token-IDs
BERT,k3mu97,659,199,2025,not,not,False,suicide intent,0.0019859435094986113,0.0019859435094986113,0.24135345220565796,0.24965988099575043,0.38,0,0,953,FP32-token-IDs
BERT,k3mu97,659,199,2025,not,not,False,worthlessness,0.011428485624492168,0.011428485624492168,0.4964175224304199,0.8263647556304932,0.38,1,1,953,FP32-token-IDs
BERT,k3mu97,659,200,2130,even,even,False,anger,0.0020648449717555195,0.0020648449717555195,0.3507611155509949,0.31551653146743774,0.38,0,0,953,FP32-token-IDs
BERT,k3mu97,659,200,2130,even,even,False,brain dysfunction (forget),-0.0004769890996006628,0.0004769890996006628,0.3152136206626892,0.09943170100450516,0.38,0,0,953,FP32-token-IDs
BERT,k3mu97,659,200,2130,even,even,False,emptiness,0.012410815192076067,0.012410815192076067,0.25199806690216064,0.6372386813163757,0.38,0,1,953,FP32-token-IDs
BERT,k3mu97,659,200,2130,even,even,False,hopelessness,0.005152579831580321,0.005152579831580321,0.5713253021240234,0.9911624193191528,0.38,1,1,953,FP32-token-IDs
BERT,k3mu97,659,200,2130,even,even,False,loneliness,0.010924868347744147,0.010924868347744147,0.4571398198604584,0.7032500505447388,0.38,0,1,953,FP32-token-IDs
BERT,k3mu97,659,200,2130,even,even,False,sadness,0.003406935293848316,0.003406935293848316,0.41641947627067566,0.9947109222412109,0.38,1,1,953,FP32-token-IDs
BERT,k3mu97,659,200,2130,even,even,False,suicide intent,0.0019859435094986113,0.0019859435094986113,0.24135345220565796,0.24965988099575043,0.38,0,0,953,FP32-token-IDs
BERT,k3mu97,659,200,2130,even,even,False,worthlessness,0.011428485624492168,0.011428485624492168,0.4964175224304199,0.8263647556304932,0.38,1,1,953,FP32-token-IDs
BERT,k3mu97,659,201,2026,my,my,False,anger,0.0020648449717555195,0.0020648449717555195,0.3507611155509949,0.31551653146743774,0.38,0,0,953,FP32-token-IDs
BERT,k3mu97,659,201,2026,my,my,False,brain dysfunction (forget),-0.0004769890996006629,0.0004769890996006629,0.3152136206626892,0.09943170100450516,0.38,0,0,953,FP32-token-IDs
BERT,k3mu97,659,201,2026,my,my,False,emptiness,0.012410815192076067,0.012410815192076067,0.25199806690216064,0.6372386813163757,0.38,0,1,953,FP32-token-IDs
BERT,k3mu97,659,201,2026,my,my,False,hopelessness,0.005152579831580321,0.005152579831580321,0.5713253021240234,0.9911624193191528,0.38,1,1,953,FP32-token-IDs
BERT,k3mu97,659,201,2026,my,my,False,loneliness,0.010924868347744148,0.010924868347744148,0.4571398198604584,0.7032500505447388,0.38,0,1,953,FP32-token-IDs
BERT,k3mu97,659,201,2026,my,my,False,sadness,0.0034069352938483166,0.0034069352938483166,0.41641947627067566,0.9947109222412109,0.38,1,1,953,FP32-token-IDs
BERT,k3mu97,659,201,2026,my,my,False,suicide intent,0.001985943509498611,0.001985943509498611,0.24135345220565796,0.24965988099575043,0.38,0,0,953,FP32-token-IDs
BERT,k3mu97,659,201,2026,my,my,False,worthlessness,0.011428485624492168,0.011428485624492168,0.4964175224304199,0.8263647556304932,0.38,1,1,953,FP32-token-IDs
BERT,k3mu97,659,202,3008,parents,parents,False,anger,0.0020648449717555195,0.0020648449717555195,0.3507611155509949,0.31551653146743774,0.38,0,0,953,FP32-token-IDs
BERT,k3mu97,659,202,3008,parents,parents,False,brain dysfunction (forget),-0.0004769890996006629,0.0004769890996006629,0.3152136206626892,0.09943170100450516,0.38,0,0,953,FP32-token-IDs
BERT,k3mu97,659,202,3008,parents,parents,False,emptiness,0.012410815192076067,0.012410815192076067,0.25199806690216064,0.6372386813163757,0.38,0,1,953,FP32-token-IDs
BERT,k3mu97,659,202,3008,parents,parents,False,hopelessness,0.005152579831580321,0.005152579831580321,0.5713253021240234,0.9911624193191528,0.38,1,1,953,FP32-token-IDs
BERT,k3mu97,659,202,3008,parents,parents,False,loneliness,0.010924868347744148,0.010924868347744148,0.4571398198604584,0.7032500505447388,0.38,0,1,953,FP32-token-IDs
BERT,k3mu97,659,202,3008,parents,parents,False,sadness,0.0034069352938483166,0.0034069352938483166,0.41641947627067566,0.9947109222412109,0.38,1,1,953,FP32-token-IDs
BERT,k3mu97,659,202,3008,parents,parents,False,suicide intent,0.001985943509498611,0.001985943509498611,0.24135345220565796,0.24965988099575043,0.38,0,0,953,FP32-token-IDs
BERT,k3mu97,659,202,3008,parents,parents,False,worthlessness,0.011428485624492168,0.011428485624492168,0.4964175224304199,0.8263647556304932,0.38,1,1,953,FP32-token-IDs
BERT,k3mu97,659,203,2113,know,know,False,anger,0.0020648449717555195,0.0020648449717555195,0.3507611155509949,0.31551653146743774,0.38,0,0,953,FP32-token-IDs
BERT,k3mu97,659,203,2113,know,know,False,brain dysfunction (forget),-0.0004769890996006629,0.0004769890996006629,0.3152136206626892,0.09943170100450516,0.38,0,0,953,FP32-token-IDs
BERT,k3mu97,659,203,2113,know,know,False,emptiness,0.012410815192076067,0.012410815192076067,0.25199806690216064,0.6372386813163757,0.38,0,1,953,FP32-token-IDs
BERT,k3mu97,659,203,2113,know,know,False,hopelessness,0.005152579831580321,0.005152579831580321,0.5713253021240234,0.9911624193191528,0.38,1,1,953,FP32-token-IDs
BERT,k3mu97,659,203,2113,know,know,False,loneliness,0.010924868347744148,0.010924868347744148,0.4571398198604584,0.7032500505447388,0.38,0,1,953,FP32-token-IDs
BERT,k3mu97,659,203,2113,know,know,False,sadness,0.0034069352938483166,0.0034069352938483166,0.41641947627067566,0.9947109222412109,0.38,1,1,953,FP32-token-IDs
BERT,k3mu97,659,203,2113,know,know,False,suicide intent,0.001985943509498611,0.001985943509498611,0.24135345220565796,0.24965988099575043,0.38,0,0,953,FP32-token-IDs
BERT,k3mu97,659,203,2113,know,know,False,worthlessness,0.011428485624492168,0.011428485624492168,0.4964175224304199,0.8263647556304932,0.38,1,1,953,FP32-token-IDs
BERT,k3mu97,659,204,1998,and,and,False,anger,0.003310153592610732,0.003310153592610732,0.3507611155509949,0.31551653146743774,0.38,0,0,953,FP32-token-IDs
BERT,k3mu97,659,204,1998,and,and,False,brain dysfunction (forget),-0.0001284818591860434,0.0001284818591860434,0.3152136206626892,0.09943170100450516,0.38,0,0,953,FP32-token-IDs
BERT,k3mu97,659,204,1998,and,and,False,emptiness,0.012555149702044827,0.012555149702044827,0.25199806690216064,0.6372386813163757,0.38,0,1,953,FP32-token-IDs
BERT,k3mu97,659,204,1998,and,and,False,hopelessness,0.005448779525856177,0.005448779525856177,0.5713253021240234,0.9911624193191528,0.38,1,1,953,FP32-token-IDs
BERT,k3mu97,659,204,1998,and,and,False,loneliness,0.010387731219331424,0.010387731219331424,0.4571398198604584,0.7032500505447388,0.38,0,1,953,FP32-token-IDs
BERT,k3mu97,659,204,1998,and,and,False,sadness,0.003409326185161869,0.003409326185161869,0.41641947627067566,0.9947109222412109,0.38,1,1,953,FP32-token-IDs
BERT,k3mu97,659,204,1998,and,and,False,suicide intent,0.0022701215581037103,0.0022701215581037103,0.24135345220565796,0.24965988099575043,0.38,0,0,953,FP32-token-IDs
BERT,k3mu97,659,204,1998,and,and,False,worthlessness,0.012895902618765831,0.012895902618765831,0.4964175224304199,0.8263647556304932,0.38,1,1,953,FP32-token-IDs
BERT,k3mu97,659,205,2053,no,no,False,anger,0.003310153592610732,0.003310153592610732,0.3507611155509949,0.31551653146743774,0.38,0,0,953,FP32-token-IDs
BERT,k3mu97,659,205,2053,no,no,False,brain dysfunction (forget),-0.0001284818591860434,0.0001284818591860434,0.3152136206626892,0.09943170100450516,0.38,0,0,953,FP32-token-IDs
BERT,k3mu97,659,205,2053,no,no,False,emptiness,0.012555149702044827,0.012555149702044827,0.25199806690216064,0.6372386813163757,0.38,0,1,953,FP32-token-IDs
BERT,k3mu97,659,205,2053,no,no,False,hopelessness,0.005448779525856177,0.005448779525856177,0.5713253021240234,0.9911624193191528,0.38,1,1,953,FP32-token-IDs
BERT,k3mu97,659,205,2053,no,no,False,loneliness,0.010387731219331424,0.010387731219331424,0.4571398198604584,0.7032500505447388,0.38,0,1,953,FP32-token-IDs
BERT,k3mu97,659,205,2053,no,no,False,sadness,0.003409326185161869,0.003409326185161869,0.41641947627067566,0.9947109222412109,0.38,1,1,953,FP32-token-IDs
BERT,k3mu97,659,205,2053,no,no,False,suicide intent,0.0022701215581037103,0.0022701215581037103,0.24135345220565796,0.24965988099575043,0.38,0,0,953,FP32-token-IDs
BERT,k3mu97,659,205,2053,no,no,False,worthlessness,0.012895902618765831,0.012895902618765831,0.4964175224304199,0.8263647556304932,0.38,1,1,953,FP32-token-IDs
BERT,k3mu97,659,206,2028,one,one,False,anger,0.003310153592610732,0.003310153592610732,0.3507611155509949,0.31551653146743774,0.38,0,0,953,FP32-token-IDs
BERT,k3mu97,659,206,2028,one,one,False,brain dysfunction (forget),-0.0001284818591860434,0.0001284818591860434,0.3152136206626892,0.09943170100450516,0.38,0,0,953,FP32-token-IDs
BERT,k3mu97,659,206,2028,one,one,False,emptiness,0.012555149702044827,0.012555149702044827,0.25199806690216064,0.6372386813163757,0.38,0,1,953,FP32-token-IDs
BERT,k3mu97,659,206,2028,one,one,False,hopelessness,0.005448779525856177,0.005448779525856177,0.5713253021240234,0.9911624193191528,0.38,1,1,953,FP32-token-IDs
BERT,k3mu97,659,206,2028,one,one,False,loneliness,0.010387731219331424,0.010387731219331424,0.4571398198604584,0.7032500505447388,0.38,0,1,953,FP32-token-IDs
BERT,k3mu97,659,206,2028,one,one,False,sadness,0.003409326185161869,0.003409326185161869,0.41641947627067566,0.9947109222412109,0.38,1,1,953,FP32-token-IDs
BERT,k3mu97,659,206,2028,one,one,False,suicide intent,0.0022701215581037103,0.0022701215581037103,0.24135345220565796,0.24965988099575043,0.38,0,0,953,FP32-token-IDs
BERT,k3mu97,659,206,2028,one,one,False,worthlessness,0.012895902618765831,0.012895902618765831,0.4964175224304199,0.8263647556304932,0.38,1,1,953,FP32-token-IDs
BERT,k3mu97,659,207,7164,believes,believes,False,anger,0.003310153592610732,0.003310153592610732,0.3507611155509949,0.31551653146743774,0.38,0,0,953,FP32-token-IDs
BERT,k3mu97,659,207,7164,believes,believes,False,brain dysfunction (forget),-0.0001284818591860434,0.0001284818591860434,0.3152136206626892,0.09943170100450516,0.38,0,0,953,FP32-token-IDs
BERT,k3mu97,659,207,7164,believes,believes,False,emptiness,0.012555149702044827,0.012555149702044827,0.25199806690216064,0.6372386813163757,0.38,0,1,953,FP32-token-IDs
BERT,k3mu97,659,207,7164,believes,believes,False,hopelessness,0.005448779525856177,0.005448779525856177,0.5713253021240234,0.9911624193191528,0.38,1,1,953,FP32-token-IDs
BERT,k3mu97,659,207,7164,believes,believes,False,loneliness,0.010387731219331424,0.010387731219331424,0.4571398198604584,0.7032500505447388,0.38,0,1,953,FP32-token-IDs
BERT,k3mu97,659,207,7164,believes,believes,False,sadness,0.003409326185161869,0.003409326185161869,0.41641947627067566,0.9947109222412109,0.38,1,1,953,FP32-token-IDs
BERT,k3mu97,659,207,7164,believes,believes,False,suicide intent,0.0022701215581037103,0.0022701215581037103,0.24135345220565796,0.24965988099575043,0.38,0,0,953,FP32-token-IDs
BERT,k3mu97,659,207,7164,believes,believes,False,worthlessness,0.012895902618765831,0.012895902618765831,0.4964175224304199,0.8263647556304932,0.38,1,1,953,FP32-token-IDs
BERT,k3mu97,659,208,2033,me,me,False,anger,0.003310153592610732,0.003310153592610732,0.3507611155509949,0.31551653146743774,0.38,0,0,953,FP32-token-IDs
BERT,k3mu97,659,208,2033,me,me,False,brain dysfunction (forget),-0.0001284818591860434,0.0001284818591860434,0.3152136206626892,0.09943170100450516,0.38,0,0,953,FP32-token-IDs
BERT,k3mu97,659,208,2033,me,me,False,emptiness,0.012555149702044827,0.012555149702044827,0.25199806690216064,0.6372386813163757,0.38,0,1,953,FP32-token-IDs
BERT,k3mu97,659,208,2033,me,me,False,hopelessness,0.005448779525856177,0.005448779525856177,0.5713253021240234,0.9911624193191528,0.38,1,1,953,FP32-token-IDs
BERT,k3mu97,659,208,2033,me,me,False,loneliness,0.010387731219331424,0.010387731219331424,0.4571398198604584,0.7032500505447388,0.38,0,1,953,FP32-token-IDs
BERT,k3mu97,659,208,2033,me,me,False,sadness,0.003409326185161869,0.003409326185161869,0.41641947627067566,0.9947109222412109,0.38,1,1,953,FP32-token-IDs
BERT,k3mu97,659,208,2033,me,me,False,suicide intent,0.0022701215581037103,0.0022701215581037103,0.24135345220565796,0.24965988099575043,0.38,0,0,953,FP32-token-IDs
BERT,k3mu97,659,208,2033,me,me,False,worthlessness,0.012895902618765831,0.012895902618765831,0.4964175224304199,0.8263647556304932,0.38,1,1,953,FP32-token-IDs
BERT,k3mu97,659,209,1998,and,and,False,anger,0.005661169888105977,0.005661169888105977,0.3507611155509949,0.31551653146743774,0.38,0,0,953,FP32-token-IDs
BERT,k3mu97,659,209,1998,and,and,False,brain dysfunction (forget),-0.0013623261475004256,0.0013623261475004256,0.3152136206626892,0.09943170100450516,0.38,0,0,953,FP32-token-IDs
BERT,k3mu97,659,209,1998,and,and,False,emptiness,-0.0019523620862993548,0.0019523620862993548,0.25199806690216064,0.6372386813163757,0.38,0,1,953,FP32-token-IDs
BERT,k3mu97,659,209,1998,and,and,False,hopelessness,0.00394473957942065,0.00394473957942065,0.5713253021240234,0.9911624193191528,0.38,1,1,953,FP32-token-IDs
BERT,k3mu97,659,209,1998,and,and,False,loneliness,-0.006958854582273599,0.006958854582273599,0.4571398198604584,0.7032500505447388,0.38,0,1,953,FP32-token-IDs
BERT,k3mu97,659,209,1998,and,and,False,sadness,0.005083387865769592,0.005083387865769592,0.41641947627067566,0.9947109222412109,0.38,1,1,953,FP32-token-IDs
BERT,k3mu97,659,209,1998,and,and,False,suicide intent,-0.002938762694336192,0.002938762694336192,0.24135345220565796,0.24965988099575043,0.38,0,0,953,FP32-token-IDs
BERT,k3mu97,659,209,1998,and,and,False,worthlessness,0.012507933807545201,0.012507933807545201,0.4964175224304199,0.8263647556304932,0.38,1,1,953,FP32-token-IDs
BERT,k3mu97,659,210,2054,what,what,False,anger,0.005661169888105977,0.005661169888105977,0.3507611155509949,0.31551653146743774,0.38,0,0,953,FP32-token-IDs
BERT,k3mu97,659,210,2054,what,what,False,brain dysfunction (forget),-0.0013623261475004256,0.0013623261475004256,0.3152136206626892,0.09943170100450516,0.38,0,0,953,FP32-token-IDs
BERT,k3mu97,659,210,2054,what,what,False,emptiness,-0.0019523620862993548,0.0019523620862993548,0.25199806690216064,0.6372386813163757,0.38,0,1,953,FP32-token-IDs
BERT,k3mu97,659,210,2054,what,what,False,hopelessness,0.00394473957942065,0.00394473957942065,0.5713253021240234,0.9911624193191528,0.38,1,1,953,FP32-token-IDs
BERT,k3mu97,659,210,2054,what,what,False,loneliness,-0.006958854582273599,0.006958854582273599,0.4571398198604584,0.7032500505447388,0.38,0,1,953,FP32-token-IDs
BERT,k3mu97,659,210,2054,what,what,False,sadness,0.005083387865769592,0.005083387865769592,0.41641947627067566,0.9947109222412109,0.38,1,1,953,FP32-token-IDs
BERT,k3mu97,659,210,2054,what,what,False,suicide intent,-0.002938762694336192,0.002938762694336192,0.24135345220565796,0.24965988099575043,0.38,0,0,953,FP32-token-IDs
BERT,k3mu97,659,210,2054,what,what,False,worthlessness,0.012507933807545201,0.012507933807545201,0.4964175224304199,0.8263647556304932,0.38,1,1,953,FP32-token-IDs
BERT,k3mu97,659,211,1045,i,i,False,anger,0.005661169888105977,0.005661169888105977,0.3507611155509949,0.31551653146743774,0.38,0,0,953,FP32-token-IDs
BERT,k3mu97,659,211,1045,i,i,False,brain dysfunction (forget),-0.0013623261475004256,0.0013623261475004256,0.3152136206626892,0.09943170100450516,0.38,0,0,953,FP32-token-IDs
BERT,k3mu97,659,211,1045,i,i,False,emptiness,-0.0019523620862993548,0.0019523620862993548,0.25199806690216064,0.6372386813163757,0.38,0,1,953,FP32-token-IDs
BERT,k3mu97,659,211,1045,i,i,False,hopelessness,0.00394473957942065,0.00394473957942065,0.5713253021240234,0.9911624193191528,0.38,1,1,953,FP32-token-IDs
BERT,k3mu97,659,211,1045,i,i,False,loneliness,-0.006958854582273599,0.006958854582273599,0.4571398198604584,0.7032500505447388,0.38,0,1,953,FP32-token-IDs
BERT,k3mu97,659,211,1045,i,i,False,sadness,0.005083387865769592,0.005083387865769592,0.41641947627067566,0.9947109222412109,0.38,1,1,953,FP32-token-IDs
BERT,k3mu97,659,211,1045,i,i,False,suicide intent,-0.002938762694336192,0.002938762694336192,0.24135345220565796,0.24965988099575043,0.38,0,0,953,FP32-token-IDs
BERT,k3mu97,659,211,1045,i,i,False,worthlessness,0.012507933807545201,0.012507933807545201,0.4964175224304199,0.8263647556304932,0.38,1,1,953,FP32-token-IDs
BERT,k3mu97,659,212,2387,saw,saw,False,anger,0.005661169888105977,0.005661169888105977,0.3507611155509949,0.31551653146743774,0.38,0,0,953,FP32-token-IDs
BERT,k3mu97,659,212,2387,saw,saw,False,brain dysfunction (forget),-0.0013623261475004256,0.0013623261475004256,0.3152136206626892,0.09943170100450516,0.38,0,0,953,FP32-token-IDs
BERT,k3mu97,659,212,2387,saw,saw,False,emptiness,-0.0019523620862993548,0.0019523620862993548,0.25199806690216064,0.6372386813163757,0.38,0,1,953,FP32-token-IDs
BERT,k3mu97,659,212,2387,saw,saw,False,hopelessness,0.00394473957942065,0.00394473957942065,0.5713253021240234,0.9911624193191528,0.38,1,1,953,FP32-token-IDs
BERT,k3mu97,659,212,2387,saw,saw,False,loneliness,-0.006958854582273599,0.006958854582273599,0.4571398198604584,0.7032500505447388,0.38,0,1,953,FP32-token-IDs
BERT,k3mu97,659,212,2387,saw,saw,False,sadness,0.005083387865769592,0.005083387865769592,0.41641947627067566,0.9947109222412109,0.38,1,1,953,FP32-token-IDs
BERT,k3mu97,659,212,2387,saw,saw,False,suicide intent,-0.002938762694336192,0.002938762694336192,0.24135345220565796,0.24965988099575043,0.38,0,0,953,FP32-token-IDs
BERT,k3mu97,659,212,2387,saw,saw,False,worthlessness,0.012507933807545201,0.012507933807545201,0.4964175224304199,0.8263647556304932,0.38,1,1,953,FP32-token-IDs
BERT,k3mu97,659,213,13403,hurts,hurts,False,anger,0.005661169888105977,0.005661169888105977,0.3507611155509949,0.31551653146743774,0.38,0,0,953,FP32-token-IDs
BERT,k3mu97,659,213,13403,hurts,hurts,False,brain dysfunction (forget),-0.0013623261475004256,0.0013623261475004256,0.3152136206626892,0.09943170100450516,0.38,0,0,953,FP32-token-IDs
BERT,k3mu97,659,213,13403,hurts,hurts,False,emptiness,-0.0019523620862993548,0.0019523620862993548,0.25199806690216064,0.6372386813163757,0.38,0,1,953,FP32-token-IDs
BERT,k3mu97,659,213,13403,hurts,hurts,False,hopelessness,0.00394473957942065,0.00394473957942065,0.5713253021240234,0.9911624193191528,0.38,1,1,953,FP32-token-IDs
BERT,k3mu97,659,213,13403,hurts,hurts,False,loneliness,-0.006958854582273599,0.006958854582273599,0.4571398198604584,0.7032500505447388,0.38,0,1,953,FP32-token-IDs
BERT,k3mu97,659,213,13403,hurts,hurts,False,sadness,0.005083387865769592,0.005083387865769592,0.41641947627067566,0.9947109222412109,0.38,1,1,953,FP32-token-IDs
BERT,k3mu97,659,213,13403,hurts,hurts,False,suicide intent,-0.002938762694336192,0.002938762694336192,0.24135345220565796,0.24965988099575043,0.38,0,0,953,FP32-token-IDs
BERT,k3mu97,659,213,13403,hurts,hurts,False,worthlessness,0.012507933807545201,0.012507933807545201,0.4964175224304199,0.8263647556304932,0.38,1,1,953,FP32-token-IDs
BERT,k3mu97,659,214,2033,me,me,False,anger,0.005661169888105977,0.005661169888105977,0.3507611155509949,0.31551653146743774,0.38,0,0,953,FP32-token-IDs
BERT,k3mu97,659,214,2033,me,me,False,brain dysfunction (forget),-0.0013623261475004256,0.0013623261475004256,0.3152136206626892,0.09943170100450516,0.38,0,0,953,FP32-token-IDs
BERT,k3mu97,659,214,2033,me,me,False,emptiness,-0.0019523620862993548,0.0019523620862993548,0.25199806690216064,0.6372386813163757,0.38,0,1,953,FP32-token-IDs
BERT,k3mu97,659,214,2033,me,me,False,hopelessness,0.00394473957942065,0.00394473957942065,0.5713253021240234,0.9911624193191528,0.38,1,1,953,FP32-token-IDs
BERT,k3mu97,659,214,2033,me,me,False,loneliness,-0.006958854582273599,0.006958854582273599,0.4571398198604584,0.7032500505447388,0.38,0,1,953,FP32-token-IDs
BERT,k3mu97,659,214,2033,me,me,False,sadness,0.005083387865769592,0.005083387865769592,0.41641947627067566,0.9947109222412109,0.38,1,1,953,FP32-token-IDs
BERT,k3mu97,659,214,2033,me,me,False,suicide intent,-0.002938762694336192,0.002938762694336192,0.24135345220565796,0.24965988099575043,0.38,0,0,953,FP32-token-IDs
BERT,k3mu97,659,214,2033,me,me,False,worthlessness,0.012507933807545201,0.012507933807545201,0.4964175224304199,0.8263647556304932,0.38,1,1,953,FP32-token-IDs
BERT,k3mu97,659,215,1998,and,and,False,anger,0.010801145962481811,0.010801145962481811,0.3507611155509949,0.31551653146743774,0.38,0,0,953,FP32-token-IDs
BERT,k3mu97,659,215,1998,and,and,False,brain dysfunction (forget),-0.0018169969087466597,0.0018169969087466597,0.3152136206626892,0.09943170100450516,0.38,0,0,953,FP32-token-IDs
BERT,k3mu97,659,215,1998,and,and,False,emptiness,0.0005449060287157243,0.0005449060287157243,0.25199806690216064,0.6372386813163757,0.38,0,1,953,FP32-token-IDs
BERT,k3mu97,659,215,1998,and,and,False,hopelessness,0.005572433168576522,0.005572433168576522,0.5713253021240234,0.9911624193191528,0.38,1,1,953,FP32-token-IDs
BERT,k3mu97,659,215,1998,and,and,False,loneliness,-0.003761353851719336,0.003761353851719336,0.4571398198604584,0.7032500505447388,0.38,0,1,953,FP32-token-IDs
BERT,k3mu97,659,215,1998,and,and,False,sadness,0.0061489455486563125,0.0061489455486563125,0.41641947627067566,0.9947109222412109,0.38,1,1,953,FP32-token-IDs
BERT,k3mu97,659,215,1998,and,and,False,suicide intent,-0.001191511774562638,0.001191511774562638,0.24135345220565796,0.24965988099575043,0.38,0,0,953,FP32-token-IDs
BERT,k3mu97,659,215,1998,and,and,False,worthlessness,0.014804416668432002,0.014804416668432002,0.4964175224304199,0.8263647556304932,0.38,1,1,953,FP32-token-IDs
BERT,k3mu97,659,216,2009,it,it,False,anger,0.010801145962481811,0.010801145962481811,0.3507611155509949,0.31551653146743774,0.38,0,0,953,FP32-token-IDs
BERT,k3mu97,659,216,2009,it,it,False,brain dysfunction (forget),-0.0018169969087466597,0.0018169969087466597,0.3152136206626892,0.09943170100450516,0.38,0,0,953,FP32-token-IDs
BERT,k3mu97,659,216,2009,it,it,False,emptiness,0.0005449060287157243,0.0005449060287157243,0.25199806690216064,0.6372386813163757,0.38,0,1,953,FP32-token-IDs
BERT,k3mu97,659,216,2009,it,it,False,hopelessness,0.005572433168576522,0.005572433168576522,0.5713253021240234,0.9911624193191528,0.38,1,1,953,FP32-token-IDs
BERT,k3mu97,659,216,2009,it,it,False,loneliness,-0.003761353851719336,0.003761353851719336,0.4571398198604584,0.7032500505447388,0.38,0,1,953,FP32-token-IDs
BERT,k3mu97,659,216,2009,it,it,False,sadness,0.0061489455486563125,0.0061489455486563125,0.41641947627067566,0.9947109222412109,0.38,1,1,953,FP32-token-IDs
BERT,k3mu97,659,216,2009,it,it,False,suicide intent,-0.001191511774562638,0.001191511774562638,0.24135345220565796,0.24965988099575043,0.38,0,0,953,FP32-token-IDs
BERT,k3mu97,659,216,2009,it,it,False,worthlessness,0.014804416668432002,0.014804416668432002,0.4964175224304199,0.8263647556304932,0.38,1,1,953,FP32-token-IDs
BERT,k3mu97,659,217,2428,really,really,False,anger,0.010801145962481811,0.010801145962481811,0.3507611155509949,0.31551653146743774,0.38,0,0,953,FP32-token-IDs
BERT,k3mu97,659,217,2428,really,really,False,brain dysfunction (forget),-0.0018169969087466597,0.0018169969087466597,0.3152136206626892,0.09943170100450516,0.38,0,0,953,FP32-token-IDs
BERT,k3mu97,659,217,2428,really,really,False,emptiness,0.0005449060287157243,0.0005449060287157243,0.25199806690216064,0.6372386813163757,0.38,0,1,953,FP32-token-IDs
BERT,k3mu97,659,217,2428,really,really,False,hopelessness,0.005572433168576522,0.005572433168576522,0.5713253021240234,0.9911624193191528,0.38,1,1,953,FP32-token-IDs
BERT,k3mu97,659,217,2428,really,really,False,loneliness,-0.003761353851719336,0.003761353851719336,0.4571398198604584,0.7032500505447388,0.38,0,1,953,FP32-token-IDs
BERT,k3mu97,659,217,2428,really,really,False,sadness,0.0061489455486563125,0.0061489455486563125,0.41641947627067566,0.9947109222412109,0.38,1,1,953,FP32-token-IDs
BERT,k3mu97,659,217,2428,really,really,False,suicide intent,-0.001191511774562638,0.001191511774562638,0.24135345220565796,0.24965988099575043,0.38,0,0,953,FP32-token-IDs
BERT,k3mu97,659,217,2428,really,really,False,worthlessness,0.014804416668432002,0.014804416668432002,0.4964175224304199,0.8263647556304932,0.38,1,1,953,FP32-token-IDs
BERT,k3mu97,659,218,13403,hurts,hurts,False,anger,0.010801145962481811,0.010801145962481811,0.3507611155509949,0.31551653146743774,0.38,0,0,953,FP32-token-IDs
BERT,k3mu97,659,218,13403,hurts,hurts,False,brain dysfunction (forget),-0.0018169969087466597,0.0018169969087466597,0.3152136206626892,0.09943170100450516,0.38,0,0,953,FP32-token-IDs
BERT,k3mu97,659,218,13403,hurts,hurts,False,emptiness,0.0005449060287157243,0.0005449060287157243,0.25199806690216064,0.6372386813163757,0.38,0,1,953,FP32-token-IDs
BERT,k3mu97,659,218,13403,hurts,hurts,False,hopelessness,0.005572433168576522,0.005572433168576522,0.5713253021240234,0.9911624193191528,0.38,1,1,953,FP32-token-IDs
BERT,k3mu97,659,218,13403,hurts,hurts,False,loneliness,-0.003761353851719336,0.003761353851719336,0.4571398198604584,0.7032500505447388,0.38,0,1,953,FP32-token-IDs
BERT,k3mu97,659,218,13403,hurts,hurts,False,sadness,0.0061489455486563125,0.0061489455486563125,0.41641947627067566,0.9947109222412109,0.38,1,1,953,FP32-token-IDs
BERT,k3mu97,659,218,13403,hurts,hurts,False,suicide intent,-0.001191511774562638,0.001191511774562638,0.24135345220565796,0.24965988099575043,0.38,0,0,953,FP32-token-IDs
BERT,k3mu97,659,218,13403,hurts,hurts,False,worthlessness,0.014804416668432002,0.014804416668432002,0.4964175224304199,0.8263647556304932,0.38,1,1,953,FP32-token-IDs
BERT,k3mu97,659,219,2033,me,me,False,anger,0.010801145962481811,0.010801145962481811,0.3507611155509949,0.31551653146743774,0.38,0,0,953,FP32-token-IDs
BERT,k3mu97,659,219,2033,me,me,False,brain dysfunction (forget),-0.0018169969087466597,0.0018169969087466597,0.3152136206626892,0.09943170100450516,0.38,0,0,953,FP32-token-IDs
BERT,k3mu97,659,219,2033,me,me,False,emptiness,0.0005449060287157243,0.0005449060287157243,0.25199806690216064,0.6372386813163757,0.38,0,1,953,FP32-token-IDs
BERT,k3mu97,659,219,2033,me,me,False,hopelessness,0.005572433168576522,0.005572433168576522,0.5713253021240234,0.9911624193191528,0.38,1,1,953,FP32-token-IDs
BERT,k3mu97,659,219,2033,me,me,False,loneliness,-0.003761353851719336,0.003761353851719336,0.4571398198604584,0.7032500505447388,0.38,0,1,953,FP32-token-IDs
BERT,k3mu97,659,219,2033,me,me,False,sadness,0.0061489455486563125,0.0061489455486563125,0.41641947627067566,0.9947109222412109,0.38,1,1,953,FP32-token-IDs
BERT,k3mu97,659,219,2033,me,me,False,suicide intent,-0.001191511774562638,0.001191511774562638,0.24135345220565796,0.24965988099575043,0.38,0,0,953,FP32-token-IDs
BERT,k3mu97,659,219,2033,me,me,False,worthlessness,0.014804416668432002,0.014804416668432002,0.4964175224304199,0.8263647556304932,0.38,1,1,953,FP32-token-IDs
BERT,k3mu97,659,220,2008,that,that,False,anger,0.0082772121677408,0.0082772121677408,0.3507611155509949,0.31551653146743774,0.38,0,0,953,FP32-token-IDs
BERT,k3mu97,659,220,2008,that,that,False,brain dysfunction (forget),0.0028948394174221903,0.0028948394174221903,0.3152136206626892,0.09943170100450516,0.38,0,0,953,FP32-token-IDs
BERT,k3mu97,659,220,2008,that,that,False,emptiness,0.015331961098127067,0.015331961098127067,0.25199806690216064,0.6372386813163757,0.38,0,1,953,FP32-token-IDs
BERT,k3mu97,659,220,2008,that,that,False,hopelessness,0.005242311395704746,0.005242311395704746,0.5713253021240234,0.9911624193191528,0.38,1,1,953,FP32-token-IDs
BERT,k3mu97,659,220,2008,that,that,False,loneliness,0.009266606764867902,0.009266606764867902,0.4571398198604584,0.7032500505447388,0.38,0,1,953,FP32-token-IDs
BERT,k3mu97,659,220,2008,that,that,False,sadness,0.002048764959909022,0.002048764959909022,0.41641947627067566,0.9947109222412109,0.38,1,1,953,FP32-token-IDs
BERT,k3mu97,659,220,2008,that,that,False,suicide intent,0.0096924495883286,0.0096924495883286,0.24135345220565796,0.24965988099575043,0.38,0,0,953,FP32-token-IDs
BERT,k3mu97,659,220,2008,that,that,False,worthlessness,0.021351438452256843,0.021351438452256843,0.4964175224304199,0.8263647556304932,0.38,1,1,953,FP32-token-IDs
BERT,k3mu97,659,221,2053,no,no,False,anger,0.0082772121677408,0.0082772121677408,0.3507611155509949,0.31551653146743774,0.38,0,0,953,FP32-token-IDs
BERT,k3mu97,659,221,2053,no,no,False,brain dysfunction (forget),0.0028948394174221903,0.0028948394174221903,0.3152136206626892,0.09943170100450516,0.38,0,0,953,FP32-token-IDs
BERT,k3mu97,659,221,2053,no,no,False,emptiness,0.015331961098127067,0.015331961098127067,0.25199806690216064,0.6372386813163757,0.38,0,1,953,FP32-token-IDs
BERT,k3mu97,659,221,2053,no,no,False,hopelessness,0.005242311395704746,0.005242311395704746,0.5713253021240234,0.9911624193191528,0.38,1,1,953,FP32-token-IDs
BERT,k3mu97,659,221,2053,no,no,False,loneliness,0.009266606764867902,0.009266606764867902,0.4571398198604584,0.7032500505447388,0.38,0,1,953,FP32-token-IDs
BERT,k3mu97,659,221,2053,no,no,False,sadness,0.002048764959909022,0.002048764959909022,0.41641947627067566,0.9947109222412109,0.38,1,1,953,FP32-token-IDs
BERT,k3mu97,659,221,2053,no,no,False,suicide intent,0.0096924495883286,0.0096924495883286,0.24135345220565796,0.24965988099575043,0.38,0,0,953,FP32-token-IDs
BERT,k3mu97,659,221,2053,no,no,False,worthlessness,0.021351438452256843,0.021351438452256843,0.4964175224304199,0.8263647556304932,0.38,1,1,953,FP32-token-IDs
BERT,k3mu97,659,222,2028,one,one,False,anger,0.008343634908669628,0.008343634908669628,0.3507611155509949,0.31551653146743774,0.38,0,0,953,FP32-token-IDs
BERT,k3mu97,659,222,2028,one,one,False,brain dysfunction (forget),0.0030561993771698326,0.0030561993771698326,0.3152136206626892,0.09943170100450516,0.38,0,0,953,FP32-token-IDs
BERT,k3mu97,659,222,2028,one,one,False,emptiness,0.014198984601534903,0.014198984601534903,0.25199806690216064,0.6372386813163757,0.38,0,1,953,FP32-token-IDs
BERT,k3mu97,659,222,2028,one,one,False,hopelessness,0.005239937454462051,0.005239937454462051,0.5713253021240234,0.9911624193191528,0.38,1,1,953,FP32-token-IDs
BERT,k3mu97,659,222,2028,one,one,False,loneliness,0.007402678718790412,0.007402678718790412,0.4571398198604584,0.7032500505447388,0.38,0,1,953,FP32-token-IDs
BERT,k3mu97,659,222,2028,one,one,False,sadness,0.0020112503552809358,0.0020112503552809358,0.41641947627067566,0.9947109222412109,0.38,1,1,953,FP32-token-IDs
BERT,k3mu97,659,222,2028,one,one,False,suicide intent,0.009069069637916982,0.009069069637916982,0.24135345220565796,0.24965988099575043,0.38,0,0,953,FP32-token-IDs
BERT,k3mu97,659,222,2028,one,one,False,worthlessness,0.021898217470152304,0.021898217470152304,0.4964175224304199,0.8263647556304932,0.38,1,1,953,FP32-token-IDs
BERT,k3mu97,659,223,2064,can,can,False,anger,0.008343634908669628,0.008343634908669628,0.3507611155509949,0.31551653146743774,0.38,0,0,953,FP32-token-IDs
BERT,k3mu97,659,223,2064,can,can,False,brain dysfunction (forget),0.0030561993771698326,0.0030561993771698326,0.3152136206626892,0.09943170100450516,0.38,0,0,953,FP32-token-IDs
BERT,k3mu97,659,223,2064,can,can,False,emptiness,0.014198984601534903,0.014198984601534903,0.25199806690216064,0.6372386813163757,0.38,0,1,953,FP32-token-IDs
BERT,k3mu97,659,223,2064,can,can,False,hopelessness,0.005239937454462051,0.005239937454462051,0.5713253021240234,0.9911624193191528,0.38,1,1,953,FP32-token-IDs
BERT,k3mu97,659,223,2064,can,can,False,loneliness,0.007402678718790412,0.007402678718790412,0.4571398198604584,0.7032500505447388,0.38,0,1,953,FP32-token-IDs
BERT,k3mu97,659,223,2064,can,can,False,sadness,0.0020112503552809358,0.0020112503552809358,0.41641947627067566,0.9947109222412109,0.38,1,1,953,FP32-token-IDs
BERT,k3mu97,659,223,2064,can,can,False,suicide intent,0.009069069637916982,0.009069069637916982,0.24135345220565796,0.24965988099575043,0.38,0,0,953,FP32-token-IDs
BERT,k3mu97,659,223,2064,can,can,False,worthlessness,0.021898217470152304,0.021898217470152304,0.4964175224304199,0.8263647556304932,0.38,1,1,953,FP32-token-IDs
BERT,k3mu97,659,224,2074,just,just,False,anger,0.005935195556958206,0.005935195556958206,0.3507611155509949,0.31551653146743774,0.38,0,0,953,FP32-token-IDs
BERT,k3mu97,659,224,2074,just,just,False,brain dysfunction (forget),0.001801747886929661,0.001801747886929661,0.3152136206626892,0.09943170100450516,0.38,0,0,953,FP32-token-IDs
BERT,k3mu97,659,224,2074,just,just,False,emptiness,0.004696011543273926,0.004696011543273926,0.25199806690216064,0.6372386813163757,0.38,0,1,953,FP32-token-IDs
BERT,k3mu97,659,224,2074,just,just,False,hopelessness,0.0038900175131857395,0.0038900175131857395,0.5713253021240234,0.9911624193191528,0.38,1,1,953,FP32-token-IDs
BERT,k3mu97,659,224,2074,just,just,False,loneliness,-0.00041628675535321236,0.00041628675535321236,0.4571398198604584,0.7032500505447388,0.38,0,1,953,FP32-token-IDs
BERT,k3mu97,659,224,2074,just,just,False,sadness,0.0016019336180761456,0.0016019336180761456,0.41641947627067566,0.9947109222412109,0.38,1,1,953,FP32-token-IDs
BERT,k3mu97,659,224,2074,just,just,False,suicide intent,0.006786882586311549,0.006786882586311549,0.24135345220565796,0.24965988099575043,0.38,0,0,953,FP32-token-IDs
BERT,k3mu97,659,224,2074,just,just,False,worthlessness,0.010674340621335432,0.010674340621335432,0.4964175224304199,0.8263647556304932,0.38,1,1,953,FP32-token-IDs
BERT,k3mu97,659,225,2903,believe,believe,False,anger,0.005935195556958206,0.005935195556958206,0.3507611155509949,0.31551653146743774,0.38,0,0,953,FP32-token-IDs
BERT,k3mu97,659,225,2903,believe,believe,False,brain dysfunction (forget),0.001801747886929661,0.001801747886929661,0.3152136206626892,0.09943170100450516,0.38,0,0,953,FP32-token-IDs
BERT,k3mu97,659,225,2903,believe,believe,False,emptiness,0.004696011543273926,0.004696011543273926,0.25199806690216064,0.6372386813163757,0.38,0,1,953,FP32-token-IDs
BERT,k3mu97,659,225,2903,believe,believe,False,hopelessness,0.0038900175131857395,0.0038900175131857395,0.5713253021240234,0.9911624193191528,0.38,1,1,953,FP32-token-IDs
BERT,k3mu97,659,225,2903,believe,believe,False,loneliness,-0.00041628675535321236,0.00041628675535321236,0.4571398198604584,0.7032500505447388,0.38,0,1,953,FP32-token-IDs
BERT,k3mu97,659,225,2903,believe,believe,False,sadness,0.0016019336180761456,0.0016019336180761456,0.41641947627067566,0.9947109222412109,0.38,1,1,953,FP32-token-IDs
BERT,k3mu97,659,225,2903,believe,believe,False,suicide intent,0.006786882586311549,0.006786882586311549,0.24135345220565796,0.24965988099575043,0.38,0,0,953,FP32-token-IDs
BERT,k3mu97,659,225,2903,believe,believe,False,worthlessness,0.010674340621335432,0.010674340621335432,0.4964175224304199,0.8263647556304932,0.38,1,1,953,FP32-token-IDs
BERT,k3mu97,659,226,2033,me,me,False,anger,0.005935195556958206,0.005935195556958206,0.3507611155509949,0.31551653146743774,0.38,0,0,953,FP32-token-IDs
BERT,k3mu97,659,226,2033,me,me,False,brain dysfunction (forget),0.001801747886929661,0.001801747886929661,0.3152136206626892,0.09943170100450516,0.38,0,0,953,FP32-token-IDs
BERT,k3mu97,659,226,2033,me,me,False,emptiness,0.004696011543273926,0.004696011543273926,0.25199806690216064,0.6372386813163757,0.38,0,1,953,FP32-token-IDs
BERT,k3mu97,659,226,2033,me,me,False,hopelessness,0.0038900175131857395,0.0038900175131857395,0.5713253021240234,0.9911624193191528,0.38,1,1,953,FP32-token-IDs
BERT,k3mu97,659,226,2033,me,me,False,loneliness,-0.00041628675535321236,0.00041628675535321236,0.4571398198604584,0.7032500505447388,0.38,0,1,953,FP32-token-IDs
BERT,k3mu97,659,226,2033,me,me,False,sadness,0.0016019336180761456,0.0016019336180761456,0.41641947627067566,0.9947109222412109,0.38,1,1,953,FP32-token-IDs
BERT,k3mu97,659,226,2033,me,me,False,suicide intent,0.006786882586311549,0.006786882586311549,0.24135345220565796,0.24965988099575043,0.38,0,0,953,FP32-token-IDs
BERT,k3mu97,659,226,2033,me,me,False,worthlessness,0.010674340621335432,0.010674340621335432,0.4964175224304199,0.8263647556304932,0.38,1,1,953,FP32-token-IDs
BERT,k3mu97,659,227,1012,.,.,False,anger,0.005935195556958206,0.005935195556958206,0.3507611155509949,0.31551653146743774,0.38,0,0,953,FP32-token-IDs
BERT,k3mu97,659,227,1012,.,.,False,brain dysfunction (forget),0.001801747886929661,0.001801747886929661,0.3152136206626892,0.09943170100450516,0.38,0,0,953,FP32-token-IDs
BERT,k3mu97,659,227,1012,.,.,False,emptiness,0.004696011543273926,0.004696011543273926,0.25199806690216064,0.6372386813163757,0.38,0,1,953,FP32-token-IDs
BERT,k3mu97,659,227,1012,.,.,False,hopelessness,0.0038900175131857395,0.0038900175131857395,0.5713253021240234,0.9911624193191528,0.38,1,1,953,FP32-token-IDs
BERT,k3mu97,659,227,1012,.,.,False,loneliness,-0.00041628675535321236,0.00041628675535321236,0.4571398198604584,0.7032500505447388,0.38,0,1,953,FP32-token-IDs
BERT,k3mu97,659,227,1012,.,.,False,sadness,0.0016019336180761456,0.0016019336180761456,0.41641947627067566,0.9947109222412109,0.38,1,1,953,FP32-token-IDs
BERT,k3mu97,659,227,1012,.,.,False,suicide intent,0.006786882586311549,0.006786882586311549,0.24135345220565796,0.24965988099575043,0.38,0,0,953,FP32-token-IDs
BERT,k3mu97,659,227,1012,.,.,False,worthlessness,0.010674340621335432,0.010674340621335432,0.4964175224304199,0.8263647556304932,0.38,1,1,953,FP32-token-IDs
BERT,k3mu97,659,228,1045,i,i,False,anger,-0.0026702346448372635,0.0026702346448372635,0.3507611155509949,0.31551653146743774,0.38,0,0,953,FP32-token-IDs
BERT,k3mu97,659,228,1045,i,i,False,brain dysfunction (forget),0.0007957069901749492,0.0007957069901749492,0.3152136206626892,0.09943170100450516,0.38,0,0,953,FP32-token-IDs
BERT,k3mu97,659,228,1045,i,i,False,emptiness,0.005788642693207496,0.005788642693207496,0.25199806690216064,0.6372386813163757,0.38,0,1,953,FP32-token-IDs
BERT,k3mu97,659,228,1045,i,i,False,hopelessness,0.004088289932244354,0.004088289932244354,0.5713253021240234,0.9911624193191528,0.38,1,1,953,FP32-token-IDs
BERT,k3mu97,659,228,1045,i,i,False,loneliness,0.004998315591365099,0.004998315591365099,0.4571398198604584,0.7032500505447388,0.38,0,1,953,FP32-token-IDs
BERT,k3mu97,659,228,1045,i,i,False,sadness,0.002340426047643026,0.002340426047643026,0.41641947627067566,0.9947109222412109,0.38,1,1,953,FP32-token-IDs
BERT,k3mu97,659,228,1045,i,i,False,suicide intent,0.001039157246446444,0.001039157246446444,0.24135345220565796,0.24965988099575043,0.38,0,0,953,FP32-token-IDs
BERT,k3mu97,659,228,1045,i,i,False,worthlessness,0.006898308373315053,0.006898308373315053,0.4964175224304199,0.8263647556304932,0.38,1,1,953,FP32-token-IDs
BERT,k3mu97,659,229,2123,don,don,False,anger,-0.0026702346448372635,0.0026702346448372635,0.3507611155509949,0.31551653146743774,0.38,0,0,953,FP32-token-IDs
BERT,k3mu97,659,229,2123,don,don,False,brain dysfunction (forget),0.0007957069901749492,0.0007957069901749492,0.3152136206626892,0.09943170100450516,0.38,0,0,953,FP32-token-IDs
BERT,k3mu97,659,229,2123,don,don,False,emptiness,0.005788642693207496,0.005788642693207496,0.25199806690216064,0.6372386813163757,0.38,0,1,953,FP32-token-IDs
BERT,k3mu97,659,229,2123,don,don,False,hopelessness,0.004088289932244354,0.004088289932244354,0.5713253021240234,0.9911624193191528,0.38,1,1,953,FP32-token-IDs
BERT,k3mu97,659,229,2123,don,don,False,loneliness,0.004998315591365099,0.004998315591365099,0.4571398198604584,0.7032500505447388,0.38,0,1,953,FP32-token-IDs
BERT,k3mu97,659,229,2123,don,don,False,sadness,0.002340426047643026,0.002340426047643026,0.41641947627067566,0.9947109222412109,0.38,1,1,953,FP32-token-IDs
BERT,k3mu97,659,229,2123,don,don,False,suicide intent,0.001039157246446444,0.001039157246446444,0.24135345220565796,0.24965988099575043,0.38,0,0,953,FP32-token-IDs
BERT,k3mu97,659,229,2123,don,don,False,worthlessness,0.006898308373315053,0.006898308373315053,0.4964175224304199,0.8263647556304932,0.38,1,1,953,FP32-token-IDs
BERT,k3mu97,659,230,1521,’,’,False,anger,-0.0030855416488419804,0.0030855416488419804,0.3507611155509949,0.31551653146743774,0.38,0,0,953,FP32-token-IDs
BERT,k3mu97,659,230,1521,’,’,False,brain dysfunction (forget),0.0005094882799312472,0.0005094882799312472,0.3152136206626892,0.09943170100450516,0.38,0,0,953,FP32-token-IDs
BERT,k3mu97,659,230,1521,’,’,False,emptiness,0.007329005528137916,0.007329005528137916,0.25199806690216064,0.6372386813163757,0.38,0,1,953,FP32-token-IDs
BERT,k3mu97,659,230,1521,’,’,False,hopelessness,0.004310892791383796,0.004310892791383796,0.5713253021240234,0.9911624193191528,0.38,1,1,953,FP32-token-IDs
BERT,k3mu97,659,230,1521,’,’,False,loneliness,0.007997227367013693,0.007997227367013693,0.4571398198604584,0.7032500505447388,0.38,0,1,953,FP32-token-IDs
BERT,k3mu97,659,230,1521,’,’,False,sadness,0.0024613955368598304,0.0024613955368598304,0.41641947627067566,0.9947109222412109,0.38,1,1,953,FP32-token-IDs
BERT,k3mu97,659,230,1521,’,’,False,suicide intent,0.0012190012235401405,0.0012190012235401405,0.24135345220565796,0.24965988099575043,0.38,0,0,953,FP32-token-IDs
BERT,k3mu97,659,230,1521,’,’,False,worthlessness,0.006892461530191617,0.006892461530191617,0.4964175224304199,0.8263647556304932,0.38,1,1,953,FP32-token-IDs
BERT,k3mu97,659,231,1056,t,t,False,anger,-0.0030855416488419804,0.0030855416488419804,0.3507611155509949,0.31551653146743774,0.38,0,0,953,FP32-token-IDs
BERT,k3mu97,659,231,1056,t,t,False,brain dysfunction (forget),0.0005094882799312472,0.0005094882799312472,0.3152136206626892,0.09943170100450516,0.38,0,0,953,FP32-token-IDs
BERT,k3mu97,659,231,1056,t,t,False,emptiness,0.007329005528137916,0.007329005528137916,0.25199806690216064,0.6372386813163757,0.38,0,1,953,FP32-token-IDs
BERT,k3mu97,659,231,1056,t,t,False,hopelessness,0.004310892791383796,0.004310892791383796,0.5713253021240234,0.9911624193191528,0.38,1,1,953,FP32-token-IDs
BERT,k3mu97,659,231,1056,t,t,False,loneliness,0.007997227367013693,0.007997227367013693,0.4571398198604584,0.7032500505447388,0.38,0,1,953,FP32-token-IDs
BERT,k3mu97,659,231,1056,t,t,False,sadness,0.0024613955368598304,0.0024613955368598304,0.41641947627067566,0.9947109222412109,0.38,1,1,953,FP32-token-IDs
BERT,k3mu97,659,231,1056,t,t,False,suicide intent,0.0012190012235401405,0.0012190012235401405,0.24135345220565796,0.24965988099575043,0.38,0,0,953,FP32-token-IDs
BERT,k3mu97,659,231,1056,t,t,False,worthlessness,0.006892461530191617,0.006892461530191617,0.4964175224304199,0.8263647556304932,0.38,1,1,953,FP32-token-IDs
BERT,k3mu97,659,232,2113,know,know,False,anger,-0.002896772702741954,0.002896772702741954,0.3507611155509949,0.31551653146743774,0.38,0,0,953,FP32-token-IDs
BERT,k3mu97,659,232,2113,know,know,False,brain dysfunction (forget),-0.0007120347581803799,0.0007120347581803799,0.3152136206626892,0.09943170100450516,0.38,0,0,953,FP32-token-IDs
BERT,k3mu97,659,232,2113,know,know,False,emptiness,0.0030548434601061873,0.0030548434601061873,0.25199806690216064,0.6372386813163757,0.38,0,1,953,FP32-token-IDs
BERT,k3mu97,659,232,2113,know,know,False,hopelessness,0.0035406791501575046,0.0035406791501575046,0.5713253021240234,0.9911624193191528,0.38,1,1,953,FP32-token-IDs
BERT,k3mu97,659,232,2113,know,know,False,loneliness,0.0033892177045345305,0.0033892177045345305,0.4571398198604584,0.7032500505447388,0.38,0,1,953,FP32-token-IDs
BERT,k3mu97,659,232,2113,know,know,False,sadness,0.003287353118260702,0.003287353118260702,0.41641947627067566,0.9947109222412109,0.38,1,1,953,FP32-token-IDs
BERT,k3mu97,659,232,2113,know,know,False,suicide intent,0.003149502838237418,0.003149502838237418,0.24135345220565796,0.24965988099575043,0.38,0,0,953,FP32-token-IDs
BERT,k3mu97,659,232,2113,know,know,False,worthlessness,0.000172487392814623,0.000172487392814623,0.4964175224304199,0.8263647556304932,0.38,1,1,953,FP32-token-IDs
BERT,k3mu97,659,233,2054,what,what,False,anger,-0.002896772702741954,0.002896772702741954,0.3507611155509949,0.31551653146743774,0.38,0,0,953,FP32-token-IDs
BERT,k3mu97,659,233,2054,what,what,False,brain dysfunction (forget),-0.0007120347581803799,0.0007120347581803799,0.3152136206626892,0.09943170100450516,0.38,0,0,953,FP32-token-IDs
BERT,k3mu97,659,233,2054,what,what,False,emptiness,0.0030548434601061873,0.0030548434601061873,0.25199806690216064,0.6372386813163757,0.38,0,1,953,FP32-token-IDs
BERT,k3mu97,659,233,2054,what,what,False,hopelessness,0.0035406791501575046,0.0035406791501575046,0.5713253021240234,0.9911624193191528,0.38,1,1,953,FP32-token-IDs
BERT,k3mu97,659,233,2054,what,what,False,loneliness,0.0033892177045345305,0.0033892177045345305,0.4571398198604584,0.7032500505447388,0.38,0,1,953,FP32-token-IDs
BERT,k3mu97,659,233,2054,what,what,False,sadness,0.003287353118260702,0.003287353118260702,0.41641947627067566,0.9947109222412109,0.38,1,1,953,FP32-token-IDs
BERT,k3mu97,659,233,2054,what,what,False,suicide intent,0.003149502838237418,0.003149502838237418,0.24135345220565796,0.24965988099575043,0.38,0,0,953,FP32-token-IDs
BERT,k3mu97,659,233,2054,what,what,False,worthlessness,0.000172487392814623,0.000172487392814623,0.4964175224304199,0.8263647556304932,0.38,1,1,953,FP32-token-IDs
BERT,k3mu97,659,234,2000,to,to,False,anger,-0.002896772702741954,0.002896772702741954,0.3507611155509949,0.31551653146743774,0.38,0,0,953,FP32-token-IDs
BERT,k3mu97,659,234,2000,to,to,False,brain dysfunction (forget),-0.0007120347581803799,0.0007120347581803799,0.3152136206626892,0.09943170100450516,0.38,0,0,953,FP32-token-IDs
BERT,k3mu97,659,234,2000,to,to,False,emptiness,0.0030548434601061873,0.0030548434601061873,0.25199806690216064,0.6372386813163757,0.38,0,1,953,FP32-token-IDs
BERT,k3mu97,659,234,2000,to,to,False,hopelessness,0.0035406791501575046,0.0035406791501575046,0.5713253021240234,0.9911624193191528,0.38,1,1,953,FP32-token-IDs
BERT,k3mu97,659,234,2000,to,to,False,loneliness,0.0033892177045345305,0.0033892177045345305,0.4571398198604584,0.7032500505447388,0.38,0,1,953,FP32-token-IDs
BERT,k3mu97,659,234,2000,to,to,False,sadness,0.003287353118260702,0.003287353118260702,0.41641947627067566,0.9947109222412109,0.38,1,1,953,FP32-token-IDs
BERT,k3mu97,659,234,2000,to,to,False,suicide intent,0.003149502838237418,0.003149502838237418,0.24135345220565796,0.24965988099575043,0.38,0,0,953,FP32-token-IDs
BERT,k3mu97,659,234,2000,to,to,False,worthlessness,0.000172487392814623,0.000172487392814623,0.4964175224304199,0.8263647556304932,0.38,1,1,953,FP32-token-IDs
BERT,k3mu97,659,235,2079,do,do,False,anger,-0.002896772702741954,0.002896772702741954,0.3507611155509949,0.31551653146743774,0.38,0,0,953,FP32-token-IDs
BERT,k3mu97,659,235,2079,do,do,False,brain dysfunction (forget),-0.0007120347581803799,0.0007120347581803799,0.3152136206626892,0.09943170100450516,0.38,0,0,953,FP32-token-IDs
BERT,k3mu97,659,235,2079,do,do,False,emptiness,0.0030548434601061873,0.0030548434601061873,0.25199806690216064,0.6372386813163757,0.38,0,1,953,FP32-token-IDs
BERT,k3mu97,659,235,2079,do,do,False,hopelessness,0.0035406791501575046,0.0035406791501575046,0.5713253021240234,0.9911624193191528,0.38,1,1,953,FP32-token-IDs
BERT,k3mu97,659,235,2079,do,do,False,loneliness,0.0033892177045345305,0.0033892177045345305,0.4571398198604584,0.7032500505447388,0.38,0,1,953,FP32-token-IDs
BERT,k3mu97,659,235,2079,do,do,False,sadness,0.003287353118260702,0.003287353118260702,0.41641947627067566,0.9947109222412109,0.38,1,1,953,FP32-token-IDs
BERT,k3mu97,659,235,2079,do,do,False,suicide intent,0.003149502838237418,0.003149502838237418,0.24135345220565796,0.24965988099575043,0.38,0,0,953,FP32-token-IDs
BERT,k3mu97,659,235,2079,do,do,False,worthlessness,0.000172487392814623,0.000172487392814623,0.4964175224304199,0.8263647556304932,0.38,1,1,953,FP32-token-IDs
BERT,k3mu97,659,236,1012,.,.,False,anger,-0.002896772702741954,0.002896772702741954,0.3507611155509949,0.31551653146743774,0.38,0,0,953,FP32-token-IDs
BERT,k3mu97,659,236,1012,.,.,False,brain dysfunction (forget),-0.0007120347581803799,0.0007120347581803799,0.3152136206626892,0.09943170100450516,0.38,0,0,953,FP32-token-IDs
BERT,k3mu97,659,236,1012,.,.,False,emptiness,0.0030548434601061873,0.0030548434601061873,0.25199806690216064,0.6372386813163757,0.38,0,1,953,FP32-token-IDs
BERT,k3mu97,659,236,1012,.,.,False,hopelessness,0.0035406791501575046,0.0035406791501575046,0.5713253021240234,0.9911624193191528,0.38,1,1,953,FP32-token-IDs
BERT,k3mu97,659,236,1012,.,.,False,loneliness,0.0033892177045345305,0.0033892177045345305,0.4571398198604584,0.7032500505447388,0.38,0,1,953,FP32-token-IDs
BERT,k3mu97,659,236,1012,.,.,False,sadness,0.003287353118260702,0.003287353118260702,0.41641947627067566,0.9947109222412109,0.38,1,1,953,FP32-token-IDs
BERT,k3mu97,659,236,1012,.,.,False,suicide intent,0.003149502838237418,0.003149502838237418,0.24135345220565796,0.24965988099575043,0.38,0,0,953,FP32-token-IDs
BERT,k3mu97,659,236,1012,.,.,False,worthlessness,0.000172487392814623,0.000172487392814623,0.4964175224304199,0.8263647556304932,0.38,1,1,953,FP32-token-IDs
BERT,k3mu97,659,237,102,[SEP],,True,anger,3.166496753692627e-08,3.166496753692627e-08,0.3507611155509949,0.31551653146743774,0.38,0,0,953,FP32-token-IDs
BERT,k3mu97,659,237,102,[SEP],,True,brain dysfunction (forget),2.8870999813079834e-08,2.8870999813079834e-08,0.3152136206626892,0.09943170100450516,0.38,0,0,953,FP32-token-IDs
BERT,k3mu97,659,237,102,[SEP],,True,emptiness,-2.7008354663848877e-08,2.7008354663848877e-08,0.25199806690216064,0.6372386813163757,0.38,0,1,953,FP32-token-IDs
BERT,k3mu97,659,237,102,[SEP],,True,hopelessness,-2.2351741790771484e-08,2.2351741790771484e-08,0.5713253021240234,0.9911624193191528,0.38,1,1,953,FP32-token-IDs
BERT,k3mu97,659,237,102,[SEP],,True,loneliness,-1.4901161193847656e-08,1.4901161193847656e-08,0.4571398198604584,0.7032500505447388,0.38,0,1,953,FP32-token-IDs
BERT,k3mu97,659,237,102,[SEP],,True,sadness,-7.450580596923828e-09,7.450580596923828e-09,0.41641947627067566,0.9947109222412109,0.38,1,1,953,FP32-token-IDs
BERT,k3mu97,659,237,102,[SEP],,True,suicide intent,-1.5832483768463135e-08,1.5832483768463135e-08,0.24135345220565796,0.24965988099575043,0.38,0,0,953,FP32-token-IDs
BERT,k3mu97,659,237,102,[SEP],,True,worthlessness,5.168840289115906e-08,5.168840289115906e-08,0.4964175224304199,0.8263647556304932,0.38,1,1,953,FP32-token-IDs
