source_class,subreddit_norm,rows
depression,depression,624561
depression,suicidewatch,7964
depression,if anyone is afraid to call a suicide hotline please message me and i will gladly arrange a phone call with you ❤️,6
depression,test,6
depression,anyone try wellbutrin/bupropion?,5
depression,a,4
depression,hi,4
depression,i just finished watching the jeffrey epstein series on netflix and it hit home to me about being assaulted when i was 17. i am now laying in bed with flashbacks that have me feeling sick and unfortunately i have nowhere to turn,4
depression,.,3
depression,does anyone recommend antidepressants?,3
depression,i,3
depression,i am almost 40 years old and thinking maybe its for the best i end my life. doubt anyone would read this anyways.,3
depression,i want to die,3
depression,looking for help or a friend,3
depression,"my life is pointless, ugly, treated badly by everyone, no friends, no guys like me, no qualifications,no career. 20 year old useless female? yet i’m too cowardly to jump off a bridge. why?",3
depression,no one would care if i killed myself (18m),3
depression,sometimes i wanna feel sad because it's better than feeling nothing at all,3
depression,the last person i have left doesn’t care,3
depression,you need to be strong or sleep,3
depression,18th birthday,2
depression,:(,2
depression,another birthday alone.,2
depression,anyone else just hit themselves sometimes?,2
depression,anyone else?,2
depression,anyone wanna run away with me?,2
depression,"as i begin to lose hope, this is my story",2
depression,birthday,2
depression,boyfriend won’t talk to me. idk why,2
depression,break up,2
depression,can someone recommend me some suicidal songs,2
depression,can’t seem to be okay with the way how this world is,2
depression,christmas gatherings will be no fun for me this year due to severe depression,2
depression,dae,2
depression,depressed for over 5 years. suicidal for 3. i dont see any reason for me to keep living.,2
depression,depression is messing up my relationship,2
depression,"desperation, depression and divorce",2
depression,do you ever cut yourself or think about cutting yourself without knowing why?,2
depression,do you guys ever just want to die?,2
depression,do you think people can subconsiously feel/tell someone is depressed/suicidal (when it does not seem like they are)?,2
depression,does anyone else feel this way?,2
depression,g,2
depression,h,2
depression,hello,2
depression,help,2
depression,i just made an instagram account.. then i realized i don’t have any friends anymore. so no followers.. no one to chat with.. nada. i feel like shit :),2
depression,i just want to talk,2
depression,i want to die so bad.,2
depression,i want to do a pharmacognetic test for my depression - gofundme,2
depression,i want to talk to someone,2
depression,i wish i had never been born (antinatalism),2
depression,if you are scared to call a suicide hotline please message me and i will gladly do a phone call with you ❤️,2
depression,im sad,2
depression,painless way to go?,2
depression,people who did me dirty are striving in life as we speak..,2
depression,please help! does anyone of you feel like this?,2
depression,sad,2
depression,should we break up?,2
depression,struggling,2
depression,unhappy birthday,2
depression,what’s the point?,2
depression,who else is going to be completely alone on new year's eve?,2
depression,!. (vent),1
depression,"""i don't wanna just be happy, i wanna stay happy"" - came across this and it touched me so i wanted to share it with anyone else who's really going through something.",1
depression,"""i quit my job after college because it felt pointless in a pointless li...",1
depression,"""money doesn't buy happiness"" as a person struggling financially im calling bs",1
depression,"""new"" sub - let's make it happen - r/depressionuncensored",1
depression,"""no ody is a virgin. life fucks everyone."" - kurt cobain",1
depression,"""sunny days wouldn't be special if it weren't for rain. joy wouldn't feel so good if it weren't for pain. death gotta be easy, cause life is hard, it'll leave you physically, mentally, and emotionally scarred""- 50 cent",1
depression,"""we do that for 40 years and then we die""",1
depression,"""you don't wanna work"", ""others have it worse"" and other bs people spew",1
depression,(tw: suicide) so this is how 2020 culminates for me: in a three week long rv trip with my family where i may just kill myself before christmas.,1
depression,"(vent) (annoying post), tell me life is beautiful",1
depression,):,1
depression,-_-,1
depression,...,1
depression,......,1
depression,...................................,1
depression,1 month.,1
depression,123,1
depression,13 reasons why i wanna off myself - a little list of my problems and on why i lost all hope,1
depression,16m i’m probably gonna do it on my birthday,1
depression,17 and hate myself: a vent,1
depression,17f; ask me questions,1
depression,"22f, anyone wanna talk..?",1
depression,27 year old going no where fast,1
depression,"27, unemployed, lonely and broke with useless degree",1
depression,2nd job interview!,1
depression,5 months post-breakup depression,1
depression,5 secrets to overcome depression,1
depression,"[vent/rant] do you ever feel that you don't want to be alive, but don't want to kill yourself but if you were to die in your sleep then oh well sh*t happens?",1
depression,"a ""thank you"" letter from the ""good samaritans"" association of the subreddit: for all of you perpetually sad depressives that allow us to feel better inside improve our chances of a ticket to heaven. thank you.",1
depression,a big step.,1
depression,a counselor happy to message/chat with anyone.,1
depression,a girlfriend will cure my depression,1
depression,a girlfriend would cure my depression,1
depression,a happy goodbye,1
depression,a life full of misery,1
depression,a little daily check-in between redditors,1
depression,a little story about myself.,1
depression,a message for anyone that needs it.,1
depression,a message for anyone who needs it,1
depression,a ponytail wearing recluse sprinting through the dark alleyways,1
depression,a positive thing a day,1
depression,a song that made me feel better,1
depression,a tale of being friend zoned,1
depression,"a useful, or not, metaphor.",1
depression,a video i made about apathy and life,1
depression,abused; no friends; no personality; lost about the future.,1
depression,advice ?,1
depression,"advice dealing with the endless stream of racism and bigotry, in this instance, antisemitism",1
depression,affliction,1
depression,"after so many bouts of shutting down, your friends don’t always want to stick around",1
depression,ah i can‘t do this anymore,1
depression,ahaahhaahahhahahahahaa,1
depression,"alicia, i dont know if you browse here or if you even have reddit, but i just want to make sure youre okay",1
depression,all i do is think about her,1
depression,all i got for my birthday today was thousands of people on the internet telling me to die,1
depression,"all i want for christmas is you, thanasia",1
depression,"all the posts i see on here and suicide watch that are like “read this if u wanna die!!! suicide is selfish and a permanent fix for a temporary problem” annoy me and pretty much every other person on here, they don’t help.",1
depression,almost every night i have nightmares but somehow when i wake up it’s worse,1
depression,alone at christmas,1
depression,already having daily anxiety attacks about going back to school in a month and mentally trying to prepare myself for another year of hell,1
depression,already prepared a good bye letter,1
depression,alright what the actual fuck,1
depression,am almost 40 years old and thinking maybe its for the best i end my life. doubt anyone would read this anyways.,1
depression,am disappointed at myself and i take out my anger on to people closest to me.,1
depression,am disappointed at myself and take it out on the people i care.,1
depression,am i crazy?,1
depression,am i fuckin shadow banned here?,1
depression,am i shadow banned here,1
depression,am i the only one feeling lonely tonight,1
depression,am i the only one who feels like the ugly duckling?,1
depression,am i wrong to hate strangers who violate me?,1
depression,and the dad of the year award goes to,1
depression,antidepressants and pregnancy - i need hope. (lamotrigine?),1
depression,any child that goes on rpan im going to tell them,1
depression,any cure for depression?,1
depression,any friends or help?,1
depression,any help?,1
depression,any of you feel like you missed the chance to kill yourself?,1
depression,any other losers out there?,1
depression,any painless suicide method?,1
depression,anybody else catch themselves not really worrying about if they die?,1
depression,anybody else constantly think about how small and meaningless their existence is?,1
depression,anybody else desperately waiting for a moment where you could sacrifice yourself or risk your safety to help other people?,1
depression,"anybody else develop a reverse ""grapes are sour"" mentality?",1
depression,anybody else experiencing friends/family commenting on ‘depressive lifestyle’,1
depression,anybody else feels sad on their birthday?,1
depression,"anybody else get short, random bursts of energy?",1
depression,anybody else here depressed and racist?,1
depression,anybody else just need a hug?,1
depression,anybody else keep everything bottled in?,1
depression,anybody else lose a job?,1
depression,anybody else lose everyone they know because everyone changes?,1
depression,anybody else reminisce about childhood?,1
depression,anybody else worry that you’re wasting your therapists time?,1
depression,anybody is down for a call?,1
depression,"anybody who has never seek help or discontinue treatment despite having mental health issues, could you please share a reason why?",1
depression,anyone available for a voice chat?,1
depression,anyone depressed wanna be long term friends? (20m),1
depression,anyone else a musician/dj?,1
depression,anyone else actually look forward to taking their meds?,1
depression,"anyone else become too dependent on fiction? (film, tv, books, etc.)",1
depression,anyone else become too jaded ?,1
depression,anyone else become very jaded with almost everything in general ?,1
depression,anyone else can’t bring themselves to eat on really bad days?,1
depression,anyone else falling extremely behind in school?,1
depression,"anyone else fantasize a bit about suicide, but not actually want to die?",1
depression,anyone else feel like depression has made you so boring?,1
depression,anyone else feel like their self hatred isn't getting any better?,1
depression,anyone else feel like they always have puffy eyes because of depression??,1
depression,anyone else feel like they don’t deserve to be depressed?,1
depression,"anyone else feel like they had lots of potential as a kid, but now it's fizzled to nothing?",1
depression,anyone else feel like they had no past/childhood?,1
depression,anyone else feel like they’re just being dramatic?,1
depression,anyone else feel like “time is running out”?,1
depression,anyone else feel no greater purpose in the life?,1
depression,anyone else feel that therapists and psychiatrists over diagnose depression?,1
depression,anyone else feeling particularly awful the last week or so?,1
depression,anyone else feeling way better mentally because you know you can and will just kill yourself when it all becomes too much,1
depression,anyone else feels like this?,1
depression,anyone else find it insane to think how long life is?,1
depression,anyone else find their doctors to be dismissive about depression?,1
depression,anyone else find themselves getting more and more reclusive?,1
depression,anyone else get happy thinking about dying?,1
depression,anyone else get really upset and cry over the smallest things,1
depression,anyone else hate feeling happy,1
depression,anyone else have memory issues develop because of their depression?,1
depression,anyone else have passive suicidal ideations for all their life?,1
depression,anyone else have random cravings then lose interest in the food you bought?,1
depression,anyone else have this rich inner fantasy world,1
depression,"anyone else have those childhood moments you thought was normal, but realized it's weird/not ok later in life?",1
depression,anyone else here feel like a zombie 24/7 who’s got a cancerous addiction to doing absolutely nothing all day everyday?,1
depression,anyone else in a dilemma between staying lonely and risking the pain of getting close to others who will eventually abandon you?,1
depression,anyone else just ever feel numb and wanna run away?,1
depression,anyone else just excruciatingly bored all the time? nothing holds my interest anymore.,1
depression,anyone else just feel like a complete failure,1
depression,anyone else just feel like they don't deserve to eat?,1
depression,anyone else just feel so numb and lifeless,1
depression,anyone else just get that sudden emptiness feeling in life and it goes out of control?,1
depression,anyone else just have no clue why you’re so empty inside?,1
depression,anyone else just kinda going through life uninterested in everything?,1
depression,"anyone else keep turning their sketchbooks into sloppy ""diaries"" or into pages full of scratchy lines?",1
depression,anyone else legitimately bad at everything they do?,1
depression,anyone else like throwing away money just to be happy even if it’s just temporary happiness?,1
depression,anyone else like to stay up late..,1
depression,anyone else losing their best friend,1
depression,anyone else not phased by quarentine?,1
depression,anyone else not want to die but still feels sad?,1
depression,anyone else regularly call in sick when feeling down?,1
depression,anyone else ruin fun for themselves?,1
depression,anyone else so lonely that you feel like your friends with youtubers/twitch streamers?,1
depression,anyone else struggling with chronic anhedonia ?,1
depression,anyone else struggling with low self esteem,1
depression,anyone else suffer from summer sad?,1
depression,anyone else take really long showers?,1
depression,anyone else tell people it'll get better but really knows it won't?,1
depression,anyone else think they're just an empty hull?,1
depression,anyone else tired of their family?,1
depression,anyone else wish for bad things to happen to them?,1
depression,anyone else wish their life was worse?,1
depression,anyone else wonder what it’s to have what’s considered a normal life?,1
depression,anyone else's depression contribute to your weight and now you're even more depressed because you are fat?,1
depression,anyone else’s 2021 starting off like crap?,1
depression,anyone ever escape to this world?,1
depression,anyone ever felt like they have to put in twice as much effort to keep up with people your age and still only accomplish half as much?,1
depression,anyone ever get the depression where you don't even have anything to say or any depressing thoughts at all you just feel horrible and dark and empty for no reason,1
depression,anyone ever speak out loud when bad thoughts start popping up,1
depression,anyone experiencing grief?,1
depression,anyone feel like 9/11 marked a downward spiral for this society?,1
depression,anyone feel soulless?,1
depression,"anyone has this feeling they dont have enough time, so you rush everything as fast as possible?",1
depression,"anyone hates league of legends, but feel social pressure play that game from friends",1
depression,"anyone here spend everyday at home, no job?",1
depression,anyone here want to be friends?,1
depression,anyone one else completely alone today?,1
depression,anyone online right now to talk to. i don’t think i can keep doing this,1
depression,anyone pls,1
depression,anyone take pramipexole for depression and experience adverse side effects?,1
depression,anyone thinking about suicide all day all the time?,1
depression,anyone thinking about to take your own life all day all the time?,1
depression,anyone up for a chat?,1
depression,anyone up for a meaningful talk?,1
depression,anyone wanna run away with me,1
depression,anyone wanna talk?,1
depression,anyone wanna talk? i'm pretty sure i'm close to killing myself,1
depression,anyone want to be friends?,1
depression,anyone willing to listen to me vent?,1
depression,are 2 years old oxycontin pills still good,1
depression,are antidepressants the solution,1
depression,are most people depressed or does it just feel that way?,1
depression,are we actually friends?,1
depression,are we being brainwashed?,1
depression,are you depressed??,1
depression,are you struggling? do you need someone to talk to?,1
depression,as a child i didn’t think i’d end up like this at 20,1
depression,"as someone who once seriously considered taking his own life, i'm the happiest i've ever been. i wrote my niece that i helped raise a letter and sent it to her up at college. thought i'd share it and hopefully make some of you smile",1
depression,asking for help,1
depression,at least then people would understand,1
depression,attachment leads to sadness,1
depression,august 4th,1
depression,"babies cry when they are born, because that's the saddest thing to happen.",1
depression,back to square 1,1
depression,beating loneliness,1
depression,being depressed all the time is so draining,1
depression,being home is hell un,1
depression,being left on read 😴😴😴,1
depression,being unemployed for over a year makes it easy to get depressed,1
depression,"better not to feel anything, i guess...",1
depression,"big relapse, i need advices.. not sure if will make it out this time, everything is falling appart",1
depression,birthday and no one cares,1
depression,birthday coming up in a few days,1
depression,birthday no one cares car broke down too,1
depression,birthdays make me depressed.,1
depression,bnnn,1
depression,botched circumcision suicide,1
depression,"boutta kill myself, who all wants to say goodbye before i do it? :d",1
depression,"boutta shoot myself, who all wants to say goodbye before i do it? :d",1
depression,boyband - big face,1
depression,breaking point,1
depression,breakup &amp; overdose,1
depression,bruh she really went from considering me to be her only true friend to not even acknowledging me in public in 2 weeks. life's crazy,1
depression,burnt out,1
depression,"buying a house made me.have buyera remorse , depression and is utting tension on my marriag.",1
depression,bye,1
depression,bye guys i’m overdosing and this time i’m making sure i don’t wake up.,1
depression,caaaaaaaaaaaant anymore am leaving,1
depression,"cam i sleep forever, and then wake up tomorrow?",1
depression,can anyone help me figure out what’s wrong?,1
depression,can anyone help?,1
depression,can anyone relate?,1
depression,can anyone talk to me please. my life is complete shit,1
depression,can be depressive disorder cured?,1
depression,can i fix this,1
depression,"can i get some advice,?",1
depression,can i have a hug?,1
depression,can i have hug?,1
depression,can i rant to someone?,1
depression,can i talk to someone?,1
depression,can i vent,1
depression,can i...,1
depression,can one of my friends please just reach out and ask if i’m okay,1
depression,can someone be honest and answer my question. does it ever get better?,1
depression,can someone dm me please? i've been struggling with the concepts of free will and no self. i'm devastated,1
depression,can someone do me a favor?,1
depression,can someone help me?,1
depression,can someone just message me to talk?,1
depression,can someone listen to me please?,1
depression,can someone please dm me. i need a friend right now,1
depression,can you be more phony?,1
depression,can you die from taking 14 promethazine tablets?,1
depression,"can you roughly estimate the percentage of people among your family, friends, and acquaintances that might be suffering from a depressive disorder?",1
depression,"can't open up to anyone at all, even my depressed friends",1
depression,can’t shower,1
depression,can’t sleep,1
depression,can’t take anymore,1
depression,catastrophic thinking relate to depression?,1
depression,catching up with a teacher who helped me through depression,1
depression,chancing my arm,1
depression,"chane your wallpaper and ringtone, give a shot to light mode",1
depression,check out this new and upcoming facebook group dedicated to gathering and sharing good resources about anxiety/depression.,1
depression,check your iodine level,1
depression,cheer up! it's all gonna be okay.,1
depression,"childhood trauma &amp; toxic relationships, name a more iconic duo...",1
depression,cleaning up my room before death,1
depression,clinging on to happiness,1
depression,clinging to happiness,1
depression,"clinically depressed, homeless, recently raped, destroyed phone so no way to contact my family...i think the universe wants me to kill myself.",1
depression,close to the edge,1
depression,cold showers,1
depression,college is making me want to give up,1
depression,congrats! ur now one day closer to the day you die,1
depression,"consent is imperative, except when it comes to the most important thing which is existing.",1
depression,constant negative/ horrible life experiences is not gonna bring confidence or positive thoughts i don’t get why most people are too stupid to realize this like wtf,1
depression,"constant pain in my head for months. feel horrible, demotivated, unhappy. nobody cares, none of my friends care",1
depression,coping seems impossible,1
depression,coronavirus take me,1
depression,could really need some help to find a new direction for my life,1
depression,covid and chill,1
depression,covid is the best thing that as happen to me this year,1
depression,covid suicide note,1
depression,"covid-19. tranformation of fear, suffering and conflict.",1
depression,"creative people, do you find it difficult/pointless to do your thing because you have no one irl to share the fruits of your labor with?",1
depression,creep,1
depression,crush(18f) ignored my(19m) birthday,1
depression,crying as i'm typing,1
depression,da....,1
depression,dae ever just sleep on purpose?,1
depression,dae feel like the only reason they don't end it is out of guilt?,1
depression,"dae feel like they have a ""let's just make him as comfortable as possible until the end"" approach to depression?",1
depression,dae get those days where you feel like you can’t do anything except lay in bed all day? a question to those who have depression kinda under control,1
depression,dae gets uncontrollably angry?,1
depression,dae going to college feel suicidal because not of missing monetary but academic success?,1
depression,dae hate the term depression triggers,1
depression,dae have a constant feeling of emptiness,1
depression,dae have this sickly feeling in the pit of their stomach?,1
depression,dae have this side effect from zoloft (sertraline)?,1
depression,dae just cry at the weirdest things.,1
depression,daily grind,1
depression,daily thoughts???,1
depression,"damn, its crazy how little people actually give a fuck about each other",1
depression,damn.....😓,1
depression,de,1
depression,dealing with friends?,1
depression,death to niggers°!,1
depression,depressed college student :/,1
depression,depressed gf is struggles with communication,1
depression,depressed girlfriend shutting me out,1
depression,"depressed girlfriend wants to break up with me. is it possible that after recovering, she could still feel love for me?",1
depression,depressed sex addict. think i fucked up on omegle,1
depression,depression does so very little but how does it affect me so much?,1
depression,depression in relationships,1
depression,depression is a fucking death sentence,1
depression,depression is a hell of a drug,1
depression,depression is a persistent and unforgiving bitch.,1
depression,depression is an illusion,1
depression,depression is basically hyping up your suicide,1
depression,depression is even worse when you hate yourself and are horny a lot,1
depression,depression is ingrained within me,1
depression,depression is killing my academic life.,1
depression,depression is like eating your favorite food but you have a toothache,1
depression,depression is making me dumb,1
depression,depression is much worse when you live with your parents,1
depression,depression k*lled my motivation to get good grades. might as well k*ll me too.,1
depression,depression lol,1
depression,depression paired with drinking to cope has ruined my life. this is my last straw. we have to get through this depression.,1
depression,depression support group for young adults 18 -29 (online),1
depression,depression support group for young adults 18 -29 in houston tx (online),1
depression,depression turned me into a streamer.,1
depression,"depression, desperation and divorce",1
depression,"depression, the secret we share | andrew solomon",1
depression,depression/anxiety about kids growing up,1
depression,dhgeggrgd,1
depression,did anyone else’s depression take a comedic turn?,1
depression,did you ever have the realization...,1
depression,didn’t know where else to post this so i’ll just do it hear anyone else don’t feel sad happy or anything really,1
depression,distance / what to do?,1
depression,do any of you also live with constant chest pains?,1
depression,do any of you like food? sometimes it’s the only reason i get out of bed,1
depression,do i have a problem or am i just playing myself? (rant post made by a possible throwaway account),1
depression,"do i want to purge my belongings because my house is genuinely too cluttered, or is this a ""gentle art of swedish death cleaning"" thing?",1
depression,"do not tell me ""when life gives you lemons make lemonade"". i also need sugar and water and life has not given me that nor the ability to obtain it so how the hell am i suppose to make lemonade?",1
depression,do women chose to be depressed?,1
depression,do you disassociate in the mirror? i don’t really get what’s happening,1
depression,do you ever analyse your depression and figure out what is causing it?,1
depression,do you ever c*t yourself or think about c*tting yourself without knowing why?,1
depression,do you ever feel completely and entirely alone?,1
depression,do you ever feel like nobody enjoys talking with you?,1
depression,do you ever feel like the harder you try the worser it gets?,1
depression,do you ever feel like the most ungrateful person for being depressed when for the most part you have a good life?,1
depression,do you ever feel like you want to hurt yourself just to release the pent up energy in you,1
depression,do you ever feel like you're just not good enough?,1
depression,do you ever feel more alone when you’re around more people?,1
depression,"do you ever feel that you deserve to be depressed, because of stuff u did in past?",1
depression,do you ever get just start feeling like shit out of nowhere? you can be feeling fine but then the smallest thing sets you off and triggers a whole cascading set of thoughts that end with hating your existence again,1
depression,do you ever get sick of yourself?,1
depression,do you ever hate yourself you basically become paralyzed,1
depression,do you ever have anxiety attacks so bad that you vomit?,1
depression,do you ever have moments when you realise that you could do absolutely anything in your life? could make it go in any direction you want? it makes me feel so powerful and hopeful for the future.,1
depression,do you ever just feel fine and question everything,1
depression,do you ever just go on instagram and get depressed ?,1
depression,do you ever miss someone so much you feel physically sick?,1
depression,do you ever randomly become very self aware and feel worse because of it?,1
depression,do you ever wish that you just wouldn't wake up in the morning?,1
depression,do you ever wish you could take cancer from a happy person?,1
depression,do you ever wish you had super powers,1
depression,do you ever wish you were delusional?,1
depression,do you ever wonder what type of person you would be if you weren't depressed?,1
depression,do you guys also fear that you're just beyond help?,1
depression,do you guys get tired pretending that you're fine and happy?,1
depression,do you guys get tired while trying to pretend that you're fine and happy?,1
depression,do you guys have reliable support systems when you go through episodes?,1
depression,do you guys know some sad songs that aren't about love or breakup,1
depression,do you guys right after you smile / laugh instantly think back to a depressing moment?,1
depression,do you have an item or something similar you try to use as a shielding from depression?,1
depression,do you have more therapist numbers on your phone or more dealer numbers ?,1
depression,do you hope for an afterlife?,1
depression,do you manage to avoid your triggers?,1
depression,do you sometimes feel like you just don't have a purpose?,1
depression,do you think biting nails self harm?,1
depression,do you think i need therapy?,1
depression,do you think not talking someone out of suicide is wrong?,1
depression,do you think social media makes depression worse?,1
depression,does anybody else,1
depression,"does anybody else delay sleeping because they don’t want to face the next day, and end up with a non-existent sleep schedule as a result?",1
depression,does anybody else feel like some posts that are meant to be inspiring just aren’t that inspiring at all?,1
depression,does anybody else feel like they’re missing a part of themselves when their depression isn’t too bad?,1
depression,does anybody else feel that reddit believes some people's depression is more important than other people's? because that's how i feel...,1
depression,does anybody else get the feeling that they will never get what they want?,1
depression,does anybody else have a depressed parent?,1
depression,does anybody else’s jaw get sore when they cry?,1
depression,does anybody feel the way i do?,1
depression,does anybody happen to have any advice or tips on overcoming permanent brain damage as a result of heavily abusing the living fuck out of diphenhydramine (benadryl) when you were a stupid teenager? i think it’s some kind of hppd.,1
depression,does anybody have a possible explanation for why i immediately regret sending messages to people?,1
depression,does anybody here else is ashamed of their rooms/houses? since i started suffer from depression my room is a complete mess and i don't feel motiveted at all to clean it.,1
depression,does anybody not fear death?,1
depression,does anybody purposefully not take care of themselves just to see how far you can go?,1
depression,does anyone eat when you're depressed?,1
depression,does anyone else constantly think if hurting themselves?,1
depression,does anyone else desire to be alone but also want a little bit of company sometimes?,1
depression,does anyone else experience days/moments of incontrollable crying?,1
depression,does anyone else experience fatigue on wellbutrin xl 150 mg?,1
depression,does anyone else experience this?,1
depression,does anyone else fantasize about suicide/harm without any intention of doing it?,1
depression,does anyone else feel borderline sociopathic?,1
depression,does anyone else feel cold and disconnected from the world?,1
depression,does anyone else feel completely disassociated from life right after waking up from certain dreams?,1
depression,does anyone else feel cursed?,1
depression,does anyone else feel happier when they’re more depressed,1
depression,does anyone else feel hopeless about literally everything,1
depression,does anyone else feel like a fraud?,1
depression,does anyone else feel like doing something incredibly reckless and stupid?,1
depression,does anyone else feel like immortal?,1
depression,does anyone else feel like they are immortal?,1
depression,does anyone else feel like they don't even get to enjoy the good days they have?,1
depression,does anyone else feel like they've lost their identity?,1
depression,does anyone else feel like this?,1
depression,does anyone else feel more depressed once spring comes around?,1
depression,does anyone else feel more depressed when spring comes around?,1
depression,does anyone else feel the need to be alone but also want a little bit of company sometimes?,1
depression,does anyone else feel the urge to do something reckless and stupid?,1
depression,does anyone else feel when a depressive episode is about to happen?,1
depression,does anyone else find themselves exhausted from pretending to be normal?,1
depression,does anyone else get a warm inside feeling when they’re super depressed,1
depression,does anyone else get an impulse to do the opposite of wha,1
depression,does anyone else get depressed in certain locations?,1
depression,does anyone else get geniunely hurt whenever you imagine good things happening to you?,1
depression,does anyone else get into a super deep depression that lasts a few hours and then suddenly starts feeling really good,1
depression,does anyone else get this melancholy feeling when looking at childhood photos?,1
depression,does anyone else get this thought?,1
depression,does anyone else get this???,1
depression,does anyone else get those moments where you become aware of how fucked in the head you are and that you actually have a problem? but then also have moments where you feel like you're an attention seeker and that there isn't actually anything wrong and you're just a lazy horrible human being?,1
depression,does anyone else get unreasonably stressed out over small things,1
depression,does anyone else go from being motivated and thinking they are able to get out of a slump to hating themselves and overthinking everything multiple times a day?,1
depression,does anyone else hate eating?,1
depression,"does anyone else have a lingering feeling of emptiness inside, even with things that supposedly make you happy",1
depression,does anyone else have trouble with their memory?,1
depression,does anyone else in their 20s feel like your mind is just a constant fight between your childhood self and growing tf up?,1
depression,does anyone else is lonely?,1
depression,does anyone else just blow up when something go wrong or someone does something wrong and immediately regret it after? i've been crying for the past hour because i lost my temper.,1
depression,does anyone else just wanna stab themselves then give up?,1
depression,does anyone else just want the years go by quickly so you can grow old and just get it over with?,1
depression,does anyone else let their abusers walk all over them because they are family?,1
depression,does anyone else make jingles in their head for their suicidal thoughts?,1
depression,does anyone else not have any legit hobbies? makes me feel like a loser,1
depression,"does anyone else on a daily basis go through life in a consistent state of pain and suffering but continue to endure it because they don’t know what to do about it, how to fix it, or if dying is better than living?",1
depression,does anyone else only feel depressed when they have down time?,1
depression,does anyone else only remember their bad memoires,1
depression,does anyone else overthink about a problem and then a bigger problem comes in. suddenly you’re not worried about your previous problem?,1
depression,does anyone else play adam’s song by blink-182 on repeat?,1
depression,does anyone else pour hand sanitizer into cuts?,1
depression,does anyone else put no effort into anything because they just can't see a future for themselves?,1
depression,does anyone else sit and convince themselves that everyone hates them,1
depression,does anyone else sometimes laugh hysterically when crying?,1
depression,does anyone else spend hours writing posts/comments only to be ignored/moderated away as spam?,1
depression,"does anyone else still feel depressed, even when trying to accomplish things?",1
depression,"does anyone else struggle to tell people ""i love you""",1
depression,does anyone else use fictional characters/world as sort of an escape mechanism?,1
depression,"does anyone else wake up most days thinking ""oh fuck i'm still trapped in this life"" ?",1
depression,does anyone else want a near death experience?,1
depression,"does anyone else want to die not just because life sucks, but also to see what happens after death?",1
depression,"does anyone else wonder ""why me?""",1
depression,does anyone else wonder how other people could possibly be happy?,1
depression,does anyone envy tv show characters?,1
depression,does anyone ever feel like the word depression just over simplifies how you actually feel,1
depression,does anyone ever feel like they have nothing to lose when they are suicidal?,1
depression,does anyone ever just feel like yelling?,1
depression,does anyone feel like life is pointless,1
depression,does anyone feel like the film stand by me is an accurate reflection of their life?,1
depression,does anyone feel like their depression makes them lose connections ?,1
depression,does anyone feel like they get more down during the summertime?,1
depression,does anyone feel like they're in an endless loop.,1
depression,does anyone feel special and important from being depressed?,1
depression,does anyone feel this way?,1
depression,does anyone find exercising triggers their depression?,1
depression,"does anyone find that they get along better w/people and make more connections or friends when they are their ""depressed"" self",1
depression,does anyone get exhausted just talking?,1
depression,"does anyone have a complex that they are ""weird"" or just completely different to other people?",1
depression,does anyone have a toxic/not toxic family?,1
depression,does anyone have advice for me?,1
depression,does anyone have literally no interest in anything?,1
depression,does anyone here agree that quarantine has helped with their mental health?,1
depression,does anyone here have any copping techniques or comfort items that they are willing to share and talk about?,1
depression,does anyone here have dysrhythmia?,1
depression,does anyone here have dysthymia? how do you cope?,1
depression,does anyone here have the motivation to exercise?,1
depression,does anyone know how to feel satisfaction or fulfilment,1
depression,does anyone know this guy?,1
depression,does anyone know where the eject button is?,1
depression,does anyone need a love award? i don't know you but i've been there and i hope it gets better.,1
depression,does anyone relate? what is this?,1
depression,does anyone wanna be my depression buddy?,1
depression,does anyone want to stay on call for a bit please? just not feeling okay right now. you dont even have to talk.,1
depression,does anyone want to talk,1
depression,does depression make anyone else an asshole?,1
depression,does depression make anyone else too tired to stay awake?,1
depression,"does it get easier, please?",1
depression,does orange juice help with depression or make it worse?,1
depression,does this work,1
depression,don't feel like i should hangout with friends no more,1
depression,don't look for happiness; demand it.,1
depression,don't want go brag but i took a shower today and almost did laundry.,1
depression,don’t know how to stop the spiral,1
depression,door knor hanging. is it really effective?,1
depression,downvote feature is a fucking sick joke.,1
depression,drdfg,1
depression,drove away some more friends a few months ago and it's consuming me,1
depression,dying sounds way better than doing all the things i'm supposed to do to feel better,1
depression,each month has been like its own depression story arc. this month...,1
depression,easiest way to end it?,1
depression,easy death,1
depression,eedd,1
depression,empty and bored but i don't feel depressed cause i don't feel anything,1
depression,end it,1
depression,euthanasia should be legal for adults that suffer from severe mental illness,1
depression,even my mum has given up on me slightly.,1
depression,"even when everything is fine and well, why am i like this?",1
depression,ever feel like the longing for connection and affirmation might just kill you so you feel like doing the job yourself,1
depression,ever just wanna never wake up,1
depression,every adult should have the right for euthanasia,1
depression,every hour i’m awake i feel like there’s a giant hole in my chest and i could cry at any moment,1
depression,"every time i breathe, i just want to scream about how i want the pain to end and why i have to take it on.",1
depression,every time i feel like things are getting better i’m once again falling into my depression,1
depression,"everyday i get a new reason to end it. im so emotionally dead right now i can’t even cry. always urged to find hookups and call girls, booze helps, helps a lot.",1
depression,"everyday i say to myself ""tomorrow is better and i will not make the mistakes i did today"" but i still make do them everyfuckingday.",1
depression,everyone abandons me,1
depression,everyone has given up on me,1
depression,everyone i knew left me,1
depression,"everyone is nice to me, my family loves me, my friends don't hate me either..so why do i hate feel like shit most of the time?",1
depression,everyone is too depressed to comment on posts,1
depression,everything feels wrong,1
depression,everything i enjoy in life ends so quickly and everything i despise keeps going on forever,1
depression,everything i have in mind that i want to do leads to one thing,1
depression,everything is so pointless. long and boring rant incoming.,1
depression,everything just fell apart,1
depression,everything tastes like water these days,1
depression,everytime i'm outside i just hope for someone to murder me or accidentally run me over because i'm too much off a pussy to do the job myself,1
depression,"exercise is supposed to help with mood, but i mostly find that it gives me time alone with only my negative thoughts to keep me company",1
depression,exercising while depressed?,1
depression,explaining depression to family and friends,1
depression,extending a helping hand,1
depression,"f, 21. there’s a lot going on my mind because of the things i been doing for almost one year. the guilt doesn’t stop. idk what to do. would be nice if i could vent.",1
depression,"facebook adds to my depression, but i cannot seem to delete it... or other toxic social media...",1
depression,fainted in the shower,1
depression,falsely accused of rape,1
depression,fastest way and least painful to kill myself?,1
depression,feel like i lost my purpose in life,1
depression,feel like i’m constantly being beat down,1
depression,feel like i’m wasting away,1
depression,feeling dark and hopeless,1
depression,feeling dumber than my bf,1
depression,feeling invisible,1
depression,feeling under the weather when taking fluoxetine - has anybody else experienced a feeling of melancholia during the first few weeks of taking 20mg/day,1
depression,feeling unloved and unimportant.,1
depression,feeling weird,1
depression,"fellow lurkers, my dms are open",1
depression,fffffffffffhfififififiriririihcudud,1
depression,fighting dto build a life,1
depression,finally gonna kill myself.,1
depression,finally managed to get out of bed to brush my teeth and wash my face after 5 days of not doing so.,1
depression,finally managed to post,1
depression,finally took a shower.,1
depression,finally visited my local clinic,1
depression,"finally, i’m gonna see a therapist today!",1
depression,find someone to share your pain with,1
depression,find the river...,1
depression,finding meaning in the wrong places,1
depression,first day of feeling better,1
depression,"first time in this subreddit, here we go..",1
depression,first time posting here i just need to vent,1
depression,for anyone else this might not be a big deal but after months of procrastination and living in my own filth i finally cleaned my room and did all my laundry!! idk i just wanted to share that victory im really proud of myself 🥺❤️,1
depression,for anyone that needs to hear this,1
depression,for anyone who has struggled with emotional pain/ painful trauma and has persevered; have you seen any positive benefits from having undergone that pain?,1
depression,"for my birthday, i got...every single problem wrong on an assignment",1
depression,for the love of god tell me the easiest way to kill my self,1
depression,"for those struggling with depression but refuse to apply for state disability benefits, why?",1
depression,"for those who don’t apply for state disability benefits, why",1
depression,for whatever it's worth,1
depression,"forced myself to take a shower, almost passed out",1
depression,found out of my relatives has a hand in my dad's death...fml,1
depression,found some light,1
depression,free book on depression and happiness,1
depression,free council,1
depression,friday night! anyone else doing jack shit tonight? woo-woo!,1
depression,"friend goes, i go",1
depression,friends.,1
depression,"from ugly to average, success story!",1
depression,"frustrated, depressed, how to move on...",1
depression,fsf,1
depression,fuck depression,1
depression,fuck depression. that is all.,1
depression,fuck everything,1
depression,fuck i woke up,1
depression,"fuck it all and fuck everybody, i’m done, fuck life",1
depression,fuck it. i’m gonna clean my room for the first time in who knows how many months.,1
depression,fuck logic and that 1800 song,1
depression,fuck niggers,1
depression,fuck the daily grind,1
depression,fuck to everyone who thinks depression is a simple thing comes when you had a bad day or have an argument with a friend,1
depression,fuck you,1
depression,fuck you nigga fuck you too,1
depression,fuck you retards,1
depression,fucked up hard.,1
depression,fuckfuckfuckfuckduckfuckfuckfuckfuckfuckfuckfuckfuckfuckfuckfuckfuckfuckfuckfuckfuck,1
depression,fucking limb guy harassed me! if he was here i would have killed that mf,1
depression,fuckkkkkk !!!!!!!!!!!!!!!!!!!!!!!!!,1
depression,getting drunk alone and falling in the spiral of suicidal thoughts.,1
depression,getting rejected,1
depression,gg,1
depression,ggg,1
depression,girl cutting herself on twitter,1
depression,give me a reason to not hurt myself right now. anyone?,1
depression,giving people present on their birthday means a lot,1
depression,god i hate jobs that involve socialisation,1
depression,god i think tonight may be it for me,1
depression,gonna kill myself in honor of reckful,1
depression,good vibe,1
depression,"got in a crash, and lost my job all in the week before my birthday",1
depression,got out of depression..,1
depression,got the courage to finally tell someone about my depression,1
depression,grief making me loose everything,1
depression,grief making me lose everything,1
depression,group call/ youtube videos/ twitch livestreams,1
depression,h go kb cb b f job,1
depression,had a depressive incident because i told a guy to stop talking to me.,1
depression,hanging on if only just barely,1
depression,happy birthday to me!,1
depression,happy christmas,1
depression,hard to fifnfind motivation for things when i hate myself,1
depression,has anyone else fail their phd?,1
depression,has anyone else given themselves a time table of when they’ll seriously consider suicide?,1
depression,has anyone else never actually had a suicide attempt ?,1
depression,"has anyone made ""research"" on sodium nitrite? any suggestions/instructions?",1
depression,has anyone tried tre and how has it been?,1
depression,have any of you ever just suddenly idk woke up and realized you’ve just been coasting through life?,1
depression,have pets been helping you guys through rough times?,1
depression,have u ever felt like nobody gives love to u like u give to others and start wondering if their life would be easier without you? or felt so alone that u could die and nobody would notice or care?,1
depression,have you ever been conflicted between being lonely and not wanting to connect with people?,1
depression,have you ever cried because you're you?,1
depression,have you ever had panic attack during sex as a guy?,1
depression,have you ever just been hit by a wave of fear and uncertainty for the future?,1
depression,"have you ever thought about how there are more than thousands of people who never have or will have a suicidal thought, then there’s us?",1
depression,have you ever thought about how there are more then thousands of people who’ve never had a suicidal thought and are almost always happy? then there’s us?,1
depression,haven,1
depression,having no appetite but being starving because you haven't eaten all day is the worst,1
depression,having the urge to leave everything behind,1
depression,hd,1
depression,hdjdjdjdh,1
depression,height does not match my personality and looks,1
depression,hello my old friend,1
depression,hello someone i know may be in this community and could very well potentially see this,1
depression,hello sry resposted,1
depression,"hello, i created this for you enjoy",1
depression,hello?,1
depression,here to chat if anyone needs support ❤️,1
depression,"here to help you, but also to get help",1
depression,here to help.,1
depression,hes,1
depression,hey dear stranger ! just a reminder to take care of yourself :),1
depression,"hey fellow reader, i hope you stop to read this short message...",1
depression,"hey reddit, i need some advice.",1
depression,hey stop scrolling!! you know who you are!! you with the face!!,1
depression,hey! how are you doing today?,1
depression,hgvnkjv,1
depression,hi can someone talk to me?,1
depression,"hi, how is your day going?",1
depression,"hi, how is your day going??",1
depression,hiw do i deal with my mediocrity?,1
depression,hjgffhhknb,1
depression,hold onto hope if you got it!,1
depression,homeattackwoman who stabbed her nephew to death on christmas eve suffers from depression,1
depression,honestly just depressed as shit rn,1
depression,"honestly, i wouldn't mind putting a bullet into my brain rn at this moment",1
depression,hope is the biggest sh1t,1
depression,hope this helps,1
depression,hopeless with no path for life,1
depression,horrible negative thought loops about my first love. shits killing me.,1
depression,how,1
depression,how am i supposed to attract anyone? serious question,1
depression,how can i be any different or what can i do differently so they will learn to leave me alone?,1
depression,how can i be happy again?,1
depression,how can i best help someone who's battling with depression?,1
depression,how can i get myself to stop flinching at everything?,1
depression,how can i help myself when i don't have will and enough energy to go to the psych?,1
depression,how can i hide the fact that i have depression from my parents?,1
depression,how can i kill myself so it looks like an accident?,1
depression,how can i make it end?,1
depression,how can i move past my ptsd?,1
depression,how can i pull myself out of a depressive episode,1
depression,how can u kill yourself?,1
depression,"how can you overcome an internet ""addiction""? besides, i don't see any point in life, and even less being a man.",1
depression,how did you get rid of your depression?,1
depression,how did you know you have depression?,1
depression,"how do i deal with feeling sad all the time, and just feeling like no one cares",1
depression,how do i gain real friends?,1
depression,how do i get my shit together,1
depression,how do i get over the feeling everybody around me is fake,1
depression,how do i help a total stranger,1
depression,how do i help my depressed friend?,1
depression,how do i shut my friends off,1
depression,how do i stop cheating in my college classes?,1
depression,how do i tell my parents? why is my family so blind?,1
depression,how do i(18f)stop feeling numb and empty after a breakup (m20),1
depression,how do you break the disabling and bad cycles?,1
depression,how do you cancel your own birthday?,1
depression,how do you cope when you have no support system?,1
depression,"how do you cope with feeling like no one will ever like you, care, or understand?",1
depression,how do you deal with depression?,1
depression,how do you deal with it when you feel like venting and emptying the brimming emotions but you have no friends or anyone to talk to?,1
depression,how do you escape an episode?,1
depression,how do you even tell if you're depressed?,1
depression,how do you explain the relief feeling when you are scarifying ?,1
depression,how do you fight the urge to self harm (tw),1
depression,how do you force yourself out of a depressive episode?,1
depression,how do you get better without meds? i’ve been forgetting to take mine and i’m backsliding,1
depression,how do you get over fear of death?,1
depression,how do you get over the past?,1
depression,how do you guys deal with moments where you are overcome by seething rage and burning vitriol?,1
depression,how do you guys find motivation to get up every morning ?,1
depression,how do you guys manage with keeping in touch with people through texts instead of isolating and not responding to anyone? i often leave people i messaged for 2 weeks or more and it probably makes them feel bad about themselves too. i don't know why i do it.,1
depression,how do you hide depression from your kids or partner ?,1
depression,how do you hide depression from your spouse or kids?,1
depression,how do you keep your apartments clean?,1
depression,how do you move on from things you’ve done in the past?,1
depression,how do you stop hating yourself?,1
depression,how do you waste away your day?,1
depression,how does antidepressants work?,1
depression,how does anyone manage to study while being severly depressed ?,1
depression,how does anyone overcome childhood trauma?,1
depression,"how does depression effects learing capability, and what to do about it ?",1
depression,how dope would it be to end my life on my birthday??,1
depression,how i’m dealing with depression..,1
depression,how many days can i go without drinking water until it kills me?,1
depression,how many times did you think about killing your self this week?,1
depression,how many times did you watch inside by bo burnham?,1
depression,how many times i have to fkn post it until it gets posted,1
depression,how often do you think about suicide?,1
depression,how old are you and do you have suicide attempts behind you?,1
depression,how painful is it to od on codeine?,1
depression,how the fuck do you not second guess yourself after a friend attempts suicdie,1
depression,how to be there for a friend in need?,1
depression,how to beat your loneliness,1
depression,how to deal with bipolar mood swings,1
depression,how to deal with loneliness?,1
depression,how to deal with someone constantly messaging you about harming themselves.,1
depression,how to deal with the fact that i really didn’t mean shit to someone,1
depression,how to get therapy as a teenager without parents knowing?,1
depression,how to help someone venturing into a hate group,1
depression,how to make it look like an accident.,1
depression,how to make sure my psychiatrist doesn't send me to hospital for talking about suicidal thoughts?,1
depression,how to overcome depression | 5 tips to overcome depression | adshu yt,1
depression,https://www.instagram.com/reel/cpbx-nqpjdv/?utm_source=ig_web_copy_link,1
depression,https://www.youtube.com/watch?v=2nmf5_k3hjs,1
depression,https://youtu.be/wjwkspwdkoc,1
depression,huh... my first ever reddit post,1
depression,hypocrisy,1
depression,i *hate* people who try to take me out of my depression.,1
depression,i aint doin to good,1
depression,"i always knew that fixing my habits would be a key part of managing my depression. but i could never stick to the promises i made—didn't matter if i went cold-turkey or tried weaning off. everything changed once i took on the ""meditator's mindset"". today i'm not perfect, but man, i’m doing better.",1
depression,i am alone,1
depression,i am alone and it's no ones fault but my own.,1
depression,i am completely alone. i don’t think if i die there will be anyone who is going to miss me.,1
depression,i am fucked and theres no way out of this (19m),1
depression,i am going to end it all tonight,1
depression,i am in love with a celebrity and it’s making me depressed,1
depression,"i am legit too depressed to jack off rn, like wtf. my one source of dopamine and relaxation after a long day? smh my head .",1
depression,i am looking for depressed writers who can't write,1
depression,i am so damn lonely it’s a joke,1
depression,i am so duckin tired,1
depression,i am so lonely!,1
depression,i am som fucking tired.,1
depression,i am sorry,1
depression,i asked my closest friend if i was objectively a loser and he said yes,1
depression,"i avoid talking to friends, family because am suicidal and will die soon so what's the point",1
depression,i broke up with my girlfriend because she was making me continually unhappy. but it's been three weeks and i feel far more miserable without her. i'm not eating or sleeping. i'm anxious all day. i can't handle the pain i feel.,1
depression,i brushed my teeth today. i hadn't for three weeks.,1
depression,i can barely take it anymore,1
depression,i can count on my 2 hands the number of times i've been outside my room for anything that hasn't been absolutely necessary the last year,1
depression,"i can only be “ happy “ in bed, alone or in the shower",1
depression,i can't be happy and there probably isn't anyone at all who can fix it,1
depression,i can't do anything right,1
depression,i can't do it anymore,1
depression,i can't even kill myself.,1
depression,i can't even smile anymore,1
depression,"i can't feel. i can't even sleep, eat or drink.",1
depression,i can't get away from the feeling.,1
depression,"i can't relate to people, only to fictional characters",1
depression,i can't sleep,1
depression,i can't wait to kill myself,1
depression,i cannot stand it anymore.,1
depression,i cant believe this happened to me,1
depression,i cant even post anything in this group anymore,1
depression,i cant see a future for myself,1
depression,i can’t believe my body is still functioning cos i’m just so lifeless,1
depression,i can’t function anymore.,1
depression,i can’t stop crying,1
depression,i cleaned my house,1
depression,i constantly feel like i want to go home.,1
depression,i could have had the best life but my mind works against me,1
depression,i cry everyday,1
depression,i deserve this,1
depression,i deserve to die. that's it.,1
depression,i did a mistake,1
depression,i don't deserve what happened to me!,1
depression,i don't enjoy anything anymore,1
depression,i don't even know what to do anymore,1
depression,i don't know anymore what reality is and what not,1
depression,i don't know if i care anymore and it's starting to disturb me,1
depression,i don't know if it's better to be a disappointment and wasted potential because i tried and failed miserably or because i just gave up,1
depression,"i don't know if this could help, but it might.",1
depression,i don't know what to do,1
depression,i don't know what to do anymore,1
depression,i don't know who needs to hear this but drag your ass out of the house and breathe for one minute.,1
depression,i don't think i can beat my latest breakup.,1
depression,"i don't think i'm an alcoholic, i just drink ... anyone else?",1
depression,i don't think i'm good enough.,1
depression,i don't think this world is for me,1
depression,i don't understand why i can't just be happy about my life.,1
depression,i don't wanna kill myself but i wish a car just hit me.,1
depression,"i don't want to die, but i can't find a reason for my life.",1
depression,"i don't want to go to sleep, but i also don't want to be awake.",1
depression,"i don't want to kill myself, i just want to not exist.",1
depression,i don't want to live anymore,1
depression,i dont,1
depression,i dont care if committing suicide is “selfish” i just want peace and if dying is the only way to get that then oh well,1
depression,i dont care if suicide is considered “selfish” its my life and im tired of suffering every damn day,1
depression,i dont know how to do this,1
depression,i dont know if i have depression but here is what i struggle with,1
depression,i dont know if i have depression but here is what i struggle with:,1
depression,i dont know if im depressed but this is what i struggle with,1
depression,i dont think i'm good enough,1
depression,i don’t care about any reason to stay,1
depression,i don’t even like video games anymore,1
depression,i don’t feel love anymore,1
depression,i don’t feel so depressed anymore do why is it that i don’t find life enjoyable,1
depression,i don’t have any interests.,1
depression,"i don’t have depression, but i’m sad to the point where something inside of me just doesn’t feel right, what does this mean?",1
depression,i don’t have much time left,1
depression,i don’t know what to do anymore,1
depression,i don’t know why i do this ????,1
depression,"i don’t like humans. never have, never will",1
depression,"i don’t mean to seem cynical but it makes my depression worse when no one comments on my post/it gets no upvotes when i’m talking about my depression, does anyone else feel like that too?",1
depression,i don’t see a reason to continue,1
depression,i don’t wanna write a full story on what i am dealing with but would it be okay to get drunk if i am 16 to see if it helps with anything?,1
depression,i don’t want a job or anything.,1
depression,i don’t want to do this anymore,1
depression,i don’t want to fight it anymore,1
depression,"i don’t want to get better, i want to run away.",1
depression,i eat unhealthy food all the time so i die from heart attack and my parents won't be that sad if i commit suicide.,1
depression,i ended up cutting on my arm,1
depression,i exercised today,1
depression,i feel awful anyone wanna talk to me?,1
depression,i feel completely hopeless,1
depression,i feel hate towards the world which makes me feel depressed,1
depression,i feel invisible to everyone including the sub reddit and hurts like hell,1
depression,i feel like a disappointment and i’d much rather be disregarded than keep on going.,1
depression,i feel like a gross unhealthy handicap,1
depression,i feel like a pile of garbage which everybody avoids,1
depression,i feel like a roach,1
depression,i feel like all my friends hate me and are annoyed by me,1
depression,i feel like etika. what do i do?,1
depression,i feel like every cliché has come swarming down on my life at once. it’s like i’m stuck in the part of a coming of age film where the protagonist is walking through the rain and some sad sia song is playing in the background. but the scene won’t end.,1
depression,i feel like i always had to put twice as much effort as anyone else and still didn't accomplish half as much,1
depression,i feel like i can give everyone advice but can’t take my own,1
depression,i feel like i have been slowly sinking deeper into depression without realizing it until it’s too late.,1
depression,i feel like i missed out in high school: someone please help?,1
depression,i feel like i'm way too emotionally dependent,1
depression,i feel like i've been aliened all my life and after managing to get out of sadness a few years back i feel it's biting through me again,1
depression,i feel like i’m just a waste of oxygen and that i should just not exist. (not suicidal),1
depression,i feel like i’m raku mf my depression,1
depression,i feel no girl will ever love and i cry every day because of it,1
depression,i feel pathetic still being here,1
depression,i feel really suicudla anyone wanna message me?,1
depression,i feel so alone,1
depression,"i feel so alone right now, nobody to talk to about my anxiety and depression with and it sucks",1
depression,"i feel so low, i think about suicide very often. in short - i wanna die, i feel like that for 1 year and 7 months.",1
depression,i feel so proud of myself of exercising,1
depression,i feel suicidal,1
depression,i feel terrible for falling bad,1
depression,"i feel tired but can't sleep , i guess i'm ',fake' tired",1
depression,i feel trapped in my own head and i can’t get out help please,1
depression,i felt good for a few minutes waking from surgery,1
depression,i finally had the motivation to shower and clean my room,1
depression,i finally know how to make new friends as an adult,1
depression,"i genuinely had an okay day, like an actual okay day, up until now",1
depression,i genuinely hate everyone,1
depression,i get horrible stomach aches and i think my depression is causing it. anyone else?,1
depression,i got bullied in school and now i constantly need people to tell me im worth sth or i get depressed. how do i get the confidence to get over that?,1
depression,i got quarantined from work and idk how to cope,1
depression,i got scammed,1
depression,i got yall if u want to talk for a bit,1
depression,i guess they broke up with me.,1
depression,"i had to quarantine for 2 weeks and now i have to go back to normal life, i don’t wanna",1
depression,i hate being a woman and think about it way too much,1
depression,i hate christmas,1
depression,i hate everything modern.,1
depression,i hate how irritability is a symptom of depression,1
depression,i hate how reddit censors us.,1
depression,"i hate it, someone.",1
depression,i hate life,1
depression,i hate love,1
depression,"i hate myself for how ""weird"" i am.",1
depression,"i hate that crying doesn't make me feel better. i'll keep crying for hours, but the emotional pain never alleviates.",1
depression,i hate this,1
depression,i have a face to face assessment with a specialist mental health practitioner. what can i expect? can they keep me in hospital?,1
depression,i have a test coming soon and i've done nothing,1
depression,i have absolutely no support system. everyone just wants me gone.,1
depression,i have autism and had my first serious girlfriend last year. she died suddenly two weeks after we broke up. i started dating again in january and was with a girl for 6 weeks before she ended things but i want her back. should i contact her or leave her be?,1
depression,"i have autism, but even worse i'm ugly",1
depression,"i have come to the realization that i am a terrible worthless son that can’t make his own parents happy, and has to rely on his older sister to get out of any trouble",1
depression,"i have given everything to make my life ok again, but it never will be. i know the date, the location, the method. i know i did everything in my power to prevent this, but i am still ashamed for what this will do to my few friends and family. i am strangely melancholic for a nice life i never had.",1
depression,i have lost all the light in my life,1
depression,i have no friends or family,1
depression,i have no hope anymore,1
depression,i have no hope in life,1
depression,i have rejoined this subreddit after leaving for over a year and thinking i would be okay,1
depression,i have so many options available but i still want to give up. does that make me a bad person?,1
depression,i haven't been happy in years,1
depression,i haven't eaten anything in the last couple of days. can someone please buy me a meal? 😐,1
depression,"i havent been able to do laundry for months, but im finally doing it today!",1
depression,i haven’t brushed my teeth since february 4th,1
depression,i haven’t showered in days and i can’t get out of bed,1
depression,i hoest to got feel like i might die,1
depression,i hope the world explodes,1
depression,i hope this message help,1
depression,i jud need to talk,1
depression,i just don't feel like,1
depression,i just don't want to do this anymore. i have no reason to live and it takes too much effort to find one and i just don't want to. i'm a horrible person and i just wanna die very badly,1
depression,i just miss you so much.,1
depression,"i just need comfort, love, anything",1
depression,i just need someone to give me a hug and tell me everything will be ok,1
depression,i just screamed i hate my fucking life and my neighbor heard me,1
depression,i just want a girl to hold me and tell me it will all be okay. never been in a relationship and want someone to love,1
depression,i just want a good friend,1
depression,i just want a hug and to feel safe,1
depression,i just want a hug.,1
depression,i just want it to end before things can get any worse.,1
depression,i just want somebody to tell me everything is fine,1
depression,i just want someone in my life that i can hug and tell me that everything is going to be alright.,1
depression,i just want to be,1
depression,i just want to be alone(but not really),1
depression,i just want to call out and lay in bed all day,1
depression,i just want to end it before things can get any worse.,1
depression,i just want to get baked and eat my weight in tortilla chips,1
depression,"i just want to give up. i'm hating college, have no social life, am failing all of my major/courses, and just want to give up. what do i do?",1
depression,i just want to rant here.,1
depression,i just want to talk to someone,1
depression,i just wanted to drop a song,1
depression,i just wish i could give my life to someone who actually wants it,1
depression,i keep cancelling,1
depression,i keep hoping that i’ll wake up to a different reality with a different body and a different life.,1
depression,i keep wanting to talk to someone but reminding myself i’m not worth anyone’s time,1
depression,i kinda need someone to talk to if anyone wants to dm me,1
depression,"i know i may not be like the rest you you, but i seem to have lost my sense of purpose",1
depression,i lodged my tax returns today!,1
depression,i logged into instagram after 2 years and wow,1
depression,i look smart when i’m actually really stupid,1
depression,i lost all hope,1
depression,i lost all of my close friends irl and on the internet,1
depression,i lost everything in just a few days,1
depression,i lost my best friend because we fought and i never felt this depressed before help :(,1
depression,i lost my only real friend,1
depression,"i love being alone but i don't want to be lonely, i want to have friends but i seriously hate socializing. i just feel like i'm lost with everything.",1
depression,i love you all,1
depression,i m gonna kill myself,1
depression,"i made a trap song about depression and chronic illnesses,",1
depression,i made the mistake of looking.,1
depression,i miss being a kid,1
depression,i miss life and yet i miss her more.,1
depression,i miss not being born,1
depression,i moved to a city for work and am so god damn lonely,1
depression,i need help,1
depression,i need some help or someone not sure anymore .,1
depression,i need some one to talk to!,1
depression,i need someone to talk to,1
depression,i need to breakup with her,1
depression,i need to hear this )opinions for my mental health),1
depression,i need to just fucking scream so loudly but there is nowhere around to do it,1
depression,"i never knew that depression, or mental illness in general could be caused by a simple head injury. there are stories of football players getting concussions and then hanging themselves the next night. the human brain is very.....weird",1
depression,i no longer know what to do with my life,1
depression,i often feel like i don’t belong.,1
depression,i opened up today and i’m proud.,1
depression,i pooped on my bed and i ate it,1
depression,"i posted here months ago extremely depressed, now i have beautifully changed my life",1
depression,i quit my job on my birthday.,1
depression,"i rather choose to stay pessimistic and depressed over happy and optimistic, that driving me nuts",1
depression,i read nice quote that i thought i’d share,1
depression,i really don't understand why the incessant buzzing of airplanes cant stop. thats extremely abusive to put that much harassment on one person for 6 plus years.,1
depression,i really fucked myself over :/,1
depression,i really need to talk to someone rn.,1
depression,i really wish i had friends or people who cared about me. all of my friends ignore me. i'm tired of it. i think i'll be alone forever.,1
depression,i reported a suicidal kid to our school counselors,1
depression,i screw up everything because my brain is a mess,1
depression,"i see how less people care about me, when i even get ignored in this subreddit",1
depression,i showered for 2+ months straight !:),1
depression,i skyped with one of my favorite artists but screwed up because my brain is a mess.,1
depression,i skyped with yungblud but i screwed up,1
depression,"i sometimes feel like ""the door is always open” or “you’re always welcome” is just code for ""you are worth exactly the bare minimum amount of effort.""",1
depression,i started therapy the other day...,1
depression,"i started thinking back to eighth grade, the last time i felt happy",1
depression,i suck,1
depression,i take everything way too seriously to the point of paralysis of action and motivation. anyone have any advice for this? i just want to have fun and/or relax without needing to drink to relax.,1
depression,i talk to the voices in my head more than actual people.,1
depression,i tell myself i’m okay even though i’m really not.,1
depression,i tested positive for covid this weekend,1
depression,i think a lot about what it would be like for me to get cancer.,1
depression,i think i can safely say that i can count all the people who really care about me on one hand. the fucked up part is that no one on that list is any of my family.,1
depression,i think i'm going to kill myself today...,1
depression,i think i'm having a panic attack,1
depression,i think i’m breaking down- i’m in a depressive episode while having a panic attack that won’t go away.,1
depression,i think i’m dying..,1
depression,i think i’m finally gonna kick my own bucket. probably try to od if there’s an over the counter pill that’s good for that.,1
depression,i think i’m going to off myself today.,1
depression,i think i’m going to offf myself today.,1
depression,i think i’m gonna fucking end this shit,1
depression,i think i’m slipping into a depressed state more and more often. does anyone have any advice?,1
depression,i think my two best friends in the world forgot my birthday,1
depression,"i think not having to exist day to day sounds a lot better than constantly being distraught and exhausted. i am tired, i am sad, i am out of effort.",1
depression,i think people with depression are the world for what it really is and people that don’t have depression see it as fantasy.,1
depression,i think the problem is that life feels like a chore,1
depression,i think this is going to be my last year,1
depression,i think this it,1
depression,"i thought i had friends, but i never did.",1
depression,"i thought i wanted to be alone. i was wrong, and now it's too late",1
depression,i thought y’all could benefit from this video :),1
depression,i took a shower for the first time in five days and cried because i felt proud of myself,1
depression,i took a shower today,1
depression,i took a shower!!!!,1
depression,i trace the cord back to the wall no wonder it was never plugged in at all,1
depression,"i tried seeking help and a main argument for why i shouldn't be sad was ""think about the people that have it much worse than you"" i have no more energy and i'm done",1
depression,i tried to fake a positive covid test to get out of school,1
depression,"i try my hardest to celebrate the smallest achievements, but it’s a struggle when i know i have the capability to do so much better :/",1
depression,"i try to smile every day... but somewhere at the bottom of my heart there is a voice which says, you know what you need so go for it.. don't hesitate mate...🤍",1
depression,i turn 19 this month but i don’t wanna see it,1
depression,"i understand why people donate to streamers but also, is that really such a bad thing lol",1
depression,i used to think my life was important.,1
depression,i wanna dieeeeee omg,1
depression,i wanna euthanize my heartbeat,1
depression,i wanna euthanize my heartbeat : ),1
depression,i wanna kms listening time midnight city,1
depression,i wanna live in a tribe,1
depression,i wanna quit my job @ walmart after only working for 1 day,1
depression,i wanna talk,1
depression,i wanna to shoot myself in the heart,1
depression,i want friends,1
depression,"i want it but i don’t want it, what is it?",1
depression,i want my girlfriend to break up with me,1
depression,i want peace and quiet,1
depression,i want someone to talk to nothing more,1
depression,i want to be dead so fucking bad right now,1
depression,i want to be kidnapped and abused,1
depression,i want to be murdered,1
depression,i want to die but i am afraid what there is after death,1
depression,i want to die lol,1
depression,i want to die really,1
depression,"i want to die, but i could never take my own life.",1
depression,i want to die. i don’t want to die. wtf,1
depression,i want to do a pharmacognetic test for my depression,1
depression,"i want to do something about my life, but can never think of anything.",1
depression,i want to get on antidepressants but i’m absolutely terrified of gaining weight.,1
depression,i want to go back to being numb and gullible. at least i was able to function and get shit done. now that realized how ass my life is and everything around i can get out of this dark cloud.,1
depression,i want to help make a difference because i know how much it hurts,1
depression,i want to kill myself,1
depression,i want to kill myself. i fought wjth my mom ans now she hates me and i hate myself,1
depression,i want to stay but i don't want to be here,1
depression,i want to want stuff.,1
depression,"i wanted to leave this quote here as it really helped me when i was at my most desperate. i leave it in hopes it will help others, and let them know they are not alone.",1
depression,i wanted to share this song with you all. it helps give me a sense of peace when i’m at my worst.,1
depression,i was broken up with this last valentine’s day.,1
depression,i was broken up with this past valentines day.,1
depression,i was doing just fine until everything that could possibly go wrong went wrong within in february.,1
depression,i was hired as a cashier in a grocery store just before covid-19 hit the us. it has left me feeling horribly depressed and suicidal.,1
depression,i was just crying in the shower for over 3 hours. it only felt like minutes.,1
depression,"i was just told by my boss that he was told i ""looked unhappy"" with my work and it's causing me to sprial.",1
depression,i was prescribed 150mg daily of sulpiride for anxiety and depression. what should i know about it?,1
depression,i washed my face today.,1
depression,i washed my hair for the first time in two months,1
depression,i wasted the first six months of the year again,1
depression,"i watch streams to distract me, but when they turn off i'm left alone",1
depression,i wear the same clothes every day,1
depression,i will eventually destroy everything good in my life,1
depression,i will gladly do a phone call for anyone who needs it please reach out to me,1
depression,i wish god would let me die in my sleep,1
depression,i wish i can just stop existing,1
depression,i wish i didn't feel this way.,1
depression,i wish i had never been born!,1
depression,i wish i had the courage to disappear forever,1
depression,i wish i hadn't turned into this bitter person :'(,1
depression,i wish i was single,1
depression,i wish i was someone else.,1
depression,i wish i wasn’t born,1
depression,i wish i were straight,1
depression,i wish i would die in an accident,1
depression,i wish that me and my entire family could get the coronavirus and die so i wouldn't have to kill myself and nobody would be sad,1
depression,i wnat to die,1
depression,i woke up at 6 pm.,1
depression,i wonder what,1
depression,i would like to help as much people as i can dealing with depression.,1
depression,i wrote a poem about how people have to lie to feel accepted and i want opinions,1
depression,i wrote a song.,1
depression,"i'd like to think that in a parallel universe, i'm a vocalist in a famous rock band where i also do the guitar and piano and drums much like bredon urie and the people closest to me knows that im also a great cook :)",1
depression,i'm (23) going to die in a month. what are tye things i should do in this last month?,1
depression,i'm 15 and i have no ambitions or desires for my future and i have always been like this,1
depression,"i'm 27 years old, laying in bed and crying because i didn't get to talk to some old internet friends today. my life is pathetic.",1
depression,i'm a complete fool,1
depression,i'm a failure.,1
depression,i'm a hollow shell... just a living witness of the emptiness within myself,1
depression,i'm alone in this dark place for the next few years and i'm fucked,1
depression,i'm always the most depressed in the summer. anyone else?,1
depression,i'm an american hikikomori/(neet),1
depression,i'm an idiot running in circles forever,1
depression,"i'm autistic, just had a major anger attack and i feel sad. wish i could talk to a stranger, but really deep. i am not an avarage thinker, i think deeper. so if anyone could please maybe want to talk or something id appreciate it rn",1
depression,i'm bored and wanna talk to someone,1
depression,i'm depress- zoloft! i still feel depr- xanax!,1
depression,i'm depressed,1
depression,i'm depressed because i have 6 points of negative karma,1
depression,i'm done trying so hard for nothing,1
depression,"i'm feeling bad, man.",1
depression,i'm finally going to share my story as i feel the end draws near,1
depression,i'm going through some kind of depression that makes me think that every one i know and love will die and i'll be left alone. how can i get through this? (i'm only 13 and i couldn't post on other subreddits and this subreddit was recommended to me),1
depression,i'm hanging by a thread,1
depression,"i'm just lesser than everyone else, and i'm treated like it.",1
depression,i'm just lonely.,1
depression,i'm just not really inside anymore,1
depression,"i'm leaving it to you, reddit",1
depression,i'm litteraly getting triggered by anything and everyone because i'm mostly jealous ... it's so pathetic i know.,1
depression,i'm lonely and want to be taken care of,1
depression,i'm never going to over my breakup.,1
depression,"i'm no where near as okay as i thought i was, not handling rejection well",1
depression,i'm not going to recover from this one. i can't show my face again,1
depression,"i'm not saying this is going to help, but just watch this video",1
depression,i'm not sure if i'm being shadowbanned,1
depression,"i'm not sure what i'm doing at 26 ""depressed rant""",1
depression,"i'm not trying to ""better myself"" anymore. my only goal is to not hate life.",1
depression,i'm ready to die. i can only be happy when i'm high or drunk. aside from that my life is a void of sadness and existentialial dread.,1
depression,i'm sad and tired.,1
depression,i'm sad boyos,1
depression,"i'm sad, angry and confused. i want my happiness back.",1
depression,i'm scared of almost everything,1
depression,i'm so depressed from social media.,1
depression,i'm so fucking sorry for everything,1
depression,i'm so jealous and depressed because i'm not attractive,1
depression,i'm so jealous of people who only struggle for a year or two and can fix it with lifestyle changes,1
depression,i'm so low that the highlight of my day/week was buying a new toothpaste,1
depression,i'm so worthless that no guy would even want to rape me.,1
depression,"i'm still waiting for someone to do ""ah yes, me,my boyfriend and his 500 paund heavy depression.""",1
depression,"i'm still waiting someone to do ""ah yes, me, my boyfriend and his 500 pound heavy depression."" meme",1
depression,i'm stuck in my life.,1
depression,i'm such a fucking loser,1
depression,i'm tired of feeling like a shit and being depressed everyday,1
depression,i'm tired of my friends,1
depression,"i'm tired to live in a world that praises stupid imaginary things. science, religion, mass culture, now lgbt. everything that's popular or trendy is a fictional belief. i'm the only one who understands that everything, from newton's laws to god to homosexuality, is not real. i'm lonely and hated on.",1
depression,i'm trash but i'll try to woo you with my.. ability to breathe.,1
depression,"i'm trying to improve but i can't even bring myself to get out of bed, not even to do the things i want to do.",1
depression,i've always experienced minor tremors sometimes when i'm extremely depressed or anxious. is this a normal thing? or am i crazy?,1
depression,"i've always experienced minor tremors when i'm extremely depressed or anxious, even when i was young. is this a normal thing or am i crazy?",1
depression,"i've been a relapsing addict to porn, alcohol and drugs for several years. this quote just changed everything for me, hope it can do the same for you too!",1
depression,i've been depressed lately so i'm going to post photos to cheer myself up!,1
depression,i've been in love with my best friends sister for six years and i'm really struggling with my feelings.,1
depression,i've been so happy today - literally just smiling to myself and dancing around,1
depression,"i've looked for help here and i now want to help, if you're depressed or anxious please dm me. we're all gona make it anon, but sometimes we just need a little bit of help.",1
depression,i've lost all hope and strength at 18,1
depression,i've made this little video to remind you something you forgot,1
depression,i've never been able to effectively,1
depression,idk if i feel so fucked up because i'm going through withdrawal but this is hell,1
depression,idk what to call this,1
depression,idk what to do anymore,1
depression,idk what to do with my life anymore,1
depression,"idk what to title this, im kinda just sharing my situation and asking for advice",1
depression,idrfk ~.~,1
depression,"ie anyone else just living very unhealthy, hoping they will eventually die from a heart attack or something?",1
depression,if anyone ever needs to talk i'm here for y'all,1
depression,if anyone knows how to kill yourself easily message me,1
depression,if anyone needs to talk please please message me!! i will gladly do a phone call if that would help anyone! i care so much about all of you❤️,1
depression,"if anyone needs to talk, shoot me a pm.",1
depression,"if anyone wants to talk about stuff or vent, i'm here and will try to help in any way possible.",1
depression,"if anyone wants to talk, pm me",1
depression,if i close my eyes hard enough i might disappear...,1
depression,if i could guarantee that it would hurt anyone,1
depression,"if i don't end up killing myself, loneliness sure fucking will.",1
depression,"if i don’t die soon, i’ll have to take matters into my own hands, universe.",1
depression,"if i go to therapy, is it okay to talk about my sexual thoughts?",1
depression,"if i had the solution to your pain, would you listen to a stranger?",1
depression,"if i'm only capable of feeling good/happy for short periods of time, how am i supposed to make it through life?",1
depression,if nothings working...,1
depression,if people actually cared about the things they say they care about we could solve half the worlds problems tomorrow so why tf am i the mad one for being depressed that we don't!?,1
depression,"if the us government ends quarantine and i have to go back to work, i don't think i want live anymore. i'm tired of this shit, im tired of pretending to be happy and keep working for a ""better future.""",1
depression,if you are a new community to talk to please help me grow this one.,1
depression,if you are afraid to call a suicide hotline please message me and i will gladly speak on the phone with you for a few minutes!!,1
depression,if you are afraid to call a suicide hotline please message me i will gladly do a phone call with you ❤️,1
depression,if you are afraid to call a suicide hotline please message me! i will gladly do a phone call with you! ❤️,1
depression,if you are feeling suicidal and need to talk please feel free to reach out to me i will gladly speak to you over the phone if you need it ❤️,1
depression,if you are posting on here that you are suicidal then you are still alive and there is still hope.,1
depression,if you are scared to call a suicide hotline please message me and i will gladly speak on the phone with you! i care about all of you!,1
depression,"if you don't have anyone to talk with, send me a message",1
depression,"if you don't learn how to socialize in high school, it becomes extremely difficult to make friends as an adult, which causes depression, which makes socializing even more difficult...",1
depression,if you ever feel suicidal.....,1
depression,"if you feel alone, and would like to talk with someone, feel free to message me.",1
depression,if you had 1 wish what would it be?,1
depression,"if you had endless amounts of money and time, what would your plan be to conquer depression?",1
depression,"if you had the chance to kill yourself without hurting anyone, would you do it?",1
depression,if you need a friend❤️,1
depression,"if you need cheering up, watch this :)",1
depression,if you need someone to talk to,1
depression,if you need someone to talk to please please reach out to me!! i can even speak on the phone for a few minutes if it would help anyone❤️❤️❤️ my heart goes out to all of you.,1
depression,if you want someone to talk to,1
depression,if you're depressed read this (might not work for all),1
depression,"if you're looking for someone to talk to, i'm here to lend an ear :)",1
depression,"if you've done fuck all to better your life during this lockdown and you know it, clap your hands.",1
depression,"if your are on r/depression, it's part of your problem, not the solution",1
depression,"if your happiness depends on someone or something happening, you're setting yourself up for suffering. nothing is guaranteed, so let go of your ""if onlys"" and build your happiness in the here and now",1
depression,"if your life suppose to be shit,then what's the point of living?",1
depression,"if you’re having a bad day, watch this - trust me!",1
depression,ii,1
depression,iiii,1
depression,im a lonely failure.,1
depression,im a loser,1
depression,im always scared to sleep because i feel as if sleeping is to quick and i wish i could just sleep forever,1
depression,im comitting suicide on my birthday,1
depression,im curious about others who are deep in depression,1
depression,"im failing all my classes, im stuck",1
depression,im feeling like i want to just give up,1
depression,im just using this as an ex bc my reddit jas been broken will delete lol,1
depression,im not sure if this is allowed,1
depression,"im resigning from this sub, i found a real friend",1
depression,im sorry for being me,1
depression,im the villian in my own story....,1
depression,"im tired of feeling like a piece of shit all the time. im tired of feeling worthless, depressed and suicidal all the time. i really think like its time for me to go",1
depression,im tired. im done. i cant stand it all,1
depression,imagine being good enough,1
depression,in death we are all the same. sadly it's the one of the few things that actually make me smile and feel contempt of my situation.,1
depression,incase you feel depressed and driven frome nergy you might have parasite go get yourself checked,1
depression,incest chatting. feel guilty. need advice.,1
depression,individuality is the new conformity,1
depression,inevitable pain / sadness for the rest of my life.,1
depression,inm depressed as fuck,1
depression,insecure &amp; breakups,1
depression,inspirational quote 2020,1
depression,is anybody else completely baffled by their inability to make significant friendships despite a good will?,1
depression,is anybody else here experiencing anhedonia?,1
depression,is anybody else tired of not having a win ?,1
depression,is anyone around to pm? posts seem to get lost here,1
depression,is anyone down to talk,1
depression,is anyone else,1
depression,is anyone else chronically jobless (and extremely unmotivated as a result)?,1
depression,is anyone else completely unable to laugh,1
depression,is anyone else constantly tired?,1
depression,is anyone else depressed because they can’t find a significant other?,1
depression,is anyone else disillusioned with life?,1
depression,is anyone else experiencing any of these thoughts because of the lockdown?,1
depression,is anyone else freaked out by how fast this year has passed,1
depression,is anyone else genuinely surprised when anyone does anything remotely nice for them?,1
depression,is anyone else having any of these thoughts because of the lockdown?,1
depression,is anyone else jealous of people who only struggle for a year or two and can fix it with lifestyle changes?,1
depression,is anyone else just completely and utterly bored of the same food?,1
depression,is anyone else just waiting around hoping for things to change?,1
depression,is anyone else planning to kill themself once their parents pass away?,1
depression,is anyone else’s bedroom just empty?,1
depression,is anyone here mid 30s an older?,1
depression,is anyone on here a therapist pls message me :(,1
depression,"is constantly perseverating about the past a symptom of depression, adhd or both?",1
depression,is it immature that i cant handle social media?,1
depression,is it normal that making videos criticizing weird people helps me feel better?,1
depression,is it normal to not be able to feel orgasms anymore while depressed?,1
depression,is it possible gabapentin helped pain in one spot but not in the other?,1
depression,is it possible to be so depressed for so long that you don’t even feel you have it anymore? quote it better if you know what i’m trying to get at,1
depression,is it wrong to be selective about friends?,1
depression,is life still worth it if you can't feel any happiness?,1
depression,is my friend idolising suicide? (16f) she really is depressed but the things she say really concerns me,1
depression,is s*icde selfish? have you ever lost someone?,1
depression,is seeing the world in through an inbuilt vignette filter a symptom of depression?,1
depression,is there a peaceful way to kill yourself?,1
depression,is there any real reason to keep going?,1
depression,is there anybody else who enjoys the feeling of being depressed?,1
depression,is there anyone else who isn't comfortable enough to talk about their mental health issues with their family ?,1
depression,is there anything else i can take with medication besides alcohol to increase the risk of dying,1
depression,is there nobody in this fucking world that i can trust?,1
depression,is there someone out there to talk to?,1
depression,is thinking about embarrassing moments in your life over and over again a sign of depression or nah.,1
depression,"isn't it scary how easy it is to act as if you're fine? it's a sort of ironic situation isn't it? the more you pretend to be fine, the more people don't help because they think you're fine, and the more you hate them for it, and the more you descend into that fog of shit you consistently feel.",1
depression,isn’t is sick what they feel they are entitled to?,1
depression,it gets better: a message you may need to hear,1
depression,it hurts reaching out for help and getting no response,1
depression,it is cold by the fire,1
depression,it just gets worse,1
depression,"it pains my heart, to be cemented at the crossroads between ‘existing every second of my life’ and ‘face those moments that i may survive &amp; maybe cherish’",1
depression,it really sucks when people take advantage of your low self esteem/depression,1
depression,it takes years to build self-esteem n seconds to let someone destroy it.,1
depression,it was a day that left much to be desired but i did not succumb. i hope we can recover some day,1
depression,it will never get better,1
depression,it's a new year and i feel so alone,1
depression,it's all,1
depression,it's like someone is holding you down,1
depression,it's never going to get any better,1
depression,it's okay to cry 😭,1
depression,"its like 3am and i feel like fucking dancing like a crazy person and im crying ,, this isnt even relevant here",1
depression,"it’s 12:06 am making it july 20th, my birthday, the day my favorite singer also killed himself. wish me a happy birthday and send him a prayer, because no one else will.",1
depression,"it’s a tuesday evening, absolutely nothing is bad going on, and i want to die again.",1
depression,it’s been along day with out you my love,1
depression,it’s crappy to go to sleep when you feel a lil fucked,1
depression,"it’s my birthday, yet i feel so empty.",1
depression,"it’s not that i want to die, i just want my life as i know it to end",1
depression,it’s officially my birthday and i don’t even care,1
depression,it’s over,1
depression,it’s pretty weird going through the world being forced to lie to people since your life is too depressing to be socially acceptable to talk about :(,1
depression,ive come to the realisation that i dont have friends.,1
depression,iwtkmbmfafwbs,1
depression,i’d do anything for them to leave me alone,1
depression,i’d love to actually do it.,1
depression,i’d truly like to off my support to you,1
depression,"i’ll be honest, i’m always depressed because i know that i will never get married. i’ve also never had a boyfriend and i’m kinda jealous of those “pretty girls” that can get a boyfriend in one day.",1
depression,i’ll die alone and unhappy but i’ve accepted that.,1
depression,i’ll listen,1
depression,i’ll never be anyone important,1
depression,i’ll never be as beautiful as other women and it really bothers me. i feel like i can’t ever go outside or there’s no point for me to talk to anyone because there’s people that are so much better than me in the world.,1
depression,i’m a timid narcissist,1
depression,i’m back i guess...,1
depression,"i’m behind in school work, covid bought back depression and anxiety i’ve tackled since my sister died. support is there but why don’t i reach out??",1
depression,i’m contemplating ending it. i’ve had a few drinks and can’t see it getting better.,1
depression,i’m depressed and lonely,1
depression,i’m depressed because i feel like no girl wil ever want me because of my genetics disorder,1
depression,i’m done,1
depression,i’m eating so much lately i’m already overweight and full and my stomach hurts and i still want to eat,1
depression,i’m exhausted but i’m procrastinating going to sleep because i don’t want to start another week.,1
depression,i’m fucking up,1
depression,i’m getting too comfortable with depression,1
depression,i’m giving up.,1
depression,i’m hanging myself,1
depression,i’m just not fit for this world,1
depression,i’m just waiting for death but i’m also stressed because i know i’m wasting my life,1
depression,i’m leaving this sub,1
depression,i’m losing,1
depression,i’m not diagnosed as depressed any more. but i still have suicidal thoughts every night.,1
depression,i’m not here to dump my feelings right now but does anyone disassociate in the mirror,1
depression,"i’m not saying i’m suicidal, but if life were a subscription service i’d cancel the auto-renewal",1
depression,i’m not worth it,1
depression,i’m nothing,1
depression,i’m sad af. anyone wanna talk?,1
depression,i’m sad and i have no reason to be sad,1
depression,i’m scared i’ll lose it one day and finally kms only to leave the people who truly cared about me in the same pain i’ve been in for the past few years,1
depression,i’m scared of pushing people away again and it’s eating me alive right now.,1
depression,"i’m sick of this “things get better” bullshit. it doesn’t. it never had and never will. life is pointless. you’re born, you live, you die. pointless.",1
depression,i’m so drained,1
depression,i’m so fucking lonely,1
depression,i’m so suicidal but tomorrow i have a job interview and i can’t mess it up,1
depression,i’m so tired,1
depression,i’m so tired all the time from work and school and it’s all for nothing because i just spend my time being depressed when i’m not doing work,1
depression,"i’m sure i’m not the only one right now, but i feel incredibly alone and i’m not sure how to make friends during covid. the only things that keep me happy are writing and art activities.",1
depression,i’m tired of living.,1
depression,i’m too tired to go on,1
depression,i’m trapped,1
depression,i’m trying to take a break from one of my social friends at the moment do you think this is the right text to do so?,1
depression,i’m ugly loser virgin 18 [m] and it makes me paranoid...,1
depression,i’m useless.,1
depression,i’m very lonely and depressed,1
depression,i’m worthless,1
depression,i’ve always disliked valentine’s day because it was a reminder of being alone every year. but this year it hurts so much more than any other…,1
depression,i’ve felt sad and hopeless when it’s comes to life but never such contempt towards it before. i feel genuine anger aimed solely at life.,1
depression,i’ve got everything and i’m still unhappy,1
depression,"i’ve hated every job i’ve ever had, i don’t want to work for anyone else, and i don’t want to own my own business either",1
depression,i’ve just been made redundant and i don’t know how to reel..,1
depression,"i’ve lost 2 of my closest friends within the past 3 months and honestly i don’t know what to do anymore, i wanna cry but i can’t i wanna pay attention but i can’t i have too much work everything hurts idk what to do",1
depression,i’ve never been good at anything and now i just feel lost,1
depression,i’ve never bought groceries before and i need your help,1
depression,i’ve spiralled hard very quickly and i’m scared,1
depression,i’ve watched this about five times today.,1
depression,jansen,1
depression,jas waters and singh rajput 2 recent suicides of people on the outside many would admire,1
depression,jjh,1
depression,jjn,1
depression,join! 🦋,1
depression,just a rant,1
depression,just about ready to quit i am so unhappy,1
depression,just broke up with my boyfriend,1
depression,just broke up with my meth addicted boyfriend,1
depression,"just cleaned my room, did the dishes, and wrote a paper. i don't feel any better, but hey, i did it. 🙃",1
depression,just cut myself for the first time,1
depression,"just found out that my ""friends"" don't view me as a friend",1
depression,just give me a fucking switch.,1
depression,"just got the best news ever, which is also ultimately the worst news i could have ever received, and i'm now crying my eyes out",1
depression,just had my heart ripped out of my chest and i definitely want to end it all,1
depression,just help me die,1
depression,just need someone to hear this who might actually care,1
depression,just one of those sleepless nights man..,1
depression,just realized i haven’t showered in three weeks,1
depression,"just so you know no one on here actually cares about you. if you fucking killed yourself or not it wouldn't mean shit to them. so don't fucking listen to anyone hear. they don't really know you, they don't really care. 5 minutes after you kill yourself they won't remember your name.",1
depression,just told my family in killing myself and they called me dumb then and said do it,1
depression,just turned my night with one thought horrible. i’m a piece of shit brother,1
depression,just want to sleep all night all day,1
depression,"just wanted to ask, what music help you throughout the depressive period?",1
depression,just wanted to say💕,1
depression,just watched a great ted talk about depression and wanted to share; https://youtu.be/mb5ix-np5fe,1
depression,just when you think you’ve reached rock bottom,1
depression,just your daily reminder to never fall in love,1
depression,k,1
depression,karma has caught up with me,1
depression,karma has caught up with me after being a bad person my whole life,1
depression,keep going. everything you need will come to you at the perfect time.,1
depression,kf fjkb,1
depression,kill me,1
depression,kill yourself,1
depression,"killing yourself is selfish, but staying alive is a punishment.",1
depression,kobe &amp; gigi's death has sent me into a tailspin,1
depression,kratom,1
depression,"ladies,is it crazy to piss on abusers grave and would you do it?",1
depression,laid back discord server for people struggling with poor mental health,1
depression,"last year, my dad was the only one that wish me a happy birthday.",1
depression,least painful way to kill yourself?,1
depression,lessons of the last five months,1
depression,let's take a shower together,1
depression,let’s fucking do this,1
depression,life alone,1
depression,life always finds its way to put me back here.,1
depression,life feels like a game of jump rope that i've fallen out of and don't know how to jump back in.,1
depression,life is a dream,1
depression,life is a shithole. im the shittest at everything in life,1
depression,life is difficult,1
depression,"life is for living, yet i’m not living so why life",1
depression,life is going way better than ever before and yet i am at the lowest point in my life,1
depression,"life is really not that bad, but i'm still sad???",1
depression,life is unfair,1
depression,life you know,1
depression,life's gone to shit,1
depression,"listen to ""love yourz"" by j.cole",1
depression,living alone in quarantine,1
depression,living in a country i dont connect to,1
depression,lockdown transformation,1
depression,lol.....iso friend for 20 min,1
depression,looking for 10 things to avoid saying to a person with depression,1
depression,looking for a fucked up individual like me who wants to chat,1
depression,looking for help from a friend,1
depression,looking for info on euthanasia,1
depression,"looking to meet people, been alone for a while. text if you want (17)",1
depression,looking to understand severe high-functioning depression + suicidal thoughts,1
depression,losing my fucking mind due to no purpose in life,1
depression,"lost my job, can't get a new job, and can't really do fxck all because of some bs charge that was taken out against me.",1
depression,love like strip mobius...,1
depression,maa chudi padi hai,1
depression,maannnnnnnnn im sad mannnnn,1
depression,made some metaphors about how depression feels likr but there isn't even someone not to understand,1
depression,making a big move in my life,1
depression,making youtube videos with my friend to escape reality.,1
depression,man,1
depression,man tf up,1
depression,"man, abandonment is scary huh",1
depression,man. would be nice to receive a text from my friends lol.,1
depression,maybe i should just kill myself,1
depression,me me big sad. argentium pls.,1
depression,me talking about how i recover from periods of depression,1
depression,melancholy,1
depression,men thread only,1
depression,mental illness is not a fashion statement!!!,1
depression,message for those of you who can cry,1
depression,meta,1
depression,moderators are cucks,1
depression,modern society is a plague to humankind.,1
depression,mom thinks that i have the flu,1
depression,money doesn't make me happy,1
depression,most days i can't wait to just go to bed and cry.,1
depression,mr x,1
depression,"my ""friend"" left me..",1
depression,my (43) divorce finally went though today. you're the only people i have to tell,1
depression,"my achievements, my close suicide attempt, and why you shouldn't go through with it.",1
depression,my apologies to the teens on here,1
depression,my best friend killed himself.,1
depression,my best friends are staying round each other’s house over my birthday,1
depression,my best is pathetic,1
depression,"my birthday is coming up and i need to pick out my presents, are there any things i could purchase to help my depression? i’m really going through it right now.",1
depression,"my birthday is in two days, but i don’t really care at this point.",1
depression,my birthday with the family.,1
depression,my boyfriend just left me because i don't want to live anymore,1
depression,my brain is actively devaluing itself.,1
depression,"my breakup, the abortion that followed, being forced to move has left me feeling numb and empty.",1
depression,my brother,1
depression,"my cat died, pokimane didnt say my name after a 1000$ donation and then my family and i died in a car crash, can this get 20,000 updoots an f and reddit gold?",1
depression,"my childhood friends birthday was yesterday,yet i didn’t say nothing because i was hesitant",1
depression,"my country is terrible, animal cruelty is not protected by law. i have a cat and a dog, and every time i see this kind of news i want to drink and get depressed, i can't imagine what my babies will be like in the future...",1
depression,"my current depression knot is gone, hard to figure out how to deal with it. photo below.",1
depression,my dog was excited to see everyone in my family except for me today...i don’t know why or how but that was one of the most painful experiences ever.,1
depression,"my entire personality is being mean, sad, and jealous",1
depression,my family is draining and i'm thinking of going no contact when i get a high enough paying job to move tf out and away,1
depression,"my father was taken away by pneumonia, sepsis and covid. i dont want to be alive and am failing uni but uni is not allowing me to stop and i dont want to either, i cant stop crying and blame my self",1
depression,my final vent,1
depression,my friend,1
depression,my friend was not as sympathetic as i thought she was,1
depression,"my friends birthday was yesterday,yet i didn’t say nothing",1
depression,my friends can't hear me asking for help and instead talk over me about themselves.,1
depression,my friends don’t care about me any more,1
depression,my friends hate me,1
depression,my girlfriend left me,1
depression,my girlfriend of 2 years left me because of my depression.,1
depression,my girlfriend of 6 months broke up with me. i just want someone to talk to,1
depression,my girlfriend of two years left me,1
depression,"my health condition flared-up. there is no resolution, just pain management. i am running out of patience.",1
depression,my life plan,1
depression,"my life would be so much better if i never had a phone, i’d actually have to live",1
depression,"my mom buys me snacks out of pity, but won’t hear me out when i try to confront her?",1
depression,"my mom buys me snacks several times a day, but won’t hear me out when i try to confront her?",1
depression,my mom died before 2 hours ago,1
depression,my mom thinks it’s so easy to do things. (venting/need help),1
depression,my mother let my step dad watch me and spank me knowing he was bipolar and suicidal should i be mad at her?,1
depression,my mum is making me confused,1
depression,"my names kevin, im way too young for this but i might just go tonight",1
depression,my pathetic existence,1
depression,my psychology,1
depression,my realization.,1
depression,"my so called ""friends"" are a fucking joke",1
depression,my story,1
depression,my story. if anyone even cares.,1
depression,"my wife spilled all our fucking chili on the floor and every one on reddt thinks i am a internet troll,, don’t even know what to do anymore",1
depression,my “friends” completely ditched me,1
depression,name a few movies for a depressed person,1
depression,need help,1
depression,need online friend,1
depression,need to hold on,1
depression,never gets better always get worse,1
depression,never give up goddammit!,1
depression,new year’s eve,1
depression,niche thing that made me sad recently,1
depression,nihilism,1
depression,nn,1
depression,no friends rant,1
depression,"no matter how many times i assure myself that life is essentially a joke so don't even care about it, don't take shit seriously at all it just doesn't work out quite frankly, at the end of the day i start feeling very depressed again, depression doesn't care about what i think at all. it's just here",1
depression,"no matter how many times i assure myself that life is essentially a joke so don't even care about it, don't take shit seriously at all it just doesn't work out quite frankly.",1
depression,no matter how much love someone shows me i don’t feel loved and only paranoid and panicked,1
depression,"no matter how old i get or where my life goes, my dad having a drunken episode feels like it sets me back to the start.",1
depression,"no motivation to leave the house, get dressed, shower or change my clothes",1
depression,no one cares about me,1
depression,no one cares and everyone for unknown reason wants to make my life harder.,1
depression,no one cares. so why can't i kill myself?,1
depression,no one gives a fuck about anyone else,1
depression,"no one is coming to help me no one cares about me, it’s all up to me and i just don’t have the energy to do anything",1
depression,no one is here to listen but you to yourself,1
depression,no one reaches out,1
depression,no one talks to me,1
depression,"no one to live for, and definitely not living for myself",1
depression,no one to put as personal reference on a job application,1
depression,no one wanted to be my friend in high school what was the problem?,1
depression,"no ones notice when you needs it, uh?",1
depression,no puedo dejar de llorar,1
depression,no room for improvement.,1
depression,no talents or hobbies,1
depression,nobody cares,1
depression,nobody fucking cares :),1
depression,nobody jokes about committing suicide,1
depression,nobody wants me,1
depression,nobody’s first choice,1
depression,none of my friends remembered my birthday,1
depression,not everyone has someone that cares about them!,1
depression,"not ghosted fully, but with periods",1
depression,not happy birthday,1
depression,not motivated enough to do anything but motivated enough to feel bad about it.,1
depression,not really depression related since i do not think i'm depressed but i hate it when parents say '' we gave you everything '',1
depression,not so happy,1
depression,"not sure if i just cried, got frightened, or had a mental breakdown",1
depression,not sure if i should take time off from college,1
depression,nothing is enjoyable anymore and i can't distract myself from my (negative) thoughts,1
depression,nothing is simple and little is true,1
depression,nothing left,1
depression,nothing sucks more than getting job rejection on your birthday,1
depression,nothingness with a drop of anxiety,1
depression,nothings fun anymore,1
depression,offer to talk,1
depression,oh ffs. can i please not wake up tomorrow. whoever runs this world just let me off in sleep,1
depression,ok,1
depression,on the right medication.,1
depression,one year ago i deleted my old account due to depression and for the first time debating suicide,1
depression,only one friend and they would rather hang out with others instead of you ?,1
depression,"overwhelming positivity, constant quotes of affirmation, and forcing them to try and be happy isn't you being supportive. it's you invalidating their feelings and just wanting to get rid of the depression asap and i think this is a real issue for people who are suffering..",1
depression,"partially lost everyone i cared about, no job, no future. already tried dying various times.",1
depression,pathetic person,1
depression,penis,1
depression,people always say moving away won’t solve your problems but it would literally solve everyone of them,1
depression,people always treated me as a joke,1
depression,people are responsible for their own happiness and no one should should feel required to stick around for the sake of anyone else’s happiness,1
depression,"people don't actually want you to cry, they wanna offer the invitation for you to do so as a way to stroke their own egos, but the minute you do so you're ignored, silently judge, and mocked.",1
depression,people have boyfriends and girlfriends? that’s a joke right or when i was thinking i should think that every females married i was right,1
depression,people i used to work with have unfriended me and i don’t know why.,1
depression,people need to stop giving people wholesome rewards here,1
depression,"people tell me i’m wrong for thinking this way. am i just a bad person? i never did anything, i just believe this and i can’t understand any other way of thinking.",1
depression,people who assume you arent depressed anymore or at all because you laughed or smiled at some point recently make me feel worse.,1
depression,"people who have contacted the suicide prevention hotline, how’d that go for you?",1
depression,"people who thought or are thinking about suicide, what’s the rudest, insensitive things, people told you ( when you mention your suicide thoughts) ?",1
depression,people will only listen when it’s too late,1
depression,people with depression because lack of energy has coffee somewhat made you more motivated to be able to do things? i want to know,1
depression,pepehands,1
depression,perfect for a bad day depending on who you are :),1
depression,please,1
depression,"please answer: if therapy or medicine no longer works, what do doctors prescribe or do to get rid of depression?",1
depression,please can someone tell me how to kill myself quickly and painlessly? google is no help,1
depression,please help. does anyone else's brain feel like it physically burns or tingles?,1
depression,please interact with this if i'm not banned,1
depression,please just let me post thus is the only thing i have!!,1
depression,please read. you’re loved.,1
depression,please someone say something to me,1
depression,please tell me to get up and shower?,1
depression,pls,1
depression,pm me if you wanna discuss plans to make sure they work,1
depression,positive messages,1
depression,post your tits and save lives,1
depression,"probably nobody will see this, but i feel so suicidal. i'm not well",1
depression,problem with my own oaks,1
depression,progress?,1
depression,proud of you for still being here.,1
depression,ptsd induced,1
depression,"pushed to the edge. lost everything, is life even with it. goodbye",1
depression,quarantine birthday blues,1
depression,question.,1
depression,raise your hand if it’s your birthday,1
depression,raise your hand if you bribe yourself with treats into doing normal tasks,1
depression,reach out they said...,1
depression,reading this sub made me realize i'm done with being this way.,1
depression,really struggling and feel so lost right now...,1
depression,reddit helps me get mind off things sry 4 the spam,1
depression,reddit i desperately need your help,1
depression,reddit is starting to make me feel so much worse..,1
depression,reddit just makes me feel worse.,1
depression,reddit makes me feel worse,1
depression,reddit's a cesspool but maybe the people on other subs are right,1
depression,relaxed community for people who are struggling with their mental health,1
depression,remembering that someday i will die makes me tear up from happiness sometimes,1
depression,reposted but felt like it should be,1
depression,rim,1
depression,rk’s survival guide for the 2020s,1
depression,"rocky relationship, broke up twice. now feeling empty inside",1
depression,sad and need a friend,1
depression,se,1
depression,seasonal depression and feeling trapt in lockdown.,1
depression,secrets,1
depression,seeking a deeper meaning to my shallow misery,1
depression,seeking advice on post-ssri tapering,1
depression,semester 1 of school is over and i failed all of my classes i feel like a huge disappointment to my parents it’s honestly to just die.,1
depression,send me message if you wanna talk to someone...,1
depression,"seniors who are depressed, how are you also holding up?",1
depression,"she was just another broken doll, dreaming of a boy with glue",1
depression,she was ment to be the one,1
depression,shit birthday,1
depression,should i be concerned for my friend?,1
depression,"should i consider ect treatment, and if so how does one recieve it? i have been depressed for over a decade now despite meds and therapy and i just don't know what else to do.",1
depression,should i die?,1
depression,should i publicize my suicide?,1
depression,should i publicize my suicide??,1
depression,should i seek for help,1
depression,"should've died 9 years ago, now suffering karma",1
depression,showering question,1
depression,showers are so hard,1
depression,small rant,1
depression,small tip for everyone,1
depression,smile you emo fuckers!,1
depression,so close (a bad poem),1
depression,so damn tired all the time,1
depression,so done,1
depression,so fucking tired of existing,1
depression,so i guess this doesn’t really fit it kinda does but my depression is slowly fading away i got my best friend back i got a girlfriend and i’ve got this whole community so thank you everyone,1
depression,so i was browsing this sub and now i think i have bipolar disorder,1
depression,so i went ahead with it.,1
depression,"so living alone, working nights and having no social life may actually be good for my health?",1
depression,so lost out there...,1
depression,so very tired,1
depression,social media exists to outrage and fuel discord.,1
depression,social media is affecting my mental health,1
depression,social media is dumpster fire. 90% of the people i’m in the military with are ignorant racists. it’s hard not to walk away from everything.,1
depression,society depresses me,1
depression,society wants me to act like i'm fine but its getting harder and harder to pretend that i'm okay,1
depression,some,1
depression,someone just dm'd me to kms,1
depression,someone please discord call me rob1222222#9940,1
depression,"someone please tell me a reason to keep fighting. i can’t seem to find one on my own, and i’m so very tired.",1
depression,someone to talk to.,1
depression,something broke in my mind yesterday. im almost done.,1
depression,sometimes i feel like my life is following the plot of a shitty wattpat fanfic,1
depression,sometimes i read the posts on here and think “i’d switch with you in a heartbeat”,1
depression,"sometimes i think about my old days, especially in primary school when i was just a kid, thinking about meeting my whole classroom mates, actually i imagine being with em in the lesson and they all just kids and 23 year old me, a ghost from the future looking at them, a hologram thing.",1
depression,"sometimes when i look at myself i see no purpose in my existence, like i hold no significance in my own life or another. if i were to cease to exist at this very moment it wouldn't change a single thing around me. i leave no impact alive or dead. i wouldn't even be worth a memory.",1
depression,"sometimes when i'm on way home, i really wish there is no one in so that i could cry loudly.",1
depression,songs to contemplate your life to. (my spotify playlist : atmospheric / existential / melancholic / slow),1
depression,songs to listen to when your depressed,1
depression,sorrt.just really need to vent.,1
depression,spent my birthday being called ugly by my grandfather.,1
depression,spiritual enlightenment,1
depression,"starting my new job in 3 hours, running on zero sleep",1
depression,stomach twich when having a negative thought,1
depression,stomach twitches when having a negative thought (&amp; physical pain),1
depression,stop reading and writing posts on this subreddit,1
depression,"stop trusting, start hating",1
depression,streamer (destiny) nails depression (12min). best description i've ever heard,1
depression,struggling day-by-day.,1
depression,stuck in a 3-week long quarantine without any safe ways to cope/nobody i can talk to,1
depression,stuck stuck,1
depression,sucide,1
depression,sugar to numb the pain,1
depression,suicide,1
depression,"suicide hotline: ""we are not counselors"" then hanged up on me.",1
depression,suicide is always an option,1
depression,suicide is just an act. man dies long before.,1
depression,"suicide is treated like selfish act, but forcing someone to suffer just cause you dont wanna lose them is even more selfish.",1
depression,suicide time,1
depression,sup,1
depression,support groups to help depression,1
depression,t,1
depression,taking two antidepressants?,1
depression,talk to me,1
depression,"talk to me about anything would like to help, take all off your chest dm me :)",1
depression,talking &amp; vibing!❤🧡💛💚💙💜💖,1
depression,telling the most important person how you feel and them just not getting it .. really fucking hurts man,1
depression,telling the most important person in your life about how you feel and then not understanding hurts ..,1
depression,test post,1
depression,testing,1
depression,testtest,1
depression,tfw everyone vents to you about their depression but you belittle yourself so much that you can’t say anything,1
depression,tfw only team snapchat wishes you a happy birthday,1
depression,tfw you want to post but feel like nobody will respond and end up deleting it,1
depression,that feeling of loneliness when you find out your only best friend on snapchat is your drug dealer,1
depression,the best way to describe the excruciating hopelessness that comes with depression is “the thing i need to make me truly happy doesn’t even exist”,1
depression,"the best way to make it through with hearts and wrists intact is to realise that two out of three ain't bad. even if your baby steps are more like shuffles, at least you're moving. keep safe tonight, everyone - there are people out there who care about you.",1
depression,"the burden of caring, guilt, social ineptitude, and other various rant topics",1
depression,the day you plant the seed is not the day you eat the fruit,1
depression,the idea of working for the rest of my life makes it all seem so pointless,1
depression,the innocent one,1
depression,the joke,1
depression,the love of my life is gone and i may not have my own apartment after all.,1
depression,the only person left doesn’t care,1
depression,the only problem with being faster than light is you live in darkness -everybody that posts on this sub,1
depression,the pain runs deep,1
depression,the shadows (a short story about depression),1
depression,the stagnation and repepetivness is getting to me again.,1
depression,the story of darkness - short story,1
depression,the story of my life,1
depression,the tiktok beauty filter made me so depressed,1
depression,the urge to kill myself is very strong yet i still can't do it,1
depression,the vicious cycle of not being able to go back to sleep cause you started overthinking and now you're tired the rest of the day 🙂,1
depression,the voice that helps me get through is gone again,1
depression,the volume of the screaming inside me exceeds the ability of how loud i'm physically able to scream,1
depression,the way i can smile in peoples faces,1
depression,the world feels unsafe,1
depression,the worthless piece of shit is back,1
depression,the worthless shit is back (aka me),1
depression,there's no meaning to life anymore,1
depression,there's no way i'm coming back from what happened today.,1
depression,theres never an easy day is there? i'd do almost anything to not wake up and feel like this everyday.,1
depression,there’s no hope.,1
depression,"there’s no point, i give up",1
depression,they cant have the memories,1
depression,they don’t care if i’m okay they just want to feel good about themselves,1
depression,things got better and now everything suddenly got really much worse.,1
depression,things you wish your family and friends know about what it's like to have depression,1
depression,thinking of leaving my job because of anxiety attacks and is affecting my mental health. i really don’t any close friends and my colleagues just fake smile at me. i feel drained (m24),1
depression,this is kina my last hope,1
depression,this is my notes,1
depression,this isn't worth it,1
depression,this morning i was feeling how death would be. i want end things. please say me a kind word,1
depression,"this planet is fucked, the system is fucked, and i can't handle it.",1
depression,this post have been delete,1
depression,this post is a burden: do not open,1
depression,this post is not about me,1
depression,this song makes me happy,1
depression,this video might help you a little bit,1
depression,"this year, i will finally tackle my depresssion.",1
depression,"those struggling with depression but refuse to apply for state disability benefits, why",1
depression,those who have quit high paying job to go on welfare due to depression?,1
depression,thought i recovered completely!!,1
depression,"three weeks ago i decided to run an experiment and cut out smoking weed everyday, drinking, alcohol, and caffeine",1
depression,"through this most powerful law, your thoughts become things in your life.",1
depression,til i need 30 karma points to post on forever alone,1
depression,tips for helping a suicidal online friend?,1
depression,tips on practicing more gratitude in day to day life?,1
depression,tips to beat depression and/or anxiety,1
depression,to everyone,1
depression,"to everyone else who can't sleep because your brain won't let you and you're just left to wonder what the fucking point of it all is, just know you're not alone tonight.",1
depression,"to everyone out there, if you are going through depression or anxiety and any of those shit, please know this that you are not alone. dm me if you want to talk. my replies might be late but i will reply. again, you are not alone. just want to say that.",1
depression,to me: don’t fall apart just yet. i need you to keep it together just a little longer.,1
depression,to medicate or not? (anti-anxiety/anti-depressants) 📷,1
depression,"to those struggling with depression, does it cause you orgasm anhedonia (no pleasure/feeling in orgasms)?",1
depression,today has been a rough day,1
depression,today i cut off a bunch of my hair and cried with regret,1
depression,today i had a cry in the showe,1
depression,"today i'm really feeling the song ""i don't wanna be me"" by type o negative",1
depression,"today is finally the day i’ll end it all. i feel a huge relief and euphoric. i wrote letters to my mom, dad and my so. i know the pain they’re going to live with, but i’ve made up my mind. thanks to all of you reddit family.",1
depression,today is my 15th birthday and i’m depressed,1
depression,today is my 21st birthday,1
depression,today is my birthday,1
depression,"today is my birthday, idk what to do?",1
depression,today is my birthday...,1
depression,"today my bf looked at me and said “i’m really glad you’re not depressed anymore babe, that was really scary.”",1
depression,today was my birthday!,1
depression,"today was my birthday, now its late, i am tired and my heart hurts, my breath is heavy and slow and i just want to sleep.",1
depression,today's my birthday,1
depression,tomorrow is my birthday. let's see how many people forget.,1
depression,"tomorrow's my 22nd birthday. my mother always likes to tell me how much pain and effort she had to go through to get me. i'm an ivf baby and i'm her first child, after years of trying. meanwhile she doesn't know i'm crying in my room right now not wanting to live anymore.",1
depression,too depressed to clean up the pile of ants gathering around my half eaten sandwich,1
depression,too depressed to seek help.,1
depression,"too far behind everyone else, why bother trying?",1
depression,"too far behind everyone else, why bother?",1
depression,transgirl w/ crippling depression just looking for someone to relate to in experiences (first responder/military),1
depression,trying to get into writing poetry. rate my poem,1
depression,twst,1
depression,ugggggghhhhhhaaaaaaaaaahhhhhh,1
depression,ugly people honestly should be rounded up and killed,1
depression,uhm. did this subreddit disappear from google results for anyone else ?,1
depression,"unemployed for 2 years, a certified teacher, want to come back to living a full life. advice needed. is there hope for me?",1
depression,universal euthanasia,1
depression,user u/ h1des preys on the vulnerable... a warning,1
depression,using sadness or depression.,1
depression,vent,1
depression,video conferences during corona,1
depression,vvfd,1
depression,waiting for my mom to die so i can end this,1
depression,wall of random text..,1
depression,wanna self isolate for a long time.,1
depression,wasted this entir,1
depression,we are all broken.,1
depression,"we aren't the ones who are mentally ill, it is the ones who aren't depressed that have something wrong with them.",1
depression,we do a little bit of venting,1
depression,we put on a mask each and everyday to only come in solitude and feel nothing but pain. it fucking sucks.,1
depression,"well i just cried my eyes out, helped soothe me a little bit.",1
depression,well shit guess its that time of year again...,1
depression,"welp, mom has covid.",1
depression,what are my chances of falling in love twice?,1
depression,what are the regular thing that people try to tell you when you're depress.,1
depression,what are your opinion about quote that we suffer more in our heads than in reality? yes i did heard about chemical imbalance in our brains that cause depression.,1
depression,what depression looks like for me,1
depression,what do i do if i think about killing my self pretty often?,1
depression,what do you do to get past the guilty feeling that you get when you feel you don’t deserve it when someone does something nice for you?,1
depression,what do you do when its getting bad again?,1
depression,what do you do when nothing feels worth doing?,1
depression,what do you do when you feel crushed and drained that is “productive”?,1
depression,what do you do when you know things will only get worse?,1
depression,what do you do when you want the time to pass but don't want to do anything?,1
depression,what do you do when...,1
depression,what do you guys do most weekends?,1
depression,what do you guys do once the depression starts to settle in?,1
depression,what do you guys do to escape reality,1
depression,what do you think happens in the afterlife?,1
depression,what do you think happens when we die?,1
depression,what drives depressed people to commit suicide? is it guilt loneliness hopelessness or combination of many bad feelings?,1
depression,what even is pleasure,1
depression,what happens if i take a whole pack of 30mg citalopram,1
depression,what have you guys been doing to help? i can’t go thru one day without crying or getting out of bed.,1
depression,what if,1
depression,what if i was a serial killer in my past life and this is my karma.,1
depression,what is everyone bingewatching this morning instead of sleeping?,1
depression,what is something that helped you gain back a part of yourself?,1
depression,what is the least painful way to kill yourself?,1
depression,what is the worst thing about being depressed?,1
depression,what is your best metaphor/description of depression?,1
depression,what physical feelings of depression do you get?,1
depression,what will 1700mg of sertraline and a lot of alcohol do to me,1
depression,what will happen if i take 14 midols?,1
depression,what's even the point anymore,1
depression,what's the point in living anymore anytime i ask anyone no one has a solid answer,1
depression,what’s one thing that would make you happy right now?,1
depression,what’s the easiest most painless way to kill yourself.,1
depression,what’s the kindest/sweetest thing your so has done or said while you were in a depressive state?,1
depression,what’s the least painful way to kys?,1
depression,what’s the longest amount of time you’ve been alone,1
depression,what’s the most depressing meal you’ve ever made? currently eating cookie mix mixed with just water out of a bowl and need to feel better about myself,1
depression,what’s the point where you would check yourself into a clinic?,1
depression,what’s your morning routine?,1
depression,when do you feel the loneliest?,1
depression,"when i have really bad episodes that last several days, i find that the colors i see everywhere seem “dull”... like someone turned down the saturation in my eyesight. has anyone else experienced this?",1
depression,when i look back,1
depression,"when i was younger people used to confront me, but now...",1
depression,"when i'm with friends i'm pretty happy, but as soon as i'm alone i'm fucking pathetic.",1
depression,when sadness turns into anger,1
depression,when someone is mad at me i just want to hurt myself...,1
depression,when will this end ?!,1
depression,"when you have this, it helps",1
depression,when your depression is pushing us away do you actually want us to go away?,1
depression,when your friends say “just be happy”,1
depression,when's the last time you guys felt fully awake?,1
depression,"when’s the last time you showered, brushed your teeth, or washed your face?",1
depression,where can you find carbon monoxide?,1
depression,white suicide is okay,1
depression,who do you talk to when you can’t even talk to the one person you love most...,1
depression,who else gets crushed with miserable thoughts the second they wake up,1
depression,who else has completely given up on trying to date ?,1
depression,who else has no personality? 🙃,1
depression,who else hates work passionately,1
depression,who else keeps going around in the hamster wheel of dating life and failing? i feel like its a bottomless pit...,1
depression,who hates unchangeable circumstances?,1
depression,who needs a friend?,1
depression,who wants to hear about my crappy childhood?,1
depression,"who will fix me now, dive in when im down, save me from myself dont let me drown",1
depression,why am i not enough?,1
depression,why am i such a terrible person,1
depression,why are death and depression such horrible concepts? whats so wrong about stores and easily accessible services that sell pain free death,1
depression,why are therapists so reluctant to handing out anti-depressants to younger people?,1
depression,why aren't u publishing my stories,1
depression,why can't i post on here?,1
depression,why cant i be dead already.,1
depression,why cant i just have fun without crying and going numb? this is bullshit,1
depression,"why depression? why people who have much worse life haven’t had it? there is many people struggling with it, it’s not just me thats life isn’t it? why the fuck im that weak? life fuck everyone up why i’m letting this mf depression fuck me up too?",1
depression,why didnt my post show up,1
depression,why do i feel completely emotionless,1
depression,why do i feel completely emotionless?,1
depression,why do i have the strongest urge to jump out of my car on the freeway,1
depression,why do little things affect my mood so badly?,1
depression,why does it seem like everyone forgets me so easily while i remember them all too well,1
depression,why doesnt anything ever last,1
depression,why have therapy when there’s reddit :),1
depression,why is death and depression such a horrible concept? why aren’t there stores selling pain free death?,1
depression,why is death’s waiting room so difficult? and why do the magazines all suck? why?,1
depression,"why is everyone lucky and doing well, while..",1
depression,why is feeling nothing worse than wanting to kill myself???? i just don't get it,1
depression,why is it that every time i try to be happy life finds a way to tell me i’m not good enough. im ready to just end it all.,1
depression,why is life so hard?,1
depression,why is my brain so fucked,1
depression,why is my first instinct to cut myself when i’m sad,1
depression,why is my mom so fucking retarded,1
depression,why is the internet making me be creative right now,1
depression,why the heck is there no default legal procedure for suicide?,1
depression,why?,1
depression,whys the brightest souls have to leave us? rip my best friend,1
depression,will it ever get actually get better or will my distractions just last longer?,1
depression,will my suicidal thoughts ever stop?,1
depression,will things ever get better?,1
depression,wish lsd were legal,1
depression,woke up extremely depressed today,1
depression,work performance,1
depression,worried about my dad’s depression?,1
depression,would 8 paracetamol tablets be enough to end it or do i need more?,1
depression,would anyone 24+ be willing to talk to me for 5 minutes? i’m not okay,1
depression,would the world look different without me? i don't think so.,1
depression,would you send god to hell or heaven? if you where the judge.,1
depression,writing as an outlet—could benefit brain picking someone with a shared experience with mental illness and interest in writing over a plot? details below.,1
depression,wtf is wrong with me,1
depression,yeah i did some disgusting shit and now i'm fucked,1
depression,yeah right...,1
depression,"years wasted, nothing has changed except that i'm more nihilistic",1
depression,yesterday night i brushed my teeth without even thinking about it,1
depression,"yesterday was fucking weird, but i feel happy for once.",1
depression,you are amazing,1
depression,you can get addicted to a certain kind of sadness.,1
depression,you can't live with depression,1
depression,you ever just feel like offing yourself because life is pure fucking evil and everyone and everything sucks massive dick?,1
depression,you ever just wake up and know...,1
depression,you ever liked someone so much that nobody else is attractive to you?,1
depression,you ever sense another depressive episode coming so you go like,1
depression,you know what? i’m going to message her!,1
depression,you know you’re having an episode when you have a lying down shower,1
depression,"you mean to tell me that there are people who were handed everything in life (money, looks, status, a loving family) who also don't struggle with their mental health on the daily? yet they judge those who have been through hell for feeling battered or being ""behind""? make it make sense.",1
depression,"you mean to tell me that, not only do i have to deal with my brain wanting to end itself everyday, but i have to watch those who don't deal with this succeed all because they have a brain that lets them?",1
depression,you're not alone,1
depression,youtuber addressing the cycle of increasing lonliness in his life. he touches on some good points.,1
depression,you’ve survived every single one of your bad days and i’m proud of you,1
depression,y’ever just cry about how lonely you are,1
depression,“man up” is outdated and cancelled.,1
depression,“nothing makes me sadder than my head.” i’ve been using music to cope for a long time. what songs do you relate to the most?,1
depression,“the door is always open” or “you’re always welcome” is just another way of telling someone with chronic depression they’re worth minimal effort.,1
depression,“why aren’t you looking for a girlfriend?”,1
depression,🎵🎶gotta get out of here before i lose my mind 🎶🎵,1
depression,🏅 ^(1 award) is it just me or you guys have lost some friends during lockdown?,1
depression,🏅^1 award. hello!,1
depression,🚲depression is like a riding a bike...,1
loneliness,lonely,157115
loneliness,loneliness has officially entered my dreams,4
loneliness,.,3
loneliness,i plan on killing my self in 7 years.,3
loneliness,pt 2,3
loneliness,update,3
loneliness,"🌺🌸 social anxiety has really ruined, and is still ruining my life. 🌸🌺",3
loneliness,can someone please talk to me,2
loneliness,hey love,2
loneliness,i just want to cuddle with someone...,2
loneliness,i know my bf just tries to help but i have been alone my whole life. i have no history.,2
loneliness,i love it,2
loneliness,i need a friend,2
loneliness,i'm 21m and i think this world isn't for me but i'm still surviving with no ray of love and happiness.,2
loneliness,life is beautiful/24m/france(pontarlier),2
loneliness,update about asking out a girl,2
loneliness,&lt;/3,1
loneliness,"(19m) friends that try to be more ""lonely"" than me",1
loneliness,125 reasons for you to live.,1
loneliness,17f,1
loneliness,"17f i was saying that i am good but saw that god thinks that ""i dont deserve to be happy"".",1
loneliness,17f lonely af,1
loneliness,18 yo,1
loneliness,18f her to lend a shoulder for u to cry on ;),1
loneliness,18m down to talk to any one just pop up don’t be shy,1
loneliness,18m looking for a friend,1
loneliness,19m looking for an internet friend :),1
loneliness,19m looking for cool people to chat with! just chatting,1
loneliness,19m looking for long-term friends!,1
loneliness,19m looking for long-term friends!!,1
loneliness,2 weeks of summer holiday gone now and not a single plan or friend to hang out with,1
loneliness,20[f4m] home alone.,1
loneliness,"20m #online - looking for a cute, needy girl to get to know each other and develop a long-term relationship😊❤️",1
loneliness,21m [chat] loser virgin incel looking for a girl to talk to.,1
loneliness,21m [chat] virgin incel loser looking for a girl to talk to,1
loneliness,24m i hate this,1
loneliness,28 f looking for someone to talk to,1
loneliness,"36f united states / online / looking for chat partners, i was wondering if people actually read these hope you see my post, maybe this is a good starting point.",1
loneliness,37 [f4m]looking for interesting people and feeling life,1
loneliness,"38f looking for long term friendship, long term conversation. preferably responsible and sincere ！！！！",1
loneliness,[19m] friends that always try to top me,1
loneliness,[19m] friends that always want to equate to me (hope that makes sense),1
loneliness,[25f4a],1
loneliness,"[friendship only] looking for nerdy, wholesome chats about anything.",1
loneliness,[zodiac guess],1
loneliness,a lonely vent,1
loneliness,a long boring story of lonliness,1
loneliness,advice needed,1
loneliness,all everyone does is reject me and leave me,1
loneliness,an eternal rest,1
loneliness,anybody around my age up for chatting. 23/f,1
loneliness,anybody free to speak 23f,1
loneliness,"anyone else getting hit by that feeling of ""she isn't talking to you shes only replying to you""",1
loneliness,anyone wanna be my friend? (16),1
loneliness,anyone wanna chat?,1
loneliness,"as funny as it feels to say this, i'd like to have a irl friend. i love my few online friends i've been lucky enough meet, but sometimes i really wish i could just talk with someone face to face",1
loneliness,boo hoo pitty me i so sad :(,1
loneliness,breakup/problems/depression (tw),1
loneliness,bruh just bruh,1
loneliness,can i have someone to talk to?,1
loneliness,can someone be my friend?,1
loneliness,can't make friends. 19/f,1
loneliness,could somebody please help me with groceries please?,1
loneliness,crybaby,1
loneliness,dear soulmate,1
loneliness,death note 24m/france(pontarlier),1
loneliness,did you have a childhood like this?,1
loneliness,"do you know that feeling when you dont want to die, but deep inside you couldn't care less?",1
loneliness,do you think loneliness is one of the worst things you can feel?,1
loneliness,"does the loneliness and the lack of socializing/communication make you unproductive and you can't seem to focus on anything too, like me?",1
loneliness,"don't give up, we are not done yet, you're not alone, i went through hell just as you did, we are not alone and we are in this together.",1
loneliness,don’t go on r/lonely and sort by top of all time.,1
loneliness,dreams of loneliness,1
loneliness,endless depression,1
loneliness,every fking day is the same.,1
loneliness,everyday is hell,1
loneliness,extremely lonely and mentally sick of it,1
loneliness,"f, 21. my name is jessica and looking for people to chat with",1
loneliness,f17 somebody please give me a reason not to commit suicide,1
loneliness,feeling hella lonely rn,1
loneliness,"feeling lonely, low, defeated and small. can somebody please talk to me.",1
loneliness,feeling so lonely and done that it's hard to even write my novel anymore.,1
loneliness,first time poster: i'm lonely and i just cannot seem to connect with people. i'm 24m and haven't had close friends in years.,1
loneliness,free yourself ✈︎,1
loneliness,friends that always try to top you,1
loneliness,frustration,1
loneliness,fuck you die in hell,1
loneliness,given all the right cards but still sad,1
loneliness,have you ever gone to meet up groups or facebook groups alone???,1
loneliness,"haven't had anyone in a while, looking to talk and meet others. (17)",1
loneliness,hello fellow lonely people,1
loneliness,hey just a psa,1
loneliness,hi i am 20f,1
loneliness,hi i'm a 18m so bored in this quarantine looking for a beautiful girlfriend,1
loneliness,how tf do you survive without a sex life,1
loneliness,how to make new meaningful friendships,1
loneliness,i am a loser in life,1
loneliness,i am beginning to realize i fucked up,1
loneliness,i am for all intents and purposes not a human being,1
loneliness,i can't stop using unhealthy copes.,1
loneliness,i cant stop crying,1
loneliness,i do deserve it.,1
loneliness,i don't think i can enjoy life ever again.,1
loneliness,i don't want to be here,1
loneliness,i don’t know,1
loneliness,i don’t think i can make real friends anymore,1
loneliness,i feel completely isolated,1
loneliness,i feel extremely sick,1
loneliness,i feel very lonely. but then i realize i can go outside.,1
loneliness,i give up,1
loneliness,i hate everysingle person on this earth,1
loneliness,i hate homeschooling,1
loneliness,"i have a few people i can talk to but i don’t wanna bother em. so, i can’t say i’m alone",1
loneliness,i have never had a chance to talk to someone about my terrible life.,1
loneliness,i have no friends and i feel suicidal. how do i get through this?,1
loneliness,i have nobody to talk to,1
loneliness,i have zero friends,1
loneliness,i just don't get it.,1
loneliness,i just wanna have sex,1
loneliness,i just want a girlfriend,1
loneliness,"i might kill myself tomorrw, talk me out of it please",1
loneliness,i need a friend.,1
loneliness,i need help!!!!!!!!!!!!!!!!!!!!,1
loneliness,i really want to die as decent person,1
loneliness,i save memes with the intention of sending them to someone...,1
loneliness,i should honestly just kill myself shouldn’t i?,1
loneliness,i should probably uninstall instagram bruh,1
loneliness,i trusted somebody and now i’m back in the lonely position i was except this time i’m more hurt,1
loneliness,i walk for at least one hour during the evening to see if i can come across another 20yr old but i never do.,1
loneliness,i wish i was wanted.,1
loneliness,"i wonder if my soulmate exists, or if she is only an idea in my mind",1
loneliness,"i wonder what it's like to be someone's first choice, for real. not just for a night or a few nights.",1
loneliness,i won’t actually commit suicide or self-harm but i can’t stop thinking about it,1
loneliness,i'm 17 years old and still a virgin,1
loneliness,i'm bored feel free to talk,1
loneliness,i'm one of those you can't help,1
loneliness,"i'm so lonely, i wish i could just die",1
loneliness,i've given up on being happy.,1
loneliness,idk man,1
loneliness,if a few people wanted you to kill yourself would you?,1
loneliness,if i died no one would notice,1
loneliness,"if you are able to drink, you dont know how lucky you are",1
loneliness,im about to kill myself bye,1
loneliness,international student suffering from loneliness,1
loneliness,is it okay to want to die but still be afraid of killing yourself? fuck this life!!,1
loneliness,is there anyone in calgary lonely like me?,1
loneliness,isolation driving me insane,1
loneliness,it finally happened,1
loneliness,it's my birthday and i'm lonely. i'd like to talk and get to know a girl and maybe she could be my present ❤️,1
loneliness,i’m going to commit suicide. i can’t take the loneliness and nobody caring with all the pains of my life.,1
loneliness,i’m pressing my sadness with something funny but it doesn’t go well,1
loneliness,i’m pretty much a loner and i’m looking to meet new people,1
loneliness,i’m so fucking alone,1
loneliness,i’m so lonely in this world full of company,1
loneliness,i’m so over people making me feel bad about myself for having mental health issues,1
loneliness,just a rant/vent.,1
loneliness,just another one of those lonely nights,1
loneliness,just looking for advice and conversations,1
loneliness,killing myself,1
loneliness,life is beautiful?/24m/france(pontarlier),1
loneliness,life is beautiful?/france(pontarlier),1
loneliness,life sucks if you aren’t super attractive,1
loneliness,lonelele,1
loneliness,loneliness helps me understand things better,1
loneliness,lonely 20m looking for chat buddies,1
loneliness,lonely as heck but too messed up to make friends,1
loneliness,lonely teen here that only got lonelier after a girl i had fallen for told me she was a lesbian. still can’t get her out of my head a year later.,1
loneliness,"lonely, kinky young d/s couple; seeks submissive friends?",1
loneliness,looking for a chat :/,1
loneliness,"looking for a friend or someone to talk to? look no further, i’m here to be there",1
loneliness,looking for friend and sharing some music,1
loneliness,looking for friends to share your thoughts/day with?,1
loneliness,looking for people to chat to,1
loneliness,m17 idk what to say,1
loneliness,m19 with no friends not sure where to turn.,1
loneliness,m4f any females wanna chat,1
loneliness,me killing it!,1
loneliness,"messaging someone who asked for a friend, i wanted one too. asked her how her day was going and i’m called an ‘ugly ass invasive creep’",1
loneliness,my mom just told me to kill myself,1
loneliness,need suggestion :(,1
loneliness,no family no friends no relationships. always alone. just failed college..depressed and no one to talk. why shouldn’t i just kill myself,1
loneliness,no one lives me,1
loneliness,nobody likes me,1
loneliness,"nothing groundbreaking or new in here, move along",1
loneliness,on the verge of committing suicide (21m),1
loneliness,ooh look im lonely too,1
loneliness,pathetic person,1
loneliness,please help me,1
loneliness,"please help me. i'm on the verge of a panic attack, and i'm scared. i need someone to talk to...",1
loneliness,read this!!&lt;3,1
loneliness,sad,1
loneliness,seeing happy couples everywhere i go makes my blood boil.,1
loneliness,should've posted this in r/depression,1
loneliness,so anyone wanna to have a friendly chat,1
loneliness,socializing belongs to poc now. i'll let them have it.,1
loneliness,socially awkward + emotionally inept,1
loneliness,someone please talk to me,1
loneliness,someone who i was very closed to died from covid,1
loneliness,spam filter,1
loneliness,test,1
loneliness,"the bitter truth, people are attracted to attractive people",1
loneliness,the few friends that i did have are fading away more and more,1
loneliness,the few people in my life that i talk to say depressed people just want attention,1
loneliness,the one person i enjoy talking to at work might be switching shifts,1
loneliness,the one person i like talking to at work might be taking a different shift,1
loneliness,there isn't a day when i wish i wasn't dead,1
loneliness,they left me alone,1
loneliness,"this is just a vent, i wrote myself a letter. read like a fast rap for best results.",1
loneliness,this pain is too much for me to bare. he hates me and resents me. all i tried to do was love him. i can't stop crying. its been days now. no sign of hope. my life is over. i don't want to live anymore.,1
loneliness,today's been a rough day,1
loneliness,"trying to meet some people, been lonely for a while. (17)",1
loneliness,trynna walk away the loneliness,1
loneliness,update about asking out girl,1
loneliness,we are all love. please read,1
loneliness,what do u guys do,1
loneliness,what's the point,1
loneliness,"when you get ghosted for literally no reason, again.",1
loneliness,who is down for a chat ? 🔥,1
loneliness,who wants to be my girlfriend?,1
loneliness,why,1
loneliness,why does this happen all the fucking time,1
loneliness,why is living so lonely,1
loneliness,y,1
loneliness,“working on myself” isnt helping,1
loneliness,"🌺🌸 social anxiety has really ruined, and is still ruining my life. it’s going to be the death of me. 🌸🌺",1
