Model,Sample_ID,Test_Index,Token_Index,Token_ID,Raw_Token,Token,Is_Special_Token,Emotion,SHAP_Value,Abs_SHAP,Base_Value,Model_Probability,Threshold,True_Label,Predicted_Label,SHAP_Max_Evals,XAI_Inference
MentalBERT,d0judl,497,0,101,[CLS],,True,anger,-0.004999995236479056,0.004999995236479056,0.2924574017524719,0.11497871577739716,0.35,1,0,600,FP32-token-IDs
MentalBERT,d0judl,497,0,101,[CLS],,True,brain dysfunction (forget),-0.0009532735016869588,0.0009532735016869588,0.20912587642669678,0.12421266734600067,0.35,0,0,600,FP32-token-IDs
MentalBERT,d0judl,497,0,101,[CLS],,True,emptiness,-0.002755079450758381,0.002755079450758381,0.2569177448749542,0.2810730040073395,0.35,1,0,600,FP32-token-IDs
MentalBERT,d0judl,497,0,101,[CLS],,True,hopelessness,-0.00035586018283437524,0.00035586018283437524,0.453926682472229,0.9733936190605164,0.35,1,1,600,FP32-token-IDs
MentalBERT,d0judl,497,0,101,[CLS],,True,loneliness,-0.004428148799989786,0.004428148799989786,0.6538379788398743,0.7960783839225769,0.35,1,1,600,FP32-token-IDs
MentalBERT,d0judl,497,0,101,[CLS],,True,sadness,-0.0007524021073347992,0.0007524021073347992,0.44028040766716003,0.9916817545890808,0.35,1,1,600,FP32-token-IDs
MentalBERT,d0judl,497,0,101,[CLS],,True,suicide intent,-0.0014978024199889558,0.0014978024199889558,0.07008705288171768,0.037931881844997406,0.35,0,0,600,FP32-token-IDs
MentalBERT,d0judl,497,0,101,[CLS],,True,worthlessness,-0.002681335272629642,0.002681335272629642,0.46631988883018494,0.7290966510772705,0.35,1,1,600,FP32-token-IDs
MentalBERT,d0judl,497,1,2515,does,does,False,anger,-0.004999995236479056,0.004999995236479056,0.2924574017524719,0.11497871577739716,0.35,1,0,600,FP32-token-IDs
MentalBERT,d0judl,497,1,2515,does,does,False,brain dysfunction (forget),-0.0009532735016869588,0.0009532735016869588,0.20912587642669678,0.12421266734600067,0.35,0,0,600,FP32-token-IDs
MentalBERT,d0judl,497,1,2515,does,does,False,emptiness,-0.002755079450758381,0.002755079450758381,0.2569177448749542,0.2810730040073395,0.35,1,0,600,FP32-token-IDs
MentalBERT,d0judl,497,1,2515,does,does,False,hopelessness,-0.00035586018283437524,0.00035586018283437524,0.453926682472229,0.9733936190605164,0.35,1,1,600,FP32-token-IDs
MentalBERT,d0judl,497,1,2515,does,does,False,loneliness,-0.004428148799989786,0.004428148799989786,0.6538379788398743,0.7960783839225769,0.35,1,1,600,FP32-token-IDs
MentalBERT,d0judl,497,1,2515,does,does,False,sadness,-0.0007524021073347992,0.0007524021073347992,0.44028040766716003,0.9916817545890808,0.35,1,1,600,FP32-token-IDs
MentalBERT,d0judl,497,1,2515,does,does,False,suicide intent,-0.0014978024199889558,0.0014978024199889558,0.07008705288171768,0.037931881844997406,0.35,0,0,600,FP32-token-IDs
MentalBERT,d0judl,497,1,2515,does,does,False,worthlessness,-0.002681335272629642,0.002681335272629642,0.46631988883018494,0.7290966510772705,0.35,1,1,600,FP32-token-IDs
MentalBERT,d0judl,497,2,3087,anyone,anyone,False,anger,-0.004999995236479056,0.004999995236479056,0.2924574017524719,0.11497871577739716,0.35,1,0,600,FP32-token-IDs
MentalBERT,d0judl,497,2,3087,anyone,anyone,False,brain dysfunction (forget),-0.0009532735016869588,0.0009532735016869588,0.20912587642669678,0.12421266734600067,0.35,0,0,600,FP32-token-IDs
MentalBERT,d0judl,497,2,3087,anyone,anyone,False,emptiness,-0.002755079450758381,0.002755079450758381,0.2569177448749542,0.2810730040073395,0.35,1,0,600,FP32-token-IDs
MentalBERT,d0judl,497,2,3087,anyone,anyone,False,hopelessness,-0.00035586018283437524,0.00035586018283437524,0.453926682472229,0.9733936190605164,0.35,1,1,600,FP32-token-IDs
MentalBERT,d0judl,497,2,3087,anyone,anyone,False,loneliness,-0.004428148799989786,0.004428148799989786,0.6538379788398743,0.7960783839225769,0.35,1,1,600,FP32-token-IDs
MentalBERT,d0judl,497,2,3087,anyone,anyone,False,sadness,-0.0007524021073347992,0.0007524021073347992,0.44028040766716003,0.9916817545890808,0.35,1,1,600,FP32-token-IDs
MentalBERT,d0judl,497,2,3087,anyone,anyone,False,suicide intent,-0.0014978024199889558,0.0014978024199889558,0.07008705288171768,0.037931881844997406,0.35,0,0,600,FP32-token-IDs
MentalBERT,d0judl,497,2,3087,anyone,anyone,False,worthlessness,-0.002681335272629642,0.002681335272629642,0.46631988883018494,0.7290966510772705,0.35,1,1,600,FP32-token-IDs
MentalBERT,d0judl,497,3,2842,else,else,False,anger,-0.004999995236479056,0.004999995236479056,0.2924574017524719,0.11497871577739716,0.35,1,0,600,FP32-token-IDs
MentalBERT,d0judl,497,3,2842,else,else,False,brain dysfunction (forget),-0.0009532735016869588,0.0009532735016869588,0.20912587642669678,0.12421266734600067,0.35,0,0,600,FP32-token-IDs
MentalBERT,d0judl,497,3,2842,else,else,False,emptiness,-0.002755079450758381,0.002755079450758381,0.2569177448749542,0.2810730040073395,0.35,1,0,600,FP32-token-IDs
MentalBERT,d0judl,497,3,2842,else,else,False,hopelessness,-0.00035586018283437524,0.00035586018283437524,0.453926682472229,0.9733936190605164,0.35,1,1,600,FP32-token-IDs
MentalBERT,d0judl,497,3,2842,else,else,False,loneliness,-0.004428148799989786,0.004428148799989786,0.6538379788398743,0.7960783839225769,0.35,1,1,600,FP32-token-IDs
MentalBERT,d0judl,497,3,2842,else,else,False,sadness,-0.0007524021073347992,0.0007524021073347992,0.44028040766716003,0.9916817545890808,0.35,1,1,600,FP32-token-IDs
MentalBERT,d0judl,497,3,2842,else,else,False,suicide intent,-0.0014978024199889558,0.0014978024199889558,0.07008705288171768,0.037931881844997406,0.35,0,0,600,FP32-token-IDs
MentalBERT,d0judl,497,3,2842,else,else,False,worthlessness,-0.002681335272629642,0.002681335272629642,0.46631988883018494,0.7290966510772705,0.35,1,1,600,FP32-token-IDs
MentalBERT,d0judl,497,4,2131,get,get,False,anger,-0.004750893688954723,0.004750893688954723,0.2924574017524719,0.11497871577739716,0.35,1,0,600,FP32-token-IDs
MentalBERT,d0judl,497,4,2131,get,get,False,brain dysfunction (forget),-0.0008278567143457218,0.0008278567143457218,0.20912587642669678,0.12421266734600067,0.35,0,0,600,FP32-token-IDs
MentalBERT,d0judl,497,4,2131,get,get,False,emptiness,-0.003283959380092306,0.003283959380092306,0.2569177448749542,0.2810730040073395,0.35,1,0,600,FP32-token-IDs
MentalBERT,d0judl,497,4,2131,get,get,False,hopelessness,-0.00046290733088325296,0.00046290733088325296,0.453926682472229,0.9733936190605164,0.35,1,1,600,FP32-token-IDs
MentalBERT,d0judl,497,4,2131,get,get,False,loneliness,-0.0033468860848289398,0.0033468860848289398,0.6538379788398743,0.7960783839225769,0.35,1,1,600,FP32-token-IDs
MentalBERT,d0judl,497,4,2131,get,get,False,sadness,-0.0007805382936365075,0.0007805382936365075,0.44028040766716003,0.9916817545890808,0.35,1,1,600,FP32-token-IDs
MentalBERT,d0judl,497,4,2131,get,get,False,suicide intent,-0.0018785019427822488,0.0018785019427822488,0.07008705288171768,0.037931881844997406,0.35,0,0,600,FP32-token-IDs
MentalBERT,d0judl,497,4,2131,get,get,False,worthlessness,-0.0023373550049857134,0.0023373550049857134,0.46631988883018494,0.7290966510772705,0.35,1,1,600,FP32-token-IDs
MentalBERT,d0judl,497,5,8796,uncomfortable,uncomfortable,False,anger,-0.004750893688954723,0.004750893688954723,0.2924574017524719,0.11497871577739716,0.35,1,0,600,FP32-token-IDs
MentalBERT,d0judl,497,5,8796,uncomfortable,uncomfortable,False,brain dysfunction (forget),-0.0008278567143457218,0.0008278567143457218,0.20912587642669678,0.12421266734600067,0.35,0,0,600,FP32-token-IDs
MentalBERT,d0judl,497,5,8796,uncomfortable,uncomfortable,False,emptiness,-0.003283959380092306,0.003283959380092306,0.2569177448749542,0.2810730040073395,0.35,1,0,600,FP32-token-IDs
MentalBERT,d0judl,497,5,8796,uncomfortable,uncomfortable,False,hopelessness,-0.00046290733088325296,0.00046290733088325296,0.453926682472229,0.9733936190605164,0.35,1,1,600,FP32-token-IDs
MentalBERT,d0judl,497,5,8796,uncomfortable,uncomfortable,False,loneliness,-0.0033468860848289398,0.0033468860848289398,0.6538379788398743,0.7960783839225769,0.35,1,1,600,FP32-token-IDs
MentalBERT,d0judl,497,5,8796,uncomfortable,uncomfortable,False,sadness,-0.0007805382936365075,0.0007805382936365075,0.44028040766716003,0.9916817545890808,0.35,1,1,600,FP32-token-IDs
MentalBERT,d0judl,497,5,8796,uncomfortable,uncomfortable,False,suicide intent,-0.0018785019427822488,0.0018785019427822488,0.07008705288171768,0.037931881844997406,0.35,0,0,600,FP32-token-IDs
MentalBERT,d0judl,497,5,8796,uncomfortable,uncomfortable,False,worthlessness,-0.0023373550049857134,0.0023373550049857134,0.46631988883018494,0.7290966510772705,0.35,1,1,600,FP32-token-IDs
MentalBERT,d0judl,497,6,2043,when,when,False,anger,-0.004750893688954723,0.004750893688954723,0.2924574017524719,0.11497871577739716,0.35,1,0,600,FP32-token-IDs
MentalBERT,d0judl,497,6,2043,when,when,False,brain dysfunction (forget),-0.0008278567143457218,0.0008278567143457218,0.20912587642669678,0.12421266734600067,0.35,0,0,600,FP32-token-IDs
MentalBERT,d0judl,497,6,2043,when,when,False,emptiness,-0.003283959380092306,0.003283959380092306,0.2569177448749542,0.2810730040073395,0.35,1,0,600,FP32-token-IDs
MentalBERT,d0judl,497,6,2043,when,when,False,hopelessness,-0.00046290733088325296,0.00046290733088325296,0.453926682472229,0.9733936190605164,0.35,1,1,600,FP32-token-IDs
MentalBERT,d0judl,497,6,2043,when,when,False,loneliness,-0.0033468860848289398,0.0033468860848289398,0.6538379788398743,0.7960783839225769,0.35,1,1,600,FP32-token-IDs
MentalBERT,d0judl,497,6,2043,when,when,False,sadness,-0.0007805382936365075,0.0007805382936365075,0.44028040766716003,0.9916817545890808,0.35,1,1,600,FP32-token-IDs
MentalBERT,d0judl,497,6,2043,when,when,False,suicide intent,-0.0018785019427822488,0.0018785019427822488,0.07008705288171768,0.037931881844997406,0.35,0,0,600,FP32-token-IDs
MentalBERT,d0judl,497,6,2043,when,when,False,worthlessness,-0.0023373550049857134,0.0023373550049857134,0.46631988883018494,0.7290966510772705,0.35,1,1,600,FP32-token-IDs
MentalBERT,d0judl,497,7,2111,people,people,False,anger,-0.004750893688954723,0.004750893688954723,0.2924574017524719,0.11497871577739716,0.35,1,0,600,FP32-token-IDs
MentalBERT,d0judl,497,7,2111,people,people,False,brain dysfunction (forget),-0.0008278567143457218,0.0008278567143457218,0.20912587642669678,0.12421266734600067,0.35,0,0,600,FP32-token-IDs
MentalBERT,d0judl,497,7,2111,people,people,False,emptiness,-0.003283959380092306,0.003283959380092306,0.2569177448749542,0.2810730040073395,0.35,1,0,600,FP32-token-IDs
MentalBERT,d0judl,497,7,2111,people,people,False,hopelessness,-0.00046290733088325296,0.00046290733088325296,0.453926682472229,0.9733936190605164,0.35,1,1,600,FP32-token-IDs
MentalBERT,d0judl,497,7,2111,people,people,False,loneliness,-0.0033468860848289398,0.0033468860848289398,0.6538379788398743,0.7960783839225769,0.35,1,1,600,FP32-token-IDs
MentalBERT,d0judl,497,7,2111,people,people,False,sadness,-0.0007805382936365075,0.0007805382936365075,0.44028040766716003,0.9916817545890808,0.35,1,1,600,FP32-token-IDs
MentalBERT,d0judl,497,7,2111,people,people,False,suicide intent,-0.0018785019427822488,0.0018785019427822488,0.07008705288171768,0.037931881844997406,0.35,0,0,600,FP32-token-IDs
MentalBERT,d0judl,497,7,2111,people,people,False,worthlessness,-0.0023373550049857134,0.0023373550049857134,0.46631988883018494,0.7290966510772705,0.35,1,1,600,FP32-token-IDs
MentalBERT,d0judl,497,8,2079,do,do,False,anger,-0.002032987461037313,0.002032987461037313,0.2924574017524719,0.11497871577739716,0.35,1,0,600,FP32-token-IDs
MentalBERT,d0judl,497,8,2079,do,do,False,brain dysfunction (forget),-0.003311917253045572,0.003311917253045572,0.20912587642669678,0.12421266734600067,0.35,0,0,600,FP32-token-IDs
MentalBERT,d0judl,497,8,2079,do,do,False,emptiness,-0.008230121646516233,0.008230121646516233,0.2569177448749542,0.2810730040073395,0.35,1,0,600,FP32-token-IDs
MentalBERT,d0judl,497,8,2079,do,do,False,hopelessness,-0.01038342342298064,0.01038342342298064,0.453926682472229,0.9733936190605164,0.35,1,1,600,FP32-token-IDs
MentalBERT,d0judl,497,8,2079,do,do,False,loneliness,-0.0032029475732189084,0.0032029475732189084,0.6538379788398743,0.7960783839225769,0.35,1,1,600,FP32-token-IDs
MentalBERT,d0judl,497,8,2079,do,do,False,sadness,-0.0005911976668155857,0.0005911976668155857,0.44028040766716003,0.9916817545890808,0.35,1,1,600,FP32-token-IDs
MentalBERT,d0judl,497,8,2079,do,do,False,suicide intent,-0.00023033530604960913,0.00023033530604960913,0.07008705288171768,0.037931881844997406,0.35,0,0,600,FP32-token-IDs
MentalBERT,d0judl,497,8,2079,do,do,False,worthlessness,-0.01392914689042502,0.01392914689042502,0.46631988883018494,0.7290966510772705,0.35,1,1,600,FP32-token-IDs
MentalBERT,d0judl,497,9,3835,nice,nice,False,anger,-0.002032987461037313,0.002032987461037313,0.2924574017524719,0.11497871577739716,0.35,1,0,600,FP32-token-IDs
MentalBERT,d0judl,497,9,3835,nice,nice,False,brain dysfunction (forget),-0.003311917253045572,0.003311917253045572,0.20912587642669678,0.12421266734600067,0.35,0,0,600,FP32-token-IDs
MentalBERT,d0judl,497,9,3835,nice,nice,False,emptiness,-0.008230121646516233,0.008230121646516233,0.2569177448749542,0.2810730040073395,0.35,1,0,600,FP32-token-IDs
MentalBERT,d0judl,497,9,3835,nice,nice,False,hopelessness,-0.01038342342298064,0.01038342342298064,0.453926682472229,0.9733936190605164,0.35,1,1,600,FP32-token-IDs
MentalBERT,d0judl,497,9,3835,nice,nice,False,loneliness,-0.0032029475732189084,0.0032029475732189084,0.6538379788398743,0.7960783839225769,0.35,1,1,600,FP32-token-IDs
MentalBERT,d0judl,497,9,3835,nice,nice,False,sadness,-0.0005911976668155857,0.0005911976668155857,0.44028040766716003,0.9916817545890808,0.35,1,1,600,FP32-token-IDs
MentalBERT,d0judl,497,9,3835,nice,nice,False,suicide intent,-0.00023033530604960913,0.00023033530604960913,0.07008705288171768,0.037931881844997406,0.35,0,0,600,FP32-token-IDs
MentalBERT,d0judl,497,9,3835,nice,nice,False,worthlessness,-0.01392914689042502,0.01392914689042502,0.46631988883018494,0.7290966510772705,0.35,1,1,600,FP32-token-IDs
MentalBERT,d0judl,497,10,2477,things,things,False,anger,-0.0017960568734755118,0.0017960568734755118,0.2924574017524719,0.11497871577739716,0.35,1,0,600,FP32-token-IDs
MentalBERT,d0judl,497,10,2477,things,things,False,brain dysfunction (forget),-0.003084798410741819,0.003084798410741819,0.20912587642669678,0.12421266734600067,0.35,0,0,600,FP32-token-IDs
MentalBERT,d0judl,497,10,2477,things,things,False,emptiness,-0.006864555951647667,0.006864555951647667,0.2569177448749542,0.2810730040073395,0.35,1,0,600,FP32-token-IDs
MentalBERT,d0judl,497,10,2477,things,things,False,hopelessness,-0.007574608554649684,0.007574608554649684,0.453926682472229,0.9733936190605164,0.35,1,1,600,FP32-token-IDs
MentalBERT,d0judl,497,10,2477,things,things,False,loneliness,-0.003701196768735018,0.003701196768735018,0.6538379788398743,0.7960783839225769,0.35,1,1,600,FP32-token-IDs
MentalBERT,d0judl,497,10,2477,things,things,False,sadness,-0.0003612438785947033,0.0003612438785947033,0.44028040766716003,0.9916817545890808,0.35,1,1,600,FP32-token-IDs
MentalBERT,d0judl,497,10,2477,things,things,False,suicide intent,-6.600914210947746e-05,6.600914210947746e-05,0.07008705288171768,0.037931881844997406,0.35,0,0,600,FP32-token-IDs
MentalBERT,d0judl,497,10,2477,things,things,False,worthlessness,-0.01036017757271313,0.01036017757271313,0.46631988883018494,0.7290966510772705,0.35,1,1,600,FP32-token-IDs
MentalBERT,d0judl,497,11,2005,for,for,False,anger,-0.0017960568734755118,0.0017960568734755118,0.2924574017524719,0.11497871577739716,0.35,1,0,600,FP32-token-IDs
MentalBERT,d0judl,497,11,2005,for,for,False,brain dysfunction (forget),-0.003084798410741819,0.003084798410741819,0.20912587642669678,0.12421266734600067,0.35,0,0,600,FP32-token-IDs
MentalBERT,d0judl,497,11,2005,for,for,False,emptiness,-0.006864555951647667,0.006864555951647667,0.2569177448749542,0.2810730040073395,0.35,1,0,600,FP32-token-IDs
MentalBERT,d0judl,497,11,2005,for,for,False,hopelessness,-0.007574608554649684,0.007574608554649684,0.453926682472229,0.9733936190605164,0.35,1,1,600,FP32-token-IDs
MentalBERT,d0judl,497,11,2005,for,for,False,loneliness,-0.003701196768735018,0.003701196768735018,0.6538379788398743,0.7960783839225769,0.35,1,1,600,FP32-token-IDs
MentalBERT,d0judl,497,11,2005,for,for,False,sadness,-0.0003612438785947033,0.0003612438785947033,0.44028040766716003,0.9916817545890808,0.35,1,1,600,FP32-token-IDs
MentalBERT,d0judl,497,11,2005,for,for,False,suicide intent,-6.600914210947746e-05,6.600914210947746e-05,0.07008705288171768,0.037931881844997406,0.35,0,0,600,FP32-token-IDs
MentalBERT,d0judl,497,11,2005,for,for,False,worthlessness,-0.01036017757271313,0.01036017757271313,0.46631988883018494,0.7290966510772705,0.35,1,1,600,FP32-token-IDs
MentalBERT,d0judl,497,12,2017,you,you,False,anger,0.026506617942747345,0.026506617942747345,0.2924574017524719,0.11497871577739716,0.35,1,0,600,FP32-token-IDs
MentalBERT,d0judl,497,12,2017,you,you,False,brain dysfunction (forget),-0.0032377924123365015,0.0032377924123365015,0.20912587642669678,0.12421266734600067,0.35,0,0,600,FP32-token-IDs
MentalBERT,d0judl,497,12,2017,you,you,False,emptiness,-0.007884807171972676,0.007884807171972676,0.2569177448749542,0.2810730040073395,0.35,1,0,600,FP32-token-IDs
MentalBERT,d0judl,497,12,2017,you,you,False,hopelessness,0.007730804820958939,0.007730804820958939,0.453926682472229,0.9733936190605164,0.35,1,1,600,FP32-token-IDs
MentalBERT,d0judl,497,12,2017,you,you,False,loneliness,-0.015295332913390464,0.015295332913390464,0.6538379788398743,0.7960783839225769,0.35,1,1,600,FP32-token-IDs
MentalBERT,d0judl,497,12,2017,you,you,False,sadness,0.01618938861000869,0.01618938861000869,0.44028040766716003,0.9916817545890808,0.35,1,1,600,FP32-token-IDs
MentalBERT,d0judl,497,12,2017,you,you,False,suicide intent,6.764121951871658e-05,6.764121951871658e-05,0.07008705288171768,0.037931881844997406,0.35,0,0,600,FP32-token-IDs
MentalBERT,d0judl,497,12,2017,you,you,False,worthlessness,0.007129382763782309,0.007129382763782309,0.46631988883018494,0.7290966510772705,0.35,1,1,600,FP32-token-IDs
MentalBERT,d0judl,497,13,2138,because,because,False,anger,0.026506617942747345,0.026506617942747345,0.2924574017524719,0.11497871577739716,0.35,1,0,600,FP32-token-IDs
MentalBERT,d0judl,497,13,2138,because,because,False,brain dysfunction (forget),-0.0032377924123365015,0.0032377924123365015,0.20912587642669678,0.12421266734600067,0.35,0,0,600,FP32-token-IDs
MentalBERT,d0judl,497,13,2138,because,because,False,emptiness,-0.007884807171972676,0.007884807171972676,0.2569177448749542,0.2810730040073395,0.35,1,0,600,FP32-token-IDs
MentalBERT,d0judl,497,13,2138,because,because,False,hopelessness,0.007730804820958939,0.007730804820958939,0.453926682472229,0.9733936190605164,0.35,1,1,600,FP32-token-IDs
MentalBERT,d0judl,497,13,2138,because,because,False,loneliness,-0.015295332913390464,0.015295332913390464,0.6538379788398743,0.7960783839225769,0.35,1,1,600,FP32-token-IDs
MentalBERT,d0judl,497,13,2138,because,because,False,sadness,0.01618938861000869,0.01618938861000869,0.44028040766716003,0.9916817545890808,0.35,1,1,600,FP32-token-IDs
MentalBERT,d0judl,497,13,2138,because,because,False,suicide intent,6.764121951871658e-05,6.764121951871658e-05,0.07008705288171768,0.037931881844997406,0.35,0,0,600,FP32-token-IDs
MentalBERT,d0judl,497,13,2138,because,because,False,worthlessness,0.007129382763782309,0.007129382763782309,0.46631988883018494,0.7290966510772705,0.35,1,1,600,FP32-token-IDs
MentalBERT,d0judl,497,14,2017,you,you,False,anger,0.026506617942747345,0.026506617942747345,0.2924574017524719,0.11497871577739716,0.35,1,0,600,FP32-token-IDs
MentalBERT,d0judl,497,14,2017,you,you,False,brain dysfunction (forget),-0.0032377924123365015,0.0032377924123365015,0.20912587642669678,0.12421266734600067,0.35,0,0,600,FP32-token-IDs
MentalBERT,d0judl,497,14,2017,you,you,False,emptiness,-0.007884807171972676,0.007884807171972676,0.2569177448749542,0.2810730040073395,0.35,1,0,600,FP32-token-IDs
MentalBERT,d0judl,497,14,2017,you,you,False,hopelessness,0.00773080482095894,0.00773080482095894,0.453926682472229,0.9733936190605164,0.35,1,1,600,FP32-token-IDs
MentalBERT,d0judl,497,14,2017,you,you,False,loneliness,-0.015295332913390464,0.015295332913390464,0.6538379788398743,0.7960783839225769,0.35,1,1,600,FP32-token-IDs
MentalBERT,d0judl,497,14,2017,you,you,False,sadness,0.01618938861000869,0.01618938861000869,0.44028040766716003,0.9916817545890808,0.35,1,1,600,FP32-token-IDs
MentalBERT,d0judl,497,14,2017,you,you,False,suicide intent,6.764121951871658e-05,6.764121951871658e-05,0.07008705288171768,0.037931881844997406,0.35,0,0,600,FP32-token-IDs
MentalBERT,d0judl,497,14,2017,you,you,False,worthlessness,0.007129382763782308,0.007129382763782308,0.46631988883018494,0.7290966510772705,0.35,1,1,600,FP32-token-IDs
MentalBERT,d0judl,497,15,5223,hate,hate,False,anger,0.026506617942747345,0.026506617942747345,0.2924574017524719,0.11497871577739716,0.35,1,0,600,FP32-token-IDs
MentalBERT,d0judl,497,15,5223,hate,hate,False,brain dysfunction (forget),-0.0032377924123365015,0.0032377924123365015,0.20912587642669678,0.12421266734600067,0.35,0,0,600,FP32-token-IDs
MentalBERT,d0judl,497,15,5223,hate,hate,False,emptiness,-0.007884807171972676,0.007884807171972676,0.2569177448749542,0.2810730040073395,0.35,1,0,600,FP32-token-IDs
MentalBERT,d0judl,497,15,5223,hate,hate,False,hopelessness,0.00773080482095894,0.00773080482095894,0.453926682472229,0.9733936190605164,0.35,1,1,600,FP32-token-IDs
MentalBERT,d0judl,497,15,5223,hate,hate,False,loneliness,-0.015295332913390464,0.015295332913390464,0.6538379788398743,0.7960783839225769,0.35,1,1,600,FP32-token-IDs
MentalBERT,d0judl,497,15,5223,hate,hate,False,sadness,0.01618938861000869,0.01618938861000869,0.44028040766716003,0.9916817545890808,0.35,1,1,600,FP32-token-IDs
MentalBERT,d0judl,497,15,5223,hate,hate,False,suicide intent,6.764121951871658e-05,6.764121951871658e-05,0.07008705288171768,0.037931881844997406,0.35,0,0,600,FP32-token-IDs
MentalBERT,d0judl,497,15,5223,hate,hate,False,worthlessness,0.007129382763782308,0.007129382763782308,0.46631988883018494,0.7290966510772705,0.35,1,1,600,FP32-token-IDs
MentalBERT,d0judl,497,16,4426,yourself,yourself,False,anger,0.026506617942747345,0.026506617942747345,0.2924574017524719,0.11497871577739716,0.35,1,0,600,FP32-token-IDs
MentalBERT,d0judl,497,16,4426,yourself,yourself,False,brain dysfunction (forget),-0.0032377924123365015,0.0032377924123365015,0.20912587642669678,0.12421266734600067,0.35,0,0,600,FP32-token-IDs
MentalBERT,d0judl,497,16,4426,yourself,yourself,False,emptiness,-0.007884807171972676,0.007884807171972676,0.2569177448749542,0.2810730040073395,0.35,1,0,600,FP32-token-IDs
MentalBERT,d0judl,497,16,4426,yourself,yourself,False,hopelessness,0.00773080482095894,0.00773080482095894,0.453926682472229,0.9733936190605164,0.35,1,1,600,FP32-token-IDs
MentalBERT,d0judl,497,16,4426,yourself,yourself,False,loneliness,-0.015295332913390464,0.015295332913390464,0.6538379788398743,0.7960783839225769,0.35,1,1,600,FP32-token-IDs
MentalBERT,d0judl,497,16,4426,yourself,yourself,False,sadness,0.01618938861000869,0.01618938861000869,0.44028040766716003,0.9916817545890808,0.35,1,1,600,FP32-token-IDs
MentalBERT,d0judl,497,16,4426,yourself,yourself,False,suicide intent,6.764121951871658e-05,6.764121951871658e-05,0.07008705288171768,0.037931881844997406,0.35,0,0,600,FP32-token-IDs
MentalBERT,d0judl,497,16,4426,yourself,yourself,False,worthlessness,0.007129382763782308,0.007129382763782308,0.46631988883018494,0.7290966510772705,0.35,1,1,600,FP32-token-IDs
MentalBERT,d0judl,497,17,1029,?,?,False,anger,0.020999535823163266,0.020999535823163266,0.2924574017524719,0.11497871577739716,0.35,1,0,600,FP32-token-IDs
MentalBERT,d0judl,497,17,1029,?,?,False,brain dysfunction (forget),-0.002554880949254665,0.002554880949254665,0.20912587642669678,0.12421266734600067,0.35,0,0,600,FP32-token-IDs
MentalBERT,d0judl,497,17,1029,?,?,False,emptiness,-0.007729360121043606,0.007729360121043606,0.2569177448749542,0.2810730040073395,0.35,1,0,600,FP32-token-IDs
MentalBERT,d0judl,497,17,1029,?,?,False,hopelessness,0.00227158830449399,0.00227158830449399,0.453926682472229,0.9733936190605164,0.35,1,1,600,FP32-token-IDs
MentalBERT,d0judl,497,17,1029,?,?,False,loneliness,-0.01607409032165176,0.01607409032165176,0.6538379788398743,0.7960783839225769,0.35,1,1,600,FP32-token-IDs
MentalBERT,d0judl,497,17,1029,?,?,False,sadness,0.008740899391058418,0.008740899391058418,0.44028040766716003,0.9916817545890808,0.35,1,1,600,FP32-token-IDs
MentalBERT,d0judl,497,17,1029,?,?,False,suicide intent,-0.00012327757997101997,0.00012327757997101997,0.07008705288171768,0.037931881844997406,0.35,0,0,600,FP32-token-IDs
MentalBERT,d0judl,497,17,1029,?,?,False,worthlessness,0.0037886793285401327,0.0037886793285401327,0.46631988883018494,0.7290966510772705,0.35,1,1,600,FP32-token-IDs
MentalBERT,d0judl,497,18,1001,#,#,False,anger,-0.005852126263073712,0.005852126263073712,0.2924574017524719,0.11497871577739716,0.35,1,0,600,FP32-token-IDs
MentalBERT,d0judl,497,18,1001,#,#,False,brain dysfunction (forget),-0.007049619872954541,0.007049619872954541,0.20912587642669678,0.12421266734600067,0.35,0,0,600,FP32-token-IDs
MentalBERT,d0judl,497,18,1001,#,#,False,emptiness,-0.020355177724185134,0.020355177724185134,0.2569177448749542,0.2810730040073395,0.35,1,0,600,FP32-token-IDs
MentalBERT,d0judl,497,18,1001,#,#,False,hopelessness,-0.0144940969549186,0.0144940969549186,0.453926682472229,0.9733936190605164,0.35,1,1,600,FP32-token-IDs
MentalBERT,d0judl,497,18,1001,#,#,False,loneliness,-0.010854835001685258,0.010854835001685258,0.6538379788398743,0.7960783839225769,0.35,1,1,600,FP32-token-IDs
MentalBERT,d0judl,497,18,1001,#,#,False,sadness,-0.008714711036466594,0.008714711036466594,0.44028040766716003,0.9916817545890808,0.35,1,1,600,FP32-token-IDs
MentalBERT,d0judl,497,18,1001,#,#,False,suicide intent,-0.0022598291458832266,0.0022598291458832266,0.07008705288171768,0.037931881844997406,0.35,0,0,600,FP32-token-IDs
MentalBERT,d0judl,497,18,1001,#,#,False,worthlessness,-0.015099250664227709,0.015099250664227709,0.46631988883018494,0.7290966510772705,0.35,1,1,600,FP32-token-IDs
MentalBERT,d0judl,497,19,1001,#,#,False,anger,-0.005852126263073712,0.005852126263073712,0.2924574017524719,0.11497871577739716,0.35,1,0,600,FP32-token-IDs
MentalBERT,d0judl,497,19,1001,#,#,False,brain dysfunction (forget),-0.007049619872954541,0.007049619872954541,0.20912587642669678,0.12421266734600067,0.35,0,0,600,FP32-token-IDs
MentalBERT,d0judl,497,19,1001,#,#,False,emptiness,-0.020355177724185134,0.020355177724185134,0.2569177448749542,0.2810730040073395,0.35,1,0,600,FP32-token-IDs
MentalBERT,d0judl,497,19,1001,#,#,False,hopelessness,-0.0144940969549186,0.0144940969549186,0.453926682472229,0.9733936190605164,0.35,1,1,600,FP32-token-IDs
MentalBERT,d0judl,497,19,1001,#,#,False,loneliness,-0.010854835001685258,0.010854835001685258,0.6538379788398743,0.7960783839225769,0.35,1,1,600,FP32-token-IDs
MentalBERT,d0judl,497,19,1001,#,#,False,sadness,-0.008714711036466594,0.008714711036466594,0.44028040766716003,0.9916817545890808,0.35,1,1,600,FP32-token-IDs
MentalBERT,d0judl,497,19,1001,#,#,False,suicide intent,-0.0022598291458832266,0.0022598291458832266,0.07008705288171768,0.037931881844997406,0.35,0,0,600,FP32-token-IDs
MentalBERT,d0judl,497,19,1001,#,#,False,worthlessness,-0.015099250664227709,0.015099250664227709,0.46631988883018494,0.7290966510772705,0.35,1,1,600,FP32-token-IDs
MentalBERT,d0judl,497,20,1001,#,#,False,anger,-0.005852126263073712,0.005852126263073712,0.2924574017524719,0.11497871577739716,0.35,1,0,600,FP32-token-IDs
MentalBERT,d0judl,497,20,1001,#,#,False,brain dysfunction (forget),-0.007049619872954541,0.007049619872954541,0.20912587642669678,0.12421266734600067,0.35,0,0,600,FP32-token-IDs
MentalBERT,d0judl,497,20,1001,#,#,False,emptiness,-0.020355177724185134,0.020355177724185134,0.2569177448749542,0.2810730040073395,0.35,1,0,600,FP32-token-IDs
MentalBERT,d0judl,497,20,1001,#,#,False,hopelessness,-0.0144940969549186,0.0144940969549186,0.453926682472229,0.9733936190605164,0.35,1,1,600,FP32-token-IDs
MentalBERT,d0judl,497,20,1001,#,#,False,loneliness,-0.010854835001685258,0.010854835001685258,0.6538379788398743,0.7960783839225769,0.35,1,1,600,FP32-token-IDs
MentalBERT,d0judl,497,20,1001,#,#,False,sadness,-0.008714711036466594,0.008714711036466594,0.44028040766716003,0.9916817545890808,0.35,1,1,600,FP32-token-IDs
MentalBERT,d0judl,497,20,1001,#,#,False,suicide intent,-0.0022598291458832266,0.0022598291458832266,0.07008705288171768,0.037931881844997406,0.35,0,0,600,FP32-token-IDs
MentalBERT,d0judl,497,20,1001,#,#,False,worthlessness,-0.015099250664227709,0.015099250664227709,0.46631988883018494,0.7290966510772705,0.35,1,1,600,FP32-token-IDs
MentalBERT,d0judl,497,21,7483,yesterday,yesterday,False,anger,-0.005852126263073712,0.005852126263073712,0.2924574017524719,0.11497871577739716,0.35,1,0,600,FP32-token-IDs
MentalBERT,d0judl,497,21,7483,yesterday,yesterday,False,brain dysfunction (forget),-0.007049619872954541,0.007049619872954541,0.20912587642669678,0.12421266734600067,0.35,0,0,600,FP32-token-IDs
MentalBERT,d0judl,497,21,7483,yesterday,yesterday,False,emptiness,-0.020355177724185134,0.020355177724185134,0.2569177448749542,0.2810730040073395,0.35,1,0,600,FP32-token-IDs
MentalBERT,d0judl,497,21,7483,yesterday,yesterday,False,hopelessness,-0.0144940969549186,0.0144940969549186,0.453926682472229,0.9733936190605164,0.35,1,1,600,FP32-token-IDs
MentalBERT,d0judl,497,21,7483,yesterday,yesterday,False,loneliness,-0.010854835001685258,0.010854835001685258,0.6538379788398743,0.7960783839225769,0.35,1,1,600,FP32-token-IDs
MentalBERT,d0judl,497,21,7483,yesterday,yesterday,False,sadness,-0.008714711036466594,0.008714711036466594,0.44028040766716003,0.9916817545890808,0.35,1,1,600,FP32-token-IDs
MentalBERT,d0judl,497,21,7483,yesterday,yesterday,False,suicide intent,-0.0022598291458832266,0.0022598291458832266,0.07008705288171768,0.037931881844997406,0.35,0,0,600,FP32-token-IDs
MentalBERT,d0judl,497,21,7483,yesterday,yesterday,False,worthlessness,-0.015099250664227709,0.015099250664227709,0.46631988883018494,0.7290966510772705,0.35,1,1,600,FP32-token-IDs
MentalBERT,d0judl,497,22,2001,was,was,False,anger,-0.010344735901037764,0.010344735901037764,0.2924574017524719,0.11497871577739716,0.35,1,0,600,FP32-token-IDs
MentalBERT,d0judl,497,22,2001,was,was,False,brain dysfunction (forget),-0.006959884886219654,0.006959884886219654,0.20912587642669678,0.12421266734600067,0.35,0,0,600,FP32-token-IDs
MentalBERT,d0judl,497,22,2001,was,was,False,emptiness,-0.01619553566572168,0.01619553566572168,0.2569177448749542,0.2810730040073395,0.35,1,0,600,FP32-token-IDs
MentalBERT,d0judl,497,22,2001,was,was,False,hopelessness,-0.01408096894984954,0.01408096894984954,0.453926682472229,0.9733936190605164,0.35,1,1,600,FP32-token-IDs
MentalBERT,d0judl,497,22,2001,was,was,False,loneliness,-0.003216048741957084,0.003216048741957084,0.6538379788398743,0.7960783839225769,0.35,1,1,600,FP32-token-IDs
MentalBERT,d0judl,497,22,2001,was,was,False,sadness,-0.007813167345954017,0.007813167345954017,0.44028040766716003,0.9916817545890808,0.35,1,1,600,FP32-token-IDs
MentalBERT,d0judl,497,22,2001,was,was,False,suicide intent,-0.0016996477231129702,0.0016996477231129702,0.07008705288171768,0.037931881844997406,0.35,0,0,600,FP32-token-IDs
MentalBERT,d0judl,497,22,2001,was,was,False,worthlessness,-0.0169064718223637,0.0169064718223637,0.46631988883018494,0.7290966510772705,0.35,1,1,600,FP32-token-IDs
MentalBERT,d0judl,497,23,2026,my,my,False,anger,-0.010344735901037764,0.010344735901037764,0.2924574017524719,0.11497871577739716,0.35,1,0,600,FP32-token-IDs
MentalBERT,d0judl,497,23,2026,my,my,False,brain dysfunction (forget),-0.006959884886219654,0.006959884886219654,0.20912587642669678,0.12421266734600067,0.35,0,0,600,FP32-token-IDs
MentalBERT,d0judl,497,23,2026,my,my,False,emptiness,-0.01619553566572168,0.01619553566572168,0.2569177448749542,0.2810730040073395,0.35,1,0,600,FP32-token-IDs
MentalBERT,d0judl,497,23,2026,my,my,False,hopelessness,-0.01408096894984954,0.01408096894984954,0.453926682472229,0.9733936190605164,0.35,1,1,600,FP32-token-IDs
MentalBERT,d0judl,497,23,2026,my,my,False,loneliness,-0.003216048741957084,0.003216048741957084,0.6538379788398743,0.7960783839225769,0.35,1,1,600,FP32-token-IDs
MentalBERT,d0judl,497,23,2026,my,my,False,sadness,-0.007813167345954017,0.007813167345954017,0.44028040766716003,0.9916817545890808,0.35,1,1,600,FP32-token-IDs
MentalBERT,d0judl,497,23,2026,my,my,False,suicide intent,-0.0016996477231129702,0.0016996477231129702,0.07008705288171768,0.037931881844997406,0.35,0,0,600,FP32-token-IDs
MentalBERT,d0judl,497,23,2026,my,my,False,worthlessness,-0.0169064718223637,0.0169064718223637,0.46631988883018494,0.7290966510772705,0.35,1,1,600,FP32-token-IDs
MentalBERT,d0judl,497,24,5798,birthday,birthday,False,anger,-0.010344735901037764,0.010344735901037764,0.2924574017524719,0.11497871577739716,0.35,1,0,600,FP32-token-IDs
MentalBERT,d0judl,497,24,5798,birthday,birthday,False,brain dysfunction (forget),-0.006959884886219654,0.006959884886219654,0.20912587642669678,0.12421266734600067,0.35,0,0,600,FP32-token-IDs
MentalBERT,d0judl,497,24,5798,birthday,birthday,False,emptiness,-0.01619553566572168,0.01619553566572168,0.2569177448749542,0.2810730040073395,0.35,1,0,600,FP32-token-IDs
MentalBERT,d0judl,497,24,5798,birthday,birthday,False,hopelessness,-0.01408096894984954,0.01408096894984954,0.453926682472229,0.9733936190605164,0.35,1,1,600,FP32-token-IDs
MentalBERT,d0judl,497,24,5798,birthday,birthday,False,loneliness,-0.003216048741957084,0.003216048741957084,0.6538379788398743,0.7960783839225769,0.35,1,1,600,FP32-token-IDs
MentalBERT,d0judl,497,24,5798,birthday,birthday,False,sadness,-0.007813167345954017,0.007813167345954017,0.44028040766716003,0.9916817545890808,0.35,1,1,600,FP32-token-IDs
MentalBERT,d0judl,497,24,5798,birthday,birthday,False,suicide intent,-0.0016996477231129702,0.0016996477231129702,0.07008705288171768,0.037931881844997406,0.35,0,0,600,FP32-token-IDs
MentalBERT,d0judl,497,24,5798,birthday,birthday,False,worthlessness,-0.0169064718223637,0.0169064718223637,0.46631988883018494,0.7290966510772705,0.35,1,1,600,FP32-token-IDs
MentalBERT,d0judl,497,25,1998,and,and,False,anger,-0.001377860806080409,0.001377860806080409,0.2924574017524719,0.11497871577739716,0.35,1,0,600,FP32-token-IDs
MentalBERT,d0judl,497,25,1998,and,and,False,brain dysfunction (forget),-0.0016994246171735642,0.0016994246171735642,0.20912587642669678,0.12421266734600067,0.35,0,0,600,FP32-token-IDs
MentalBERT,d0judl,497,25,1998,and,and,False,emptiness,-0.004824965986966466,0.004824965986966466,0.2569177448749542,0.2810730040073395,0.35,1,0,600,FP32-token-IDs
MentalBERT,d0judl,497,25,1998,and,and,False,hopelessness,-0.00302690031440256,0.00302690031440256,0.453926682472229,0.9733936190605164,0.35,1,1,600,FP32-token-IDs
MentalBERT,d0judl,497,25,1998,and,and,False,loneliness,-0.001088618315083699,0.001088618315083699,0.6538379788398743,0.7960783839225769,0.35,1,1,600,FP32-token-IDs
MentalBERT,d0judl,497,25,1998,and,and,False,sadness,0.00022160050019414895,0.00022160050019414895,0.44028040766716003,0.9916817545890808,0.35,1,1,600,FP32-token-IDs
MentalBERT,d0judl,497,25,1998,and,and,False,suicide intent,-0.0005761403412988229,0.0005761403412988229,0.07008705288171768,0.037931881844997406,0.35,0,0,600,FP32-token-IDs
MentalBERT,d0judl,497,25,1998,and,and,False,worthlessness,-0.005311743221472069,0.005311743221472069,0.46631988883018494,0.7290966510772705,0.35,1,1,600,FP32-token-IDs
MentalBERT,d0judl,497,26,2026,my,my,False,anger,-0.001377860806080409,0.001377860806080409,0.2924574017524719,0.11497871577739716,0.35,1,0,600,FP32-token-IDs
MentalBERT,d0judl,497,26,2026,my,my,False,brain dysfunction (forget),-0.0016994246171735642,0.0016994246171735642,0.20912587642669678,0.12421266734600067,0.35,0,0,600,FP32-token-IDs
MentalBERT,d0judl,497,26,2026,my,my,False,emptiness,-0.004824965986966466,0.004824965986966466,0.2569177448749542,0.2810730040073395,0.35,1,0,600,FP32-token-IDs
MentalBERT,d0judl,497,26,2026,my,my,False,hopelessness,-0.00302690031440256,0.00302690031440256,0.453926682472229,0.9733936190605164,0.35,1,1,600,FP32-token-IDs
MentalBERT,d0judl,497,26,2026,my,my,False,loneliness,-0.001088618315083699,0.001088618315083699,0.6538379788398743,0.7960783839225769,0.35,1,1,600,FP32-token-IDs
MentalBERT,d0judl,497,26,2026,my,my,False,sadness,0.00022160050019414895,0.00022160050019414895,0.44028040766716003,0.9916817545890808,0.35,1,1,600,FP32-token-IDs
MentalBERT,d0judl,497,26,2026,my,my,False,suicide intent,-0.0005761403412988229,0.0005761403412988229,0.07008705288171768,0.037931881844997406,0.35,0,0,600,FP32-token-IDs
MentalBERT,d0judl,497,26,2026,my,my,False,worthlessness,-0.005311743221472069,0.005311743221472069,0.46631988883018494,0.7290966510772705,0.35,1,1,600,FP32-token-IDs
MentalBERT,d0judl,497,27,11190,cow,cow,False,anger,-0.001377860806080409,0.001377860806080409,0.2924574017524719,0.11497871577739716,0.35,1,0,600,FP32-token-IDs
MentalBERT,d0judl,497,27,11190,cow,cow,False,brain dysfunction (forget),-0.001699424617173564,0.001699424617173564,0.20912587642669678,0.12421266734600067,0.35,0,0,600,FP32-token-IDs
MentalBERT,d0judl,497,27,11190,cow,cow,False,emptiness,-0.004824965986966466,0.004824965986966466,0.2569177448749542,0.2810730040073395,0.35,1,0,600,FP32-token-IDs
MentalBERT,d0judl,497,27,11190,cow,cow,False,hopelessness,-0.00302690031440256,0.00302690031440256,0.453926682472229,0.9733936190605164,0.35,1,1,600,FP32-token-IDs
MentalBERT,d0judl,497,27,11190,cow,cow,False,loneliness,-0.001088618315083699,0.001088618315083699,0.6538379788398743,0.7960783839225769,0.35,1,1,600,FP32-token-IDs
MentalBERT,d0judl,497,27,11190,cow,cow,False,sadness,0.00022160050019414895,0.00022160050019414895,0.44028040766716003,0.9916817545890808,0.35,1,1,600,FP32-token-IDs
MentalBERT,d0judl,497,27,11190,cow,cow,False,suicide intent,-0.0005761403412988228,0.0005761403412988228,0.07008705288171768,0.037931881844997406,0.35,0,0,600,FP32-token-IDs
MentalBERT,d0judl,497,27,11190,cow,cow,False,worthlessness,-0.005311743221472068,0.005311743221472068,0.46631988883018494,0.7290966510772705,0.35,1,1,600,FP32-token-IDs
MentalBERT,d0judl,497,28,2953,##or,or,False,anger,-0.001377860806080409,0.001377860806080409,0.2924574017524719,0.11497871577739716,0.35,1,0,600,FP32-token-IDs
MentalBERT,d0judl,497,28,2953,##or,or,False,brain dysfunction (forget),-0.001699424617173564,0.001699424617173564,0.20912587642669678,0.12421266734600067,0.35,0,0,600,FP32-token-IDs
MentalBERT,d0judl,497,28,2953,##or,or,False,emptiness,-0.004824965986966466,0.004824965986966466,0.2569177448749542,0.2810730040073395,0.35,1,0,600,FP32-token-IDs
MentalBERT,d0judl,497,28,2953,##or,or,False,hopelessness,-0.00302690031440256,0.00302690031440256,0.453926682472229,0.9733936190605164,0.35,1,1,600,FP32-token-IDs
MentalBERT,d0judl,497,28,2953,##or,or,False,loneliness,-0.001088618315083699,0.001088618315083699,0.6538379788398743,0.7960783839225769,0.35,1,1,600,FP32-token-IDs
MentalBERT,d0judl,497,28,2953,##or,or,False,sadness,0.00022160050019414895,0.00022160050019414895,0.44028040766716003,0.9916817545890808,0.35,1,1,600,FP32-token-IDs
MentalBERT,d0judl,497,28,2953,##or,or,False,suicide intent,-0.0005761403412988228,0.0005761403412988228,0.07008705288171768,0.037931881844997406,0.35,0,0,600,FP32-token-IDs
MentalBERT,d0judl,497,28,2953,##or,or,False,worthlessness,-0.005311743221472068,0.005311743221472068,0.46631988883018494,0.7290966510772705,0.35,1,1,600,FP32-token-IDs
MentalBERT,d0judl,497,29,11451,##kers,kers,False,anger,-0.001377860806080409,0.001377860806080409,0.2924574017524719,0.11497871577739716,0.35,1,0,600,FP32-token-IDs
MentalBERT,d0judl,497,29,11451,##kers,kers,False,brain dysfunction (forget),-0.001699424617173564,0.001699424617173564,0.20912587642669678,0.12421266734600067,0.35,0,0,600,FP32-token-IDs
MentalBERT,d0judl,497,29,11451,##kers,kers,False,emptiness,-0.004824965986966466,0.004824965986966466,0.2569177448749542,0.2810730040073395,0.35,1,0,600,FP32-token-IDs
MentalBERT,d0judl,497,29,11451,##kers,kers,False,hopelessness,-0.00302690031440256,0.00302690031440256,0.453926682472229,0.9733936190605164,0.35,1,1,600,FP32-token-IDs
MentalBERT,d0judl,497,29,11451,##kers,kers,False,loneliness,-0.001088618315083699,0.001088618315083699,0.6538379788398743,0.7960783839225769,0.35,1,1,600,FP32-token-IDs
MentalBERT,d0judl,497,29,11451,##kers,kers,False,sadness,0.00022160050019414895,0.00022160050019414895,0.44028040766716003,0.9916817545890808,0.35,1,1,600,FP32-token-IDs
MentalBERT,d0judl,497,29,11451,##kers,kers,False,suicide intent,-0.0005761403412988228,0.0005761403412988228,0.07008705288171768,0.037931881844997406,0.35,0,0,600,FP32-token-IDs
MentalBERT,d0judl,497,29,11451,##kers,kers,False,worthlessness,-0.005311743221472068,0.005311743221472068,0.46631988883018494,0.7290966510772705,0.35,1,1,600,FP32-token-IDs
MentalBERT,d0judl,497,30,2288,got,got,False,anger,-0.0015831700425607978,0.0015831700425607978,0.2924574017524719,0.11497871577739716,0.35,1,0,600,FP32-token-IDs
MentalBERT,d0judl,497,30,2288,got,got,False,brain dysfunction (forget),-0.0017882207822468548,0.0017882207822468548,0.20912587642669678,0.12421266734600067,0.35,0,0,600,FP32-token-IDs
MentalBERT,d0judl,497,30,2288,got,got,False,emptiness,-0.005707910731046772,0.005707910731046772,0.2569177448749542,0.2810730040073395,0.35,1,0,600,FP32-token-IDs
MentalBERT,d0judl,497,30,2288,got,got,False,hopelessness,-0.0043820925659060275,0.0043820925659060275,0.453926682472229,0.9733936190605164,0.35,1,1,600,FP32-token-IDs
MentalBERT,d0judl,497,30,2288,got,got,False,loneliness,-0.0011380884473005102,0.0011380884473005102,0.6538379788398743,0.7960783839225769,0.35,1,1,600,FP32-token-IDs
MentalBERT,d0judl,497,30,2288,got,got,False,sadness,0.00010614923693032733,0.00010614923693032733,0.44028040766716003,0.9916817545890808,0.35,1,1,600,FP32-token-IDs
MentalBERT,d0judl,497,30,2288,got,got,False,suicide intent,-0.000691562710279767,0.000691562710279767,0.07008705288171768,0.037931881844997406,0.35,0,0,600,FP32-token-IDs
MentalBERT,d0judl,497,30,2288,got,got,False,worthlessness,-0.00742655699629621,0.00742655699629621,0.46631988883018494,0.7290966510772705,0.35,1,1,600,FP32-token-IDs
MentalBERT,d0judl,497,31,2033,me,me,False,anger,-0.0015831700425607978,0.0015831700425607978,0.2924574017524719,0.11497871577739716,0.35,1,0,600,FP32-token-IDs
MentalBERT,d0judl,497,31,2033,me,me,False,brain dysfunction (forget),-0.0017882207822468548,0.0017882207822468548,0.20912587642669678,0.12421266734600067,0.35,0,0,600,FP32-token-IDs
MentalBERT,d0judl,497,31,2033,me,me,False,emptiness,-0.005707910731046772,0.005707910731046772,0.2569177448749542,0.2810730040073395,0.35,1,0,600,FP32-token-IDs
MentalBERT,d0judl,497,31,2033,me,me,False,hopelessness,-0.0043820925659060275,0.0043820925659060275,0.453926682472229,0.9733936190605164,0.35,1,1,600,FP32-token-IDs
MentalBERT,d0judl,497,31,2033,me,me,False,loneliness,-0.0011380884473005102,0.0011380884473005102,0.6538379788398743,0.7960783839225769,0.35,1,1,600,FP32-token-IDs
MentalBERT,d0judl,497,31,2033,me,me,False,sadness,0.00010614923693032733,0.00010614923693032733,0.44028040766716003,0.9916817545890808,0.35,1,1,600,FP32-token-IDs
MentalBERT,d0judl,497,31,2033,me,me,False,suicide intent,-0.000691562710279767,0.000691562710279767,0.07008705288171768,0.037931881844997406,0.35,0,0,600,FP32-token-IDs
MentalBERT,d0judl,497,31,2033,me,me,False,worthlessness,-0.00742655699629621,0.00742655699629621,0.46631988883018494,0.7290966510772705,0.35,1,1,600,FP32-token-IDs
MentalBERT,d0judl,497,32,16324,cookies,cookies,False,anger,-0.0015831700425607978,0.0015831700425607978,0.2924574017524719,0.11497871577739716,0.35,1,0,600,FP32-token-IDs
MentalBERT,d0judl,497,32,16324,cookies,cookies,False,brain dysfunction (forget),-0.0017882207822468548,0.0017882207822468548,0.20912587642669678,0.12421266734600067,0.35,0,0,600,FP32-token-IDs
MentalBERT,d0judl,497,32,16324,cookies,cookies,False,emptiness,-0.005707910731046772,0.005707910731046772,0.2569177448749542,0.2810730040073395,0.35,1,0,600,FP32-token-IDs
MentalBERT,d0judl,497,32,16324,cookies,cookies,False,hopelessness,-0.0043820925659060275,0.0043820925659060275,0.453926682472229,0.9733936190605164,0.35,1,1,600,FP32-token-IDs
MentalBERT,d0judl,497,32,16324,cookies,cookies,False,loneliness,-0.0011380884473005102,0.0011380884473005102,0.6538379788398743,0.7960783839225769,0.35,1,1,600,FP32-token-IDs
MentalBERT,d0judl,497,32,16324,cookies,cookies,False,sadness,0.00010614923693032733,0.00010614923693032733,0.44028040766716003,0.9916817545890808,0.35,1,1,600,FP32-token-IDs
MentalBERT,d0judl,497,32,16324,cookies,cookies,False,suicide intent,-0.000691562710279767,0.000691562710279767,0.07008705288171768,0.037931881844997406,0.35,0,0,600,FP32-token-IDs
MentalBERT,d0judl,497,32,16324,cookies,cookies,False,worthlessness,-0.00742655699629621,0.00742655699629621,0.46631988883018494,0.7290966510772705,0.35,1,1,600,FP32-token-IDs
MentalBERT,d0judl,497,33,1998,and,and,False,anger,-0.0015831700425607978,0.0015831700425607978,0.2924574017524719,0.11497871577739716,0.35,1,0,600,FP32-token-IDs
MentalBERT,d0judl,497,33,1998,and,and,False,brain dysfunction (forget),-0.0017882207822468546,0.0017882207822468546,0.20912587642669678,0.12421266734600067,0.35,0,0,600,FP32-token-IDs
MentalBERT,d0judl,497,33,1998,and,and,False,emptiness,-0.005707910731046772,0.005707910731046772,0.2569177448749542,0.2810730040073395,0.35,1,0,600,FP32-token-IDs
MentalBERT,d0judl,497,33,1998,and,and,False,hopelessness,-0.0043820925659060275,0.0043820925659060275,0.453926682472229,0.9733936190605164,0.35,1,1,600,FP32-token-IDs
MentalBERT,d0judl,497,33,1998,and,and,False,loneliness,-0.0011380884473005102,0.0011380884473005102,0.6538379788398743,0.7960783839225769,0.35,1,1,600,FP32-token-IDs
MentalBERT,d0judl,497,33,1998,and,and,False,sadness,0.00010614923693032732,0.00010614923693032732,0.44028040766716003,0.9916817545890808,0.35,1,1,600,FP32-token-IDs
MentalBERT,d0judl,497,33,1998,and,and,False,suicide intent,-0.000691562710279767,0.000691562710279767,0.07008705288171768,0.037931881844997406,0.35,0,0,600,FP32-token-IDs
MentalBERT,d0judl,497,33,1998,and,and,False,worthlessness,-0.007426556996296211,0.007426556996296211,0.46631988883018494,0.7290966510772705,0.35,1,1,600,FP32-token-IDs
MentalBERT,d0judl,497,34,1037,a,a,False,anger,-0.007966591552443182,0.007966591552443182,0.2924574017524719,0.11497871577739716,0.35,1,0,600,FP32-token-IDs
MentalBERT,d0judl,497,34,1037,a,a,False,brain dysfunction (forget),-0.003284859348140243,0.003284859348140243,0.20912587642669678,0.12421266734600067,0.35,0,0,600,FP32-token-IDs
MentalBERT,d0judl,497,34,1037,a,a,False,emptiness,0.0007836348729001151,0.0007836348729001151,0.2569177448749542,0.2810730040073395,0.35,1,0,600,FP32-token-IDs
MentalBERT,d0judl,497,34,1037,a,a,False,hopelessness,-0.005107961947926217,0.005107961947926217,0.453926682472229,0.9733936190605164,0.35,1,1,600,FP32-token-IDs
MentalBERT,d0judl,497,34,1037,a,a,False,loneliness,0.009116144793935948,0.009116144793935948,0.6538379788398743,0.7960783839225769,0.35,1,1,600,FP32-token-IDs
MentalBERT,d0judl,497,34,1037,a,a,False,sadness,0.0004893009902702436,0.0004893009902702436,0.44028040766716003,0.9916817545890808,0.35,1,1,600,FP32-token-IDs
MentalBERT,d0judl,497,34,1037,a,a,False,suicide intent,-0.0003795525644414334,0.0003795525644414334,0.07008705288171768,0.037931881844997406,0.35,0,0,600,FP32-token-IDs
MentalBERT,d0judl,497,34,1037,a,a,False,worthlessness,-0.012761072613195413,0.012761072613195413,0.46631988883018494,0.7290966510772705,0.35,1,1,600,FP32-token-IDs
MentalBERT,d0judl,497,35,3232,couple,couple,False,anger,-0.007966591552443182,0.007966591552443182,0.2924574017524719,0.11497871577739716,0.35,1,0,600,FP32-token-IDs
MentalBERT,d0judl,497,35,3232,couple,couple,False,brain dysfunction (forget),-0.003284859348140243,0.003284859348140243,0.20912587642669678,0.12421266734600067,0.35,0,0,600,FP32-token-IDs
MentalBERT,d0judl,497,35,3232,couple,couple,False,emptiness,0.0007836348729001151,0.0007836348729001151,0.2569177448749542,0.2810730040073395,0.35,1,0,600,FP32-token-IDs
MentalBERT,d0judl,497,35,3232,couple,couple,False,hopelessness,-0.005107961947926217,0.005107961947926217,0.453926682472229,0.9733936190605164,0.35,1,1,600,FP32-token-IDs
MentalBERT,d0judl,497,35,3232,couple,couple,False,loneliness,0.009116144793935948,0.009116144793935948,0.6538379788398743,0.7960783839225769,0.35,1,1,600,FP32-token-IDs
MentalBERT,d0judl,497,35,3232,couple,couple,False,sadness,0.0004893009902702436,0.0004893009902702436,0.44028040766716003,0.9916817545890808,0.35,1,1,600,FP32-token-IDs
MentalBERT,d0judl,497,35,3232,couple,couple,False,suicide intent,-0.0003795525644414334,0.0003795525644414334,0.07008705288171768,0.037931881844997406,0.35,0,0,600,FP32-token-IDs
MentalBERT,d0judl,497,35,3232,couple,couple,False,worthlessness,-0.012761072613195413,0.012761072613195413,0.46631988883018494,0.7290966510772705,0.35,1,1,600,FP32-token-IDs
MentalBERT,d0judl,497,36,2814,friends,friends,False,anger,-0.007966591552443182,0.007966591552443182,0.2924574017524719,0.11497871577739716,0.35,1,0,600,FP32-token-IDs
MentalBERT,d0judl,497,36,2814,friends,friends,False,brain dysfunction (forget),-0.003284859348140243,0.003284859348140243,0.20912587642669678,0.12421266734600067,0.35,0,0,600,FP32-token-IDs
MentalBERT,d0judl,497,36,2814,friends,friends,False,emptiness,0.0007836348729001151,0.0007836348729001151,0.2569177448749542,0.2810730040073395,0.35,1,0,600,FP32-token-IDs
MentalBERT,d0judl,497,36,2814,friends,friends,False,hopelessness,-0.005107961947926217,0.005107961947926217,0.453926682472229,0.9733936190605164,0.35,1,1,600,FP32-token-IDs
MentalBERT,d0judl,497,36,2814,friends,friends,False,loneliness,0.009116144793935948,0.009116144793935948,0.6538379788398743,0.7960783839225769,0.35,1,1,600,FP32-token-IDs
MentalBERT,d0judl,497,36,2814,friends,friends,False,sadness,0.0004893009902702436,0.0004893009902702436,0.44028040766716003,0.9916817545890808,0.35,1,1,600,FP32-token-IDs
MentalBERT,d0judl,497,36,2814,friends,friends,False,suicide intent,-0.0003795525644414334,0.0003795525644414334,0.07008705288171768,0.037931881844997406,0.35,0,0,600,FP32-token-IDs
MentalBERT,d0judl,497,36,2814,friends,friends,False,worthlessness,-0.012761072613195413,0.012761072613195413,0.46631988883018494,0.7290966510772705,0.35,1,1,600,FP32-token-IDs
MentalBERT,d0judl,497,37,2165,took,took,False,anger,-0.007966591552443182,0.007966591552443182,0.2924574017524719,0.11497871577739716,0.35,1,0,600,FP32-token-IDs
MentalBERT,d0judl,497,37,2165,took,took,False,brain dysfunction (forget),-0.003284859348140243,0.003284859348140243,0.20912587642669678,0.12421266734600067,0.35,0,0,600,FP32-token-IDs
MentalBERT,d0judl,497,37,2165,took,took,False,emptiness,0.0007836348729001151,0.0007836348729001151,0.2569177448749542,0.2810730040073395,0.35,1,0,600,FP32-token-IDs
MentalBERT,d0judl,497,37,2165,took,took,False,hopelessness,-0.005107961947926217,0.005107961947926217,0.453926682472229,0.9733936190605164,0.35,1,1,600,FP32-token-IDs
MentalBERT,d0judl,497,37,2165,took,took,False,loneliness,0.009116144793935948,0.009116144793935948,0.6538379788398743,0.7960783839225769,0.35,1,1,600,FP32-token-IDs
MentalBERT,d0judl,497,37,2165,took,took,False,sadness,0.0004893009902702436,0.0004893009902702436,0.44028040766716003,0.9916817545890808,0.35,1,1,600,FP32-token-IDs
MentalBERT,d0judl,497,37,2165,took,took,False,suicide intent,-0.0003795525644414334,0.0003795525644414334,0.07008705288171768,0.037931881844997406,0.35,0,0,600,FP32-token-IDs
MentalBERT,d0judl,497,37,2165,took,took,False,worthlessness,-0.012761072613195413,0.012761072613195413,0.46631988883018494,0.7290966510772705,0.35,1,1,600,FP32-token-IDs
MentalBERT,d0judl,497,38,2033,me,me,False,anger,-0.00599158312038829,0.00599158312038829,0.2924574017524719,0.11497871577739716,0.35,1,0,600,FP32-token-IDs
MentalBERT,d0judl,497,38,2033,me,me,False,brain dysfunction (forget),-0.0030497917025867436,0.0030497917025867436,0.20912587642669678,0.12421266734600067,0.35,0,0,600,FP32-token-IDs
MentalBERT,d0judl,497,38,2033,me,me,False,emptiness,0.0004452929485382305,0.0004452929485382305,0.2569177448749542,0.2810730040073395,0.35,1,0,600,FP32-token-IDs
MentalBERT,d0judl,497,38,2033,me,me,False,hopelessness,-0.0038894071512752108,0.0038894071512752108,0.453926682472229,0.9733936190605164,0.35,1,1,600,FP32-token-IDs
MentalBERT,d0judl,497,38,2033,me,me,False,loneliness,0.00837287333690458,0.00837287333690458,0.6538379788398743,0.7960783839225769,0.35,1,1,600,FP32-token-IDs
MentalBERT,d0judl,497,38,2033,me,me,False,sadness,0.00029438262598382103,0.00029438262598382103,0.44028040766716003,0.9916817545890808,0.35,1,1,600,FP32-token-IDs
MentalBERT,d0judl,497,38,2033,me,me,False,suicide intent,-0.0005962740429418369,0.0005962740429418369,0.07008705288171768,0.037931881844997406,0.35,0,0,600,FP32-token-IDs
MentalBERT,d0judl,497,38,2033,me,me,False,worthlessness,-0.010109687372007303,0.010109687372007303,0.46631988883018494,0.7290966510772705,0.35,1,1,600,FP32-token-IDs
MentalBERT,d0judl,497,39,2041,out,out,False,anger,-0.00599158312038829,0.00599158312038829,0.2924574017524719,0.11497871577739716,0.35,1,0,600,FP32-token-IDs
MentalBERT,d0judl,497,39,2041,out,out,False,brain dysfunction (forget),-0.0030497917025867436,0.0030497917025867436,0.20912587642669678,0.12421266734600067,0.35,0,0,600,FP32-token-IDs
MentalBERT,d0judl,497,39,2041,out,out,False,emptiness,0.0004452929485382305,0.0004452929485382305,0.2569177448749542,0.2810730040073395,0.35,1,0,600,FP32-token-IDs
MentalBERT,d0judl,497,39,2041,out,out,False,hopelessness,-0.0038894071512752108,0.0038894071512752108,0.453926682472229,0.9733936190605164,0.35,1,1,600,FP32-token-IDs
MentalBERT,d0judl,497,39,2041,out,out,False,loneliness,0.00837287333690458,0.00837287333690458,0.6538379788398743,0.7960783839225769,0.35,1,1,600,FP32-token-IDs
MentalBERT,d0judl,497,39,2041,out,out,False,sadness,0.00029438262598382103,0.00029438262598382103,0.44028040766716003,0.9916817545890808,0.35,1,1,600,FP32-token-IDs
MentalBERT,d0judl,497,39,2041,out,out,False,suicide intent,-0.0005962740429418369,0.0005962740429418369,0.07008705288171768,0.037931881844997406,0.35,0,0,600,FP32-token-IDs
MentalBERT,d0judl,497,39,2041,out,out,False,worthlessness,-0.010109687372007303,0.010109687372007303,0.46631988883018494,0.7290966510772705,0.35,1,1,600,FP32-token-IDs
MentalBERT,d0judl,497,40,2000,to,to,False,anger,-0.00599158312038829,0.00599158312038829,0.2924574017524719,0.11497871577739716,0.35,1,0,600,FP32-token-IDs
MentalBERT,d0judl,497,40,2000,to,to,False,brain dysfunction (forget),-0.0030497917025867436,0.0030497917025867436,0.20912587642669678,0.12421266734600067,0.35,0,0,600,FP32-token-IDs
MentalBERT,d0judl,497,40,2000,to,to,False,emptiness,0.0004452929485382305,0.0004452929485382305,0.2569177448749542,0.2810730040073395,0.35,1,0,600,FP32-token-IDs
MentalBERT,d0judl,497,40,2000,to,to,False,hopelessness,-0.0038894071512752108,0.0038894071512752108,0.453926682472229,0.9733936190605164,0.35,1,1,600,FP32-token-IDs
MentalBERT,d0judl,497,40,2000,to,to,False,loneliness,0.00837287333690458,0.00837287333690458,0.6538379788398743,0.7960783839225769,0.35,1,1,600,FP32-token-IDs
MentalBERT,d0judl,497,40,2000,to,to,False,sadness,0.00029438262598382103,0.00029438262598382103,0.44028040766716003,0.9916817545890808,0.35,1,1,600,FP32-token-IDs
MentalBERT,d0judl,497,40,2000,to,to,False,suicide intent,-0.0005962740429418369,0.0005962740429418369,0.07008705288171768,0.037931881844997406,0.35,0,0,600,FP32-token-IDs
MentalBERT,d0judl,497,40,2000,to,to,False,worthlessness,-0.010109687372007303,0.010109687372007303,0.46631988883018494,0.7290966510772705,0.35,1,1,600,FP32-token-IDs
MentalBERT,d0judl,497,41,6265,lunch,lunch,False,anger,-0.00599158312038829,0.00599158312038829,0.2924574017524719,0.11497871577739716,0.35,1,0,600,FP32-token-IDs
MentalBERT,d0judl,497,41,6265,lunch,lunch,False,brain dysfunction (forget),-0.0030497917025867436,0.0030497917025867436,0.20912587642669678,0.12421266734600067,0.35,0,0,600,FP32-token-IDs
MentalBERT,d0judl,497,41,6265,lunch,lunch,False,emptiness,0.0004452929485382305,0.0004452929485382305,0.2569177448749542,0.2810730040073395,0.35,1,0,600,FP32-token-IDs
MentalBERT,d0judl,497,41,6265,lunch,lunch,False,hopelessness,-0.0038894071512752108,0.0038894071512752108,0.453926682472229,0.9733936190605164,0.35,1,1,600,FP32-token-IDs
MentalBERT,d0judl,497,41,6265,lunch,lunch,False,loneliness,0.00837287333690458,0.00837287333690458,0.6538379788398743,0.7960783839225769,0.35,1,1,600,FP32-token-IDs
MentalBERT,d0judl,497,41,6265,lunch,lunch,False,sadness,0.00029438262598382103,0.00029438262598382103,0.44028040766716003,0.9916817545890808,0.35,1,1,600,FP32-token-IDs
MentalBERT,d0judl,497,41,6265,lunch,lunch,False,suicide intent,-0.0005962740429418369,0.0005962740429418369,0.07008705288171768,0.037931881844997406,0.35,0,0,600,FP32-token-IDs
MentalBERT,d0judl,497,41,6265,lunch,lunch,False,worthlessness,-0.010109687372007303,0.010109687372007303,0.46631988883018494,0.7290966510772705,0.35,1,1,600,FP32-token-IDs
MentalBERT,d0judl,497,42,1012,.,.,False,anger,-0.00599158312038829,0.00599158312038829,0.2924574017524719,0.11497871577739716,0.35,1,0,600,FP32-token-IDs
MentalBERT,d0judl,497,42,1012,.,.,False,brain dysfunction (forget),-0.0030497917025867436,0.0030497917025867436,0.20912587642669678,0.12421266734600067,0.35,0,0,600,FP32-token-IDs
MentalBERT,d0judl,497,42,1012,.,.,False,emptiness,0.0004452929485382305,0.0004452929485382305,0.2569177448749542,0.2810730040073395,0.35,1,0,600,FP32-token-IDs
MentalBERT,d0judl,497,42,1012,.,.,False,hopelessness,-0.0038894071512752108,0.0038894071512752108,0.453926682472229,0.9733936190605164,0.35,1,1,600,FP32-token-IDs
MentalBERT,d0judl,497,42,1012,.,.,False,loneliness,0.00837287333690458,0.00837287333690458,0.6538379788398743,0.7960783839225769,0.35,1,1,600,FP32-token-IDs
MentalBERT,d0judl,497,42,1012,.,.,False,sadness,0.00029438262598382103,0.00029438262598382103,0.44028040766716003,0.9916817545890808,0.35,1,1,600,FP32-token-IDs
MentalBERT,d0judl,497,42,1012,.,.,False,suicide intent,-0.0005962740429418369,0.0005962740429418369,0.07008705288171768,0.037931881844997406,0.35,0,0,600,FP32-token-IDs
MentalBERT,d0judl,497,42,1012,.,.,False,worthlessness,-0.010109687372007303,0.010109687372007303,0.46631988883018494,0.7290966510772705,0.35,1,1,600,FP32-token-IDs
MentalBERT,d0judl,497,43,1045,i,i,False,anger,0.0038411323198704935,0.0038411323198704935,0.2924574017524719,0.11497871577739716,0.35,1,0,600,FP32-token-IDs
MentalBERT,d0judl,497,43,1045,i,i,False,brain dysfunction (forget),0.018007024693361018,0.018007024693361018,0.20912587642669678,0.12421266734600067,0.35,0,0,600,FP32-token-IDs
MentalBERT,d0judl,497,43,1045,i,i,False,emptiness,0.017066752703006692,0.017066752703006692,0.2569177448749542,0.2810730040073395,0.35,1,0,600,FP32-token-IDs
MentalBERT,d0judl,497,43,1045,i,i,False,hopelessness,0.022983112750114828,0.022983112750114828,0.453926682472229,0.9733936190605164,0.35,1,1,600,FP32-token-IDs
MentalBERT,d0judl,497,43,1045,i,i,False,loneliness,0.0018514110263259636,0.0018514110263259636,0.6538379788398743,0.7960783839225769,0.35,1,1,600,FP32-token-IDs
MentalBERT,d0judl,497,43,1045,i,i,False,sadness,0.005834225958789743,0.005834225958789743,0.44028040766716003,0.9916817545890808,0.35,1,1,600,FP32-token-IDs
MentalBERT,d0judl,497,43,1045,i,i,False,suicide intent,0.002589721471806461,0.002589721471806461,0.07008705288171768,0.037931881844997406,0.35,0,0,600,FP32-token-IDs
MentalBERT,d0judl,497,43,1045,i,i,False,worthlessness,0.03909766674007101,0.03909766674007101,0.46631988883018494,0.7290966510772705,0.35,1,1,600,FP32-token-IDs
MentalBERT,d0judl,497,44,2514,feel,feel,False,anger,0.0038411323198704935,0.0038411323198704935,0.2924574017524719,0.11497871577739716,0.35,1,0,600,FP32-token-IDs
MentalBERT,d0judl,497,44,2514,feel,feel,False,brain dysfunction (forget),0.018007024693361018,0.018007024693361018,0.20912587642669678,0.12421266734600067,0.35,0,0,600,FP32-token-IDs
MentalBERT,d0judl,497,44,2514,feel,feel,False,emptiness,0.017066752703006692,0.017066752703006692,0.2569177448749542,0.2810730040073395,0.35,1,0,600,FP32-token-IDs
MentalBERT,d0judl,497,44,2514,feel,feel,False,hopelessness,0.022983112750114828,0.022983112750114828,0.453926682472229,0.9733936190605164,0.35,1,1,600,FP32-token-IDs
MentalBERT,d0judl,497,44,2514,feel,feel,False,loneliness,0.0018514110263259636,0.0018514110263259636,0.6538379788398743,0.7960783839225769,0.35,1,1,600,FP32-token-IDs
MentalBERT,d0judl,497,44,2514,feel,feel,False,sadness,0.005834225958789743,0.005834225958789743,0.44028040766716003,0.9916817545890808,0.35,1,1,600,FP32-token-IDs
MentalBERT,d0judl,497,44,2514,feel,feel,False,suicide intent,0.002589721471806461,0.002589721471806461,0.07008705288171768,0.037931881844997406,0.35,0,0,600,FP32-token-IDs
MentalBERT,d0judl,497,44,2514,feel,feel,False,worthlessness,0.03909766674007101,0.03909766674007101,0.46631988883018494,0.7290966510772705,0.35,1,1,600,FP32-token-IDs
MentalBERT,d0judl,497,45,12873,dumb,dumb,False,anger,0.0038411323198704935,0.0038411323198704935,0.2924574017524719,0.11497871577739716,0.35,1,0,600,FP32-token-IDs
MentalBERT,d0judl,497,45,12873,dumb,dumb,False,brain dysfunction (forget),0.018007024693361018,0.018007024693361018,0.20912587642669678,0.12421266734600067,0.35,0,0,600,FP32-token-IDs
MentalBERT,d0judl,497,45,12873,dumb,dumb,False,emptiness,0.017066752703006692,0.017066752703006692,0.2569177448749542,0.2810730040073395,0.35,1,0,600,FP32-token-IDs
MentalBERT,d0judl,497,45,12873,dumb,dumb,False,hopelessness,0.022983112750114828,0.022983112750114828,0.453926682472229,0.9733936190605164,0.35,1,1,600,FP32-token-IDs
MentalBERT,d0judl,497,45,12873,dumb,dumb,False,loneliness,0.0018514110263259636,0.0018514110263259636,0.6538379788398743,0.7960783839225769,0.35,1,1,600,FP32-token-IDs
MentalBERT,d0judl,497,45,12873,dumb,dumb,False,sadness,0.005834225958789743,0.005834225958789743,0.44028040766716003,0.9916817545890808,0.35,1,1,600,FP32-token-IDs
MentalBERT,d0judl,497,45,12873,dumb,dumb,False,suicide intent,0.002589721471806461,0.002589721471806461,0.07008705288171768,0.037931881844997406,0.35,0,0,600,FP32-token-IDs
MentalBERT,d0judl,497,45,12873,dumb,dumb,False,worthlessness,0.03909766674007101,0.03909766674007101,0.46631988883018494,0.7290966510772705,0.35,1,1,600,FP32-token-IDs
MentalBERT,d0judl,497,46,1013,/,/,False,anger,0.0038411323198704935,0.0038411323198704935,0.2924574017524719,0.11497871577739716,0.35,1,0,600,FP32-token-IDs
MentalBERT,d0judl,497,46,1013,/,/,False,brain dysfunction (forget),0.018007024693361018,0.018007024693361018,0.20912587642669678,0.12421266734600067,0.35,0,0,600,FP32-token-IDs
MentalBERT,d0judl,497,46,1013,/,/,False,emptiness,0.017066752703006692,0.017066752703006692,0.2569177448749542,0.2810730040073395,0.35,1,0,600,FP32-token-IDs
MentalBERT,d0judl,497,46,1013,/,/,False,hopelessness,0.022983112750114828,0.022983112750114828,0.453926682472229,0.9733936190605164,0.35,1,1,600,FP32-token-IDs
MentalBERT,d0judl,497,46,1013,/,/,False,loneliness,0.0018514110263259636,0.0018514110263259636,0.6538379788398743,0.7960783839225769,0.35,1,1,600,FP32-token-IDs
MentalBERT,d0judl,497,46,1013,/,/,False,sadness,0.005834225958789743,0.005834225958789743,0.44028040766716003,0.9916817545890808,0.35,1,1,600,FP32-token-IDs
MentalBERT,d0judl,497,46,1013,/,/,False,suicide intent,0.002589721471806461,0.002589721471806461,0.07008705288171768,0.037931881844997406,0.35,0,0,600,FP32-token-IDs
MentalBERT,d0judl,497,46,1013,/,/,False,worthlessness,0.03909766674007101,0.03909766674007101,0.46631988883018494,0.7290966510772705,0.35,1,1,600,FP32-token-IDs
MentalBERT,d0judl,497,47,4895,un,un,False,anger,0.04856848106664117,0.04856848106664117,0.2924574017524719,0.11497871577739716,0.35,1,0,600,FP32-token-IDs
MentalBERT,d0judl,497,47,4895,un,un,False,brain dysfunction (forget),0.006140323869961624,0.006140323869961624,0.20912587642669678,0.12421266734600067,0.35,0,0,600,FP32-token-IDs
MentalBERT,d0judl,497,47,4895,un,un,False,emptiness,0.006775933996929477,0.006775933996929477,0.2569177448749542,0.2810730040073395,0.35,1,0,600,FP32-token-IDs
MentalBERT,d0judl,497,47,4895,un,un,False,hopelessness,0.024920308859907977,0.024920308859907977,0.453926682472229,0.9733936190605164,0.35,1,1,600,FP32-token-IDs
MentalBERT,d0judl,497,47,4895,un,un,False,loneliness,-0.008693695811199999,0.008693695811199999,0.6538379788398743,0.7960783839225769,0.35,1,1,600,FP32-token-IDs
MentalBERT,d0judl,497,47,4895,un,un,False,sadness,0.009565070471061128,0.009565070471061128,0.44028040766716003,0.9916817545890808,0.35,1,1,600,FP32-token-IDs
MentalBERT,d0judl,497,47,4895,un,un,False,suicide intent,0.0024345815251027012,0.0024345815251027012,0.07008705288171768,0.037931881844997406,0.35,0,0,600,FP32-token-IDs
MentalBERT,d0judl,497,47,4895,un,un,False,worthlessness,0.04301108017015005,0.04301108017015005,0.46631988883018494,0.7290966510772705,0.35,1,1,600,FP32-token-IDs
MentalBERT,d0judl,497,48,22780,##grate,grate,False,anger,0.04856848106664117,0.04856848106664117,0.2924574017524719,0.11497871577739716,0.35,1,0,600,FP32-token-IDs
MentalBERT,d0judl,497,48,22780,##grate,grate,False,brain dysfunction (forget),0.006140323869961624,0.006140323869961624,0.20912587642669678,0.12421266734600067,0.35,0,0,600,FP32-token-IDs
MentalBERT,d0judl,497,48,22780,##grate,grate,False,emptiness,0.006775933996929477,0.006775933996929477,0.2569177448749542,0.2810730040073395,0.35,1,0,600,FP32-token-IDs
MentalBERT,d0judl,497,48,22780,##grate,grate,False,hopelessness,0.024920308859907977,0.024920308859907977,0.453926682472229,0.9733936190605164,0.35,1,1,600,FP32-token-IDs
MentalBERT,d0judl,497,48,22780,##grate,grate,False,loneliness,-0.008693695811199999,0.008693695811199999,0.6538379788398743,0.7960783839225769,0.35,1,1,600,FP32-token-IDs
MentalBERT,d0judl,497,48,22780,##grate,grate,False,sadness,0.009565070471061128,0.009565070471061128,0.44028040766716003,0.9916817545890808,0.35,1,1,600,FP32-token-IDs
MentalBERT,d0judl,497,48,22780,##grate,grate,False,suicide intent,0.0024345815251027012,0.0024345815251027012,0.07008705288171768,0.037931881844997406,0.35,0,0,600,FP32-token-IDs
MentalBERT,d0judl,497,48,22780,##grate,grate,False,worthlessness,0.04301108017015005,0.04301108017015005,0.46631988883018494,0.7290966510772705,0.35,1,1,600,FP32-token-IDs
MentalBERT,d0judl,497,49,3993,##ful,ful,False,anger,0.04856848106664117,0.04856848106664117,0.2924574017524719,0.11497871577739716,0.35,1,0,600,FP32-token-IDs
MentalBERT,d0judl,497,49,3993,##ful,ful,False,brain dysfunction (forget),0.006140323869961624,0.006140323869961624,0.20912587642669678,0.12421266734600067,0.35,0,0,600,FP32-token-IDs
MentalBERT,d0judl,497,49,3993,##ful,ful,False,emptiness,0.006775933996929477,0.006775933996929477,0.2569177448749542,0.2810730040073395,0.35,1,0,600,FP32-token-IDs
MentalBERT,d0judl,497,49,3993,##ful,ful,False,hopelessness,0.024920308859907977,0.024920308859907977,0.453926682472229,0.9733936190605164,0.35,1,1,600,FP32-token-IDs
MentalBERT,d0judl,497,49,3993,##ful,ful,False,loneliness,-0.008693695811199999,0.008693695811199999,0.6538379788398743,0.7960783839225769,0.35,1,1,600,FP32-token-IDs
MentalBERT,d0judl,497,49,3993,##ful,ful,False,sadness,0.009565070471061128,0.009565070471061128,0.44028040766716003,0.9916817545890808,0.35,1,1,600,FP32-token-IDs
MentalBERT,d0judl,497,49,3993,##ful,ful,False,suicide intent,0.0024345815251027012,0.0024345815251027012,0.07008705288171768,0.037931881844997406,0.35,0,0,600,FP32-token-IDs
MentalBERT,d0judl,497,49,3993,##ful,ful,False,worthlessness,0.04301108017015005,0.04301108017015005,0.46631988883018494,0.7290966510772705,0.35,1,1,600,FP32-token-IDs
MentalBERT,d0judl,497,50,2005,for,for,False,anger,0.001101497692676882,0.001101497692676882,0.2924574017524719,0.11497871577739716,0.35,1,0,600,FP32-token-IDs
MentalBERT,d0judl,497,50,2005,for,for,False,brain dysfunction (forget),-0.00020459942752495408,0.00020459942752495408,0.20912587642669678,0.12421266734600067,0.35,0,0,600,FP32-token-IDs
MentalBERT,d0judl,497,50,2005,for,for,False,emptiness,-0.007501667346029232,0.007501667346029232,0.2569177448749542,0.2810730040073395,0.35,1,0,600,FP32-token-IDs
MentalBERT,d0judl,497,50,2005,for,for,False,hopelessness,-0.002018347204041978,0.002018347204041978,0.453926682472229,0.9733936190605164,0.35,1,1,600,FP32-token-IDs
MentalBERT,d0judl,497,50,2005,for,for,False,loneliness,-0.008770509141807754,0.008770509141807754,0.6538379788398743,0.7960783839225769,0.35,1,1,600,FP32-token-IDs
MentalBERT,d0judl,497,50,2005,for,for,False,sadness,0.0008622019862135252,0.0008622019862135252,0.44028040766716003,0.9916817545890808,0.35,1,1,600,FP32-token-IDs
MentalBERT,d0judl,497,50,2005,for,for,False,suicide intent,0.0004479023186528745,0.0004479023186528745,0.07008705288171768,0.037931881844997406,0.35,0,0,600,FP32-token-IDs
MentalBERT,d0judl,497,50,2005,for,for,False,worthlessness,-0.0028337039325075845,0.0028337039325075845,0.46631988883018494,0.7290966510772705,0.35,1,1,600,FP32-token-IDs
MentalBERT,d0judl,497,51,3110,feeling,feeling,False,anger,0.001101497692676882,0.001101497692676882,0.2924574017524719,0.11497871577739716,0.35,1,0,600,FP32-token-IDs
MentalBERT,d0judl,497,51,3110,feeling,feeling,False,brain dysfunction (forget),-0.00020459942752495408,0.00020459942752495408,0.20912587642669678,0.12421266734600067,0.35,0,0,600,FP32-token-IDs
MentalBERT,d0judl,497,51,3110,feeling,feeling,False,emptiness,-0.007501667346029232,0.007501667346029232,0.2569177448749542,0.2810730040073395,0.35,1,0,600,FP32-token-IDs
MentalBERT,d0judl,497,51,3110,feeling,feeling,False,hopelessness,-0.002018347204041978,0.002018347204041978,0.453926682472229,0.9733936190605164,0.35,1,1,600,FP32-token-IDs
MentalBERT,d0judl,497,51,3110,feeling,feeling,False,loneliness,-0.008770509141807754,0.008770509141807754,0.6538379788398743,0.7960783839225769,0.35,1,1,600,FP32-token-IDs
MentalBERT,d0judl,497,51,3110,feeling,feeling,False,sadness,0.0008622019862135252,0.0008622019862135252,0.44028040766716003,0.9916817545890808,0.35,1,1,600,FP32-token-IDs
MentalBERT,d0judl,497,51,3110,feeling,feeling,False,suicide intent,0.0004479023186528745,0.0004479023186528745,0.07008705288171768,0.037931881844997406,0.35,0,0,600,FP32-token-IDs
MentalBERT,d0judl,497,51,3110,feeling,feeling,False,worthlessness,-0.0028337039325075845,0.0028337039325075845,0.46631988883018494,0.7290966510772705,0.35,1,1,600,FP32-token-IDs
MentalBERT,d0judl,497,52,2023,this,this,False,anger,0.001101497692676882,0.001101497692676882,0.2924574017524719,0.11497871577739716,0.35,1,0,600,FP32-token-IDs
MentalBERT,d0judl,497,52,2023,this,this,False,brain dysfunction (forget),-0.00020459942752495408,0.00020459942752495408,0.20912587642669678,0.12421266734600067,0.35,0,0,600,FP32-token-IDs
MentalBERT,d0judl,497,52,2023,this,this,False,emptiness,-0.007501667346029232,0.007501667346029232,0.2569177448749542,0.2810730040073395,0.35,1,0,600,FP32-token-IDs
MentalBERT,d0judl,497,52,2023,this,this,False,hopelessness,-0.002018347204041978,0.002018347204041978,0.453926682472229,0.9733936190605164,0.35,1,1,600,FP32-token-IDs
MentalBERT,d0judl,497,52,2023,this,this,False,loneliness,-0.008770509141807754,0.008770509141807754,0.6538379788398743,0.7960783839225769,0.35,1,1,600,FP32-token-IDs
MentalBERT,d0judl,497,52,2023,this,this,False,sadness,0.0008622019862135252,0.0008622019862135252,0.44028040766716003,0.9916817545890808,0.35,1,1,600,FP32-token-IDs
MentalBERT,d0judl,497,52,2023,this,this,False,suicide intent,0.0004479023186528745,0.0004479023186528745,0.07008705288171768,0.037931881844997406,0.35,0,0,600,FP32-token-IDs
MentalBERT,d0judl,497,52,2023,this,this,False,worthlessness,-0.0028337039325075845,0.0028337039325075845,0.46631988883018494,0.7290966510772705,0.35,1,1,600,FP32-token-IDs
MentalBERT,d0judl,497,53,2126,way,way,False,anger,0.001101497692676882,0.001101497692676882,0.2924574017524719,0.11497871577739716,0.35,1,0,600,FP32-token-IDs
MentalBERT,d0judl,497,53,2126,way,way,False,brain dysfunction (forget),-0.00020459942752495408,0.00020459942752495408,0.20912587642669678,0.12421266734600067,0.35,0,0,600,FP32-token-IDs
MentalBERT,d0judl,497,53,2126,way,way,False,emptiness,-0.007501667346029232,0.007501667346029232,0.2569177448749542,0.2810730040073395,0.35,1,0,600,FP32-token-IDs
MentalBERT,d0judl,497,53,2126,way,way,False,hopelessness,-0.002018347204041978,0.002018347204041978,0.453926682472229,0.9733936190605164,0.35,1,1,600,FP32-token-IDs
MentalBERT,d0judl,497,53,2126,way,way,False,loneliness,-0.008770509141807754,0.008770509141807754,0.6538379788398743,0.7960783839225769,0.35,1,1,600,FP32-token-IDs
MentalBERT,d0judl,497,53,2126,way,way,False,sadness,0.0008622019862135252,0.0008622019862135252,0.44028040766716003,0.9916817545890808,0.35,1,1,600,FP32-token-IDs
MentalBERT,d0judl,497,53,2126,way,way,False,suicide intent,0.0004479023186528745,0.0004479023186528745,0.07008705288171768,0.037931881844997406,0.35,0,0,600,FP32-token-IDs
MentalBERT,d0judl,497,53,2126,way,way,False,worthlessness,-0.0028337039325075845,0.0028337039325075845,0.46631988883018494,0.7290966510772705,0.35,1,1,600,FP32-token-IDs
MentalBERT,d0judl,497,54,1010,",",",",False,anger,0.001101497692676882,0.001101497692676882,0.2924574017524719,0.11497871577739716,0.35,1,0,600,FP32-token-IDs
MentalBERT,d0judl,497,54,1010,",",",",False,brain dysfunction (forget),-0.00020459942752495408,0.00020459942752495408,0.20912587642669678,0.12421266734600067,0.35,0,0,600,FP32-token-IDs
MentalBERT,d0judl,497,54,1010,",",",",False,emptiness,-0.007501667346029232,0.007501667346029232,0.2569177448749542,0.2810730040073395,0.35,1,0,600,FP32-token-IDs
MentalBERT,d0judl,497,54,1010,",",",",False,hopelessness,-0.002018347204041978,0.002018347204041978,0.453926682472229,0.9733936190605164,0.35,1,1,600,FP32-token-IDs
MentalBERT,d0judl,497,54,1010,",",",",False,loneliness,-0.008770509141807754,0.008770509141807754,0.6538379788398743,0.7960783839225769,0.35,1,1,600,FP32-token-IDs
MentalBERT,d0judl,497,54,1010,",",",",False,sadness,0.0008622019862135252,0.0008622019862135252,0.44028040766716003,0.9916817545890808,0.35,1,1,600,FP32-token-IDs
MentalBERT,d0judl,497,54,1010,",",",",False,suicide intent,0.0004479023186528745,0.0004479023186528745,0.07008705288171768,0.037931881844997406,0.35,0,0,600,FP32-token-IDs
MentalBERT,d0judl,497,54,1010,",",",",False,worthlessness,-0.0028337039325075845,0.0028337039325075845,0.46631988883018494,0.7290966510772705,0.35,1,1,600,FP32-token-IDs
MentalBERT,d0judl,497,55,2021,but,but,False,anger,-0.006603517608961001,0.006603517608961001,0.2924574017524719,0.11497871577739716,0.35,1,0,600,FP32-token-IDs
MentalBERT,d0judl,497,55,2021,but,but,False,brain dysfunction (forget),-0.0076552367214823055,0.0076552367214823055,0.20912587642669678,0.12421266734600067,0.35,0,0,600,FP32-token-IDs
MentalBERT,d0judl,497,55,2021,but,but,False,emptiness,-0.021019268860497202,0.021019268860497202,0.2569177448749542,0.2810730040073395,0.35,1,0,600,FP32-token-IDs
MentalBERT,d0judl,497,55,2021,but,but,False,hopelessness,-0.007408930756343854,0.007408930756343854,0.453926682472229,0.9733936190605164,0.35,1,1,600,FP32-token-IDs
MentalBERT,d0judl,497,55,2021,but,but,False,loneliness,-0.010222470807650732,0.010222470807650732,0.6538379788398743,0.7960783839225769,0.35,1,1,600,FP32-token-IDs
MentalBERT,d0judl,497,55,2021,but,but,False,sadness,-0.004040435781436307,0.004040435781436307,0.44028040766716003,0.9916817545890808,0.35,1,1,600,FP32-token-IDs
MentalBERT,d0judl,497,55,2021,but,but,False,suicide intent,-0.004932198019574455,0.004932198019574455,0.07008705288171768,0.037931881844997406,0.35,0,0,600,FP32-token-IDs
MentalBERT,d0judl,497,55,2021,but,but,False,worthlessness,-0.01904775874729874,0.01904775874729874,0.46631988883018494,0.7290966510772705,0.35,1,1,600,FP32-token-IDs
MentalBERT,d0judl,497,56,2009,it,it,False,anger,-0.006603517608961001,0.006603517608961001,0.2924574017524719,0.11497871577739716,0.35,1,0,600,FP32-token-IDs
MentalBERT,d0judl,497,56,2009,it,it,False,brain dysfunction (forget),-0.0076552367214823055,0.0076552367214823055,0.20912587642669678,0.12421266734600067,0.35,0,0,600,FP32-token-IDs
MentalBERT,d0judl,497,56,2009,it,it,False,emptiness,-0.021019268860497202,0.021019268860497202,0.2569177448749542,0.2810730040073395,0.35,1,0,600,FP32-token-IDs
MentalBERT,d0judl,497,56,2009,it,it,False,hopelessness,-0.007408930756343854,0.007408930756343854,0.453926682472229,0.9733936190605164,0.35,1,1,600,FP32-token-IDs
MentalBERT,d0judl,497,56,2009,it,it,False,loneliness,-0.010222470807650732,0.010222470807650732,0.6538379788398743,0.7960783839225769,0.35,1,1,600,FP32-token-IDs
MentalBERT,d0judl,497,56,2009,it,it,False,sadness,-0.004040435781436307,0.004040435781436307,0.44028040766716003,0.9916817545890808,0.35,1,1,600,FP32-token-IDs
MentalBERT,d0judl,497,56,2009,it,it,False,suicide intent,-0.004932198019574455,0.004932198019574455,0.07008705288171768,0.037931881844997406,0.35,0,0,600,FP32-token-IDs
MentalBERT,d0judl,497,56,2009,it,it,False,worthlessness,-0.01904775874729874,0.01904775874729874,0.46631988883018494,0.7290966510772705,0.35,1,1,600,FP32-token-IDs
MentalBERT,d0judl,497,57,2467,always,always,False,anger,-0.006603517608961001,0.006603517608961001,0.2924574017524719,0.11497871577739716,0.35,1,0,600,FP32-token-IDs
MentalBERT,d0judl,497,57,2467,always,always,False,brain dysfunction (forget),-0.0076552367214823055,0.0076552367214823055,0.20912587642669678,0.12421266734600067,0.35,0,0,600,FP32-token-IDs
MentalBERT,d0judl,497,57,2467,always,always,False,emptiness,-0.021019268860497202,0.021019268860497202,0.2569177448749542,0.2810730040073395,0.35,1,0,600,FP32-token-IDs
MentalBERT,d0judl,497,57,2467,always,always,False,hopelessness,-0.007408930756343854,0.007408930756343854,0.453926682472229,0.9733936190605164,0.35,1,1,600,FP32-token-IDs
MentalBERT,d0judl,497,57,2467,always,always,False,loneliness,-0.010222470807650732,0.010222470807650732,0.6538379788398743,0.7960783839225769,0.35,1,1,600,FP32-token-IDs
MentalBERT,d0judl,497,57,2467,always,always,False,sadness,-0.004040435781436307,0.004040435781436307,0.44028040766716003,0.9916817545890808,0.35,1,1,600,FP32-token-IDs
MentalBERT,d0judl,497,57,2467,always,always,False,suicide intent,-0.004932198019574455,0.004932198019574455,0.07008705288171768,0.037931881844997406,0.35,0,0,600,FP32-token-IDs
MentalBERT,d0judl,497,57,2467,always,always,False,worthlessness,-0.01904775874729874,0.01904775874729874,0.46631988883018494,0.7290966510772705,0.35,1,1,600,FP32-token-IDs
MentalBERT,d0judl,497,58,3084,makes,makes,False,anger,-0.006603517608961001,0.006603517608961001,0.2924574017524719,0.11497871577739716,0.35,1,0,600,FP32-token-IDs
MentalBERT,d0judl,497,58,3084,makes,makes,False,brain dysfunction (forget),-0.0076552367214823055,0.0076552367214823055,0.20912587642669678,0.12421266734600067,0.35,0,0,600,FP32-token-IDs
MentalBERT,d0judl,497,58,3084,makes,makes,False,emptiness,-0.021019268860497202,0.021019268860497202,0.2569177448749542,0.2810730040073395,0.35,1,0,600,FP32-token-IDs
MentalBERT,d0judl,497,58,3084,makes,makes,False,hopelessness,-0.007408930756343854,0.007408930756343854,0.453926682472229,0.9733936190605164,0.35,1,1,600,FP32-token-IDs
MentalBERT,d0judl,497,58,3084,makes,makes,False,loneliness,-0.010222470807650732,0.010222470807650732,0.6538379788398743,0.7960783839225769,0.35,1,1,600,FP32-token-IDs
MentalBERT,d0judl,497,58,3084,makes,makes,False,sadness,-0.004040435781436307,0.004040435781436307,0.44028040766716003,0.9916817545890808,0.35,1,1,600,FP32-token-IDs
MentalBERT,d0judl,497,58,3084,makes,makes,False,suicide intent,-0.004932198019574455,0.004932198019574455,0.07008705288171768,0.037931881844997406,0.35,0,0,600,FP32-token-IDs
MentalBERT,d0judl,497,58,3084,makes,makes,False,worthlessness,-0.01904775874729874,0.01904775874729874,0.46631988883018494,0.7290966510772705,0.35,1,1,600,FP32-token-IDs
MentalBERT,d0judl,497,59,2033,me,me,False,anger,-0.006603517608961001,0.006603517608961001,0.2924574017524719,0.11497871577739716,0.35,1,0,600,FP32-token-IDs
MentalBERT,d0judl,497,59,2033,me,me,False,brain dysfunction (forget),-0.0076552367214823055,0.0076552367214823055,0.20912587642669678,0.12421266734600067,0.35,0,0,600,FP32-token-IDs
MentalBERT,d0judl,497,59,2033,me,me,False,emptiness,-0.021019268860497202,0.021019268860497202,0.2569177448749542,0.2810730040073395,0.35,1,0,600,FP32-token-IDs
MentalBERT,d0judl,497,59,2033,me,me,False,hopelessness,-0.007408930756343854,0.007408930756343854,0.453926682472229,0.9733936190605164,0.35,1,1,600,FP32-token-IDs
MentalBERT,d0judl,497,59,2033,me,me,False,loneliness,-0.010222470807650732,0.010222470807650732,0.6538379788398743,0.7960783839225769,0.35,1,1,600,FP32-token-IDs
MentalBERT,d0judl,497,59,2033,me,me,False,sadness,-0.004040435781436307,0.004040435781436307,0.44028040766716003,0.9916817545890808,0.35,1,1,600,FP32-token-IDs
MentalBERT,d0judl,497,59,2033,me,me,False,suicide intent,-0.004932198019574455,0.004932198019574455,0.07008705288171768,0.037931881844997406,0.35,0,0,600,FP32-token-IDs
MentalBERT,d0judl,497,59,2033,me,me,False,worthlessness,-0.01904775874729874,0.01904775874729874,0.46631988883018494,0.7290966510772705,0.35,1,1,600,FP32-token-IDs
MentalBERT,d0judl,497,60,8796,uncomfortable,uncomfortable,False,anger,-0.0071073323328857355,0.0071073323328857355,0.2924574017524719,0.11497871577739716,0.35,1,0,600,FP32-token-IDs
MentalBERT,d0judl,497,60,8796,uncomfortable,uncomfortable,False,brain dysfunction (forget),-0.00920733256775531,0.00920733256775531,0.20912587642669678,0.12421266734600067,0.35,0,0,600,FP32-token-IDs
MentalBERT,d0judl,497,60,8796,uncomfortable,uncomfortable,False,emptiness,-0.02103213346223735,0.02103213346223735,0.2569177448749542,0.2810730040073395,0.35,1,0,600,FP32-token-IDs
MentalBERT,d0judl,497,60,8796,uncomfortable,uncomfortable,False,hopelessness,-0.006452061095467162,0.006452061095467162,0.453926682472229,0.9733936190605164,0.35,1,1,600,FP32-token-IDs
MentalBERT,d0judl,497,60,8796,uncomfortable,uncomfortable,False,loneliness,-0.00887943841590886,0.00887943841590886,0.6538379788398743,0.7960783839225769,0.35,1,1,600,FP32-token-IDs
MentalBERT,d0judl,497,60,8796,uncomfortable,uncomfortable,False,sadness,-0.004079328650342566,0.004079328650342566,0.44028040766716003,0.9916817545890808,0.35,1,1,600,FP32-token-IDs
MentalBERT,d0judl,497,60,8796,uncomfortable,uncomfortable,False,suicide intent,-0.005888745473399352,0.005888745473399352,0.07008705288171768,0.037931881844997406,0.35,0,0,600,FP32-token-IDs
MentalBERT,d0judl,497,60,8796,uncomfortable,uncomfortable,False,worthlessness,-0.016193233845230665,0.016193233845230665,0.46631988883018494,0.7290966510772705,0.35,1,1,600,FP32-token-IDs
MentalBERT,d0judl,497,61,2043,when,when,False,anger,-0.0071073323328857355,0.0071073323328857355,0.2924574017524719,0.11497871577739716,0.35,1,0,600,FP32-token-IDs
MentalBERT,d0judl,497,61,2043,when,when,False,brain dysfunction (forget),-0.00920733256775531,0.00920733256775531,0.20912587642669678,0.12421266734600067,0.35,0,0,600,FP32-token-IDs
MentalBERT,d0judl,497,61,2043,when,when,False,emptiness,-0.02103213346223735,0.02103213346223735,0.2569177448749542,0.2810730040073395,0.35,1,0,600,FP32-token-IDs
MentalBERT,d0judl,497,61,2043,when,when,False,hopelessness,-0.006452061095467162,0.006452061095467162,0.453926682472229,0.9733936190605164,0.35,1,1,600,FP32-token-IDs
MentalBERT,d0judl,497,61,2043,when,when,False,loneliness,-0.00887943841590886,0.00887943841590886,0.6538379788398743,0.7960783839225769,0.35,1,1,600,FP32-token-IDs
MentalBERT,d0judl,497,61,2043,when,when,False,sadness,-0.004079328650342566,0.004079328650342566,0.44028040766716003,0.9916817545890808,0.35,1,1,600,FP32-token-IDs
MentalBERT,d0judl,497,61,2043,when,when,False,suicide intent,-0.005888745473399352,0.005888745473399352,0.07008705288171768,0.037931881844997406,0.35,0,0,600,FP32-token-IDs
MentalBERT,d0judl,497,61,2043,when,when,False,worthlessness,-0.016193233845230665,0.016193233845230665,0.46631988883018494,0.7290966510772705,0.35,1,1,600,FP32-token-IDs
MentalBERT,d0judl,497,62,2111,people,people,False,anger,-0.0071073323328857355,0.0071073323328857355,0.2924574017524719,0.11497871577739716,0.35,1,0,600,FP32-token-IDs
MentalBERT,d0judl,497,62,2111,people,people,False,brain dysfunction (forget),-0.00920733256775531,0.00920733256775531,0.20912587642669678,0.12421266734600067,0.35,0,0,600,FP32-token-IDs
MentalBERT,d0judl,497,62,2111,people,people,False,emptiness,-0.02103213346223735,0.02103213346223735,0.2569177448749542,0.2810730040073395,0.35,1,0,600,FP32-token-IDs
MentalBERT,d0judl,497,62,2111,people,people,False,hopelessness,-0.006452061095467162,0.006452061095467162,0.453926682472229,0.9733936190605164,0.35,1,1,600,FP32-token-IDs
MentalBERT,d0judl,497,62,2111,people,people,False,loneliness,-0.00887943841590886,0.00887943841590886,0.6538379788398743,0.7960783839225769,0.35,1,1,600,FP32-token-IDs
MentalBERT,d0judl,497,62,2111,people,people,False,sadness,-0.004079328650342566,0.004079328650342566,0.44028040766716003,0.9916817545890808,0.35,1,1,600,FP32-token-IDs
MentalBERT,d0judl,497,62,2111,people,people,False,suicide intent,-0.005888745473399352,0.005888745473399352,0.07008705288171768,0.037931881844997406,0.35,0,0,600,FP32-token-IDs
MentalBERT,d0judl,497,62,2111,people,people,False,worthlessness,-0.016193233845230665,0.016193233845230665,0.46631988883018494,0.7290966510772705,0.35,1,1,600,FP32-token-IDs
MentalBERT,d0judl,497,63,2079,do,do,False,anger,-0.0071073323328857355,0.0071073323328857355,0.2924574017524719,0.11497871577739716,0.35,1,0,600,FP32-token-IDs
MentalBERT,d0judl,497,63,2079,do,do,False,brain dysfunction (forget),-0.00920733256775531,0.00920733256775531,0.20912587642669678,0.12421266734600067,0.35,0,0,600,FP32-token-IDs
MentalBERT,d0judl,497,63,2079,do,do,False,emptiness,-0.02103213346223735,0.02103213346223735,0.2569177448749542,0.2810730040073395,0.35,1,0,600,FP32-token-IDs
MentalBERT,d0judl,497,63,2079,do,do,False,hopelessness,-0.006452061095467162,0.006452061095467162,0.453926682472229,0.9733936190605164,0.35,1,1,600,FP32-token-IDs
MentalBERT,d0judl,497,63,2079,do,do,False,loneliness,-0.00887943841590886,0.00887943841590886,0.6538379788398743,0.7960783839225769,0.35,1,1,600,FP32-token-IDs
MentalBERT,d0judl,497,63,2079,do,do,False,sadness,-0.004079328650342566,0.004079328650342566,0.44028040766716003,0.9916817545890808,0.35,1,1,600,FP32-token-IDs
MentalBERT,d0judl,497,63,2079,do,do,False,suicide intent,-0.005888745473399352,0.005888745473399352,0.07008705288171768,0.037931881844997406,0.35,0,0,600,FP32-token-IDs
MentalBERT,d0judl,497,63,2079,do,do,False,worthlessness,-0.016193233845230665,0.016193233845230665,0.46631988883018494,0.7290966510772705,0.35,1,1,600,FP32-token-IDs
MentalBERT,d0judl,497,64,3835,nice,nice,False,anger,-0.005705148051077101,0.005705148051077101,0.2924574017524719,0.11497871577739716,0.35,1,0,600,FP32-token-IDs
MentalBERT,d0judl,497,64,3835,nice,nice,False,brain dysfunction (forget),-0.005768697668931314,0.005768697668931314,0.20912587642669678,0.12421266734600067,0.35,0,0,600,FP32-token-IDs
MentalBERT,d0judl,497,64,3835,nice,nice,False,emptiness,-0.001379824907053262,0.001379824907053262,0.2569177448749542,0.2810730040073395,0.35,1,0,600,FP32-token-IDs
MentalBERT,d0judl,497,64,3835,nice,nice,False,hopelessness,-0.0028362537235287685,0.0028362537235287685,0.453926682472229,0.9733936190605164,0.35,1,1,600,FP32-token-IDs
MentalBERT,d0judl,497,64,3835,nice,nice,False,loneliness,0.0025207469439400094,0.0025207469439400094,0.6538379788398743,0.7960783839225769,0.35,1,1,600,FP32-token-IDs
MentalBERT,d0judl,497,64,3835,nice,nice,False,sadness,-0.0004727858451328107,0.0004727858451328107,0.44028040766716003,0.9916817545890808,0.35,1,1,600,FP32-token-IDs
MentalBERT,d0judl,497,64,3835,nice,nice,False,suicide intent,-0.0027727804450218435,0.0027727804450218435,0.07008705288171768,0.037931881844997406,0.35,0,0,600,FP32-token-IDs
MentalBERT,d0judl,497,64,3835,nice,nice,False,worthlessness,-0.00750019642125283,0.00750019642125283,0.46631988883018494,0.7290966510772705,0.35,1,1,600,FP32-token-IDs
MentalBERT,d0judl,497,65,2477,things,things,False,anger,-0.005705148051077101,0.005705148051077101,0.2924574017524719,0.11497871577739716,0.35,1,0,600,FP32-token-IDs
MentalBERT,d0judl,497,65,2477,things,things,False,brain dysfunction (forget),-0.005768697668931314,0.005768697668931314,0.20912587642669678,0.12421266734600067,0.35,0,0,600,FP32-token-IDs
MentalBERT,d0judl,497,65,2477,things,things,False,emptiness,-0.001379824907053262,0.001379824907053262,0.2569177448749542,0.2810730040073395,0.35,1,0,600,FP32-token-IDs
MentalBERT,d0judl,497,65,2477,things,things,False,hopelessness,-0.0028362537235287685,0.0028362537235287685,0.453926682472229,0.9733936190605164,0.35,1,1,600,FP32-token-IDs
MentalBERT,d0judl,497,65,2477,things,things,False,loneliness,0.0025207469439400094,0.0025207469439400094,0.6538379788398743,0.7960783839225769,0.35,1,1,600,FP32-token-IDs
MentalBERT,d0judl,497,65,2477,things,things,False,sadness,-0.0004727858451328107,0.0004727858451328107,0.44028040766716003,0.9916817545890808,0.35,1,1,600,FP32-token-IDs
MentalBERT,d0judl,497,65,2477,things,things,False,suicide intent,-0.0027727804450218435,0.0027727804450218435,0.07008705288171768,0.037931881844997406,0.35,0,0,600,FP32-token-IDs
MentalBERT,d0judl,497,65,2477,things,things,False,worthlessness,-0.00750019642125283,0.00750019642125283,0.46631988883018494,0.7290966510772705,0.35,1,1,600,FP32-token-IDs
MentalBERT,d0judl,497,66,2005,for,for,False,anger,-0.005705148051077101,0.005705148051077101,0.2924574017524719,0.11497871577739716,0.35,1,0,600,FP32-token-IDs
MentalBERT,d0judl,497,66,2005,for,for,False,brain dysfunction (forget),-0.005768697668931314,0.005768697668931314,0.20912587642669678,0.12421266734600067,0.35,0,0,600,FP32-token-IDs
MentalBERT,d0judl,497,66,2005,for,for,False,emptiness,-0.001379824907053262,0.001379824907053262,0.2569177448749542,0.2810730040073395,0.35,1,0,600,FP32-token-IDs
MentalBERT,d0judl,497,66,2005,for,for,False,hopelessness,-0.0028362537235287685,0.0028362537235287685,0.453926682472229,0.9733936190605164,0.35,1,1,600,FP32-token-IDs
MentalBERT,d0judl,497,66,2005,for,for,False,loneliness,0.0025207469439400094,0.0025207469439400094,0.6538379788398743,0.7960783839225769,0.35,1,1,600,FP32-token-IDs
MentalBERT,d0judl,497,66,2005,for,for,False,sadness,-0.0004727858451328107,0.0004727858451328107,0.44028040766716003,0.9916817545890808,0.35,1,1,600,FP32-token-IDs
MentalBERT,d0judl,497,66,2005,for,for,False,suicide intent,-0.0027727804450218435,0.0027727804450218435,0.07008705288171768,0.037931881844997406,0.35,0,0,600,FP32-token-IDs
MentalBERT,d0judl,497,66,2005,for,for,False,worthlessness,-0.00750019642125283,0.00750019642125283,0.46631988883018494,0.7290966510772705,0.35,1,1,600,FP32-token-IDs
MentalBERT,d0judl,497,67,2033,me,me,False,anger,-0.005705148051077101,0.005705148051077101,0.2924574017524719,0.11497871577739716,0.35,1,0,600,FP32-token-IDs
MentalBERT,d0judl,497,67,2033,me,me,False,brain dysfunction (forget),-0.005768697668931314,0.005768697668931314,0.20912587642669678,0.12421266734600067,0.35,0,0,600,FP32-token-IDs
MentalBERT,d0judl,497,67,2033,me,me,False,emptiness,-0.001379824907053262,0.001379824907053262,0.2569177448749542,0.2810730040073395,0.35,1,0,600,FP32-token-IDs
MentalBERT,d0judl,497,67,2033,me,me,False,hopelessness,-0.0028362537235287685,0.0028362537235287685,0.453926682472229,0.9733936190605164,0.35,1,1,600,FP32-token-IDs
MentalBERT,d0judl,497,67,2033,me,me,False,loneliness,0.0025207469439400094,0.0025207469439400094,0.6538379788398743,0.7960783839225769,0.35,1,1,600,FP32-token-IDs
MentalBERT,d0judl,497,67,2033,me,me,False,sadness,-0.0004727858451328107,0.0004727858451328107,0.44028040766716003,0.9916817545890808,0.35,1,1,600,FP32-token-IDs
MentalBERT,d0judl,497,67,2033,me,me,False,suicide intent,-0.0027727804450218435,0.0027727804450218435,0.07008705288171768,0.037931881844997406,0.35,0,0,600,FP32-token-IDs
MentalBERT,d0judl,497,67,2033,me,me,False,worthlessness,-0.00750019642125283,0.00750019642125283,0.46631988883018494,0.7290966510772705,0.35,1,1,600,FP32-token-IDs
MentalBERT,d0judl,497,68,1012,.,.,False,anger,-0.005362457883477743,0.005362457883477743,0.2924574017524719,0.11497871577739716,0.35,1,0,600,FP32-token-IDs
MentalBERT,d0judl,497,68,1012,.,.,False,brain dysfunction (forget),-0.004904979567176529,0.004904979567176529,0.20912587642669678,0.12421266734600067,0.35,0,0,600,FP32-token-IDs
MentalBERT,d0judl,497,68,1012,.,.,False,emptiness,0.0014712830656208099,0.0014712830656208099,0.2569177448749542,0.2810730040073395,0.35,1,0,600,FP32-token-IDs
MentalBERT,d0judl,497,68,1012,.,.,False,hopelessness,-0.0006150065422324197,0.0006150065422324197,0.453926682472229,0.9733936190605164,0.35,1,1,600,FP32-token-IDs
MentalBERT,d0judl,497,68,1012,.,.,False,loneliness,0.0032631002100450652,0.0032631002100450652,0.6538379788398743,0.7960783839225769,0.35,1,1,600,FP32-token-IDs
MentalBERT,d0judl,497,68,1012,.,.,False,sadness,-0.0003289903381041118,0.0003289903381041118,0.44028040766716003,0.9916817545890808,0.35,1,1,600,FP32-token-IDs
MentalBERT,d0judl,497,68,1012,.,.,False,suicide intent,-0.0018761723955062087,0.0018761723955062087,0.07008705288171768,0.037931881844997406,0.35,0,0,600,FP32-token-IDs
MentalBERT,d0judl,497,68,1012,.,.,False,worthlessness,-0.0026144216751812824,0.0026144216751812824,0.46631988883018494,0.7290966510772705,0.35,1,1,600,FP32-token-IDs
MentalBERT,d0judl,497,69,1045,i,i,False,anger,0.002461029711412266,0.002461029711412266,0.2924574017524719,0.11497871577739716,0.35,1,0,600,FP32-token-IDs
MentalBERT,d0judl,497,69,1045,i,i,False,brain dysfunction (forget),0.005231867166003212,0.005231867166003212,0.20912587642669678,0.12421266734600067,0.35,0,0,600,FP32-token-IDs
MentalBERT,d0judl,497,69,1045,i,i,False,emptiness,0.024175601720344275,0.024175601720344275,0.2569177448749542,0.2810730040073395,0.35,1,0,600,FP32-token-IDs
MentalBERT,d0judl,497,69,1045,i,i,False,hopelessness,0.008724182698642835,0.008724182698642835,0.453926682472229,0.9733936190605164,0.35,1,1,600,FP32-token-IDs
MentalBERT,d0judl,497,69,1045,i,i,False,loneliness,0.008937877486459911,0.008937877486459911,0.6538379788398743,0.7960783839225769,0.35,1,1,600,FP32-token-IDs
MentalBERT,d0judl,497,69,1045,i,i,False,sadness,0.004958146018907428,0.004958146018907428,0.44028040766716003,0.9916817545890808,0.35,1,1,600,FP32-token-IDs
MentalBERT,d0judl,497,69,1045,i,i,False,suicide intent,0.0036506901851680595,0.0036506901851680595,0.07008705288171768,0.037931881844997406,0.35,0,0,600,FP32-token-IDs
MentalBERT,d0judl,497,69,1045,i,i,False,worthlessness,0.017115248294430785,0.017115248294430785,0.46631988883018494,0.7290966510772705,0.35,1,1,600,FP32-token-IDs
MentalBERT,d0judl,497,70,2123,don,don,False,anger,0.0050651716980307055,0.0050651716980307055,0.2924574017524719,0.11497871577739716,0.35,1,0,600,FP32-token-IDs
MentalBERT,d0judl,497,70,2123,don,don,False,brain dysfunction (forget),0.005590144593346243,0.005590144593346243,0.20912587642669678,0.12421266734600067,0.35,0,0,600,FP32-token-IDs
MentalBERT,d0judl,497,70,2123,don,don,False,emptiness,0.028849667811300606,0.028849667811300606,0.2569177448749542,0.2810730040073395,0.35,1,0,600,FP32-token-IDs
MentalBERT,d0judl,497,70,2123,don,don,False,hopelessness,0.0145245453750249,0.0145245453750249,0.453926682472229,0.9733936190605164,0.35,1,1,600,FP32-token-IDs
MentalBERT,d0judl,497,70,2123,don,don,False,loneliness,0.01188128460974743,0.01188128460974743,0.6538379788398743,0.7960783839225769,0.35,1,1,600,FP32-token-IDs
MentalBERT,d0judl,497,70,2123,don,don,False,sadness,0.005627278937026858,0.005627278937026858,0.44028040766716003,0.9916817545890808,0.35,1,1,600,FP32-token-IDs
MentalBERT,d0judl,497,70,2123,don,don,False,suicide intent,0.003817415697994875,0.003817415697994875,0.07008705288171768,0.037931881844997406,0.35,0,0,600,FP32-token-IDs
MentalBERT,d0judl,497,70,2123,don,don,False,worthlessness,0.02878995604987722,0.02878995604987722,0.46631988883018494,0.7290966510772705,0.35,1,1,600,FP32-token-IDs
MentalBERT,d0judl,497,71,1005,',',False,anger,0.0050651716980307055,0.0050651716980307055,0.2924574017524719,0.11497871577739716,0.35,1,0,600,FP32-token-IDs
MentalBERT,d0judl,497,71,1005,',',False,brain dysfunction (forget),0.005590144593346243,0.005590144593346243,0.20912587642669678,0.12421266734600067,0.35,0,0,600,FP32-token-IDs
MentalBERT,d0judl,497,71,1005,',',False,emptiness,0.028849667811300606,0.028849667811300606,0.2569177448749542,0.2810730040073395,0.35,1,0,600,FP32-token-IDs
MentalBERT,d0judl,497,71,1005,',',False,hopelessness,0.0145245453750249,0.0145245453750249,0.453926682472229,0.9733936190605164,0.35,1,1,600,FP32-token-IDs
MentalBERT,d0judl,497,71,1005,',',False,loneliness,0.01188128460974743,0.01188128460974743,0.6538379788398743,0.7960783839225769,0.35,1,1,600,FP32-token-IDs
MentalBERT,d0judl,497,71,1005,',',False,sadness,0.005627278937026858,0.005627278937026858,0.44028040766716003,0.9916817545890808,0.35,1,1,600,FP32-token-IDs
MentalBERT,d0judl,497,71,1005,',',False,suicide intent,0.003817415697994875,0.003817415697994875,0.07008705288171768,0.037931881844997406,0.35,0,0,600,FP32-token-IDs
MentalBERT,d0judl,497,71,1005,',',False,worthlessness,0.02878995604987722,0.02878995604987722,0.46631988883018494,0.7290966510772705,0.35,1,1,600,FP32-token-IDs
MentalBERT,d0judl,497,72,1056,t,t,False,anger,0.0050651716980307055,0.0050651716980307055,0.2924574017524719,0.11497871577739716,0.35,1,0,600,FP32-token-IDs
MentalBERT,d0judl,497,72,1056,t,t,False,brain dysfunction (forget),0.005590144593346243,0.005590144593346243,0.20912587642669678,0.12421266734600067,0.35,0,0,600,FP32-token-IDs
MentalBERT,d0judl,497,72,1056,t,t,False,emptiness,0.028849667811300606,0.028849667811300606,0.2569177448749542,0.2810730040073395,0.35,1,0,600,FP32-token-IDs
MentalBERT,d0judl,497,72,1056,t,t,False,hopelessness,0.0145245453750249,0.0145245453750249,0.453926682472229,0.9733936190605164,0.35,1,1,600,FP32-token-IDs
MentalBERT,d0judl,497,72,1056,t,t,False,loneliness,0.01188128460974743,0.01188128460974743,0.6538379788398743,0.7960783839225769,0.35,1,1,600,FP32-token-IDs
MentalBERT,d0judl,497,72,1056,t,t,False,sadness,0.005627278937026858,0.005627278937026858,0.44028040766716003,0.9916817545890808,0.35,1,1,600,FP32-token-IDs
MentalBERT,d0judl,497,72,1056,t,t,False,suicide intent,0.003817415697994875,0.003817415697994875,0.07008705288171768,0.037931881844997406,0.35,0,0,600,FP32-token-IDs
MentalBERT,d0judl,497,72,1056,t,t,False,worthlessness,0.02878995604987722,0.02878995604987722,0.46631988883018494,0.7290966510772705,0.35,1,1,600,FP32-token-IDs
MentalBERT,d0judl,497,73,2514,feel,feel,False,anger,0.009214720437012148,0.009214720437012148,0.2924574017524719,0.11497871577739716,0.35,1,0,600,FP32-token-IDs
MentalBERT,d0judl,497,73,2514,feel,feel,False,brain dysfunction (forget),0.005711971584241837,0.005711971584241837,0.20912587642669678,0.12421266734600067,0.35,0,0,600,FP32-token-IDs
MentalBERT,d0judl,497,73,2514,feel,feel,False,emptiness,0.03351321256486699,0.03351321256486699,0.2569177448749542,0.2810730040073395,0.35,1,0,600,FP32-token-IDs
MentalBERT,d0judl,497,73,2514,feel,feel,False,hopelessness,0.023453693080227822,0.023453693080227822,0.453926682472229,0.9733936190605164,0.35,1,1,600,FP32-token-IDs
MentalBERT,d0judl,497,73,2514,feel,feel,False,loneliness,0.019445150974206626,0.019445150974206626,0.6538379788398743,0.7960783839225769,0.35,1,1,600,FP32-token-IDs
MentalBERT,d0judl,497,73,2514,feel,feel,False,sadness,0.016204895405098795,0.016204895405098795,0.44028040766716003,0.9916817545890808,0.35,1,1,600,FP32-token-IDs
MentalBERT,d0judl,497,73,2514,feel,feel,False,suicide intent,0.0026694726540881673,0.0026694726540881673,0.07008705288171768,0.037931881844997406,0.35,0,0,600,FP32-token-IDs
MentalBERT,d0judl,497,73,2514,feel,feel,False,worthlessness,0.03727280017919839,0.03727280017919839,0.46631988883018494,0.7290966510772705,0.35,1,1,600,FP32-token-IDs
MentalBERT,d0judl,497,74,2066,like,like,False,anger,0.009214720437012148,0.009214720437012148,0.2924574017524719,0.11497871577739716,0.35,1,0,600,FP32-token-IDs
MentalBERT,d0judl,497,74,2066,like,like,False,brain dysfunction (forget),0.005711971584241837,0.005711971584241837,0.20912587642669678,0.12421266734600067,0.35,0,0,600,FP32-token-IDs
MentalBERT,d0judl,497,74,2066,like,like,False,emptiness,0.03351321256486699,0.03351321256486699,0.2569177448749542,0.2810730040073395,0.35,1,0,600,FP32-token-IDs
MentalBERT,d0judl,497,74,2066,like,like,False,hopelessness,0.023453693080227822,0.023453693080227822,0.453926682472229,0.9733936190605164,0.35,1,1,600,FP32-token-IDs
MentalBERT,d0judl,497,74,2066,like,like,False,loneliness,0.019445150974206626,0.019445150974206626,0.6538379788398743,0.7960783839225769,0.35,1,1,600,FP32-token-IDs
MentalBERT,d0judl,497,74,2066,like,like,False,sadness,0.016204895405098795,0.016204895405098795,0.44028040766716003,0.9916817545890808,0.35,1,1,600,FP32-token-IDs
MentalBERT,d0judl,497,74,2066,like,like,False,suicide intent,0.0026694726540881673,0.0026694726540881673,0.07008705288171768,0.037931881844997406,0.35,0,0,600,FP32-token-IDs
MentalBERT,d0judl,497,74,2066,like,like,False,worthlessness,0.03727280017919839,0.03727280017919839,0.46631988883018494,0.7290966510772705,0.35,1,1,600,FP32-token-IDs
MentalBERT,d0judl,497,75,1045,i,i,False,anger,0.03341412766700766,0.03341412766700766,0.2924574017524719,0.11497871577739716,0.35,1,0,600,FP32-token-IDs
MentalBERT,d0judl,497,75,1045,i,i,False,brain dysfunction (forget),0.008518272871151566,0.008518272871151566,0.20912587642669678,0.12421266734600067,0.35,0,0,600,FP32-token-IDs
MentalBERT,d0judl,497,75,1045,i,i,False,emptiness,0.051890674685516086,0.051890674685516086,0.2569177448749542,0.2810730040073395,0.35,1,0,600,FP32-token-IDs
MentalBERT,d0judl,497,75,1045,i,i,False,hopelessness,0.0733086965046823,0.0733086965046823,0.453926682472229,0.9733936190605164,0.35,1,1,600,FP32-token-IDs
MentalBERT,d0judl,497,75,1045,i,i,False,loneliness,0.023241617484018207,0.023241617484018207,0.6538379788398743,0.7960783839225769,0.35,1,1,600,FP32-token-IDs
MentalBERT,d0judl,497,75,1045,i,i,False,sadness,0.03139951502283414,0.03139951502283414,0.44028040766716003,0.9916817545890808,0.35,1,1,600,FP32-token-IDs
MentalBERT,d0judl,497,75,1045,i,i,False,suicide intent,0.008788389583545116,0.008788389583545116,0.07008705288171768,0.037931881844997406,0.35,0,0,600,FP32-token-IDs
MentalBERT,d0judl,497,75,1045,i,i,False,worthlessness,0.10659741298101533,0.10659741298101533,0.46631988883018494,0.7290966510772705,0.35,1,1,600,FP32-token-IDs
MentalBERT,d0judl,497,76,10107,deserve,deserve,False,anger,0.03341412766700766,0.03341412766700766,0.2924574017524719,0.11497871577739716,0.35,1,0,600,FP32-token-IDs
MentalBERT,d0judl,497,76,10107,deserve,deserve,False,brain dysfunction (forget),0.008518272871151566,0.008518272871151566,0.20912587642669678,0.12421266734600067,0.35,0,0,600,FP32-token-IDs
MentalBERT,d0judl,497,76,10107,deserve,deserve,False,emptiness,0.051890674685516086,0.051890674685516086,0.2569177448749542,0.2810730040073395,0.35,1,0,600,FP32-token-IDs
MentalBERT,d0judl,497,76,10107,deserve,deserve,False,hopelessness,0.0733086965046823,0.0733086965046823,0.453926682472229,0.9733936190605164,0.35,1,1,600,FP32-token-IDs
MentalBERT,d0judl,497,76,10107,deserve,deserve,False,loneliness,0.023241617484018207,0.023241617484018207,0.6538379788398743,0.7960783839225769,0.35,1,1,600,FP32-token-IDs
MentalBERT,d0judl,497,76,10107,deserve,deserve,False,sadness,0.03139951502283414,0.03139951502283414,0.44028040766716003,0.9916817545890808,0.35,1,1,600,FP32-token-IDs
MentalBERT,d0judl,497,76,10107,deserve,deserve,False,suicide intent,0.008788389583545116,0.008788389583545116,0.07008705288171768,0.037931881844997406,0.35,0,0,600,FP32-token-IDs
MentalBERT,d0judl,497,76,10107,deserve,deserve,False,worthlessness,0.10659741298101533,0.10659741298101533,0.46631988883018494,0.7290966510772705,0.35,1,1,600,FP32-token-IDs
MentalBERT,d0judl,497,77,2505,anything,anything,False,anger,0.03224853765083632,0.03224853765083632,0.2924574017524719,0.11497871577739716,0.35,1,0,600,FP32-token-IDs
MentalBERT,d0judl,497,77,2505,anything,anything,False,brain dysfunction (forget),0.008072214643470943,0.008072214643470943,0.20912587642669678,0.12421266734600067,0.35,0,0,600,FP32-token-IDs
MentalBERT,d0judl,497,77,2505,anything,anything,False,emptiness,0.051120343528843176,0.051120343528843176,0.2569177448749542,0.2810730040073395,0.35,1,0,600,FP32-token-IDs
MentalBERT,d0judl,497,77,2505,anything,anything,False,hopelessness,0.07073070202022791,0.07073070202022791,0.453926682472229,0.9733936190605164,0.35,1,1,600,FP32-token-IDs
MentalBERT,d0judl,497,77,2505,anything,anything,False,loneliness,0.022209075512364507,0.022209075512364507,0.6538379788398743,0.7960783839225769,0.35,1,1,600,FP32-token-IDs
MentalBERT,d0judl,497,77,2505,anything,anything,False,sadness,0.03091140653317173,0.03091140653317173,0.44028040766716003,0.9916817545890808,0.35,1,1,600,FP32-token-IDs
MentalBERT,d0judl,497,77,2505,anything,anything,False,suicide intent,0.008640507091088996,0.008640507091088996,0.07008705288171768,0.037931881844997406,0.35,0,0,600,FP32-token-IDs
MentalBERT,d0judl,497,77,2505,anything,anything,False,worthlessness,0.10171225596374522,0.10171225596374522,0.46631988883018494,0.7290966510772705,0.35,1,1,600,FP32-token-IDs
MentalBERT,d0judl,497,78,1998,and,and,False,anger,0.0011099531075471423,0.0011099531075471423,0.2924574017524719,0.11497871577739716,0.35,1,0,600,FP32-token-IDs
MentalBERT,d0judl,497,78,1998,and,and,False,brain dysfunction (forget),0.0016068041913657107,0.0016068041913657107,0.20912587642669678,0.12421266734600067,0.35,0,0,600,FP32-token-IDs
MentalBERT,d0judl,497,78,1998,and,and,False,emptiness,-0.0047766103008244605,0.0047766103008244605,0.2569177448749542,0.2810730040073395,0.35,1,0,600,FP32-token-IDs
MentalBERT,d0judl,497,78,1998,and,and,False,hopelessness,-0.0010911953808644263,0.0010911953808644263,0.453926682472229,0.9733936190605164,0.35,1,1,600,FP32-token-IDs
MentalBERT,d0judl,497,78,1998,and,and,False,loneliness,-0.008215236119352855,0.008215236119352855,0.6538379788398743,0.7960783839225769,0.35,1,1,600,FP32-token-IDs
MentalBERT,d0judl,497,78,1998,and,and,False,sadness,-0.0012613882700729575,0.0012613882700729575,0.44028040766716003,0.9916817545890808,0.35,1,1,600,FP32-token-IDs
MentalBERT,d0judl,497,78,1998,and,and,False,suicide intent,-0.002349807334064833,0.002349807334064833,0.07008705288171768,0.037931881844997406,0.35,0,0,600,FP32-token-IDs
MentalBERT,d0judl,497,78,1998,and,and,False,worthlessness,0.0004980257761059727,0.0004980257761059727,0.46631988883018494,0.7290966510772705,0.35,1,1,600,FP32-token-IDs
MentalBERT,d0judl,497,79,1996,the,the,False,anger,0.0011099531075471423,0.0011099531075471423,0.2924574017524719,0.11497871577739716,0.35,1,0,600,FP32-token-IDs
MentalBERT,d0judl,497,79,1996,the,the,False,brain dysfunction (forget),0.0016068041913657107,0.0016068041913657107,0.20912587642669678,0.12421266734600067,0.35,0,0,600,FP32-token-IDs
MentalBERT,d0judl,497,79,1996,the,the,False,emptiness,-0.0047766103008244605,0.0047766103008244605,0.2569177448749542,0.2810730040073395,0.35,1,0,600,FP32-token-IDs
MentalBERT,d0judl,497,79,1996,the,the,False,hopelessness,-0.0010911953808644263,0.0010911953808644263,0.453926682472229,0.9733936190605164,0.35,1,1,600,FP32-token-IDs
MentalBERT,d0judl,497,79,1996,the,the,False,loneliness,-0.008215236119352855,0.008215236119352855,0.6538379788398743,0.7960783839225769,0.35,1,1,600,FP32-token-IDs
MentalBERT,d0judl,497,79,1996,the,the,False,sadness,-0.0012613882700729575,0.0012613882700729575,0.44028040766716003,0.9916817545890808,0.35,1,1,600,FP32-token-IDs
MentalBERT,d0judl,497,79,1996,the,the,False,suicide intent,-0.002349807334064833,0.002349807334064833,0.07008705288171768,0.037931881844997406,0.35,0,0,600,FP32-token-IDs
MentalBERT,d0judl,497,79,1996,the,the,False,worthlessness,0.0004980257761059727,0.0004980257761059727,0.46631988883018494,0.7290966510772705,0.35,1,1,600,FP32-token-IDs
MentalBERT,d0judl,497,80,5038,recognition,recognition,False,anger,0.0011099531075471423,0.0011099531075471423,0.2924574017524719,0.11497871577739716,0.35,1,0,600,FP32-token-IDs
MentalBERT,d0judl,497,80,5038,recognition,recognition,False,brain dysfunction (forget),0.0016068041913657107,0.0016068041913657107,0.20912587642669678,0.12421266734600067,0.35,0,0,600,FP32-token-IDs
MentalBERT,d0judl,497,80,5038,recognition,recognition,False,emptiness,-0.0047766103008244605,0.0047766103008244605,0.2569177448749542,0.2810730040073395,0.35,1,0,600,FP32-token-IDs
MentalBERT,d0judl,497,80,5038,recognition,recognition,False,hopelessness,-0.0010911953808644263,0.0010911953808644263,0.453926682472229,0.9733936190605164,0.35,1,1,600,FP32-token-IDs
MentalBERT,d0judl,497,80,5038,recognition,recognition,False,loneliness,-0.008215236119352855,0.008215236119352855,0.6538379788398743,0.7960783839225769,0.35,1,1,600,FP32-token-IDs
MentalBERT,d0judl,497,80,5038,recognition,recognition,False,sadness,-0.0012613882700729575,0.0012613882700729575,0.44028040766716003,0.9916817545890808,0.35,1,1,600,FP32-token-IDs
MentalBERT,d0judl,497,80,5038,recognition,recognition,False,suicide intent,-0.002349807334064833,0.002349807334064833,0.07008705288171768,0.037931881844997406,0.35,0,0,600,FP32-token-IDs
MentalBERT,d0judl,497,80,5038,recognition,recognition,False,worthlessness,0.0004980257761059727,0.0004980257761059727,0.46631988883018494,0.7290966510772705,0.35,1,1,600,FP32-token-IDs
MentalBERT,d0judl,497,81,3084,makes,makes,False,anger,0.0011099531075471423,0.0011099531075471423,0.2924574017524719,0.11497871577739716,0.35,1,0,600,FP32-token-IDs
MentalBERT,d0judl,497,81,3084,makes,makes,False,brain dysfunction (forget),0.0016068041913657107,0.0016068041913657107,0.20912587642669678,0.12421266734600067,0.35,0,0,600,FP32-token-IDs
MentalBERT,d0judl,497,81,3084,makes,makes,False,emptiness,-0.0047766103008244605,0.0047766103008244605,0.2569177448749542,0.2810730040073395,0.35,1,0,600,FP32-token-IDs
MentalBERT,d0judl,497,81,3084,makes,makes,False,hopelessness,-0.0010911953808644263,0.0010911953808644263,0.453926682472229,0.9733936190605164,0.35,1,1,600,FP32-token-IDs
MentalBERT,d0judl,497,81,3084,makes,makes,False,loneliness,-0.008215236119352855,0.008215236119352855,0.6538379788398743,0.7960783839225769,0.35,1,1,600,FP32-token-IDs
MentalBERT,d0judl,497,81,3084,makes,makes,False,sadness,-0.0012613882700729575,0.0012613882700729575,0.44028040766716003,0.9916817545890808,0.35,1,1,600,FP32-token-IDs
MentalBERT,d0judl,497,81,3084,makes,makes,False,suicide intent,-0.002349807334064833,0.002349807334064833,0.07008705288171768,0.037931881844997406,0.35,0,0,600,FP32-token-IDs
MentalBERT,d0judl,497,81,3084,makes,makes,False,worthlessness,0.0004980257761059727,0.0004980257761059727,0.46631988883018494,0.7290966510772705,0.35,1,1,600,FP32-token-IDs
MentalBERT,d0judl,497,82,2033,me,me,False,anger,0.0011099531075471423,0.0011099531075471423,0.2924574017524719,0.11497871577739716,0.35,1,0,600,FP32-token-IDs
MentalBERT,d0judl,497,82,2033,me,me,False,brain dysfunction (forget),0.0016068041913657107,0.0016068041913657107,0.20912587642669678,0.12421266734600067,0.35,0,0,600,FP32-token-IDs
MentalBERT,d0judl,497,82,2033,me,me,False,emptiness,-0.0047766103008244605,0.0047766103008244605,0.2569177448749542,0.2810730040073395,0.35,1,0,600,FP32-token-IDs
MentalBERT,d0judl,497,82,2033,me,me,False,hopelessness,-0.0010911953808644263,0.0010911953808644263,0.453926682472229,0.9733936190605164,0.35,1,1,600,FP32-token-IDs
MentalBERT,d0judl,497,82,2033,me,me,False,loneliness,-0.008215236119352855,0.008215236119352855,0.6538379788398743,0.7960783839225769,0.35,1,1,600,FP32-token-IDs
MentalBERT,d0judl,497,82,2033,me,me,False,sadness,-0.0012613882700729575,0.0012613882700729575,0.44028040766716003,0.9916817545890808,0.35,1,1,600,FP32-token-IDs
MentalBERT,d0judl,497,82,2033,me,me,False,suicide intent,-0.002349807334064833,0.002349807334064833,0.07008705288171768,0.037931881844997406,0.35,0,0,600,FP32-token-IDs
MentalBERT,d0judl,497,82,2033,me,me,False,worthlessness,0.0004980257761059727,0.0004980257761059727,0.46631988883018494,0.7290966510772705,0.35,1,1,600,FP32-token-IDs
MentalBERT,d0judl,497,83,13675,cr,cr,False,anger,0.0011099531075471423,0.0011099531075471423,0.2924574017524719,0.11497871577739716,0.35,1,0,600,FP32-token-IDs
MentalBERT,d0judl,497,83,13675,cr,cr,False,brain dysfunction (forget),0.001606804191365711,0.001606804191365711,0.20912587642669678,0.12421266734600067,0.35,0,0,600,FP32-token-IDs
MentalBERT,d0judl,497,83,13675,cr,cr,False,emptiness,-0.00477661030082446,0.00477661030082446,0.2569177448749542,0.2810730040073395,0.35,1,0,600,FP32-token-IDs
MentalBERT,d0judl,497,83,13675,cr,cr,False,hopelessness,-0.0010911953808644263,0.0010911953808644263,0.453926682472229,0.9733936190605164,0.35,1,1,600,FP32-token-IDs
MentalBERT,d0judl,497,83,13675,cr,cr,False,loneliness,-0.008215236119352855,0.008215236119352855,0.6538379788398743,0.7960783839225769,0.35,1,1,600,FP32-token-IDs
MentalBERT,d0judl,497,83,13675,cr,cr,False,sadness,-0.0012613882700729573,0.0012613882700729573,0.44028040766716003,0.9916817545890808,0.35,1,1,600,FP32-token-IDs
MentalBERT,d0judl,497,83,13675,cr,cr,False,suicide intent,-0.0023498073340648324,0.0023498073340648324,0.07008705288171768,0.037931881844997406,0.35,0,0,600,FP32-token-IDs
MentalBERT,d0judl,497,83,13675,cr,cr,False,worthlessness,0.0004980257761059727,0.0004980257761059727,0.46631988883018494,0.7290966510772705,0.35,1,1,600,FP32-token-IDs
MentalBERT,d0judl,497,84,23496,##inge,inge,False,anger,0.0011099531075471423,0.0011099531075471423,0.2924574017524719,0.11497871577739716,0.35,1,0,600,FP32-token-IDs
MentalBERT,d0judl,497,84,23496,##inge,inge,False,brain dysfunction (forget),0.001606804191365711,0.001606804191365711,0.20912587642669678,0.12421266734600067,0.35,0,0,600,FP32-token-IDs
MentalBERT,d0judl,497,84,23496,##inge,inge,False,emptiness,-0.00477661030082446,0.00477661030082446,0.2569177448749542,0.2810730040073395,0.35,1,0,600,FP32-token-IDs
MentalBERT,d0judl,497,84,23496,##inge,inge,False,hopelessness,-0.0010911953808644263,0.0010911953808644263,0.453926682472229,0.9733936190605164,0.35,1,1,600,FP32-token-IDs
MentalBERT,d0judl,497,84,23496,##inge,inge,False,loneliness,-0.008215236119352855,0.008215236119352855,0.6538379788398743,0.7960783839225769,0.35,1,1,600,FP32-token-IDs
MentalBERT,d0judl,497,84,23496,##inge,inge,False,sadness,-0.0012613882700729573,0.0012613882700729573,0.44028040766716003,0.9916817545890808,0.35,1,1,600,FP32-token-IDs
MentalBERT,d0judl,497,84,23496,##inge,inge,False,suicide intent,-0.0023498073340648324,0.0023498073340648324,0.07008705288171768,0.037931881844997406,0.35,0,0,600,FP32-token-IDs
MentalBERT,d0judl,497,84,23496,##inge,inge,False,worthlessness,0.0004980257761059727,0.0004980257761059727,0.46631988883018494,0.7290966510772705,0.35,1,1,600,FP32-token-IDs
MentalBERT,d0judl,497,85,2138,because,because,False,anger,0.0011099531075471423,0.0011099531075471423,0.2924574017524719,0.11497871577739716,0.35,1,0,600,FP32-token-IDs
MentalBERT,d0judl,497,85,2138,because,because,False,brain dysfunction (forget),0.001606804191365711,0.001606804191365711,0.20912587642669678,0.12421266734600067,0.35,0,0,600,FP32-token-IDs
MentalBERT,d0judl,497,85,2138,because,because,False,emptiness,-0.00477661030082446,0.00477661030082446,0.2569177448749542,0.2810730040073395,0.35,1,0,600,FP32-token-IDs
MentalBERT,d0judl,497,85,2138,because,because,False,hopelessness,-0.0010911953808644263,0.0010911953808644263,0.453926682472229,0.9733936190605164,0.35,1,1,600,FP32-token-IDs
MentalBERT,d0judl,497,85,2138,because,because,False,loneliness,-0.008215236119352855,0.008215236119352855,0.6538379788398743,0.7960783839225769,0.35,1,1,600,FP32-token-IDs
MentalBERT,d0judl,497,85,2138,because,because,False,sadness,-0.0012613882700729573,0.0012613882700729573,0.44028040766716003,0.9916817545890808,0.35,1,1,600,FP32-token-IDs
MentalBERT,d0judl,497,85,2138,because,because,False,suicide intent,-0.0023498073340648324,0.0023498073340648324,0.07008705288171768,0.037931881844997406,0.35,0,0,600,FP32-token-IDs
MentalBERT,d0judl,497,85,2138,because,because,False,worthlessness,0.0004980257761059727,0.0004980257761059727,0.46631988883018494,0.7290966510772705,0.35,1,1,600,FP32-token-IDs
MentalBERT,d0judl,497,86,1045,i,i,False,anger,0.0011099531075471423,0.0011099531075471423,0.2924574017524719,0.11497871577739716,0.35,1,0,600,FP32-token-IDs
MentalBERT,d0judl,497,86,1045,i,i,False,brain dysfunction (forget),0.001606804191365711,0.001606804191365711,0.20912587642669678,0.12421266734600067,0.35,0,0,600,FP32-token-IDs
MentalBERT,d0judl,497,86,1045,i,i,False,emptiness,-0.00477661030082446,0.00477661030082446,0.2569177448749542,0.2810730040073395,0.35,1,0,600,FP32-token-IDs
MentalBERT,d0judl,497,86,1045,i,i,False,hopelessness,-0.0010911953808644263,0.0010911953808644263,0.453926682472229,0.9733936190605164,0.35,1,1,600,FP32-token-IDs
MentalBERT,d0judl,497,86,1045,i,i,False,loneliness,-0.008215236119352855,0.008215236119352855,0.6538379788398743,0.7960783839225769,0.35,1,1,600,FP32-token-IDs
MentalBERT,d0judl,497,86,1045,i,i,False,sadness,-0.0012613882700729573,0.0012613882700729573,0.44028040766716003,0.9916817545890808,0.35,1,1,600,FP32-token-IDs
MentalBERT,d0judl,497,86,1045,i,i,False,suicide intent,-0.0023498073340648324,0.0023498073340648324,0.07008705288171768,0.037931881844997406,0.35,0,0,600,FP32-token-IDs
MentalBERT,d0judl,497,86,1045,i,i,False,worthlessness,0.0004980257761059727,0.0004980257761059727,0.46631988883018494,0.7290966510772705,0.35,1,1,600,FP32-token-IDs
MentalBERT,d0judl,497,87,2074,just,just,False,anger,0.0011099531075471423,0.0011099531075471423,0.2924574017524719,0.11497871577739716,0.35,1,0,600,FP32-token-IDs
MentalBERT,d0judl,497,87,2074,just,just,False,brain dysfunction (forget),0.001606804191365711,0.001606804191365711,0.20912587642669678,0.12421266734600067,0.35,0,0,600,FP32-token-IDs
MentalBERT,d0judl,497,87,2074,just,just,False,emptiness,-0.00477661030082446,0.00477661030082446,0.2569177448749542,0.2810730040073395,0.35,1,0,600,FP32-token-IDs
MentalBERT,d0judl,497,87,2074,just,just,False,hopelessness,-0.0010911953808644263,0.0010911953808644263,0.453926682472229,0.9733936190605164,0.35,1,1,600,FP32-token-IDs
MentalBERT,d0judl,497,87,2074,just,just,False,loneliness,-0.008215236119352855,0.008215236119352855,0.6538379788398743,0.7960783839225769,0.35,1,1,600,FP32-token-IDs
MentalBERT,d0judl,497,87,2074,just,just,False,sadness,-0.0012613882700729573,0.0012613882700729573,0.44028040766716003,0.9916817545890808,0.35,1,1,600,FP32-token-IDs
MentalBERT,d0judl,497,87,2074,just,just,False,suicide intent,-0.0023498073340648324,0.0023498073340648324,0.07008705288171768,0.037931881844997406,0.35,0,0,600,FP32-token-IDs
MentalBERT,d0judl,497,87,2074,just,just,False,worthlessness,0.0004980257761059727,0.0004980257761059727,0.46631988883018494,0.7290966510772705,0.35,1,1,600,FP32-token-IDs
MentalBERT,d0judl,497,88,2031,have,have,False,anger,0.0011099531075471423,0.0011099531075471423,0.2924574017524719,0.11497871577739716,0.35,1,0,600,FP32-token-IDs
MentalBERT,d0judl,497,88,2031,have,have,False,brain dysfunction (forget),0.001606804191365711,0.001606804191365711,0.20912587642669678,0.12421266734600067,0.35,0,0,600,FP32-token-IDs
MentalBERT,d0judl,497,88,2031,have,have,False,emptiness,-0.00477661030082446,0.00477661030082446,0.2569177448749542,0.2810730040073395,0.35,1,0,600,FP32-token-IDs
MentalBERT,d0judl,497,88,2031,have,have,False,hopelessness,-0.0010911953808644263,0.0010911953808644263,0.453926682472229,0.9733936190605164,0.35,1,1,600,FP32-token-IDs
MentalBERT,d0judl,497,88,2031,have,have,False,loneliness,-0.008215236119352855,0.008215236119352855,0.6538379788398743,0.7960783839225769,0.35,1,1,600,FP32-token-IDs
MentalBERT,d0judl,497,88,2031,have,have,False,sadness,-0.0012613882700729573,0.0012613882700729573,0.44028040766716003,0.9916817545890808,0.35,1,1,600,FP32-token-IDs
MentalBERT,d0judl,497,88,2031,have,have,False,suicide intent,-0.0023498073340648324,0.0023498073340648324,0.07008705288171768,0.037931881844997406,0.35,0,0,600,FP32-token-IDs
MentalBERT,d0judl,497,88,2031,have,have,False,worthlessness,0.0004980257761059727,0.0004980257761059727,0.46631988883018494,0.7290966510772705,0.35,1,1,600,FP32-token-IDs
MentalBERT,d0judl,497,89,2061,so,so,False,anger,0.0011099531075471423,0.0011099531075471423,0.2924574017524719,0.11497871577739716,0.35,1,0,600,FP32-token-IDs
MentalBERT,d0judl,497,89,2061,so,so,False,brain dysfunction (forget),0.001606804191365711,0.001606804191365711,0.20912587642669678,0.12421266734600067,0.35,0,0,600,FP32-token-IDs
MentalBERT,d0judl,497,89,2061,so,so,False,emptiness,-0.00477661030082446,0.00477661030082446,0.2569177448749542,0.2810730040073395,0.35,1,0,600,FP32-token-IDs
MentalBERT,d0judl,497,89,2061,so,so,False,hopelessness,-0.0010911953808644263,0.0010911953808644263,0.453926682472229,0.9733936190605164,0.35,1,1,600,FP32-token-IDs
MentalBERT,d0judl,497,89,2061,so,so,False,loneliness,-0.008215236119352855,0.008215236119352855,0.6538379788398743,0.7960783839225769,0.35,1,1,600,FP32-token-IDs
MentalBERT,d0judl,497,89,2061,so,so,False,sadness,-0.0012613882700729573,0.0012613882700729573,0.44028040766716003,0.9916817545890808,0.35,1,1,600,FP32-token-IDs
MentalBERT,d0judl,497,89,2061,so,so,False,suicide intent,-0.0023498073340648324,0.0023498073340648324,0.07008705288171768,0.037931881844997406,0.35,0,0,600,FP32-token-IDs
MentalBERT,d0judl,497,89,2061,so,so,False,worthlessness,0.0004980257761059727,0.0004980257761059727,0.46631988883018494,0.7290966510772705,0.35,1,1,600,FP32-token-IDs
MentalBERT,d0judl,497,90,2116,many,many,False,anger,0.0011099531075471423,0.0011099531075471423,0.2924574017524719,0.11497871577739716,0.35,1,0,600,FP32-token-IDs
MentalBERT,d0judl,497,90,2116,many,many,False,brain dysfunction (forget),0.001606804191365711,0.001606804191365711,0.20912587642669678,0.12421266734600067,0.35,0,0,600,FP32-token-IDs
MentalBERT,d0judl,497,90,2116,many,many,False,emptiness,-0.00477661030082446,0.00477661030082446,0.2569177448749542,0.2810730040073395,0.35,1,0,600,FP32-token-IDs
MentalBERT,d0judl,497,90,2116,many,many,False,hopelessness,-0.0010911953808644263,0.0010911953808644263,0.453926682472229,0.9733936190605164,0.35,1,1,600,FP32-token-IDs
MentalBERT,d0judl,497,90,2116,many,many,False,loneliness,-0.008215236119352855,0.008215236119352855,0.6538379788398743,0.7960783839225769,0.35,1,1,600,FP32-token-IDs
MentalBERT,d0judl,497,90,2116,many,many,False,sadness,-0.0012613882700729573,0.0012613882700729573,0.44028040766716003,0.9916817545890808,0.35,1,1,600,FP32-token-IDs
MentalBERT,d0judl,497,90,2116,many,many,False,suicide intent,-0.0023498073340648324,0.0023498073340648324,0.07008705288171768,0.037931881844997406,0.35,0,0,600,FP32-token-IDs
MentalBERT,d0judl,497,90,2116,many,many,False,worthlessness,0.0004980257761059727,0.0004980257761059727,0.46631988883018494,0.7290966510772705,0.35,1,1,600,FP32-token-IDs
MentalBERT,d0judl,497,91,4997,negative,negative,False,anger,0.0003937599081028666,0.0003937599081028666,0.2924574017524719,0.11497871577739716,0.35,1,0,600,FP32-token-IDs
MentalBERT,d0judl,497,91,4997,negative,negative,False,brain dysfunction (forget),0.0022837351710121665,0.0022837351710121665,0.20912587642669678,0.12421266734600067,0.35,0,0,600,FP32-token-IDs
MentalBERT,d0judl,497,91,4997,negative,negative,False,emptiness,-0.0005136147438962427,0.0005136147438962427,0.2569177448749542,0.2810730040073395,0.35,1,0,600,FP32-token-IDs
MentalBERT,d0judl,497,91,4997,negative,negative,False,hopelessness,0.00528002242402484,0.00528002242402484,0.453926682472229,0.9733936190605164,0.35,1,1,600,FP32-token-IDs
MentalBERT,d0judl,497,91,4997,negative,negative,False,loneliness,-0.004770466173067689,0.004770466173067689,0.6538379788398743,0.7960783839225769,0.35,1,1,600,FP32-token-IDs
MentalBERT,d0judl,497,91,4997,negative,negative,False,sadness,0.004557265889727407,0.004557265889727407,0.44028040766716003,0.9916817545890808,0.35,1,1,600,FP32-token-IDs
MentalBERT,d0judl,497,91,4997,negative,negative,False,suicide intent,-0.0023470331345581347,0.0023470331345581347,0.07008705288171768,0.037931881844997406,0.35,0,0,600,FP32-token-IDs
MentalBERT,d0judl,497,91,4997,negative,negative,False,worthlessness,0.006345045707550728,0.006345045707550728,0.46631988883018494,0.7290966510772705,0.35,1,1,600,FP32-token-IDs
MentalBERT,d0judl,497,92,5346,feelings,feelings,False,anger,0.0003937599081028666,0.0003937599081028666,0.2924574017524719,0.11497871577739716,0.35,1,0,600,FP32-token-IDs
MentalBERT,d0judl,497,92,5346,feelings,feelings,False,brain dysfunction (forget),0.0022837351710121665,0.0022837351710121665,0.20912587642669678,0.12421266734600067,0.35,0,0,600,FP32-token-IDs
MentalBERT,d0judl,497,92,5346,feelings,feelings,False,emptiness,-0.0005136147438962427,0.0005136147438962427,0.2569177448749542,0.2810730040073395,0.35,1,0,600,FP32-token-IDs
MentalBERT,d0judl,497,92,5346,feelings,feelings,False,hopelessness,0.00528002242402484,0.00528002242402484,0.453926682472229,0.9733936190605164,0.35,1,1,600,FP32-token-IDs
MentalBERT,d0judl,497,92,5346,feelings,feelings,False,loneliness,-0.004770466173067689,0.004770466173067689,0.6538379788398743,0.7960783839225769,0.35,1,1,600,FP32-token-IDs
MentalBERT,d0judl,497,92,5346,feelings,feelings,False,sadness,0.004557265889727407,0.004557265889727407,0.44028040766716003,0.9916817545890808,0.35,1,1,600,FP32-token-IDs
MentalBERT,d0judl,497,92,5346,feelings,feelings,False,suicide intent,-0.0023470331345581347,0.0023470331345581347,0.07008705288171768,0.037931881844997406,0.35,0,0,600,FP32-token-IDs
MentalBERT,d0judl,497,92,5346,feelings,feelings,False,worthlessness,0.006345045707550728,0.006345045707550728,0.46631988883018494,0.7290966510772705,0.35,1,1,600,FP32-token-IDs
MentalBERT,d0judl,497,93,2055,about,about,False,anger,0.0003937599081028666,0.0003937599081028666,0.2924574017524719,0.11497871577739716,0.35,1,0,600,FP32-token-IDs
MentalBERT,d0judl,497,93,2055,about,about,False,brain dysfunction (forget),0.0022837351710121665,0.0022837351710121665,0.20912587642669678,0.12421266734600067,0.35,0,0,600,FP32-token-IDs
MentalBERT,d0judl,497,93,2055,about,about,False,emptiness,-0.0005136147438962427,0.0005136147438962427,0.2569177448749542,0.2810730040073395,0.35,1,0,600,FP32-token-IDs
MentalBERT,d0judl,497,93,2055,about,about,False,hopelessness,0.00528002242402484,0.00528002242402484,0.453926682472229,0.9733936190605164,0.35,1,1,600,FP32-token-IDs
MentalBERT,d0judl,497,93,2055,about,about,False,loneliness,-0.004770466173067689,0.004770466173067689,0.6538379788398743,0.7960783839225769,0.35,1,1,600,FP32-token-IDs
MentalBERT,d0judl,497,93,2055,about,about,False,sadness,0.004557265889727407,0.004557265889727407,0.44028040766716003,0.9916817545890808,0.35,1,1,600,FP32-token-IDs
MentalBERT,d0judl,497,93,2055,about,about,False,suicide intent,-0.0023470331345581347,0.0023470331345581347,0.07008705288171768,0.037931881844997406,0.35,0,0,600,FP32-token-IDs
MentalBERT,d0judl,497,93,2055,about,about,False,worthlessness,0.006345045707550728,0.006345045707550728,0.46631988883018494,0.7290966510772705,0.35,1,1,600,FP32-token-IDs
MentalBERT,d0judl,497,94,2870,myself,myself,False,anger,0.0003937599081028666,0.0003937599081028666,0.2924574017524719,0.11497871577739716,0.35,1,0,600,FP32-token-IDs
MentalBERT,d0judl,497,94,2870,myself,myself,False,brain dysfunction (forget),0.0022837351710121665,0.0022837351710121665,0.20912587642669678,0.12421266734600067,0.35,0,0,600,FP32-token-IDs
MentalBERT,d0judl,497,94,2870,myself,myself,False,emptiness,-0.0005136147438962427,0.0005136147438962427,0.2569177448749542,0.2810730040073395,0.35,1,0,600,FP32-token-IDs
MentalBERT,d0judl,497,94,2870,myself,myself,False,hopelessness,0.00528002242402484,0.00528002242402484,0.453926682472229,0.9733936190605164,0.35,1,1,600,FP32-token-IDs
MentalBERT,d0judl,497,94,2870,myself,myself,False,loneliness,-0.004770466173067689,0.004770466173067689,0.6538379788398743,0.7960783839225769,0.35,1,1,600,FP32-token-IDs
MentalBERT,d0judl,497,94,2870,myself,myself,False,sadness,0.004557265889727407,0.004557265889727407,0.44028040766716003,0.9916817545890808,0.35,1,1,600,FP32-token-IDs
MentalBERT,d0judl,497,94,2870,myself,myself,False,suicide intent,-0.0023470331345581347,0.0023470331345581347,0.07008705288171768,0.037931881844997406,0.35,0,0,600,FP32-token-IDs
MentalBERT,d0judl,497,94,2870,myself,myself,False,worthlessness,0.006345045707550728,0.006345045707550728,0.46631988883018494,0.7290966510772705,0.35,1,1,600,FP32-token-IDs
MentalBERT,d0judl,497,95,1012,.,.,False,anger,-0.0017100110585387383,0.0017100110585387383,0.2924574017524719,0.11497871577739716,0.35,1,0,600,FP32-token-IDs
MentalBERT,d0judl,497,95,1012,.,.,False,brain dysfunction (forget),0.0018996954015973542,0.0018996954015973542,0.20912587642669678,0.12421266734600067,0.35,0,0,600,FP32-token-IDs
MentalBERT,d0judl,497,95,1012,.,.,False,emptiness,-0.001802723279171106,0.001802723279171106,0.2569177448749542,0.2810730040073395,0.35,1,0,600,FP32-token-IDs
MentalBERT,d0judl,497,95,1012,.,.,False,hopelessness,0.0021172553844129045,0.0021172553844129045,0.453926682472229,0.9733936190605164,0.35,1,1,600,FP32-token-IDs
MentalBERT,d0judl,497,95,1012,.,.,False,loneliness,-0.004907756857573986,0.004907756857573986,0.6538379788398743,0.7960783839225769,0.35,1,1,600,FP32-token-IDs
MentalBERT,d0judl,497,95,1012,.,.,False,sadness,0.0019700038143330148,0.0019700038143330148,0.44028040766716003,0.9916817545890808,0.35,1,1,600,FP32-token-IDs
MentalBERT,d0judl,497,95,1012,.,.,False,suicide intent,-0.0024084358139791423,0.0024084358139791423,0.07008705288171768,0.037931881844997406,0.35,0,0,600,FP32-token-IDs
MentalBERT,d0judl,497,95,1012,.,.,False,worthlessness,0.003279698501703226,0.003279698501703226,0.46631988883018494,0.7290966510772705,0.35,1,1,600,FP32-token-IDs
MentalBERT,d0judl,497,96,2066,like,like,False,anger,0.012414253360475414,0.012414253360475414,0.2924574017524719,0.11497871577739716,0.35,1,0,600,FP32-token-IDs
MentalBERT,d0judl,497,96,2066,like,like,False,brain dysfunction (forget),0.015374158305348828,0.015374158305348828,0.20912587642669678,0.12421266734600067,0.35,0,0,600,FP32-token-IDs
MentalBERT,d0judl,497,96,2066,like,like,False,emptiness,0.017834232276072726,0.017834232276072726,0.2569177448749542,0.2810730040073395,0.35,1,0,600,FP32-token-IDs
MentalBERT,d0judl,497,96,2066,like,like,False,hopelessness,0.02439287956804037,0.02439287956804037,0.453926682472229,0.9733936190605164,0.35,1,1,600,FP32-token-IDs
MentalBERT,d0judl,497,96,2066,like,like,False,loneliness,0.004086694010766223,0.004086694010766223,0.6538379788398743,0.7960783839225769,0.35,1,1,600,FP32-token-IDs
MentalBERT,d0judl,497,96,2066,like,like,False,sadness,0.013329180888831615,0.013329180888831615,0.44028040766716003,0.9916817545890808,0.35,1,1,600,FP32-token-IDs
MentalBERT,d0judl,497,96,2066,like,like,False,suicide intent,0.008582766233303118,0.008582766233303118,0.07008705288171768,0.037931881844997406,0.35,0,0,600,FP32-token-IDs
MentalBERT,d0judl,497,96,2066,like,like,False,worthlessness,0.03847776120528579,0.03847776120528579,0.46631988883018494,0.7290966510772705,0.35,1,1,600,FP32-token-IDs
MentalBERT,d0judl,497,97,1045,i,i,False,anger,0.012414253360475414,0.012414253360475414,0.2924574017524719,0.11497871577739716,0.35,1,0,600,FP32-token-IDs
MentalBERT,d0judl,497,97,1045,i,i,False,brain dysfunction (forget),0.015374158305348828,0.015374158305348828,0.20912587642669678,0.12421266734600067,0.35,0,0,600,FP32-token-IDs
MentalBERT,d0judl,497,97,1045,i,i,False,emptiness,0.017834232276072726,0.017834232276072726,0.2569177448749542,0.2810730040073395,0.35,1,0,600,FP32-token-IDs
MentalBERT,d0judl,497,97,1045,i,i,False,hopelessness,0.02439287956804037,0.02439287956804037,0.453926682472229,0.9733936190605164,0.35,1,1,600,FP32-token-IDs
MentalBERT,d0judl,497,97,1045,i,i,False,loneliness,0.004086694010766223,0.004086694010766223,0.6538379788398743,0.7960783839225769,0.35,1,1,600,FP32-token-IDs
MentalBERT,d0judl,497,97,1045,i,i,False,sadness,0.013329180888831615,0.013329180888831615,0.44028040766716003,0.9916817545890808,0.35,1,1,600,FP32-token-IDs
MentalBERT,d0judl,497,97,1045,i,i,False,suicide intent,0.008582766233303118,0.008582766233303118,0.07008705288171768,0.037931881844997406,0.35,0,0,600,FP32-token-IDs
MentalBERT,d0judl,497,97,1045,i,i,False,worthlessness,0.03847776120528579,0.03847776120528579,0.46631988883018494,0.7290966510772705,0.35,1,1,600,FP32-token-IDs
MentalBERT,d0judl,497,98,2074,just,just,False,anger,0.00931604793004226,0.00931604793004226,0.2924574017524719,0.11497871577739716,0.35,1,0,600,FP32-token-IDs
MentalBERT,d0judl,497,98,2074,just,just,False,brain dysfunction (forget),0.014350331883179024,0.014350331883179024,0.20912587642669678,0.12421266734600067,0.35,0,0,600,FP32-token-IDs
MentalBERT,d0judl,497,98,2074,just,just,False,emptiness,0.015962925128405914,0.015962925128405914,0.2569177448749542,0.2810730040073395,0.35,1,0,600,FP32-token-IDs
MentalBERT,d0judl,497,98,2074,just,just,False,hopelessness,0.019306376576423645,0.019306376576423645,0.453926682472229,0.9733936190605164,0.35,1,1,600,FP32-token-IDs
MentalBERT,d0judl,497,98,2074,just,just,False,loneliness,0.004775328357936814,0.004775328357936814,0.6538379788398743,0.7960783839225769,0.35,1,1,600,FP32-token-IDs
MentalBERT,d0judl,497,98,2074,just,just,False,sadness,0.011014285497367382,0.011014285497367382,0.44028040766716003,0.9916817545890808,0.35,1,1,600,FP32-token-IDs
MentalBERT,d0judl,497,98,2074,just,just,False,suicide intent,0.008562113165680785,0.008562113165680785,0.07008705288171768,0.037931881844997406,0.35,0,0,600,FP32-token-IDs
MentalBERT,d0judl,497,98,2074,just,just,False,worthlessness,0.03300079237669706,0.03300079237669706,0.46631988883018494,0.7290966510772705,0.35,1,1,600,FP32-token-IDs
MentalBERT,d0judl,497,99,2215,want,want,False,anger,0.00931604793004226,0.00931604793004226,0.2924574017524719,0.11497871577739716,0.35,1,0,600,FP32-token-IDs
MentalBERT,d0judl,497,99,2215,want,want,False,brain dysfunction (forget),0.014350331883179024,0.014350331883179024,0.20912587642669678,0.12421266734600067,0.35,0,0,600,FP32-token-IDs
MentalBERT,d0judl,497,99,2215,want,want,False,emptiness,0.015962925128405914,0.015962925128405914,0.2569177448749542,0.2810730040073395,0.35,1,0,600,FP32-token-IDs
MentalBERT,d0judl,497,99,2215,want,want,False,hopelessness,0.019306376576423645,0.019306376576423645,0.453926682472229,0.9733936190605164,0.35,1,1,600,FP32-token-IDs
MentalBERT,d0judl,497,99,2215,want,want,False,loneliness,0.004775328357936814,0.004775328357936814,0.6538379788398743,0.7960783839225769,0.35,1,1,600,FP32-token-IDs
MentalBERT,d0judl,497,99,2215,want,want,False,sadness,0.011014285497367382,0.011014285497367382,0.44028040766716003,0.9916817545890808,0.35,1,1,600,FP32-token-IDs
MentalBERT,d0judl,497,99,2215,want,want,False,suicide intent,0.008562113165680785,0.008562113165680785,0.07008705288171768,0.037931881844997406,0.35,0,0,600,FP32-token-IDs
MentalBERT,d0judl,497,99,2215,want,want,False,worthlessness,0.03300079237669706,0.03300079237669706,0.46631988883018494,0.7290966510772705,0.35,1,1,600,FP32-token-IDs
MentalBERT,d0judl,497,100,2000,to,to,False,anger,0.003823317456408404,0.003823317456408404,0.2924574017524719,0.11497871577739716,0.35,1,0,600,FP32-token-IDs
MentalBERT,d0judl,497,100,2000,to,to,False,brain dysfunction (forget),-0.004849808115977794,0.004849808115977794,0.20912587642669678,0.12421266734600067,0.35,0,0,600,FP32-token-IDs
MentalBERT,d0judl,497,100,2000,to,to,False,emptiness,-0.0018691946170292795,0.0018691946170292795,0.2569177448749542,0.2810730040073395,0.35,1,0,600,FP32-token-IDs
MentalBERT,d0judl,497,100,2000,to,to,False,hopelessness,0.00047350674867630005,0.00047350674867630005,0.453926682472229,0.9733936190605164,0.35,1,1,600,FP32-token-IDs
MentalBERT,d0judl,497,100,2000,to,to,False,loneliness,0.013801375724142417,0.013801375724142417,0.6538379788398743,0.7960783839225769,0.35,1,1,600,FP32-token-IDs
MentalBERT,d0judl,497,100,2000,to,to,False,sadness,0.005548452027142048,0.005548452027142048,0.44028040766716003,0.9916817545890808,0.35,1,1,600,FP32-token-IDs
MentalBERT,d0judl,497,100,2000,to,to,False,suicide intent,-0.0004747608691104688,0.0004747608691104688,0.07008705288171768,0.037931881844997406,0.35,0,0,600,FP32-token-IDs
MentalBERT,d0judl,497,100,2000,to,to,False,worthlessness,-0.014055841020308435,0.014055841020308435,0.46631988883018494,0.7290966510772705,0.35,1,1,600,FP32-token-IDs
MentalBERT,d0judl,497,101,2022,be,be,False,anger,0.003823317456408404,0.003823317456408404,0.2924574017524719,0.11497871577739716,0.35,1,0,600,FP32-token-IDs
MentalBERT,d0judl,497,101,2022,be,be,False,brain dysfunction (forget),-0.004849808115977794,0.004849808115977794,0.20912587642669678,0.12421266734600067,0.35,0,0,600,FP32-token-IDs
MentalBERT,d0judl,497,101,2022,be,be,False,emptiness,-0.0018691946170292795,0.0018691946170292795,0.2569177448749542,0.2810730040073395,0.35,1,0,600,FP32-token-IDs
MentalBERT,d0judl,497,101,2022,be,be,False,hopelessness,0.00047350674867630005,0.00047350674867630005,0.453926682472229,0.9733936190605164,0.35,1,1,600,FP32-token-IDs
MentalBERT,d0judl,497,101,2022,be,be,False,loneliness,0.013801375724142417,0.013801375724142417,0.6538379788398743,0.7960783839225769,0.35,1,1,600,FP32-token-IDs
MentalBERT,d0judl,497,101,2022,be,be,False,sadness,0.005548452027142048,0.005548452027142048,0.44028040766716003,0.9916817545890808,0.35,1,1,600,FP32-token-IDs
MentalBERT,d0judl,497,101,2022,be,be,False,suicide intent,-0.0004747608691104688,0.0004747608691104688,0.07008705288171768,0.037931881844997406,0.35,0,0,600,FP32-token-IDs
MentalBERT,d0judl,497,101,2022,be,be,False,worthlessness,-0.014055841020308435,0.014055841020308435,0.46631988883018494,0.7290966510772705,0.35,1,1,600,FP32-token-IDs
MentalBERT,d0judl,497,102,2187,left,left,False,anger,0.0018653470178833231,0.0018653470178833231,0.2924574017524719,0.11497871577739716,0.35,1,0,600,FP32-token-IDs
MentalBERT,d0judl,497,102,2187,left,left,False,brain dysfunction (forget),-0.005606147169601172,0.005606147169601172,0.20912587642669678,0.12421266734600067,0.35,0,0,600,FP32-token-IDs
MentalBERT,d0judl,497,102,2187,left,left,False,emptiness,0.13942998251877725,0.13942998251877725,0.2569177448749542,0.2810730040073395,0.35,1,0,600,FP32-token-IDs
MentalBERT,d0judl,497,102,2187,left,left,False,hopelessness,0.04213123023509979,0.04213123023509979,0.453926682472229,0.9733936190605164,0.35,1,1,600,FP32-token-IDs
MentalBERT,d0judl,497,102,2187,left,left,False,loneliness,0.24794256000313908,0.24794256000313908,0.6538379788398743,0.7960783839225769,0.35,1,1,600,FP32-token-IDs
MentalBERT,d0judl,497,102,2187,left,left,False,sadness,0.041959166061133146,0.041959166061133146,0.44028040766716003,0.9916817545890808,0.35,1,1,600,FP32-token-IDs
MentalBERT,d0judl,497,102,2187,left,left,False,suicide intent,-0.005769118884927593,0.005769118884927593,0.07008705288171768,0.037931881844997406,0.35,0,0,600,FP32-token-IDs
MentalBERT,d0judl,497,102,2187,left,left,False,worthlessness,0.015668524312786758,0.015668524312786758,0.46631988883018494,0.7290966510772705,0.35,1,1,600,FP32-token-IDs
MentalBERT,d0judl,497,103,2894,alone,alone,False,anger,-0.005366809098632075,0.005366809098632075,0.2924574017524719,0.11497871577739716,0.35,1,0,600,FP32-token-IDs
MentalBERT,d0judl,497,103,2894,alone,alone,False,brain dysfunction (forget),-0.008679043792653829,0.008679043792653829,0.20912587642669678,0.12421266734600067,0.35,0,0,600,FP32-token-IDs
MentalBERT,d0judl,497,103,2894,alone,alone,False,emptiness,0.17348714149557054,0.17348714149557054,0.2569177448749542,0.2810730040073395,0.35,1,0,600,FP32-token-IDs
MentalBERT,d0judl,497,103,2894,alone,alone,False,hopelessness,0.03844025172293186,0.03844025172293186,0.453926682472229,0.9733936190605164,0.35,1,1,600,FP32-token-IDs
MentalBERT,d0judl,497,103,2894,alone,alone,False,loneliness,0.3938539454829879,0.3938539454829879,0.6538379788398743,0.7960783839225769,0.35,1,1,600,FP32-token-IDs
MentalBERT,d0judl,497,103,2894,alone,alone,False,sadness,0.045116512570530176,0.045116512570530176,0.44028040766716003,0.9916817545890808,0.35,1,1,600,FP32-token-IDs
MentalBERT,d0judl,497,103,2894,alone,alone,False,suicide intent,-0.009083137148991227,0.009083137148991227,0.07008705288171768,0.037931881844997406,0.35,0,0,600,FP32-token-IDs
MentalBERT,d0judl,497,103,2894,alone,alone,False,worthlessness,-0.032126743462868035,0.032126743462868035,0.46631988883018494,0.7290966510772705,0.35,1,1,600,FP32-token-IDs
MentalBERT,d0judl,497,104,2000,to,to,False,anger,0.0648193016842318,0.0648193016842318,0.2924574017524719,0.11497871577739716,0.35,1,0,600,FP32-token-IDs
MentalBERT,d0judl,497,104,2000,to,to,False,brain dysfunction (forget),0.009245720451387267,0.009245720451387267,0.20912587642669678,0.12421266734600067,0.35,0,0,600,FP32-token-IDs
MentalBERT,d0judl,497,104,2000,to,to,False,emptiness,-0.013039077601085105,0.013039077601085105,0.2569177448749542,0.2810730040073395,0.35,1,0,600,FP32-token-IDs
MentalBERT,d0judl,497,104,2000,to,to,False,hopelessness,0.0344681057613343,0.0344681057613343,0.453926682472229,0.9733936190605164,0.35,1,1,600,FP32-token-IDs
MentalBERT,d0judl,497,104,2000,to,to,False,loneliness,-0.01714404218364507,0.01714404218364507,0.6538379788398743,0.7960783839225769,0.35,1,1,600,FP32-token-IDs
MentalBERT,d0judl,497,104,2000,to,to,False,sadness,0.0175029035191983,0.0175029035191983,0.44028040766716003,0.9916817545890808,0.35,1,1,600,FP32-token-IDs
MentalBERT,d0judl,497,104,2000,to,to,False,suicide intent,0.011035347465076483,0.011035347465076483,0.07008705288171768,0.037931881844997406,0.35,0,0,600,FP32-token-IDs
MentalBERT,d0judl,497,104,2000,to,to,False,worthlessness,0.050304519943892956,0.050304519943892956,0.46631988883018494,0.7290966510772705,0.35,1,1,600,FP32-token-IDs
MentalBERT,d0judl,497,105,5223,hate,hate,False,anger,0.0648193016842318,0.0648193016842318,0.2924574017524719,0.11497871577739716,0.35,1,0,600,FP32-token-IDs
MentalBERT,d0judl,497,105,5223,hate,hate,False,brain dysfunction (forget),0.009245720451387267,0.009245720451387267,0.20912587642669678,0.12421266734600067,0.35,0,0,600,FP32-token-IDs
MentalBERT,d0judl,497,105,5223,hate,hate,False,emptiness,-0.013039077601085105,0.013039077601085105,0.2569177448749542,0.2810730040073395,0.35,1,0,600,FP32-token-IDs
MentalBERT,d0judl,497,105,5223,hate,hate,False,hopelessness,0.0344681057613343,0.0344681057613343,0.453926682472229,0.9733936190605164,0.35,1,1,600,FP32-token-IDs
MentalBERT,d0judl,497,105,5223,hate,hate,False,loneliness,-0.01714404218364507,0.01714404218364507,0.6538379788398743,0.7960783839225769,0.35,1,1,600,FP32-token-IDs
MentalBERT,d0judl,497,105,5223,hate,hate,False,sadness,0.0175029035191983,0.0175029035191983,0.44028040766716003,0.9916817545890808,0.35,1,1,600,FP32-token-IDs
MentalBERT,d0judl,497,105,5223,hate,hate,False,suicide intent,0.011035347465076483,0.011035347465076483,0.07008705288171768,0.037931881844997406,0.35,0,0,600,FP32-token-IDs
MentalBERT,d0judl,497,105,5223,hate,hate,False,worthlessness,0.050304519943892956,0.050304519943892956,0.46631988883018494,0.7290966510772705,0.35,1,1,600,FP32-token-IDs
MentalBERT,d0judl,497,106,2673,everything,everything,False,anger,0.009410511752745758,0.009410511752745758,0.2924574017524719,0.11497871577739716,0.35,1,0,600,FP32-token-IDs
MentalBERT,d0judl,497,106,2673,everything,everything,False,brain dysfunction (forget),0.004894758528098464,0.004894758528098464,0.20912587642669678,0.12421266734600067,0.35,0,0,600,FP32-token-IDs
MentalBERT,d0judl,497,106,2673,everything,everything,False,emptiness,-0.011447777707750599,0.011447777707750599,0.2569177448749542,0.2810730040073395,0.35,1,0,600,FP32-token-IDs
MentalBERT,d0judl,497,106,2673,everything,everything,False,hopelessness,0.0070268926210701466,0.0070268926210701466,0.453926682472229,0.9733936190605164,0.35,1,1,600,FP32-token-IDs
MentalBERT,d0judl,497,106,2673,everything,everything,False,loneliness,-0.0027107931285475693,0.0027107931285475693,0.6538379788398743,0.7960783839225769,0.35,1,1,600,FP32-token-IDs
MentalBERT,d0judl,497,106,2673,everything,everything,False,sadness,0.00508805454398195,0.00508805454398195,0.44028040766716003,0.9916817545890808,0.35,1,1,600,FP32-token-IDs
MentalBERT,d0judl,497,106,2673,everything,everything,False,suicide intent,0.008653931087853077,0.008653931087853077,0.07008705288171768,0.037931881844997406,0.35,0,0,600,FP32-token-IDs
MentalBERT,d0judl,497,106,2673,everything,everything,False,worthlessness,0.009675750819345316,0.009675750819345316,0.46631988883018494,0.7290966510772705,0.35,1,1,600,FP32-token-IDs
MentalBERT,d0judl,497,107,1999,in,in,False,anger,0.009410511752745758,0.009410511752745758,0.2924574017524719,0.11497871577739716,0.35,1,0,600,FP32-token-IDs
MentalBERT,d0judl,497,107,1999,in,in,False,brain dysfunction (forget),0.004894758528098464,0.004894758528098464,0.20912587642669678,0.12421266734600067,0.35,0,0,600,FP32-token-IDs
MentalBERT,d0judl,497,107,1999,in,in,False,emptiness,-0.011447777707750599,0.011447777707750599,0.2569177448749542,0.2810730040073395,0.35,1,0,600,FP32-token-IDs
MentalBERT,d0judl,497,107,1999,in,in,False,hopelessness,0.0070268926210701466,0.0070268926210701466,0.453926682472229,0.9733936190605164,0.35,1,1,600,FP32-token-IDs
MentalBERT,d0judl,497,107,1999,in,in,False,loneliness,-0.0027107931285475693,0.0027107931285475693,0.6538379788398743,0.7960783839225769,0.35,1,1,600,FP32-token-IDs
MentalBERT,d0judl,497,107,1999,in,in,False,sadness,0.00508805454398195,0.00508805454398195,0.44028040766716003,0.9916817545890808,0.35,1,1,600,FP32-token-IDs
MentalBERT,d0judl,497,107,1999,in,in,False,suicide intent,0.008653931087853077,0.008653931087853077,0.07008705288171768,0.037931881844997406,0.35,0,0,600,FP32-token-IDs
MentalBERT,d0judl,497,107,1999,in,in,False,worthlessness,0.009675750819345316,0.009675750819345316,0.46631988883018494,0.7290966510772705,0.35,1,1,600,FP32-token-IDs
MentalBERT,d0judl,497,108,3521,peace,peace,False,anger,0.009410511752745758,0.009410511752745758,0.2924574017524719,0.11497871577739716,0.35,1,0,600,FP32-token-IDs
MentalBERT,d0judl,497,108,3521,peace,peace,False,brain dysfunction (forget),0.004894758528098464,0.004894758528098464,0.20912587642669678,0.12421266734600067,0.35,0,0,600,FP32-token-IDs
MentalBERT,d0judl,497,108,3521,peace,peace,False,emptiness,-0.011447777707750599,0.011447777707750599,0.2569177448749542,0.2810730040073395,0.35,1,0,600,FP32-token-IDs
MentalBERT,d0judl,497,108,3521,peace,peace,False,hopelessness,0.0070268926210701466,0.0070268926210701466,0.453926682472229,0.9733936190605164,0.35,1,1,600,FP32-token-IDs
MentalBERT,d0judl,497,108,3521,peace,peace,False,loneliness,-0.0027107931285475693,0.0027107931285475693,0.6538379788398743,0.7960783839225769,0.35,1,1,600,FP32-token-IDs
MentalBERT,d0judl,497,108,3521,peace,peace,False,sadness,0.00508805454398195,0.00508805454398195,0.44028040766716003,0.9916817545890808,0.35,1,1,600,FP32-token-IDs
MentalBERT,d0judl,497,108,3521,peace,peace,False,suicide intent,0.008653931087853077,0.008653931087853077,0.07008705288171768,0.037931881844997406,0.35,0,0,600,FP32-token-IDs
MentalBERT,d0judl,497,108,3521,peace,peace,False,worthlessness,0.009675750819345316,0.009675750819345316,0.46631988883018494,0.7290966510772705,0.35,1,1,600,FP32-token-IDs
MentalBERT,d0judl,497,109,1012,.,.,False,anger,0.0016970583431733148,0.0016970583431733148,0.2924574017524719,0.11497871577739716,0.35,1,0,600,FP32-token-IDs
MentalBERT,d0judl,497,109,1012,.,.,False,brain dysfunction (forget),0.0080756905178229,0.0080756905178229,0.20912587642669678,0.12421266734600067,0.35,0,0,600,FP32-token-IDs
MentalBERT,d0judl,497,109,1012,.,.,False,emptiness,0.01021080984113117,0.01021080984113117,0.2569177448749542,0.2810730040073395,0.35,1,0,600,FP32-token-IDs
MentalBERT,d0judl,497,109,1012,.,.,False,hopelessness,0.008369524963200092,0.008369524963200092,0.453926682472229,0.9733936190605164,0.35,1,1,600,FP32-token-IDs
MentalBERT,d0judl,497,109,1012,.,.,False,loneliness,0.002675160183571279,0.002675160183571279,0.6538379788398743,0.7960783839225769,0.35,1,1,600,FP32-token-IDs
MentalBERT,d0judl,497,109,1012,.,.,False,sadness,0.0001879129558801651,0.0001879129558801651,0.44028040766716003,0.9916817545890808,0.35,1,1,600,FP32-token-IDs
MentalBERT,d0judl,497,109,1012,.,.,False,suicide intent,0.005568310662056319,0.005568310662056319,0.07008705288171768,0.037931881844997406,0.35,0,0,600,FP32-token-IDs
MentalBERT,d0judl,497,109,1012,.,.,False,worthlessness,0.02020632941275835,0.02020632941275835,0.46631988883018494,0.7290966510772705,0.35,1,1,600,FP32-token-IDs
MentalBERT,d0judl,497,110,6245,depression,depression,False,anger,-0.13558842707425356,0.13558842707425356,0.2924574017524719,0.11497871577739716,0.35,1,0,600,FP32-token-IDs
MentalBERT,d0judl,497,110,6245,depression,depression,False,brain dysfunction (forget),0.00464604955050163,0.00464604955050163,0.20912587642669678,0.12421266734600067,0.35,0,0,600,FP32-token-IDs
MentalBERT,d0judl,497,110,6245,depression,depression,False,emptiness,0.026886241869457688,0.026886241869457688,0.2569177448749542,0.2810730040073395,0.35,1,0,600,FP32-token-IDs
MentalBERT,d0judl,497,110,6245,depression,depression,False,hopelessness,0.028007323543230694,0.028007323543230694,0.453926682472229,0.9733936190605164,0.35,1,1,600,FP32-token-IDs
MentalBERT,d0judl,497,110,6245,depression,depression,False,loneliness,-0.027646763405452173,0.027646763405452173,0.6538379788398743,0.7960783839225769,0.35,1,1,600,FP32-token-IDs
MentalBERT,d0judl,497,110,6245,depression,depression,False,sadness,0.037218049789468445,0.037218049789468445,0.44028040766716003,0.9916817545890808,0.35,1,1,600,FP32-token-IDs
MentalBERT,d0judl,497,110,6245,depression,depression,False,suicide intent,0.01331578149862859,0.01331578149862859,0.07008705288171768,0.037931881844997406,0.35,0,0,600,FP32-token-IDs
MentalBERT,d0judl,497,110,6245,depression,depression,False,worthlessness,-0.003478695832503339,0.003478695832503339,0.46631988883018494,0.7290966510772705,0.35,1,1,600,FP32-token-IDs
MentalBERT,d0judl,497,111,2003,is,is,False,anger,-0.13558842707425356,0.13558842707425356,0.2924574017524719,0.11497871577739716,0.35,1,0,600,FP32-token-IDs
MentalBERT,d0judl,497,111,2003,is,is,False,brain dysfunction (forget),0.00464604955050163,0.00464604955050163,0.20912587642669678,0.12421266734600067,0.35,0,0,600,FP32-token-IDs
MentalBERT,d0judl,497,111,2003,is,is,False,emptiness,0.026886241869457688,0.026886241869457688,0.2569177448749542,0.2810730040073395,0.35,1,0,600,FP32-token-IDs
MentalBERT,d0judl,497,111,2003,is,is,False,hopelessness,0.028007323543230694,0.028007323543230694,0.453926682472229,0.9733936190605164,0.35,1,1,600,FP32-token-IDs
MentalBERT,d0judl,497,111,2003,is,is,False,loneliness,-0.027646763405452173,0.027646763405452173,0.6538379788398743,0.7960783839225769,0.35,1,1,600,FP32-token-IDs
MentalBERT,d0judl,497,111,2003,is,is,False,sadness,0.037218049789468445,0.037218049789468445,0.44028040766716003,0.9916817545890808,0.35,1,1,600,FP32-token-IDs
MentalBERT,d0judl,497,111,2003,is,is,False,suicide intent,0.01331578149862859,0.01331578149862859,0.07008705288171768,0.037931881844997406,0.35,0,0,600,FP32-token-IDs
MentalBERT,d0judl,497,111,2003,is,is,False,worthlessness,-0.003478695832503339,0.003478695832503339,0.46631988883018494,0.7290966510772705,0.35,1,1,600,FP32-token-IDs
MentalBERT,d0judl,497,112,5931,rough,rough,False,anger,-0.13558842707425356,0.13558842707425356,0.2924574017524719,0.11497871577739716,0.35,1,0,600,FP32-token-IDs
MentalBERT,d0judl,497,112,5931,rough,rough,False,brain dysfunction (forget),0.00464604955050163,0.00464604955050163,0.20912587642669678,0.12421266734600067,0.35,0,0,600,FP32-token-IDs
MentalBERT,d0judl,497,112,5931,rough,rough,False,emptiness,0.026886241869457688,0.026886241869457688,0.2569177448749542,0.2810730040073395,0.35,1,0,600,FP32-token-IDs
MentalBERT,d0judl,497,112,5931,rough,rough,False,hopelessness,0.028007323543230694,0.028007323543230694,0.453926682472229,0.9733936190605164,0.35,1,1,600,FP32-token-IDs
MentalBERT,d0judl,497,112,5931,rough,rough,False,loneliness,-0.027646763405452173,0.027646763405452173,0.6538379788398743,0.7960783839225769,0.35,1,1,600,FP32-token-IDs
MentalBERT,d0judl,497,112,5931,rough,rough,False,sadness,0.037218049789468445,0.037218049789468445,0.44028040766716003,0.9916817545890808,0.35,1,1,600,FP32-token-IDs
MentalBERT,d0judl,497,112,5931,rough,rough,False,suicide intent,0.01331578149862859,0.01331578149862859,0.07008705288171768,0.037931881844997406,0.35,0,0,600,FP32-token-IDs
MentalBERT,d0judl,497,112,5931,rough,rough,False,worthlessness,-0.003478695832503339,0.003478695832503339,0.46631988883018494,0.7290966510772705,0.35,1,1,600,FP32-token-IDs
MentalBERT,d0judl,497,113,1012,.,.,False,anger,-0.02759278449229896,0.02759278449229896,0.2924574017524719,0.11497871577739716,0.35,1,0,600,FP32-token-IDs
MentalBERT,d0judl,497,113,1012,.,.,False,brain dysfunction (forget),0.002106209722114727,0.002106209722114727,0.20912587642669678,0.12421266734600067,0.35,0,0,600,FP32-token-IDs
MentalBERT,d0judl,497,113,1012,.,.,False,emptiness,0.00015389019972644746,0.00015389019972644746,0.2569177448749542,0.2810730040073395,0.35,1,0,600,FP32-token-IDs
MentalBERT,d0judl,497,113,1012,.,.,False,hopelessness,0.015902144834399223,0.015902144834399223,0.453926682472229,0.9733936190605164,0.35,1,1,600,FP32-token-IDs
MentalBERT,d0judl,497,113,1012,.,.,False,loneliness,-0.011920478427782655,0.011920478427782655,0.6538379788398743,0.7960783839225769,0.35,1,1,600,FP32-token-IDs
MentalBERT,d0judl,497,113,1012,.,.,False,sadness,0.0236039562150836,0.0236039562150836,0.44028040766716003,0.9916817545890808,0.35,1,1,600,FP32-token-IDs
MentalBERT,d0judl,497,113,1012,.,.,False,suicide intent,0.0020160171734460164,0.0020160171734460164,0.07008705288171768,0.037931881844997406,0.35,0,0,600,FP32-token-IDs
MentalBERT,d0judl,497,113,1012,.,.,False,worthlessness,-0.009260636637918651,0.009260636637918651,0.46631988883018494,0.7290966510772705,0.35,1,1,600,FP32-token-IDs
MentalBERT,d0judl,497,114,2515,does,does,False,anger,-0.0013483493322772639,0.0013483493322772639,0.2924574017524719,0.11497871577739716,0.35,1,0,600,FP32-token-IDs
MentalBERT,d0judl,497,114,2515,does,does,False,brain dysfunction (forget),-0.005994000588543713,0.005994000588543713,0.20912587642669678,0.12421266734600067,0.35,0,0,600,FP32-token-IDs
MentalBERT,d0judl,497,114,2515,does,does,False,emptiness,-0.008809390544359173,0.008809390544359173,0.2569177448749542,0.2810730040073395,0.35,1,0,600,FP32-token-IDs
MentalBERT,d0judl,497,114,2515,does,does,False,hopelessness,-7.785590631621225e-06,7.785590631621225e-06,0.453926682472229,0.9733936190605164,0.35,1,1,600,FP32-token-IDs
MentalBERT,d0judl,497,114,2515,does,does,False,loneliness,-0.005325731355696917,0.005325731355696917,0.6538379788398743,0.7960783839225769,0.35,1,1,600,FP32-token-IDs
MentalBERT,d0judl,497,114,2515,does,does,False,sadness,0.0018934467807412148,0.0018934467807412148,0.44028040766716003,0.9916817545890808,0.35,1,1,600,FP32-token-IDs
MentalBERT,d0judl,497,114,2515,does,does,False,suicide intent,-0.003911296674881929,0.003911296674881929,0.07008705288171768,0.037931881844997406,0.35,0,0,600,FP32-token-IDs
MentalBERT,d0judl,497,114,2515,does,does,False,worthlessness,-0.005495147846106972,0.005495147846106972,0.46631988883018494,0.7290966510772705,0.35,1,1,600,FP32-token-IDs
MentalBERT,d0judl,497,115,3087,anyone,anyone,False,anger,-0.0013483493322772639,0.0013483493322772639,0.2924574017524719,0.11497871577739716,0.35,1,0,600,FP32-token-IDs
MentalBERT,d0judl,497,115,3087,anyone,anyone,False,brain dysfunction (forget),-0.005994000588543713,0.005994000588543713,0.20912587642669678,0.12421266734600067,0.35,0,0,600,FP32-token-IDs
MentalBERT,d0judl,497,115,3087,anyone,anyone,False,emptiness,-0.008809390544359173,0.008809390544359173,0.2569177448749542,0.2810730040073395,0.35,1,0,600,FP32-token-IDs
MentalBERT,d0judl,497,115,3087,anyone,anyone,False,hopelessness,-7.785590631621225e-06,7.785590631621225e-06,0.453926682472229,0.9733936190605164,0.35,1,1,600,FP32-token-IDs
MentalBERT,d0judl,497,115,3087,anyone,anyone,False,loneliness,-0.005325731355696917,0.005325731355696917,0.6538379788398743,0.7960783839225769,0.35,1,1,600,FP32-token-IDs
MentalBERT,d0judl,497,115,3087,anyone,anyone,False,sadness,0.0018934467807412148,0.0018934467807412148,0.44028040766716003,0.9916817545890808,0.35,1,1,600,FP32-token-IDs
MentalBERT,d0judl,497,115,3087,anyone,anyone,False,suicide intent,-0.003911296674881929,0.003911296674881929,0.07008705288171768,0.037931881844997406,0.35,0,0,600,FP32-token-IDs
MentalBERT,d0judl,497,115,3087,anyone,anyone,False,worthlessness,-0.005495147846106972,0.005495147846106972,0.46631988883018494,0.7290966510772705,0.35,1,1,600,FP32-token-IDs
MentalBERT,d0judl,497,116,2842,else,else,False,anger,-0.0013483493322772639,0.0013483493322772639,0.2924574017524719,0.11497871577739716,0.35,1,0,600,FP32-token-IDs
MentalBERT,d0judl,497,116,2842,else,else,False,brain dysfunction (forget),-0.005994000588543713,0.005994000588543713,0.20912587642669678,0.12421266734600067,0.35,0,0,600,FP32-token-IDs
MentalBERT,d0judl,497,116,2842,else,else,False,emptiness,-0.008809390544359173,0.008809390544359173,0.2569177448749542,0.2810730040073395,0.35,1,0,600,FP32-token-IDs
MentalBERT,d0judl,497,116,2842,else,else,False,hopelessness,-7.785590631621225e-06,7.785590631621225e-06,0.453926682472229,0.9733936190605164,0.35,1,1,600,FP32-token-IDs
MentalBERT,d0judl,497,116,2842,else,else,False,loneliness,-0.005325731355696917,0.005325731355696917,0.6538379788398743,0.7960783839225769,0.35,1,1,600,FP32-token-IDs
MentalBERT,d0judl,497,116,2842,else,else,False,sadness,0.0018934467807412148,0.0018934467807412148,0.44028040766716003,0.9916817545890808,0.35,1,1,600,FP32-token-IDs
MentalBERT,d0judl,497,116,2842,else,else,False,suicide intent,-0.003911296674881929,0.003911296674881929,0.07008705288171768,0.037931881844997406,0.35,0,0,600,FP32-token-IDs
MentalBERT,d0judl,497,116,2842,else,else,False,worthlessness,-0.005495147846106972,0.005495147846106972,0.46631988883018494,0.7290966510772705,0.35,1,1,600,FP32-token-IDs
MentalBERT,d0judl,497,117,3066,deal,deal,False,anger,-0.0013483493322772639,0.0013483493322772639,0.2924574017524719,0.11497871577739716,0.35,1,0,600,FP32-token-IDs
MentalBERT,d0judl,497,117,3066,deal,deal,False,brain dysfunction (forget),-0.005994000588543713,0.005994000588543713,0.20912587642669678,0.12421266734600067,0.35,0,0,600,FP32-token-IDs
MentalBERT,d0judl,497,117,3066,deal,deal,False,emptiness,-0.008809390544359173,0.008809390544359173,0.2569177448749542,0.2810730040073395,0.35,1,0,600,FP32-token-IDs
MentalBERT,d0judl,497,117,3066,deal,deal,False,hopelessness,-7.785590631621225e-06,7.785590631621225e-06,0.453926682472229,0.9733936190605164,0.35,1,1,600,FP32-token-IDs
MentalBERT,d0judl,497,117,3066,deal,deal,False,loneliness,-0.005325731355696917,0.005325731355696917,0.6538379788398743,0.7960783839225769,0.35,1,1,600,FP32-token-IDs
MentalBERT,d0judl,497,117,3066,deal,deal,False,sadness,0.0018934467807412148,0.0018934467807412148,0.44028040766716003,0.9916817545890808,0.35,1,1,600,FP32-token-IDs
MentalBERT,d0judl,497,117,3066,deal,deal,False,suicide intent,-0.003911296674881929,0.003911296674881929,0.07008705288171768,0.037931881844997406,0.35,0,0,600,FP32-token-IDs
MentalBERT,d0judl,497,117,3066,deal,deal,False,worthlessness,-0.005495147846106972,0.005495147846106972,0.46631988883018494,0.7290966510772705,0.35,1,1,600,FP32-token-IDs
MentalBERT,d0judl,497,118,2007,with,with,False,anger,-0.001348349332277264,0.001348349332277264,0.2924574017524719,0.11497871577739716,0.35,1,0,600,FP32-token-IDs
MentalBERT,d0judl,497,118,2007,with,with,False,brain dysfunction (forget),-0.005994000588543713,0.005994000588543713,0.20912587642669678,0.12421266734600067,0.35,0,0,600,FP32-token-IDs
MentalBERT,d0judl,497,118,2007,with,with,False,emptiness,-0.008809390544359173,0.008809390544359173,0.2569177448749542,0.2810730040073395,0.35,1,0,600,FP32-token-IDs
MentalBERT,d0judl,497,118,2007,with,with,False,hopelessness,-7.785590631621225e-06,7.785590631621225e-06,0.453926682472229,0.9733936190605164,0.35,1,1,600,FP32-token-IDs
MentalBERT,d0judl,497,118,2007,with,with,False,loneliness,-0.005325731355696917,0.005325731355696917,0.6538379788398743,0.7960783839225769,0.35,1,1,600,FP32-token-IDs
MentalBERT,d0judl,497,118,2007,with,with,False,sadness,0.0018934467807412148,0.0018934467807412148,0.44028040766716003,0.9916817545890808,0.35,1,1,600,FP32-token-IDs
MentalBERT,d0judl,497,118,2007,with,with,False,suicide intent,-0.003911296674881929,0.003911296674881929,0.07008705288171768,0.037931881844997406,0.35,0,0,600,FP32-token-IDs
MentalBERT,d0judl,497,118,2007,with,with,False,worthlessness,-0.0054951478461069715,0.0054951478461069715,0.46631988883018494,0.7290966510772705,0.35,1,1,600,FP32-token-IDs
MentalBERT,d0judl,497,119,2023,this,this,False,anger,-0.001348349332277264,0.001348349332277264,0.2924574017524719,0.11497871577739716,0.35,1,0,600,FP32-token-IDs
MentalBERT,d0judl,497,119,2023,this,this,False,brain dysfunction (forget),-0.005994000588543713,0.005994000588543713,0.20912587642669678,0.12421266734600067,0.35,0,0,600,FP32-token-IDs
MentalBERT,d0judl,497,119,2023,this,this,False,emptiness,-0.008809390544359173,0.008809390544359173,0.2569177448749542,0.2810730040073395,0.35,1,0,600,FP32-token-IDs
MentalBERT,d0judl,497,119,2023,this,this,False,hopelessness,-7.785590631621225e-06,7.785590631621225e-06,0.453926682472229,0.9733936190605164,0.35,1,1,600,FP32-token-IDs
MentalBERT,d0judl,497,119,2023,this,this,False,loneliness,-0.005325731355696917,0.005325731355696917,0.6538379788398743,0.7960783839225769,0.35,1,1,600,FP32-token-IDs
MentalBERT,d0judl,497,119,2023,this,this,False,sadness,0.0018934467807412148,0.0018934467807412148,0.44028040766716003,0.9916817545890808,0.35,1,1,600,FP32-token-IDs
MentalBERT,d0judl,497,119,2023,this,this,False,suicide intent,-0.003911296674881929,0.003911296674881929,0.07008705288171768,0.037931881844997406,0.35,0,0,600,FP32-token-IDs
MentalBERT,d0judl,497,119,2023,this,this,False,worthlessness,-0.0054951478461069715,0.0054951478461069715,0.46631988883018494,0.7290966510772705,0.35,1,1,600,FP32-token-IDs
MentalBERT,d0judl,497,120,1029,?,?,False,anger,-0.001348349332277264,0.001348349332277264,0.2924574017524719,0.11497871577739716,0.35,1,0,600,FP32-token-IDs
MentalBERT,d0judl,497,120,1029,?,?,False,brain dysfunction (forget),-0.005994000588543713,0.005994000588543713,0.20912587642669678,0.12421266734600067,0.35,0,0,600,FP32-token-IDs
MentalBERT,d0judl,497,120,1029,?,?,False,emptiness,-0.008809390544359173,0.008809390544359173,0.2569177448749542,0.2810730040073395,0.35,1,0,600,FP32-token-IDs
MentalBERT,d0judl,497,120,1029,?,?,False,hopelessness,-7.785590631621225e-06,7.785590631621225e-06,0.453926682472229,0.9733936190605164,0.35,1,1,600,FP32-token-IDs
MentalBERT,d0judl,497,120,1029,?,?,False,loneliness,-0.005325731355696917,0.005325731355696917,0.6538379788398743,0.7960783839225769,0.35,1,1,600,FP32-token-IDs
MentalBERT,d0judl,497,120,1029,?,?,False,sadness,0.0018934467807412148,0.0018934467807412148,0.44028040766716003,0.9916817545890808,0.35,1,1,600,FP32-token-IDs
MentalBERT,d0judl,497,120,1029,?,?,False,suicide intent,-0.003911296674881929,0.003911296674881929,0.07008705288171768,0.037931881844997406,0.35,0,0,600,FP32-token-IDs
MentalBERT,d0judl,497,120,1029,?,?,False,worthlessness,-0.0054951478461069715,0.0054951478461069715,0.46631988883018494,0.7290966510772705,0.35,1,1,600,FP32-token-IDs
MentalBERT,d0judl,497,121,2129,how,how,False,anger,-0.010276897373842075,0.010276897373842075,0.2924574017524719,0.11497871577739716,0.35,1,0,600,FP32-token-IDs
MentalBERT,d0judl,497,121,2129,how,how,False,brain dysfunction (forget),-0.007000877962647272,0.007000877962647272,0.20912587642669678,0.12421266734600067,0.35,0,0,600,FP32-token-IDs
MentalBERT,d0judl,497,121,2129,how,how,False,emptiness,-0.011434750440197865,0.011434750440197865,0.2569177448749542,0.2810730040073395,0.35,1,0,600,FP32-token-IDs
MentalBERT,d0judl,497,121,2129,how,how,False,hopelessness,-0.0073677617391305315,0.0073677617391305315,0.453926682472229,0.9733936190605164,0.35,1,1,600,FP32-token-IDs
MentalBERT,d0judl,497,121,2129,how,how,False,loneliness,-0.007147175525980336,0.007147175525980336,0.6538379788398743,0.7960783839225769,0.35,1,1,600,FP32-token-IDs
MentalBERT,d0judl,497,121,2129,how,how,False,sadness,-0.0026416934893599576,0.0026416934893599576,0.44028040766716003,0.9916817545890808,0.35,1,1,600,FP32-token-IDs
MentalBERT,d0judl,497,121,2129,how,how,False,suicide intent,-0.0038037146857407477,0.0038037146857407477,0.07008705288171768,0.037931881844997406,0.35,0,0,600,FP32-token-IDs
MentalBERT,d0judl,497,121,2129,how,how,False,worthlessness,-0.01490192667448095,0.01490192667448095,0.46631988883018494,0.7290966510772705,0.35,1,1,600,FP32-token-IDs
MentalBERT,d0judl,497,122,2079,do,do,False,anger,-0.010276897373842075,0.010276897373842075,0.2924574017524719,0.11497871577739716,0.35,1,0,600,FP32-token-IDs
MentalBERT,d0judl,497,122,2079,do,do,False,brain dysfunction (forget),-0.007000877962647272,0.007000877962647272,0.20912587642669678,0.12421266734600067,0.35,0,0,600,FP32-token-IDs
MentalBERT,d0judl,497,122,2079,do,do,False,emptiness,-0.011434750440197865,0.011434750440197865,0.2569177448749542,0.2810730040073395,0.35,1,0,600,FP32-token-IDs
MentalBERT,d0judl,497,122,2079,do,do,False,hopelessness,-0.0073677617391305315,0.0073677617391305315,0.453926682472229,0.9733936190605164,0.35,1,1,600,FP32-token-IDs
MentalBERT,d0judl,497,122,2079,do,do,False,loneliness,-0.007147175525980336,0.007147175525980336,0.6538379788398743,0.7960783839225769,0.35,1,1,600,FP32-token-IDs
MentalBERT,d0judl,497,122,2079,do,do,False,sadness,-0.0026416934893599576,0.0026416934893599576,0.44028040766716003,0.9916817545890808,0.35,1,1,600,FP32-token-IDs
MentalBERT,d0judl,497,122,2079,do,do,False,suicide intent,-0.0038037146857407477,0.0038037146857407477,0.07008705288171768,0.037931881844997406,0.35,0,0,600,FP32-token-IDs
MentalBERT,d0judl,497,122,2079,do,do,False,worthlessness,-0.01490192667448095,0.01490192667448095,0.46631988883018494,0.7290966510772705,0.35,1,1,600,FP32-token-IDs
MentalBERT,d0judl,497,123,2017,you,you,False,anger,-0.010276897373842075,0.010276897373842075,0.2924574017524719,0.11497871577739716,0.35,1,0,600,FP32-token-IDs
MentalBERT,d0judl,497,123,2017,you,you,False,brain dysfunction (forget),-0.007000877962647272,0.007000877962647272,0.20912587642669678,0.12421266734600067,0.35,0,0,600,FP32-token-IDs
MentalBERT,d0judl,497,123,2017,you,you,False,emptiness,-0.011434750440197865,0.011434750440197865,0.2569177448749542,0.2810730040073395,0.35,1,0,600,FP32-token-IDs
MentalBERT,d0judl,497,123,2017,you,you,False,hopelessness,-0.0073677617391305315,0.0073677617391305315,0.453926682472229,0.9733936190605164,0.35,1,1,600,FP32-token-IDs
MentalBERT,d0judl,497,123,2017,you,you,False,loneliness,-0.007147175525980336,0.007147175525980336,0.6538379788398743,0.7960783839225769,0.35,1,1,600,FP32-token-IDs
MentalBERT,d0judl,497,123,2017,you,you,False,sadness,-0.0026416934893599576,0.0026416934893599576,0.44028040766716003,0.9916817545890808,0.35,1,1,600,FP32-token-IDs
MentalBERT,d0judl,497,123,2017,you,you,False,suicide intent,-0.0038037146857407477,0.0038037146857407477,0.07008705288171768,0.037931881844997406,0.35,0,0,600,FP32-token-IDs
MentalBERT,d0judl,497,123,2017,you,you,False,worthlessness,-0.01490192667448095,0.01490192667448095,0.46631988883018494,0.7290966510772705,0.35,1,1,600,FP32-token-IDs
MentalBERT,d0judl,497,124,2131,get,get,False,anger,-0.010276897373842075,0.010276897373842075,0.2924574017524719,0.11497871577739716,0.35,1,0,600,FP32-token-IDs
MentalBERT,d0judl,497,124,2131,get,get,False,brain dysfunction (forget),-0.007000877962647272,0.007000877962647272,0.20912587642669678,0.12421266734600067,0.35,0,0,600,FP32-token-IDs
MentalBERT,d0judl,497,124,2131,get,get,False,emptiness,-0.011434750440197865,0.011434750440197865,0.2569177448749542,0.2810730040073395,0.35,1,0,600,FP32-token-IDs
MentalBERT,d0judl,497,124,2131,get,get,False,hopelessness,-0.0073677617391305315,0.0073677617391305315,0.453926682472229,0.9733936190605164,0.35,1,1,600,FP32-token-IDs
MentalBERT,d0judl,497,124,2131,get,get,False,loneliness,-0.007147175525980336,0.007147175525980336,0.6538379788398743,0.7960783839225769,0.35,1,1,600,FP32-token-IDs
MentalBERT,d0judl,497,124,2131,get,get,False,sadness,-0.0026416934893599576,0.0026416934893599576,0.44028040766716003,0.9916817545890808,0.35,1,1,600,FP32-token-IDs
MentalBERT,d0judl,497,124,2131,get,get,False,suicide intent,-0.0038037146857407477,0.0038037146857407477,0.07008705288171768,0.037931881844997406,0.35,0,0,600,FP32-token-IDs
MentalBERT,d0judl,497,124,2131,get,get,False,worthlessness,-0.01490192667448095,0.01490192667448095,0.46631988883018494,0.7290966510772705,0.35,1,1,600,FP32-token-IDs
MentalBERT,d0judl,497,125,2627,past,past,False,anger,-0.009677411328690747,0.009677411328690747,0.2924574017524719,0.11497871577739716,0.35,1,0,600,FP32-token-IDs
MentalBERT,d0judl,497,125,2627,past,past,False,brain dysfunction (forget),-0.006274361119029068,0.006274361119029068,0.20912587642669678,0.12421266734600067,0.35,0,0,600,FP32-token-IDs
MentalBERT,d0judl,497,125,2627,past,past,False,emptiness,-0.009229281551337667,0.009229281551337667,0.2569177448749542,0.2810730040073395,0.35,1,0,600,FP32-token-IDs
MentalBERT,d0judl,497,125,2627,past,past,False,hopelessness,-0.003326545247719401,0.003326545247719401,0.453926682472229,0.9733936190605164,0.35,1,1,600,FP32-token-IDs
MentalBERT,d0judl,497,125,2627,past,past,False,loneliness,-0.006770087749741617,0.006770087749741617,0.6538379788398743,0.7960783839225769,0.35,1,1,600,FP32-token-IDs
MentalBERT,d0judl,497,125,2627,past,past,False,sadness,-0.0009513524848790396,0.0009513524848790396,0.44028040766716003,0.9916817545890808,0.35,1,1,600,FP32-token-IDs
MentalBERT,d0judl,497,125,2627,past,past,False,suicide intent,-0.0038971575877873137,0.0038971575877873137,0.07008705288171768,0.037931881844997406,0.35,0,0,600,FP32-token-IDs
MentalBERT,d0judl,497,125,2627,past,past,False,worthlessness,-0.008604906898524079,0.008604906898524079,0.46631988883018494,0.7290966510772705,0.35,1,1,600,FP32-token-IDs
MentalBERT,d0judl,497,126,2009,it,it,False,anger,-0.009677411328690747,0.009677411328690747,0.2924574017524719,0.11497871577739716,0.35,1,0,600,FP32-token-IDs
MentalBERT,d0judl,497,126,2009,it,it,False,brain dysfunction (forget),-0.006274361119029068,0.006274361119029068,0.20912587642669678,0.12421266734600067,0.35,0,0,600,FP32-token-IDs
MentalBERT,d0judl,497,126,2009,it,it,False,emptiness,-0.009229281551337667,0.009229281551337667,0.2569177448749542,0.2810730040073395,0.35,1,0,600,FP32-token-IDs
MentalBERT,d0judl,497,126,2009,it,it,False,hopelessness,-0.003326545247719401,0.003326545247719401,0.453926682472229,0.9733936190605164,0.35,1,1,600,FP32-token-IDs
MentalBERT,d0judl,497,126,2009,it,it,False,loneliness,-0.006770087749741617,0.006770087749741617,0.6538379788398743,0.7960783839225769,0.35,1,1,600,FP32-token-IDs
MentalBERT,d0judl,497,126,2009,it,it,False,sadness,-0.0009513524848790396,0.0009513524848790396,0.44028040766716003,0.9916817545890808,0.35,1,1,600,FP32-token-IDs
MentalBERT,d0judl,497,126,2009,it,it,False,suicide intent,-0.0038971575877873137,0.0038971575877873137,0.07008705288171768,0.037931881844997406,0.35,0,0,600,FP32-token-IDs
MentalBERT,d0judl,497,126,2009,it,it,False,worthlessness,-0.008604906898524079,0.008604906898524079,0.46631988883018494,0.7290966510772705,0.35,1,1,600,FP32-token-IDs
MentalBERT,d0judl,497,127,1029,?,?,False,anger,-0.009677411328690747,0.009677411328690747,0.2924574017524719,0.11497871577739716,0.35,1,0,600,FP32-token-IDs
MentalBERT,d0judl,497,127,1029,?,?,False,brain dysfunction (forget),-0.006274361119029068,0.006274361119029068,0.20912587642669678,0.12421266734600067,0.35,0,0,600,FP32-token-IDs
MentalBERT,d0judl,497,127,1029,?,?,False,emptiness,-0.009229281551337667,0.009229281551337667,0.2569177448749542,0.2810730040073395,0.35,1,0,600,FP32-token-IDs
MentalBERT,d0judl,497,127,1029,?,?,False,hopelessness,-0.003326545247719401,0.003326545247719401,0.453926682472229,0.9733936190605164,0.35,1,1,600,FP32-token-IDs
MentalBERT,d0judl,497,127,1029,?,?,False,loneliness,-0.006770087749741617,0.006770087749741617,0.6538379788398743,0.7960783839225769,0.35,1,1,600,FP32-token-IDs
MentalBERT,d0judl,497,127,1029,?,?,False,sadness,-0.0009513524848790396,0.0009513524848790396,0.44028040766716003,0.9916817545890808,0.35,1,1,600,FP32-token-IDs
MentalBERT,d0judl,497,127,1029,?,?,False,suicide intent,-0.0038971575877873137,0.0038971575877873137,0.07008705288171768,0.037931881844997406,0.35,0,0,600,FP32-token-IDs
MentalBERT,d0judl,497,127,1029,?,?,False,worthlessness,-0.008604906898524079,0.008604906898524079,0.46631988883018494,0.7290966510772705,0.35,1,1,600,FP32-token-IDs
MentalBERT,d0judl,497,128,1045,i,i,False,anger,-0.0009524035655582944,0.0009524035655582944,0.2924574017524719,0.11497871577739716,0.35,1,0,600,FP32-token-IDs
MentalBERT,d0judl,497,128,1045,i,i,False,brain dysfunction (forget),0.0001721105771139264,0.0001721105771139264,0.20912587642669678,0.12421266734600067,0.35,0,0,600,FP32-token-IDs
MentalBERT,d0judl,497,128,1045,i,i,False,emptiness,-0.002221510869761308,0.002221510869761308,0.2569177448749542,0.2810730040073395,0.35,1,0,600,FP32-token-IDs
MentalBERT,d0judl,497,128,1045,i,i,False,hopelessness,0.0030426655275126295,0.0030426655275126295,0.453926682472229,0.9733936190605164,0.35,1,1,600,FP32-token-IDs
MentalBERT,d0judl,497,128,1045,i,i,False,loneliness,-0.002466458943672478,0.002466458943672478,0.6538379788398743,0.7960783839225769,0.35,1,1,600,FP32-token-IDs
MentalBERT,d0judl,497,128,1045,i,i,False,sadness,0.004281854629516601,0.004281854629516601,0.44028040766716003,0.9916817545890808,0.35,1,1,600,FP32-token-IDs
MentalBERT,d0judl,497,128,1045,i,i,False,suicide intent,0.0002718667106819339,0.0002718667106819339,0.07008705288171768,0.037931881844997406,0.35,0,0,600,FP32-token-IDs
MentalBERT,d0judl,497,128,1045,i,i,False,worthlessness,-0.0009336679552992185,0.0009336679552992185,0.46631988883018494,0.7290966510772705,0.35,1,1,600,FP32-token-IDs
MentalBERT,d0judl,497,129,1005,',',False,anger,-0.0009524035655582944,0.0009524035655582944,0.2924574017524719,0.11497871577739716,0.35,1,0,600,FP32-token-IDs
MentalBERT,d0judl,497,129,1005,',',False,brain dysfunction (forget),0.0001721105771139264,0.0001721105771139264,0.20912587642669678,0.12421266734600067,0.35,0,0,600,FP32-token-IDs
MentalBERT,d0judl,497,129,1005,',',False,emptiness,-0.002221510869761308,0.002221510869761308,0.2569177448749542,0.2810730040073395,0.35,1,0,600,FP32-token-IDs
MentalBERT,d0judl,497,129,1005,',',False,hopelessness,0.0030426655275126295,0.0030426655275126295,0.453926682472229,0.9733936190605164,0.35,1,1,600,FP32-token-IDs
MentalBERT,d0judl,497,129,1005,',',False,loneliness,-0.002466458943672478,0.002466458943672478,0.6538379788398743,0.7960783839225769,0.35,1,1,600,FP32-token-IDs
MentalBERT,d0judl,497,129,1005,',',False,sadness,0.004281854629516601,0.004281854629516601,0.44028040766716003,0.9916817545890808,0.35,1,1,600,FP32-token-IDs
MentalBERT,d0judl,497,129,1005,',',False,suicide intent,0.0002718667106819339,0.0002718667106819339,0.07008705288171768,0.037931881844997406,0.35,0,0,600,FP32-token-IDs
MentalBERT,d0judl,497,129,1005,',',False,worthlessness,-0.0009336679552992185,0.0009336679552992185,0.46631988883018494,0.7290966510772705,0.35,1,1,600,FP32-token-IDs
MentalBERT,d0judl,497,130,1049,m,m,False,anger,-0.0009524035655582944,0.0009524035655582944,0.2924574017524719,0.11497871577739716,0.35,1,0,600,FP32-token-IDs
MentalBERT,d0judl,497,130,1049,m,m,False,brain dysfunction (forget),0.0001721105771139264,0.0001721105771139264,0.20912587642669678,0.12421266734600067,0.35,0,0,600,FP32-token-IDs
MentalBERT,d0judl,497,130,1049,m,m,False,emptiness,-0.002221510869761308,0.002221510869761308,0.2569177448749542,0.2810730040073395,0.35,1,0,600,FP32-token-IDs
MentalBERT,d0judl,497,130,1049,m,m,False,hopelessness,0.0030426655275126295,0.0030426655275126295,0.453926682472229,0.9733936190605164,0.35,1,1,600,FP32-token-IDs
MentalBERT,d0judl,497,130,1049,m,m,False,loneliness,-0.002466458943672478,0.002466458943672478,0.6538379788398743,0.7960783839225769,0.35,1,1,600,FP32-token-IDs
MentalBERT,d0judl,497,130,1049,m,m,False,sadness,0.004281854629516601,0.004281854629516601,0.44028040766716003,0.9916817545890808,0.35,1,1,600,FP32-token-IDs
MentalBERT,d0judl,497,130,1049,m,m,False,suicide intent,0.0002718667106819339,0.0002718667106819339,0.07008705288171768,0.037931881844997406,0.35,0,0,600,FP32-token-IDs
MentalBERT,d0judl,497,130,1049,m,m,False,worthlessness,-0.0009336679552992185,0.0009336679552992185,0.46631988883018494,0.7290966510772705,0.35,1,1,600,FP32-token-IDs
MentalBERT,d0judl,497,131,2183,going,going,False,anger,-0.0009524035655582944,0.0009524035655582944,0.2924574017524719,0.11497871577739716,0.35,1,0,600,FP32-token-IDs
MentalBERT,d0judl,497,131,2183,going,going,False,brain dysfunction (forget),0.0001721105771139264,0.0001721105771139264,0.20912587642669678,0.12421266734600067,0.35,0,0,600,FP32-token-IDs
MentalBERT,d0judl,497,131,2183,going,going,False,emptiness,-0.002221510869761308,0.002221510869761308,0.2569177448749542,0.2810730040073395,0.35,1,0,600,FP32-token-IDs
MentalBERT,d0judl,497,131,2183,going,going,False,hopelessness,0.0030426655275126295,0.0030426655275126295,0.453926682472229,0.9733936190605164,0.35,1,1,600,FP32-token-IDs
MentalBERT,d0judl,497,131,2183,going,going,False,loneliness,-0.002466458943672478,0.002466458943672478,0.6538379788398743,0.7960783839225769,0.35,1,1,600,FP32-token-IDs
MentalBERT,d0judl,497,131,2183,going,going,False,sadness,0.004281854629516601,0.004281854629516601,0.44028040766716003,0.9916817545890808,0.35,1,1,600,FP32-token-IDs
MentalBERT,d0judl,497,131,2183,going,going,False,suicide intent,0.0002718667106819339,0.0002718667106819339,0.07008705288171768,0.037931881844997406,0.35,0,0,600,FP32-token-IDs
MentalBERT,d0judl,497,131,2183,going,going,False,worthlessness,-0.0009336679552992185,0.0009336679552992185,0.46631988883018494,0.7290966510772705,0.35,1,1,600,FP32-token-IDs
MentalBERT,d0judl,497,132,2000,to,to,False,anger,-0.0009524035655582944,0.0009524035655582944,0.2924574017524719,0.11497871577739716,0.35,1,0,600,FP32-token-IDs
MentalBERT,d0judl,497,132,2000,to,to,False,brain dysfunction (forget),0.0001721105771139264,0.0001721105771139264,0.20912587642669678,0.12421266734600067,0.35,0,0,600,FP32-token-IDs
MentalBERT,d0judl,497,132,2000,to,to,False,emptiness,-0.002221510869761308,0.002221510869761308,0.2569177448749542,0.2810730040073395,0.35,1,0,600,FP32-token-IDs
MentalBERT,d0judl,497,132,2000,to,to,False,hopelessness,0.0030426655275126295,0.0030426655275126295,0.453926682472229,0.9733936190605164,0.35,1,1,600,FP32-token-IDs
MentalBERT,d0judl,497,132,2000,to,to,False,loneliness,-0.002466458943672478,0.002466458943672478,0.6538379788398743,0.7960783839225769,0.35,1,1,600,FP32-token-IDs
MentalBERT,d0judl,497,132,2000,to,to,False,sadness,0.004281854629516601,0.004281854629516601,0.44028040766716003,0.9916817545890808,0.35,1,1,600,FP32-token-IDs
MentalBERT,d0judl,497,132,2000,to,to,False,suicide intent,0.0002718667106819339,0.0002718667106819339,0.07008705288171768,0.037931881844997406,0.35,0,0,600,FP32-token-IDs
MentalBERT,d0judl,497,132,2000,to,to,False,worthlessness,-0.0009336679552992185,0.0009336679552992185,0.46631988883018494,0.7290966510772705,0.35,1,1,600,FP32-token-IDs
MentalBERT,d0judl,497,133,3288,bring,bring,False,anger,-0.0009524035655582944,0.0009524035655582944,0.2924574017524719,0.11497871577739716,0.35,1,0,600,FP32-token-IDs
MentalBERT,d0judl,497,133,3288,bring,bring,False,brain dysfunction (forget),0.0001721105771139264,0.0001721105771139264,0.20912587642669678,0.12421266734600067,0.35,0,0,600,FP32-token-IDs
MentalBERT,d0judl,497,133,3288,bring,bring,False,emptiness,-0.002221510869761308,0.002221510869761308,0.2569177448749542,0.2810730040073395,0.35,1,0,600,FP32-token-IDs
MentalBERT,d0judl,497,133,3288,bring,bring,False,hopelessness,0.0030426655275126295,0.0030426655275126295,0.453926682472229,0.9733936190605164,0.35,1,1,600,FP32-token-IDs
MentalBERT,d0judl,497,133,3288,bring,bring,False,loneliness,-0.002466458943672478,0.002466458943672478,0.6538379788398743,0.7960783839225769,0.35,1,1,600,FP32-token-IDs
MentalBERT,d0judl,497,133,3288,bring,bring,False,sadness,0.004281854629516601,0.004281854629516601,0.44028040766716003,0.9916817545890808,0.35,1,1,600,FP32-token-IDs
MentalBERT,d0judl,497,133,3288,bring,bring,False,suicide intent,0.0002718667106819339,0.0002718667106819339,0.07008705288171768,0.037931881844997406,0.35,0,0,600,FP32-token-IDs
MentalBERT,d0judl,497,133,3288,bring,bring,False,worthlessness,-0.0009336679552992185,0.0009336679552992185,0.46631988883018494,0.7290966510772705,0.35,1,1,600,FP32-token-IDs
MentalBERT,d0judl,497,134,2009,it,it,False,anger,-0.0009524035655582944,0.0009524035655582944,0.2924574017524719,0.11497871577739716,0.35,1,0,600,FP32-token-IDs
MentalBERT,d0judl,497,134,2009,it,it,False,brain dysfunction (forget),0.0001721105771139264,0.0001721105771139264,0.20912587642669678,0.12421266734600067,0.35,0,0,600,FP32-token-IDs
MentalBERT,d0judl,497,134,2009,it,it,False,emptiness,-0.002221510869761308,0.002221510869761308,0.2569177448749542,0.2810730040073395,0.35,1,0,600,FP32-token-IDs
MentalBERT,d0judl,497,134,2009,it,it,False,hopelessness,0.0030426655275126295,0.0030426655275126295,0.453926682472229,0.9733936190605164,0.35,1,1,600,FP32-token-IDs
MentalBERT,d0judl,497,134,2009,it,it,False,loneliness,-0.002466458943672478,0.002466458943672478,0.6538379788398743,0.7960783839225769,0.35,1,1,600,FP32-token-IDs
MentalBERT,d0judl,497,134,2009,it,it,False,sadness,0.004281854629516601,0.004281854629516601,0.44028040766716003,0.9916817545890808,0.35,1,1,600,FP32-token-IDs
MentalBERT,d0judl,497,134,2009,it,it,False,suicide intent,0.0002718667106819339,0.0002718667106819339,0.07008705288171768,0.037931881844997406,0.35,0,0,600,FP32-token-IDs
MentalBERT,d0judl,497,134,2009,it,it,False,worthlessness,-0.0009336679552992185,0.0009336679552992185,0.46631988883018494,0.7290966510772705,0.35,1,1,600,FP32-token-IDs
MentalBERT,d0judl,497,135,2039,up,up,False,anger,-0.0009524035655582944,0.0009524035655582944,0.2924574017524719,0.11497871577739716,0.35,1,0,600,FP32-token-IDs
MentalBERT,d0judl,497,135,2039,up,up,False,brain dysfunction (forget),0.0001721105771139264,0.0001721105771139264,0.20912587642669678,0.12421266734600067,0.35,0,0,600,FP32-token-IDs
MentalBERT,d0judl,497,135,2039,up,up,False,emptiness,-0.002221510869761308,0.002221510869761308,0.2569177448749542,0.2810730040073395,0.35,1,0,600,FP32-token-IDs
MentalBERT,d0judl,497,135,2039,up,up,False,hopelessness,0.0030426655275126295,0.0030426655275126295,0.453926682472229,0.9733936190605164,0.35,1,1,600,FP32-token-IDs
MentalBERT,d0judl,497,135,2039,up,up,False,loneliness,-0.002466458943672478,0.002466458943672478,0.6538379788398743,0.7960783839225769,0.35,1,1,600,FP32-token-IDs
MentalBERT,d0judl,497,135,2039,up,up,False,sadness,0.004281854629516601,0.004281854629516601,0.44028040766716003,0.9916817545890808,0.35,1,1,600,FP32-token-IDs
MentalBERT,d0judl,497,135,2039,up,up,False,suicide intent,0.0002718667106819339,0.0002718667106819339,0.07008705288171768,0.037931881844997406,0.35,0,0,600,FP32-token-IDs
MentalBERT,d0judl,497,135,2039,up,up,False,worthlessness,-0.0009336679552992185,0.0009336679552992185,0.46631988883018494,0.7290966510772705,0.35,1,1,600,FP32-token-IDs
MentalBERT,d0judl,497,136,2000,to,to,False,anger,-0.0009524035655582944,0.0009524035655582944,0.2924574017524719,0.11497871577739716,0.35,1,0,600,FP32-token-IDs
MentalBERT,d0judl,497,136,2000,to,to,False,brain dysfunction (forget),0.0001721105771139264,0.0001721105771139264,0.20912587642669678,0.12421266734600067,0.35,0,0,600,FP32-token-IDs
MentalBERT,d0judl,497,136,2000,to,to,False,emptiness,-0.002221510869761308,0.002221510869761308,0.2569177448749542,0.2810730040073395,0.35,1,0,600,FP32-token-IDs
MentalBERT,d0judl,497,136,2000,to,to,False,hopelessness,0.0030426655275126295,0.0030426655275126295,0.453926682472229,0.9733936190605164,0.35,1,1,600,FP32-token-IDs
MentalBERT,d0judl,497,136,2000,to,to,False,loneliness,-0.002466458943672478,0.002466458943672478,0.6538379788398743,0.7960783839225769,0.35,1,1,600,FP32-token-IDs
MentalBERT,d0judl,497,136,2000,to,to,False,sadness,0.004281854629516601,0.004281854629516601,0.44028040766716003,0.9916817545890808,0.35,1,1,600,FP32-token-IDs
MentalBERT,d0judl,497,136,2000,to,to,False,suicide intent,0.0002718667106819339,0.0002718667106819339,0.07008705288171768,0.037931881844997406,0.35,0,0,600,FP32-token-IDs
MentalBERT,d0judl,497,136,2000,to,to,False,worthlessness,-0.0009336679552992185,0.0009336679552992185,0.46631988883018494,0.7290966510772705,0.35,1,1,600,FP32-token-IDs
MentalBERT,d0judl,497,137,2026,my,my,False,anger,-0.0009524035655582944,0.0009524035655582944,0.2924574017524719,0.11497871577739716,0.35,1,0,600,FP32-token-IDs
MentalBERT,d0judl,497,137,2026,my,my,False,brain dysfunction (forget),0.0001721105771139264,0.0001721105771139264,0.20912587642669678,0.12421266734600067,0.35,0,0,600,FP32-token-IDs
MentalBERT,d0judl,497,137,2026,my,my,False,emptiness,-0.002221510869761308,0.002221510869761308,0.2569177448749542,0.2810730040073395,0.35,1,0,600,FP32-token-IDs
MentalBERT,d0judl,497,137,2026,my,my,False,hopelessness,0.0030426655275126295,0.0030426655275126295,0.453926682472229,0.9733936190605164,0.35,1,1,600,FP32-token-IDs
MentalBERT,d0judl,497,137,2026,my,my,False,loneliness,-0.002466458943672478,0.002466458943672478,0.6538379788398743,0.7960783839225769,0.35,1,1,600,FP32-token-IDs
MentalBERT,d0judl,497,137,2026,my,my,False,sadness,0.004281854629516601,0.004281854629516601,0.44028040766716003,0.9916817545890808,0.35,1,1,600,FP32-token-IDs
MentalBERT,d0judl,497,137,2026,my,my,False,suicide intent,0.0002718667106819339,0.0002718667106819339,0.07008705288171768,0.037931881844997406,0.35,0,0,600,FP32-token-IDs
MentalBERT,d0judl,497,137,2026,my,my,False,worthlessness,-0.0009336679552992185,0.0009336679552992185,0.46631988883018494,0.7290966510772705,0.35,1,1,600,FP32-token-IDs
MentalBERT,d0judl,497,138,19294,therapist,therapist,False,anger,-0.0009524035655582944,0.0009524035655582944,0.2924574017524719,0.11497871577739716,0.35,1,0,600,FP32-token-IDs
MentalBERT,d0judl,497,138,19294,therapist,therapist,False,brain dysfunction (forget),0.0001721105771139264,0.0001721105771139264,0.20912587642669678,0.12421266734600067,0.35,0,0,600,FP32-token-IDs
MentalBERT,d0judl,497,138,19294,therapist,therapist,False,emptiness,-0.002221510869761308,0.002221510869761308,0.2569177448749542,0.2810730040073395,0.35,1,0,600,FP32-token-IDs
MentalBERT,d0judl,497,138,19294,therapist,therapist,False,hopelessness,0.0030426655275126295,0.0030426655275126295,0.453926682472229,0.9733936190605164,0.35,1,1,600,FP32-token-IDs
MentalBERT,d0judl,497,138,19294,therapist,therapist,False,loneliness,-0.002466458943672478,0.002466458943672478,0.6538379788398743,0.7960783839225769,0.35,1,1,600,FP32-token-IDs
MentalBERT,d0judl,497,138,19294,therapist,therapist,False,sadness,0.004281854629516601,0.004281854629516601,0.44028040766716003,0.9916817545890808,0.35,1,1,600,FP32-token-IDs
MentalBERT,d0judl,497,138,19294,therapist,therapist,False,suicide intent,0.0002718667106819339,0.0002718667106819339,0.07008705288171768,0.037931881844997406,0.35,0,0,600,FP32-token-IDs
MentalBERT,d0judl,497,138,19294,therapist,therapist,False,worthlessness,-0.0009336679552992185,0.0009336679552992185,0.46631988883018494,0.7290966510772705,0.35,1,1,600,FP32-token-IDs
MentalBERT,d0judl,497,139,2021,but,but,False,anger,-0.0009524035655582944,0.0009524035655582944,0.2924574017524719,0.11497871577739716,0.35,1,0,600,FP32-token-IDs
MentalBERT,d0judl,497,139,2021,but,but,False,brain dysfunction (forget),0.0001721105771139264,0.0001721105771139264,0.20912587642669678,0.12421266734600067,0.35,0,0,600,FP32-token-IDs
MentalBERT,d0judl,497,139,2021,but,but,False,emptiness,-0.002221510869761308,0.002221510869761308,0.2569177448749542,0.2810730040073395,0.35,1,0,600,FP32-token-IDs
MentalBERT,d0judl,497,139,2021,but,but,False,hopelessness,0.0030426655275126295,0.0030426655275126295,0.453926682472229,0.9733936190605164,0.35,1,1,600,FP32-token-IDs
MentalBERT,d0judl,497,139,2021,but,but,False,loneliness,-0.002466458943672478,0.002466458943672478,0.6538379788398743,0.7960783839225769,0.35,1,1,600,FP32-token-IDs
MentalBERT,d0judl,497,139,2021,but,but,False,sadness,0.004281854629516601,0.004281854629516601,0.44028040766716003,0.9916817545890808,0.35,1,1,600,FP32-token-IDs
MentalBERT,d0judl,497,139,2021,but,but,False,suicide intent,0.0002718667106819339,0.0002718667106819339,0.07008705288171768,0.037931881844997406,0.35,0,0,600,FP32-token-IDs
MentalBERT,d0judl,497,139,2021,but,but,False,worthlessness,-0.0009336679552992185,0.0009336679552992185,0.46631988883018494,0.7290966510772705,0.35,1,1,600,FP32-token-IDs
MentalBERT,d0judl,497,140,2001,was,was,False,anger,-0.014636646956205368,0.014636646956205368,0.2924574017524719,0.11497871577739716,0.35,1,0,600,FP32-token-IDs
MentalBERT,d0judl,497,140,2001,was,was,False,brain dysfunction (forget),-0.006990802346263081,0.006990802346263081,0.20912587642669678,0.12421266734600067,0.35,0,0,600,FP32-token-IDs
MentalBERT,d0judl,497,140,2001,was,was,False,emptiness,-0.013786089478526265,0.013786089478526265,0.2569177448749542,0.2810730040073395,0.35,1,0,600,FP32-token-IDs
MentalBERT,d0judl,497,140,2001,was,was,False,hopelessness,-0.014770977525040507,0.014770977525040507,0.453926682472229,0.9733936190605164,0.35,1,1,600,FP32-token-IDs
MentalBERT,d0judl,497,140,2001,was,was,False,loneliness,-0.009347484388854355,0.009347484388854355,0.6538379788398743,0.7960783839225769,0.35,1,1,600,FP32-token-IDs
MentalBERT,d0judl,497,140,2001,was,was,False,sadness,-0.0056174775585532185,0.0056174775585532185,0.44028040766716003,0.9916817545890808,0.35,1,1,600,FP32-token-IDs
MentalBERT,d0judl,497,140,2001,was,was,False,suicide intent,-0.004393039287970168,0.004393039287970168,0.07008705288171768,0.037931881844997406,0.35,0,0,600,FP32-token-IDs
MentalBERT,d0judl,497,140,2001,was,was,False,worthlessness,-0.027998192701488733,0.027998192701488733,0.46631988883018494,0.7290966510772705,0.35,1,1,600,FP32-token-IDs
MentalBERT,d0judl,497,141,8025,curious,curious,False,anger,-0.014636646956205368,0.014636646956205368,0.2924574017524719,0.11497871577739716,0.35,1,0,600,FP32-token-IDs
MentalBERT,d0judl,497,141,8025,curious,curious,False,brain dysfunction (forget),-0.006990802346263081,0.006990802346263081,0.20912587642669678,0.12421266734600067,0.35,0,0,600,FP32-token-IDs
MentalBERT,d0judl,497,141,8025,curious,curious,False,emptiness,-0.013786089478526265,0.013786089478526265,0.2569177448749542,0.2810730040073395,0.35,1,0,600,FP32-token-IDs
MentalBERT,d0judl,497,141,8025,curious,curious,False,hopelessness,-0.014770977525040507,0.014770977525040507,0.453926682472229,0.9733936190605164,0.35,1,1,600,FP32-token-IDs
MentalBERT,d0judl,497,141,8025,curious,curious,False,loneliness,-0.009347484388854355,0.009347484388854355,0.6538379788398743,0.7960783839225769,0.35,1,1,600,FP32-token-IDs
MentalBERT,d0judl,497,141,8025,curious,curious,False,sadness,-0.0056174775585532185,0.0056174775585532185,0.44028040766716003,0.9916817545890808,0.35,1,1,600,FP32-token-IDs
MentalBERT,d0judl,497,141,8025,curious,curious,False,suicide intent,-0.004393039287970168,0.004393039287970168,0.07008705288171768,0.037931881844997406,0.35,0,0,600,FP32-token-IDs
MentalBERT,d0judl,497,141,8025,curious,curious,False,worthlessness,-0.027998192701488733,0.027998192701488733,0.46631988883018494,0.7290966510772705,0.35,1,1,600,FP32-token-IDs
MentalBERT,d0judl,497,142,2065,if,if,False,anger,-0.014636646956205368,0.014636646956205368,0.2924574017524719,0.11497871577739716,0.35,1,0,600,FP32-token-IDs
MentalBERT,d0judl,497,142,2065,if,if,False,brain dysfunction (forget),-0.006990802346263081,0.006990802346263081,0.20912587642669678,0.12421266734600067,0.35,0,0,600,FP32-token-IDs
MentalBERT,d0judl,497,142,2065,if,if,False,emptiness,-0.013786089478526265,0.013786089478526265,0.2569177448749542,0.2810730040073395,0.35,1,0,600,FP32-token-IDs
MentalBERT,d0judl,497,142,2065,if,if,False,hopelessness,-0.014770977525040507,0.014770977525040507,0.453926682472229,0.9733936190605164,0.35,1,1,600,FP32-token-IDs
MentalBERT,d0judl,497,142,2065,if,if,False,loneliness,-0.009347484388854355,0.009347484388854355,0.6538379788398743,0.7960783839225769,0.35,1,1,600,FP32-token-IDs
MentalBERT,d0judl,497,142,2065,if,if,False,sadness,-0.0056174775585532185,0.0056174775585532185,0.44028040766716003,0.9916817545890808,0.35,1,1,600,FP32-token-IDs
MentalBERT,d0judl,497,142,2065,if,if,False,suicide intent,-0.004393039287970168,0.004393039287970168,0.07008705288171768,0.037931881844997406,0.35,0,0,600,FP32-token-IDs
MentalBERT,d0judl,497,142,2065,if,if,False,worthlessness,-0.027998192701488733,0.027998192701488733,0.46631988883018494,0.7290966510772705,0.35,1,1,600,FP32-token-IDs
MentalBERT,d0judl,497,143,2500,others,others,False,anger,-0.014636646956205368,0.014636646956205368,0.2924574017524719,0.11497871577739716,0.35,1,0,600,FP32-token-IDs
MentalBERT,d0judl,497,143,2500,others,others,False,brain dysfunction (forget),-0.006990802346263081,0.006990802346263081,0.20912587642669678,0.12421266734600067,0.35,0,0,600,FP32-token-IDs
MentalBERT,d0judl,497,143,2500,others,others,False,emptiness,-0.013786089478526265,0.013786089478526265,0.2569177448749542,0.2810730040073395,0.35,1,0,600,FP32-token-IDs
MentalBERT,d0judl,497,143,2500,others,others,False,hopelessness,-0.014770977525040507,0.014770977525040507,0.453926682472229,0.9733936190605164,0.35,1,1,600,FP32-token-IDs
MentalBERT,d0judl,497,143,2500,others,others,False,loneliness,-0.009347484388854355,0.009347484388854355,0.6538379788398743,0.7960783839225769,0.35,1,1,600,FP32-token-IDs
MentalBERT,d0judl,497,143,2500,others,others,False,sadness,-0.0056174775585532185,0.0056174775585532185,0.44028040766716003,0.9916817545890808,0.35,1,1,600,FP32-token-IDs
MentalBERT,d0judl,497,143,2500,others,others,False,suicide intent,-0.004393039287970168,0.004393039287970168,0.07008705288171768,0.037931881844997406,0.35,0,0,600,FP32-token-IDs
MentalBERT,d0judl,497,143,2500,others,others,False,worthlessness,-0.027998192701488733,0.027998192701488733,0.46631988883018494,0.7290966510772705,0.35,1,1,600,FP32-token-IDs
MentalBERT,d0judl,497,144,2514,feel,feel,False,anger,-0.00113168905954808,0.00113168905954808,0.2924574017524719,0.11497871577739716,0.35,1,0,600,FP32-token-IDs
MentalBERT,d0judl,497,144,2514,feel,feel,False,brain dysfunction (forget),-0.0020028272294439374,0.0020028272294439374,0.20912587642669678,0.12421266734600067,0.35,0,0,600,FP32-token-IDs
MentalBERT,d0judl,497,144,2514,feel,feel,False,emptiness,-0.004434056801255792,0.004434056801255792,0.2569177448749542,0.2810730040073395,0.35,1,0,600,FP32-token-IDs
MentalBERT,d0judl,497,144,2514,feel,feel,False,hopelessness,-0.005512688634917139,0.005512688634917139,0.453926682472229,0.9733936190605164,0.35,1,1,600,FP32-token-IDs
MentalBERT,d0judl,497,144,2514,feel,feel,False,loneliness,-0.005120421235915273,0.005120421235915273,0.6538379788398743,0.7960783839225769,0.35,1,1,600,FP32-token-IDs
MentalBERT,d0judl,497,144,2514,feel,feel,False,sadness,-0.0018997849896550182,0.0018997849896550182,0.44028040766716003,0.9916817545890808,0.35,1,1,600,FP32-token-IDs
MentalBERT,d0judl,497,144,2514,feel,feel,False,suicide intent,-0.0006196041962539312,0.0006196041962539312,0.07008705288171768,0.037931881844997406,0.35,0,0,600,FP32-token-IDs
MentalBERT,d0judl,497,144,2514,feel,feel,False,worthlessness,-0.006794987712055445,0.006794987712055445,0.46631988883018494,0.7290966510772705,0.35,1,1,600,FP32-token-IDs
MentalBERT,d0judl,497,145,2023,this,this,False,anger,-0.00113168905954808,0.00113168905954808,0.2924574017524719,0.11497871577739716,0.35,1,0,600,FP32-token-IDs
MentalBERT,d0judl,497,145,2023,this,this,False,brain dysfunction (forget),-0.0020028272294439374,0.0020028272294439374,0.20912587642669678,0.12421266734600067,0.35,0,0,600,FP32-token-IDs
MentalBERT,d0judl,497,145,2023,this,this,False,emptiness,-0.004434056801255792,0.004434056801255792,0.2569177448749542,0.2810730040073395,0.35,1,0,600,FP32-token-IDs
MentalBERT,d0judl,497,145,2023,this,this,False,hopelessness,-0.005512688634917139,0.005512688634917139,0.453926682472229,0.9733936190605164,0.35,1,1,600,FP32-token-IDs
MentalBERT,d0judl,497,145,2023,this,this,False,loneliness,-0.005120421235915273,0.005120421235915273,0.6538379788398743,0.7960783839225769,0.35,1,1,600,FP32-token-IDs
MentalBERT,d0judl,497,145,2023,this,this,False,sadness,-0.0018997849896550182,0.0018997849896550182,0.44028040766716003,0.9916817545890808,0.35,1,1,600,FP32-token-IDs
MentalBERT,d0judl,497,145,2023,this,this,False,suicide intent,-0.0006196041962539312,0.0006196041962539312,0.07008705288171768,0.037931881844997406,0.35,0,0,600,FP32-token-IDs
MentalBERT,d0judl,497,145,2023,this,this,False,worthlessness,-0.006794987712055445,0.006794987712055445,0.46631988883018494,0.7290966510772705,0.35,1,1,600,FP32-token-IDs
MentalBERT,d0judl,497,146,2126,way,way,False,anger,-0.00113168905954808,0.00113168905954808,0.2924574017524719,0.11497871577739716,0.35,1,0,600,FP32-token-IDs
MentalBERT,d0judl,497,146,2126,way,way,False,brain dysfunction (forget),-0.0020028272294439374,0.0020028272294439374,0.20912587642669678,0.12421266734600067,0.35,0,0,600,FP32-token-IDs
MentalBERT,d0judl,497,146,2126,way,way,False,emptiness,-0.004434056801255792,0.004434056801255792,0.2569177448749542,0.2810730040073395,0.35,1,0,600,FP32-token-IDs
MentalBERT,d0judl,497,146,2126,way,way,False,hopelessness,-0.005512688634917139,0.005512688634917139,0.453926682472229,0.9733936190605164,0.35,1,1,600,FP32-token-IDs
MentalBERT,d0judl,497,146,2126,way,way,False,loneliness,-0.005120421235915273,0.005120421235915273,0.6538379788398743,0.7960783839225769,0.35,1,1,600,FP32-token-IDs
MentalBERT,d0judl,497,146,2126,way,way,False,sadness,-0.0018997849896550182,0.0018997849896550182,0.44028040766716003,0.9916817545890808,0.35,1,1,600,FP32-token-IDs
MentalBERT,d0judl,497,146,2126,way,way,False,suicide intent,-0.0006196041962539312,0.0006196041962539312,0.07008705288171768,0.037931881844997406,0.35,0,0,600,FP32-token-IDs
MentalBERT,d0judl,497,146,2126,way,way,False,worthlessness,-0.006794987712055445,0.006794987712055445,0.46631988883018494,0.7290966510772705,0.35,1,1,600,FP32-token-IDs
MentalBERT,d0judl,497,147,1012,.,.,False,anger,-0.00113168905954808,0.00113168905954808,0.2924574017524719,0.11497871577739716,0.35,1,0,600,FP32-token-IDs
MentalBERT,d0judl,497,147,1012,.,.,False,brain dysfunction (forget),-0.0020028272294439374,0.0020028272294439374,0.20912587642669678,0.12421266734600067,0.35,0,0,600,FP32-token-IDs
MentalBERT,d0judl,497,147,1012,.,.,False,emptiness,-0.004434056801255792,0.004434056801255792,0.2569177448749542,0.2810730040073395,0.35,1,0,600,FP32-token-IDs
MentalBERT,d0judl,497,147,1012,.,.,False,hopelessness,-0.00551268863491714,0.00551268863491714,0.453926682472229,0.9733936190605164,0.35,1,1,600,FP32-token-IDs
MentalBERT,d0judl,497,147,1012,.,.,False,loneliness,-0.005120421235915273,0.005120421235915273,0.6538379788398743,0.7960783839225769,0.35,1,1,600,FP32-token-IDs
MentalBERT,d0judl,497,147,1012,.,.,False,sadness,-0.001899784989655018,0.001899784989655018,0.44028040766716003,0.9916817545890808,0.35,1,1,600,FP32-token-IDs
MentalBERT,d0judl,497,147,1012,.,.,False,suicide intent,-0.0006196041962539312,0.0006196041962539312,0.07008705288171768,0.037931881844997406,0.35,0,0,600,FP32-token-IDs
MentalBERT,d0judl,497,147,1012,.,.,False,worthlessness,-0.006794987712055445,0.006794987712055445,0.46631988883018494,0.7290966510772705,0.35,1,1,600,FP32-token-IDs
MentalBERT,d0judl,497,148,102,[SEP],,True,anger,1.695007085800171e-07,1.695007085800171e-07,0.2924574017524719,0.11497871577739716,0.35,1,0,600,FP32-token-IDs
MentalBERT,d0judl,497,148,102,[SEP],,True,brain dysfunction (forget),9.033828973770142e-08,9.033828973770142e-08,0.20912587642669678,0.12421266734600067,0.35,0,0,600,FP32-token-IDs
MentalBERT,d0judl,497,148,102,[SEP],,True,emptiness,7.264316082000732e-08,7.264316082000732e-08,0.2569177448749542,0.2810730040073395,0.35,1,0,600,FP32-token-IDs
MentalBERT,d0judl,497,148,102,[SEP],,True,hopelessness,3.725290298461914e-09,3.725290298461914e-09,0.453926682472229,0.9733936190605164,0.35,1,1,600,FP32-token-IDs
MentalBERT,d0judl,497,148,102,[SEP],,True,loneliness,-8.475035429000854e-08,8.475035429000854e-08,0.6538379788398743,0.7960783839225769,0.35,1,1,600,FP32-token-IDs
MentalBERT,d0judl,497,148,102,[SEP],,True,sadness,4.470348358154297e-08,4.470348358154297e-08,0.44028040766716003,0.9916817545890808,0.35,1,1,600,FP32-token-IDs
MentalBERT,d0judl,497,148,102,[SEP],,True,suicide intent,5.861511453986168e-08,5.861511453986168e-08,0.07008705288171768,0.037931881844997406,0.35,0,0,600,FP32-token-IDs
MentalBERT,d0judl,497,148,102,[SEP],,True,worthlessness,2.980232238769531e-07,2.980232238769531e-07,0.46631988883018494,0.7290966510772705,0.35,1,1,600,FP32-token-IDs
