Model,Sample_ID,Test_Index,Token_Index,Token_ID,Raw_Token,Token,Is_Special_Token,Emotion,SHAP_Value,Abs_SHAP,Base_Value,Model_Probability,Threshold,True_Label,Predicted_Label,SHAP_Max_Evals,XAI_Inference
MentalBERT,141cj66,539,0,101,[CLS],,True,anger,-0.0034966913067778064,0.0034966913067778064,0.3234289884567261,0.004674145486205816,0.35,0,0,600,FP32-token-IDs
MentalBERT,141cj66,539,0,101,[CLS],,True,brain dysfunction (forget),-0.0017343679316003213,0.0017343679316003213,0.23197773098945618,0.16371269524097443,0.35,0,0,600,FP32-token-IDs
MentalBERT,141cj66,539,0,101,[CLS],,True,emptiness,0.0014678711992349813,0.0014678711992349813,0.2675025165081024,0.786212682723999,0.35,0,1,600,FP32-token-IDs
MentalBERT,141cj66,539,0,101,[CLS],,True,hopelessness,-0.011156825719147244,0.011156825719147244,0.4815284013748169,0.6615225076675415,0.35,1,1,600,FP32-token-IDs
MentalBERT,141cj66,539,0,101,[CLS],,True,loneliness,0.0074556251479820776,0.0074556251479820776,0.6294304728507996,0.6271837949752808,0.35,0,1,600,FP32-token-IDs
MentalBERT,141cj66,539,0,101,[CLS],,True,sadness,-0.01634545408358628,0.01634545408358628,0.4494190216064453,0.38843607902526855,0.35,0,1,600,FP32-token-IDs
MentalBERT,141cj66,539,0,101,[CLS],,True,suicide intent,-0.0008970163021744652,0.0008970163021744652,0.0790741816163063,0.020826537162065506,0.35,0,0,600,FP32-token-IDs
MentalBERT,141cj66,539,0,101,[CLS],,True,worthlessness,-0.00955650553276593,0.00955650553276593,0.5067859888076782,0.37172651290893555,0.35,1,1,600,FP32-token-IDs
MentalBERT,141cj66,539,1,2079,do,do,False,anger,-0.0034966913067778064,0.0034966913067778064,0.3234289884567261,0.004674145486205816,0.35,0,0,600,FP32-token-IDs
MentalBERT,141cj66,539,1,2079,do,do,False,brain dysfunction (forget),-0.0017343679316003213,0.0017343679316003213,0.23197773098945618,0.16371269524097443,0.35,0,0,600,FP32-token-IDs
MentalBERT,141cj66,539,1,2079,do,do,False,emptiness,0.0014678711992349813,0.0014678711992349813,0.2675025165081024,0.786212682723999,0.35,0,1,600,FP32-token-IDs
MentalBERT,141cj66,539,1,2079,do,do,False,hopelessness,-0.011156825719147244,0.011156825719147244,0.4815284013748169,0.6615225076675415,0.35,1,1,600,FP32-token-IDs
MentalBERT,141cj66,539,1,2079,do,do,False,loneliness,0.0074556251479820776,0.0074556251479820776,0.6294304728507996,0.6271837949752808,0.35,0,1,600,FP32-token-IDs
MentalBERT,141cj66,539,1,2079,do,do,False,sadness,-0.01634545408358628,0.01634545408358628,0.4494190216064453,0.38843607902526855,0.35,0,1,600,FP32-token-IDs
MentalBERT,141cj66,539,1,2079,do,do,False,suicide intent,-0.0008970163021744652,0.0008970163021744652,0.0790741816163063,0.020826537162065506,0.35,0,0,600,FP32-token-IDs
MentalBERT,141cj66,539,1,2079,do,do,False,worthlessness,-0.00955650553276593,0.00955650553276593,0.5067859888076782,0.37172651290893555,0.35,1,1,600,FP32-token-IDs
MentalBERT,141cj66,539,2,2017,you,you,False,anger,-0.0016293006470236419,0.0016293006470236419,0.3234289884567261,0.004674145486205816,0.35,0,0,600,FP32-token-IDs
MentalBERT,141cj66,539,2,2017,you,you,False,brain dysfunction (forget),-0.002316994952376593,0.002316994952376593,0.23197773098945618,0.16371269524097443,0.35,0,0,600,FP32-token-IDs
MentalBERT,141cj66,539,2,2017,you,you,False,emptiness,0.004005225327670236,0.004005225327670236,0.2675025165081024,0.786212682723999,0.35,0,1,600,FP32-token-IDs
MentalBERT,141cj66,539,2,2017,you,you,False,hopelessness,-0.0033966662806712766,0.0033966662806712766,0.4815284013748169,0.6615225076675415,0.35,1,1,600,FP32-token-IDs
MentalBERT,141cj66,539,2,2017,you,you,False,loneliness,0.0025866502387957143,0.0025866502387957143,0.6294304728507996,0.6271837949752808,0.35,0,1,600,FP32-token-IDs
MentalBERT,141cj66,539,2,2017,you,you,False,sadness,-0.01422709616070444,0.01422709616070444,0.4494190216064453,0.38843607902526855,0.35,0,1,600,FP32-token-IDs
MentalBERT,141cj66,539,2,2017,you,you,False,suicide intent,-0.0008006982812234623,0.0008006982812234623,0.0790741816163063,0.020826537162065506,0.35,0,0,600,FP32-token-IDs
MentalBERT,141cj66,539,2,2017,you,you,False,worthlessness,-0.0031566004565154963,0.0031566004565154963,0.5067859888076782,0.37172651290893555,0.35,1,1,600,FP32-token-IDs
MentalBERT,141cj66,539,3,3233,stand,stand,False,anger,-0.0016293006470236419,0.0016293006470236419,0.3234289884567261,0.004674145486205816,0.35,0,0,600,FP32-token-IDs
MentalBERT,141cj66,539,3,3233,stand,stand,False,brain dysfunction (forget),-0.002316994952376593,0.002316994952376593,0.23197773098945618,0.16371269524097443,0.35,0,0,600,FP32-token-IDs
MentalBERT,141cj66,539,3,3233,stand,stand,False,emptiness,0.004005225327670236,0.004005225327670236,0.2675025165081024,0.786212682723999,0.35,0,1,600,FP32-token-IDs
MentalBERT,141cj66,539,3,3233,stand,stand,False,hopelessness,-0.0033966662806712766,0.0033966662806712766,0.4815284013748169,0.6615225076675415,0.35,1,1,600,FP32-token-IDs
MentalBERT,141cj66,539,3,3233,stand,stand,False,loneliness,0.0025866502387957143,0.0025866502387957143,0.6294304728507996,0.6271837949752808,0.35,0,1,600,FP32-token-IDs
MentalBERT,141cj66,539,3,3233,stand,stand,False,sadness,-0.01422709616070444,0.01422709616070444,0.4494190216064453,0.38843607902526855,0.35,0,1,600,FP32-token-IDs
MentalBERT,141cj66,539,3,3233,stand,stand,False,suicide intent,-0.0008006982812234623,0.0008006982812234623,0.0790741816163063,0.020826537162065506,0.35,0,0,600,FP32-token-IDs
MentalBERT,141cj66,539,3,3233,stand,stand,False,worthlessness,-0.0031566004565154963,0.0031566004565154963,0.5067859888076782,0.37172651290893555,0.35,1,1,600,FP32-token-IDs
MentalBERT,141cj66,539,4,2145,still,still,False,anger,-0.004188386299551008,0.004188386299551008,0.3234289884567261,0.004674145486205816,0.35,0,0,600,FP32-token-IDs
MentalBERT,141cj66,539,4,2145,still,still,False,brain dysfunction (forget),0.00015562959620124333,0.00015562959620124333,0.23197773098945618,0.16371269524097443,0.35,0,0,600,FP32-token-IDs
MentalBERT,141cj66,539,4,2145,still,still,False,emptiness,0.0015292559091195273,0.0015292559091195273,0.2675025165081024,0.786212682723999,0.35,0,1,600,FP32-token-IDs
MentalBERT,141cj66,539,4,2145,still,still,False,hopelessness,-0.0027365829408555835,0.0027365829408555835,0.4815284013748169,0.6615225076675415,0.35,1,1,600,FP32-token-IDs
MentalBERT,141cj66,539,4,2145,still,still,False,loneliness,0.005534248734981596,0.005534248734981596,0.6294304728507996,0.6271837949752808,0.35,0,1,600,FP32-token-IDs
MentalBERT,141cj66,539,4,2145,still,still,False,sadness,-0.0006662305541239777,0.0006662305541239777,0.4494190216064453,0.38843607902526855,0.35,0,1,600,FP32-token-IDs
MentalBERT,141cj66,539,4,2145,still,still,False,suicide intent,0.000717717895659243,0.000717717895659243,0.0790741816163063,0.020826537162065506,0.35,0,0,600,FP32-token-IDs
MentalBERT,141cj66,539,4,2145,still,still,False,worthlessness,-0.010923607327806001,0.010923607327806001,0.5067859888076782,0.37172651290893555,0.35,1,1,600,FP32-token-IDs
MentalBERT,141cj66,539,5,1999,in,in,False,anger,-0.004188386299551008,0.004188386299551008,0.3234289884567261,0.004674145486205816,0.35,0,0,600,FP32-token-IDs
MentalBERT,141cj66,539,5,1999,in,in,False,brain dysfunction (forget),0.00015562959620124333,0.00015562959620124333,0.23197773098945618,0.16371269524097443,0.35,0,0,600,FP32-token-IDs
MentalBERT,141cj66,539,5,1999,in,in,False,emptiness,0.0015292559091195273,0.0015292559091195273,0.2675025165081024,0.786212682723999,0.35,0,1,600,FP32-token-IDs
MentalBERT,141cj66,539,5,1999,in,in,False,hopelessness,-0.0027365829408555835,0.0027365829408555835,0.4815284013748169,0.6615225076675415,0.35,1,1,600,FP32-token-IDs
MentalBERT,141cj66,539,5,1999,in,in,False,loneliness,0.005534248734981596,0.005534248734981596,0.6294304728507996,0.6271837949752808,0.35,0,1,600,FP32-token-IDs
MentalBERT,141cj66,539,5,1999,in,in,False,sadness,-0.0006662305541239777,0.0006662305541239777,0.4494190216064453,0.38843607902526855,0.35,0,1,600,FP32-token-IDs
MentalBERT,141cj66,539,5,1999,in,in,False,suicide intent,0.000717717895659243,0.000717717895659243,0.0790741816163063,0.020826537162065506,0.35,0,0,600,FP32-token-IDs
MentalBERT,141cj66,539,5,1999,in,in,False,worthlessness,-0.010923607327806001,0.010923607327806001,0.5067859888076782,0.37172651290893555,0.35,1,1,600,FP32-token-IDs
MentalBERT,141cj66,539,6,2392,front,front,False,anger,-0.0032607187003796077,0.0032607187003796077,0.3234289884567261,0.004674145486205816,0.35,0,0,600,FP32-token-IDs
MentalBERT,141cj66,539,6,2392,front,front,False,brain dysfunction (forget),-0.00034137488669389255,0.00034137488669389255,0.23197773098945618,0.16371269524097443,0.35,0,0,600,FP32-token-IDs
MentalBERT,141cj66,539,6,2392,front,front,False,emptiness,0.00012028359735457162,0.00012028359735457162,0.2675025165081024,0.786212682723999,0.35,0,1,600,FP32-token-IDs
MentalBERT,141cj66,539,6,2392,front,front,False,hopelessness,-0.004273415131905637,0.004273415131905637,0.4815284013748169,0.6615225076675415,0.35,1,1,600,FP32-token-IDs
MentalBERT,141cj66,539,6,2392,front,front,False,loneliness,0.005620792816550314,0.005620792816550314,0.6294304728507996,0.6271837949752808,0.35,0,1,600,FP32-token-IDs
MentalBERT,141cj66,539,6,2392,front,front,False,sadness,-0.0013210569605134526,0.0013210569605134526,0.4494190216064453,0.38843607902526855,0.35,0,1,600,FP32-token-IDs
MentalBERT,141cj66,539,6,2392,front,front,False,suicide intent,0.0006438889283711066,0.0006438889283711066,0.0790741816163063,0.020826537162065506,0.35,0,0,600,FP32-token-IDs
MentalBERT,141cj66,539,6,2392,front,front,False,worthlessness,-0.012263701350258832,0.012263701350258832,0.5067859888076782,0.37172651290893555,0.35,1,1,600,FP32-token-IDs
MentalBERT,141cj66,539,7,1997,of,of,False,anger,-0.0032607187003796077,0.0032607187003796077,0.3234289884567261,0.004674145486205816,0.35,0,0,600,FP32-token-IDs
MentalBERT,141cj66,539,7,1997,of,of,False,brain dysfunction (forget),-0.00034137488669389255,0.00034137488669389255,0.23197773098945618,0.16371269524097443,0.35,0,0,600,FP32-token-IDs
MentalBERT,141cj66,539,7,1997,of,of,False,emptiness,0.00012028359735457162,0.00012028359735457162,0.2675025165081024,0.786212682723999,0.35,0,1,600,FP32-token-IDs
MentalBERT,141cj66,539,7,1997,of,of,False,hopelessness,-0.004273415131905637,0.004273415131905637,0.4815284013748169,0.6615225076675415,0.35,1,1,600,FP32-token-IDs
MentalBERT,141cj66,539,7,1997,of,of,False,loneliness,0.005620792816550314,0.005620792816550314,0.6294304728507996,0.6271837949752808,0.35,0,1,600,FP32-token-IDs
MentalBERT,141cj66,539,7,1997,of,of,False,sadness,-0.0013210569605134526,0.0013210569605134526,0.4494190216064453,0.38843607902526855,0.35,0,1,600,FP32-token-IDs
MentalBERT,141cj66,539,7,1997,of,of,False,suicide intent,0.0006438889283711066,0.0006438889283711066,0.0790741816163063,0.020826537162065506,0.35,0,0,600,FP32-token-IDs
MentalBERT,141cj66,539,7,1997,of,of,False,worthlessness,-0.012263701350258832,0.012263701350258832,0.5067859888076782,0.37172651290893555,0.35,1,1,600,FP32-token-IDs
MentalBERT,141cj66,539,8,1996,the,the,False,anger,-0.005656511497946388,0.005656511497946388,0.3234289884567261,0.004674145486205816,0.35,0,0,600,FP32-token-IDs
MentalBERT,141cj66,539,8,1996,the,the,False,brain dysfunction (forget),0.0013165295494970307,0.0013165295494970307,0.23197773098945618,0.16371269524097443,0.35,0,0,600,FP32-token-IDs
MentalBERT,141cj66,539,8,1996,the,the,False,emptiness,0.0004719503806476599,0.0004719503806476599,0.2675025165081024,0.786212682723999,0.35,0,1,600,FP32-token-IDs
MentalBERT,141cj66,539,8,1996,the,the,False,hopelessness,-0.0013750927135735367,0.0013750927135735367,0.4815284013748169,0.6615225076675415,0.35,1,1,600,FP32-token-IDs
MentalBERT,141cj66,539,8,1996,the,the,False,loneliness,0.0028463513570236958,0.0028463513570236958,0.6294304728507996,0.6271837949752808,0.35,0,1,600,FP32-token-IDs
MentalBERT,141cj66,539,8,1996,the,the,False,sadness,-0.0014435384519301453,0.0014435384519301453,0.4494190216064453,0.38843607902526855,0.35,0,1,600,FP32-token-IDs
MentalBERT,141cj66,539,8,1996,the,the,False,suicide intent,0.0009182456934227895,0.0009182456934227895,0.0790741816163063,0.020826537162065506,0.35,0,0,600,FP32-token-IDs
MentalBERT,141cj66,539,8,1996,the,the,False,worthlessness,-0.006534333044493741,0.006534333044493741,0.5067859888076782,0.37172651290893555,0.35,1,1,600,FP32-token-IDs
MentalBERT,141cj66,539,9,5259,mirror,mirror,False,anger,-0.005656511497946388,0.005656511497946388,0.3234289884567261,0.004674145486205816,0.35,0,0,600,FP32-token-IDs
MentalBERT,141cj66,539,9,5259,mirror,mirror,False,brain dysfunction (forget),0.0013165295494970307,0.0013165295494970307,0.23197773098945618,0.16371269524097443,0.35,0,0,600,FP32-token-IDs
MentalBERT,141cj66,539,9,5259,mirror,mirror,False,emptiness,0.0004719503806476599,0.0004719503806476599,0.2675025165081024,0.786212682723999,0.35,0,1,600,FP32-token-IDs
MentalBERT,141cj66,539,9,5259,mirror,mirror,False,hopelessness,-0.0013750927135735367,0.0013750927135735367,0.4815284013748169,0.6615225076675415,0.35,1,1,600,FP32-token-IDs
MentalBERT,141cj66,539,9,5259,mirror,mirror,False,loneliness,0.0028463513570236958,0.0028463513570236958,0.6294304728507996,0.6271837949752808,0.35,0,1,600,FP32-token-IDs
MentalBERT,141cj66,539,9,5259,mirror,mirror,False,sadness,-0.0014435384519301453,0.0014435384519301453,0.4494190216064453,0.38843607902526855,0.35,0,1,600,FP32-token-IDs
MentalBERT,141cj66,539,9,5259,mirror,mirror,False,suicide intent,0.0009182456934227895,0.0009182456934227895,0.0790741816163063,0.020826537162065506,0.35,0,0,600,FP32-token-IDs
MentalBERT,141cj66,539,9,5259,mirror,mirror,False,worthlessness,-0.006534333044493741,0.006534333044493741,0.5067859888076782,0.37172651290893555,0.35,1,1,600,FP32-token-IDs
MentalBERT,141cj66,539,10,1010,",",",",False,anger,-0.005656511497946388,0.005656511497946388,0.3234289884567261,0.004674145486205816,0.35,0,0,600,FP32-token-IDs
MentalBERT,141cj66,539,10,1010,",",",",False,brain dysfunction (forget),0.0013165295494970307,0.0013165295494970307,0.23197773098945618,0.16371269524097443,0.35,0,0,600,FP32-token-IDs
MentalBERT,141cj66,539,10,1010,",",",",False,emptiness,0.0004719503806476599,0.0004719503806476599,0.2675025165081024,0.786212682723999,0.35,0,1,600,FP32-token-IDs
MentalBERT,141cj66,539,10,1010,",",",",False,hopelessness,-0.0013750927135735367,0.0013750927135735367,0.4815284013748169,0.6615225076675415,0.35,1,1,600,FP32-token-IDs
MentalBERT,141cj66,539,10,1010,",",",",False,loneliness,0.0028463513570236958,0.0028463513570236958,0.6294304728507996,0.6271837949752808,0.35,0,1,600,FP32-token-IDs
MentalBERT,141cj66,539,10,1010,",",",",False,sadness,-0.0014435384519301453,0.0014435384519301453,0.4494190216064453,0.38843607902526855,0.35,0,1,600,FP32-token-IDs
MentalBERT,141cj66,539,10,1010,",",",",False,suicide intent,0.0009182456934227895,0.0009182456934227895,0.0790741816163063,0.020826537162065506,0.35,0,0,600,FP32-token-IDs
MentalBERT,141cj66,539,10,1010,",",",",False,worthlessness,-0.006534333044493741,0.006534333044493741,0.5067859888076782,0.37172651290893555,0.35,1,1,600,FP32-token-IDs
MentalBERT,141cj66,539,11,19917,motionless,motionless,False,anger,-0.018022639938862994,0.018022639938862994,0.3234289884567261,0.004674145486205816,0.35,0,0,600,FP32-token-IDs
MentalBERT,141cj66,539,11,19917,motionless,motionless,False,brain dysfunction (forget),0.016017955727875233,0.016017955727875233,0.23197773098945618,0.16371269524097443,0.35,0,0,600,FP32-token-IDs
MentalBERT,141cj66,539,11,19917,motionless,motionless,False,emptiness,0.4934450384462252,0.4934450384462252,0.2675025165081024,0.786212682723999,0.35,0,1,600,FP32-token-IDs
MentalBERT,141cj66,539,11,19917,motionless,motionless,False,hopelessness,0.29763983748853207,0.29763983748853207,0.4815284013748169,0.6615225076675415,0.35,1,1,600,FP32-token-IDs
MentalBERT,141cj66,539,11,19917,motionless,motionless,False,loneliness,0.33177334163337946,0.33177334163337946,0.6294304728507996,0.6271837949752808,0.35,0,1,600,FP32-token-IDs
MentalBERT,141cj66,539,11,19917,motionless,motionless,False,sadness,0.12578695663250983,0.12578695663250983,0.4494190216064453,0.38843607902526855,0.35,0,1,600,FP32-token-IDs
MentalBERT,141cj66,539,11,19917,motionless,motionless,False,suicide intent,0.028243264532648027,0.028243264532648027,0.0790741816163063,0.020826537162065506,0.35,0,0,600,FP32-token-IDs
MentalBERT,141cj66,539,11,19917,motionless,motionless,False,worthlessness,0.24242483300622553,0.24242483300622553,0.5067859888076782,0.37172651290893555,0.35,1,1,600,FP32-token-IDs
MentalBERT,141cj66,539,12,1998,and,and,False,anger,0.008763789155636914,0.008763789155636914,0.3234289884567261,0.004674145486205816,0.35,0,0,600,FP32-token-IDs
MentalBERT,141cj66,539,12,1998,and,and,False,brain dysfunction (forget),0.013167721219360828,0.013167721219360828,0.23197773098945618,0.16371269524097443,0.35,0,0,600,FP32-token-IDs
MentalBERT,141cj66,539,12,1998,and,and,False,emptiness,0.10149673034902662,0.10149673034902662,0.2675025165081024,0.786212682723999,0.35,0,1,600,FP32-token-IDs
MentalBERT,141cj66,539,12,1998,and,and,False,hopelessness,0.09519868064671755,0.09519868064671755,0.4815284013748169,0.6615225076675415,0.35,1,1,600,FP32-token-IDs
MentalBERT,141cj66,539,12,1998,and,and,False,loneliness,0.03520834958180785,0.03520834958180785,0.6294304728507996,0.6271837949752808,0.35,0,1,600,FP32-token-IDs
MentalBERT,141cj66,539,12,1998,and,and,False,sadness,0.056739334715530276,0.056739334715530276,0.4494190216064453,0.38843607902526855,0.35,0,1,600,FP32-token-IDs
MentalBERT,141cj66,539,12,1998,and,and,False,suicide intent,0.010459749260917306,0.010459749260917306,0.0790741816163063,0.020826537162065506,0.35,0,0,600,FP32-token-IDs
MentalBERT,141cj66,539,12,1998,and,and,False,worthlessness,0.10690273705404252,0.10690273705404252,0.5067859888076782,0.37172651290893555,0.35,1,1,600,FP32-token-IDs
MentalBERT,141cj66,539,13,10634,dull,dull,False,anger,-0.009305354658863507,0.009305354658863507,0.3234289884567261,0.004674145486205816,0.35,0,0,600,FP32-token-IDs
MentalBERT,141cj66,539,13,10634,dull,dull,False,brain dysfunction (forget),0.018219091929495335,0.018219091929495335,0.23197773098945618,0.16371269524097443,0.35,0,0,600,FP32-token-IDs
MentalBERT,141cj66,539,13,10634,dull,dull,False,emptiness,0.08084726124070585,0.08084726124070585,0.2675025165081024,0.786212682723999,0.35,0,1,600,FP32-token-IDs
MentalBERT,141cj66,539,13,10634,dull,dull,False,hopelessness,0.07361618429422379,0.07361618429422379,0.4815284013748169,0.6615225076675415,0.35,1,1,600,FP32-token-IDs
MentalBERT,141cj66,539,13,10634,dull,dull,False,loneliness,-0.01882567792199552,0.01882567792199552,0.6294304728507996,0.6271837949752808,0.35,0,1,600,FP32-token-IDs
MentalBERT,141cj66,539,13,10634,dull,dull,False,sadness,0.05966964806430042,0.05966964806430042,0.4494190216064453,0.38843607902526855,0.35,0,1,600,FP32-token-IDs
MentalBERT,141cj66,539,13,10634,dull,dull,False,suicide intent,-0.02143117049126886,0.02143117049126886,0.0790741816163063,0.020826537162065506,0.35,0,0,600,FP32-token-IDs
MentalBERT,141cj66,539,13,10634,dull,dull,False,worthlessness,0.1074346968671307,0.1074346968671307,0.5067859888076782,0.37172651290893555,0.35,1,1,600,FP32-token-IDs
MentalBERT,141cj66,539,14,1029,?,?,False,anger,-0.01766490360023454,0.01766490360023454,0.3234289884567261,0.004674145486205816,0.35,0,0,600,FP32-token-IDs
MentalBERT,141cj66,539,14,1029,?,?,False,brain dysfunction (forget),-0.010959007777273655,0.010959007777273655,0.23197773098945618,0.16371269524097443,0.35,0,0,600,FP32-token-IDs
MentalBERT,141cj66,539,14,1029,?,?,False,emptiness,-0.01285315747372806,0.01285315747372806,0.2675025165081024,0.786212682723999,0.35,0,1,600,FP32-token-IDs
MentalBERT,141cj66,539,14,1029,?,?,False,hopelessness,-0.024848357774317265,0.024848357774317265,0.4815284013748169,0.6615225076675415,0.35,1,1,600,FP32-token-IDs
MentalBERT,141cj66,539,14,1029,?,?,False,loneliness,-0.015983121236786246,0.015983121236786246,0.6294304728507996,0.6271837949752808,0.35,0,1,600,FP32-token-IDs
MentalBERT,141cj66,539,14,1029,?,?,False,sadness,-0.03385148546658456,0.03385148546658456,0.4494190216064453,0.38843607902526855,0.35,0,1,600,FP32-token-IDs
MentalBERT,141cj66,539,14,1029,?,?,False,suicide intent,-0.015208418510155752,0.015208418510155752,0.0790741816163063,0.020826537162065506,0.35,0,0,600,FP32-token-IDs
MentalBERT,141cj66,539,14,1029,?,?,False,worthlessness,-0.01566065673250705,0.01566065673250705,0.5067859888076782,0.37172651290893555,0.35,1,1,600,FP32-token-IDs
MentalBERT,141cj66,539,15,1001,#,#,False,anger,-0.00716015567741124,0.00716015567741124,0.3234289884567261,0.004674145486205816,0.35,0,0,600,FP32-token-IDs
MentalBERT,141cj66,539,15,1001,#,#,False,brain dysfunction (forget),-0.011970301275141537,0.011970301275141537,0.23197773098945618,0.16371269524097443,0.35,0,0,600,FP32-token-IDs
MentalBERT,141cj66,539,15,1001,#,#,False,emptiness,-0.015223033929942176,0.015223033929942176,0.2675025165081024,0.786212682723999,0.35,0,1,600,FP32-token-IDs
MentalBERT,141cj66,539,15,1001,#,#,False,hopelessness,-0.031015018932521343,0.031015018932521343,0.4815284013748169,0.6615225076675415,0.35,1,1,600,FP32-token-IDs
MentalBERT,141cj66,539,15,1001,#,#,False,loneliness,-0.012143214815296233,0.012143214815296233,0.6294304728507996,0.6271837949752808,0.35,0,1,600,FP32-token-IDs
MentalBERT,141cj66,539,15,1001,#,#,False,sadness,-0.0162071343511343,0.0162071343511343,0.4494190216064453,0.38843607902526855,0.35,0,1,600,FP32-token-IDs
MentalBERT,141cj66,539,15,1001,#,#,False,suicide intent,-0.004284991446183994,0.004284991446183994,0.0790741816163063,0.020826537162065506,0.35,0,0,600,FP32-token-IDs
MentalBERT,141cj66,539,15,1001,#,#,False,worthlessness,-0.02642480848589912,0.02642480848589912,0.5067859888076782,0.37172651290893555,0.35,1,1,600,FP32-token-IDs
MentalBERT,141cj66,539,16,1001,#,#,False,anger,-0.00716015567741124,0.00716015567741124,0.3234289884567261,0.004674145486205816,0.35,0,0,600,FP32-token-IDs
MentalBERT,141cj66,539,16,1001,#,#,False,brain dysfunction (forget),-0.011970301275141537,0.011970301275141537,0.23197773098945618,0.16371269524097443,0.35,0,0,600,FP32-token-IDs
MentalBERT,141cj66,539,16,1001,#,#,False,emptiness,-0.015223033929942176,0.015223033929942176,0.2675025165081024,0.786212682723999,0.35,0,1,600,FP32-token-IDs
MentalBERT,141cj66,539,16,1001,#,#,False,hopelessness,-0.031015018932521343,0.031015018932521343,0.4815284013748169,0.6615225076675415,0.35,1,1,600,FP32-token-IDs
MentalBERT,141cj66,539,16,1001,#,#,False,loneliness,-0.012143214815296233,0.012143214815296233,0.6294304728507996,0.6271837949752808,0.35,0,1,600,FP32-token-IDs
MentalBERT,141cj66,539,16,1001,#,#,False,sadness,-0.0162071343511343,0.0162071343511343,0.4494190216064453,0.38843607902526855,0.35,0,1,600,FP32-token-IDs
MentalBERT,141cj66,539,16,1001,#,#,False,suicide intent,-0.004284991446183994,0.004284991446183994,0.0790741816163063,0.020826537162065506,0.35,0,0,600,FP32-token-IDs
MentalBERT,141cj66,539,16,1001,#,#,False,worthlessness,-0.02642480848589912,0.02642480848589912,0.5067859888076782,0.37172651290893555,0.35,1,1,600,FP32-token-IDs
MentalBERT,141cj66,539,17,1001,#,#,False,anger,-0.006728088592353743,0.006728088592353743,0.3234289884567261,0.004674145486205816,0.35,0,0,600,FP32-token-IDs
MentalBERT,141cj66,539,17,1001,#,#,False,brain dysfunction (forget),-0.012123243068344891,0.012123243068344891,0.23197773098945618,0.16371269524097443,0.35,0,0,600,FP32-token-IDs
MentalBERT,141cj66,539,17,1001,#,#,False,emptiness,-0.014242067321902141,0.014242067321902141,0.2675025165081024,0.786212682723999,0.35,0,1,600,FP32-token-IDs
MentalBERT,141cj66,539,17,1001,#,#,False,hopelessness,-0.028436683351173997,0.028436683351173997,0.4815284013748169,0.6615225076675415,0.35,1,1,600,FP32-token-IDs
MentalBERT,141cj66,539,17,1001,#,#,False,loneliness,-0.010185706545598805,0.010185706545598805,0.6294304728507996,0.6271837949752808,0.35,0,1,600,FP32-token-IDs
MentalBERT,141cj66,539,17,1001,#,#,False,sadness,-0.01521852775476873,0.01521852775476873,0.4494190216064453,0.38843607902526855,0.35,0,1,600,FP32-token-IDs
MentalBERT,141cj66,539,17,1001,#,#,False,suicide intent,-0.0042472709028515965,0.0042472709028515965,0.0790741816163063,0.020826537162065506,0.35,0,0,600,FP32-token-IDs
MentalBERT,141cj66,539,17,1001,#,#,False,worthlessness,-0.02356652176240459,0.02356652176240459,0.5067859888076782,0.37172651290893555,0.35,1,1,600,FP32-token-IDs
MentalBERT,141cj66,539,18,1045,i,i,False,anger,-0.006728088592353743,0.006728088592353743,0.3234289884567261,0.004674145486205816,0.35,0,0,600,FP32-token-IDs
MentalBERT,141cj66,539,18,1045,i,i,False,brain dysfunction (forget),-0.012123243068344891,0.012123243068344891,0.23197773098945618,0.16371269524097443,0.35,0,0,600,FP32-token-IDs
MentalBERT,141cj66,539,18,1045,i,i,False,emptiness,-0.014242067321902141,0.014242067321902141,0.2675025165081024,0.786212682723999,0.35,0,1,600,FP32-token-IDs
MentalBERT,141cj66,539,18,1045,i,i,False,hopelessness,-0.028436683351173997,0.028436683351173997,0.4815284013748169,0.6615225076675415,0.35,1,1,600,FP32-token-IDs
MentalBERT,141cj66,539,18,1045,i,i,False,loneliness,-0.010185706545598805,0.010185706545598805,0.6294304728507996,0.6271837949752808,0.35,0,1,600,FP32-token-IDs
MentalBERT,141cj66,539,18,1045,i,i,False,sadness,-0.01521852775476873,0.01521852775476873,0.4494190216064453,0.38843607902526855,0.35,0,1,600,FP32-token-IDs
MentalBERT,141cj66,539,18,1045,i,i,False,suicide intent,-0.0042472709028515965,0.0042472709028515965,0.0790741816163063,0.020826537162065506,0.35,0,0,600,FP32-token-IDs
MentalBERT,141cj66,539,18,1045,i,i,False,worthlessness,-0.02356652176240459,0.02356652176240459,0.5067859888076782,0.37172651290893555,0.35,1,1,600,FP32-token-IDs
MentalBERT,141cj66,539,19,2812,mean,mean,False,anger,0.004120645426155534,0.004120645426155534,0.3234289884567261,0.004674145486205816,0.35,0,0,600,FP32-token-IDs
MentalBERT,141cj66,539,19,2812,mean,mean,False,brain dysfunction (forget),-0.0065613287733867764,0.0065613287733867764,0.23197773098945618,0.16371269524097443,0.35,0,0,600,FP32-token-IDs
MentalBERT,141cj66,539,19,2812,mean,mean,False,emptiness,-0.0034336222743149847,0.0034336222743149847,0.2675025165081024,0.786212682723999,0.35,0,1,600,FP32-token-IDs
MentalBERT,141cj66,539,19,2812,mean,mean,False,hopelessness,-0.0017010358860716224,0.0017010358860716224,0.4815284013748169,0.6615225076675415,0.35,1,1,600,FP32-token-IDs
MentalBERT,141cj66,539,19,2812,mean,mean,False,loneliness,-0.0107354202773422,0.0107354202773422,0.6294304728507996,0.6271837949752808,0.35,0,1,600,FP32-token-IDs
MentalBERT,141cj66,539,19,2812,mean,mean,False,sadness,-0.007631539716385305,0.007631539716385305,0.4494190216064453,0.38843607902526855,0.35,0,1,600,FP32-token-IDs
MentalBERT,141cj66,539,19,2812,mean,mean,False,suicide intent,-0.0016885272634681314,0.0016885272634681314,0.0790741816163063,0.020826537162065506,0.35,0,0,600,FP32-token-IDs
MentalBERT,141cj66,539,19,2812,mean,mean,False,worthlessness,0.003299673495348543,0.003299673495348543,0.5067859888076782,0.37172651290893555,0.35,1,1,600,FP32-token-IDs
MentalBERT,141cj66,539,20,2023,this,this,False,anger,0.004120645426155534,0.004120645426155534,0.3234289884567261,0.004674145486205816,0.35,0,0,600,FP32-token-IDs
MentalBERT,141cj66,539,20,2023,this,this,False,brain dysfunction (forget),-0.0065613287733867764,0.0065613287733867764,0.23197773098945618,0.16371269524097443,0.35,0,0,600,FP32-token-IDs
MentalBERT,141cj66,539,20,2023,this,this,False,emptiness,-0.0034336222743149847,0.0034336222743149847,0.2675025165081024,0.786212682723999,0.35,0,1,600,FP32-token-IDs
MentalBERT,141cj66,539,20,2023,this,this,False,hopelessness,-0.0017010358860716224,0.0017010358860716224,0.4815284013748169,0.6615225076675415,0.35,1,1,600,FP32-token-IDs
MentalBERT,141cj66,539,20,2023,this,this,False,loneliness,-0.0107354202773422,0.0107354202773422,0.6294304728507996,0.6271837949752808,0.35,0,1,600,FP32-token-IDs
MentalBERT,141cj66,539,20,2023,this,this,False,sadness,-0.007631539716385305,0.007631539716385305,0.4494190216064453,0.38843607902526855,0.35,0,1,600,FP32-token-IDs
MentalBERT,141cj66,539,20,2023,this,this,False,suicide intent,-0.0016885272634681314,0.0016885272634681314,0.0790741816163063,0.020826537162065506,0.35,0,0,600,FP32-token-IDs
MentalBERT,141cj66,539,20,2023,this,this,False,worthlessness,0.003299673495348543,0.003299673495348543,0.5067859888076782,0.37172651290893555,0.35,1,1,600,FP32-token-IDs
MentalBERT,141cj66,539,21,2003,is,is,False,anger,0.007152823578508105,0.007152823578508105,0.3234289884567261,0.004674145486205816,0.35,0,0,600,FP32-token-IDs
MentalBERT,141cj66,539,21,2003,is,is,False,brain dysfunction (forget),-0.006429425091482699,0.006429425091482699,0.23197773098945618,0.16371269524097443,0.35,0,0,600,FP32-token-IDs
MentalBERT,141cj66,539,21,2003,is,is,False,emptiness,-0.0023891608871053904,0.0023891608871053904,0.2675025165081024,0.786212682723999,0.35,0,1,600,FP32-token-IDs
MentalBERT,141cj66,539,21,2003,is,is,False,hopelessness,0.0009774445788934827,0.0009774445788934827,0.4815284013748169,0.6615225076675415,0.35,1,1,600,FP32-token-IDs
MentalBERT,141cj66,539,21,2003,is,is,False,loneliness,-0.013086330844089389,0.013086330844089389,0.6294304728507996,0.6271837949752808,0.35,0,1,600,FP32-token-IDs
MentalBERT,141cj66,539,21,2003,is,is,False,sadness,-0.007070153369568288,0.007070153369568288,0.4494190216064453,0.38843607902526855,0.35,0,1,600,FP32-token-IDs
MentalBERT,141cj66,539,21,2003,is,is,False,suicide intent,-0.001208581292303279,0.001208581292303279,0.0790741816163063,0.020826537162065506,0.35,0,0,600,FP32-token-IDs
MentalBERT,141cj66,539,21,2003,is,is,False,worthlessness,0.007499593251850456,0.007499593251850456,0.5067859888076782,0.37172651290893555,0.35,1,1,600,FP32-token-IDs
MentalBERT,141cj66,539,22,2025,not,not,False,anger,0.007152823578508105,0.007152823578508105,0.3234289884567261,0.004674145486205816,0.35,0,0,600,FP32-token-IDs
MentalBERT,141cj66,539,22,2025,not,not,False,brain dysfunction (forget),-0.006429425091482699,0.006429425091482699,0.23197773098945618,0.16371269524097443,0.35,0,0,600,FP32-token-IDs
MentalBERT,141cj66,539,22,2025,not,not,False,emptiness,-0.0023891608871053904,0.0023891608871053904,0.2675025165081024,0.786212682723999,0.35,0,1,600,FP32-token-IDs
MentalBERT,141cj66,539,22,2025,not,not,False,hopelessness,0.0009774445788934827,0.0009774445788934827,0.4815284013748169,0.6615225076675415,0.35,1,1,600,FP32-token-IDs
MentalBERT,141cj66,539,22,2025,not,not,False,loneliness,-0.013086330844089389,0.013086330844089389,0.6294304728507996,0.6271837949752808,0.35,0,1,600,FP32-token-IDs
MentalBERT,141cj66,539,22,2025,not,not,False,sadness,-0.007070153369568288,0.007070153369568288,0.4494190216064453,0.38843607902526855,0.35,0,1,600,FP32-token-IDs
MentalBERT,141cj66,539,22,2025,not,not,False,suicide intent,-0.001208581292303279,0.001208581292303279,0.0790741816163063,0.020826537162065506,0.35,0,0,600,FP32-token-IDs
MentalBERT,141cj66,539,22,2025,not,not,False,worthlessness,0.007499593251850456,0.007499593251850456,0.5067859888076782,0.37172651290893555,0.35,1,1,600,FP32-token-IDs
MentalBERT,141cj66,539,23,1996,the,the,False,anger,-0.0017485868568959026,0.0017485868568959026,0.3234289884567261,0.004674145486205816,0.35,0,0,600,FP32-token-IDs
MentalBERT,141cj66,539,23,1996,the,the,False,brain dysfunction (forget),-0.0013319131297369797,0.0013319131297369797,0.23197773098945618,0.16371269524097443,0.35,0,0,600,FP32-token-IDs
MentalBERT,141cj66,539,23,1996,the,the,False,emptiness,-0.0006781436240999028,0.0006781436240999028,0.2675025165081024,0.786212682723999,0.35,0,1,600,FP32-token-IDs
MentalBERT,141cj66,539,23,1996,the,the,False,hopelessness,-0.0017718362990611545,0.0017718362990611545,0.4815284013748169,0.6615225076675415,0.35,1,1,600,FP32-token-IDs
MentalBERT,141cj66,539,23,1996,the,the,False,loneliness,-0.0007619751462092003,0.0007619751462092003,0.6294304728507996,0.6271837949752808,0.35,0,1,600,FP32-token-IDs
MentalBERT,141cj66,539,23,1996,the,the,False,sadness,0.00026152358623221517,0.00026152358623221517,0.4494190216064453,0.38843607902526855,0.35,0,1,600,FP32-token-IDs
MentalBERT,141cj66,539,23,1996,the,the,False,suicide intent,-0.0010491462502007685,0.0010491462502007685,0.0790741816163063,0.020826537162065506,0.35,0,0,600,FP32-token-IDs
MentalBERT,141cj66,539,23,1996,the,the,False,worthlessness,-0.0028827997448388487,0.0028827997448388487,0.5067859888076782,0.37172651290893555,0.35,1,1,600,FP32-token-IDs
MentalBERT,141cj66,539,24,2034,first,first,False,anger,-0.0017485868568959026,0.0017485868568959026,0.3234289884567261,0.004674145486205816,0.35,0,0,600,FP32-token-IDs
MentalBERT,141cj66,539,24,2034,first,first,False,brain dysfunction (forget),-0.0013319131297369797,0.0013319131297369797,0.23197773098945618,0.16371269524097443,0.35,0,0,600,FP32-token-IDs
MentalBERT,141cj66,539,24,2034,first,first,False,emptiness,-0.0006781436240999028,0.0006781436240999028,0.2675025165081024,0.786212682723999,0.35,0,1,600,FP32-token-IDs
MentalBERT,141cj66,539,24,2034,first,first,False,hopelessness,-0.0017718362990611545,0.0017718362990611545,0.4815284013748169,0.6615225076675415,0.35,1,1,600,FP32-token-IDs
MentalBERT,141cj66,539,24,2034,first,first,False,loneliness,-0.0007619751462092003,0.0007619751462092003,0.6294304728507996,0.6271837949752808,0.35,0,1,600,FP32-token-IDs
MentalBERT,141cj66,539,24,2034,first,first,False,sadness,0.00026152358623221517,0.00026152358623221517,0.4494190216064453,0.38843607902526855,0.35,0,1,600,FP32-token-IDs
MentalBERT,141cj66,539,24,2034,first,first,False,suicide intent,-0.0010491462502007685,0.0010491462502007685,0.0790741816163063,0.020826537162065506,0.35,0,0,600,FP32-token-IDs
MentalBERT,141cj66,539,24,2034,first,first,False,worthlessness,-0.0028827997448388487,0.0028827997448388487,0.5067859888076782,0.37172651290893555,0.35,1,1,600,FP32-token-IDs
MentalBERT,141cj66,539,25,2051,time,time,False,anger,-0.0017485868568959026,0.0017485868568959026,0.3234289884567261,0.004674145486205816,0.35,0,0,600,FP32-token-IDs
MentalBERT,141cj66,539,25,2051,time,time,False,brain dysfunction (forget),-0.0013319131297369797,0.0013319131297369797,0.23197773098945618,0.16371269524097443,0.35,0,0,600,FP32-token-IDs
MentalBERT,141cj66,539,25,2051,time,time,False,emptiness,-0.0006781436240999028,0.0006781436240999028,0.2675025165081024,0.786212682723999,0.35,0,1,600,FP32-token-IDs
MentalBERT,141cj66,539,25,2051,time,time,False,hopelessness,-0.0017718362990611545,0.0017718362990611545,0.4815284013748169,0.6615225076675415,0.35,1,1,600,FP32-token-IDs
MentalBERT,141cj66,539,25,2051,time,time,False,loneliness,-0.0007619751462092003,0.0007619751462092003,0.6294304728507996,0.6271837949752808,0.35,0,1,600,FP32-token-IDs
MentalBERT,141cj66,539,25,2051,time,time,False,sadness,0.00026152358623221517,0.00026152358623221517,0.4494190216064453,0.38843607902526855,0.35,0,1,600,FP32-token-IDs
MentalBERT,141cj66,539,25,2051,time,time,False,suicide intent,-0.0010491462502007685,0.0010491462502007685,0.0790741816163063,0.020826537162065506,0.35,0,0,600,FP32-token-IDs
MentalBERT,141cj66,539,25,2051,time,time,False,worthlessness,-0.0028827997448388487,0.0028827997448388487,0.5067859888076782,0.37172651290893555,0.35,1,1,600,FP32-token-IDs
MentalBERT,141cj66,539,26,1045,i,i,False,anger,-0.0017485868568959026,0.0017485868568959026,0.3234289884567261,0.004674145486205816,0.35,0,0,600,FP32-token-IDs
MentalBERT,141cj66,539,26,1045,i,i,False,brain dysfunction (forget),-0.0013319131297369797,0.0013319131297369797,0.23197773098945618,0.16371269524097443,0.35,0,0,600,FP32-token-IDs
MentalBERT,141cj66,539,26,1045,i,i,False,emptiness,-0.0006781436240999028,0.0006781436240999028,0.2675025165081024,0.786212682723999,0.35,0,1,600,FP32-token-IDs
MentalBERT,141cj66,539,26,1045,i,i,False,hopelessness,-0.0017718362990611545,0.0017718362990611545,0.4815284013748169,0.6615225076675415,0.35,1,1,600,FP32-token-IDs
MentalBERT,141cj66,539,26,1045,i,i,False,loneliness,-0.0007619751462092003,0.0007619751462092003,0.6294304728507996,0.6271837949752808,0.35,0,1,600,FP32-token-IDs
MentalBERT,141cj66,539,26,1045,i,i,False,sadness,0.00026152358623221517,0.00026152358623221517,0.4494190216064453,0.38843607902526855,0.35,0,1,600,FP32-token-IDs
MentalBERT,141cj66,539,26,1045,i,i,False,suicide intent,-0.0010491462502007685,0.0010491462502007685,0.0790741816163063,0.020826537162065506,0.35,0,0,600,FP32-token-IDs
MentalBERT,141cj66,539,26,1045,i,i,False,worthlessness,-0.0028827997448388487,0.0028827997448388487,0.5067859888076782,0.37172651290893555,0.35,1,1,600,FP32-token-IDs
MentalBERT,141cj66,539,27,2298,look,look,False,anger,-0.0017485868568959026,0.0017485868568959026,0.3234289884567261,0.004674145486205816,0.35,0,0,600,FP32-token-IDs
MentalBERT,141cj66,539,27,2298,look,look,False,brain dysfunction (forget),-0.0013319131297369797,0.0013319131297369797,0.23197773098945618,0.16371269524097443,0.35,0,0,600,FP32-token-IDs
MentalBERT,141cj66,539,27,2298,look,look,False,emptiness,-0.0006781436240999028,0.0006781436240999028,0.2675025165081024,0.786212682723999,0.35,0,1,600,FP32-token-IDs
MentalBERT,141cj66,539,27,2298,look,look,False,hopelessness,-0.0017718362990611545,0.0017718362990611545,0.4815284013748169,0.6615225076675415,0.35,1,1,600,FP32-token-IDs
MentalBERT,141cj66,539,27,2298,look,look,False,loneliness,-0.0007619751462092003,0.0007619751462092003,0.6294304728507996,0.6271837949752808,0.35,0,1,600,FP32-token-IDs
MentalBERT,141cj66,539,27,2298,look,look,False,sadness,0.00026152358623221517,0.00026152358623221517,0.4494190216064453,0.38843607902526855,0.35,0,1,600,FP32-token-IDs
MentalBERT,141cj66,539,27,2298,look,look,False,suicide intent,-0.0010491462502007685,0.0010491462502007685,0.0790741816163063,0.020826537162065506,0.35,0,0,600,FP32-token-IDs
MentalBERT,141cj66,539,27,2298,look,look,False,worthlessness,-0.0028827997448388487,0.0028827997448388487,0.5067859888076782,0.37172651290893555,0.35,1,1,600,FP32-token-IDs
MentalBERT,141cj66,539,28,2870,myself,myself,False,anger,-0.0017485868568959026,0.0017485868568959026,0.3234289884567261,0.004674145486205816,0.35,0,0,600,FP32-token-IDs
MentalBERT,141cj66,539,28,2870,myself,myself,False,brain dysfunction (forget),-0.0013319131297369797,0.0013319131297369797,0.23197773098945618,0.16371269524097443,0.35,0,0,600,FP32-token-IDs
MentalBERT,141cj66,539,28,2870,myself,myself,False,emptiness,-0.0006781436240999028,0.0006781436240999028,0.2675025165081024,0.786212682723999,0.35,0,1,600,FP32-token-IDs
MentalBERT,141cj66,539,28,2870,myself,myself,False,hopelessness,-0.0017718362990611545,0.0017718362990611545,0.4815284013748169,0.6615225076675415,0.35,1,1,600,FP32-token-IDs
MentalBERT,141cj66,539,28,2870,myself,myself,False,loneliness,-0.0007619751462092003,0.0007619751462092003,0.6294304728507996,0.6271837949752808,0.35,0,1,600,FP32-token-IDs
MentalBERT,141cj66,539,28,2870,myself,myself,False,sadness,0.00026152358623221517,0.00026152358623221517,0.4494190216064453,0.38843607902526855,0.35,0,1,600,FP32-token-IDs
MentalBERT,141cj66,539,28,2870,myself,myself,False,suicide intent,-0.0010491462502007685,0.0010491462502007685,0.0790741816163063,0.020826537162065506,0.35,0,0,600,FP32-token-IDs
MentalBERT,141cj66,539,28,2870,myself,myself,False,worthlessness,-0.0028827997448388487,0.0028827997448388487,0.5067859888076782,0.37172651290893555,0.35,1,1,600,FP32-token-IDs
MentalBERT,141cj66,539,29,1999,in,in,False,anger,-0.0017485868568959026,0.0017485868568959026,0.3234289884567261,0.004674145486205816,0.35,0,0,600,FP32-token-IDs
MentalBERT,141cj66,539,29,1999,in,in,False,brain dysfunction (forget),-0.0013319131297369797,0.0013319131297369797,0.23197773098945618,0.16371269524097443,0.35,0,0,600,FP32-token-IDs
MentalBERT,141cj66,539,29,1999,in,in,False,emptiness,-0.0006781436240999028,0.0006781436240999028,0.2675025165081024,0.786212682723999,0.35,0,1,600,FP32-token-IDs
MentalBERT,141cj66,539,29,1999,in,in,False,hopelessness,-0.0017718362990611545,0.0017718362990611545,0.4815284013748169,0.6615225076675415,0.35,1,1,600,FP32-token-IDs
MentalBERT,141cj66,539,29,1999,in,in,False,loneliness,-0.0007619751462092003,0.0007619751462092003,0.6294304728507996,0.6271837949752808,0.35,0,1,600,FP32-token-IDs
MentalBERT,141cj66,539,29,1999,in,in,False,sadness,0.00026152358623221517,0.00026152358623221517,0.4494190216064453,0.38843607902526855,0.35,0,1,600,FP32-token-IDs
MentalBERT,141cj66,539,29,1999,in,in,False,suicide intent,-0.0010491462502007685,0.0010491462502007685,0.0790741816163063,0.020826537162065506,0.35,0,0,600,FP32-token-IDs
MentalBERT,141cj66,539,29,1999,in,in,False,worthlessness,-0.0028827997448388487,0.0028827997448388487,0.5067859888076782,0.37172651290893555,0.35,1,1,600,FP32-token-IDs
MentalBERT,141cj66,539,30,2392,front,front,False,anger,-0.0017485868568959026,0.0017485868568959026,0.3234289884567261,0.004674145486205816,0.35,0,0,600,FP32-token-IDs
MentalBERT,141cj66,539,30,2392,front,front,False,brain dysfunction (forget),-0.0013319131297369797,0.0013319131297369797,0.23197773098945618,0.16371269524097443,0.35,0,0,600,FP32-token-IDs
MentalBERT,141cj66,539,30,2392,front,front,False,emptiness,-0.0006781436240999028,0.0006781436240999028,0.2675025165081024,0.786212682723999,0.35,0,1,600,FP32-token-IDs
MentalBERT,141cj66,539,30,2392,front,front,False,hopelessness,-0.0017718362990611545,0.0017718362990611545,0.4815284013748169,0.6615225076675415,0.35,1,1,600,FP32-token-IDs
MentalBERT,141cj66,539,30,2392,front,front,False,loneliness,-0.0007619751462092003,0.0007619751462092003,0.6294304728507996,0.6271837949752808,0.35,0,1,600,FP32-token-IDs
MentalBERT,141cj66,539,30,2392,front,front,False,sadness,0.00026152358623221517,0.00026152358623221517,0.4494190216064453,0.38843607902526855,0.35,0,1,600,FP32-token-IDs
MentalBERT,141cj66,539,30,2392,front,front,False,suicide intent,-0.0010491462502007685,0.0010491462502007685,0.0790741816163063,0.020826537162065506,0.35,0,0,600,FP32-token-IDs
MentalBERT,141cj66,539,30,2392,front,front,False,worthlessness,-0.0028827997448388487,0.0028827997448388487,0.5067859888076782,0.37172651290893555,0.35,1,1,600,FP32-token-IDs
MentalBERT,141cj66,539,31,1997,of,of,False,anger,-0.006099918032608305,0.006099918032608305,0.3234289884567261,0.004674145486205816,0.35,0,0,600,FP32-token-IDs
MentalBERT,141cj66,539,31,1997,of,of,False,brain dysfunction (forget),0.002776753312597672,0.002776753312597672,0.23197773098945618,0.16371269524097443,0.35,0,0,600,FP32-token-IDs
MentalBERT,141cj66,539,31,1997,of,of,False,emptiness,-0.00024974886522007483,0.00024974886522007483,0.2675025165081024,0.786212682723999,0.35,0,1,600,FP32-token-IDs
MentalBERT,141cj66,539,31,1997,of,of,False,hopelessness,-0.0027549555719209215,0.0027549555719209215,0.4815284013748169,0.6615225076675415,0.35,1,1,600,FP32-token-IDs
MentalBERT,141cj66,539,31,1997,of,of,False,loneliness,-0.006947736605070531,0.006947736605070531,0.6294304728507996,0.6271837949752808,0.35,0,1,600,FP32-token-IDs
MentalBERT,141cj66,539,31,1997,of,of,False,sadness,-0.003901078055302302,0.003901078055302302,0.4494190216064453,0.38843607902526855,0.35,0,1,600,FP32-token-IDs
MentalBERT,141cj66,539,31,1997,of,of,False,suicide intent,-0.00045791052010220784,0.00045791052010220784,0.0790741816163063,0.020826537162065506,0.35,0,0,600,FP32-token-IDs
MentalBERT,141cj66,539,31,1997,of,of,False,worthlessness,-0.004140544120067109,0.004140544120067109,0.5067859888076782,0.37172651290893555,0.35,1,1,600,FP32-token-IDs
MentalBERT,141cj66,539,32,1037,a,a,False,anger,-0.006099918032608305,0.006099918032608305,0.3234289884567261,0.004674145486205816,0.35,0,0,600,FP32-token-IDs
MentalBERT,141cj66,539,32,1037,a,a,False,brain dysfunction (forget),0.002776753312597672,0.002776753312597672,0.23197773098945618,0.16371269524097443,0.35,0,0,600,FP32-token-IDs
MentalBERT,141cj66,539,32,1037,a,a,False,emptiness,-0.00024974886522007483,0.00024974886522007483,0.2675025165081024,0.786212682723999,0.35,0,1,600,FP32-token-IDs
MentalBERT,141cj66,539,32,1037,a,a,False,hopelessness,-0.0027549555719209215,0.0027549555719209215,0.4815284013748169,0.6615225076675415,0.35,1,1,600,FP32-token-IDs
MentalBERT,141cj66,539,32,1037,a,a,False,loneliness,-0.006947736605070531,0.006947736605070531,0.6294304728507996,0.6271837949752808,0.35,0,1,600,FP32-token-IDs
MentalBERT,141cj66,539,32,1037,a,a,False,sadness,-0.003901078055302302,0.003901078055302302,0.4494190216064453,0.38843607902526855,0.35,0,1,600,FP32-token-IDs
MentalBERT,141cj66,539,32,1037,a,a,False,suicide intent,-0.00045791052010220784,0.00045791052010220784,0.0790741816163063,0.020826537162065506,0.35,0,0,600,FP32-token-IDs
MentalBERT,141cj66,539,32,1037,a,a,False,worthlessness,-0.004140544120067109,0.004140544120067109,0.5067859888076782,0.37172651290893555,0.35,1,1,600,FP32-token-IDs
MentalBERT,141cj66,539,33,5259,mirror,mirror,False,anger,-0.006099918032608305,0.006099918032608305,0.3234289884567261,0.004674145486205816,0.35,0,0,600,FP32-token-IDs
MentalBERT,141cj66,539,33,5259,mirror,mirror,False,brain dysfunction (forget),0.002776753312597672,0.002776753312597672,0.23197773098945618,0.16371269524097443,0.35,0,0,600,FP32-token-IDs
MentalBERT,141cj66,539,33,5259,mirror,mirror,False,emptiness,-0.00024974886522007483,0.00024974886522007483,0.2675025165081024,0.786212682723999,0.35,0,1,600,FP32-token-IDs
MentalBERT,141cj66,539,33,5259,mirror,mirror,False,hopelessness,-0.0027549555719209215,0.0027549555719209215,0.4815284013748169,0.6615225076675415,0.35,1,1,600,FP32-token-IDs
MentalBERT,141cj66,539,33,5259,mirror,mirror,False,loneliness,-0.006947736605070531,0.006947736605070531,0.6294304728507996,0.6271837949752808,0.35,0,1,600,FP32-token-IDs
MentalBERT,141cj66,539,33,5259,mirror,mirror,False,sadness,-0.003901078055302302,0.003901078055302302,0.4494190216064453,0.38843607902526855,0.35,0,1,600,FP32-token-IDs
MentalBERT,141cj66,539,33,5259,mirror,mirror,False,suicide intent,-0.00045791052010220784,0.00045791052010220784,0.0790741816163063,0.020826537162065506,0.35,0,0,600,FP32-token-IDs
MentalBERT,141cj66,539,33,5259,mirror,mirror,False,worthlessness,-0.004140544120067109,0.004140544120067109,0.5067859888076782,0.37172651290893555,0.35,1,1,600,FP32-token-IDs
MentalBERT,141cj66,539,34,2021,but,but,False,anger,-0.00974190059544829,0.00974190059544829,0.3234289884567261,0.004674145486205816,0.35,0,0,600,FP32-token-IDs
MentalBERT,141cj66,539,34,2021,but,but,False,brain dysfunction (forget),0.002416605285058419,0.002416605285058419,0.23197773098945618,0.16371269524097443,0.35,0,0,600,FP32-token-IDs
MentalBERT,141cj66,539,34,2021,but,but,False,emptiness,-0.001168166723800823,0.001168166723800823,0.2675025165081024,0.786212682723999,0.35,0,1,600,FP32-token-IDs
MentalBERT,141cj66,539,34,2021,but,but,False,hopelessness,-0.006636964176626256,0.006636964176626256,0.4815284013748169,0.6615225076675415,0.35,1,1,600,FP32-token-IDs
MentalBERT,141cj66,539,34,2021,but,but,False,loneliness,-0.005216281589431067,0.005216281589431067,0.6294304728507996,0.6271837949752808,0.35,0,1,600,FP32-token-IDs
MentalBERT,141cj66,539,34,2021,but,but,False,sadness,-0.003955287393182516,0.003955287393182516,0.4494190216064453,0.38843607902526855,0.35,0,1,600,FP32-token-IDs
MentalBERT,141cj66,539,34,2021,but,but,False,suicide intent,-0.0005430278154866149,0.0005430278154866149,0.0790741816163063,0.020826537162065506,0.35,0,0,600,FP32-token-IDs
MentalBERT,141cj66,539,34,2021,but,but,False,worthlessness,-0.009863151295576245,0.009863151295576245,0.5067859888076782,0.37172651290893555,0.35,1,1,600,FP32-token-IDs
MentalBERT,141cj66,539,35,1999,in,in,False,anger,0.000159119245331062,0.000159119245331062,0.3234289884567261,0.004674145486205816,0.35,0,0,600,FP32-token-IDs
MentalBERT,141cj66,539,35,1999,in,in,False,brain dysfunction (forget),-0.006084586002139581,0.006084586002139581,0.23197773098945618,0.16371269524097443,0.35,0,0,600,FP32-token-IDs
MentalBERT,141cj66,539,35,1999,in,in,False,emptiness,-0.001150307821161631,0.001150307821161631,0.2675025165081024,0.786212682723999,0.35,0,1,600,FP32-token-IDs
MentalBERT,141cj66,539,35,1999,in,in,False,hopelessness,-0.006004910916090012,0.006004910916090012,0.4815284013748169,0.6615225076675415,0.35,1,1,600,FP32-token-IDs
MentalBERT,141cj66,539,35,1999,in,in,False,loneliness,-0.004356382181867957,0.004356382181867957,0.6294304728507996,0.6271837949752808,0.35,0,1,600,FP32-token-IDs
MentalBERT,141cj66,539,35,1999,in,in,False,sadness,-0.00516677412411405,0.00516677412411405,0.4494190216064453,0.38843607902526855,0.35,0,1,600,FP32-token-IDs
MentalBERT,141cj66,539,35,1999,in,in,False,suicide intent,-0.0009095691396699597,0.0009095691396699597,0.0790741816163063,0.020826537162065506,0.35,0,0,600,FP32-token-IDs
MentalBERT,141cj66,539,35,1999,in,in,False,worthlessness,-0.0057404076732281185,0.0057404076732281185,0.5067859888076782,0.37172651290893555,0.35,1,1,600,FP32-token-IDs
MentalBERT,141cj66,539,36,2122,these,these,False,anger,0.000159119245331062,0.000159119245331062,0.3234289884567261,0.004674145486205816,0.35,0,0,600,FP32-token-IDs
MentalBERT,141cj66,539,36,2122,these,these,False,brain dysfunction (forget),-0.006084586002139581,0.006084586002139581,0.23197773098945618,0.16371269524097443,0.35,0,0,600,FP32-token-IDs
MentalBERT,141cj66,539,36,2122,these,these,False,emptiness,-0.001150307821161631,0.001150307821161631,0.2675025165081024,0.786212682723999,0.35,0,1,600,FP32-token-IDs
MentalBERT,141cj66,539,36,2122,these,these,False,hopelessness,-0.006004910916090012,0.006004910916090012,0.4815284013748169,0.6615225076675415,0.35,1,1,600,FP32-token-IDs
MentalBERT,141cj66,539,36,2122,these,these,False,loneliness,-0.004356382181867957,0.004356382181867957,0.6294304728507996,0.6271837949752808,0.35,0,1,600,FP32-token-IDs
MentalBERT,141cj66,539,36,2122,these,these,False,sadness,-0.00516677412411405,0.00516677412411405,0.4494190216064453,0.38843607902526855,0.35,0,1,600,FP32-token-IDs
MentalBERT,141cj66,539,36,2122,these,these,False,suicide intent,-0.0009095691396699597,0.0009095691396699597,0.0790741816163063,0.020826537162065506,0.35,0,0,600,FP32-token-IDs
MentalBERT,141cj66,539,36,2122,these,these,False,worthlessness,-0.0057404076732281185,0.0057404076732281185,0.5067859888076782,0.37172651290893555,0.35,1,1,600,FP32-token-IDs
MentalBERT,141cj66,539,37,2420,days,days,False,anger,-0.0030359253392412532,0.0030359253392412532,0.3234289884567261,0.004674145486205816,0.35,0,0,600,FP32-token-IDs
MentalBERT,141cj66,539,37,2420,days,days,False,brain dysfunction (forget),-0.005830754034428133,0.005830754034428133,0.23197773098945618,0.16371269524097443,0.35,0,0,600,FP32-token-IDs
MentalBERT,141cj66,539,37,2420,days,days,False,emptiness,0.002476841567032453,0.002476841567032453,0.2675025165081024,0.786212682723999,0.35,0,1,600,FP32-token-IDs
MentalBERT,141cj66,539,37,2420,days,days,False,hopelessness,-0.003659173846244812,0.003659173846244812,0.4815284013748169,0.6615225076675415,0.35,1,1,600,FP32-token-IDs
MentalBERT,141cj66,539,37,2420,days,days,False,loneliness,0.0020139797125011683,0.0020139797125011683,0.6294304728507996,0.6271837949752808,0.35,0,1,600,FP32-token-IDs
MentalBERT,141cj66,539,37,2420,days,days,False,sadness,-0.0010633817615194451,0.0010633817615194451,0.4494190216064453,0.38843607902526855,0.35,0,1,600,FP32-token-IDs
MentalBERT,141cj66,539,37,2420,days,days,False,suicide intent,-0.0014407922766016175,0.0014407922766016175,0.0790741816163063,0.020826537162065506,0.35,0,0,600,FP32-token-IDs
MentalBERT,141cj66,539,37,2420,days,days,False,worthlessness,-0.006877986533153389,0.006877986533153389,0.5067859888076782,0.37172651290893555,0.35,1,1,600,FP32-token-IDs
MentalBERT,141cj66,539,38,1045,i,i,False,anger,-0.0030359253392412532,0.0030359253392412532,0.3234289884567261,0.004674145486205816,0.35,0,0,600,FP32-token-IDs
MentalBERT,141cj66,539,38,1045,i,i,False,brain dysfunction (forget),-0.005830754034428133,0.005830754034428133,0.23197773098945618,0.16371269524097443,0.35,0,0,600,FP32-token-IDs
MentalBERT,141cj66,539,38,1045,i,i,False,emptiness,0.002476841567032453,0.002476841567032453,0.2675025165081024,0.786212682723999,0.35,0,1,600,FP32-token-IDs
MentalBERT,141cj66,539,38,1045,i,i,False,hopelessness,-0.003659173846244812,0.003659173846244812,0.4815284013748169,0.6615225076675415,0.35,1,1,600,FP32-token-IDs
MentalBERT,141cj66,539,38,1045,i,i,False,loneliness,0.0020139797125011683,0.0020139797125011683,0.6294304728507996,0.6271837949752808,0.35,0,1,600,FP32-token-IDs
MentalBERT,141cj66,539,38,1045,i,i,False,sadness,-0.0010633817615194451,0.0010633817615194451,0.4494190216064453,0.38843607902526855,0.35,0,1,600,FP32-token-IDs
MentalBERT,141cj66,539,38,1045,i,i,False,suicide intent,-0.0014407922766016175,0.0014407922766016175,0.0790741816163063,0.020826537162065506,0.35,0,0,600,FP32-token-IDs
MentalBERT,141cj66,539,38,1045,i,i,False,worthlessness,-0.006877986533153389,0.006877986533153389,0.5067859888076782,0.37172651290893555,0.35,1,1,600,FP32-token-IDs
MentalBERT,141cj66,539,39,2079,do,do,False,anger,-0.004018790428704557,0.004018790428704557,0.3234289884567261,0.004674145486205816,0.35,0,0,600,FP32-token-IDs
MentalBERT,141cj66,539,39,2079,do,do,False,brain dysfunction (forget),0.0020402108112143147,0.0020402108112143147,0.23197773098945618,0.16371269524097443,0.35,0,0,600,FP32-token-IDs
MentalBERT,141cj66,539,39,2079,do,do,False,emptiness,-0.013113708444224256,0.013113708444224256,0.2675025165081024,0.786212682723999,0.35,0,1,600,FP32-token-IDs
MentalBERT,141cj66,539,39,2079,do,do,False,hopelessness,-0.0236991748213768,0.0236991748213768,0.4815284013748169,0.6615225076675415,0.35,1,1,600,FP32-token-IDs
MentalBERT,141cj66,539,39,2079,do,do,False,loneliness,-0.019805303029716014,0.019805303029716014,0.6294304728507996,0.6271837949752808,0.35,0,1,600,FP32-token-IDs
MentalBERT,141cj66,539,39,2079,do,do,False,sadness,-0.02332011100111736,0.02332011100111736,0.4494190216064453,0.38843607902526855,0.35,0,1,600,FP32-token-IDs
MentalBERT,141cj66,539,39,2079,do,do,False,suicide intent,-0.0005395403558698794,0.0005395403558698794,0.0790741816163063,0.020826537162065506,0.35,0,0,600,FP32-token-IDs
MentalBERT,141cj66,539,39,2079,do,do,False,worthlessness,-0.018911020998429093,0.018911020998429093,0.5067859888076782,0.37172651290893555,0.35,1,1,600,FP32-token-IDs
MentalBERT,141cj66,539,40,2009,it,it,False,anger,-0.004018790428704557,0.004018790428704557,0.3234289884567261,0.004674145486205816,0.35,0,0,600,FP32-token-IDs
MentalBERT,141cj66,539,40,2009,it,it,False,brain dysfunction (forget),0.0020402108112143147,0.0020402108112143147,0.23197773098945618,0.16371269524097443,0.35,0,0,600,FP32-token-IDs
MentalBERT,141cj66,539,40,2009,it,it,False,emptiness,-0.013113708444224256,0.013113708444224256,0.2675025165081024,0.786212682723999,0.35,0,1,600,FP32-token-IDs
MentalBERT,141cj66,539,40,2009,it,it,False,hopelessness,-0.0236991748213768,0.0236991748213768,0.4815284013748169,0.6615225076675415,0.35,1,1,600,FP32-token-IDs
MentalBERT,141cj66,539,40,2009,it,it,False,loneliness,-0.019805303029716014,0.019805303029716014,0.6294304728507996,0.6271837949752808,0.35,0,1,600,FP32-token-IDs
MentalBERT,141cj66,539,40,2009,it,it,False,sadness,-0.02332011100111736,0.02332011100111736,0.4494190216064453,0.38843607902526855,0.35,0,1,600,FP32-token-IDs
MentalBERT,141cj66,539,40,2009,it,it,False,suicide intent,-0.0005395403558698794,0.0005395403558698794,0.0790741816163063,0.020826537162065506,0.35,0,0,600,FP32-token-IDs
MentalBERT,141cj66,539,40,2009,it,it,False,worthlessness,-0.018911020998429093,0.018911020998429093,0.5067859888076782,0.37172651290893555,0.35,1,1,600,FP32-token-IDs
MentalBERT,141cj66,539,41,2062,more,more,False,anger,-0.008696571172509316,0.008696571172509316,0.3234289884567261,0.004674145486205816,0.35,0,0,600,FP32-token-IDs
MentalBERT,141cj66,539,41,2062,more,more,False,brain dysfunction (forget),0.00036777945028411017,0.00036777945028411017,0.23197773098945618,0.16371269524097443,0.35,0,0,600,FP32-token-IDs
MentalBERT,141cj66,539,41,2062,more,more,False,emptiness,-0.01419669527030136,0.01419669527030136,0.2675025165081024,0.786212682723999,0.35,0,1,600,FP32-token-IDs
MentalBERT,141cj66,539,41,2062,more,more,False,hopelessness,-0.030098340660333633,0.030098340660333633,0.4815284013748169,0.6615225076675415,0.35,1,1,600,FP32-token-IDs
MentalBERT,141cj66,539,41,2062,more,more,False,loneliness,-0.01504893573001027,0.01504893573001027,0.6294304728507996,0.6271837949752808,0.35,0,1,600,FP32-token-IDs
MentalBERT,141cj66,539,41,2062,more,more,False,sadness,-0.02444758920205964,0.02444758920205964,0.4494190216064453,0.38843607902526855,0.35,0,1,600,FP32-token-IDs
MentalBERT,141cj66,539,41,2062,more,more,False,suicide intent,-0.001406760405128201,0.001406760405128201,0.0790741816163063,0.020826537162065506,0.35,0,0,600,FP32-token-IDs
MentalBERT,141cj66,539,41,2062,more,more,False,worthlessness,-0.029176726872618828,0.029176726872618828,0.5067859888076782,0.37172651290893555,0.35,1,1,600,FP32-token-IDs
MentalBERT,141cj66,539,42,4703,frequently,frequently,False,anger,-0.008696571172509316,0.008696571172509316,0.3234289884567261,0.004674145486205816,0.35,0,0,600,FP32-token-IDs
MentalBERT,141cj66,539,42,4703,frequently,frequently,False,brain dysfunction (forget),0.00036777945028411017,0.00036777945028411017,0.23197773098945618,0.16371269524097443,0.35,0,0,600,FP32-token-IDs
MentalBERT,141cj66,539,42,4703,frequently,frequently,False,emptiness,-0.01419669527030136,0.01419669527030136,0.2675025165081024,0.786212682723999,0.35,0,1,600,FP32-token-IDs
MentalBERT,141cj66,539,42,4703,frequently,frequently,False,hopelessness,-0.030098340660333633,0.030098340660333633,0.4815284013748169,0.6615225076675415,0.35,1,1,600,FP32-token-IDs
MentalBERT,141cj66,539,42,4703,frequently,frequently,False,loneliness,-0.01504893573001027,0.01504893573001027,0.6294304728507996,0.6271837949752808,0.35,0,1,600,FP32-token-IDs
MentalBERT,141cj66,539,42,4703,frequently,frequently,False,sadness,-0.02444758920205964,0.02444758920205964,0.4494190216064453,0.38843607902526855,0.35,0,1,600,FP32-token-IDs
MentalBERT,141cj66,539,42,4703,frequently,frequently,False,suicide intent,-0.001406760405128201,0.001406760405128201,0.0790741816163063,0.020826537162065506,0.35,0,0,600,FP32-token-IDs
MentalBERT,141cj66,539,42,4703,frequently,frequently,False,worthlessness,-0.029176726872618828,0.029176726872618828,0.5067859888076782,0.37172651290893555,0.35,1,1,600,FP32-token-IDs
MentalBERT,141cj66,539,43,1012,.,.,False,anger,-0.002413297677736005,0.002413297677736005,0.3234289884567261,0.004674145486205816,0.35,0,0,600,FP32-token-IDs
MentalBERT,141cj66,539,43,1012,.,.,False,brain dysfunction (forget),-0.006803577600253953,0.006803577600253953,0.23197773098945618,0.16371269524097443,0.35,0,0,600,FP32-token-IDs
MentalBERT,141cj66,539,43,1012,.,.,False,emptiness,-0.008637887547310028,0.008637887547310028,0.2675025165081024,0.786212682723999,0.35,0,1,600,FP32-token-IDs
MentalBERT,141cj66,539,43,1012,.,.,False,hopelessness,-0.013807765394449233,0.013807765394449233,0.4815284013748169,0.6615225076675415,0.35,1,1,600,FP32-token-IDs
MentalBERT,141cj66,539,43,1012,.,.,False,loneliness,-0.009926067851483821,0.009926067851483821,0.6294304728507996,0.6271837949752808,0.35,0,1,600,FP32-token-IDs
MentalBERT,141cj66,539,43,1012,.,.,False,sadness,-0.007888718528880014,0.007888718528880014,0.4494190216064453,0.38843607902526855,0.35,0,1,600,FP32-token-IDs
MentalBERT,141cj66,539,43,1012,.,.,False,suicide intent,0.00021636045227448145,0.00021636045227448145,0.0790741816163063,0.020826537162065506,0.35,0,0,600,FP32-token-IDs
MentalBERT,141cj66,539,43,1012,.,.,False,worthlessness,-0.013765228498313162,0.013765228498313162,0.5067859888076782,0.37172651290893555,0.35,1,1,600,FP32-token-IDs
MentalBERT,141cj66,539,44,2012,at,at,False,anger,-0.0052775942479433395,0.0052775942479433395,0.3234289884567261,0.004674145486205816,0.35,0,0,600,FP32-token-IDs
MentalBERT,141cj66,539,44,2012,at,at,False,brain dysfunction (forget),-0.00858478585544687,0.00858478585544687,0.23197773098945618,0.16371269524097443,0.35,0,0,600,FP32-token-IDs
MentalBERT,141cj66,539,44,2012,at,at,False,emptiness,0.008419152876983086,0.008419152876983086,0.2675025165081024,0.786212682723999,0.35,0,1,600,FP32-token-IDs
MentalBERT,141cj66,539,44,2012,at,at,False,hopelessness,0.002168351855988686,0.002168351855988686,0.4815284013748169,0.6615225076675415,0.35,1,1,600,FP32-token-IDs
MentalBERT,141cj66,539,44,2012,at,at,False,loneliness,0.01612887776050812,0.01612887776050812,0.6294304728507996,0.6271837949752808,0.35,0,1,600,FP32-token-IDs
MentalBERT,141cj66,539,44,2012,at,at,False,sadness,0.011650918481441645,0.011650918481441645,0.4494190216064453,0.38843607902526855,0.35,0,1,600,FP32-token-IDs
MentalBERT,141cj66,539,44,2012,at,at,False,suicide intent,-0.0031514490154595713,0.0031514490154595713,0.0790741816163063,0.020826537162065506,0.35,0,0,600,FP32-token-IDs
MentalBERT,141cj66,539,44,2012,at,at,False,worthlessness,-0.00450896909699226,0.00450896909699226,0.5067859888076782,0.37172651290893555,0.35,1,1,600,FP32-token-IDs
MentalBERT,141cj66,539,45,2188,home,home,False,anger,-0.0052775942479433395,0.0052775942479433395,0.3234289884567261,0.004674145486205816,0.35,0,0,600,FP32-token-IDs
MentalBERT,141cj66,539,45,2188,home,home,False,brain dysfunction (forget),-0.00858478585544687,0.00858478585544687,0.23197773098945618,0.16371269524097443,0.35,0,0,600,FP32-token-IDs
MentalBERT,141cj66,539,45,2188,home,home,False,emptiness,0.008419152876983086,0.008419152876983086,0.2675025165081024,0.786212682723999,0.35,0,1,600,FP32-token-IDs
MentalBERT,141cj66,539,45,2188,home,home,False,hopelessness,0.002168351855988686,0.002168351855988686,0.4815284013748169,0.6615225076675415,0.35,1,1,600,FP32-token-IDs
MentalBERT,141cj66,539,45,2188,home,home,False,loneliness,0.01612887776050812,0.01612887776050812,0.6294304728507996,0.6271837949752808,0.35,0,1,600,FP32-token-IDs
MentalBERT,141cj66,539,45,2188,home,home,False,sadness,0.011650918481441645,0.011650918481441645,0.4494190216064453,0.38843607902526855,0.35,0,1,600,FP32-token-IDs
MentalBERT,141cj66,539,45,2188,home,home,False,suicide intent,-0.0031514490154595713,0.0031514490154595713,0.0790741816163063,0.020826537162065506,0.35,0,0,600,FP32-token-IDs
MentalBERT,141cj66,539,45,2188,home,home,False,worthlessness,-0.00450896909699226,0.00450896909699226,0.5067859888076782,0.37172651290893555,0.35,1,1,600,FP32-token-IDs
MentalBERT,141cj66,539,46,1010,",",",",False,anger,-0.0052775942479433395,0.0052775942479433395,0.3234289884567261,0.004674145486205816,0.35,0,0,600,FP32-token-IDs
MentalBERT,141cj66,539,46,1010,",",",",False,brain dysfunction (forget),-0.00858478585544687,0.00858478585544687,0.23197773098945618,0.16371269524097443,0.35,0,0,600,FP32-token-IDs
MentalBERT,141cj66,539,46,1010,",",",",False,emptiness,0.008419152876983086,0.008419152876983086,0.2675025165081024,0.786212682723999,0.35,0,1,600,FP32-token-IDs
MentalBERT,141cj66,539,46,1010,",",",",False,hopelessness,0.002168351855988686,0.002168351855988686,0.4815284013748169,0.6615225076675415,0.35,1,1,600,FP32-token-IDs
MentalBERT,141cj66,539,46,1010,",",",",False,loneliness,0.01612887776050812,0.01612887776050812,0.6294304728507996,0.6271837949752808,0.35,0,1,600,FP32-token-IDs
MentalBERT,141cj66,539,46,1010,",",",",False,sadness,0.011650918481441645,0.011650918481441645,0.4494190216064453,0.38843607902526855,0.35,0,1,600,FP32-token-IDs
MentalBERT,141cj66,539,46,1010,",",",",False,suicide intent,-0.0031514490154595713,0.0031514490154595713,0.0790741816163063,0.020826537162065506,0.35,0,0,600,FP32-token-IDs
MentalBERT,141cj66,539,46,1010,",",",",False,worthlessness,-0.00450896909699226,0.00450896909699226,0.5067859888076782,0.37172651290893555,0.35,1,1,600,FP32-token-IDs
MentalBERT,141cj66,539,47,2012,at,at,False,anger,0.002231676324115872,0.002231676324115872,0.3234289884567261,0.004674145486205816,0.35,0,0,600,FP32-token-IDs
MentalBERT,141cj66,539,47,2012,at,at,False,brain dysfunction (forget),-0.0011180639747980533,0.0011180639747980533,0.23197773098945618,0.16371269524097443,0.35,0,0,600,FP32-token-IDs
MentalBERT,141cj66,539,47,2012,at,at,False,emptiness,0.00562867233529687,0.00562867233529687,0.2675025165081024,0.786212682723999,0.35,0,1,600,FP32-token-IDs
MentalBERT,141cj66,539,47,2012,at,at,False,hopelessness,0.005153168064470475,0.005153168064470475,0.4815284013748169,0.6615225076675415,0.35,1,1,600,FP32-token-IDs
MentalBERT,141cj66,539,47,2012,at,at,False,loneliness,0.012050994145837459,0.012050994145837459,0.6294304728507996,0.6271837949752808,0.35,0,1,600,FP32-token-IDs
MentalBERT,141cj66,539,47,2012,at,at,False,sadness,0.008246139121743348,0.008246139121743348,0.4494190216064453,0.38843607902526855,0.35,0,1,600,FP32-token-IDs
MentalBERT,141cj66,539,47,2012,at,at,False,suicide intent,-0.0005926311169597474,0.0005926311169597474,0.0790741816163063,0.020826537162065506,0.35,0,0,600,FP32-token-IDs
MentalBERT,141cj66,539,47,2012,at,at,False,worthlessness,0.003003428612354693,0.003003428612354693,0.5067859888076782,0.37172651290893555,0.35,1,1,600,FP32-token-IDs
MentalBERT,141cj66,539,48,2619,someone,someone,False,anger,0.002231676324115872,0.002231676324115872,0.3234289884567261,0.004674145486205816,0.35,0,0,600,FP32-token-IDs
MentalBERT,141cj66,539,48,2619,someone,someone,False,brain dysfunction (forget),-0.0011180639747980533,0.0011180639747980533,0.23197773098945618,0.16371269524097443,0.35,0,0,600,FP32-token-IDs
MentalBERT,141cj66,539,48,2619,someone,someone,False,emptiness,0.00562867233529687,0.00562867233529687,0.2675025165081024,0.786212682723999,0.35,0,1,600,FP32-token-IDs
MentalBERT,141cj66,539,48,2619,someone,someone,False,hopelessness,0.005153168064470475,0.005153168064470475,0.4815284013748169,0.6615225076675415,0.35,1,1,600,FP32-token-IDs
MentalBERT,141cj66,539,48,2619,someone,someone,False,loneliness,0.012050994145837459,0.012050994145837459,0.6294304728507996,0.6271837949752808,0.35,0,1,600,FP32-token-IDs
MentalBERT,141cj66,539,48,2619,someone,someone,False,sadness,0.008246139121743348,0.008246139121743348,0.4494190216064453,0.38843607902526855,0.35,0,1,600,FP32-token-IDs
MentalBERT,141cj66,539,48,2619,someone,someone,False,suicide intent,-0.0005926311169597474,0.0005926311169597474,0.0790741816163063,0.020826537162065506,0.35,0,0,600,FP32-token-IDs
MentalBERT,141cj66,539,48,2619,someone,someone,False,worthlessness,0.003003428612354693,0.003003428612354693,0.5067859888076782,0.37172651290893555,0.35,1,1,600,FP32-token-IDs
MentalBERT,141cj66,539,49,2842,else,else,False,anger,0.002231676324115872,0.002231676324115872,0.3234289884567261,0.004674145486205816,0.35,0,0,600,FP32-token-IDs
MentalBERT,141cj66,539,49,2842,else,else,False,brain dysfunction (forget),-0.0011180639747980533,0.0011180639747980533,0.23197773098945618,0.16371269524097443,0.35,0,0,600,FP32-token-IDs
MentalBERT,141cj66,539,49,2842,else,else,False,emptiness,0.005628672335296869,0.005628672335296869,0.2675025165081024,0.786212682723999,0.35,0,1,600,FP32-token-IDs
MentalBERT,141cj66,539,49,2842,else,else,False,hopelessness,0.005153168064470474,0.005153168064470474,0.4815284013748169,0.6615225076675415,0.35,1,1,600,FP32-token-IDs
MentalBERT,141cj66,539,49,2842,else,else,False,loneliness,0.012050994145837457,0.012050994145837457,0.6294304728507996,0.6271837949752808,0.35,0,1,600,FP32-token-IDs
MentalBERT,141cj66,539,49,2842,else,else,False,sadness,0.00824613912174335,0.00824613912174335,0.4494190216064453,0.38843607902526855,0.35,0,1,600,FP32-token-IDs
MentalBERT,141cj66,539,49,2842,else,else,False,suicide intent,-0.0005926311169597474,0.0005926311169597474,0.0790741816163063,0.020826537162065506,0.35,0,0,600,FP32-token-IDs
MentalBERT,141cj66,539,49,2842,else,else,False,worthlessness,0.0030034286123546924,0.0030034286123546924,0.5067859888076782,0.37172651290893555,0.35,1,1,600,FP32-token-IDs
MentalBERT,141cj66,539,50,1005,',',False,anger,0.002231676324115872,0.002231676324115872,0.3234289884567261,0.004674145486205816,0.35,0,0,600,FP32-token-IDs
MentalBERT,141cj66,539,50,1005,',',False,brain dysfunction (forget),-0.0011180639747980533,0.0011180639747980533,0.23197773098945618,0.16371269524097443,0.35,0,0,600,FP32-token-IDs
MentalBERT,141cj66,539,50,1005,',',False,emptiness,0.005628672335296869,0.005628672335296869,0.2675025165081024,0.786212682723999,0.35,0,1,600,FP32-token-IDs
MentalBERT,141cj66,539,50,1005,',',False,hopelessness,0.005153168064470474,0.005153168064470474,0.4815284013748169,0.6615225076675415,0.35,1,1,600,FP32-token-IDs
MentalBERT,141cj66,539,50,1005,',',False,loneliness,0.012050994145837457,0.012050994145837457,0.6294304728507996,0.6271837949752808,0.35,0,1,600,FP32-token-IDs
MentalBERT,141cj66,539,50,1005,',',False,sadness,0.00824613912174335,0.00824613912174335,0.4494190216064453,0.38843607902526855,0.35,0,1,600,FP32-token-IDs
MentalBERT,141cj66,539,50,1005,',',False,suicide intent,-0.0005926311169597474,0.0005926311169597474,0.0790741816163063,0.020826537162065506,0.35,0,0,600,FP32-token-IDs
MentalBERT,141cj66,539,50,1005,',',False,worthlessness,0.0030034286123546924,0.0030034286123546924,0.5067859888076782,0.37172651290893555,0.35,1,1,600,FP32-token-IDs
MentalBERT,141cj66,539,51,1055,s,s,False,anger,0.002231676324115872,0.002231676324115872,0.3234289884567261,0.004674145486205816,0.35,0,0,600,FP32-token-IDs
MentalBERT,141cj66,539,51,1055,s,s,False,brain dysfunction (forget),-0.0011180639747980533,0.0011180639747980533,0.23197773098945618,0.16371269524097443,0.35,0,0,600,FP32-token-IDs
MentalBERT,141cj66,539,51,1055,s,s,False,emptiness,0.005628672335296869,0.005628672335296869,0.2675025165081024,0.786212682723999,0.35,0,1,600,FP32-token-IDs
MentalBERT,141cj66,539,51,1055,s,s,False,hopelessness,0.005153168064470474,0.005153168064470474,0.4815284013748169,0.6615225076675415,0.35,1,1,600,FP32-token-IDs
MentalBERT,141cj66,539,51,1055,s,s,False,loneliness,0.012050994145837457,0.012050994145837457,0.6294304728507996,0.6271837949752808,0.35,0,1,600,FP32-token-IDs
MentalBERT,141cj66,539,51,1055,s,s,False,sadness,0.00824613912174335,0.00824613912174335,0.4494190216064453,0.38843607902526855,0.35,0,1,600,FP32-token-IDs
MentalBERT,141cj66,539,51,1055,s,s,False,suicide intent,-0.0005926311169597474,0.0005926311169597474,0.0790741816163063,0.020826537162065506,0.35,0,0,600,FP32-token-IDs
MentalBERT,141cj66,539,51,1055,s,s,False,worthlessness,0.0030034286123546924,0.0030034286123546924,0.5067859888076782,0.37172651290893555,0.35,1,1,600,FP32-token-IDs
MentalBERT,141cj66,539,52,2160,house,house,False,anger,0.002231676324115872,0.002231676324115872,0.3234289884567261,0.004674145486205816,0.35,0,0,600,FP32-token-IDs
MentalBERT,141cj66,539,52,2160,house,house,False,brain dysfunction (forget),-0.0011180639747980533,0.0011180639747980533,0.23197773098945618,0.16371269524097443,0.35,0,0,600,FP32-token-IDs
MentalBERT,141cj66,539,52,2160,house,house,False,emptiness,0.005628672335296869,0.005628672335296869,0.2675025165081024,0.786212682723999,0.35,0,1,600,FP32-token-IDs
MentalBERT,141cj66,539,52,2160,house,house,False,hopelessness,0.005153168064470475,0.005153168064470475,0.4815284013748169,0.6615225076675415,0.35,1,1,600,FP32-token-IDs
MentalBERT,141cj66,539,52,2160,house,house,False,loneliness,0.012050994145837459,0.012050994145837459,0.6294304728507996,0.6271837949752808,0.35,0,1,600,FP32-token-IDs
MentalBERT,141cj66,539,52,2160,house,house,False,sadness,0.00824613912174335,0.00824613912174335,0.4494190216064453,0.38843607902526855,0.35,0,1,600,FP32-token-IDs
MentalBERT,141cj66,539,52,2160,house,house,False,suicide intent,-0.0005926311169597474,0.0005926311169597474,0.0790741816163063,0.020826537162065506,0.35,0,0,600,FP32-token-IDs
MentalBERT,141cj66,539,52,2160,house,house,False,worthlessness,0.003003428612354693,0.003003428612354693,0.5067859888076782,0.37172651290893555,0.35,1,1,600,FP32-token-IDs
MentalBERT,141cj66,539,53,1010,",",",",False,anger,0.002231676324115872,0.002231676324115872,0.3234289884567261,0.004674145486205816,0.35,0,0,600,FP32-token-IDs
MentalBERT,141cj66,539,53,1010,",",",",False,brain dysfunction (forget),-0.0011180639747980533,0.0011180639747980533,0.23197773098945618,0.16371269524097443,0.35,0,0,600,FP32-token-IDs
MentalBERT,141cj66,539,53,1010,",",",",False,emptiness,0.005628672335296869,0.005628672335296869,0.2675025165081024,0.786212682723999,0.35,0,1,600,FP32-token-IDs
MentalBERT,141cj66,539,53,1010,",",",",False,hopelessness,0.005153168064470475,0.005153168064470475,0.4815284013748169,0.6615225076675415,0.35,1,1,600,FP32-token-IDs
MentalBERT,141cj66,539,53,1010,",",",",False,loneliness,0.012050994145837459,0.012050994145837459,0.6294304728507996,0.6271837949752808,0.35,0,1,600,FP32-token-IDs
MentalBERT,141cj66,539,53,1010,",",",",False,sadness,0.00824613912174335,0.00824613912174335,0.4494190216064453,0.38843607902526855,0.35,0,1,600,FP32-token-IDs
MentalBERT,141cj66,539,53,1010,",",",",False,suicide intent,-0.0005926311169597474,0.0005926311169597474,0.0790741816163063,0.020826537162065506,0.35,0,0,600,FP32-token-IDs
MentalBERT,141cj66,539,53,1010,",",",",False,worthlessness,0.003003428612354693,0.003003428612354693,0.5067859888076782,0.37172651290893555,0.35,1,1,600,FP32-token-IDs
MentalBERT,141cj66,539,54,1999,in,in,False,anger,-0.00011034280690252595,0.00011034280690252595,0.3234289884567261,0.004674145486205816,0.35,0,0,600,FP32-token-IDs
MentalBERT,141cj66,539,54,1999,in,in,False,brain dysfunction (forget),0.004972602545212095,0.004972602545212095,0.23197773098945618,0.16371269524097443,0.35,0,0,600,FP32-token-IDs
MentalBERT,141cj66,539,54,1999,in,in,False,emptiness,0.004332895972765982,0.004332895972765982,0.2675025165081024,0.786212682723999,0.35,0,1,600,FP32-token-IDs
MentalBERT,141cj66,539,54,1999,in,in,False,hopelessness,0.00037925080575335486,0.00037925080575335486,0.4815284013748169,0.6615225076675415,0.35,1,1,600,FP32-token-IDs
MentalBERT,141cj66,539,54,1999,in,in,False,loneliness,0.0020913204106573877,0.0020913204106573877,0.6294304728507996,0.6271837949752808,0.35,0,1,600,FP32-token-IDs
MentalBERT,141cj66,539,54,1999,in,in,False,sadness,-6.737354068228835e-05,6.737354068228835e-05,0.4494190216064453,0.38843607902526855,0.35,0,1,600,FP32-token-IDs
MentalBERT,141cj66,539,54,1999,in,in,False,suicide intent,0.0017364674601524782,0.0017364674601524782,0.0790741816163063,0.020826537162065506,0.35,0,0,600,FP32-token-IDs
MentalBERT,141cj66,539,54,1999,in,in,False,worthlessness,-0.0034404046779785017,0.0034404046779785017,0.5067859888076782,0.37172651290893555,0.35,1,1,600,FP32-token-IDs
MentalBERT,141cj66,539,55,1996,the,the,False,anger,-0.00011034280690252595,0.00011034280690252595,0.3234289884567261,0.004674145486205816,0.35,0,0,600,FP32-token-IDs
MentalBERT,141cj66,539,55,1996,the,the,False,brain dysfunction (forget),0.004972602545212095,0.004972602545212095,0.23197773098945618,0.16371269524097443,0.35,0,0,600,FP32-token-IDs
MentalBERT,141cj66,539,55,1996,the,the,False,emptiness,0.004332895972765982,0.004332895972765982,0.2675025165081024,0.786212682723999,0.35,0,1,600,FP32-token-IDs
MentalBERT,141cj66,539,55,1996,the,the,False,hopelessness,0.00037925080575335486,0.00037925080575335486,0.4815284013748169,0.6615225076675415,0.35,1,1,600,FP32-token-IDs
MentalBERT,141cj66,539,55,1996,the,the,False,loneliness,0.0020913204106573877,0.0020913204106573877,0.6294304728507996,0.6271837949752808,0.35,0,1,600,FP32-token-IDs
MentalBERT,141cj66,539,55,1996,the,the,False,sadness,-6.737354068228835e-05,6.737354068228835e-05,0.4494190216064453,0.38843607902526855,0.35,0,1,600,FP32-token-IDs
MentalBERT,141cj66,539,55,1996,the,the,False,suicide intent,0.0017364674601524782,0.0017364674601524782,0.0790741816163063,0.020826537162065506,0.35,0,0,600,FP32-token-IDs
MentalBERT,141cj66,539,55,1996,the,the,False,worthlessness,-0.0034404046779785017,0.0034404046779785017,0.5067859888076782,0.37172651290893555,0.35,1,1,600,FP32-token-IDs
MentalBERT,141cj66,539,56,2436,office,office,False,anger,-0.00011034280690252595,0.00011034280690252595,0.3234289884567261,0.004674145486205816,0.35,0,0,600,FP32-token-IDs
MentalBERT,141cj66,539,56,2436,office,office,False,brain dysfunction (forget),0.004972602545212095,0.004972602545212095,0.23197773098945618,0.16371269524097443,0.35,0,0,600,FP32-token-IDs
MentalBERT,141cj66,539,56,2436,office,office,False,emptiness,0.004332895972765982,0.004332895972765982,0.2675025165081024,0.786212682723999,0.35,0,1,600,FP32-token-IDs
MentalBERT,141cj66,539,56,2436,office,office,False,hopelessness,0.00037925080575335486,0.00037925080575335486,0.4815284013748169,0.6615225076675415,0.35,1,1,600,FP32-token-IDs
MentalBERT,141cj66,539,56,2436,office,office,False,loneliness,0.0020913204106573877,0.0020913204106573877,0.6294304728507996,0.6271837949752808,0.35,0,1,600,FP32-token-IDs
MentalBERT,141cj66,539,56,2436,office,office,False,sadness,-6.737354068228835e-05,6.737354068228835e-05,0.4494190216064453,0.38843607902526855,0.35,0,1,600,FP32-token-IDs
MentalBERT,141cj66,539,56,2436,office,office,False,suicide intent,0.0017364674601524782,0.0017364674601524782,0.0790741816163063,0.020826537162065506,0.35,0,0,600,FP32-token-IDs
MentalBERT,141cj66,539,56,2436,office,office,False,worthlessness,-0.0034404046779785017,0.0034404046779785017,0.5067859888076782,0.37172651290893555,0.35,1,1,600,FP32-token-IDs
MentalBERT,141cj66,539,57,1025,;,;,False,anger,-0.00011034280690252595,0.00011034280690252595,0.3234289884567261,0.004674145486205816,0.35,0,0,600,FP32-token-IDs
MentalBERT,141cj66,539,57,1025,;,;,False,brain dysfunction (forget),0.004972602545212095,0.004972602545212095,0.23197773098945618,0.16371269524097443,0.35,0,0,600,FP32-token-IDs
MentalBERT,141cj66,539,57,1025,;,;,False,emptiness,0.004332895972765982,0.004332895972765982,0.2675025165081024,0.786212682723999,0.35,0,1,600,FP32-token-IDs
MentalBERT,141cj66,539,57,1025,;,;,False,hopelessness,0.00037925080575335486,0.00037925080575335486,0.4815284013748169,0.6615225076675415,0.35,1,1,600,FP32-token-IDs
MentalBERT,141cj66,539,57,1025,;,;,False,loneliness,0.0020913204106573877,0.0020913204106573877,0.6294304728507996,0.6271837949752808,0.35,0,1,600,FP32-token-IDs
MentalBERT,141cj66,539,57,1025,;,;,False,sadness,-6.737354068228835e-05,6.737354068228835e-05,0.4494190216064453,0.38843607902526855,0.35,0,1,600,FP32-token-IDs
MentalBERT,141cj66,539,57,1025,;,;,False,suicide intent,0.0017364674601524782,0.0017364674601524782,0.0790741816163063,0.020826537162065506,0.35,0,0,600,FP32-token-IDs
MentalBERT,141cj66,539,57,1025,;,;,False,worthlessness,-0.0034404046779785017,0.0034404046779785017,0.5067859888076782,0.37172651290893555,0.35,1,1,600,FP32-token-IDs
MentalBERT,141cj66,539,58,1045,i,i,False,anger,0.002622805594700577,0.002622805594700577,0.3234289884567261,0.004674145486205816,0.35,0,0,600,FP32-token-IDs
MentalBERT,141cj66,539,58,1045,i,i,False,brain dysfunction (forget),0.009392175778674964,0.009392175778674964,0.23197773098945618,0.16371269524097443,0.35,0,0,600,FP32-token-IDs
MentalBERT,141cj66,539,58,1045,i,i,False,emptiness,0.011481190449558198,0.011481190449558198,0.2675025165081024,0.786212682723999,0.35,0,1,600,FP32-token-IDs
MentalBERT,141cj66,539,58,1045,i,i,False,hopelessness,0.006117553172561412,0.006117553172561412,0.4815284013748169,0.6615225076675415,0.35,1,1,600,FP32-token-IDs
MentalBERT,141cj66,539,58,1045,i,i,False,loneliness,0.004965452190775137,0.004965452190775137,0.6294304728507996,0.6271837949752808,0.35,0,1,600,FP32-token-IDs
MentalBERT,141cj66,539,58,1045,i,i,False,sadness,0.004271598264145164,0.004271598264145164,0.4494190216064453,0.38843607902526855,0.35,0,1,600,FP32-token-IDs
MentalBERT,141cj66,539,58,1045,i,i,False,suicide intent,0.004410834418824659,0.004410834418824659,0.0790741816163063,0.020826537162065506,0.35,0,0,600,FP32-token-IDs
MentalBERT,141cj66,539,58,1045,i,i,False,worthlessness,0.002662399882235779,0.002662399882235779,0.5067859888076782,0.37172651290893555,0.35,1,1,600,FP32-token-IDs
MentalBERT,141cj66,539,59,3233,stand,stand,False,anger,0.002622805594700577,0.002622805594700577,0.3234289884567261,0.004674145486205816,0.35,0,0,600,FP32-token-IDs
MentalBERT,141cj66,539,59,3233,stand,stand,False,brain dysfunction (forget),0.009392175778674964,0.009392175778674964,0.23197773098945618,0.16371269524097443,0.35,0,0,600,FP32-token-IDs
MentalBERT,141cj66,539,59,3233,stand,stand,False,emptiness,0.011481190449558198,0.011481190449558198,0.2675025165081024,0.786212682723999,0.35,0,1,600,FP32-token-IDs
MentalBERT,141cj66,539,59,3233,stand,stand,False,hopelessness,0.006117553172561412,0.006117553172561412,0.4815284013748169,0.6615225076675415,0.35,1,1,600,FP32-token-IDs
MentalBERT,141cj66,539,59,3233,stand,stand,False,loneliness,0.004965452190775137,0.004965452190775137,0.6294304728507996,0.6271837949752808,0.35,0,1,600,FP32-token-IDs
MentalBERT,141cj66,539,59,3233,stand,stand,False,sadness,0.004271598264145164,0.004271598264145164,0.4494190216064453,0.38843607902526855,0.35,0,1,600,FP32-token-IDs
MentalBERT,141cj66,539,59,3233,stand,stand,False,suicide intent,0.004410834418824659,0.004410834418824659,0.0790741816163063,0.020826537162065506,0.35,0,0,600,FP32-token-IDs
MentalBERT,141cj66,539,59,3233,stand,stand,False,worthlessness,0.002662399882235779,0.002662399882235779,0.5067859888076782,0.37172651290893555,0.35,1,1,600,FP32-token-IDs
MentalBERT,141cj66,539,60,2145,still,still,False,anger,0.002622805594700577,0.002622805594700577,0.3234289884567261,0.004674145486205816,0.35,0,0,600,FP32-token-IDs
MentalBERT,141cj66,539,60,2145,still,still,False,brain dysfunction (forget),0.009392175778674964,0.009392175778674964,0.23197773098945618,0.16371269524097443,0.35,0,0,600,FP32-token-IDs
MentalBERT,141cj66,539,60,2145,still,still,False,emptiness,0.011481190449558198,0.011481190449558198,0.2675025165081024,0.786212682723999,0.35,0,1,600,FP32-token-IDs
MentalBERT,141cj66,539,60,2145,still,still,False,hopelessness,0.006117553172561412,0.006117553172561412,0.4815284013748169,0.6615225076675415,0.35,1,1,600,FP32-token-IDs
MentalBERT,141cj66,539,60,2145,still,still,False,loneliness,0.004965452190775137,0.004965452190775137,0.6294304728507996,0.6271837949752808,0.35,0,1,600,FP32-token-IDs
MentalBERT,141cj66,539,60,2145,still,still,False,sadness,0.004271598264145164,0.004271598264145164,0.4494190216064453,0.38843607902526855,0.35,0,1,600,FP32-token-IDs
MentalBERT,141cj66,539,60,2145,still,still,False,suicide intent,0.004410834418824659,0.004410834418824659,0.0790741816163063,0.020826537162065506,0.35,0,0,600,FP32-token-IDs
MentalBERT,141cj66,539,60,2145,still,still,False,worthlessness,0.002662399882235779,0.002662399882235779,0.5067859888076782,0.37172651290893555,0.35,1,1,600,FP32-token-IDs
MentalBERT,141cj66,539,61,1998,and,and,False,anger,0.0026228055947005767,0.0026228055947005767,0.3234289884567261,0.004674145486205816,0.35,0,0,600,FP32-token-IDs
MentalBERT,141cj66,539,61,1998,and,and,False,brain dysfunction (forget),0.009392175778674964,0.009392175778674964,0.23197773098945618,0.16371269524097443,0.35,0,0,600,FP32-token-IDs
MentalBERT,141cj66,539,61,1998,and,and,False,emptiness,0.011481190449558198,0.011481190449558198,0.2675025165081024,0.786212682723999,0.35,0,1,600,FP32-token-IDs
MentalBERT,141cj66,539,61,1998,and,and,False,hopelessness,0.006117553172561412,0.006117553172561412,0.4815284013748169,0.6615225076675415,0.35,1,1,600,FP32-token-IDs
MentalBERT,141cj66,539,61,1998,and,and,False,loneliness,0.004965452190775137,0.004965452190775137,0.6294304728507996,0.6271837949752808,0.35,0,1,600,FP32-token-IDs
MentalBERT,141cj66,539,61,1998,and,and,False,sadness,0.004271598264145164,0.004271598264145164,0.4494190216064453,0.38843607902526855,0.35,0,1,600,FP32-token-IDs
MentalBERT,141cj66,539,61,1998,and,and,False,suicide intent,0.004410834418824659,0.004410834418824659,0.0790741816163063,0.020826537162065506,0.35,0,0,600,FP32-token-IDs
MentalBERT,141cj66,539,61,1998,and,and,False,worthlessness,0.0026623998822357794,0.0026623998822357794,0.5067859888076782,0.37172651290893555,0.35,1,1,600,FP32-token-IDs
MentalBERT,141cj66,539,62,2298,look,look,False,anger,0.0017313403229938839,0.0017313403229938839,0.3234289884567261,0.004674145486205816,0.35,0,0,600,FP32-token-IDs
MentalBERT,141cj66,539,62,2298,look,look,False,brain dysfunction (forget),0.004728307902741318,0.004728307902741318,0.23197773098945618,0.16371269524097443,0.35,0,0,600,FP32-token-IDs
MentalBERT,141cj66,539,62,2298,look,look,False,emptiness,0.0019967651460319757,0.0019967651460319757,0.2675025165081024,0.786212682723999,0.35,0,1,600,FP32-token-IDs
MentalBERT,141cj66,539,62,2298,look,look,False,hopelessness,0.003646819923932736,0.003646819923932736,0.4815284013748169,0.6615225076675415,0.35,1,1,600,FP32-token-IDs
MentalBERT,141cj66,539,62,2298,look,look,False,loneliness,-0.0014300519206489508,0.0014300519206489508,0.6294304728507996,0.6271837949752808,0.35,0,1,600,FP32-token-IDs
MentalBERT,141cj66,539,62,2298,look,look,False,sadness,0.0007457657126136697,0.0007457657126136697,0.4494190216064453,0.38843607902526855,0.35,0,1,600,FP32-token-IDs
MentalBERT,141cj66,539,62,2298,look,look,False,suicide intent,-0.0010502159096246872,0.0010502159096246872,0.0790741816163063,0.020826537162065506,0.35,0,0,600,FP32-token-IDs
MentalBERT,141cj66,539,62,2298,look,look,False,worthlessness,0.0009582409223255059,0.0009582409223255059,0.5067859888076782,0.37172651290893555,0.35,1,1,600,FP32-token-IDs
MentalBERT,141cj66,539,63,2012,at,at,False,anger,0.0017313403229938839,0.0017313403229938839,0.3234289884567261,0.004674145486205816,0.35,0,0,600,FP32-token-IDs
MentalBERT,141cj66,539,63,2012,at,at,False,brain dysfunction (forget),0.004728307902741318,0.004728307902741318,0.23197773098945618,0.16371269524097443,0.35,0,0,600,FP32-token-IDs
MentalBERT,141cj66,539,63,2012,at,at,False,emptiness,0.0019967651460319757,0.0019967651460319757,0.2675025165081024,0.786212682723999,0.35,0,1,600,FP32-token-IDs
MentalBERT,141cj66,539,63,2012,at,at,False,hopelessness,0.003646819923932736,0.003646819923932736,0.4815284013748169,0.6615225076675415,0.35,1,1,600,FP32-token-IDs
MentalBERT,141cj66,539,63,2012,at,at,False,loneliness,-0.0014300519206489508,0.0014300519206489508,0.6294304728507996,0.6271837949752808,0.35,0,1,600,FP32-token-IDs
MentalBERT,141cj66,539,63,2012,at,at,False,sadness,0.0007457657126136697,0.0007457657126136697,0.4494190216064453,0.38843607902526855,0.35,0,1,600,FP32-token-IDs
MentalBERT,141cj66,539,63,2012,at,at,False,suicide intent,-0.0010502159096246872,0.0010502159096246872,0.0790741816163063,0.020826537162065506,0.35,0,0,600,FP32-token-IDs
MentalBERT,141cj66,539,63,2012,at,at,False,worthlessness,0.0009582409223255059,0.0009582409223255059,0.5067859888076782,0.37172651290893555,0.35,1,1,600,FP32-token-IDs
MentalBERT,141cj66,539,64,2026,my,my,False,anger,0.0017313403229938839,0.0017313403229938839,0.3234289884567261,0.004674145486205816,0.35,0,0,600,FP32-token-IDs
MentalBERT,141cj66,539,64,2026,my,my,False,brain dysfunction (forget),0.004728307902741318,0.004728307902741318,0.23197773098945618,0.16371269524097443,0.35,0,0,600,FP32-token-IDs
MentalBERT,141cj66,539,64,2026,my,my,False,emptiness,0.0019967651460319757,0.0019967651460319757,0.2675025165081024,0.786212682723999,0.35,0,1,600,FP32-token-IDs
MentalBERT,141cj66,539,64,2026,my,my,False,hopelessness,0.003646819923932736,0.003646819923932736,0.4815284013748169,0.6615225076675415,0.35,1,1,600,FP32-token-IDs
MentalBERT,141cj66,539,64,2026,my,my,False,loneliness,-0.0014300519206489508,0.0014300519206489508,0.6294304728507996,0.6271837949752808,0.35,0,1,600,FP32-token-IDs
MentalBERT,141cj66,539,64,2026,my,my,False,sadness,0.0007457657126136697,0.0007457657126136697,0.4494190216064453,0.38843607902526855,0.35,0,1,600,FP32-token-IDs
MentalBERT,141cj66,539,64,2026,my,my,False,suicide intent,-0.0010502159096246872,0.0010502159096246872,0.0790741816163063,0.020826537162065506,0.35,0,0,600,FP32-token-IDs
MentalBERT,141cj66,539,64,2026,my,my,False,worthlessness,0.0009582409223255059,0.0009582409223255059,0.5067859888076782,0.37172651290893555,0.35,1,1,600,FP32-token-IDs
MentalBERT,141cj66,539,65,2227,face,face,False,anger,0.0017313403229938839,0.0017313403229938839,0.3234289884567261,0.004674145486205816,0.35,0,0,600,FP32-token-IDs
MentalBERT,141cj66,539,65,2227,face,face,False,brain dysfunction (forget),0.004728307902741318,0.004728307902741318,0.23197773098945618,0.16371269524097443,0.35,0,0,600,FP32-token-IDs
MentalBERT,141cj66,539,65,2227,face,face,False,emptiness,0.0019967651460319757,0.0019967651460319757,0.2675025165081024,0.786212682723999,0.35,0,1,600,FP32-token-IDs
MentalBERT,141cj66,539,65,2227,face,face,False,hopelessness,0.003646819923932736,0.003646819923932736,0.4815284013748169,0.6615225076675415,0.35,1,1,600,FP32-token-IDs
MentalBERT,141cj66,539,65,2227,face,face,False,loneliness,-0.0014300519206489508,0.0014300519206489508,0.6294304728507996,0.6271837949752808,0.35,0,1,600,FP32-token-IDs
MentalBERT,141cj66,539,65,2227,face,face,False,sadness,0.0007457657126136697,0.0007457657126136697,0.4494190216064453,0.38843607902526855,0.35,0,1,600,FP32-token-IDs
MentalBERT,141cj66,539,65,2227,face,face,False,suicide intent,-0.0010502159096246872,0.0010502159096246872,0.0790741816163063,0.020826537162065506,0.35,0,0,600,FP32-token-IDs
MentalBERT,141cj66,539,65,2227,face,face,False,worthlessness,0.0009582409223255059,0.0009582409223255059,0.5067859888076782,0.37172651290893555,0.35,1,1,600,FP32-token-IDs
MentalBERT,141cj66,539,66,2005,for,for,False,anger,-0.001390532342366686,0.001390532342366686,0.3234289884567261,0.004674145486205816,0.35,0,0,600,FP32-token-IDs
MentalBERT,141cj66,539,66,2005,for,for,False,brain dysfunction (forget),0.004477270950491612,0.004477270950491612,0.23197773098945618,0.16371269524097443,0.35,0,0,600,FP32-token-IDs
MentalBERT,141cj66,539,66,2005,for,for,False,emptiness,0.0005411871243268251,0.0005411871243268251,0.2675025165081024,0.786212682723999,0.35,0,1,600,FP32-token-IDs
MentalBERT,141cj66,539,66,2005,for,for,False,hopelessness,0.0003397707612468646,0.0003397707612468646,0.4815284013748169,0.6615225076675415,0.35,1,1,600,FP32-token-IDs
MentalBERT,141cj66,539,66,2005,for,for,False,loneliness,-0.001431922482040066,0.001431922482040066,0.6294304728507996,0.6271837949752808,0.35,0,1,600,FP32-token-IDs
MentalBERT,141cj66,539,66,2005,for,for,False,sadness,-0.0019821928939423882,0.0019821928939423882,0.4494190216064453,0.38843607902526855,0.35,0,1,600,FP32-token-IDs
MentalBERT,141cj66,539,66,2005,for,for,False,suicide intent,-0.0013497688308304462,0.0013497688308304462,0.0790741816163063,0.020826537162065506,0.35,0,0,600,FP32-token-IDs
MentalBERT,141cj66,539,66,2005,for,for,False,worthlessness,-0.0024522809723678688,0.0024522809723678688,0.5067859888076782,0.37172651290893555,0.35,1,1,600,FP32-token-IDs
MentalBERT,141cj66,539,67,2146,long,long,False,anger,-0.001390532342366686,0.001390532342366686,0.3234289884567261,0.004674145486205816,0.35,0,0,600,FP32-token-IDs
MentalBERT,141cj66,539,67,2146,long,long,False,brain dysfunction (forget),0.004477270950491612,0.004477270950491612,0.23197773098945618,0.16371269524097443,0.35,0,0,600,FP32-token-IDs
MentalBERT,141cj66,539,67,2146,long,long,False,emptiness,0.0005411871243268251,0.0005411871243268251,0.2675025165081024,0.786212682723999,0.35,0,1,600,FP32-token-IDs
MentalBERT,141cj66,539,67,2146,long,long,False,hopelessness,0.0003397707612468646,0.0003397707612468646,0.4815284013748169,0.6615225076675415,0.35,1,1,600,FP32-token-IDs
MentalBERT,141cj66,539,67,2146,long,long,False,loneliness,-0.001431922482040066,0.001431922482040066,0.6294304728507996,0.6271837949752808,0.35,0,1,600,FP32-token-IDs
MentalBERT,141cj66,539,67,2146,long,long,False,sadness,-0.0019821928939423882,0.0019821928939423882,0.4494190216064453,0.38843607902526855,0.35,0,1,600,FP32-token-IDs
MentalBERT,141cj66,539,67,2146,long,long,False,suicide intent,-0.0013497688308304462,0.0013497688308304462,0.0790741816163063,0.020826537162065506,0.35,0,0,600,FP32-token-IDs
MentalBERT,141cj66,539,67,2146,long,long,False,worthlessness,-0.0024522809723678688,0.0024522809723678688,0.5067859888076782,0.37172651290893555,0.35,1,1,600,FP32-token-IDs
MentalBERT,141cj66,539,68,2781,minutes,minutes,False,anger,-0.001390532342366686,0.001390532342366686,0.3234289884567261,0.004674145486205816,0.35,0,0,600,FP32-token-IDs
MentalBERT,141cj66,539,68,2781,minutes,minutes,False,brain dysfunction (forget),0.004477270950491612,0.004477270950491612,0.23197773098945618,0.16371269524097443,0.35,0,0,600,FP32-token-IDs
MentalBERT,141cj66,539,68,2781,minutes,minutes,False,emptiness,0.0005411871243268251,0.0005411871243268251,0.2675025165081024,0.786212682723999,0.35,0,1,600,FP32-token-IDs
MentalBERT,141cj66,539,68,2781,minutes,minutes,False,hopelessness,0.0003397707612468646,0.0003397707612468646,0.4815284013748169,0.6615225076675415,0.35,1,1,600,FP32-token-IDs
MentalBERT,141cj66,539,68,2781,minutes,minutes,False,loneliness,-0.001431922482040066,0.001431922482040066,0.6294304728507996,0.6271837949752808,0.35,0,1,600,FP32-token-IDs
MentalBERT,141cj66,539,68,2781,minutes,minutes,False,sadness,-0.0019821928939423882,0.0019821928939423882,0.4494190216064453,0.38843607902526855,0.35,0,1,600,FP32-token-IDs
MentalBERT,141cj66,539,68,2781,minutes,minutes,False,suicide intent,-0.0013497688308304462,0.0013497688308304462,0.0790741816163063,0.020826537162065506,0.35,0,0,600,FP32-token-IDs
MentalBERT,141cj66,539,68,2781,minutes,minutes,False,worthlessness,-0.0024522809723678688,0.0024522809723678688,0.5067859888076782,0.37172651290893555,0.35,1,1,600,FP32-token-IDs
MentalBERT,141cj66,539,69,1012,.,.,False,anger,-0.001390532342366686,0.001390532342366686,0.3234289884567261,0.004674145486205816,0.35,0,0,600,FP32-token-IDs
MentalBERT,141cj66,539,69,1012,.,.,False,brain dysfunction (forget),0.004477270950491612,0.004477270950491612,0.23197773098945618,0.16371269524097443,0.35,0,0,600,FP32-token-IDs
MentalBERT,141cj66,539,69,1012,.,.,False,emptiness,0.0005411871243268251,0.0005411871243268251,0.2675025165081024,0.786212682723999,0.35,0,1,600,FP32-token-IDs
MentalBERT,141cj66,539,69,1012,.,.,False,hopelessness,0.0003397707612468646,0.0003397707612468646,0.4815284013748169,0.6615225076675415,0.35,1,1,600,FP32-token-IDs
MentalBERT,141cj66,539,69,1012,.,.,False,loneliness,-0.001431922482040066,0.001431922482040066,0.6294304728507996,0.6271837949752808,0.35,0,1,600,FP32-token-IDs
MentalBERT,141cj66,539,69,1012,.,.,False,sadness,-0.0019821928939423882,0.0019821928939423882,0.4494190216064453,0.38843607902526855,0.35,0,1,600,FP32-token-IDs
MentalBERT,141cj66,539,69,1012,.,.,False,suicide intent,-0.0013497688308304462,0.0013497688308304462,0.0790741816163063,0.020826537162065506,0.35,0,0,600,FP32-token-IDs
MentalBERT,141cj66,539,69,1012,.,.,False,worthlessness,-0.0024522809723678688,0.0024522809723678688,0.5067859888076782,0.37172651290893555,0.35,1,1,600,FP32-token-IDs
MentalBERT,141cj66,539,70,2026,my,my,False,anger,-0.005621765571049764,0.005621765571049764,0.3234289884567261,0.004674145486205816,0.35,0,0,600,FP32-token-IDs
MentalBERT,141cj66,539,70,2026,my,my,False,brain dysfunction (forget),-0.00857575424015522,0.00857575424015522,0.23197773098945618,0.16371269524097443,0.35,0,0,600,FP32-token-IDs
MentalBERT,141cj66,539,70,2026,my,my,False,emptiness,-0.007189315801952034,0.007189315801952034,0.2675025165081024,0.786212682723999,0.35,0,1,600,FP32-token-IDs
MentalBERT,141cj66,539,70,2026,my,my,False,hopelessness,-0.004915730562061071,0.004915730562061071,0.4815284013748169,0.6615225076675415,0.35,1,1,600,FP32-token-IDs
MentalBERT,141cj66,539,70,2026,my,my,False,loneliness,-0.006941621890291572,0.006941621890291572,0.6294304728507996,0.6271837949752808,0.35,0,1,600,FP32-token-IDs
MentalBERT,141cj66,539,70,2026,my,my,False,sadness,-0.0040499583119526505,0.0040499583119526505,0.4494190216064453,0.38843607902526855,0.35,0,1,600,FP32-token-IDs
MentalBERT,141cj66,539,70,2026,my,my,False,suicide intent,-0.0023113636052585207,0.0023113636052585207,0.0790741816163063,0.020826537162065506,0.35,0,0,600,FP32-token-IDs
MentalBERT,141cj66,539,70,2026,my,my,False,worthlessness,-0.011016695527359843,0.011016695527359843,0.5067859888076782,0.37172651290893555,0.35,1,1,600,FP32-token-IDs
MentalBERT,141cj66,539,71,9185,reflection,reflection,False,anger,-0.005621765571049764,0.005621765571049764,0.3234289884567261,0.004674145486205816,0.35,0,0,600,FP32-token-IDs
MentalBERT,141cj66,539,71,9185,reflection,reflection,False,brain dysfunction (forget),-0.00857575424015522,0.00857575424015522,0.23197773098945618,0.16371269524097443,0.35,0,0,600,FP32-token-IDs
MentalBERT,141cj66,539,71,9185,reflection,reflection,False,emptiness,-0.007189315801952034,0.007189315801952034,0.2675025165081024,0.786212682723999,0.35,0,1,600,FP32-token-IDs
MentalBERT,141cj66,539,71,9185,reflection,reflection,False,hopelessness,-0.004915730562061071,0.004915730562061071,0.4815284013748169,0.6615225076675415,0.35,1,1,600,FP32-token-IDs
MentalBERT,141cj66,539,71,9185,reflection,reflection,False,loneliness,-0.006941621890291572,0.006941621890291572,0.6294304728507996,0.6271837949752808,0.35,0,1,600,FP32-token-IDs
MentalBERT,141cj66,539,71,9185,reflection,reflection,False,sadness,-0.0040499583119526505,0.0040499583119526505,0.4494190216064453,0.38843607902526855,0.35,0,1,600,FP32-token-IDs
MentalBERT,141cj66,539,71,9185,reflection,reflection,False,suicide intent,-0.0023113636052585207,0.0023113636052585207,0.0790741816163063,0.020826537162065506,0.35,0,0,600,FP32-token-IDs
MentalBERT,141cj66,539,71,9185,reflection,reflection,False,worthlessness,-0.011016695527359843,0.011016695527359843,0.5067859888076782,0.37172651290893555,0.35,1,1,600,FP32-token-IDs
MentalBERT,141cj66,539,72,3504,looks,looks,False,anger,-0.005621765571049764,0.005621765571049764,0.3234289884567261,0.004674145486205816,0.35,0,0,600,FP32-token-IDs
MentalBERT,141cj66,539,72,3504,looks,looks,False,brain dysfunction (forget),-0.00857575424015522,0.00857575424015522,0.23197773098945618,0.16371269524097443,0.35,0,0,600,FP32-token-IDs
MentalBERT,141cj66,539,72,3504,looks,looks,False,emptiness,-0.007189315801952034,0.007189315801952034,0.2675025165081024,0.786212682723999,0.35,0,1,600,FP32-token-IDs
MentalBERT,141cj66,539,72,3504,looks,looks,False,hopelessness,-0.004915730562061071,0.004915730562061071,0.4815284013748169,0.6615225076675415,0.35,1,1,600,FP32-token-IDs
MentalBERT,141cj66,539,72,3504,looks,looks,False,loneliness,-0.006941621890291572,0.006941621890291572,0.6294304728507996,0.6271837949752808,0.35,0,1,600,FP32-token-IDs
MentalBERT,141cj66,539,72,3504,looks,looks,False,sadness,-0.0040499583119526505,0.0040499583119526505,0.4494190216064453,0.38843607902526855,0.35,0,1,600,FP32-token-IDs
MentalBERT,141cj66,539,72,3504,looks,looks,False,suicide intent,-0.0023113636052585207,0.0023113636052585207,0.0790741816163063,0.020826537162065506,0.35,0,0,600,FP32-token-IDs
MentalBERT,141cj66,539,72,3504,looks,looks,False,worthlessness,-0.011016695527359843,0.011016695527359843,0.5067859888076782,0.37172651290893555,0.35,1,1,600,FP32-token-IDs
MentalBERT,141cj66,539,73,2062,more,more,False,anger,-0.005621765571049764,0.005621765571049764,0.3234289884567261,0.004674145486205816,0.35,0,0,600,FP32-token-IDs
MentalBERT,141cj66,539,73,2062,more,more,False,brain dysfunction (forget),-0.00857575424015522,0.00857575424015522,0.23197773098945618,0.16371269524097443,0.35,0,0,600,FP32-token-IDs
MentalBERT,141cj66,539,73,2062,more,more,False,emptiness,-0.007189315801952034,0.007189315801952034,0.2675025165081024,0.786212682723999,0.35,0,1,600,FP32-token-IDs
MentalBERT,141cj66,539,73,2062,more,more,False,hopelessness,-0.004915730562061071,0.004915730562061071,0.4815284013748169,0.6615225076675415,0.35,1,1,600,FP32-token-IDs
MentalBERT,141cj66,539,73,2062,more,more,False,loneliness,-0.006941621890291572,0.006941621890291572,0.6294304728507996,0.6271837949752808,0.35,0,1,600,FP32-token-IDs
MentalBERT,141cj66,539,73,2062,more,more,False,sadness,-0.0040499583119526505,0.0040499583119526505,0.4494190216064453,0.38843607902526855,0.35,0,1,600,FP32-token-IDs
MentalBERT,141cj66,539,73,2062,more,more,False,suicide intent,-0.0023113636052585207,0.0023113636052585207,0.0790741816163063,0.020826537162065506,0.35,0,0,600,FP32-token-IDs
MentalBERT,141cj66,539,73,2062,more,more,False,worthlessness,-0.011016695527359843,0.011016695527359843,0.5067859888076782,0.37172651290893555,0.35,1,1,600,FP32-token-IDs
MentalBERT,141cj66,539,74,2613,real,real,False,anger,-0.0022936645891604712,0.0022936645891604712,0.3234289884567261,0.004674145486205816,0.35,0,0,600,FP32-token-IDs
MentalBERT,141cj66,539,74,2613,real,real,False,brain dysfunction (forget),-0.006497641326859593,0.006497641326859593,0.23197773098945618,0.16371269524097443,0.35,0,0,600,FP32-token-IDs
MentalBERT,141cj66,539,74,2613,real,real,False,emptiness,-0.0057246441137976944,0.0057246441137976944,0.2675025165081024,0.786212682723999,0.35,0,1,600,FP32-token-IDs
MentalBERT,141cj66,539,74,2613,real,real,False,hopelessness,-0.00449760165065527,0.00449760165065527,0.4815284013748169,0.6615225076675415,0.35,1,1,600,FP32-token-IDs
MentalBERT,141cj66,539,74,2613,real,real,False,loneliness,-0.006584216142073274,0.006584216142073274,0.6294304728507996,0.6271837949752808,0.35,0,1,600,FP32-token-IDs
MentalBERT,141cj66,539,74,2613,real,real,False,sadness,-0.0035732012474909425,0.0035732012474909425,0.4494190216064453,0.38843607902526855,0.35,0,1,600,FP32-token-IDs
MentalBERT,141cj66,539,74,2613,real,real,False,suicide intent,-0.0006085871355026029,0.0006085871355026029,0.0790741816163063,0.020826537162065506,0.35,0,0,600,FP32-token-IDs
MentalBERT,141cj66,539,74,2613,real,real,False,worthlessness,-0.008541105082258582,0.008541105082258582,0.5067859888076782,0.37172651290893555,0.35,1,1,600,FP32-token-IDs
MentalBERT,141cj66,539,75,2084,than,than,False,anger,-0.0022936645891604712,0.0022936645891604712,0.3234289884567261,0.004674145486205816,0.35,0,0,600,FP32-token-IDs
MentalBERT,141cj66,539,75,2084,than,than,False,brain dysfunction (forget),-0.006497641326859593,0.006497641326859593,0.23197773098945618,0.16371269524097443,0.35,0,0,600,FP32-token-IDs
MentalBERT,141cj66,539,75,2084,than,than,False,emptiness,-0.0057246441137976944,0.0057246441137976944,0.2675025165081024,0.786212682723999,0.35,0,1,600,FP32-token-IDs
MentalBERT,141cj66,539,75,2084,than,than,False,hopelessness,-0.00449760165065527,0.00449760165065527,0.4815284013748169,0.6615225076675415,0.35,1,1,600,FP32-token-IDs
MentalBERT,141cj66,539,75,2084,than,than,False,loneliness,-0.006584216142073274,0.006584216142073274,0.6294304728507996,0.6271837949752808,0.35,0,1,600,FP32-token-IDs
MentalBERT,141cj66,539,75,2084,than,than,False,sadness,-0.0035732012474909425,0.0035732012474909425,0.4494190216064453,0.38843607902526855,0.35,0,1,600,FP32-token-IDs
MentalBERT,141cj66,539,75,2084,than,than,False,suicide intent,-0.0006085871355026029,0.0006085871355026029,0.0790741816163063,0.020826537162065506,0.35,0,0,600,FP32-token-IDs
MentalBERT,141cj66,539,75,2084,than,than,False,worthlessness,-0.008541105082258582,0.008541105082258582,0.5067859888076782,0.37172651290893555,0.35,1,1,600,FP32-token-IDs
MentalBERT,141cj66,539,76,2033,me,me,False,anger,-0.0022936645891604712,0.0022936645891604712,0.3234289884567261,0.004674145486205816,0.35,0,0,600,FP32-token-IDs
MentalBERT,141cj66,539,76,2033,me,me,False,brain dysfunction (forget),-0.006497641326859593,0.006497641326859593,0.23197773098945618,0.16371269524097443,0.35,0,0,600,FP32-token-IDs
MentalBERT,141cj66,539,76,2033,me,me,False,emptiness,-0.0057246441137976944,0.0057246441137976944,0.2675025165081024,0.786212682723999,0.35,0,1,600,FP32-token-IDs
MentalBERT,141cj66,539,76,2033,me,me,False,hopelessness,-0.00449760165065527,0.00449760165065527,0.4815284013748169,0.6615225076675415,0.35,1,1,600,FP32-token-IDs
MentalBERT,141cj66,539,76,2033,me,me,False,loneliness,-0.006584216142073274,0.006584216142073274,0.6294304728507996,0.6271837949752808,0.35,0,1,600,FP32-token-IDs
MentalBERT,141cj66,539,76,2033,me,me,False,sadness,-0.0035732012474909425,0.0035732012474909425,0.4494190216064453,0.38843607902526855,0.35,0,1,600,FP32-token-IDs
MentalBERT,141cj66,539,76,2033,me,me,False,suicide intent,-0.0006085871355026029,0.0006085871355026029,0.0790741816163063,0.020826537162065506,0.35,0,0,600,FP32-token-IDs
MentalBERT,141cj66,539,76,2033,me,me,False,worthlessness,-0.008541105082258582,0.008541105082258582,0.5067859888076782,0.37172651290893555,0.35,1,1,600,FP32-token-IDs
MentalBERT,141cj66,539,77,1012,.,.,False,anger,-0.0022936645891604712,0.0022936645891604712,0.3234289884567261,0.004674145486205816,0.35,0,0,600,FP32-token-IDs
MentalBERT,141cj66,539,77,1012,.,.,False,brain dysfunction (forget),-0.006497641326859593,0.006497641326859593,0.23197773098945618,0.16371269524097443,0.35,0,0,600,FP32-token-IDs
MentalBERT,141cj66,539,77,1012,.,.,False,emptiness,-0.0057246441137976944,0.0057246441137976944,0.2675025165081024,0.786212682723999,0.35,0,1,600,FP32-token-IDs
MentalBERT,141cj66,539,77,1012,.,.,False,hopelessness,-0.00449760165065527,0.00449760165065527,0.4815284013748169,0.6615225076675415,0.35,1,1,600,FP32-token-IDs
MentalBERT,141cj66,539,77,1012,.,.,False,loneliness,-0.006584216142073274,0.006584216142073274,0.6294304728507996,0.6271837949752808,0.35,0,1,600,FP32-token-IDs
MentalBERT,141cj66,539,77,1012,.,.,False,sadness,-0.0035732012474909425,0.0035732012474909425,0.4494190216064453,0.38843607902526855,0.35,0,1,600,FP32-token-IDs
MentalBERT,141cj66,539,77,1012,.,.,False,suicide intent,-0.0006085871355026029,0.0006085871355026029,0.0790741816163063,0.020826537162065506,0.35,0,0,600,FP32-token-IDs
MentalBERT,141cj66,539,77,1012,.,.,False,worthlessness,-0.008541105082258582,0.008541105082258582,0.5067859888076782,0.37172651290893555,0.35,1,1,600,FP32-token-IDs
MentalBERT,141cj66,539,78,2026,my,my,False,anger,-0.007833006742657744,0.007833006742657744,0.3234289884567261,0.004674145486205816,0.35,0,0,600,FP32-token-IDs
MentalBERT,141cj66,539,78,2026,my,my,False,brain dysfunction (forget),-0.003507720772176981,0.003507720772176981,0.23197773098945618,0.16371269524097443,0.35,0,0,600,FP32-token-IDs
MentalBERT,141cj66,539,78,2026,my,my,False,emptiness,-0.00307332567172125,0.00307332567172125,0.2675025165081024,0.786212682723999,0.35,0,1,600,FP32-token-IDs
MentalBERT,141cj66,539,78,2026,my,my,False,hopelessness,-0.006039063213393092,0.006039063213393092,0.4815284013748169,0.6615225076675415,0.35,1,1,600,FP32-token-IDs
MentalBERT,141cj66,539,78,2026,my,my,False,loneliness,-0.0030373099725693464,0.0030373099725693464,0.6294304728507996,0.6271837949752808,0.35,0,1,600,FP32-token-IDs
MentalBERT,141cj66,539,78,2026,my,my,False,sadness,-0.006488384562544525,0.006488384562544525,0.4494190216064453,0.38843607902526855,0.35,0,1,600,FP32-token-IDs
MentalBERT,141cj66,539,78,2026,my,my,False,suicide intent,-0.0023293515187106095,0.0023293515187106095,0.0790741816163063,0.020826537162065506,0.35,0,0,600,FP32-token-IDs
MentalBERT,141cj66,539,78,2026,my,my,False,worthlessness,-0.011766973417252302,0.011766973417252302,0.5067859888076782,0.37172651290893555,0.35,1,1,600,FP32-token-IDs
MentalBERT,141cj66,539,79,9185,reflection,reflection,False,anger,-0.007833006742657744,0.007833006742657744,0.3234289884567261,0.004674145486205816,0.35,0,0,600,FP32-token-IDs
MentalBERT,141cj66,539,79,9185,reflection,reflection,False,brain dysfunction (forget),-0.003507720772176981,0.003507720772176981,0.23197773098945618,0.16371269524097443,0.35,0,0,600,FP32-token-IDs
MentalBERT,141cj66,539,79,9185,reflection,reflection,False,emptiness,-0.00307332567172125,0.00307332567172125,0.2675025165081024,0.786212682723999,0.35,0,1,600,FP32-token-IDs
MentalBERT,141cj66,539,79,9185,reflection,reflection,False,hopelessness,-0.006039063213393092,0.006039063213393092,0.4815284013748169,0.6615225076675415,0.35,1,1,600,FP32-token-IDs
MentalBERT,141cj66,539,79,9185,reflection,reflection,False,loneliness,-0.0030373099725693464,0.0030373099725693464,0.6294304728507996,0.6271837949752808,0.35,0,1,600,FP32-token-IDs
MentalBERT,141cj66,539,79,9185,reflection,reflection,False,sadness,-0.006488384562544525,0.006488384562544525,0.4494190216064453,0.38843607902526855,0.35,0,1,600,FP32-token-IDs
MentalBERT,141cj66,539,79,9185,reflection,reflection,False,suicide intent,-0.0023293515187106095,0.0023293515187106095,0.0790741816163063,0.020826537162065506,0.35,0,0,600,FP32-token-IDs
MentalBERT,141cj66,539,79,9185,reflection,reflection,False,worthlessness,-0.011766973417252302,0.011766973417252302,0.5067859888076782,0.37172651290893555,0.35,1,1,600,FP32-token-IDs
MentalBERT,141cj66,539,80,5683,feels,feels,False,anger,-0.008070202145972871,0.008070202145972871,0.3234289884567261,0.004674145486205816,0.35,0,0,600,FP32-token-IDs
MentalBERT,141cj66,539,80,5683,feels,feels,False,brain dysfunction (forget),-0.003989766351878643,0.003989766351878643,0.23197773098945618,0.16371269524097443,0.35,0,0,600,FP32-token-IDs
MentalBERT,141cj66,539,80,5683,feels,feels,False,emptiness,-0.0037636387278325856,0.0037636387278325856,0.2675025165081024,0.786212682723999,0.35,0,1,600,FP32-token-IDs
MentalBERT,141cj66,539,80,5683,feels,feels,False,hopelessness,-0.006309303687885404,0.006309303687885404,0.4815284013748169,0.6615225076675415,0.35,1,1,600,FP32-token-IDs
MentalBERT,141cj66,539,80,5683,feels,feels,False,loneliness,-0.003387612057849765,0.003387612057849765,0.6294304728507996,0.6271837949752808,0.35,0,1,600,FP32-token-IDs
MentalBERT,141cj66,539,80,5683,feels,feels,False,sadness,-0.007022024947218597,0.007022024947218597,0.4494190216064453,0.38843607902526855,0.35,0,1,600,FP32-token-IDs
MentalBERT,141cj66,539,80,5683,feels,feels,False,suicide intent,-0.002456974259985145,0.002456974259985145,0.0790741816163063,0.020826537162065506,0.35,0,0,600,FP32-token-IDs
MentalBERT,141cj66,539,80,5683,feels,feels,False,worthlessness,-0.01228744676336646,0.01228744676336646,0.5067859888076782,0.37172651290893555,0.35,1,1,600,FP32-token-IDs
MentalBERT,141cj66,539,81,2062,more,more,False,anger,-0.008070202145972871,0.008070202145972871,0.3234289884567261,0.004674145486205816,0.35,0,0,600,FP32-token-IDs
MentalBERT,141cj66,539,81,2062,more,more,False,brain dysfunction (forget),-0.003989766351878643,0.003989766351878643,0.23197773098945618,0.16371269524097443,0.35,0,0,600,FP32-token-IDs
MentalBERT,141cj66,539,81,2062,more,more,False,emptiness,-0.0037636387278325856,0.0037636387278325856,0.2675025165081024,0.786212682723999,0.35,0,1,600,FP32-token-IDs
MentalBERT,141cj66,539,81,2062,more,more,False,hopelessness,-0.006309303687885404,0.006309303687885404,0.4815284013748169,0.6615225076675415,0.35,1,1,600,FP32-token-IDs
MentalBERT,141cj66,539,81,2062,more,more,False,loneliness,-0.003387612057849765,0.003387612057849765,0.6294304728507996,0.6271837949752808,0.35,0,1,600,FP32-token-IDs
MentalBERT,141cj66,539,81,2062,more,more,False,sadness,-0.007022024947218597,0.007022024947218597,0.4494190216064453,0.38843607902526855,0.35,0,1,600,FP32-token-IDs
MentalBERT,141cj66,539,81,2062,more,more,False,suicide intent,-0.002456974259985145,0.002456974259985145,0.0790741816163063,0.020826537162065506,0.35,0,0,600,FP32-token-IDs
MentalBERT,141cj66,539,81,2062,more,more,False,worthlessness,-0.01228744676336646,0.01228744676336646,0.5067859888076782,0.37172651290893555,0.35,1,1,600,FP32-token-IDs
MentalBERT,141cj66,539,82,2613,real,real,False,anger,-0.0031244067449733848,0.0031244067449733848,0.3234289884567261,0.004674145486205816,0.35,0,0,600,FP32-token-IDs
MentalBERT,141cj66,539,82,2613,real,real,False,brain dysfunction (forget),-0.004616021178662777,0.004616021178662777,0.23197773098945618,0.16371269524097443,0.35,0,0,600,FP32-token-IDs
MentalBERT,141cj66,539,82,2613,real,real,False,emptiness,-0.0036735213943757117,0.0036735213943757117,0.2675025165081024,0.786212682723999,0.35,0,1,600,FP32-token-IDs
MentalBERT,141cj66,539,82,2613,real,real,False,hopelessness,-0.006108145695179701,0.006108145695179701,0.4815284013748169,0.6615225076675415,0.35,1,1,600,FP32-token-IDs
MentalBERT,141cj66,539,82,2613,real,real,False,loneliness,-0.0031352366786450148,0.0031352366786450148,0.6294304728507996,0.6271837949752808,0.35,0,1,600,FP32-token-IDs
MentalBERT,141cj66,539,82,2613,real,real,False,sadness,-0.005444809212349355,0.005444809212349355,0.4494190216064453,0.38843607902526855,0.35,0,1,600,FP32-token-IDs
MentalBERT,141cj66,539,82,2613,real,real,False,suicide intent,-0.001123778369219508,0.001123778369219508,0.0790741816163063,0.020826537162065506,0.35,0,0,600,FP32-token-IDs
MentalBERT,141cj66,539,82,2613,real,real,False,worthlessness,-0.01051514083519578,0.01051514083519578,0.5067859888076782,0.37172651290893555,0.35,1,1,600,FP32-token-IDs
MentalBERT,141cj66,539,83,2084,than,than,False,anger,-0.0031244067449733848,0.0031244067449733848,0.3234289884567261,0.004674145486205816,0.35,0,0,600,FP32-token-IDs
MentalBERT,141cj66,539,83,2084,than,than,False,brain dysfunction (forget),-0.004616021178662777,0.004616021178662777,0.23197773098945618,0.16371269524097443,0.35,0,0,600,FP32-token-IDs
MentalBERT,141cj66,539,83,2084,than,than,False,emptiness,-0.0036735213943757117,0.0036735213943757117,0.2675025165081024,0.786212682723999,0.35,0,1,600,FP32-token-IDs
MentalBERT,141cj66,539,83,2084,than,than,False,hopelessness,-0.006108145695179701,0.006108145695179701,0.4815284013748169,0.6615225076675415,0.35,1,1,600,FP32-token-IDs
MentalBERT,141cj66,539,83,2084,than,than,False,loneliness,-0.0031352366786450148,0.0031352366786450148,0.6294304728507996,0.6271837949752808,0.35,0,1,600,FP32-token-IDs
MentalBERT,141cj66,539,83,2084,than,than,False,sadness,-0.005444809212349355,0.005444809212349355,0.4494190216064453,0.38843607902526855,0.35,0,1,600,FP32-token-IDs
MentalBERT,141cj66,539,83,2084,than,than,False,suicide intent,-0.001123778369219508,0.001123778369219508,0.0790741816163063,0.020826537162065506,0.35,0,0,600,FP32-token-IDs
MentalBERT,141cj66,539,83,2084,than,than,False,worthlessness,-0.01051514083519578,0.01051514083519578,0.5067859888076782,0.37172651290893555,0.35,1,1,600,FP32-token-IDs
MentalBERT,141cj66,539,84,2033,me,me,False,anger,-0.0031244067449733848,0.0031244067449733848,0.3234289884567261,0.004674145486205816,0.35,0,0,600,FP32-token-IDs
MentalBERT,141cj66,539,84,2033,me,me,False,brain dysfunction (forget),-0.004616021178662777,0.004616021178662777,0.23197773098945618,0.16371269524097443,0.35,0,0,600,FP32-token-IDs
MentalBERT,141cj66,539,84,2033,me,me,False,emptiness,-0.0036735213943757117,0.0036735213943757117,0.2675025165081024,0.786212682723999,0.35,0,1,600,FP32-token-IDs
MentalBERT,141cj66,539,84,2033,me,me,False,hopelessness,-0.006108145695179701,0.006108145695179701,0.4815284013748169,0.6615225076675415,0.35,1,1,600,FP32-token-IDs
MentalBERT,141cj66,539,84,2033,me,me,False,loneliness,-0.0031352366786450148,0.0031352366786450148,0.6294304728507996,0.6271837949752808,0.35,0,1,600,FP32-token-IDs
MentalBERT,141cj66,539,84,2033,me,me,False,sadness,-0.005444809212349355,0.005444809212349355,0.4494190216064453,0.38843607902526855,0.35,0,1,600,FP32-token-IDs
MentalBERT,141cj66,539,84,2033,me,me,False,suicide intent,-0.001123778369219508,0.001123778369219508,0.0790741816163063,0.020826537162065506,0.35,0,0,600,FP32-token-IDs
MentalBERT,141cj66,539,84,2033,me,me,False,worthlessness,-0.01051514083519578,0.01051514083519578,0.5067859888076782,0.37172651290893555,0.35,1,1,600,FP32-token-IDs
MentalBERT,141cj66,539,85,1012,.,.,False,anger,-0.0031244067449733848,0.0031244067449733848,0.3234289884567261,0.004674145486205816,0.35,0,0,600,FP32-token-IDs
MentalBERT,141cj66,539,85,1012,.,.,False,brain dysfunction (forget),-0.004616021178662777,0.004616021178662777,0.23197773098945618,0.16371269524097443,0.35,0,0,600,FP32-token-IDs
MentalBERT,141cj66,539,85,1012,.,.,False,emptiness,-0.0036735213943757117,0.0036735213943757117,0.2675025165081024,0.786212682723999,0.35,0,1,600,FP32-token-IDs
MentalBERT,141cj66,539,85,1012,.,.,False,hopelessness,-0.006108145695179701,0.006108145695179701,0.4815284013748169,0.6615225076675415,0.35,1,1,600,FP32-token-IDs
MentalBERT,141cj66,539,85,1012,.,.,False,loneliness,-0.0031352366786450148,0.0031352366786450148,0.6294304728507996,0.6271837949752808,0.35,0,1,600,FP32-token-IDs
MentalBERT,141cj66,539,85,1012,.,.,False,sadness,-0.005444809212349355,0.005444809212349355,0.4494190216064453,0.38843607902526855,0.35,0,1,600,FP32-token-IDs
MentalBERT,141cj66,539,85,1012,.,.,False,suicide intent,-0.001123778369219508,0.001123778369219508,0.0790741816163063,0.020826537162065506,0.35,0,0,600,FP32-token-IDs
MentalBERT,141cj66,539,85,1012,.,.,False,worthlessness,-0.01051514083519578,0.01051514083519578,0.5067859888076782,0.37172651290893555,0.35,1,1,600,FP32-token-IDs
MentalBERT,141cj66,539,86,2026,my,my,False,anger,-0.016864830857230118,0.016864830857230118,0.3234289884567261,0.004674145486205816,0.35,0,0,600,FP32-token-IDs
MentalBERT,141cj66,539,86,2026,my,my,False,brain dysfunction (forget),-0.002864934387616813,0.002864934387616813,0.23197773098945618,0.16371269524097443,0.35,0,0,600,FP32-token-IDs
MentalBERT,141cj66,539,86,2026,my,my,False,emptiness,-0.004427087143994868,0.004427087143994868,0.2675025165081024,0.786212682723999,0.35,0,1,600,FP32-token-IDs
MentalBERT,141cj66,539,86,2026,my,my,False,hopelessness,-0.009803059976547956,0.009803059976547956,0.4815284013748169,0.6615225076675415,0.35,1,1,600,FP32-token-IDs
MentalBERT,141cj66,539,86,2026,my,my,False,loneliness,-0.0030496669933199883,0.0030496669933199883,0.6294304728507996,0.6271837949752808,0.35,0,1,600,FP32-token-IDs
MentalBERT,141cj66,539,86,2026,my,my,False,sadness,-0.012541242176666856,0.012541242176666856,0.4494190216064453,0.38843607902526855,0.35,0,1,600,FP32-token-IDs
MentalBERT,141cj66,539,86,2026,my,my,False,suicide intent,-0.003218318393919617,0.003218318393919617,0.0790741816163063,0.020826537162065506,0.35,0,0,600,FP32-token-IDs
MentalBERT,141cj66,539,86,2026,my,my,False,worthlessness,-0.021646207431331277,0.021646207431331277,0.5067859888076782,0.37172651290893555,0.35,1,1,600,FP32-token-IDs
MentalBERT,141cj66,539,87,9185,reflection,reflection,False,anger,-0.016864830857230118,0.016864830857230118,0.3234289884567261,0.004674145486205816,0.35,0,0,600,FP32-token-IDs
MentalBERT,141cj66,539,87,9185,reflection,reflection,False,brain dysfunction (forget),-0.002864934387616813,0.002864934387616813,0.23197773098945618,0.16371269524097443,0.35,0,0,600,FP32-token-IDs
MentalBERT,141cj66,539,87,9185,reflection,reflection,False,emptiness,-0.004427087143994868,0.004427087143994868,0.2675025165081024,0.786212682723999,0.35,0,1,600,FP32-token-IDs
MentalBERT,141cj66,539,87,9185,reflection,reflection,False,hopelessness,-0.009803059976547956,0.009803059976547956,0.4815284013748169,0.6615225076675415,0.35,1,1,600,FP32-token-IDs
MentalBERT,141cj66,539,87,9185,reflection,reflection,False,loneliness,-0.0030496669933199883,0.0030496669933199883,0.6294304728507996,0.6271837949752808,0.35,0,1,600,FP32-token-IDs
MentalBERT,141cj66,539,87,9185,reflection,reflection,False,sadness,-0.012541242176666856,0.012541242176666856,0.4494190216064453,0.38843607902526855,0.35,0,1,600,FP32-token-IDs
MentalBERT,141cj66,539,87,9185,reflection,reflection,False,suicide intent,-0.003218318393919617,0.003218318393919617,0.0790741816163063,0.020826537162065506,0.35,0,0,600,FP32-token-IDs
MentalBERT,141cj66,539,87,9185,reflection,reflection,False,worthlessness,-0.021646207431331277,0.021646207431331277,0.5067859888076782,0.37172651290893555,0.35,1,1,600,FP32-token-IDs
MentalBERT,141cj66,539,88,2003,is,is,False,anger,-0.007283562790689757,0.007283562790689757,0.3234289884567261,0.004674145486205816,0.35,0,0,600,FP32-token-IDs
MentalBERT,141cj66,539,88,2003,is,is,False,brain dysfunction (forget),-0.004737594514153898,0.004737594514153898,0.23197773098945618,0.16371269524097443,0.35,0,0,600,FP32-token-IDs
MentalBERT,141cj66,539,88,2003,is,is,False,emptiness,-0.01368420256767422,0.01368420256767422,0.2675025165081024,0.786212682723999,0.35,0,1,600,FP32-token-IDs
MentalBERT,141cj66,539,88,2003,is,is,False,hopelessness,-0.014373516198247671,0.014373516198247671,0.4815284013748169,0.6615225076675415,0.35,1,1,600,FP32-token-IDs
MentalBERT,141cj66,539,88,2003,is,is,False,loneliness,-0.007984860334545374,0.007984860334545374,0.6294304728507996,0.6271837949752808,0.35,0,1,600,FP32-token-IDs
MentalBERT,141cj66,539,88,2003,is,is,False,sadness,-0.015288247028365731,0.015288247028365731,0.4494190216064453,0.38843607902526855,0.35,0,1,600,FP32-token-IDs
MentalBERT,141cj66,539,88,2003,is,is,False,suicide intent,-0.0019612100441008806,0.0019612100441008806,0.0790741816163063,0.020826537162065506,0.35,0,0,600,FP32-token-IDs
MentalBERT,141cj66,539,88,2003,is,is,False,worthlessness,-0.024859815137460828,0.024859815137460828,0.5067859888076782,0.37172651290893555,0.35,1,1,600,FP32-token-IDs
MentalBERT,141cj66,539,89,2763,probably,probably,False,anger,-0.007283562790689757,0.007283562790689757,0.3234289884567261,0.004674145486205816,0.35,0,0,600,FP32-token-IDs
MentalBERT,141cj66,539,89,2763,probably,probably,False,brain dysfunction (forget),-0.004737594514153898,0.004737594514153898,0.23197773098945618,0.16371269524097443,0.35,0,0,600,FP32-token-IDs
MentalBERT,141cj66,539,89,2763,probably,probably,False,emptiness,-0.01368420256767422,0.01368420256767422,0.2675025165081024,0.786212682723999,0.35,0,1,600,FP32-token-IDs
MentalBERT,141cj66,539,89,2763,probably,probably,False,hopelessness,-0.014373516198247671,0.014373516198247671,0.4815284013748169,0.6615225076675415,0.35,1,1,600,FP32-token-IDs
MentalBERT,141cj66,539,89,2763,probably,probably,False,loneliness,-0.007984860334545374,0.007984860334545374,0.6294304728507996,0.6271837949752808,0.35,0,1,600,FP32-token-IDs
MentalBERT,141cj66,539,89,2763,probably,probably,False,sadness,-0.015288247028365731,0.015288247028365731,0.4494190216064453,0.38843607902526855,0.35,0,1,600,FP32-token-IDs
MentalBERT,141cj66,539,89,2763,probably,probably,False,suicide intent,-0.0019612100441008806,0.0019612100441008806,0.0790741816163063,0.020826537162065506,0.35,0,0,600,FP32-token-IDs
MentalBERT,141cj66,539,89,2763,probably,probably,False,worthlessness,-0.024859815137460828,0.024859815137460828,0.5067859888076782,0.37172651290893555,0.35,1,1,600,FP32-token-IDs
MentalBERT,141cj66,539,90,2488,better,better,False,anger,-0.0004195733915063708,0.0004195733915063708,0.3234289884567261,0.004674145486205816,0.35,0,0,600,FP32-token-IDs
MentalBERT,141cj66,539,90,2488,better,better,False,brain dysfunction (forget),-0.014163273270241916,0.014163273270241916,0.23197773098945618,0.16371269524097443,0.35,0,0,600,FP32-token-IDs
MentalBERT,141cj66,539,90,2488,better,better,False,emptiness,-0.012050047322797278,0.012050047322797278,0.2675025165081024,0.786212682723999,0.35,0,1,600,FP32-token-IDs
MentalBERT,141cj66,539,90,2488,better,better,False,hopelessness,-0.013057090497265259,0.013057090497265259,0.4815284013748169,0.6615225076675415,0.35,1,1,600,FP32-token-IDs
MentalBERT,141cj66,539,90,2488,better,better,False,loneliness,-0.007964525604620576,0.007964525604620576,0.6294304728507996,0.6271837949752808,0.35,0,1,600,FP32-token-IDs
MentalBERT,141cj66,539,90,2488,better,better,False,sadness,-0.012200261388594905,0.012200261388594905,0.4494190216064453,0.38843607902526855,0.35,0,1,600,FP32-token-IDs
MentalBERT,141cj66,539,90,2488,better,better,False,suicide intent,-0.005821007944177836,0.005821007944177836,0.0790741816163063,0.020826537162065506,0.35,0,0,600,FP32-token-IDs
MentalBERT,141cj66,539,90,2488,better,better,False,worthlessness,-0.01366713495614628,0.01366713495614628,0.5067859888076782,0.37172651290893555,0.35,1,1,600,FP32-token-IDs
MentalBERT,141cj66,539,91,2084,than,than,False,anger,-0.0004195733915063708,0.0004195733915063708,0.3234289884567261,0.004674145486205816,0.35,0,0,600,FP32-token-IDs
MentalBERT,141cj66,539,91,2084,than,than,False,brain dysfunction (forget),-0.014163273270241916,0.014163273270241916,0.23197773098945618,0.16371269524097443,0.35,0,0,600,FP32-token-IDs
MentalBERT,141cj66,539,91,2084,than,than,False,emptiness,-0.012050047322797278,0.012050047322797278,0.2675025165081024,0.786212682723999,0.35,0,1,600,FP32-token-IDs
MentalBERT,141cj66,539,91,2084,than,than,False,hopelessness,-0.013057090497265259,0.013057090497265259,0.4815284013748169,0.6615225076675415,0.35,1,1,600,FP32-token-IDs
MentalBERT,141cj66,539,91,2084,than,than,False,loneliness,-0.007964525604620576,0.007964525604620576,0.6294304728507996,0.6271837949752808,0.35,0,1,600,FP32-token-IDs
MentalBERT,141cj66,539,91,2084,than,than,False,sadness,-0.012200261388594905,0.012200261388594905,0.4494190216064453,0.38843607902526855,0.35,0,1,600,FP32-token-IDs
MentalBERT,141cj66,539,91,2084,than,than,False,suicide intent,-0.005821007944177836,0.005821007944177836,0.0790741816163063,0.020826537162065506,0.35,0,0,600,FP32-token-IDs
MentalBERT,141cj66,539,91,2084,than,than,False,worthlessness,-0.01366713495614628,0.01366713495614628,0.5067859888076782,0.37172651290893555,0.35,1,1,600,FP32-token-IDs
MentalBERT,141cj66,539,92,2033,me,me,False,anger,-0.0004195733915063708,0.0004195733915063708,0.3234289884567261,0.004674145486205816,0.35,0,0,600,FP32-token-IDs
MentalBERT,141cj66,539,92,2033,me,me,False,brain dysfunction (forget),-0.014163273270241916,0.014163273270241916,0.23197773098945618,0.16371269524097443,0.35,0,0,600,FP32-token-IDs
MentalBERT,141cj66,539,92,2033,me,me,False,emptiness,-0.012050047322797278,0.012050047322797278,0.2675025165081024,0.786212682723999,0.35,0,1,600,FP32-token-IDs
MentalBERT,141cj66,539,92,2033,me,me,False,hopelessness,-0.013057090497265259,0.013057090497265259,0.4815284013748169,0.6615225076675415,0.35,1,1,600,FP32-token-IDs
MentalBERT,141cj66,539,92,2033,me,me,False,loneliness,-0.007964525604620576,0.007964525604620576,0.6294304728507996,0.6271837949752808,0.35,0,1,600,FP32-token-IDs
MentalBERT,141cj66,539,92,2033,me,me,False,sadness,-0.012200261388594905,0.012200261388594905,0.4494190216064453,0.38843607902526855,0.35,0,1,600,FP32-token-IDs
MentalBERT,141cj66,539,92,2033,me,me,False,suicide intent,-0.005821007944177836,0.005821007944177836,0.0790741816163063,0.020826537162065506,0.35,0,0,600,FP32-token-IDs
MentalBERT,141cj66,539,92,2033,me,me,False,worthlessness,-0.01366713495614628,0.01366713495614628,0.5067859888076782,0.37172651290893555,0.35,1,1,600,FP32-token-IDs
MentalBERT,141cj66,539,93,1012,.,.,False,anger,-0.00023874066027929075,0.00023874066027929075,0.3234289884567261,0.004674145486205816,0.35,0,0,600,FP32-token-IDs
MentalBERT,141cj66,539,93,1012,.,.,False,brain dysfunction (forget),-0.012749227578751743,0.012749227578751743,0.23197773098945618,0.16371269524097443,0.35,0,0,600,FP32-token-IDs
MentalBERT,141cj66,539,93,1012,.,.,False,emptiness,-0.010228377883322537,0.010228377883322537,0.2675025165081024,0.786212682723999,0.35,0,1,600,FP32-token-IDs
MentalBERT,141cj66,539,93,1012,.,.,False,hopelessness,-0.01290644844993949,0.01290644844993949,0.4815284013748169,0.6615225076675415,0.35,1,1,600,FP32-token-IDs
MentalBERT,141cj66,539,93,1012,.,.,False,loneliness,-0.006869713077321649,0.006869713077321649,0.6294304728507996,0.6271837949752808,0.35,0,1,600,FP32-token-IDs
MentalBERT,141cj66,539,93,1012,.,.,False,sadness,-0.01185926073230803,0.01185926073230803,0.4494190216064453,0.38843607902526855,0.35,0,1,600,FP32-token-IDs
MentalBERT,141cj66,539,93,1012,.,.,False,suicide intent,-0.004735593392979354,0.004735593392979354,0.0790741816163063,0.020826537162065506,0.35,0,0,600,FP32-token-IDs
MentalBERT,141cj66,539,93,1012,.,.,False,worthlessness,-0.013658512150868773,0.013658512150868773,0.5067859888076782,0.37172651290893555,0.35,1,1,600,FP32-token-IDs
MentalBERT,141cj66,539,94,2087,most,most,False,anger,0.0038754428333049873,0.0038754428333049873,0.3234289884567261,0.004674145486205816,0.35,0,0,600,FP32-token-IDs
MentalBERT,141cj66,539,94,2087,most,most,False,brain dysfunction (forget),0.022129973192932084,0.022129973192932084,0.23197773098945618,0.16371269524097443,0.35,0,0,600,FP32-token-IDs
MentalBERT,141cj66,539,94,2087,most,most,False,emptiness,-0.0020201384904794395,0.0020201384904794395,0.2675025165081024,0.786212682723999,0.35,0,1,600,FP32-token-IDs
MentalBERT,141cj66,539,94,2087,most,most,False,hopelessness,0.038605970214121044,0.038605970214121044,0.4815284013748169,0.6615225076675415,0.35,1,1,600,FP32-token-IDs
MentalBERT,141cj66,539,94,2087,most,most,False,loneliness,-0.04036232433281839,0.04036232433281839,0.6294304728507996,0.6271837949752808,0.35,0,1,600,FP32-token-IDs
MentalBERT,141cj66,539,94,2087,most,most,False,sadness,0.029171089990995824,0.029171089990995824,0.4494190216064453,0.38843607902526855,0.35,0,1,600,FP32-token-IDs
MentalBERT,141cj66,539,94,2087,most,most,False,suicide intent,0.007142707952880301,0.007142707952880301,0.0790741816163063,0.020826537162065506,0.35,0,0,600,FP32-token-IDs
MentalBERT,141cj66,539,94,2087,most,most,False,worthlessness,0.04443612476461567,0.04443612476461567,0.5067859888076782,0.37172651290893555,0.35,1,1,600,FP32-token-IDs
MentalBERT,141cj66,539,95,7570,ho,ho,False,anger,0.004915343524165412,0.004915343524165412,0.3234289884567261,0.004674145486205816,0.35,0,0,600,FP32-token-IDs
MentalBERT,141cj66,539,95,7570,ho,ho,False,brain dysfunction (forget),0.029494156702033553,0.029494156702033553,0.23197773098945618,0.16371269524097443,0.35,0,0,600,FP32-token-IDs
MentalBERT,141cj66,539,95,7570,ho,ho,False,emptiness,-0.0008899537885251144,0.0008899537885251144,0.2675025165081024,0.786212682723999,0.35,0,1,600,FP32-token-IDs
MentalBERT,141cj66,539,95,7570,ho,ho,False,hopelessness,0.061488133816358946,0.061488133816358946,0.4815284013748169,0.6615225076675415,0.35,1,1,600,FP32-token-IDs
MentalBERT,141cj66,539,95,7570,ho,ho,False,loneliness,-0.05212618294171989,0.05212618294171989,0.6294304728507996,0.6271837949752808,0.35,0,1,600,FP32-token-IDs
MentalBERT,141cj66,539,95,7570,ho,ho,False,sadness,0.04674061748664826,0.04674061748664826,0.4494190216064453,0.38843607902526855,0.35,0,1,600,FP32-token-IDs
MentalBERT,141cj66,539,95,7570,ho,ho,False,suicide intent,0.008963397330565689,0.008963397330565689,0.0790741816163063,0.020826537162065506,0.35,0,0,600,FP32-token-IDs
MentalBERT,141cj66,539,95,7570,ho,ho,False,worthlessness,0.060393027835137524,0.060393027835137524,0.5067859888076782,0.37172651290893555,0.35,1,1,600,FP32-token-IDs
MentalBERT,141cj66,539,96,18752,##rri,rri,False,anger,0.004915343524165412,0.004915343524165412,0.3234289884567261,0.004674145486205816,0.35,0,0,600,FP32-token-IDs
MentalBERT,141cj66,539,96,18752,##rri,rri,False,brain dysfunction (forget),0.029494156702033553,0.029494156702033553,0.23197773098945618,0.16371269524097443,0.35,0,0,600,FP32-token-IDs
MentalBERT,141cj66,539,96,18752,##rri,rri,False,emptiness,-0.0008899537885251144,0.0008899537885251144,0.2675025165081024,0.786212682723999,0.35,0,1,600,FP32-token-IDs
MentalBERT,141cj66,539,96,18752,##rri,rri,False,hopelessness,0.061488133816358946,0.061488133816358946,0.4815284013748169,0.6615225076675415,0.35,1,1,600,FP32-token-IDs
MentalBERT,141cj66,539,96,18752,##rri,rri,False,loneliness,-0.05212618294171989,0.05212618294171989,0.6294304728507996,0.6271837949752808,0.35,0,1,600,FP32-token-IDs
MentalBERT,141cj66,539,96,18752,##rri,rri,False,sadness,0.04674061748664826,0.04674061748664826,0.4494190216064453,0.38843607902526855,0.35,0,1,600,FP32-token-IDs
MentalBERT,141cj66,539,96,18752,##rri,rri,False,suicide intent,0.008963397330565689,0.008963397330565689,0.0790741816163063,0.020826537162065506,0.35,0,0,600,FP32-token-IDs
MentalBERT,141cj66,539,96,18752,##rri,rri,False,worthlessness,0.060393027835137524,0.060393027835137524,0.5067859888076782,0.37172651290893555,0.35,1,1,600,FP32-token-IDs
MentalBERT,141cj66,539,97,14116,##fying,fying,False,anger,0.004915343524165412,0.004915343524165412,0.3234289884567261,0.004674145486205816,0.35,0,0,600,FP32-token-IDs
MentalBERT,141cj66,539,97,14116,##fying,fying,False,brain dysfunction (forget),0.029494156702033553,0.029494156702033553,0.23197773098945618,0.16371269524097443,0.35,0,0,600,FP32-token-IDs
MentalBERT,141cj66,539,97,14116,##fying,fying,False,emptiness,-0.0008899537885251144,0.0008899537885251144,0.2675025165081024,0.786212682723999,0.35,0,1,600,FP32-token-IDs
MentalBERT,141cj66,539,97,14116,##fying,fying,False,hopelessness,0.061488133816358946,0.061488133816358946,0.4815284013748169,0.6615225076675415,0.35,1,1,600,FP32-token-IDs
MentalBERT,141cj66,539,97,14116,##fying,fying,False,loneliness,-0.05212618294171989,0.05212618294171989,0.6294304728507996,0.6271837949752808,0.35,0,1,600,FP32-token-IDs
MentalBERT,141cj66,539,97,14116,##fying,fying,False,sadness,0.04674061748664826,0.04674061748664826,0.4494190216064453,0.38843607902526855,0.35,0,1,600,FP32-token-IDs
MentalBERT,141cj66,539,97,14116,##fying,fying,False,suicide intent,0.008963397330565689,0.008963397330565689,0.0790741816163063,0.020826537162065506,0.35,0,0,600,FP32-token-IDs
MentalBERT,141cj66,539,97,14116,##fying,fying,False,worthlessness,0.060393027835137524,0.060393027835137524,0.5067859888076782,0.37172651290893555,0.35,1,1,600,FP32-token-IDs
MentalBERT,141cj66,539,98,2112,part,part,False,anger,0.000618050084085553,0.000618050084085553,0.3234289884567261,0.004674145486205816,0.35,0,0,600,FP32-token-IDs
MentalBERT,141cj66,539,98,2112,part,part,False,brain dysfunction (forget),-0.0031490424007643014,0.0031490424007643014,0.23197773098945618,0.16371269524097443,0.35,0,0,600,FP32-token-IDs
MentalBERT,141cj66,539,98,2112,part,part,False,emptiness,-0.005174160818569362,0.005174160818569362,0.2675025165081024,0.786212682723999,0.35,0,1,600,FP32-token-IDs
MentalBERT,141cj66,539,98,2112,part,part,False,hopelessness,0.006664840097073466,0.006664840097073466,0.4815284013748169,0.6615225076675415,0.35,1,1,600,FP32-token-IDs
MentalBERT,141cj66,539,98,2112,part,part,False,loneliness,-0.01690237456932664,0.01690237456932664,0.6294304728507996,0.6271837949752808,0.35,0,1,600,FP32-token-IDs
MentalBERT,141cj66,539,98,2112,part,part,False,sadness,0.0084714584518224,0.0084714584518224,0.4494190216064453,0.38843607902526855,0.35,0,1,600,FP32-token-IDs
MentalBERT,141cj66,539,98,2112,part,part,False,suicide intent,-0.0009273720497731119,0.0009273720497731119,0.0790741816163063,0.020826537162065506,0.35,0,0,600,FP32-token-IDs
MentalBERT,141cj66,539,98,2112,part,part,False,worthlessness,0.012887662625871599,0.012887662625871599,0.5067859888076782,0.37172651290893555,0.35,1,1,600,FP32-token-IDs
MentalBERT,141cj66,539,99,2003,is,is,False,anger,0.000618050084085553,0.000618050084085553,0.3234289884567261,0.004674145486205816,0.35,0,0,600,FP32-token-IDs
MentalBERT,141cj66,539,99,2003,is,is,False,brain dysfunction (forget),-0.0031490424007643014,0.0031490424007643014,0.23197773098945618,0.16371269524097443,0.35,0,0,600,FP32-token-IDs
MentalBERT,141cj66,539,99,2003,is,is,False,emptiness,-0.005174160818569362,0.005174160818569362,0.2675025165081024,0.786212682723999,0.35,0,1,600,FP32-token-IDs
MentalBERT,141cj66,539,99,2003,is,is,False,hopelessness,0.006664840097073466,0.006664840097073466,0.4815284013748169,0.6615225076675415,0.35,1,1,600,FP32-token-IDs
MentalBERT,141cj66,539,99,2003,is,is,False,loneliness,-0.01690237456932664,0.01690237456932664,0.6294304728507996,0.6271837949752808,0.35,0,1,600,FP32-token-IDs
MentalBERT,141cj66,539,99,2003,is,is,False,sadness,0.0084714584518224,0.0084714584518224,0.4494190216064453,0.38843607902526855,0.35,0,1,600,FP32-token-IDs
MentalBERT,141cj66,539,99,2003,is,is,False,suicide intent,-0.0009273720497731119,0.0009273720497731119,0.0790741816163063,0.020826537162065506,0.35,0,0,600,FP32-token-IDs
MentalBERT,141cj66,539,99,2003,is,is,False,worthlessness,0.012887662625871599,0.012887662625871599,0.5067859888076782,0.37172651290893555,0.35,1,1,600,FP32-token-IDs
MentalBERT,141cj66,539,100,2009,it,it,False,anger,0.000618050084085553,0.000618050084085553,0.3234289884567261,0.004674145486205816,0.35,0,0,600,FP32-token-IDs
MentalBERT,141cj66,539,100,2009,it,it,False,brain dysfunction (forget),-0.0031490424007643014,0.0031490424007643014,0.23197773098945618,0.16371269524097443,0.35,0,0,600,FP32-token-IDs
MentalBERT,141cj66,539,100,2009,it,it,False,emptiness,-0.005174160818569362,0.005174160818569362,0.2675025165081024,0.786212682723999,0.35,0,1,600,FP32-token-IDs
MentalBERT,141cj66,539,100,2009,it,it,False,hopelessness,0.006664840097073466,0.006664840097073466,0.4815284013748169,0.6615225076675415,0.35,1,1,600,FP32-token-IDs
MentalBERT,141cj66,539,100,2009,it,it,False,loneliness,-0.01690237456932664,0.01690237456932664,0.6294304728507996,0.6271837949752808,0.35,0,1,600,FP32-token-IDs
MentalBERT,141cj66,539,100,2009,it,it,False,sadness,0.0084714584518224,0.0084714584518224,0.4494190216064453,0.38843607902526855,0.35,0,1,600,FP32-token-IDs
MentalBERT,141cj66,539,100,2009,it,it,False,suicide intent,-0.0009273720497731119,0.0009273720497731119,0.0790741816163063,0.020826537162065506,0.35,0,0,600,FP32-token-IDs
MentalBERT,141cj66,539,100,2009,it,it,False,worthlessness,0.012887662625871599,0.012887662625871599,0.5067859888076782,0.37172651290893555,0.35,1,1,600,FP32-token-IDs
MentalBERT,141cj66,539,101,3504,looks,looks,False,anger,0.000618050084085553,0.000618050084085553,0.3234289884567261,0.004674145486205816,0.35,0,0,600,FP32-token-IDs
MentalBERT,141cj66,539,101,3504,looks,looks,False,brain dysfunction (forget),-0.0031490424007643014,0.0031490424007643014,0.23197773098945618,0.16371269524097443,0.35,0,0,600,FP32-token-IDs
MentalBERT,141cj66,539,101,3504,looks,looks,False,emptiness,-0.005174160818569362,0.005174160818569362,0.2675025165081024,0.786212682723999,0.35,0,1,600,FP32-token-IDs
MentalBERT,141cj66,539,101,3504,looks,looks,False,hopelessness,0.006664840097073466,0.006664840097073466,0.4815284013748169,0.6615225076675415,0.35,1,1,600,FP32-token-IDs
MentalBERT,141cj66,539,101,3504,looks,looks,False,loneliness,-0.01690237456932664,0.01690237456932664,0.6294304728507996,0.6271837949752808,0.35,0,1,600,FP32-token-IDs
MentalBERT,141cj66,539,101,3504,looks,looks,False,sadness,0.0084714584518224,0.0084714584518224,0.4494190216064453,0.38843607902526855,0.35,0,1,600,FP32-token-IDs
MentalBERT,141cj66,539,101,3504,looks,looks,False,suicide intent,-0.0009273720497731119,0.0009273720497731119,0.0790741816163063,0.020826537162065506,0.35,0,0,600,FP32-token-IDs
MentalBERT,141cj66,539,101,3504,looks,looks,False,worthlessness,0.012887662625871599,0.012887662625871599,0.5067859888076782,0.37172651290893555,0.35,1,1,600,FP32-token-IDs
MentalBERT,141cj66,539,102,3495,directly,directly,False,anger,0.002776325350472083,0.002776325350472083,0.3234289884567261,0.004674145486205816,0.35,0,0,600,FP32-token-IDs
MentalBERT,141cj66,539,102,3495,directly,directly,False,brain dysfunction (forget),0.011262474853234986,0.011262474853234986,0.23197773098945618,0.16371269524097443,0.35,0,0,600,FP32-token-IDs
MentalBERT,141cj66,539,102,3495,directly,directly,False,emptiness,-0.005414520273916423,0.005414520273916423,0.2675025165081024,0.786212682723999,0.35,0,1,600,FP32-token-IDs
MentalBERT,141cj66,539,102,3495,directly,directly,False,hopelessness,-0.0028650028010209403,0.0028650028010209403,0.4815284013748169,0.6615225076675415,0.35,1,1,600,FP32-token-IDs
MentalBERT,141cj66,539,102,3495,directly,directly,False,loneliness,-0.006491939692447583,0.006491939692447583,0.6294304728507996,0.6271837949752808,0.35,0,1,600,FP32-token-IDs
MentalBERT,141cj66,539,102,3495,directly,directly,False,sadness,-0.013489384204149246,0.013489384204149246,0.4494190216064453,0.38843607902526855,0.35,0,1,600,FP32-token-IDs
MentalBERT,141cj66,539,102,3495,directly,directly,False,suicide intent,0.0011581717553781345,0.0011581717553781345,0.0790741816163063,0.020826537162065506,0.35,0,0,600,FP32-token-IDs
MentalBERT,141cj66,539,102,3495,directly,directly,False,worthlessness,-0.006378002949835111,0.006378002949835111,0.5067859888076782,0.37172651290893555,0.35,1,1,600,FP32-token-IDs
MentalBERT,141cj66,539,103,2046,into,into,False,anger,0.002776325350472083,0.002776325350472083,0.3234289884567261,0.004674145486205816,0.35,0,0,600,FP32-token-IDs
MentalBERT,141cj66,539,103,2046,into,into,False,brain dysfunction (forget),0.011262474853234986,0.011262474853234986,0.23197773098945618,0.16371269524097443,0.35,0,0,600,FP32-token-IDs
MentalBERT,141cj66,539,103,2046,into,into,False,emptiness,-0.005414520273916423,0.005414520273916423,0.2675025165081024,0.786212682723999,0.35,0,1,600,FP32-token-IDs
MentalBERT,141cj66,539,103,2046,into,into,False,hopelessness,-0.0028650028010209403,0.0028650028010209403,0.4815284013748169,0.6615225076675415,0.35,1,1,600,FP32-token-IDs
MentalBERT,141cj66,539,103,2046,into,into,False,loneliness,-0.006491939692447583,0.006491939692447583,0.6294304728507996,0.6271837949752808,0.35,0,1,600,FP32-token-IDs
MentalBERT,141cj66,539,103,2046,into,into,False,sadness,-0.013489384204149246,0.013489384204149246,0.4494190216064453,0.38843607902526855,0.35,0,1,600,FP32-token-IDs
MentalBERT,141cj66,539,103,2046,into,into,False,suicide intent,0.0011581717553781345,0.0011581717553781345,0.0790741816163063,0.020826537162065506,0.35,0,0,600,FP32-token-IDs
MentalBERT,141cj66,539,103,2046,into,into,False,worthlessness,-0.006378002949835111,0.006378002949835111,0.5067859888076782,0.37172651290893555,0.35,1,1,600,FP32-token-IDs
MentalBERT,141cj66,539,104,2033,me,me,False,anger,0.002776325350472083,0.002776325350472083,0.3234289884567261,0.004674145486205816,0.35,0,0,600,FP32-token-IDs
MentalBERT,141cj66,539,104,2033,me,me,False,brain dysfunction (forget),0.011262474853234986,0.011262474853234986,0.23197773098945618,0.16371269524097443,0.35,0,0,600,FP32-token-IDs
MentalBERT,141cj66,539,104,2033,me,me,False,emptiness,-0.005414520273916423,0.005414520273916423,0.2675025165081024,0.786212682723999,0.35,0,1,600,FP32-token-IDs
MentalBERT,141cj66,539,104,2033,me,me,False,hopelessness,-0.0028650028010209403,0.0028650028010209403,0.4815284013748169,0.6615225076675415,0.35,1,1,600,FP32-token-IDs
MentalBERT,141cj66,539,104,2033,me,me,False,loneliness,-0.006491939692447583,0.006491939692447583,0.6294304728507996,0.6271837949752808,0.35,0,1,600,FP32-token-IDs
MentalBERT,141cj66,539,104,2033,me,me,False,sadness,-0.013489384204149246,0.013489384204149246,0.4494190216064453,0.38843607902526855,0.35,0,1,600,FP32-token-IDs
MentalBERT,141cj66,539,104,2033,me,me,False,suicide intent,0.0011581717553781345,0.0011581717553781345,0.0790741816163063,0.020826537162065506,0.35,0,0,600,FP32-token-IDs
MentalBERT,141cj66,539,104,2033,me,me,False,worthlessness,-0.006378002949835111,0.006378002949835111,0.5067859888076782,0.37172651290893555,0.35,1,1,600,FP32-token-IDs
MentalBERT,141cj66,539,105,1010,",",",",False,anger,-0.0015423751319758594,0.0015423751319758594,0.3234289884567261,0.004674145486205816,0.35,0,0,600,FP32-token-IDs
MentalBERT,141cj66,539,105,1010,",",",",False,brain dysfunction (forget),0.00976970384363085,0.00976970384363085,0.23197773098945618,0.16371269524097443,0.35,0,0,600,FP32-token-IDs
MentalBERT,141cj66,539,105,1010,",",",",False,emptiness,-0.0071475113509222865,0.0071475113509222865,0.2675025165081024,0.786212682723999,0.35,0,1,600,FP32-token-IDs
MentalBERT,141cj66,539,105,1010,",",",",False,hopelessness,-0.007565049454569817,0.007565049454569817,0.4815284013748169,0.6615225076675415,0.35,1,1,600,FP32-token-IDs
MentalBERT,141cj66,539,105,1010,",",",",False,loneliness,-0.005012423265725374,0.005012423265725374,0.6294304728507996,0.6271837949752808,0.35,0,1,600,FP32-token-IDs
MentalBERT,141cj66,539,105,1010,",",",",False,sadness,-0.015273008495569229,0.015273008495569229,0.4494190216064453,0.38843607902526855,0.35,0,1,600,FP32-token-IDs
MentalBERT,141cj66,539,105,1010,",",",",False,suicide intent,0.0004865552327828482,0.0004865552327828482,0.0790741816163063,0.020826537162065506,0.35,0,0,600,FP32-token-IDs
MentalBERT,141cj66,539,105,1010,",",",",False,worthlessness,-0.011447581637185067,0.011447581637185067,0.5067859888076782,0.37172651290893555,0.35,1,1,600,FP32-token-IDs
MentalBERT,141cj66,539,106,1045,i,i,False,anger,0.00458818134793546,0.00458818134793546,0.3234289884567261,0.004674145486205816,0.35,0,0,600,FP32-token-IDs
MentalBERT,141cj66,539,106,1045,i,i,False,brain dysfunction (forget),0.00894645256921649,0.00894645256921649,0.23197773098945618,0.16371269524097443,0.35,0,0,600,FP32-token-IDs
MentalBERT,141cj66,539,106,1045,i,i,False,emptiness,0.01577826733700931,0.01577826733700931,0.2675025165081024,0.786212682723999,0.35,0,1,600,FP32-token-IDs
MentalBERT,141cj66,539,106,1045,i,i,False,hopelessness,0.01952815046533942,0.01952815046533942,0.4815284013748169,0.6615225076675415,0.35,1,1,600,FP32-token-IDs
MentalBERT,141cj66,539,106,1045,i,i,False,loneliness,0.009336806554347276,0.009336806554347276,0.6294304728507996,0.6271837949752808,0.35,0,1,600,FP32-token-IDs
MentalBERT,141cj66,539,106,1045,i,i,False,sadness,0.010773990489542484,0.010773990489542484,0.4494190216064453,0.38843607902526855,0.35,0,1,600,FP32-token-IDs
MentalBERT,141cj66,539,106,1045,i,i,False,suicide intent,0.0064773971913382414,0.0064773971913382414,0.0790741816163063,0.020826537162065506,0.35,0,0,600,FP32-token-IDs
MentalBERT,141cj66,539,106,1045,i,i,False,worthlessness,0.015735230594873428,0.015735230594873428,0.5067859888076782,0.37172651290893555,0.35,1,1,600,FP32-token-IDs
MentalBERT,141cj66,539,107,3685,cannot,cannot,False,anger,0.00458818134793546,0.00458818134793546,0.3234289884567261,0.004674145486205816,0.35,0,0,600,FP32-token-IDs
MentalBERT,141cj66,539,107,3685,cannot,cannot,False,brain dysfunction (forget),0.00894645256921649,0.00894645256921649,0.23197773098945618,0.16371269524097443,0.35,0,0,600,FP32-token-IDs
MentalBERT,141cj66,539,107,3685,cannot,cannot,False,emptiness,0.01577826733700931,0.01577826733700931,0.2675025165081024,0.786212682723999,0.35,0,1,600,FP32-token-IDs
MentalBERT,141cj66,539,107,3685,cannot,cannot,False,hopelessness,0.01952815046533942,0.01952815046533942,0.4815284013748169,0.6615225076675415,0.35,1,1,600,FP32-token-IDs
MentalBERT,141cj66,539,107,3685,cannot,cannot,False,loneliness,0.009336806554347276,0.009336806554347276,0.6294304728507996,0.6271837949752808,0.35,0,1,600,FP32-token-IDs
MentalBERT,141cj66,539,107,3685,cannot,cannot,False,sadness,0.010773990489542484,0.010773990489542484,0.4494190216064453,0.38843607902526855,0.35,0,1,600,FP32-token-IDs
MentalBERT,141cj66,539,107,3685,cannot,cannot,False,suicide intent,0.0064773971913382414,0.0064773971913382414,0.0790741816163063,0.020826537162065506,0.35,0,0,600,FP32-token-IDs
MentalBERT,141cj66,539,107,3685,cannot,cannot,False,worthlessness,0.015735230594873428,0.015735230594873428,0.5067859888076782,0.37172651290893555,0.35,1,1,600,FP32-token-IDs
MentalBERT,141cj66,539,108,2448,run,run,False,anger,0.006272585287418527,0.006272585287418527,0.3234289884567261,0.004674145486205816,0.35,0,0,600,FP32-token-IDs
MentalBERT,141cj66,539,108,2448,run,run,False,brain dysfunction (forget),0.006280827615410089,0.006280827615410089,0.23197773098945618,0.16371269524097443,0.35,0,0,600,FP32-token-IDs
MentalBERT,141cj66,539,108,2448,run,run,False,emptiness,0.00932393188898762,0.00932393188898762,0.2675025165081024,0.786212682723999,0.35,0,1,600,FP32-token-IDs
MentalBERT,141cj66,539,108,2448,run,run,False,hopelessness,0.014093405939638615,0.014093405939638615,0.4815284013748169,0.6615225076675415,0.35,1,1,600,FP32-token-IDs
MentalBERT,141cj66,539,108,2448,run,run,False,loneliness,0.009206283402939637,0.009206283402939637,0.6294304728507996,0.6271837949752808,0.35,0,1,600,FP32-token-IDs
MentalBERT,141cj66,539,108,2448,run,run,False,sadness,0.007851683100064595,0.007851683100064595,0.4494190216064453,0.38843607902526855,0.35,0,1,600,FP32-token-IDs
MentalBERT,141cj66,539,108,2448,run,run,False,suicide intent,0.00648179753528287,0.00648179753528287,0.0790741816163063,0.020826537162065506,0.35,0,0,600,FP32-token-IDs
MentalBERT,141cj66,539,108,2448,run,run,False,worthlessness,0.009272863653798898,0.009272863653798898,0.5067859888076782,0.37172651290893555,0.35,1,1,600,FP32-token-IDs
MentalBERT,141cj66,539,109,2185,away,away,False,anger,0.006272585287418527,0.006272585287418527,0.3234289884567261,0.004674145486205816,0.35,0,0,600,FP32-token-IDs
MentalBERT,141cj66,539,109,2185,away,away,False,brain dysfunction (forget),0.006280827615410089,0.006280827615410089,0.23197773098945618,0.16371269524097443,0.35,0,0,600,FP32-token-IDs
MentalBERT,141cj66,539,109,2185,away,away,False,emptiness,0.00932393188898762,0.00932393188898762,0.2675025165081024,0.786212682723999,0.35,0,1,600,FP32-token-IDs
MentalBERT,141cj66,539,109,2185,away,away,False,hopelessness,0.014093405939638615,0.014093405939638615,0.4815284013748169,0.6615225076675415,0.35,1,1,600,FP32-token-IDs
MentalBERT,141cj66,539,109,2185,away,away,False,loneliness,0.009206283402939637,0.009206283402939637,0.6294304728507996,0.6271837949752808,0.35,0,1,600,FP32-token-IDs
MentalBERT,141cj66,539,109,2185,away,away,False,sadness,0.007851683100064595,0.007851683100064595,0.4494190216064453,0.38843607902526855,0.35,0,1,600,FP32-token-IDs
MentalBERT,141cj66,539,109,2185,away,away,False,suicide intent,0.00648179753528287,0.00648179753528287,0.0790741816163063,0.020826537162065506,0.35,0,0,600,FP32-token-IDs
MentalBERT,141cj66,539,109,2185,away,away,False,worthlessness,0.009272863653798898,0.009272863653798898,0.5067859888076782,0.37172651290893555,0.35,1,1,600,FP32-token-IDs
MentalBERT,141cj66,539,110,2013,from,from,False,anger,0.006272585287418527,0.006272585287418527,0.3234289884567261,0.004674145486205816,0.35,0,0,600,FP32-token-IDs
MentalBERT,141cj66,539,110,2013,from,from,False,brain dysfunction (forget),0.006280827615410089,0.006280827615410089,0.23197773098945618,0.16371269524097443,0.35,0,0,600,FP32-token-IDs
MentalBERT,141cj66,539,110,2013,from,from,False,emptiness,0.00932393188898762,0.00932393188898762,0.2675025165081024,0.786212682723999,0.35,0,1,600,FP32-token-IDs
MentalBERT,141cj66,539,110,2013,from,from,False,hopelessness,0.014093405939638615,0.014093405939638615,0.4815284013748169,0.6615225076675415,0.35,1,1,600,FP32-token-IDs
MentalBERT,141cj66,539,110,2013,from,from,False,loneliness,0.009206283402939637,0.009206283402939637,0.6294304728507996,0.6271837949752808,0.35,0,1,600,FP32-token-IDs
MentalBERT,141cj66,539,110,2013,from,from,False,sadness,0.007851683100064595,0.007851683100064595,0.4494190216064453,0.38843607902526855,0.35,0,1,600,FP32-token-IDs
MentalBERT,141cj66,539,110,2013,from,from,False,suicide intent,0.00648179753528287,0.00648179753528287,0.0790741816163063,0.020826537162065506,0.35,0,0,600,FP32-token-IDs
MentalBERT,141cj66,539,110,2013,from,from,False,worthlessness,0.009272863653798898,0.009272863653798898,0.5067859888076782,0.37172651290893555,0.35,1,1,600,FP32-token-IDs
MentalBERT,141cj66,539,111,2009,it,it,False,anger,0.00021584748465102168,0.00021584748465102168,0.3234289884567261,0.004674145486205816,0.35,0,0,600,FP32-token-IDs
MentalBERT,141cj66,539,111,2009,it,it,False,brain dysfunction (forget),0.0018711660988628865,0.0018711660988628865,0.23197773098945618,0.16371269524097443,0.35,0,0,600,FP32-token-IDs
MentalBERT,141cj66,539,111,2009,it,it,False,emptiness,0.010263032652437687,0.010263032652437687,0.2675025165081024,0.786212682723999,0.35,0,1,600,FP32-token-IDs
MentalBERT,141cj66,539,111,2009,it,it,False,hopelessness,0.002259897068142891,0.002259897068142891,0.4815284013748169,0.6615225076675415,0.35,1,1,600,FP32-token-IDs
MentalBERT,141cj66,539,111,2009,it,it,False,loneliness,0.012031366303563119,0.012031366303563119,0.6294304728507996,0.6271837949752808,0.35,0,1,600,FP32-token-IDs
MentalBERT,141cj66,539,111,2009,it,it,False,sadness,-0.003008406236767769,0.003008406236767769,0.4494190216064453,0.38843607902526855,0.35,0,1,600,FP32-token-IDs
MentalBERT,141cj66,539,111,2009,it,it,False,suicide intent,0.002747576148249209,0.002747576148249209,0.0790741816163063,0.020826537162065506,0.35,0,0,600,FP32-token-IDs
MentalBERT,141cj66,539,111,2009,it,it,False,worthlessness,-0.0019370431080460548,0.0019370431080460548,0.5067859888076782,0.37172651290893555,0.35,1,1,600,FP32-token-IDs
MentalBERT,141cj66,539,112,1005,',',False,anger,0.00021584748465102168,0.00021584748465102168,0.3234289884567261,0.004674145486205816,0.35,0,0,600,FP32-token-IDs
MentalBERT,141cj66,539,112,1005,',',False,brain dysfunction (forget),0.0018711660988628865,0.0018711660988628865,0.23197773098945618,0.16371269524097443,0.35,0,0,600,FP32-token-IDs
MentalBERT,141cj66,539,112,1005,',',False,emptiness,0.010263032652437687,0.010263032652437687,0.2675025165081024,0.786212682723999,0.35,0,1,600,FP32-token-IDs
MentalBERT,141cj66,539,112,1005,',',False,hopelessness,0.002259897068142891,0.002259897068142891,0.4815284013748169,0.6615225076675415,0.35,1,1,600,FP32-token-IDs
MentalBERT,141cj66,539,112,1005,',',False,loneliness,0.012031366303563119,0.012031366303563119,0.6294304728507996,0.6271837949752808,0.35,0,1,600,FP32-token-IDs
MentalBERT,141cj66,539,112,1005,',',False,sadness,-0.003008406236767769,0.003008406236767769,0.4494190216064453,0.38843607902526855,0.35,0,1,600,FP32-token-IDs
MentalBERT,141cj66,539,112,1005,',',False,suicide intent,0.002747576148249209,0.002747576148249209,0.0790741816163063,0.020826537162065506,0.35,0,0,600,FP32-token-IDs
MentalBERT,141cj66,539,112,1005,',',False,worthlessness,-0.0019370431080460548,0.0019370431080460548,0.5067859888076782,0.37172651290893555,0.35,1,1,600,FP32-token-IDs
MentalBERT,141cj66,539,113,1055,s,s,False,anger,0.00021584748465102168,0.00021584748465102168,0.3234289884567261,0.004674145486205816,0.35,0,0,600,FP32-token-IDs
MentalBERT,141cj66,539,113,1055,s,s,False,brain dysfunction (forget),0.0018711660988628865,0.0018711660988628865,0.23197773098945618,0.16371269524097443,0.35,0,0,600,FP32-token-IDs
MentalBERT,141cj66,539,113,1055,s,s,False,emptiness,0.010263032652437687,0.010263032652437687,0.2675025165081024,0.786212682723999,0.35,0,1,600,FP32-token-IDs
MentalBERT,141cj66,539,113,1055,s,s,False,hopelessness,0.002259897068142891,0.002259897068142891,0.4815284013748169,0.6615225076675415,0.35,1,1,600,FP32-token-IDs
MentalBERT,141cj66,539,113,1055,s,s,False,loneliness,0.012031366303563119,0.012031366303563119,0.6294304728507996,0.6271837949752808,0.35,0,1,600,FP32-token-IDs
MentalBERT,141cj66,539,113,1055,s,s,False,sadness,-0.003008406236767769,0.003008406236767769,0.4494190216064453,0.38843607902526855,0.35,0,1,600,FP32-token-IDs
MentalBERT,141cj66,539,113,1055,s,s,False,suicide intent,0.002747576148249209,0.002747576148249209,0.0790741816163063,0.020826537162065506,0.35,0,0,600,FP32-token-IDs
MentalBERT,141cj66,539,113,1055,s,s,False,worthlessness,-0.0019370431080460548,0.0019370431080460548,0.5067859888076782,0.37172651290893555,0.35,1,1,600,FP32-token-IDs
MentalBERT,141cj66,539,114,3657,gaze,gaze,False,anger,0.00021584748465102165,0.00021584748465102165,0.3234289884567261,0.004674145486205816,0.35,0,0,600,FP32-token-IDs
MentalBERT,141cj66,539,114,3657,gaze,gaze,False,brain dysfunction (forget),0.0018711660988628865,0.0018711660988628865,0.23197773098945618,0.16371269524097443,0.35,0,0,600,FP32-token-IDs
MentalBERT,141cj66,539,114,3657,gaze,gaze,False,emptiness,0.010263032652437687,0.010263032652437687,0.2675025165081024,0.786212682723999,0.35,0,1,600,FP32-token-IDs
MentalBERT,141cj66,539,114,3657,gaze,gaze,False,hopelessness,0.002259897068142891,0.002259897068142891,0.4815284013748169,0.6615225076675415,0.35,1,1,600,FP32-token-IDs
MentalBERT,141cj66,539,114,3657,gaze,gaze,False,loneliness,0.012031366303563117,0.012031366303563117,0.6294304728507996,0.6271837949752808,0.35,0,1,600,FP32-token-IDs
MentalBERT,141cj66,539,114,3657,gaze,gaze,False,sadness,-0.003008406236767769,0.003008406236767769,0.4494190216064453,0.38843607902526855,0.35,0,1,600,FP32-token-IDs
MentalBERT,141cj66,539,114,3657,gaze,gaze,False,suicide intent,0.0027475761482492088,0.0027475761482492088,0.0790741816163063,0.020826537162065506,0.35,0,0,600,FP32-token-IDs
MentalBERT,141cj66,539,114,3657,gaze,gaze,False,worthlessness,-0.0019370431080460548,0.0019370431080460548,0.5067859888076782,0.37172651290893555,0.35,1,1,600,FP32-token-IDs
MentalBERT,141cj66,539,115,1012,.,.,False,anger,0.00021584748465102165,0.00021584748465102165,0.3234289884567261,0.004674145486205816,0.35,0,0,600,FP32-token-IDs
MentalBERT,141cj66,539,115,1012,.,.,False,brain dysfunction (forget),0.0018711660988628865,0.0018711660988628865,0.23197773098945618,0.16371269524097443,0.35,0,0,600,FP32-token-IDs
MentalBERT,141cj66,539,115,1012,.,.,False,emptiness,0.010263032652437687,0.010263032652437687,0.2675025165081024,0.786212682723999,0.35,0,1,600,FP32-token-IDs
MentalBERT,141cj66,539,115,1012,.,.,False,hopelessness,0.002259897068142891,0.002259897068142891,0.4815284013748169,0.6615225076675415,0.35,1,1,600,FP32-token-IDs
MentalBERT,141cj66,539,115,1012,.,.,False,loneliness,0.012031366303563117,0.012031366303563117,0.6294304728507996,0.6271837949752808,0.35,0,1,600,FP32-token-IDs
MentalBERT,141cj66,539,115,1012,.,.,False,sadness,-0.003008406236767769,0.003008406236767769,0.4494190216064453,0.38843607902526855,0.35,0,1,600,FP32-token-IDs
MentalBERT,141cj66,539,115,1012,.,.,False,suicide intent,0.0027475761482492088,0.0027475761482492088,0.0790741816163063,0.020826537162065506,0.35,0,0,600,FP32-token-IDs
MentalBERT,141cj66,539,115,1012,.,.,False,worthlessness,-0.0019370431080460548,0.0019370431080460548,0.5067859888076782,0.37172651290893555,0.35,1,1,600,FP32-token-IDs
MentalBERT,141cj66,539,116,2070,some,some,False,anger,-0.012951757526025176,0.012951757526025176,0.3234289884567261,0.004674145486205816,0.35,0,0,600,FP32-token-IDs
MentalBERT,141cj66,539,116,2070,some,some,False,brain dysfunction (forget),-0.012800510856322944,0.012800510856322944,0.23197773098945618,0.16371269524097443,0.35,0,0,600,FP32-token-IDs
MentalBERT,141cj66,539,116,2070,some,some,False,emptiness,-0.017701233038678765,0.017701233038678765,0.2675025165081024,0.786212682723999,0.35,0,1,600,FP32-token-IDs
MentalBERT,141cj66,539,116,2070,some,some,False,hopelessness,-0.02656663628295064,0.02656663628295064,0.4815284013748169,0.6615225076675415,0.35,1,1,600,FP32-token-IDs
MentalBERT,141cj66,539,116,2070,some,some,False,loneliness,-0.008087988244369626,0.008087988244369626,0.6294304728507996,0.6271837949752808,0.35,0,1,600,FP32-token-IDs
MentalBERT,141cj66,539,116,2070,some,some,False,sadness,-0.013123726705089211,0.013123726705089211,0.4494190216064453,0.38843607902526855,0.35,0,1,600,FP32-token-IDs
MentalBERT,141cj66,539,116,2070,some,some,False,suicide intent,-0.006752068584319204,0.006752068584319204,0.0790741816163063,0.020826537162065506,0.35,0,0,600,FP32-token-IDs
MentalBERT,141cj66,539,116,2070,some,some,False,worthlessness,-0.039049815153703094,0.039049815153703094,0.5067859888076782,0.37172651290893555,0.35,1,1,600,FP32-token-IDs
MentalBERT,141cj66,539,117,2420,days,days,False,anger,-0.012951757526025176,0.012951757526025176,0.3234289884567261,0.004674145486205816,0.35,0,0,600,FP32-token-IDs
MentalBERT,141cj66,539,117,2420,days,days,False,brain dysfunction (forget),-0.012800510856322944,0.012800510856322944,0.23197773098945618,0.16371269524097443,0.35,0,0,600,FP32-token-IDs
MentalBERT,141cj66,539,117,2420,days,days,False,emptiness,-0.017701233038678765,0.017701233038678765,0.2675025165081024,0.786212682723999,0.35,0,1,600,FP32-token-IDs
MentalBERT,141cj66,539,117,2420,days,days,False,hopelessness,-0.02656663628295064,0.02656663628295064,0.4815284013748169,0.6615225076675415,0.35,1,1,600,FP32-token-IDs
MentalBERT,141cj66,539,117,2420,days,days,False,loneliness,-0.008087988244369626,0.008087988244369626,0.6294304728507996,0.6271837949752808,0.35,0,1,600,FP32-token-IDs
MentalBERT,141cj66,539,117,2420,days,days,False,sadness,-0.013123726705089211,0.013123726705089211,0.4494190216064453,0.38843607902526855,0.35,0,1,600,FP32-token-IDs
MentalBERT,141cj66,539,117,2420,days,days,False,suicide intent,-0.006752068584319204,0.006752068584319204,0.0790741816163063,0.020826537162065506,0.35,0,0,600,FP32-token-IDs
MentalBERT,141cj66,539,117,2420,days,days,False,worthlessness,-0.039049815153703094,0.039049815153703094,0.5067859888076782,0.37172651290893555,0.35,1,1,600,FP32-token-IDs
MentalBERT,141cj66,539,118,1045,i,i,False,anger,-0.011989280756097287,0.011989280756097287,0.3234289884567261,0.004674145486205816,0.35,0,0,600,FP32-token-IDs
MentalBERT,141cj66,539,118,1045,i,i,False,brain dysfunction (forget),-0.010209878324531019,0.010209878324531019,0.23197773098945618,0.16371269524097443,0.35,0,0,600,FP32-token-IDs
MentalBERT,141cj66,539,118,1045,i,i,False,emptiness,-0.017803855473175645,0.017803855473175645,0.2675025165081024,0.786212682723999,0.35,0,1,600,FP32-token-IDs
MentalBERT,141cj66,539,118,1045,i,i,False,hopelessness,-0.024663629475980997,0.024663629475980997,0.4815284013748169,0.6615225076675415,0.35,1,1,600,FP32-token-IDs
MentalBERT,141cj66,539,118,1045,i,i,False,loneliness,-0.007862883852794766,0.007862883852794766,0.6294304728507996,0.6271837949752808,0.35,0,1,600,FP32-token-IDs
MentalBERT,141cj66,539,118,1045,i,i,False,sadness,-0.014868107857182622,0.014868107857182622,0.4494190216064453,0.38843607902526855,0.35,0,1,600,FP32-token-IDs
MentalBERT,141cj66,539,118,1045,i,i,False,suicide intent,-0.006643125670962036,0.006643125670962036,0.0790741816163063,0.020826537162065506,0.35,0,0,600,FP32-token-IDs
MentalBERT,141cj66,539,118,1045,i,i,False,worthlessness,-0.03446567221544683,0.03446567221544683,0.5067859888076782,0.37172651290893555,0.35,1,1,600,FP32-token-IDs
MentalBERT,141cj66,539,119,2130,even,even,False,anger,-0.011989280756097287,0.011989280756097287,0.3234289884567261,0.004674145486205816,0.35,0,0,600,FP32-token-IDs
MentalBERT,141cj66,539,119,2130,even,even,False,brain dysfunction (forget),-0.010209878324531019,0.010209878324531019,0.23197773098945618,0.16371269524097443,0.35,0,0,600,FP32-token-IDs
MentalBERT,141cj66,539,119,2130,even,even,False,emptiness,-0.017803855473175645,0.017803855473175645,0.2675025165081024,0.786212682723999,0.35,0,1,600,FP32-token-IDs
MentalBERT,141cj66,539,119,2130,even,even,False,hopelessness,-0.024663629475980997,0.024663629475980997,0.4815284013748169,0.6615225076675415,0.35,1,1,600,FP32-token-IDs
MentalBERT,141cj66,539,119,2130,even,even,False,loneliness,-0.007862883852794766,0.007862883852794766,0.6294304728507996,0.6271837949752808,0.35,0,1,600,FP32-token-IDs
MentalBERT,141cj66,539,119,2130,even,even,False,sadness,-0.014868107857182622,0.014868107857182622,0.4494190216064453,0.38843607902526855,0.35,0,1,600,FP32-token-IDs
MentalBERT,141cj66,539,119,2130,even,even,False,suicide intent,-0.006643125670962036,0.006643125670962036,0.0790741816163063,0.020826537162065506,0.35,0,0,600,FP32-token-IDs
MentalBERT,141cj66,539,119,2130,even,even,False,worthlessness,-0.03446567221544683,0.03446567221544683,0.5067859888076782,0.37172651290893555,0.35,1,1,600,FP32-token-IDs
MentalBERT,141cj66,539,120,17704,kinda,kinda,False,anger,-0.013259747345000506,0.013259747345000506,0.3234289884567261,0.004674145486205816,0.35,0,0,600,FP32-token-IDs
MentalBERT,141cj66,539,120,17704,kinda,kinda,False,brain dysfunction (forget),-0.008207735873293131,0.008207735873293131,0.23197773098945618,0.16371269524097443,0.35,0,0,600,FP32-token-IDs
MentalBERT,141cj66,539,120,17704,kinda,kinda,False,emptiness,0.001896552462130785,0.001896552462130785,0.2675025165081024,0.786212682723999,0.35,0,1,600,FP32-token-IDs
MentalBERT,141cj66,539,120,17704,kinda,kinda,False,hopelessness,-0.009605137072503567,0.009605137072503567,0.4815284013748169,0.6615225076675415,0.35,1,1,600,FP32-token-IDs
MentalBERT,141cj66,539,120,17704,kinda,kinda,False,loneliness,0.004014665866270662,0.004014665866270662,0.6294304728507996,0.6271837949752808,0.35,0,1,600,FP32-token-IDs
MentalBERT,141cj66,539,120,17704,kinda,kinda,False,sadness,-0.004903214634396136,0.004903214634396136,0.4494190216064453,0.38843607902526855,0.35,0,1,600,FP32-token-IDs
MentalBERT,141cj66,539,120,17704,kinda,kinda,False,suicide intent,-0.004790579521795735,0.004790579521795735,0.0790741816163063,0.020826537162065506,0.35,0,0,600,FP32-token-IDs
MentalBERT,141cj66,539,120,17704,kinda,kinda,False,worthlessness,-0.012579871574416757,0.012579871574416757,0.5067859888076782,0.37172651290893555,0.35,1,1,600,FP32-token-IDs
MentalBERT,141cj66,539,121,2066,like,like,False,anger,-0.013259747345000506,0.013259747345000506,0.3234289884567261,0.004674145486205816,0.35,0,0,600,FP32-token-IDs
MentalBERT,141cj66,539,121,2066,like,like,False,brain dysfunction (forget),-0.008207735873293131,0.008207735873293131,0.23197773098945618,0.16371269524097443,0.35,0,0,600,FP32-token-IDs
MentalBERT,141cj66,539,121,2066,like,like,False,emptiness,0.001896552462130785,0.001896552462130785,0.2675025165081024,0.786212682723999,0.35,0,1,600,FP32-token-IDs
MentalBERT,141cj66,539,121,2066,like,like,False,hopelessness,-0.009605137072503567,0.009605137072503567,0.4815284013748169,0.6615225076675415,0.35,1,1,600,FP32-token-IDs
MentalBERT,141cj66,539,121,2066,like,like,False,loneliness,0.004014665866270662,0.004014665866270662,0.6294304728507996,0.6271837949752808,0.35,0,1,600,FP32-token-IDs
MentalBERT,141cj66,539,121,2066,like,like,False,sadness,-0.004903214634396136,0.004903214634396136,0.4494190216064453,0.38843607902526855,0.35,0,1,600,FP32-token-IDs
MentalBERT,141cj66,539,121,2066,like,like,False,suicide intent,-0.004790579521795735,0.004790579521795735,0.0790741816163063,0.020826537162065506,0.35,0,0,600,FP32-token-IDs
MentalBERT,141cj66,539,121,2066,like,like,False,worthlessness,-0.012579871574416757,0.012579871574416757,0.5067859888076782,0.37172651290893555,0.35,1,1,600,FP32-token-IDs
MentalBERT,141cj66,539,122,2026,my,my,False,anger,-0.013259747345000506,0.013259747345000506,0.3234289884567261,0.004674145486205816,0.35,0,0,600,FP32-token-IDs
MentalBERT,141cj66,539,122,2026,my,my,False,brain dysfunction (forget),-0.008207735873293131,0.008207735873293131,0.23197773098945618,0.16371269524097443,0.35,0,0,600,FP32-token-IDs
MentalBERT,141cj66,539,122,2026,my,my,False,emptiness,0.001896552462130785,0.001896552462130785,0.2675025165081024,0.786212682723999,0.35,0,1,600,FP32-token-IDs
MentalBERT,141cj66,539,122,2026,my,my,False,hopelessness,-0.009605137072503567,0.009605137072503567,0.4815284013748169,0.6615225076675415,0.35,1,1,600,FP32-token-IDs
MentalBERT,141cj66,539,122,2026,my,my,False,loneliness,0.004014665866270662,0.004014665866270662,0.6294304728507996,0.6271837949752808,0.35,0,1,600,FP32-token-IDs
MentalBERT,141cj66,539,122,2026,my,my,False,sadness,-0.004903214634396136,0.004903214634396136,0.4494190216064453,0.38843607902526855,0.35,0,1,600,FP32-token-IDs
MentalBERT,141cj66,539,122,2026,my,my,False,suicide intent,-0.004790579521795735,0.004790579521795735,0.0790741816163063,0.020826537162065506,0.35,0,0,600,FP32-token-IDs
MentalBERT,141cj66,539,122,2026,my,my,False,worthlessness,-0.012579871574416757,0.012579871574416757,0.5067859888076782,0.37172651290893555,0.35,1,1,600,FP32-token-IDs
MentalBERT,141cj66,539,123,9185,reflection,reflection,False,anger,-0.013259747345000506,0.013259747345000506,0.3234289884567261,0.004674145486205816,0.35,0,0,600,FP32-token-IDs
MentalBERT,141cj66,539,123,9185,reflection,reflection,False,brain dysfunction (forget),-0.008207735873293131,0.008207735873293131,0.23197773098945618,0.16371269524097443,0.35,0,0,600,FP32-token-IDs
MentalBERT,141cj66,539,123,9185,reflection,reflection,False,emptiness,0.001896552462130785,0.001896552462130785,0.2675025165081024,0.786212682723999,0.35,0,1,600,FP32-token-IDs
MentalBERT,141cj66,539,123,9185,reflection,reflection,False,hopelessness,-0.009605137072503567,0.009605137072503567,0.4815284013748169,0.6615225076675415,0.35,1,1,600,FP32-token-IDs
MentalBERT,141cj66,539,123,9185,reflection,reflection,False,loneliness,0.004014665866270662,0.004014665866270662,0.6294304728507996,0.6271837949752808,0.35,0,1,600,FP32-token-IDs
MentalBERT,141cj66,539,123,9185,reflection,reflection,False,sadness,-0.004903214634396136,0.004903214634396136,0.4494190216064453,0.38843607902526855,0.35,0,1,600,FP32-token-IDs
MentalBERT,141cj66,539,123,9185,reflection,reflection,False,suicide intent,-0.004790579521795735,0.004790579521795735,0.0790741816163063,0.020826537162065506,0.35,0,0,600,FP32-token-IDs
MentalBERT,141cj66,539,123,9185,reflection,reflection,False,worthlessness,-0.012579871574416757,0.012579871574416757,0.5067859888076782,0.37172651290893555,0.35,1,1,600,FP32-token-IDs
MentalBERT,141cj66,539,124,1012,.,.,False,anger,0.0009769349242560567,0.0009769349242560567,0.3234289884567261,0.004674145486205816,0.35,0,0,600,FP32-token-IDs
MentalBERT,141cj66,539,124,1012,.,.,False,brain dysfunction (forget),-0.005607637902721762,0.005607637902721762,0.23197773098945618,0.16371269524097443,0.35,0,0,600,FP32-token-IDs
MentalBERT,141cj66,539,124,1012,.,.,False,emptiness,0.004553925432264805,0.004553925432264805,0.2675025165081024,0.786212682723999,0.35,0,1,600,FP32-token-IDs
MentalBERT,141cj66,539,124,1012,.,.,False,hopelessness,-0.006823845580220223,0.006823845580220223,0.4815284013748169,0.6615225076675415,0.35,1,1,600,FP32-token-IDs
MentalBERT,141cj66,539,124,1012,.,.,False,loneliness,0.004458800330758095,0.004458800330758095,0.6294304728507996,0.6271837949752808,0.35,0,1,600,FP32-token-IDs
MentalBERT,141cj66,539,124,1012,.,.,False,sadness,-0.001308963168412447,0.001308963168412447,0.4494190216064453,0.38843607902526855,0.35,0,1,600,FP32-token-IDs
MentalBERT,141cj66,539,124,1012,.,.,False,suicide intent,0.0016009269747883081,0.0016009269747883081,0.0790741816163063,0.020826537162065506,0.35,0,0,600,FP32-token-IDs
MentalBERT,141cj66,539,124,1012,.,.,False,worthlessness,-0.007022460922598839,0.007022460922598839,0.5067859888076782,0.37172651290893555,0.35,1,1,600,FP32-token-IDs
MentalBERT,141cj66,539,125,102,[SEP],,True,anger,6.9267116487026215e-09,6.9267116487026215e-09,0.3234289884567261,0.004674145486205816,0.35,0,0,600,FP32-token-IDs
MentalBERT,141cj66,539,125,102,[SEP],,True,brain dysfunction (forget),6.51925802230835e-09,6.51925802230835e-09,0.23197773098945618,0.16371269524097443,0.35,0,0,600,FP32-token-IDs
MentalBERT,141cj66,539,125,102,[SEP],,True,emptiness,2.60770320892334e-08,2.60770320892334e-08,0.2675025165081024,0.786212682723999,0.35,0,1,600,FP32-token-IDs
MentalBERT,141cj66,539,125,102,[SEP],,True,hopelessness,4.842877388000488e-08,4.842877388000488e-08,0.4815284013748169,0.6615225076675415,0.35,1,1,600,FP32-token-IDs
MentalBERT,141cj66,539,125,102,[SEP],,True,loneliness,3.166496753692627e-08,3.166496753692627e-08,0.6294304728507996,0.6271837949752808,0.35,0,1,600,FP32-token-IDs
MentalBERT,141cj66,539,125,102,[SEP],,True,sadness,4.284083843231201e-08,4.284083843231201e-08,0.4494190216064453,0.38843607902526855,0.35,0,1,600,FP32-token-IDs
MentalBERT,141cj66,539,125,102,[SEP],,True,suicide intent,1.234002411365509e-08,1.234002411365509e-08,0.0790741816163063,0.020826537162065506,0.35,0,0,600,FP32-token-IDs
MentalBERT,141cj66,539,125,102,[SEP],,True,worthlessness,3.5390257835388184e-08,3.5390257835388184e-08,0.5067859888076782,0.37172651290893555,0.35,1,1,600,FP32-token-IDs
