Model,Sample_ID,Test_Index,Token_Index,Token_ID,Raw_Token,Token,Is_Special_Token,Emotion,SHAP_Value,Abs_SHAP,Base_Value,Model_Probability,Threshold,True_Label,Predicted_Label,SHAP_Max_Evals,XAI_Inference
MentalBERT,11q4ikh,309,0,101,[CLS],,True,anger,0.003442924004048109,0.003442924004048109,0.32392627000808716,0.39464816451072693,0.35,0,1,600,FP32-token-IDs
MentalBERT,11q4ikh,309,0,101,[CLS],,True,brain dysfunction (forget),-0.0052497052238322794,0.0052497052238322794,0.23395347595214844,0.39547374844551086,0.35,1,1,600,FP32-token-IDs
MentalBERT,11q4ikh,309,0,101,[CLS],,True,emptiness,0.012468224857002497,0.012468224857002497,0.2586143910884857,0.9857175350189209,0.35,1,1,600,FP32-token-IDs
MentalBERT,11q4ikh,309,0,101,[CLS],,True,hopelessness,0.008188282838091254,0.008188282838091254,0.4677259027957916,0.9842402935028076,0.35,1,1,600,FP32-token-IDs
MentalBERT,11q4ikh,309,0,101,[CLS],,True,loneliness,0.007810167036950588,0.007810167036950588,0.616043746471405,0.9953562617301941,0.35,1,1,600,FP32-token-IDs
MentalBERT,11q4ikh,309,0,101,[CLS],,True,sadness,0.010178282856941223,0.010178282856941223,0.4391052722930908,0.9585488438606262,0.35,1,1,600,FP32-token-IDs
MentalBERT,11q4ikh,309,0,101,[CLS],,True,suicide intent,-0.001443807064788416,0.001443807064788416,0.07946889847517014,0.28722327947616577,0.35,0,0,600,FP32-token-IDs
MentalBERT,11q4ikh,309,0,101,[CLS],,True,worthlessness,0.007362320204265416,0.007362320204265416,0.4997957646846771,0.9105085134506226,0.35,1,1,600,FP32-token-IDs
MentalBERT,11q4ikh,309,1,6343,nobody,nobody,False,anger,0.009421543683856726,0.009421543683856726,0.32392627000808716,0.39464816451072693,0.35,0,1,600,FP32-token-IDs
MentalBERT,11q4ikh,309,1,6343,nobody,nobody,False,brain dysfunction (forget),-0.0052862646407447755,0.0052862646407447755,0.23395347595214844,0.39547374844551086,0.35,1,1,600,FP32-token-IDs
MentalBERT,11q4ikh,309,1,6343,nobody,nobody,False,emptiness,0.03168731997720897,0.03168731997720897,0.2586143910884857,0.9857175350189209,0.35,1,1,600,FP32-token-IDs
MentalBERT,11q4ikh,309,1,6343,nobody,nobody,False,hopelessness,0.030600690748542547,0.030600690748542547,0.4677259027957916,0.9842402935028076,0.35,1,1,600,FP32-token-IDs
MentalBERT,11q4ikh,309,1,6343,nobody,nobody,False,loneliness,0.013799355365335941,0.013799355365335941,0.616043746471405,0.9953562617301941,0.35,1,1,600,FP32-token-IDs
MentalBERT,11q4ikh,309,1,6343,nobody,nobody,False,sadness,0.026311724446713924,0.026311724446713924,0.4391052722930908,0.9585488438606262,0.35,1,1,600,FP32-token-IDs
MentalBERT,11q4ikh,309,1,6343,nobody,nobody,False,suicide intent,-0.0017649628862272948,0.0017649628862272948,0.07946889847517014,0.28722327947616577,0.35,0,0,600,FP32-token-IDs
MentalBERT,11q4ikh,309,1,6343,nobody,nobody,False,worthlessness,0.02478312363382429,0.02478312363382429,0.4997957646846771,0.9105085134506226,0.35,1,1,600,FP32-token-IDs
MentalBERT,11q4ikh,309,2,2412,ever,ever,False,anger,-0.009712664119433612,0.009712664119433612,0.32392627000808716,0.39464816451072693,0.35,0,1,600,FP32-token-IDs
MentalBERT,11q4ikh,309,2,2412,ever,ever,False,brain dysfunction (forget),-0.01038860424887389,0.01038860424887389,0.23395347595214844,0.39547374844551086,0.35,1,1,600,FP32-token-IDs
MentalBERT,11q4ikh,309,2,2412,ever,ever,False,emptiness,0.009565644548274577,0.009565644548274577,0.2586143910884857,0.9857175350189209,0.35,1,1,600,FP32-token-IDs
MentalBERT,11q4ikh,309,2,2412,ever,ever,False,hopelessness,-0.0022156910272315145,0.0022156910272315145,0.4677259027957916,0.9842402935028076,0.35,1,1,600,FP32-token-IDs
MentalBERT,11q4ikh,309,2,2412,ever,ever,False,loneliness,0.013525376096367836,0.013525376096367836,0.616043746471405,0.9953562617301941,0.35,1,1,600,FP32-token-IDs
MentalBERT,11q4ikh,309,2,2412,ever,ever,False,sadness,0.004575084894895554,0.004575084894895554,0.4391052722930908,0.9585488438606262,0.35,1,1,600,FP32-token-IDs
MentalBERT,11q4ikh,309,2,2412,ever,ever,False,suicide intent,-0.0030230669653974473,0.0030230669653974473,0.07946889847517014,0.28722327947616577,0.35,0,0,600,FP32-token-IDs
MentalBERT,11q4ikh,309,2,2412,ever,ever,False,worthlessness,-0.012586538679897785,0.012586538679897785,0.4997957646846771,0.9105085134506226,0.35,1,1,600,FP32-token-IDs
MentalBERT,11q4ikh,309,3,6981,texts,texts,False,anger,-0.009712664119433612,0.009712664119433612,0.32392627000808716,0.39464816451072693,0.35,0,1,600,FP32-token-IDs
MentalBERT,11q4ikh,309,3,6981,texts,texts,False,brain dysfunction (forget),-0.01038860424887389,0.01038860424887389,0.23395347595214844,0.39547374844551086,0.35,1,1,600,FP32-token-IDs
MentalBERT,11q4ikh,309,3,6981,texts,texts,False,emptiness,0.009565644548274577,0.009565644548274577,0.2586143910884857,0.9857175350189209,0.35,1,1,600,FP32-token-IDs
MentalBERT,11q4ikh,309,3,6981,texts,texts,False,hopelessness,-0.0022156910272315145,0.0022156910272315145,0.4677259027957916,0.9842402935028076,0.35,1,1,600,FP32-token-IDs
MentalBERT,11q4ikh,309,3,6981,texts,texts,False,loneliness,0.013525376096367836,0.013525376096367836,0.616043746471405,0.9953562617301941,0.35,1,1,600,FP32-token-IDs
MentalBERT,11q4ikh,309,3,6981,texts,texts,False,sadness,0.004575084894895554,0.004575084894895554,0.4391052722930908,0.9585488438606262,0.35,1,1,600,FP32-token-IDs
MentalBERT,11q4ikh,309,3,6981,texts,texts,False,suicide intent,-0.0030230669653974473,0.0030230669653974473,0.07946889847517014,0.28722327947616577,0.35,0,0,600,FP32-token-IDs
MentalBERT,11q4ikh,309,3,6981,texts,texts,False,worthlessness,-0.012586538679897785,0.012586538679897785,0.4997957646846771,0.9105085134506226,0.35,1,1,600,FP32-token-IDs
MentalBERT,11q4ikh,309,4,2033,me,me,False,anger,-0.000749697006540373,0.000749697006540373,0.32392627000808716,0.39464816451072693,0.35,0,1,600,FP32-token-IDs
MentalBERT,11q4ikh,309,4,2033,me,me,False,brain dysfunction (forget),-0.0040890530799515545,0.0040890530799515545,0.23395347595214844,0.39547374844551086,0.35,1,1,600,FP32-token-IDs
MentalBERT,11q4ikh,309,4,2033,me,me,False,emptiness,-0.00036843016277998686,0.00036843016277998686,0.2586143910884857,0.9857175350189209,0.35,1,1,600,FP32-token-IDs
MentalBERT,11q4ikh,309,4,2033,me,me,False,hopelessness,-0.0019161191303282976,0.0019161191303282976,0.4677259027957916,0.9842402935028076,0.35,1,1,600,FP32-token-IDs
MentalBERT,11q4ikh,309,4,2033,me,me,False,loneliness,-0.00027120718732476234,0.00027120718732476234,0.616043746471405,0.9953562617301941,0.35,1,1,600,FP32-token-IDs
MentalBERT,11q4ikh,309,4,2033,me,me,False,sadness,-0.001477896934375167,0.001477896934375167,0.4391052722930908,0.9585488438606262,0.35,1,1,600,FP32-token-IDs
MentalBERT,11q4ikh,309,4,2033,me,me,False,suicide intent,-0.0027975468256045133,0.0027975468256045133,0.07946889847517014,0.28722327947616577,0.35,0,0,600,FP32-token-IDs
MentalBERT,11q4ikh,309,4,2033,me,me,False,worthlessness,-0.005052280495874584,0.005052280495874584,0.4997957646846771,0.9105085134506226,0.35,1,1,600,FP32-token-IDs
MentalBERT,11q4ikh,309,5,1001,#,#,False,anger,-0.000749697006540373,0.000749697006540373,0.32392627000808716,0.39464816451072693,0.35,0,1,600,FP32-token-IDs
MentalBERT,11q4ikh,309,5,1001,#,#,False,brain dysfunction (forget),-0.0040890530799515545,0.0040890530799515545,0.23395347595214844,0.39547374844551086,0.35,1,1,600,FP32-token-IDs
MentalBERT,11q4ikh,309,5,1001,#,#,False,emptiness,-0.00036843016277998686,0.00036843016277998686,0.2586143910884857,0.9857175350189209,0.35,1,1,600,FP32-token-IDs
MentalBERT,11q4ikh,309,5,1001,#,#,False,hopelessness,-0.0019161191303282976,0.0019161191303282976,0.4677259027957916,0.9842402935028076,0.35,1,1,600,FP32-token-IDs
MentalBERT,11q4ikh,309,5,1001,#,#,False,loneliness,-0.00027120718732476234,0.00027120718732476234,0.616043746471405,0.9953562617301941,0.35,1,1,600,FP32-token-IDs
MentalBERT,11q4ikh,309,5,1001,#,#,False,sadness,-0.001477896934375167,0.001477896934375167,0.4391052722930908,0.9585488438606262,0.35,1,1,600,FP32-token-IDs
MentalBERT,11q4ikh,309,5,1001,#,#,False,suicide intent,-0.0027975468256045133,0.0027975468256045133,0.07946889847517014,0.28722327947616577,0.35,0,0,600,FP32-token-IDs
MentalBERT,11q4ikh,309,5,1001,#,#,False,worthlessness,-0.005052280495874584,0.005052280495874584,0.4997957646846771,0.9105085134506226,0.35,1,1,600,FP32-token-IDs
MentalBERT,11q4ikh,309,6,1001,#,#,False,anger,-0.001075709267752245,0.001075709267752245,0.32392627000808716,0.39464816451072693,0.35,0,1,600,FP32-token-IDs
MentalBERT,11q4ikh,309,6,1001,#,#,False,brain dysfunction (forget),-0.003842474252451211,0.003842474252451211,0.23395347595214844,0.39547374844551086,0.35,1,1,600,FP32-token-IDs
MentalBERT,11q4ikh,309,6,1001,#,#,False,emptiness,-0.0005225021159276366,0.0005225021159276366,0.2586143910884857,0.9857175350189209,0.35,1,1,600,FP32-token-IDs
MentalBERT,11q4ikh,309,6,1001,#,#,False,hopelessness,-0.0021507099736481905,0.0021507099736481905,0.4677259027957916,0.9842402935028076,0.35,1,1,600,FP32-token-IDs
MentalBERT,11q4ikh,309,6,1001,#,#,False,loneliness,-0.001529598142951727,0.001529598142951727,0.616043746471405,0.9953562617301941,0.35,1,1,600,FP32-token-IDs
MentalBERT,11q4ikh,309,6,1001,#,#,False,sadness,-0.0020497364457696676,0.0020497364457696676,0.4391052722930908,0.9585488438606262,0.35,1,1,600,FP32-token-IDs
MentalBERT,11q4ikh,309,6,1001,#,#,False,suicide intent,-0.002739612740697339,0.002739612740697339,0.07946889847517014,0.28722327947616577,0.35,0,0,600,FP32-token-IDs
MentalBERT,11q4ikh,309,6,1001,#,#,False,worthlessness,-0.004546225885860622,0.004546225885860622,0.4997957646846771,0.9105085134506226,0.35,1,1,600,FP32-token-IDs
MentalBERT,11q4ikh,309,7,1001,#,#,False,anger,-0.001075709267752245,0.001075709267752245,0.32392627000808716,0.39464816451072693,0.35,0,1,600,FP32-token-IDs
MentalBERT,11q4ikh,309,7,1001,#,#,False,brain dysfunction (forget),-0.003842474252451211,0.003842474252451211,0.23395347595214844,0.39547374844551086,0.35,1,1,600,FP32-token-IDs
MentalBERT,11q4ikh,309,7,1001,#,#,False,emptiness,-0.0005225021159276366,0.0005225021159276366,0.2586143910884857,0.9857175350189209,0.35,1,1,600,FP32-token-IDs
MentalBERT,11q4ikh,309,7,1001,#,#,False,hopelessness,-0.0021507099736481905,0.0021507099736481905,0.4677259027957916,0.9842402935028076,0.35,1,1,600,FP32-token-IDs
MentalBERT,11q4ikh,309,7,1001,#,#,False,loneliness,-0.001529598142951727,0.001529598142951727,0.616043746471405,0.9953562617301941,0.35,1,1,600,FP32-token-IDs
MentalBERT,11q4ikh,309,7,1001,#,#,False,sadness,-0.0020497364457696676,0.0020497364457696676,0.4391052722930908,0.9585488438606262,0.35,1,1,600,FP32-token-IDs
MentalBERT,11q4ikh,309,7,1001,#,#,False,suicide intent,-0.002739612740697339,0.002739612740697339,0.07946889847517014,0.28722327947616577,0.35,0,0,600,FP32-token-IDs
MentalBERT,11q4ikh,309,7,1001,#,#,False,worthlessness,-0.004546225885860622,0.004546225885860622,0.4997957646846771,0.9105085134506226,0.35,1,1,600,FP32-token-IDs
MentalBERT,11q4ikh,309,8,1045,i,i,False,anger,-0.012863489985466003,0.012863489985466003,0.32392627000808716,0.39464816451072693,0.35,0,1,600,FP32-token-IDs
MentalBERT,11q4ikh,309,8,1045,i,i,False,brain dysfunction (forget),-0.019878599629737436,0.019878599629737436,0.23395347595214844,0.39547374844551086,0.35,1,1,600,FP32-token-IDs
MentalBERT,11q4ikh,309,8,1045,i,i,False,emptiness,0.00808255821466446,0.00808255821466446,0.2586143910884857,0.9857175350189209,0.35,1,1,600,FP32-token-IDs
MentalBERT,11q4ikh,309,8,1045,i,i,False,hopelessness,-0.0012388170696794986,0.0012388170696794986,0.4677259027957916,0.9842402935028076,0.35,1,1,600,FP32-token-IDs
MentalBERT,11q4ikh,309,8,1045,i,i,False,loneliness,0.007348046638071537,0.007348046638071537,0.616043746471405,0.9953562617301941,0.35,1,1,600,FP32-token-IDs
MentalBERT,11q4ikh,309,8,1045,i,i,False,sadness,0.005187415285035968,0.005187415285035968,0.4391052722930908,0.9585488438606262,0.35,1,1,600,FP32-token-IDs
MentalBERT,11q4ikh,309,8,1045,i,i,False,suicide intent,0.013613968269783071,0.013613968269783071,0.07946889847517014,0.28722327947616577,0.35,0,0,600,FP32-token-IDs
MentalBERT,11q4ikh,309,8,1045,i,i,False,worthlessness,-0.0029842270072549582,0.0029842270072549582,0.4997957646846771,0.9105085134506226,0.35,1,1,600,FP32-token-IDs
MentalBERT,11q4ikh,309,9,2031,have,have,False,anger,-0.012863489985466003,0.012863489985466003,0.32392627000808716,0.39464816451072693,0.35,0,1,600,FP32-token-IDs
MentalBERT,11q4ikh,309,9,2031,have,have,False,brain dysfunction (forget),-0.019878599629737436,0.019878599629737436,0.23395347595214844,0.39547374844551086,0.35,1,1,600,FP32-token-IDs
MentalBERT,11q4ikh,309,9,2031,have,have,False,emptiness,0.00808255821466446,0.00808255821466446,0.2586143910884857,0.9857175350189209,0.35,1,1,600,FP32-token-IDs
MentalBERT,11q4ikh,309,9,2031,have,have,False,hopelessness,-0.0012388170696794986,0.0012388170696794986,0.4677259027957916,0.9842402935028076,0.35,1,1,600,FP32-token-IDs
MentalBERT,11q4ikh,309,9,2031,have,have,False,loneliness,0.007348046638071537,0.007348046638071537,0.616043746471405,0.9953562617301941,0.35,1,1,600,FP32-token-IDs
MentalBERT,11q4ikh,309,9,2031,have,have,False,sadness,0.005187415285035968,0.005187415285035968,0.4391052722930908,0.9585488438606262,0.35,1,1,600,FP32-token-IDs
MentalBERT,11q4ikh,309,9,2031,have,have,False,suicide intent,0.013613968269783071,0.013613968269783071,0.07946889847517014,0.28722327947616577,0.35,0,0,600,FP32-token-IDs
MentalBERT,11q4ikh,309,9,2031,have,have,False,worthlessness,-0.0029842270072549582,0.0029842270072549582,0.4997957646846771,0.9105085134506226,0.35,1,1,600,FP32-token-IDs
MentalBERT,11q4ikh,309,10,2053,no,no,False,anger,-0.0009993640240281813,0.0009993640240281813,0.32392627000808716,0.39464816451072693,0.35,0,1,600,FP32-token-IDs
MentalBERT,11q4ikh,309,10,2053,no,no,False,brain dysfunction (forget),-0.015630603372119366,0.015630603372119366,0.23395347595214844,0.39547374844551086,0.35,1,1,600,FP32-token-IDs
MentalBERT,11q4ikh,309,10,2053,no,no,False,emptiness,0.0436464600963518,0.0436464600963518,0.2586143910884857,0.9857175350189209,0.35,1,1,600,FP32-token-IDs
MentalBERT,11q4ikh,309,10,2053,no,no,False,hopelessness,0.03946990489494055,0.03946990489494055,0.4677259027957916,0.9842402935028076,0.35,1,1,600,FP32-token-IDs
MentalBERT,11q4ikh,309,10,2053,no,no,False,loneliness,0.010389665141701698,0.010389665141701698,0.616043746471405,0.9953562617301941,0.35,1,1,600,FP32-token-IDs
MentalBERT,11q4ikh,309,10,2053,no,no,False,sadness,0.031010021455585957,0.031010021455585957,0.4391052722930908,0.9585488438606262,0.35,1,1,600,FP32-token-IDs
MentalBERT,11q4ikh,309,10,2053,no,no,False,suicide intent,0.017710310287657193,0.017710310287657193,0.07946889847517014,0.28722327947616577,0.35,0,0,600,FP32-token-IDs
MentalBERT,11q4ikh,309,10,2053,no,no,False,worthlessness,0.05080856594722718,0.05080856594722718,0.4997957646846771,0.9105085134506226,0.35,1,1,600,FP32-token-IDs
MentalBERT,11q4ikh,309,11,2814,friends,friends,False,anger,-0.02068547597154975,0.02068547597154975,0.32392627000808716,0.39464816451072693,0.35,0,1,600,FP32-token-IDs
MentalBERT,11q4ikh,309,11,2814,friends,friends,False,brain dysfunction (forget),-0.026958354818634688,0.026958354818634688,0.23395347595214844,0.39547374844551086,0.35,1,1,600,FP32-token-IDs
MentalBERT,11q4ikh,309,11,2814,friends,friends,False,emptiness,0.025986602460034192,0.025986602460034192,0.2586143910884857,0.9857175350189209,0.35,1,1,600,FP32-token-IDs
MentalBERT,11q4ikh,309,11,2814,friends,friends,False,hopelessness,0.004266327177174389,0.004266327177174389,0.4677259027957916,0.9842402935028076,0.35,1,1,600,FP32-token-IDs
MentalBERT,11q4ikh,309,11,2814,friends,friends,False,loneliness,0.022149886935949326,0.022149886935949326,0.616043746471405,0.9953562617301941,0.35,1,1,600,FP32-token-IDs
MentalBERT,11q4ikh,309,11,2814,friends,friends,False,sadness,0.01550379442051053,0.01550379442051053,0.4391052722930908,0.9585488438606262,0.35,1,1,600,FP32-token-IDs
MentalBERT,11q4ikh,309,11,2814,friends,friends,False,suicide intent,0.01398352195683401,0.01398352195683401,0.07946889847517014,0.28722327947616577,0.35,0,0,600,FP32-token-IDs
MentalBERT,11q4ikh,309,11,2814,friends,friends,False,worthlessness,0.005796796665526927,0.005796796665526927,0.4997957646846771,0.9105085134506226,0.35,1,1,600,FP32-token-IDs
MentalBERT,11q4ikh,309,12,1010,",",",",False,anger,-0.0029278746340423824,0.0029278746340423824,0.32392627000808716,0.39464816451072693,0.35,0,1,600,FP32-token-IDs
MentalBERT,11q4ikh,309,12,1010,",",",",False,brain dysfunction (forget),-0.004549378715455531,0.004549378715455531,0.23395347595214844,0.39547374844551086,0.35,1,1,600,FP32-token-IDs
MentalBERT,11q4ikh,309,12,1010,",",",",False,emptiness,0.0037139028310775755,0.0037139028310775755,0.2586143910884857,0.9857175350189209,0.35,1,1,600,FP32-token-IDs
MentalBERT,11q4ikh,309,12,1010,",",",",False,hopelessness,-0.0016363749280571937,0.0016363749280571937,0.4677259027957916,0.9842402935028076,0.35,1,1,600,FP32-token-IDs
MentalBERT,11q4ikh,309,12,1010,",",",",False,loneliness,0.0010662712156772614,0.0010662712156772614,0.616043746471405,0.9953562617301941,0.35,1,1,600,FP32-token-IDs
MentalBERT,11q4ikh,309,12,1010,",",",",False,sadness,0.0005061933770775795,0.0005061933770775795,0.4391052722930908,0.9585488438606262,0.35,1,1,600,FP32-token-IDs
MentalBERT,11q4ikh,309,12,1010,",",",",False,suicide intent,0.014388354972470551,0.014388354972470551,0.07946889847517014,0.28722327947616577,0.35,0,0,600,FP32-token-IDs
MentalBERT,11q4ikh,309,12,1010,",",",",False,worthlessness,0.00036465320736169817,0.00036465320736169817,0.4997957646846771,0.9105085134506226,0.35,1,1,600,FP32-token-IDs
MentalBERT,11q4ikh,309,13,6343,nobody,nobody,False,anger,0.07018926616292447,0.07018926616292447,0.32392627000808716,0.39464816451072693,0.35,0,1,600,FP32-token-IDs
MentalBERT,11q4ikh,309,13,6343,nobody,nobody,False,brain dysfunction (forget),0.006874757027253509,0.006874757027253509,0.23395347595214844,0.39547374844551086,0.35,1,1,600,FP32-token-IDs
MentalBERT,11q4ikh,309,13,6343,nobody,nobody,False,emptiness,0.08314463519491255,0.08314463519491255,0.2586143910884857,0.9857175350189209,0.35,1,1,600,FP32-token-IDs
MentalBERT,11q4ikh,309,13,6343,nobody,nobody,False,hopelessness,0.06510784775018692,0.06510784775018692,0.4677259027957916,0.9842402935028076,0.35,1,1,600,FP32-token-IDs
MentalBERT,11q4ikh,309,13,6343,nobody,nobody,False,loneliness,0.045794453099370004,0.045794453099370004,0.616043746471405,0.9953562617301941,0.35,1,1,600,FP32-token-IDs
MentalBERT,11q4ikh,309,13,6343,nobody,nobody,False,sadness,0.0660188321955502,0.0660188321955502,0.4391052722930908,0.9585488438606262,0.35,1,1,600,FP32-token-IDs
MentalBERT,11q4ikh,309,13,6343,nobody,nobody,False,suicide intent,0.02233364781131968,0.02233364781131968,0.07946889847517014,0.28722327947616577,0.35,0,0,600,FP32-token-IDs
MentalBERT,11q4ikh,309,13,6343,nobody,nobody,False,worthlessness,0.07328662825748325,0.07328662825748325,0.4997957646846771,0.9105085134506226,0.35,1,1,600,FP32-token-IDs
MentalBERT,11q4ikh,309,14,1045,i,i,False,anger,0.029974661464802918,0.029974661464802918,0.32392627000808716,0.39464816451072693,0.35,0,1,600,FP32-token-IDs
MentalBERT,11q4ikh,309,14,1045,i,i,False,brain dysfunction (forget),0.002165066218003631,0.002165066218003631,0.23395347595214844,0.39547374844551086,0.35,1,1,600,FP32-token-IDs
MentalBERT,11q4ikh,309,14,1045,i,i,False,emptiness,0.022800463950261474,0.022800463950261474,0.2586143910884857,0.9857175350189209,0.35,1,1,600,FP32-token-IDs
MentalBERT,11q4ikh,309,14,1045,i,i,False,hopelessness,0.004051031731069088,0.004051031731069088,0.4677259027957916,0.9842402935028076,0.35,1,1,600,FP32-token-IDs
MentalBERT,11q4ikh,309,14,1045,i,i,False,loneliness,0.01901185102760792,0.01901185102760792,0.616043746471405,0.9953562617301941,0.35,1,1,600,FP32-token-IDs
MentalBERT,11q4ikh,309,14,1045,i,i,False,sadness,0.016456541884690524,0.016456541884690524,0.4391052722930908,0.9585488438606262,0.35,1,1,600,FP32-token-IDs
MentalBERT,11q4ikh,309,14,1045,i,i,False,suicide intent,0.01943436962319538,0.01943436962319538,0.07946889847517014,0.28722327947616577,0.35,0,0,600,FP32-token-IDs
MentalBERT,11q4ikh,309,14,1045,i,i,False,worthlessness,0.012991271819919348,0.012991271819919348,0.4997957646846771,0.9105085134506226,0.35,1,1,600,FP32-token-IDs
MentalBERT,11q4ikh,309,15,2064,can,can,False,anger,0.020697457413189114,0.020697457413189114,0.32392627000808716,0.39464816451072693,0.35,0,1,600,FP32-token-IDs
MentalBERT,11q4ikh,309,15,2064,can,can,False,brain dysfunction (forget),-0.007348676538094878,0.007348676538094878,0.23395347595214844,0.39547374844551086,0.35,1,1,600,FP32-token-IDs
MentalBERT,11q4ikh,309,15,2064,can,can,False,emptiness,0.002829272300004959,0.002829272300004959,0.2586143910884857,0.9857175350189209,0.35,1,1,600,FP32-token-IDs
MentalBERT,11q4ikh,309,15,2064,can,can,False,hopelessness,0.00042252494022250177,0.00042252494022250177,0.4677259027957916,0.9842402935028076,0.35,1,1,600,FP32-token-IDs
MentalBERT,11q4ikh,309,15,2064,can,can,False,loneliness,0.004247046634554863,0.004247046634554863,0.616043746471405,0.9953562617301941,0.35,1,1,600,FP32-token-IDs
MentalBERT,11q4ikh,309,15,2064,can,can,False,sadness,0.005047280620783567,0.005047280620783567,0.4391052722930908,0.9585488438606262,0.35,1,1,600,FP32-token-IDs
MentalBERT,11q4ikh,309,15,2064,can,can,False,suicide intent,0.005576975399162621,0.005576975399162621,0.07946889847517014,0.28722327947616577,0.35,0,0,600,FP32-token-IDs
MentalBERT,11q4ikh,309,15,2064,can,can,False,worthlessness,0.0014899679459631442,0.0014899679459631442,0.4997957646846771,0.9105085134506226,0.35,1,1,600,FP32-token-IDs
MentalBERT,11q4ikh,309,16,3404,trust,trust,False,anger,0.020697457413189114,0.020697457413189114,0.32392627000808716,0.39464816451072693,0.35,0,1,600,FP32-token-IDs
MentalBERT,11q4ikh,309,16,3404,trust,trust,False,brain dysfunction (forget),-0.007348676538094878,0.007348676538094878,0.23395347595214844,0.39547374844551086,0.35,1,1,600,FP32-token-IDs
MentalBERT,11q4ikh,309,16,3404,trust,trust,False,emptiness,0.002829272300004959,0.002829272300004959,0.2586143910884857,0.9857175350189209,0.35,1,1,600,FP32-token-IDs
MentalBERT,11q4ikh,309,16,3404,trust,trust,False,hopelessness,0.00042252494022250177,0.00042252494022250177,0.4677259027957916,0.9842402935028076,0.35,1,1,600,FP32-token-IDs
MentalBERT,11q4ikh,309,16,3404,trust,trust,False,loneliness,0.004247046634554863,0.004247046634554863,0.616043746471405,0.9953562617301941,0.35,1,1,600,FP32-token-IDs
MentalBERT,11q4ikh,309,16,3404,trust,trust,False,sadness,0.005047280620783567,0.005047280620783567,0.4391052722930908,0.9585488438606262,0.35,1,1,600,FP32-token-IDs
MentalBERT,11q4ikh,309,16,3404,trust,trust,False,suicide intent,0.005576975399162621,0.005576975399162621,0.07946889847517014,0.28722327947616577,0.35,0,0,600,FP32-token-IDs
MentalBERT,11q4ikh,309,16,3404,trust,trust,False,worthlessness,0.0014899679459631442,0.0014899679459631442,0.4997957646846771,0.9105085134506226,0.35,1,1,600,FP32-token-IDs
MentalBERT,11q4ikh,309,17,1012,.,.,False,anger,0.001203554030507803,0.001203554030507803,0.32392627000808716,0.39464816451072693,0.35,0,1,600,FP32-token-IDs
MentalBERT,11q4ikh,309,17,1012,.,.,False,brain dysfunction (forget),-0.012223682925105095,0.012223682925105095,0.23395347595214844,0.39547374844551086,0.35,1,1,600,FP32-token-IDs
MentalBERT,11q4ikh,309,17,1012,.,.,False,emptiness,0.005573555827140808,0.005573555827140808,0.2586143910884857,0.9857175350189209,0.35,1,1,600,FP32-token-IDs
MentalBERT,11q4ikh,309,17,1012,.,.,False,hopelessness,0.0029380407184362413,0.0029380407184362413,0.4677259027957916,0.9842402935028076,0.35,1,1,600,FP32-token-IDs
MentalBERT,11q4ikh,309,17,1012,.,.,False,loneliness,0.003164665400981903,0.003164665400981903,0.616043746471405,0.9953562617301941,0.35,1,1,600,FP32-token-IDs
MentalBERT,11q4ikh,309,17,1012,.,.,False,sadness,0.003694188594818115,0.003694188594818115,0.4391052722930908,0.9585488438606262,0.35,1,1,600,FP32-token-IDs
MentalBERT,11q4ikh,309,17,1012,.,.,False,suicide intent,0.007530210819095373,0.007530210819095373,0.07946889847517014,0.28722327947616577,0.35,0,0,600,FP32-token-IDs
MentalBERT,11q4ikh,309,17,1012,.,.,False,worthlessness,0.004677709564566613,0.004677709564566613,0.4997957646846771,0.9105085134506226,0.35,1,1,600,FP32-token-IDs
MentalBERT,11q4ikh,309,18,2026,my,my,False,anger,-0.00534237288714697,0.00534237288714697,0.32392627000808716,0.39464816451072693,0.35,0,1,600,FP32-token-IDs
MentalBERT,11q4ikh,309,18,2026,my,my,False,brain dysfunction (forget),-0.0038335456435258193,0.0038335456435258193,0.23395347595214844,0.39547374844551086,0.35,1,1,600,FP32-token-IDs
MentalBERT,11q4ikh,309,18,2026,my,my,False,emptiness,0.022115797890971105,0.022115797890971105,0.2586143910884857,0.9857175350189209,0.35,1,1,600,FP32-token-IDs
MentalBERT,11q4ikh,309,18,2026,my,my,False,hopelessness,0.024106450301284593,0.024106450301284593,0.4677259027957916,0.9842402935028076,0.35,1,1,600,FP32-token-IDs
MentalBERT,11q4ikh,309,18,2026,my,my,False,loneliness,0.007715738533685605,0.007715738533685605,0.616043746471405,0.9953562617301941,0.35,1,1,600,FP32-token-IDs
MentalBERT,11q4ikh,309,18,2026,my,my,False,sadness,0.021042371867224574,0.021042371867224574,0.4391052722930908,0.9585488438606262,0.35,1,1,600,FP32-token-IDs
MentalBERT,11q4ikh,309,18,2026,my,my,False,suicide intent,-0.017458330005562555,0.017458330005562555,0.07946889847517014,0.28722327947616577,0.35,0,0,600,FP32-token-IDs
MentalBERT,11q4ikh,309,18,2026,my,my,False,worthlessness,0.024294754024595022,0.024294754024595022,0.4997957646846771,0.9105085134506226,0.35,1,1,600,FP32-token-IDs
MentalBERT,11q4ikh,309,19,2166,life,life,False,anger,-0.00534237288714697,0.00534237288714697,0.32392627000808716,0.39464816451072693,0.35,0,1,600,FP32-token-IDs
MentalBERT,11q4ikh,309,19,2166,life,life,False,brain dysfunction (forget),-0.0038335456435258193,0.0038335456435258193,0.23395347595214844,0.39547374844551086,0.35,1,1,600,FP32-token-IDs
MentalBERT,11q4ikh,309,19,2166,life,life,False,emptiness,0.022115797890971105,0.022115797890971105,0.2586143910884857,0.9857175350189209,0.35,1,1,600,FP32-token-IDs
MentalBERT,11q4ikh,309,19,2166,life,life,False,hopelessness,0.024106450301284593,0.024106450301284593,0.4677259027957916,0.9842402935028076,0.35,1,1,600,FP32-token-IDs
MentalBERT,11q4ikh,309,19,2166,life,life,False,loneliness,0.007715738533685605,0.007715738533685605,0.616043746471405,0.9953562617301941,0.35,1,1,600,FP32-token-IDs
MentalBERT,11q4ikh,309,19,2166,life,life,False,sadness,0.021042371867224574,0.021042371867224574,0.4391052722930908,0.9585488438606262,0.35,1,1,600,FP32-token-IDs
MentalBERT,11q4ikh,309,19,2166,life,life,False,suicide intent,-0.017458330005562555,0.017458330005562555,0.07946889847517014,0.28722327947616577,0.35,0,0,600,FP32-token-IDs
MentalBERT,11q4ikh,309,19,2166,life,life,False,worthlessness,0.024294754024595022,0.024294754024595022,0.4997957646846771,0.9105085134506226,0.35,1,1,600,FP32-token-IDs
MentalBERT,11q4ikh,309,20,2003,is,is,False,anger,0.00013079463193813902,0.00013079463193813902,0.32392627000808716,0.39464816451072693,0.35,0,1,600,FP32-token-IDs
MentalBERT,11q4ikh,309,20,2003,is,is,False,brain dysfunction (forget),-0.001755912710602085,0.001755912710602085,0.23395347595214844,0.39547374844551086,0.35,1,1,600,FP32-token-IDs
MentalBERT,11q4ikh,309,20,2003,is,is,False,emptiness,0.01650366901109616,0.01650366901109616,0.2586143910884857,0.9857175350189209,0.35,1,1,600,FP32-token-IDs
MentalBERT,11q4ikh,309,20,2003,is,is,False,hopelessness,0.017776074974487226,0.017776074974487226,0.4677259027957916,0.9842402935028076,0.35,1,1,600,FP32-token-IDs
MentalBERT,11q4ikh,309,20,2003,is,is,False,loneliness,-0.0009767378990848858,0.0009767378990848858,0.616043746471405,0.9953562617301941,0.35,1,1,600,FP32-token-IDs
MentalBERT,11q4ikh,309,20,2003,is,is,False,sadness,0.012725031469017267,0.012725031469017267,0.4391052722930908,0.9585488438606262,0.35,1,1,600,FP32-token-IDs
MentalBERT,11q4ikh,309,20,2003,is,is,False,suicide intent,-0.01652793473719309,0.01652793473719309,0.07946889847517014,0.28722327947616577,0.35,0,0,600,FP32-token-IDs
MentalBERT,11q4ikh,309,20,2003,is,is,False,worthlessness,0.022151644341647625,0.022151644341647625,0.4997957646846771,0.9105085134506226,0.35,1,1,600,FP32-token-IDs
MentalBERT,11q4ikh,309,21,11333,wa,wa,False,anger,-0.03195280480819444,0.03195280480819444,0.32392627000808716,0.39464816451072693,0.35,0,1,600,FP32-token-IDs
MentalBERT,11q4ikh,309,21,11333,wa,wa,False,brain dysfunction (forget),0.0026020685521264872,0.0026020685521264872,0.23395347595214844,0.39547374844551086,0.35,1,1,600,FP32-token-IDs
MentalBERT,11q4ikh,309,21,11333,wa,wa,False,emptiness,0.0047815116122365,0.0047815116122365,0.2586143910884857,0.9857175350189209,0.35,1,1,600,FP32-token-IDs
MentalBERT,11q4ikh,309,21,11333,wa,wa,False,hopelessness,-0.0008887443691492081,0.0008887443691492081,0.4677259027957916,0.9842402935028076,0.35,1,1,600,FP32-token-IDs
MentalBERT,11q4ikh,309,21,11333,wa,wa,False,loneliness,0.002082852491488059,0.002082852491488059,0.616043746471405,0.9953562617301941,0.35,1,1,600,FP32-token-IDs
MentalBERT,11q4ikh,309,21,11333,wa,wa,False,sadness,-0.004067013971507549,0.004067013971507549,0.4391052722930908,0.9585488438606262,0.35,1,1,600,FP32-token-IDs
MentalBERT,11q4ikh,309,21,11333,wa,wa,False,suicide intent,-0.021869772695936263,0.021869772695936263,0.07946889847517014,0.28722327947616577,0.35,0,0,600,FP32-token-IDs
MentalBERT,11q4ikh,309,21,11333,wa,wa,False,worthlessness,-0.0005522804955641428,0.0005522804955641428,0.4997957646846771,0.9105085134506226,0.35,1,1,600,FP32-token-IDs
MentalBERT,11q4ikh,309,22,17413,##cky,cky,False,anger,-0.03195280480819444,0.03195280480819444,0.32392627000808716,0.39464816451072693,0.35,0,1,600,FP32-token-IDs
MentalBERT,11q4ikh,309,22,17413,##cky,cky,False,brain dysfunction (forget),0.0026020685521264872,0.0026020685521264872,0.23395347595214844,0.39547374844551086,0.35,1,1,600,FP32-token-IDs
MentalBERT,11q4ikh,309,22,17413,##cky,cky,False,emptiness,0.0047815116122365,0.0047815116122365,0.2586143910884857,0.9857175350189209,0.35,1,1,600,FP32-token-IDs
MentalBERT,11q4ikh,309,22,17413,##cky,cky,False,hopelessness,-0.0008887443691492081,0.0008887443691492081,0.4677259027957916,0.9842402935028076,0.35,1,1,600,FP32-token-IDs
MentalBERT,11q4ikh,309,22,17413,##cky,cky,False,loneliness,0.002082852491488059,0.002082852491488059,0.616043746471405,0.9953562617301941,0.35,1,1,600,FP32-token-IDs
MentalBERT,11q4ikh,309,22,17413,##cky,cky,False,sadness,-0.004067013971507549,0.004067013971507549,0.4391052722930908,0.9585488438606262,0.35,1,1,600,FP32-token-IDs
MentalBERT,11q4ikh,309,22,17413,##cky,cky,False,suicide intent,-0.021869772695936263,0.021869772695936263,0.07946889847517014,0.28722327947616577,0.35,0,0,600,FP32-token-IDs
MentalBERT,11q4ikh,309,22,17413,##cky,cky,False,worthlessness,-0.0005522804955641428,0.0005522804955641428,0.4997957646846771,0.9105085134506226,0.35,1,1,600,FP32-token-IDs
MentalBERT,11q4ikh,309,23,1010,",",",",False,anger,-0.029008725580448907,0.029008725580448907,0.32392627000808716,0.39464816451072693,0.35,0,1,600,FP32-token-IDs
MentalBERT,11q4ikh,309,23,1010,",",",",False,brain dysfunction (forget),0.002073008411874374,0.002073008411874374,0.23395347595214844,0.39547374844551086,0.35,1,1,600,FP32-token-IDs
MentalBERT,11q4ikh,309,23,1010,",",",",False,emptiness,0.004329044371843338,0.004329044371843338,0.2586143910884857,0.9857175350189209,0.35,1,1,600,FP32-token-IDs
MentalBERT,11q4ikh,309,23,1010,",",",",False,hopelessness,-0.0005490602925419807,0.0005490602925419807,0.4677259027957916,0.9842402935028076,0.35,1,1,600,FP32-token-IDs
MentalBERT,11q4ikh,309,23,1010,",",",",False,loneliness,0.0019390977298219998,0.0019390977298219998,0.616043746471405,0.9953562617301941,0.35,1,1,600,FP32-token-IDs
MentalBERT,11q4ikh,309,23,1010,",",",",False,sadness,-0.0032845214009284973,0.0032845214009284973,0.4391052722930908,0.9585488438606262,0.35,1,1,600,FP32-token-IDs
MentalBERT,11q4ikh,309,23,1010,",",",",False,suicide intent,-0.02107385010458529,0.02107385010458529,0.07946889847517014,0.28722327947616577,0.35,0,0,600,FP32-token-IDs
MentalBERT,11q4ikh,309,23,1010,",",",",False,worthlessness,-0.0001278842488924662,0.0001278842488924662,0.4997957646846771,0.9105085134506226,0.35,1,1,600,FP32-token-IDs
MentalBERT,11q4ikh,309,24,1045,i,i,False,anger,0.007800831343047321,0.007800831343047321,0.32392627000808716,0.39464816451072693,0.35,0,1,600,FP32-token-IDs
MentalBERT,11q4ikh,309,24,1045,i,i,False,brain dysfunction (forget),0.011562376798662757,0.011562376798662757,0.23395347595214844,0.39547374844551086,0.35,1,1,600,FP32-token-IDs
MentalBERT,11q4ikh,309,24,1045,i,i,False,emptiness,0.01252988715922194,0.01252988715922194,0.2586143910884857,0.9857175350189209,0.35,1,1,600,FP32-token-IDs
MentalBERT,11q4ikh,309,24,1045,i,i,False,hopelessness,0.005407570462141718,0.005407570462141718,0.4677259027957916,0.9842402935028076,0.35,1,1,600,FP32-token-IDs
MentalBERT,11q4ikh,309,24,1045,i,i,False,loneliness,0.0008689853628831251,0.0008689853628831251,0.616043746471405,0.9953562617301941,0.35,1,1,600,FP32-token-IDs
MentalBERT,11q4ikh,309,24,1045,i,i,False,sadness,0.002635182812809944,0.002635182812809944,0.4391052722930908,0.9585488438606262,0.35,1,1,600,FP32-token-IDs
MentalBERT,11q4ikh,309,24,1045,i,i,False,suicide intent,0.005967406988410013,0.005967406988410013,0.07946889847517014,0.28722327947616577,0.35,0,0,600,FP32-token-IDs
MentalBERT,11q4ikh,309,24,1045,i,i,False,worthlessness,0.011894495259704334,0.011894495259704334,0.4997957646846771,0.9105085134506226,0.35,1,1,600,FP32-token-IDs
MentalBERT,11q4ikh,309,25,1521,’,’,False,anger,0.007800831343047321,0.007800831343047321,0.32392627000808716,0.39464816451072693,0.35,0,1,600,FP32-token-IDs
MentalBERT,11q4ikh,309,25,1521,’,’,False,brain dysfunction (forget),0.011562376798662757,0.011562376798662757,0.23395347595214844,0.39547374844551086,0.35,1,1,600,FP32-token-IDs
MentalBERT,11q4ikh,309,25,1521,’,’,False,emptiness,0.01252988715922194,0.01252988715922194,0.2586143910884857,0.9857175350189209,0.35,1,1,600,FP32-token-IDs
MentalBERT,11q4ikh,309,25,1521,’,’,False,hopelessness,0.005407570462141718,0.005407570462141718,0.4677259027957916,0.9842402935028076,0.35,1,1,600,FP32-token-IDs
MentalBERT,11q4ikh,309,25,1521,’,’,False,loneliness,0.0008689853628831251,0.0008689853628831251,0.616043746471405,0.9953562617301941,0.35,1,1,600,FP32-token-IDs
MentalBERT,11q4ikh,309,25,1521,’,’,False,sadness,0.002635182812809944,0.002635182812809944,0.4391052722930908,0.9585488438606262,0.35,1,1,600,FP32-token-IDs
MentalBERT,11q4ikh,309,25,1521,’,’,False,suicide intent,0.005967406988410013,0.005967406988410013,0.07946889847517014,0.28722327947616577,0.35,0,0,600,FP32-token-IDs
MentalBERT,11q4ikh,309,25,1521,’,’,False,worthlessness,0.011894495259704334,0.011894495259704334,0.4997957646846771,0.9105085134506226,0.35,1,1,600,FP32-token-IDs
MentalBERT,11q4ikh,309,26,1049,m,m,False,anger,0.013552805176004767,0.013552805176004767,0.32392627000808716,0.39464816451072693,0.35,0,1,600,FP32-token-IDs
MentalBERT,11q4ikh,309,26,1049,m,m,False,brain dysfunction (forget),0.009176799378890012,0.009176799378890012,0.23395347595214844,0.39547374844551086,0.35,1,1,600,FP32-token-IDs
MentalBERT,11q4ikh,309,26,1049,m,m,False,emptiness,0.04305287300875144,0.04305287300875144,0.2586143910884857,0.9857175350189209,0.35,1,1,600,FP32-token-IDs
MentalBERT,11q4ikh,309,26,1049,m,m,False,hopelessness,0.02468732518276998,0.02468732518276998,0.4677259027957916,0.9842402935028076,0.35,1,1,600,FP32-token-IDs
MentalBERT,11q4ikh,309,26,1049,m,m,False,loneliness,0.013588403285081898,0.013588403285081898,0.616043746471405,0.9953562617301941,0.35,1,1,600,FP32-token-IDs
MentalBERT,11q4ikh,309,26,1049,m,m,False,sadness,0.016598063055425882,0.016598063055425882,0.4391052722930908,0.9585488438606262,0.35,1,1,600,FP32-token-IDs
MentalBERT,11q4ikh,309,26,1049,m,m,False,suicide intent,0.0062180737399363094,0.0062180737399363094,0.07946889847517014,0.28722327947616577,0.35,0,0,600,FP32-token-IDs
MentalBERT,11q4ikh,309,26,1049,m,m,False,worthlessness,0.03539624813544963,0.03539624813544963,0.4997957646846771,0.9105085134506226,0.35,1,1,600,FP32-token-IDs
MentalBERT,11q4ikh,309,27,2498,nothing,nothing,False,anger,0.013552805176004767,0.013552805176004767,0.32392627000808716,0.39464816451072693,0.35,0,1,600,FP32-token-IDs
MentalBERT,11q4ikh,309,27,2498,nothing,nothing,False,brain dysfunction (forget),0.009176799378890012,0.009176799378890012,0.23395347595214844,0.39547374844551086,0.35,1,1,600,FP32-token-IDs
MentalBERT,11q4ikh,309,27,2498,nothing,nothing,False,emptiness,0.04305287300875144,0.04305287300875144,0.2586143910884857,0.9857175350189209,0.35,1,1,600,FP32-token-IDs
MentalBERT,11q4ikh,309,27,2498,nothing,nothing,False,hopelessness,0.02468732518276998,0.02468732518276998,0.4677259027957916,0.9842402935028076,0.35,1,1,600,FP32-token-IDs
MentalBERT,11q4ikh,309,27,2498,nothing,nothing,False,loneliness,0.013588403285081898,0.013588403285081898,0.616043746471405,0.9953562617301941,0.35,1,1,600,FP32-token-IDs
MentalBERT,11q4ikh,309,27,2498,nothing,nothing,False,sadness,0.016598063055425882,0.016598063055425882,0.4391052722930908,0.9585488438606262,0.35,1,1,600,FP32-token-IDs
MentalBERT,11q4ikh,309,27,2498,nothing,nothing,False,suicide intent,0.0062180737399363094,0.0062180737399363094,0.07946889847517014,0.28722327947616577,0.35,0,0,600,FP32-token-IDs
MentalBERT,11q4ikh,309,27,2498,nothing,nothing,False,worthlessness,0.03539624813544963,0.03539624813544963,0.4997957646846771,0.9105085134506226,0.35,1,1,600,FP32-token-IDs
MentalBERT,11q4ikh,309,28,2021,but,but,False,anger,-0.037295618172114096,0.037295618172114096,0.32392627000808716,0.39464816451072693,0.35,0,1,600,FP32-token-IDs
MentalBERT,11q4ikh,309,28,2021,but,but,False,brain dysfunction (forget),0.04045570635103753,0.04045570635103753,0.23395347595214844,0.39547374844551086,0.35,1,1,600,FP32-token-IDs
MentalBERT,11q4ikh,309,28,2021,but,but,False,emptiness,-0.007145023771694728,0.007145023771694728,0.2586143910884857,0.9857175350189209,0.35,1,1,600,FP32-token-IDs
MentalBERT,11q4ikh,309,28,2021,but,but,False,hopelessness,-0.0011537110078192892,0.0011537110078192892,0.4677259027957916,0.9842402935028076,0.35,1,1,600,FP32-token-IDs
MentalBERT,11q4ikh,309,28,2021,but,but,False,loneliness,-0.008761754170769737,0.008761754170769737,0.616043746471405,0.9953562617301941,0.35,1,1,600,FP32-token-IDs
MentalBERT,11q4ikh,309,28,2021,but,but,False,sadness,-0.01080709882080555,0.01080709882080555,0.4391052722930908,0.9585488438606262,0.35,1,1,600,FP32-token-IDs
MentalBERT,11q4ikh,309,28,2021,but,but,False,suicide intent,-0.0014800190637331632,0.0014800190637331632,0.07946889847517014,0.28722327947616577,0.35,0,0,600,FP32-token-IDs
MentalBERT,11q4ikh,309,28,2021,but,but,False,worthlessness,-0.007816851493858155,0.007816851493858155,0.4997957646846771,0.9105085134506226,0.35,1,1,600,FP32-token-IDs
MentalBERT,11q4ikh,309,29,5177,mental,mental,False,anger,-0.04207462429379424,0.04207462429379424,0.32392627000808716,0.39464816451072693,0.35,0,1,600,FP32-token-IDs
MentalBERT,11q4ikh,309,29,5177,mental,mental,False,brain dysfunction (forget),0.05013536864758602,0.05013536864758602,0.23395347595214844,0.39547374844551086,0.35,1,1,600,FP32-token-IDs
MentalBERT,11q4ikh,309,29,5177,mental,mental,False,emptiness,-0.007523677178791591,0.007523677178791591,0.2586143910884857,0.9857175350189209,0.35,1,1,600,FP32-token-IDs
MentalBERT,11q4ikh,309,29,5177,mental,mental,False,hopelessness,-0.0026997227798260396,0.0026997227798260396,0.4677259027957916,0.9842402935028076,0.35,1,1,600,FP32-token-IDs
MentalBERT,11q4ikh,309,29,5177,mental,mental,False,loneliness,-0.010903820306772278,0.010903820306772278,0.616043746471405,0.9953562617301941,0.35,1,1,600,FP32-token-IDs
MentalBERT,11q4ikh,309,29,5177,mental,mental,False,sadness,-0.01523838983848691,0.01523838983848691,0.4391052722930908,0.9585488438606262,0.35,1,1,600,FP32-token-IDs
MentalBERT,11q4ikh,309,29,5177,mental,mental,False,suicide intent,0.0022909670425135466,0.0022909670425135466,0.07946889847517014,0.28722327947616577,0.35,0,0,600,FP32-token-IDs
MentalBERT,11q4ikh,309,29,5177,mental,mental,False,worthlessness,-0.007770055794112739,0.007770055794112739,0.4997957646846771,0.9105085134506226,0.35,1,1,600,FP32-token-IDs
MentalBERT,11q4ikh,309,30,1012,.,.,False,anger,-0.04207462429379424,0.04207462429379424,0.32392627000808716,0.39464816451072693,0.35,0,1,600,FP32-token-IDs
MentalBERT,11q4ikh,309,30,1012,.,.,False,brain dysfunction (forget),0.05013536864758602,0.05013536864758602,0.23395347595214844,0.39547374844551086,0.35,1,1,600,FP32-token-IDs
MentalBERT,11q4ikh,309,30,1012,.,.,False,emptiness,-0.007523677178791591,0.007523677178791591,0.2586143910884857,0.9857175350189209,0.35,1,1,600,FP32-token-IDs
MentalBERT,11q4ikh,309,30,1012,.,.,False,hopelessness,-0.0026997227798260396,0.0026997227798260396,0.4677259027957916,0.9842402935028076,0.35,1,1,600,FP32-token-IDs
MentalBERT,11q4ikh,309,30,1012,.,.,False,loneliness,-0.010903820306772278,0.010903820306772278,0.616043746471405,0.9953562617301941,0.35,1,1,600,FP32-token-IDs
MentalBERT,11q4ikh,309,30,1012,.,.,False,sadness,-0.01523838983848691,0.01523838983848691,0.4391052722930908,0.9585488438606262,0.35,1,1,600,FP32-token-IDs
MentalBERT,11q4ikh,309,30,1012,.,.,False,suicide intent,0.0022909670425135466,0.0022909670425135466,0.07946889847517014,0.28722327947616577,0.35,0,0,600,FP32-token-IDs
MentalBERT,11q4ikh,309,30,1012,.,.,False,worthlessness,-0.007770055794112739,0.007770055794112739,0.4997957646846771,0.9105085134506226,0.35,1,1,600,FP32-token-IDs
MentalBERT,11q4ikh,309,31,1045,i,i,False,anger,-0.0032885420912255837,0.0032885420912255837,0.32392627000808716,0.39464816451072693,0.35,0,1,600,FP32-token-IDs
MentalBERT,11q4ikh,309,31,1045,i,i,False,brain dysfunction (forget),-0.003753503163655599,0.003753503163655599,0.23395347595214844,0.39547374844551086,0.35,1,1,600,FP32-token-IDs
MentalBERT,11q4ikh,309,31,1045,i,i,False,emptiness,-0.0007158829364925623,0.0007158829364925623,0.2586143910884857,0.9857175350189209,0.35,1,1,600,FP32-token-IDs
MentalBERT,11q4ikh,309,31,1045,i,i,False,hopelessness,0.00401187709843119,0.00401187709843119,0.4677259027957916,0.9842402935028076,0.35,1,1,600,FP32-token-IDs
MentalBERT,11q4ikh,309,31,1045,i,i,False,loneliness,-0.0025083086142937343,0.0025083086142937343,0.616043746471405,0.9953562617301941,0.35,1,1,600,FP32-token-IDs
MentalBERT,11q4ikh,309,31,1045,i,i,False,sadness,0.002382928722848495,0.002382928722848495,0.4391052722930908,0.9585488438606262,0.35,1,1,600,FP32-token-IDs
MentalBERT,11q4ikh,309,31,1045,i,i,False,suicide intent,-0.004114612645935267,0.004114612645935267,0.07946889847517014,0.28722327947616577,0.35,0,0,600,FP32-token-IDs
MentalBERT,11q4ikh,309,31,1045,i,i,False,worthlessness,0.001870369895671805,0.001870369895671805,0.4997957646846771,0.9105085134506226,0.35,1,1,600,FP32-token-IDs
MentalBERT,11q4ikh,309,32,1521,’,’,False,anger,-0.0032885420912255837,0.0032885420912255837,0.32392627000808716,0.39464816451072693,0.35,0,1,600,FP32-token-IDs
MentalBERT,11q4ikh,309,32,1521,’,’,False,brain dysfunction (forget),-0.003753503163655599,0.003753503163655599,0.23395347595214844,0.39547374844551086,0.35,1,1,600,FP32-token-IDs
MentalBERT,11q4ikh,309,32,1521,’,’,False,emptiness,-0.0007158829364925623,0.0007158829364925623,0.2586143910884857,0.9857175350189209,0.35,1,1,600,FP32-token-IDs
MentalBERT,11q4ikh,309,32,1521,’,’,False,hopelessness,0.00401187709843119,0.00401187709843119,0.4677259027957916,0.9842402935028076,0.35,1,1,600,FP32-token-IDs
MentalBERT,11q4ikh,309,32,1521,’,’,False,loneliness,-0.0025083086142937343,0.0025083086142937343,0.616043746471405,0.9953562617301941,0.35,1,1,600,FP32-token-IDs
MentalBERT,11q4ikh,309,32,1521,’,’,False,sadness,0.002382928722848495,0.002382928722848495,0.4391052722930908,0.9585488438606262,0.35,1,1,600,FP32-token-IDs
MentalBERT,11q4ikh,309,32,1521,’,’,False,suicide intent,-0.004114612645935267,0.004114612645935267,0.07946889847517014,0.28722327947616577,0.35,0,0,600,FP32-token-IDs
MentalBERT,11q4ikh,309,32,1521,’,’,False,worthlessness,0.001870369895671805,0.001870369895671805,0.4997957646846771,0.9105085134506226,0.35,1,1,600,FP32-token-IDs
MentalBERT,11q4ikh,309,33,1049,m,m,False,anger,-0.01436560812095801,0.01436560812095801,0.32392627000808716,0.39464816451072693,0.35,0,1,600,FP32-token-IDs
MentalBERT,11q4ikh,309,33,1049,m,m,False,brain dysfunction (forget),-0.017066937522031367,0.017066937522031367,0.23395347595214844,0.39547374844551086,0.35,1,1,600,FP32-token-IDs
MentalBERT,11q4ikh,309,33,1049,m,m,False,emptiness,-0.003496381989680231,0.003496381989680231,0.2586143910884857,0.9857175350189209,0.35,1,1,600,FP32-token-IDs
MentalBERT,11q4ikh,309,33,1049,m,m,False,hopelessness,-0.004665094908947746,0.004665094908947746,0.4677259027957916,0.9842402935028076,0.35,1,1,600,FP32-token-IDs
MentalBERT,11q4ikh,309,33,1049,m,m,False,loneliness,0.0006070654373615983,0.0006070654373615983,0.616043746471405,0.9953562617301941,0.35,1,1,600,FP32-token-IDs
MentalBERT,11q4ikh,309,33,1049,m,m,False,sadness,-0.004061912822847565,0.004061912822847565,0.4391052722930908,0.9585488438606262,0.35,1,1,600,FP32-token-IDs
MentalBERT,11q4ikh,309,33,1049,m,m,False,suicide intent,-0.018599592915658526,0.018599592915658526,0.07946889847517014,0.28722327947616577,0.35,0,0,600,FP32-token-IDs
MentalBERT,11q4ikh,309,33,1049,m,m,False,worthlessness,-0.010104280617088079,0.010104280617088079,0.4997957646846771,0.9105085134506226,0.35,1,1,600,FP32-token-IDs
MentalBERT,11q4ikh,309,34,2725,doing,doing,False,anger,-0.01436560812095801,0.01436560812095801,0.32392627000808716,0.39464816451072693,0.35,0,1,600,FP32-token-IDs
MentalBERT,11q4ikh,309,34,2725,doing,doing,False,brain dysfunction (forget),-0.017066937522031367,0.017066937522031367,0.23395347595214844,0.39547374844551086,0.35,1,1,600,FP32-token-IDs
MentalBERT,11q4ikh,309,34,2725,doing,doing,False,emptiness,-0.003496381989680231,0.003496381989680231,0.2586143910884857,0.9857175350189209,0.35,1,1,600,FP32-token-IDs
MentalBERT,11q4ikh,309,34,2725,doing,doing,False,hopelessness,-0.004665094908947746,0.004665094908947746,0.4677259027957916,0.9842402935028076,0.35,1,1,600,FP32-token-IDs
MentalBERT,11q4ikh,309,34,2725,doing,doing,False,loneliness,0.0006070654373615983,0.0006070654373615983,0.616043746471405,0.9953562617301941,0.35,1,1,600,FP32-token-IDs
MentalBERT,11q4ikh,309,34,2725,doing,doing,False,sadness,-0.004061912822847565,0.004061912822847565,0.4391052722930908,0.9585488438606262,0.35,1,1,600,FP32-token-IDs
MentalBERT,11q4ikh,309,34,2725,doing,doing,False,suicide intent,-0.018599592915658526,0.018599592915658526,0.07946889847517014,0.28722327947616577,0.35,0,0,600,FP32-token-IDs
MentalBERT,11q4ikh,309,34,2725,doing,doing,False,worthlessness,-0.010104280617088079,0.010104280617088079,0.4997957646846771,0.9105085134506226,0.35,1,1,600,FP32-token-IDs
MentalBERT,11q4ikh,309,35,2267,college,college,False,anger,-0.033905736884723106,0.033905736884723106,0.32392627000808716,0.39464816451072693,0.35,0,1,600,FP32-token-IDs
MentalBERT,11q4ikh,309,35,2267,college,college,False,brain dysfunction (forget),-0.05290679051540792,0.05290679051540792,0.23395347595214844,0.39547374844551086,0.35,1,1,600,FP32-token-IDs
MentalBERT,11q4ikh,309,35,2267,college,college,False,emptiness,-0.0059650456067174675,0.0059650456067174675,0.2586143910884857,0.9857175350189209,0.35,1,1,600,FP32-token-IDs
MentalBERT,11q4ikh,309,35,2267,college,college,False,hopelessness,-0.03191312846417228,0.03191312846417228,0.4677259027957916,0.9842402935028076,0.35,1,1,600,FP32-token-IDs
MentalBERT,11q4ikh,309,35,2267,college,college,False,loneliness,0.03425444597378373,0.03425444597378373,0.616043746471405,0.9953562617301941,0.35,1,1,600,FP32-token-IDs
MentalBERT,11q4ikh,309,35,2267,college,college,False,sadness,-0.01074978377049168,0.01074978377049168,0.4391052722930908,0.9585488438606262,0.35,1,1,600,FP32-token-IDs
MentalBERT,11q4ikh,309,35,2267,college,college,False,suicide intent,-0.05413522196856017,0.05413522196856017,0.07946889847517014,0.28722327947616577,0.35,0,0,600,FP32-token-IDs
MentalBERT,11q4ikh,309,35,2267,college,college,False,worthlessness,-0.052504751551896336,0.052504751551896336,0.4997957646846771,0.9105085134506226,0.35,1,1,600,FP32-token-IDs
MentalBERT,11q4ikh,309,36,1998,and,and,False,anger,-0.002831945484060617,0.002831945484060617,0.32392627000808716,0.39464816451072693,0.35,0,1,600,FP32-token-IDs
MentalBERT,11q4ikh,309,36,1998,and,and,False,brain dysfunction (forget),0.002144212745839641,0.002144212745839641,0.23395347595214844,0.39547374844551086,0.35,1,1,600,FP32-token-IDs
MentalBERT,11q4ikh,309,36,1998,and,and,False,emptiness,-0.001304330193393287,0.001304330193393287,0.2586143910884857,0.9857175350189209,0.35,1,1,600,FP32-token-IDs
MentalBERT,11q4ikh,309,36,1998,and,and,False,hopelessness,0.0032935919949696178,0.0032935919949696178,0.4677259027957916,0.9842402935028076,0.35,1,1,600,FP32-token-IDs
MentalBERT,11q4ikh,309,36,1998,and,and,False,loneliness,-0.004097171526934419,0.004097171526934419,0.616043746471405,0.9953562617301941,0.35,1,1,600,FP32-token-IDs
MentalBERT,11q4ikh,309,36,1998,and,and,False,sadness,0.0025462453209218524,0.0025462453209218524,0.4391052722930908,0.9585488438606262,0.35,1,1,600,FP32-token-IDs
MentalBERT,11q4ikh,309,36,1998,and,and,False,suicide intent,0.0021002356384304307,0.0021002356384304307,0.07946889847517014,0.28722327947616577,0.35,0,0,600,FP32-token-IDs
MentalBERT,11q4ikh,309,36,1998,and,and,False,worthlessness,0.002138616960673105,0.002138616960673105,0.4997957646846771,0.9105085134506226,0.35,1,1,600,FP32-token-IDs
MentalBERT,11q4ikh,309,37,1045,i,i,False,anger,-0.002831945484060617,0.002831945484060617,0.32392627000808716,0.39464816451072693,0.35,0,1,600,FP32-token-IDs
MentalBERT,11q4ikh,309,37,1045,i,i,False,brain dysfunction (forget),0.002144212745839641,0.002144212745839641,0.23395347595214844,0.39547374844551086,0.35,1,1,600,FP32-token-IDs
MentalBERT,11q4ikh,309,37,1045,i,i,False,emptiness,-0.001304330193393287,0.001304330193393287,0.2586143910884857,0.9857175350189209,0.35,1,1,600,FP32-token-IDs
MentalBERT,11q4ikh,309,37,1045,i,i,False,hopelessness,0.0032935919949696178,0.0032935919949696178,0.4677259027957916,0.9842402935028076,0.35,1,1,600,FP32-token-IDs
MentalBERT,11q4ikh,309,37,1045,i,i,False,loneliness,-0.004097171526934419,0.004097171526934419,0.616043746471405,0.9953562617301941,0.35,1,1,600,FP32-token-IDs
MentalBERT,11q4ikh,309,37,1045,i,i,False,sadness,0.0025462453209218524,0.0025462453209218524,0.4391052722930908,0.9585488438606262,0.35,1,1,600,FP32-token-IDs
MentalBERT,11q4ikh,309,37,1045,i,i,False,suicide intent,0.0021002356384304307,0.0021002356384304307,0.07946889847517014,0.28722327947616577,0.35,0,0,600,FP32-token-IDs
MentalBERT,11q4ikh,309,37,1045,i,i,False,worthlessness,0.002138616960673105,0.002138616960673105,0.4997957646846771,0.9105085134506226,0.35,1,1,600,FP32-token-IDs
MentalBERT,11q4ikh,309,38,2228,think,think,False,anger,-0.002831945484060617,0.002831945484060617,0.32392627000808716,0.39464816451072693,0.35,0,1,600,FP32-token-IDs
MentalBERT,11q4ikh,309,38,2228,think,think,False,brain dysfunction (forget),0.002144212745839641,0.002144212745839641,0.23395347595214844,0.39547374844551086,0.35,1,1,600,FP32-token-IDs
MentalBERT,11q4ikh,309,38,2228,think,think,False,emptiness,-0.001304330193393287,0.001304330193393287,0.2586143910884857,0.9857175350189209,0.35,1,1,600,FP32-token-IDs
MentalBERT,11q4ikh,309,38,2228,think,think,False,hopelessness,0.0032935919949696178,0.0032935919949696178,0.4677259027957916,0.9842402935028076,0.35,1,1,600,FP32-token-IDs
MentalBERT,11q4ikh,309,38,2228,think,think,False,loneliness,-0.004097171526934419,0.004097171526934419,0.616043746471405,0.9953562617301941,0.35,1,1,600,FP32-token-IDs
MentalBERT,11q4ikh,309,38,2228,think,think,False,sadness,0.0025462453209218524,0.0025462453209218524,0.4391052722930908,0.9585488438606262,0.35,1,1,600,FP32-token-IDs
MentalBERT,11q4ikh,309,38,2228,think,think,False,suicide intent,0.0021002356384304307,0.0021002356384304307,0.07946889847517014,0.28722327947616577,0.35,0,0,600,FP32-token-IDs
MentalBERT,11q4ikh,309,38,2228,think,think,False,worthlessness,0.002138616960673105,0.002138616960673105,0.4997957646846771,0.9105085134506226,0.35,1,1,600,FP32-token-IDs
MentalBERT,11q4ikh,309,39,1045,i,i,False,anger,0.006094950079430072,0.006094950079430072,0.32392627000808716,0.39464816451072693,0.35,0,1,600,FP32-token-IDs
MentalBERT,11q4ikh,309,39,1045,i,i,False,brain dysfunction (forget),0.01391838431646604,0.01391838431646604,0.23395347595214844,0.39547374844551086,0.35,1,1,600,FP32-token-IDs
MentalBERT,11q4ikh,309,39,1045,i,i,False,emptiness,0.0016683614757355481,0.0016683614757355481,0.2586143910884857,0.9857175350189209,0.35,1,1,600,FP32-token-IDs
MentalBERT,11q4ikh,309,39,1045,i,i,False,hopelessness,0.005478874214791825,0.005478874214791825,0.4677259027957916,0.9842402935028076,0.35,1,1,600,FP32-token-IDs
MentalBERT,11q4ikh,309,39,1045,i,i,False,loneliness,-0.00374042414616616,0.00374042414616616,0.616043746471405,0.9953562617301941,0.35,1,1,600,FP32-token-IDs
MentalBERT,11q4ikh,309,39,1045,i,i,False,sadness,0.0035343357317504432,0.0035343357317504432,0.4391052722930908,0.9585488438606262,0.35,1,1,600,FP32-token-IDs
MentalBERT,11q4ikh,309,39,1045,i,i,False,suicide intent,0.028859587843596404,0.028859587843596404,0.07946889847517014,0.28722327947616577,0.35,0,0,600,FP32-token-IDs
MentalBERT,11q4ikh,309,39,1045,i,i,False,worthlessness,0.005515569255554249,0.005515569255554249,0.4997957646846771,0.9105085134506226,0.35,1,1,600,FP32-token-IDs
MentalBERT,11q4ikh,309,40,2097,will,will,False,anger,0.006094950079430072,0.006094950079430072,0.32392627000808716,0.39464816451072693,0.35,0,1,600,FP32-token-IDs
MentalBERT,11q4ikh,309,40,2097,will,will,False,brain dysfunction (forget),0.01391838431646604,0.01391838431646604,0.23395347595214844,0.39547374844551086,0.35,1,1,600,FP32-token-IDs
MentalBERT,11q4ikh,309,40,2097,will,will,False,emptiness,0.0016683614757355481,0.0016683614757355481,0.2586143910884857,0.9857175350189209,0.35,1,1,600,FP32-token-IDs
MentalBERT,11q4ikh,309,40,2097,will,will,False,hopelessness,0.005478874214791825,0.005478874214791825,0.4677259027957916,0.9842402935028076,0.35,1,1,600,FP32-token-IDs
MentalBERT,11q4ikh,309,40,2097,will,will,False,loneliness,-0.00374042414616616,0.00374042414616616,0.616043746471405,0.9953562617301941,0.35,1,1,600,FP32-token-IDs
MentalBERT,11q4ikh,309,40,2097,will,will,False,sadness,0.0035343357317504432,0.0035343357317504432,0.4391052722930908,0.9585488438606262,0.35,1,1,600,FP32-token-IDs
MentalBERT,11q4ikh,309,40,2097,will,will,False,suicide intent,0.028859587843596404,0.028859587843596404,0.07946889847517014,0.28722327947616577,0.35,0,0,600,FP32-token-IDs
MentalBERT,11q4ikh,309,40,2097,will,will,False,worthlessness,0.005515569255554249,0.005515569255554249,0.4997957646846771,0.9105085134506226,0.35,1,1,600,FP32-token-IDs
MentalBERT,11q4ikh,309,41,3413,pass,pass,False,anger,0.006094950079430072,0.006094950079430072,0.32392627000808716,0.39464816451072693,0.35,0,1,600,FP32-token-IDs
MentalBERT,11q4ikh,309,41,3413,pass,pass,False,brain dysfunction (forget),0.01391838431646604,0.01391838431646604,0.23395347595214844,0.39547374844551086,0.35,1,1,600,FP32-token-IDs
MentalBERT,11q4ikh,309,41,3413,pass,pass,False,emptiness,0.0016683614757355481,0.0016683614757355481,0.2586143910884857,0.9857175350189209,0.35,1,1,600,FP32-token-IDs
MentalBERT,11q4ikh,309,41,3413,pass,pass,False,hopelessness,0.005478874214791825,0.005478874214791825,0.4677259027957916,0.9842402935028076,0.35,1,1,600,FP32-token-IDs
MentalBERT,11q4ikh,309,41,3413,pass,pass,False,loneliness,-0.00374042414616616,0.00374042414616616,0.616043746471405,0.9953562617301941,0.35,1,1,600,FP32-token-IDs
MentalBERT,11q4ikh,309,41,3413,pass,pass,False,sadness,0.0035343357317504432,0.0035343357317504432,0.4391052722930908,0.9585488438606262,0.35,1,1,600,FP32-token-IDs
MentalBERT,11q4ikh,309,41,3413,pass,pass,False,suicide intent,0.028859587843596404,0.028859587843596404,0.07946889847517014,0.28722327947616577,0.35,0,0,600,FP32-token-IDs
MentalBERT,11q4ikh,309,41,3413,pass,pass,False,worthlessness,0.005515569255554249,0.005515569255554249,0.4997957646846771,0.9105085134506226,0.35,1,1,600,FP32-token-IDs
MentalBERT,11q4ikh,309,42,1012,.,.,False,anger,0.004020075452336598,0.004020075452336598,0.32392627000808716,0.39464816451072693,0.35,0,1,600,FP32-token-IDs
MentalBERT,11q4ikh,309,42,1012,.,.,False,brain dysfunction (forget),0.009820598050109333,0.009820598050109333,0.23395347595214844,0.39547374844551086,0.35,1,1,600,FP32-token-IDs
MentalBERT,11q4ikh,309,42,1012,.,.,False,emptiness,0.0016408322013116308,0.0016408322013116308,0.2586143910884857,0.9857175350189209,0.35,1,1,600,FP32-token-IDs
MentalBERT,11q4ikh,309,42,1012,.,.,False,hopelessness,0.005441147579057585,0.005441147579057585,0.4677259027957916,0.9842402935028076,0.35,1,1,600,FP32-token-IDs
MentalBERT,11q4ikh,309,42,1012,.,.,False,loneliness,-0.0037654040802624963,0.0037654040802624963,0.616043746471405,0.9953562617301941,0.35,1,1,600,FP32-token-IDs
MentalBERT,11q4ikh,309,42,1012,.,.,False,sadness,0.0034222647192932313,0.0034222647192932313,0.4391052722930908,0.9585488438606262,0.35,1,1,600,FP32-token-IDs
MentalBERT,11q4ikh,309,42,1012,.,.,False,suicide intent,0.019057643591492836,0.019057643591492836,0.07946889847517014,0.28722327947616577,0.35,0,0,600,FP32-token-IDs
MentalBERT,11q4ikh,309,42,1012,.,.,False,worthlessness,0.005128637632532488,0.005128637632532488,0.4997957646846771,0.9105085134506226,0.35,1,1,600,FP32-token-IDs
MentalBERT,11q4ikh,309,43,2130,even,even,False,anger,-0.0008219387992063449,0.0008219387992063449,0.32392627000808716,0.39464816451072693,0.35,0,1,600,FP32-token-IDs
MentalBERT,11q4ikh,309,43,2130,even,even,False,brain dysfunction (forget),0.002153806981541926,0.002153806981541926,0.23395347595214844,0.39547374844551086,0.35,1,1,600,FP32-token-IDs
MentalBERT,11q4ikh,309,43,2130,even,even,False,emptiness,-0.0006717805517837405,0.0006717805517837405,0.2586143910884857,0.9857175350189209,0.35,1,1,600,FP32-token-IDs
MentalBERT,11q4ikh,309,43,2130,even,even,False,hopelessness,0.0019068328685881127,0.0019068328685881127,0.4677259027957916,0.9842402935028076,0.35,1,1,600,FP32-token-IDs
MentalBERT,11q4ikh,309,43,2130,even,even,False,loneliness,-0.001651787365387593,0.001651787365387593,0.616043746471405,0.9953562617301941,0.35,1,1,600,FP32-token-IDs
MentalBERT,11q4ikh,309,43,2130,even,even,False,sadness,0.0010551468779643376,0.0010551468779643376,0.4391052722930908,0.9585488438606262,0.35,1,1,600,FP32-token-IDs
MentalBERT,11q4ikh,309,43,2130,even,even,False,suicide intent,0.0005275875889873575,0.0005275875889873575,0.07946889847517014,0.28722327947616577,0.35,0,0,600,FP32-token-IDs
MentalBERT,11q4ikh,309,43,2130,even,even,False,worthlessness,0.0019491009214626892,0.0019491009214626892,0.4997957646846771,0.9105085134506226,0.35,1,1,600,FP32-token-IDs
MentalBERT,11q4ikh,309,44,2065,if,if,False,anger,-0.0008219387992063449,0.0008219387992063449,0.32392627000808716,0.39464816451072693,0.35,0,1,600,FP32-token-IDs
MentalBERT,11q4ikh,309,44,2065,if,if,False,brain dysfunction (forget),0.002153806981541926,0.002153806981541926,0.23395347595214844,0.39547374844551086,0.35,1,1,600,FP32-token-IDs
MentalBERT,11q4ikh,309,44,2065,if,if,False,emptiness,-0.0006717805517837405,0.0006717805517837405,0.2586143910884857,0.9857175350189209,0.35,1,1,600,FP32-token-IDs
MentalBERT,11q4ikh,309,44,2065,if,if,False,hopelessness,0.0019068328685881127,0.0019068328685881127,0.4677259027957916,0.9842402935028076,0.35,1,1,600,FP32-token-IDs
MentalBERT,11q4ikh,309,44,2065,if,if,False,loneliness,-0.001651787365387593,0.001651787365387593,0.616043746471405,0.9953562617301941,0.35,1,1,600,FP32-token-IDs
MentalBERT,11q4ikh,309,44,2065,if,if,False,sadness,0.0010551468779643376,0.0010551468779643376,0.4391052722930908,0.9585488438606262,0.35,1,1,600,FP32-token-IDs
MentalBERT,11q4ikh,309,44,2065,if,if,False,suicide intent,0.0005275875889873575,0.0005275875889873575,0.07946889847517014,0.28722327947616577,0.35,0,0,600,FP32-token-IDs
MentalBERT,11q4ikh,309,44,2065,if,if,False,worthlessness,0.0019491009214626892,0.0019491009214626892,0.4997957646846771,0.9105085134506226,0.35,1,1,600,FP32-token-IDs
MentalBERT,11q4ikh,309,45,1045,i,i,False,anger,-0.0008219387992063449,0.0008219387992063449,0.32392627000808716,0.39464816451072693,0.35,0,1,600,FP32-token-IDs
MentalBERT,11q4ikh,309,45,1045,i,i,False,brain dysfunction (forget),0.002153806981541926,0.002153806981541926,0.23395347595214844,0.39547374844551086,0.35,1,1,600,FP32-token-IDs
MentalBERT,11q4ikh,309,45,1045,i,i,False,emptiness,-0.0006717805517837405,0.0006717805517837405,0.2586143910884857,0.9857175350189209,0.35,1,1,600,FP32-token-IDs
MentalBERT,11q4ikh,309,45,1045,i,i,False,hopelessness,0.0019068328685881127,0.0019068328685881127,0.4677259027957916,0.9842402935028076,0.35,1,1,600,FP32-token-IDs
MentalBERT,11q4ikh,309,45,1045,i,i,False,loneliness,-0.001651787365387593,0.001651787365387593,0.616043746471405,0.9953562617301941,0.35,1,1,600,FP32-token-IDs
MentalBERT,11q4ikh,309,45,1045,i,i,False,sadness,0.0010551468779643376,0.0010551468779643376,0.4391052722930908,0.9585488438606262,0.35,1,1,600,FP32-token-IDs
MentalBERT,11q4ikh,309,45,1045,i,i,False,suicide intent,0.0005275875889873575,0.0005275875889873575,0.07946889847517014,0.28722327947616577,0.35,0,0,600,FP32-token-IDs
MentalBERT,11q4ikh,309,45,1045,i,i,False,worthlessness,0.0019491009214626892,0.0019491009214626892,0.4997957646846771,0.9105085134506226,0.35,1,1,600,FP32-token-IDs
MentalBERT,11q4ikh,309,46,2123,don,don,False,anger,-0.0008219387992063449,0.0008219387992063449,0.32392627000808716,0.39464816451072693,0.35,0,1,600,FP32-token-IDs
MentalBERT,11q4ikh,309,46,2123,don,don,False,brain dysfunction (forget),0.002153806981541926,0.002153806981541926,0.23395347595214844,0.39547374844551086,0.35,1,1,600,FP32-token-IDs
MentalBERT,11q4ikh,309,46,2123,don,don,False,emptiness,-0.0006717805517837405,0.0006717805517837405,0.2586143910884857,0.9857175350189209,0.35,1,1,600,FP32-token-IDs
MentalBERT,11q4ikh,309,46,2123,don,don,False,hopelessness,0.0019068328685881127,0.0019068328685881127,0.4677259027957916,0.9842402935028076,0.35,1,1,600,FP32-token-IDs
MentalBERT,11q4ikh,309,46,2123,don,don,False,loneliness,-0.001651787365387593,0.001651787365387593,0.616043746471405,0.9953562617301941,0.35,1,1,600,FP32-token-IDs
MentalBERT,11q4ikh,309,46,2123,don,don,False,sadness,0.0010551468779643376,0.0010551468779643376,0.4391052722930908,0.9585488438606262,0.35,1,1,600,FP32-token-IDs
MentalBERT,11q4ikh,309,46,2123,don,don,False,suicide intent,0.0005275875889873575,0.0005275875889873575,0.07946889847517014,0.28722327947616577,0.35,0,0,600,FP32-token-IDs
MentalBERT,11q4ikh,309,46,2123,don,don,False,worthlessness,0.0019491009214626892,0.0019491009214626892,0.4997957646846771,0.9105085134506226,0.35,1,1,600,FP32-token-IDs
MentalBERT,11q4ikh,309,47,1521,’,’,False,anger,0.0026720444993337707,0.0026720444993337707,0.32392627000808716,0.39464816451072693,0.35,0,1,600,FP32-token-IDs
MentalBERT,11q4ikh,309,47,1521,’,’,False,brain dysfunction (forget),0.0036439610523216074,0.0036439610523216074,0.23395347595214844,0.39547374844551086,0.35,1,1,600,FP32-token-IDs
MentalBERT,11q4ikh,309,47,1521,’,’,False,emptiness,0.0018744353437796235,0.0018744353437796235,0.2586143910884857,0.9857175350189209,0.35,1,1,600,FP32-token-IDs
MentalBERT,11q4ikh,309,47,1521,’,’,False,hopelessness,0.0033632267288686265,0.0033632267288686265,0.4677259027957916,0.9842402935028076,0.35,1,1,600,FP32-token-IDs
MentalBERT,11q4ikh,309,47,1521,’,’,False,loneliness,-0.0011825181344257934,0.0011825181344257934,0.616043746471405,0.9953562617301941,0.35,1,1,600,FP32-token-IDs
MentalBERT,11q4ikh,309,47,1521,’,’,False,sadness,0.0022287856166561446,0.0022287856166561446,0.4391052722930908,0.9585488438606262,0.35,1,1,600,FP32-token-IDs
MentalBERT,11q4ikh,309,47,1521,’,’,False,suicide intent,0.004449508139043159,0.004449508139043159,0.07946889847517014,0.28722327947616577,0.35,0,0,600,FP32-token-IDs
MentalBERT,11q4ikh,309,47,1521,’,’,False,worthlessness,0.005036872977923069,0.005036872977923069,0.4997957646846771,0.9105085134506226,0.35,1,1,600,FP32-token-IDs
MentalBERT,11q4ikh,309,48,1056,t,t,False,anger,0.0026720444993337707,0.0026720444993337707,0.32392627000808716,0.39464816451072693,0.35,0,1,600,FP32-token-IDs
MentalBERT,11q4ikh,309,48,1056,t,t,False,brain dysfunction (forget),0.0036439610523216074,0.0036439610523216074,0.23395347595214844,0.39547374844551086,0.35,1,1,600,FP32-token-IDs
MentalBERT,11q4ikh,309,48,1056,t,t,False,emptiness,0.0018744353437796235,0.0018744353437796235,0.2586143910884857,0.9857175350189209,0.35,1,1,600,FP32-token-IDs
MentalBERT,11q4ikh,309,48,1056,t,t,False,hopelessness,0.0033632267288686265,0.0033632267288686265,0.4677259027957916,0.9842402935028076,0.35,1,1,600,FP32-token-IDs
MentalBERT,11q4ikh,309,48,1056,t,t,False,loneliness,-0.0011825181344257934,0.0011825181344257934,0.616043746471405,0.9953562617301941,0.35,1,1,600,FP32-token-IDs
MentalBERT,11q4ikh,309,48,1056,t,t,False,sadness,0.0022287856166561446,0.0022287856166561446,0.4391052722930908,0.9585488438606262,0.35,1,1,600,FP32-token-IDs
MentalBERT,11q4ikh,309,48,1056,t,t,False,suicide intent,0.004449508139043159,0.004449508139043159,0.07946889847517014,0.28722327947616577,0.35,0,0,600,FP32-token-IDs
MentalBERT,11q4ikh,309,48,1056,t,t,False,worthlessness,0.005036872977923069,0.005036872977923069,0.4997957646846771,0.9105085134506226,0.35,1,1,600,FP32-token-IDs
MentalBERT,11q4ikh,309,49,1045,i,i,False,anger,0.0026720444993337707,0.0026720444993337707,0.32392627000808716,0.39464816451072693,0.35,0,1,600,FP32-token-IDs
MentalBERT,11q4ikh,309,49,1045,i,i,False,brain dysfunction (forget),0.0036439610523216074,0.0036439610523216074,0.23395347595214844,0.39547374844551086,0.35,1,1,600,FP32-token-IDs
MentalBERT,11q4ikh,309,49,1045,i,i,False,emptiness,0.0018744353437796235,0.0018744353437796235,0.2586143910884857,0.9857175350189209,0.35,1,1,600,FP32-token-IDs
MentalBERT,11q4ikh,309,49,1045,i,i,False,hopelessness,0.0033632267288686265,0.0033632267288686265,0.4677259027957916,0.9842402935028076,0.35,1,1,600,FP32-token-IDs
MentalBERT,11q4ikh,309,49,1045,i,i,False,loneliness,-0.0011825181344257934,0.0011825181344257934,0.616043746471405,0.9953562617301941,0.35,1,1,600,FP32-token-IDs
MentalBERT,11q4ikh,309,49,1045,i,i,False,sadness,0.0022287856166561446,0.0022287856166561446,0.4391052722930908,0.9585488438606262,0.35,1,1,600,FP32-token-IDs
MentalBERT,11q4ikh,309,49,1045,i,i,False,suicide intent,0.004449508139043159,0.004449508139043159,0.07946889847517014,0.28722327947616577,0.35,0,0,600,FP32-token-IDs
MentalBERT,11q4ikh,309,49,1045,i,i,False,worthlessness,0.005036872977923069,0.005036872977923069,0.4997957646846771,0.9105085134506226,0.35,1,1,600,FP32-token-IDs
MentalBERT,11q4ikh,309,50,2228,think,think,False,anger,0.0026720444993337707,0.0026720444993337707,0.32392627000808716,0.39464816451072693,0.35,0,1,600,FP32-token-IDs
MentalBERT,11q4ikh,309,50,2228,think,think,False,brain dysfunction (forget),0.0036439610523216074,0.0036439610523216074,0.23395347595214844,0.39547374844551086,0.35,1,1,600,FP32-token-IDs
MentalBERT,11q4ikh,309,50,2228,think,think,False,emptiness,0.0018744353437796235,0.0018744353437796235,0.2586143910884857,0.9857175350189209,0.35,1,1,600,FP32-token-IDs
MentalBERT,11q4ikh,309,50,2228,think,think,False,hopelessness,0.0033632267288686265,0.0033632267288686265,0.4677259027957916,0.9842402935028076,0.35,1,1,600,FP32-token-IDs
MentalBERT,11q4ikh,309,50,2228,think,think,False,loneliness,-0.0011825181344257934,0.0011825181344257934,0.616043746471405,0.9953562617301941,0.35,1,1,600,FP32-token-IDs
MentalBERT,11q4ikh,309,50,2228,think,think,False,sadness,0.0022287856166561446,0.0022287856166561446,0.4391052722930908,0.9585488438606262,0.35,1,1,600,FP32-token-IDs
MentalBERT,11q4ikh,309,50,2228,think,think,False,suicide intent,0.004449508139043159,0.004449508139043159,0.07946889847517014,0.28722327947616577,0.35,0,0,600,FP32-token-IDs
MentalBERT,11q4ikh,309,50,2228,think,think,False,worthlessness,0.005036872977923069,0.005036872977923069,0.4997957646846771,0.9105085134506226,0.35,1,1,600,FP32-token-IDs
MentalBERT,11q4ikh,309,51,1045,i,i,False,anger,-0.007638164108050663,0.007638164108050663,0.32392627000808716,0.39464816451072693,0.35,0,1,600,FP32-token-IDs
MentalBERT,11q4ikh,309,51,1045,i,i,False,brain dysfunction (forget),-0.004157535080421007,0.004157535080421007,0.23395347595214844,0.39547374844551086,0.35,1,1,600,FP32-token-IDs
MentalBERT,11q4ikh,309,51,1045,i,i,False,emptiness,-0.004765489492386293,0.004765489492386293,0.2586143910884857,0.9857175350189209,0.35,1,1,600,FP32-token-IDs
MentalBERT,11q4ikh,309,51,1045,i,i,False,hopelessness,-0.0036781541640689467,0.0036781541640689467,0.4677259027957916,0.9842402935028076,0.35,1,1,600,FP32-token-IDs
MentalBERT,11q4ikh,309,51,1045,i,i,False,loneliness,-0.0023277032311882946,0.0023277032311882946,0.616043746471405,0.9953562617301941,0.35,1,1,600,FP32-token-IDs
MentalBERT,11q4ikh,309,51,1045,i,i,False,sadness,-0.002942385128102241,0.002942385128102241,0.4391052722930908,0.9585488438606262,0.35,1,1,600,FP32-token-IDs
MentalBERT,11q4ikh,309,51,1045,i,i,False,suicide intent,-0.0014023860213312664,0.0014023860213312664,0.07946889847517014,0.28722327947616577,0.35,0,0,600,FP32-token-IDs
MentalBERT,11q4ikh,309,51,1045,i,i,False,worthlessness,-0.008531501645908005,0.008531501645908005,0.4997957646846771,0.9105085134506226,0.35,1,1,600,FP32-token-IDs
MentalBERT,11q4ikh,309,52,1521,’,’,False,anger,-0.007638164108050663,0.007638164108050663,0.32392627000808716,0.39464816451072693,0.35,0,1,600,FP32-token-IDs
MentalBERT,11q4ikh,309,52,1521,’,’,False,brain dysfunction (forget),-0.004157535080421007,0.004157535080421007,0.23395347595214844,0.39547374844551086,0.35,1,1,600,FP32-token-IDs
MentalBERT,11q4ikh,309,52,1521,’,’,False,emptiness,-0.004765489492386293,0.004765489492386293,0.2586143910884857,0.9857175350189209,0.35,1,1,600,FP32-token-IDs
MentalBERT,11q4ikh,309,52,1521,’,’,False,hopelessness,-0.0036781541640689467,0.0036781541640689467,0.4677259027957916,0.9842402935028076,0.35,1,1,600,FP32-token-IDs
MentalBERT,11q4ikh,309,52,1521,’,’,False,loneliness,-0.0023277032311882946,0.0023277032311882946,0.616043746471405,0.9953562617301941,0.35,1,1,600,FP32-token-IDs
MentalBERT,11q4ikh,309,52,1521,’,’,False,sadness,-0.002942385128102241,0.002942385128102241,0.4391052722930908,0.9585488438606262,0.35,1,1,600,FP32-token-IDs
MentalBERT,11q4ikh,309,52,1521,’,’,False,suicide intent,-0.0014023860213312664,0.0014023860213312664,0.07946889847517014,0.28722327947616577,0.35,0,0,600,FP32-token-IDs
MentalBERT,11q4ikh,309,52,1521,’,’,False,worthlessness,-0.008531501645908005,0.008531501645908005,0.4997957646846771,0.9105085134506226,0.35,1,1,600,FP32-token-IDs
MentalBERT,11q4ikh,309,53,2222,ll,ll,False,anger,-0.007638164108050663,0.007638164108050663,0.32392627000808716,0.39464816451072693,0.35,0,1,600,FP32-token-IDs
MentalBERT,11q4ikh,309,53,2222,ll,ll,False,brain dysfunction (forget),-0.004157535080421007,0.004157535080421007,0.23395347595214844,0.39547374844551086,0.35,1,1,600,FP32-token-IDs
MentalBERT,11q4ikh,309,53,2222,ll,ll,False,emptiness,-0.004765489492386293,0.004765489492386293,0.2586143910884857,0.9857175350189209,0.35,1,1,600,FP32-token-IDs
MentalBERT,11q4ikh,309,53,2222,ll,ll,False,hopelessness,-0.0036781541640689467,0.0036781541640689467,0.4677259027957916,0.9842402935028076,0.35,1,1,600,FP32-token-IDs
MentalBERT,11q4ikh,309,53,2222,ll,ll,False,loneliness,-0.0023277032311882946,0.0023277032311882946,0.616043746471405,0.9953562617301941,0.35,1,1,600,FP32-token-IDs
MentalBERT,11q4ikh,309,53,2222,ll,ll,False,sadness,-0.002942385128102241,0.002942385128102241,0.4391052722930908,0.9585488438606262,0.35,1,1,600,FP32-token-IDs
MentalBERT,11q4ikh,309,53,2222,ll,ll,False,suicide intent,-0.0014023860213312664,0.0014023860213312664,0.07946889847517014,0.28722327947616577,0.35,0,0,600,FP32-token-IDs
MentalBERT,11q4ikh,309,53,2222,ll,ll,False,worthlessness,-0.008531501645908005,0.008531501645908005,0.4997957646846771,0.9105085134506226,0.35,1,1,600,FP32-token-IDs
MentalBERT,11q4ikh,309,54,3275,figure,figure,False,anger,-0.007638164108050663,0.007638164108050663,0.32392627000808716,0.39464816451072693,0.35,0,1,600,FP32-token-IDs
MentalBERT,11q4ikh,309,54,3275,figure,figure,False,brain dysfunction (forget),-0.004157535080421007,0.004157535080421007,0.23395347595214844,0.39547374844551086,0.35,1,1,600,FP32-token-IDs
MentalBERT,11q4ikh,309,54,3275,figure,figure,False,emptiness,-0.004765489492386293,0.004765489492386293,0.2586143910884857,0.9857175350189209,0.35,1,1,600,FP32-token-IDs
MentalBERT,11q4ikh,309,54,3275,figure,figure,False,hopelessness,-0.0036781541640689467,0.0036781541640689467,0.4677259027957916,0.9842402935028076,0.35,1,1,600,FP32-token-IDs
MentalBERT,11q4ikh,309,54,3275,figure,figure,False,loneliness,-0.0023277032311882946,0.0023277032311882946,0.616043746471405,0.9953562617301941,0.35,1,1,600,FP32-token-IDs
MentalBERT,11q4ikh,309,54,3275,figure,figure,False,sadness,-0.002942385128102241,0.002942385128102241,0.4391052722930908,0.9585488438606262,0.35,1,1,600,FP32-token-IDs
MentalBERT,11q4ikh,309,54,3275,figure,figure,False,suicide intent,-0.0014023860213312664,0.0014023860213312664,0.07946889847517014,0.28722327947616577,0.35,0,0,600,FP32-token-IDs
MentalBERT,11q4ikh,309,54,3275,figure,figure,False,worthlessness,-0.008531501645908005,0.008531501645908005,0.4997957646846771,0.9105085134506226,0.35,1,1,600,FP32-token-IDs
MentalBERT,11q4ikh,309,55,2242,something,something,False,anger,-0.006601044220281441,0.006601044220281441,0.32392627000808716,0.39464816451072693,0.35,0,1,600,FP32-token-IDs
MentalBERT,11q4ikh,309,55,2242,something,something,False,brain dysfunction (forget),-0.00398206494338367,0.00398206494338367,0.23395347595214844,0.39547374844551086,0.35,1,1,600,FP32-token-IDs
MentalBERT,11q4ikh,309,55,2242,something,something,False,emptiness,-0.002764006382606637,0.002764006382606637,0.2586143910884857,0.9857175350189209,0.35,1,1,600,FP32-token-IDs
MentalBERT,11q4ikh,309,55,2242,something,something,False,hopelessness,-0.0021283109309902285,0.0021283109309902285,0.4677259027957916,0.9842402935028076,0.35,1,1,600,FP32-token-IDs
MentalBERT,11q4ikh,309,55,2242,something,something,False,loneliness,-0.0008571732912089798,0.0008571732912089798,0.616043746471405,0.9953562617301941,0.35,1,1,600,FP32-token-IDs
MentalBERT,11q4ikh,309,55,2242,something,something,False,sadness,-0.001633403333238302,0.001633403333238302,0.4391052722930908,0.9585488438606262,0.35,1,1,600,FP32-token-IDs
MentalBERT,11q4ikh,309,55,2242,something,something,False,suicide intent,-0.0013031743229332724,0.0013031743229332724,0.07946889847517014,0.28722327947616577,0.35,0,0,600,FP32-token-IDs
MentalBERT,11q4ikh,309,55,2242,something,something,False,worthlessness,-0.006627292035833247,0.006627292035833247,0.4997957646846771,0.9105085134506226,0.35,1,1,600,FP32-token-IDs
MentalBERT,11q4ikh,309,56,2000,to,to,False,anger,-0.006601044220281441,0.006601044220281441,0.32392627000808716,0.39464816451072693,0.35,0,1,600,FP32-token-IDs
MentalBERT,11q4ikh,309,56,2000,to,to,False,brain dysfunction (forget),-0.00398206494338367,0.00398206494338367,0.23395347595214844,0.39547374844551086,0.35,1,1,600,FP32-token-IDs
MentalBERT,11q4ikh,309,56,2000,to,to,False,emptiness,-0.002764006382606637,0.002764006382606637,0.2586143910884857,0.9857175350189209,0.35,1,1,600,FP32-token-IDs
MentalBERT,11q4ikh,309,56,2000,to,to,False,hopelessness,-0.0021283109309902285,0.0021283109309902285,0.4677259027957916,0.9842402935028076,0.35,1,1,600,FP32-token-IDs
MentalBERT,11q4ikh,309,56,2000,to,to,False,loneliness,-0.0008571732912089798,0.0008571732912089798,0.616043746471405,0.9953562617301941,0.35,1,1,600,FP32-token-IDs
MentalBERT,11q4ikh,309,56,2000,to,to,False,sadness,-0.001633403333238302,0.001633403333238302,0.4391052722930908,0.9585488438606262,0.35,1,1,600,FP32-token-IDs
MentalBERT,11q4ikh,309,56,2000,to,to,False,suicide intent,-0.0013031743229332724,0.0013031743229332724,0.07946889847517014,0.28722327947616577,0.35,0,0,600,FP32-token-IDs
MentalBERT,11q4ikh,309,56,2000,to,to,False,worthlessness,-0.006627292035833247,0.006627292035833247,0.4997957646846771,0.9105085134506226,0.35,1,1,600,FP32-token-IDs
MentalBERT,11q4ikh,309,57,2079,do,do,False,anger,-0.006601044220281441,0.006601044220281441,0.32392627000808716,0.39464816451072693,0.35,0,1,600,FP32-token-IDs
MentalBERT,11q4ikh,309,57,2079,do,do,False,brain dysfunction (forget),-0.00398206494338367,0.00398206494338367,0.23395347595214844,0.39547374844551086,0.35,1,1,600,FP32-token-IDs
MentalBERT,11q4ikh,309,57,2079,do,do,False,emptiness,-0.002764006382606637,0.002764006382606637,0.2586143910884857,0.9857175350189209,0.35,1,1,600,FP32-token-IDs
MentalBERT,11q4ikh,309,57,2079,do,do,False,hopelessness,-0.0021283109309902285,0.0021283109309902285,0.4677259027957916,0.9842402935028076,0.35,1,1,600,FP32-token-IDs
MentalBERT,11q4ikh,309,57,2079,do,do,False,loneliness,-0.0008571732912089798,0.0008571732912089798,0.616043746471405,0.9953562617301941,0.35,1,1,600,FP32-token-IDs
MentalBERT,11q4ikh,309,57,2079,do,do,False,sadness,-0.001633403333238302,0.001633403333238302,0.4391052722930908,0.9585488438606262,0.35,1,1,600,FP32-token-IDs
MentalBERT,11q4ikh,309,57,2079,do,do,False,suicide intent,-0.0013031743229332724,0.0013031743229332724,0.07946889847517014,0.28722327947616577,0.35,0,0,600,FP32-token-IDs
MentalBERT,11q4ikh,309,57,2079,do,do,False,worthlessness,-0.006627292035833247,0.006627292035833247,0.4997957646846771,0.9105085134506226,0.35,1,1,600,FP32-token-IDs
MentalBERT,11q4ikh,309,58,2007,with,with,False,anger,-0.006601044220281441,0.006601044220281441,0.32392627000808716,0.39464816451072693,0.35,0,1,600,FP32-token-IDs
MentalBERT,11q4ikh,309,58,2007,with,with,False,brain dysfunction (forget),-0.00398206494338367,0.00398206494338367,0.23395347595214844,0.39547374844551086,0.35,1,1,600,FP32-token-IDs
MentalBERT,11q4ikh,309,58,2007,with,with,False,emptiness,-0.002764006382606637,0.002764006382606637,0.2586143910884857,0.9857175350189209,0.35,1,1,600,FP32-token-IDs
MentalBERT,11q4ikh,309,58,2007,with,with,False,hopelessness,-0.0021283109309902285,0.0021283109309902285,0.4677259027957916,0.9842402935028076,0.35,1,1,600,FP32-token-IDs
MentalBERT,11q4ikh,309,58,2007,with,with,False,loneliness,-0.0008571732912089798,0.0008571732912089798,0.616043746471405,0.9953562617301941,0.35,1,1,600,FP32-token-IDs
MentalBERT,11q4ikh,309,58,2007,with,with,False,sadness,-0.001633403333238302,0.001633403333238302,0.4391052722930908,0.9585488438606262,0.35,1,1,600,FP32-token-IDs
MentalBERT,11q4ikh,309,58,2007,with,with,False,suicide intent,-0.0013031743229332724,0.0013031743229332724,0.07946889847517014,0.28722327947616577,0.35,0,0,600,FP32-token-IDs
MentalBERT,11q4ikh,309,58,2007,with,with,False,worthlessness,-0.006627292035833247,0.006627292035833247,0.4997957646846771,0.9105085134506226,0.35,1,1,600,FP32-token-IDs
MentalBERT,11q4ikh,309,59,2026,my,my,False,anger,0.003053780550123516,0.003053780550123516,0.32392627000808716,0.39464816451072693,0.35,0,1,600,FP32-token-IDs
MentalBERT,11q4ikh,309,59,2026,my,my,False,brain dysfunction (forget),-0.0001606121664822456,0.0001606121664822456,0.23395347595214844,0.39547374844551086,0.35,1,1,600,FP32-token-IDs
MentalBERT,11q4ikh,309,59,2026,my,my,False,emptiness,0.006078722172130186,0.006078722172130186,0.2586143910884857,0.9857175350189209,0.35,1,1,600,FP32-token-IDs
MentalBERT,11q4ikh,309,59,2026,my,my,False,hopelessness,0.00993033164545839,0.00993033164545839,0.4677259027957916,0.9842402935028076,0.35,1,1,600,FP32-token-IDs
MentalBERT,11q4ikh,309,59,2026,my,my,False,loneliness,0.001957478175697091,0.001957478175697091,0.616043746471405,0.9953562617301941,0.35,1,1,600,FP32-token-IDs
MentalBERT,11q4ikh,309,59,2026,my,my,False,sadness,0.00996412355512476,0.00996412355512476,0.4391052722930908,0.9585488438606262,0.35,1,1,600,FP32-token-IDs
MentalBERT,11q4ikh,309,59,2026,my,my,False,suicide intent,0.01691396535653962,0.01691396535653962,0.07946889847517014,0.28722327947616577,0.35,0,0,600,FP32-token-IDs
MentalBERT,11q4ikh,309,59,2026,my,my,False,worthlessness,0.007339120690025144,0.007339120690025144,0.4997957646846771,0.9105085134506226,0.35,1,1,600,FP32-token-IDs
MentalBERT,11q4ikh,309,60,2166,life,life,False,anger,0.003053780550123516,0.003053780550123516,0.32392627000808716,0.39464816451072693,0.35,0,1,600,FP32-token-IDs
MentalBERT,11q4ikh,309,60,2166,life,life,False,brain dysfunction (forget),-0.0001606121664822456,0.0001606121664822456,0.23395347595214844,0.39547374844551086,0.35,1,1,600,FP32-token-IDs
MentalBERT,11q4ikh,309,60,2166,life,life,False,emptiness,0.006078722172130186,0.006078722172130186,0.2586143910884857,0.9857175350189209,0.35,1,1,600,FP32-token-IDs
MentalBERT,11q4ikh,309,60,2166,life,life,False,hopelessness,0.00993033164545839,0.00993033164545839,0.4677259027957916,0.9842402935028076,0.35,1,1,600,FP32-token-IDs
MentalBERT,11q4ikh,309,60,2166,life,life,False,loneliness,0.001957478175697091,0.001957478175697091,0.616043746471405,0.9953562617301941,0.35,1,1,600,FP32-token-IDs
MentalBERT,11q4ikh,309,60,2166,life,life,False,sadness,0.00996412355512476,0.00996412355512476,0.4391052722930908,0.9585488438606262,0.35,1,1,600,FP32-token-IDs
MentalBERT,11q4ikh,309,60,2166,life,life,False,suicide intent,0.01691396535653962,0.01691396535653962,0.07946889847517014,0.28722327947616577,0.35,0,0,600,FP32-token-IDs
MentalBERT,11q4ikh,309,60,2166,life,life,False,worthlessness,0.007339120690025144,0.007339120690025144,0.4997957646846771,0.9105085134506226,0.35,1,1,600,FP32-token-IDs
MentalBERT,11q4ikh,309,61,2028,one,one,False,anger,0.003053780550123516,0.003053780550123516,0.32392627000808716,0.39464816451072693,0.35,0,1,600,FP32-token-IDs
MentalBERT,11q4ikh,309,61,2028,one,one,False,brain dysfunction (forget),-0.0001606121664822456,0.0001606121664822456,0.23395347595214844,0.39547374844551086,0.35,1,1,600,FP32-token-IDs
MentalBERT,11q4ikh,309,61,2028,one,one,False,emptiness,0.006078722172130186,0.006078722172130186,0.2586143910884857,0.9857175350189209,0.35,1,1,600,FP32-token-IDs
MentalBERT,11q4ikh,309,61,2028,one,one,False,hopelessness,0.00993033164545839,0.00993033164545839,0.4677259027957916,0.9842402935028076,0.35,1,1,600,FP32-token-IDs
MentalBERT,11q4ikh,309,61,2028,one,one,False,loneliness,0.001957478175697091,0.001957478175697091,0.616043746471405,0.9953562617301941,0.35,1,1,600,FP32-token-IDs
MentalBERT,11q4ikh,309,61,2028,one,one,False,sadness,0.00996412355512476,0.00996412355512476,0.4391052722930908,0.9585488438606262,0.35,1,1,600,FP32-token-IDs
MentalBERT,11q4ikh,309,61,2028,one,one,False,suicide intent,0.01691396535653962,0.01691396535653962,0.07946889847517014,0.28722327947616577,0.35,0,0,600,FP32-token-IDs
MentalBERT,11q4ikh,309,61,2028,one,one,False,worthlessness,0.007339120690025144,0.007339120690025144,0.4997957646846771,0.9105085134506226,0.35,1,1,600,FP32-token-IDs
MentalBERT,11q4ikh,309,62,2154,day,day,False,anger,0.003053780550123516,0.003053780550123516,0.32392627000808716,0.39464816451072693,0.35,0,1,600,FP32-token-IDs
MentalBERT,11q4ikh,309,62,2154,day,day,False,brain dysfunction (forget),-0.0001606121664822456,0.0001606121664822456,0.23395347595214844,0.39547374844551086,0.35,1,1,600,FP32-token-IDs
MentalBERT,11q4ikh,309,62,2154,day,day,False,emptiness,0.006078722172130186,0.006078722172130186,0.2586143910884857,0.9857175350189209,0.35,1,1,600,FP32-token-IDs
MentalBERT,11q4ikh,309,62,2154,day,day,False,hopelessness,0.00993033164545839,0.00993033164545839,0.4677259027957916,0.9842402935028076,0.35,1,1,600,FP32-token-IDs
MentalBERT,11q4ikh,309,62,2154,day,day,False,loneliness,0.001957478175697091,0.001957478175697091,0.616043746471405,0.9953562617301941,0.35,1,1,600,FP32-token-IDs
MentalBERT,11q4ikh,309,62,2154,day,day,False,sadness,0.00996412355512476,0.00996412355512476,0.4391052722930908,0.9585488438606262,0.35,1,1,600,FP32-token-IDs
MentalBERT,11q4ikh,309,62,2154,day,day,False,suicide intent,0.01691396535653962,0.01691396535653962,0.07946889847517014,0.28722327947616577,0.35,0,0,600,FP32-token-IDs
MentalBERT,11q4ikh,309,62,2154,day,day,False,worthlessness,0.007339120690025144,0.007339120690025144,0.4997957646846771,0.9105085134506226,0.35,1,1,600,FP32-token-IDs
MentalBERT,11q4ikh,309,63,1012,.,.,False,anger,-0.0029709399463745323,0.0029709399463745323,0.32392627000808716,0.39464816451072693,0.35,0,1,600,FP32-token-IDs
MentalBERT,11q4ikh,309,63,1012,.,.,False,brain dysfunction (forget),-0.002615595411597973,0.002615595411597973,0.23395347595214844,0.39547374844551086,0.35,1,1,600,FP32-token-IDs
MentalBERT,11q4ikh,309,63,1012,.,.,False,emptiness,0.00030056071252777036,0.00030056071252777036,0.2586143910884857,0.9857175350189209,0.35,1,1,600,FP32-token-IDs
MentalBERT,11q4ikh,309,63,1012,.,.,False,hopelessness,0.00045987536564414755,0.00045987536564414755,0.4677259027957916,0.9842402935028076,0.35,1,1,600,FP32-token-IDs
MentalBERT,11q4ikh,309,63,1012,.,.,False,loneliness,-0.00017156341409945222,0.00017156341409945222,0.616043746471405,0.9953562617301941,0.35,1,1,600,FP32-token-IDs
MentalBERT,11q4ikh,309,63,1012,.,.,False,sadness,0.00158645056713468,0.00158645056713468,0.4391052722930908,0.9585488438606262,0.35,1,1,600,FP32-token-IDs
MentalBERT,11q4ikh,309,63,1012,.,.,False,suicide intent,0.007447298395450844,0.007447298395450844,0.07946889847517014,0.28722327947616577,0.35,0,0,600,FP32-token-IDs
MentalBERT,11q4ikh,309,63,1012,.,.,False,worthlessness,-0.0014069999230431987,0.0014069999230431987,0.4997957646846771,0.9105085134506226,0.35,1,1,600,FP32-token-IDs
MentalBERT,11q4ikh,309,64,9826,honestly,honestly,False,anger,-0.005964699643664062,0.005964699643664062,0.32392627000808716,0.39464816451072693,0.35,0,1,600,FP32-token-IDs
MentalBERT,11q4ikh,309,64,9826,honestly,honestly,False,brain dysfunction (forget),-0.005364871164783835,0.005364871164783835,0.23395347595214844,0.39547374844551086,0.35,1,1,600,FP32-token-IDs
MentalBERT,11q4ikh,309,64,9826,honestly,honestly,False,emptiness,-0.002082346170209348,0.002082346170209348,0.2586143910884857,0.9857175350189209,0.35,1,1,600,FP32-token-IDs
MentalBERT,11q4ikh,309,64,9826,honestly,honestly,False,hopelessness,0.0010964274290017784,0.0010964274290017784,0.4677259027957916,0.9842402935028076,0.35,1,1,600,FP32-token-IDs
MentalBERT,11q4ikh,309,64,9826,honestly,honestly,False,loneliness,0.0016181812155991794,0.0016181812155991794,0.616043746471405,0.9953562617301941,0.35,1,1,600,FP32-token-IDs
MentalBERT,11q4ikh,309,64,9826,honestly,honestly,False,sadness,0.0009994891239330172,0.0009994891239330172,0.4391052722930908,0.9585488438606262,0.35,1,1,600,FP32-token-IDs
MentalBERT,11q4ikh,309,64,9826,honestly,honestly,False,suicide intent,-0.0057591224671341475,0.0057591224671341475,0.07946889847517014,0.28722327947616577,0.35,0,0,600,FP32-token-IDs
MentalBERT,11q4ikh,309,64,9826,honestly,honestly,False,worthlessness,-0.004816246550763026,0.004816246550763026,0.4997957646846771,0.9105085134506226,0.35,1,1,600,FP32-token-IDs
MentalBERT,11q4ikh,309,65,1045,i,i,False,anger,-0.005964699643664062,0.005964699643664062,0.32392627000808716,0.39464816451072693,0.35,0,1,600,FP32-token-IDs
MentalBERT,11q4ikh,309,65,1045,i,i,False,brain dysfunction (forget),-0.005364871164783835,0.005364871164783835,0.23395347595214844,0.39547374844551086,0.35,1,1,600,FP32-token-IDs
MentalBERT,11q4ikh,309,65,1045,i,i,False,emptiness,-0.002082346170209348,0.002082346170209348,0.2586143910884857,0.9857175350189209,0.35,1,1,600,FP32-token-IDs
MentalBERT,11q4ikh,309,65,1045,i,i,False,hopelessness,0.0010964274290017784,0.0010964274290017784,0.4677259027957916,0.9842402935028076,0.35,1,1,600,FP32-token-IDs
MentalBERT,11q4ikh,309,65,1045,i,i,False,loneliness,0.0016181812155991794,0.0016181812155991794,0.616043746471405,0.9953562617301941,0.35,1,1,600,FP32-token-IDs
MentalBERT,11q4ikh,309,65,1045,i,i,False,sadness,0.0009994891239330172,0.0009994891239330172,0.4391052722930908,0.9585488438606262,0.35,1,1,600,FP32-token-IDs
MentalBERT,11q4ikh,309,65,1045,i,i,False,suicide intent,-0.0057591224671341475,0.0057591224671341475,0.07946889847517014,0.28722327947616577,0.35,0,0,600,FP32-token-IDs
MentalBERT,11q4ikh,309,65,1045,i,i,False,worthlessness,-0.004816246550763026,0.004816246550763026,0.4997957646846771,0.9105085134506226,0.35,1,1,600,FP32-token-IDs
MentalBERT,11q4ikh,309,66,2074,just,just,False,anger,-0.005964699643664062,0.005964699643664062,0.32392627000808716,0.39464816451072693,0.35,0,1,600,FP32-token-IDs
MentalBERT,11q4ikh,309,66,2074,just,just,False,brain dysfunction (forget),-0.005364871164783835,0.005364871164783835,0.23395347595214844,0.39547374844551086,0.35,1,1,600,FP32-token-IDs
MentalBERT,11q4ikh,309,66,2074,just,just,False,emptiness,-0.002082346170209348,0.002082346170209348,0.2586143910884857,0.9857175350189209,0.35,1,1,600,FP32-token-IDs
MentalBERT,11q4ikh,309,66,2074,just,just,False,hopelessness,0.0010964274290017784,0.0010964274290017784,0.4677259027957916,0.9842402935028076,0.35,1,1,600,FP32-token-IDs
MentalBERT,11q4ikh,309,66,2074,just,just,False,loneliness,0.0016181812155991794,0.0016181812155991794,0.616043746471405,0.9953562617301941,0.35,1,1,600,FP32-token-IDs
MentalBERT,11q4ikh,309,66,2074,just,just,False,sadness,0.0009994891239330172,0.0009994891239330172,0.4391052722930908,0.9585488438606262,0.35,1,1,600,FP32-token-IDs
MentalBERT,11q4ikh,309,66,2074,just,just,False,suicide intent,-0.0057591224671341475,0.0057591224671341475,0.07946889847517014,0.28722327947616577,0.35,0,0,600,FP32-token-IDs
MentalBERT,11q4ikh,309,66,2074,just,just,False,worthlessness,-0.004816246550763026,0.004816246550763026,0.4997957646846771,0.9105085134506226,0.35,1,1,600,FP32-token-IDs
MentalBERT,11q4ikh,309,67,2215,want,want,False,anger,-0.005964699643664062,0.005964699643664062,0.32392627000808716,0.39464816451072693,0.35,0,1,600,FP32-token-IDs
MentalBERT,11q4ikh,309,67,2215,want,want,False,brain dysfunction (forget),-0.005364871164783835,0.005364871164783835,0.23395347595214844,0.39547374844551086,0.35,1,1,600,FP32-token-IDs
MentalBERT,11q4ikh,309,67,2215,want,want,False,emptiness,-0.002082346170209348,0.002082346170209348,0.2586143910884857,0.9857175350189209,0.35,1,1,600,FP32-token-IDs
MentalBERT,11q4ikh,309,67,2215,want,want,False,hopelessness,0.0010964274290017784,0.0010964274290017784,0.4677259027957916,0.9842402935028076,0.35,1,1,600,FP32-token-IDs
MentalBERT,11q4ikh,309,67,2215,want,want,False,loneliness,0.0016181812155991794,0.0016181812155991794,0.616043746471405,0.9953562617301941,0.35,1,1,600,FP32-token-IDs
MentalBERT,11q4ikh,309,67,2215,want,want,False,sadness,0.0009994891239330172,0.0009994891239330172,0.4391052722930908,0.9585488438606262,0.35,1,1,600,FP32-token-IDs
MentalBERT,11q4ikh,309,67,2215,want,want,False,suicide intent,-0.0057591224671341475,0.0057591224671341475,0.07946889847517014,0.28722327947616577,0.35,0,0,600,FP32-token-IDs
MentalBERT,11q4ikh,309,67,2215,want,want,False,worthlessness,-0.004816246550763026,0.004816246550763026,0.4997957646846771,0.9105085134506226,0.35,1,1,600,FP32-token-IDs
MentalBERT,11q4ikh,309,68,2000,to,to,False,anger,-0.027115794859128073,0.027115794859128073,0.32392627000808716,0.39464816451072693,0.35,0,1,600,FP32-token-IDs
MentalBERT,11q4ikh,309,68,2000,to,to,False,brain dysfunction (forget),-0.015870129152123505,0.015870129152123505,0.23395347595214844,0.39547374844551086,0.35,1,1,600,FP32-token-IDs
MentalBERT,11q4ikh,309,68,2000,to,to,False,emptiness,-0.0020975332241505384,0.0020975332241505384,0.2586143910884857,0.9857175350189209,0.35,1,1,600,FP32-token-IDs
MentalBERT,11q4ikh,309,68,2000,to,to,False,hopelessness,-0.03071227409139586,0.03071227409139586,0.4677259027957916,0.9842402935028076,0.35,1,1,600,FP32-token-IDs
MentalBERT,11q4ikh,309,68,2000,to,to,False,loneliness,0.021615208631070953,0.021615208631070953,0.616043746471405,0.9953562617301941,0.35,1,1,600,FP32-token-IDs
MentalBERT,11q4ikh,309,68,2000,to,to,False,sadness,-0.022841203096322715,0.022841203096322715,0.4391052722930908,0.9585488438606262,0.35,1,1,600,FP32-token-IDs
MentalBERT,11q4ikh,309,68,2000,to,to,False,suicide intent,-0.0277812920200328,0.0277812920200328,0.07946889847517014,0.28722327947616577,0.35,0,0,600,FP32-token-IDs
MentalBERT,11q4ikh,309,68,2000,to,to,False,worthlessness,-0.03880596732681928,0.03880596732681928,0.4997957646846771,0.9105085134506226,0.35,1,1,600,FP32-token-IDs
MentalBERT,11q4ikh,309,69,10720,chill,chill,False,anger,-0.027115794859128073,0.027115794859128073,0.32392627000808716,0.39464816451072693,0.35,0,1,600,FP32-token-IDs
MentalBERT,11q4ikh,309,69,10720,chill,chill,False,brain dysfunction (forget),-0.015870129152123505,0.015870129152123505,0.23395347595214844,0.39547374844551086,0.35,1,1,600,FP32-token-IDs
MentalBERT,11q4ikh,309,69,10720,chill,chill,False,emptiness,-0.0020975332241505384,0.0020975332241505384,0.2586143910884857,0.9857175350189209,0.35,1,1,600,FP32-token-IDs
MentalBERT,11q4ikh,309,69,10720,chill,chill,False,hopelessness,-0.03071227409139586,0.03071227409139586,0.4677259027957916,0.9842402935028076,0.35,1,1,600,FP32-token-IDs
MentalBERT,11q4ikh,309,69,10720,chill,chill,False,loneliness,0.021615208631070953,0.021615208631070953,0.616043746471405,0.9953562617301941,0.35,1,1,600,FP32-token-IDs
MentalBERT,11q4ikh,309,69,10720,chill,chill,False,sadness,-0.022841203096322715,0.022841203096322715,0.4391052722930908,0.9585488438606262,0.35,1,1,600,FP32-token-IDs
MentalBERT,11q4ikh,309,69,10720,chill,chill,False,suicide intent,-0.0277812920200328,0.0277812920200328,0.07946889847517014,0.28722327947616577,0.35,0,0,600,FP32-token-IDs
MentalBERT,11q4ikh,309,69,10720,chill,chill,False,worthlessness,-0.03880596732681928,0.03880596732681928,0.4997957646846771,0.9105085134506226,0.35,1,1,600,FP32-token-IDs
MentalBERT,11q4ikh,309,70,2035,all,all,False,anger,-0.017028576985467225,0.017028576985467225,0.32392627000808716,0.39464816451072693,0.35,0,1,600,FP32-token-IDs
MentalBERT,11q4ikh,309,70,2035,all,all,False,brain dysfunction (forget),-0.01216538269460822,0.01216538269460822,0.23395347595214844,0.39547374844551086,0.35,1,1,600,FP32-token-IDs
MentalBERT,11q4ikh,309,70,2035,all,all,False,emptiness,-0.0008272437689205011,0.0008272437689205011,0.2586143910884857,0.9857175350189209,0.35,1,1,600,FP32-token-IDs
MentalBERT,11q4ikh,309,70,2035,all,all,False,hopelessness,-0.009773089515510947,0.009773089515510947,0.4677259027957916,0.9842402935028076,0.35,1,1,600,FP32-token-IDs
MentalBERT,11q4ikh,309,70,2035,all,all,False,loneliness,0.006176178576424718,0.006176178576424718,0.616043746471405,0.9953562617301941,0.35,1,1,600,FP32-token-IDs
MentalBERT,11q4ikh,309,70,2035,all,all,False,sadness,-0.010088502770910661,0.010088502770910661,0.4391052722930908,0.9585488438606262,0.35,1,1,600,FP32-token-IDs
MentalBERT,11q4ikh,309,70,2035,all,all,False,suicide intent,-0.022834782934902858,0.022834782934902858,0.07946889847517014,0.28722327947616577,0.35,0,0,600,FP32-token-IDs
MentalBERT,11q4ikh,309,70,2035,all,all,False,worthlessness,-0.014490132786644001,0.014490132786644001,0.4997957646846771,0.9105085134506226,0.35,1,1,600,FP32-token-IDs
MentalBERT,11q4ikh,309,71,1996,the,the,False,anger,-0.017028576985467225,0.017028576985467225,0.32392627000808716,0.39464816451072693,0.35,0,1,600,FP32-token-IDs
MentalBERT,11q4ikh,309,71,1996,the,the,False,brain dysfunction (forget),-0.01216538269460822,0.01216538269460822,0.23395347595214844,0.39547374844551086,0.35,1,1,600,FP32-token-IDs
MentalBERT,11q4ikh,309,71,1996,the,the,False,emptiness,-0.0008272437689205011,0.0008272437689205011,0.2586143910884857,0.9857175350189209,0.35,1,1,600,FP32-token-IDs
MentalBERT,11q4ikh,309,71,1996,the,the,False,hopelessness,-0.009773089515510947,0.009773089515510947,0.4677259027957916,0.9842402935028076,0.35,1,1,600,FP32-token-IDs
MentalBERT,11q4ikh,309,71,1996,the,the,False,loneliness,0.006176178576424718,0.006176178576424718,0.616043746471405,0.9953562617301941,0.35,1,1,600,FP32-token-IDs
MentalBERT,11q4ikh,309,71,1996,the,the,False,sadness,-0.010088502770910661,0.010088502770910661,0.4391052722930908,0.9585488438606262,0.35,1,1,600,FP32-token-IDs
MentalBERT,11q4ikh,309,71,1996,the,the,False,suicide intent,-0.022834782934902858,0.022834782934902858,0.07946889847517014,0.28722327947616577,0.35,0,0,600,FP32-token-IDs
MentalBERT,11q4ikh,309,71,1996,the,the,False,worthlessness,-0.014490132786644001,0.014490132786644001,0.4997957646846771,0.9105085134506226,0.35,1,1,600,FP32-token-IDs
MentalBERT,11q4ikh,309,72,2051,time,time,False,anger,-0.017028576985467225,0.017028576985467225,0.32392627000808716,0.39464816451072693,0.35,0,1,600,FP32-token-IDs
MentalBERT,11q4ikh,309,72,2051,time,time,False,brain dysfunction (forget),-0.01216538269460822,0.01216538269460822,0.23395347595214844,0.39547374844551086,0.35,1,1,600,FP32-token-IDs
MentalBERT,11q4ikh,309,72,2051,time,time,False,emptiness,-0.0008272437689205011,0.0008272437689205011,0.2586143910884857,0.9857175350189209,0.35,1,1,600,FP32-token-IDs
MentalBERT,11q4ikh,309,72,2051,time,time,False,hopelessness,-0.009773089515510947,0.009773089515510947,0.4677259027957916,0.9842402935028076,0.35,1,1,600,FP32-token-IDs
MentalBERT,11q4ikh,309,72,2051,time,time,False,loneliness,0.006176178576424718,0.006176178576424718,0.616043746471405,0.9953562617301941,0.35,1,1,600,FP32-token-IDs
MentalBERT,11q4ikh,309,72,2051,time,time,False,sadness,-0.010088502770910661,0.010088502770910661,0.4391052722930908,0.9585488438606262,0.35,1,1,600,FP32-token-IDs
MentalBERT,11q4ikh,309,72,2051,time,time,False,suicide intent,-0.022834782934902858,0.022834782934902858,0.07946889847517014,0.28722327947616577,0.35,0,0,600,FP32-token-IDs
MentalBERT,11q4ikh,309,72,2051,time,time,False,worthlessness,-0.014490132786644001,0.014490132786644001,0.4997957646846771,0.9105085134506226,0.35,1,1,600,FP32-token-IDs
MentalBERT,11q4ikh,309,73,1012,.,.,False,anger,-0.011738381441682577,0.011738381441682577,0.32392627000808716,0.39464816451072693,0.35,0,1,600,FP32-token-IDs
MentalBERT,11q4ikh,309,73,1012,.,.,False,brain dysfunction (forget),-0.008157141824873785,0.008157141824873785,0.23395347595214844,0.39547374844551086,0.35,1,1,600,FP32-token-IDs
MentalBERT,11q4ikh,309,73,1012,.,.,False,emptiness,0.001750513631850481,0.001750513631850481,0.2586143910884857,0.9857175350189209,0.35,1,1,600,FP32-token-IDs
MentalBERT,11q4ikh,309,73,1012,.,.,False,hopelessness,-0.004821490178195139,0.004821490178195139,0.4677259027957916,0.9842402935028076,0.35,1,1,600,FP32-token-IDs
MentalBERT,11q4ikh,309,73,1012,.,.,False,loneliness,0.0022690294000009695,0.0022690294000009695,0.616043746471405,0.9953562617301941,0.35,1,1,600,FP32-token-IDs
MentalBERT,11q4ikh,309,73,1012,.,.,False,sadness,-0.009714039834216237,0.009714039834216237,0.4391052722930908,0.9585488438606262,0.35,1,1,600,FP32-token-IDs
MentalBERT,11q4ikh,309,73,1012,.,.,False,suicide intent,-0.02048282146376247,0.02048282146376247,0.07946889847517014,0.28722327947616577,0.35,0,0,600,FP32-token-IDs
MentalBERT,11q4ikh,309,73,1012,.,.,False,worthlessness,-0.007105369559333971,0.007105369559333971,0.4997957646846771,0.9105085134506226,0.35,1,1,600,FP32-token-IDs
MentalBERT,11q4ikh,309,74,2383,having,having,False,anger,-0.010407262280138888,0.010407262280138888,0.32392627000808716,0.39464816451072693,0.35,0,1,600,FP32-token-IDs
MentalBERT,11q4ikh,309,74,2383,having,having,False,brain dysfunction (forget),-0.004433871910088894,0.004433871910088894,0.23395347595214844,0.39547374844551086,0.35,1,1,600,FP32-token-IDs
MentalBERT,11q4ikh,309,74,2383,having,having,False,emptiness,-0.002887709231722648,0.002887709231722648,0.2586143910884857,0.9857175350189209,0.35,1,1,600,FP32-token-IDs
MentalBERT,11q4ikh,309,74,2383,having,having,False,hopelessness,-0.010310238627999117,0.010310238627999117,0.4677259027957916,0.9842402935028076,0.35,1,1,600,FP32-token-IDs
MentalBERT,11q4ikh,309,74,2383,having,having,False,loneliness,0.003911367213268849,0.003911367213268849,0.616043746471405,0.9953562617301941,0.35,1,1,600,FP32-token-IDs
MentalBERT,11q4ikh,309,74,2383,having,having,False,sadness,-0.006405482846876663,0.006405482846876663,0.4391052722930908,0.9585488438606262,0.35,1,1,600,FP32-token-IDs
MentalBERT,11q4ikh,309,74,2383,having,having,False,suicide intent,-0.004757428869859062,0.004757428869859062,0.07946889847517014,0.28722327947616577,0.35,0,0,600,FP32-token-IDs
MentalBERT,11q4ikh,309,74,2383,having,having,False,worthlessness,-0.014605828270908783,0.014605828270908783,0.4997957646846771,0.9105085134506226,0.35,1,1,600,FP32-token-IDs
MentalBERT,11q4ikh,309,75,5572,tea,tea,False,anger,-0.010407262280138888,0.010407262280138888,0.32392627000808716,0.39464816451072693,0.35,0,1,600,FP32-token-IDs
MentalBERT,11q4ikh,309,75,5572,tea,tea,False,brain dysfunction (forget),-0.004433871910088894,0.004433871910088894,0.23395347595214844,0.39547374844551086,0.35,1,1,600,FP32-token-IDs
MentalBERT,11q4ikh,309,75,5572,tea,tea,False,emptiness,-0.002887709231722648,0.002887709231722648,0.2586143910884857,0.9857175350189209,0.35,1,1,600,FP32-token-IDs
MentalBERT,11q4ikh,309,75,5572,tea,tea,False,hopelessness,-0.010310238627999117,0.010310238627999117,0.4677259027957916,0.9842402935028076,0.35,1,1,600,FP32-token-IDs
MentalBERT,11q4ikh,309,75,5572,tea,tea,False,loneliness,0.003911367213268849,0.003911367213268849,0.616043746471405,0.9953562617301941,0.35,1,1,600,FP32-token-IDs
MentalBERT,11q4ikh,309,75,5572,tea,tea,False,sadness,-0.006405482846876663,0.006405482846876663,0.4391052722930908,0.9585488438606262,0.35,1,1,600,FP32-token-IDs
MentalBERT,11q4ikh,309,75,5572,tea,tea,False,suicide intent,-0.004757428869859062,0.004757428869859062,0.07946889847517014,0.28722327947616577,0.35,0,0,600,FP32-token-IDs
MentalBERT,11q4ikh,309,75,5572,tea,tea,False,worthlessness,-0.014605828270908783,0.014605828270908783,0.4997957646846771,0.9105085134506226,0.35,1,1,600,FP32-token-IDs
MentalBERT,11q4ikh,309,76,1999,in,in,False,anger,-0.009035577184774659,0.009035577184774659,0.32392627000808716,0.39464816451072693,0.35,0,1,600,FP32-token-IDs
MentalBERT,11q4ikh,309,76,1999,in,in,False,brain dysfunction (forget),-0.0044025191684451065,0.0044025191684451065,0.23395347595214844,0.39547374844551086,0.35,1,1,600,FP32-token-IDs
MentalBERT,11q4ikh,309,76,1999,in,in,False,emptiness,-0.0019657855451276356,0.0019657855451276356,0.2586143910884857,0.9857175350189209,0.35,1,1,600,FP32-token-IDs
MentalBERT,11q4ikh,309,76,1999,in,in,False,hopelessness,-0.005932992104102264,0.005932992104102264,0.4677259027957916,0.9842402935028076,0.35,1,1,600,FP32-token-IDs
MentalBERT,11q4ikh,309,76,1999,in,in,False,loneliness,0.0032618697182360025,0.0032618697182360025,0.616043746471405,0.9953562617301941,0.35,1,1,600,FP32-token-IDs
MentalBERT,11q4ikh,309,76,1999,in,in,False,sadness,-0.003486721972568017,0.003486721972568017,0.4391052722930908,0.9585488438606262,0.35,1,1,600,FP32-token-IDs
MentalBERT,11q4ikh,309,76,1999,in,in,False,suicide intent,-0.0043102021233856,0.0043102021233856,0.07946889847517014,0.28722327947616577,0.35,0,0,600,FP32-token-IDs
MentalBERT,11q4ikh,309,76,1999,in,in,False,worthlessness,-0.010800658008365919,0.010800658008365919,0.4997957646846771,0.9105085134506226,0.35,1,1,600,FP32-token-IDs
MentalBERT,11q4ikh,309,77,1996,the,the,False,anger,-0.009035577184774659,0.009035577184774659,0.32392627000808716,0.39464816451072693,0.35,0,1,600,FP32-token-IDs
MentalBERT,11q4ikh,309,77,1996,the,the,False,brain dysfunction (forget),-0.0044025191684451065,0.0044025191684451065,0.23395347595214844,0.39547374844551086,0.35,1,1,600,FP32-token-IDs
MentalBERT,11q4ikh,309,77,1996,the,the,False,emptiness,-0.0019657855451276356,0.0019657855451276356,0.2586143910884857,0.9857175350189209,0.35,1,1,600,FP32-token-IDs
MentalBERT,11q4ikh,309,77,1996,the,the,False,hopelessness,-0.005932992104102264,0.005932992104102264,0.4677259027957916,0.9842402935028076,0.35,1,1,600,FP32-token-IDs
MentalBERT,11q4ikh,309,77,1996,the,the,False,loneliness,0.0032618697182360025,0.0032618697182360025,0.616043746471405,0.9953562617301941,0.35,1,1,600,FP32-token-IDs
MentalBERT,11q4ikh,309,77,1996,the,the,False,sadness,-0.003486721972568017,0.003486721972568017,0.4391052722930908,0.9585488438606262,0.35,1,1,600,FP32-token-IDs
MentalBERT,11q4ikh,309,77,1996,the,the,False,suicide intent,-0.0043102021233856,0.0043102021233856,0.07946889847517014,0.28722327947616577,0.35,0,0,600,FP32-token-IDs
MentalBERT,11q4ikh,309,77,1996,the,the,False,worthlessness,-0.010800658008365919,0.010800658008365919,0.4997957646846771,0.9105085134506226,0.35,1,1,600,FP32-token-IDs
MentalBERT,11q4ikh,309,78,5027,afternoon,afternoon,False,anger,-0.009035577184774659,0.009035577184774659,0.32392627000808716,0.39464816451072693,0.35,0,1,600,FP32-token-IDs
MentalBERT,11q4ikh,309,78,5027,afternoon,afternoon,False,brain dysfunction (forget),-0.0044025191684451065,0.0044025191684451065,0.23395347595214844,0.39547374844551086,0.35,1,1,600,FP32-token-IDs
MentalBERT,11q4ikh,309,78,5027,afternoon,afternoon,False,emptiness,-0.0019657855451276356,0.0019657855451276356,0.2586143910884857,0.9857175350189209,0.35,1,1,600,FP32-token-IDs
MentalBERT,11q4ikh,309,78,5027,afternoon,afternoon,False,hopelessness,-0.005932992104102264,0.005932992104102264,0.4677259027957916,0.9842402935028076,0.35,1,1,600,FP32-token-IDs
MentalBERT,11q4ikh,309,78,5027,afternoon,afternoon,False,loneliness,0.0032618697182360025,0.0032618697182360025,0.616043746471405,0.9953562617301941,0.35,1,1,600,FP32-token-IDs
MentalBERT,11q4ikh,309,78,5027,afternoon,afternoon,False,sadness,-0.003486721972568017,0.003486721972568017,0.4391052722930908,0.9585488438606262,0.35,1,1,600,FP32-token-IDs
MentalBERT,11q4ikh,309,78,5027,afternoon,afternoon,False,suicide intent,-0.0043102021233856,0.0043102021233856,0.07946889847517014,0.28722327947616577,0.35,0,0,600,FP32-token-IDs
MentalBERT,11q4ikh,309,78,5027,afternoon,afternoon,False,worthlessness,-0.010800658008365919,0.010800658008365919,0.4997957646846771,0.9105085134506226,0.35,1,1,600,FP32-token-IDs
MentalBERT,11q4ikh,309,79,1998,and,and,False,anger,-0.004968757079702547,0.004968757079702547,0.32392627000808716,0.39464816451072693,0.35,0,1,600,FP32-token-IDs
MentalBERT,11q4ikh,309,79,1998,and,and,False,brain dysfunction (forget),-0.003272128256150719,0.003272128256150719,0.23395347595214844,0.39547374844551086,0.35,1,1,600,FP32-token-IDs
MentalBERT,11q4ikh,309,79,1998,and,and,False,emptiness,-0.0015712210583980334,0.0015712210583980334,0.2586143910884857,0.9857175350189209,0.35,1,1,600,FP32-token-IDs
MentalBERT,11q4ikh,309,79,1998,and,and,False,hopelessness,-0.0017179511769702936,0.0017179511769702936,0.4677259027957916,0.9842402935028076,0.35,1,1,600,FP32-token-IDs
MentalBERT,11q4ikh,309,79,1998,and,and,False,loneliness,-0.0005473563532260331,0.0005473563532260331,0.616043746471405,0.9953562617301941,0.35,1,1,600,FP32-token-IDs
MentalBERT,11q4ikh,309,79,1998,and,and,False,sadness,-0.0002405886171442089,0.0002405886171442089,0.4391052722930908,0.9585488438606262,0.35,1,1,600,FP32-token-IDs
MentalBERT,11q4ikh,309,79,1998,and,and,False,suicide intent,-0.003009587330532006,0.003009587330532006,0.07946889847517014,0.28722327947616577,0.35,0,0,600,FP32-token-IDs
MentalBERT,11q4ikh,309,79,1998,and,and,False,worthlessness,-0.004923920252953063,0.004923920252953063,0.4997957646846771,0.9105085134506226,0.35,1,1,600,FP32-token-IDs
MentalBERT,11q4ikh,309,80,4157,coffee,coffee,False,anger,-0.006666642790448598,0.006666642790448598,0.32392627000808716,0.39464816451072693,0.35,0,1,600,FP32-token-IDs
MentalBERT,11q4ikh,309,80,4157,coffee,coffee,False,brain dysfunction (forget),-0.0017090760711157185,0.0017090760711157185,0.23395347595214844,0.39547374844551086,0.35,1,1,600,FP32-token-IDs
MentalBERT,11q4ikh,309,80,4157,coffee,coffee,False,emptiness,0.00044623736122792414,0.00044623736122792414,0.2586143910884857,0.9857175350189209,0.35,1,1,600,FP32-token-IDs
MentalBERT,11q4ikh,309,80,4157,coffee,coffee,False,hopelessness,-0.0051829611543904655,0.0051829611543904655,0.4677259027957916,0.9842402935028076,0.35,1,1,600,FP32-token-IDs
MentalBERT,11q4ikh,309,80,4157,coffee,coffee,False,loneliness,0.003187361397695812,0.003187361397695812,0.616043746471405,0.9953562617301941,0.35,1,1,600,FP32-token-IDs
MentalBERT,11q4ikh,309,80,4157,coffee,coffee,False,sadness,-0.0034678568386218764,0.0034678568386218764,0.4391052722930908,0.9585488438606262,0.35,1,1,600,FP32-token-IDs
MentalBERT,11q4ikh,309,80,4157,coffee,coffee,False,suicide intent,-0.0010968509267761627,0.0010968509267761627,0.07946889847517014,0.28722327947616577,0.35,0,0,600,FP32-token-IDs
MentalBERT,11q4ikh,309,80,4157,coffee,coffee,False,worthlessness,-0.008758086037017745,0.008758086037017745,0.4997957646846771,0.9105085134506226,0.35,1,1,600,FP32-token-IDs
MentalBERT,11q4ikh,309,81,1999,in,in,False,anger,-0.006666642790448598,0.006666642790448598,0.32392627000808716,0.39464816451072693,0.35,0,1,600,FP32-token-IDs
MentalBERT,11q4ikh,309,81,1999,in,in,False,brain dysfunction (forget),-0.0017090760711157185,0.0017090760711157185,0.23395347595214844,0.39547374844551086,0.35,1,1,600,FP32-token-IDs
MentalBERT,11q4ikh,309,81,1999,in,in,False,emptiness,0.00044623736122792414,0.00044623736122792414,0.2586143910884857,0.9857175350189209,0.35,1,1,600,FP32-token-IDs
MentalBERT,11q4ikh,309,81,1999,in,in,False,hopelessness,-0.0051829611543904655,0.0051829611543904655,0.4677259027957916,0.9842402935028076,0.35,1,1,600,FP32-token-IDs
MentalBERT,11q4ikh,309,81,1999,in,in,False,loneliness,0.003187361397695812,0.003187361397695812,0.616043746471405,0.9953562617301941,0.35,1,1,600,FP32-token-IDs
MentalBERT,11q4ikh,309,81,1999,in,in,False,sadness,-0.0034678568386218764,0.0034678568386218764,0.4391052722930908,0.9585488438606262,0.35,1,1,600,FP32-token-IDs
MentalBERT,11q4ikh,309,81,1999,in,in,False,suicide intent,-0.0010968509267761627,0.0010968509267761627,0.07946889847517014,0.28722327947616577,0.35,0,0,600,FP32-token-IDs
MentalBERT,11q4ikh,309,81,1999,in,in,False,worthlessness,-0.008758086037017745,0.008758086037017745,0.4997957646846771,0.9105085134506226,0.35,1,1,600,FP32-token-IDs
MentalBERT,11q4ikh,309,82,1996,the,the,False,anger,-0.006666642790448598,0.006666642790448598,0.32392627000808716,0.39464816451072693,0.35,0,1,600,FP32-token-IDs
MentalBERT,11q4ikh,309,82,1996,the,the,False,brain dysfunction (forget),-0.0017090760711157185,0.0017090760711157185,0.23395347595214844,0.39547374844551086,0.35,1,1,600,FP32-token-IDs
MentalBERT,11q4ikh,309,82,1996,the,the,False,emptiness,0.00044623736122792414,0.00044623736122792414,0.2586143910884857,0.9857175350189209,0.35,1,1,600,FP32-token-IDs
MentalBERT,11q4ikh,309,82,1996,the,the,False,hopelessness,-0.0051829611543904655,0.0051829611543904655,0.4677259027957916,0.9842402935028076,0.35,1,1,600,FP32-token-IDs
MentalBERT,11q4ikh,309,82,1996,the,the,False,loneliness,0.003187361397695812,0.003187361397695812,0.616043746471405,0.9953562617301941,0.35,1,1,600,FP32-token-IDs
MentalBERT,11q4ikh,309,82,1996,the,the,False,sadness,-0.0034678568386218764,0.0034678568386218764,0.4391052722930908,0.9585488438606262,0.35,1,1,600,FP32-token-IDs
MentalBERT,11q4ikh,309,82,1996,the,the,False,suicide intent,-0.0010968509267761627,0.0010968509267761627,0.07946889847517014,0.28722327947616577,0.35,0,0,600,FP32-token-IDs
MentalBERT,11q4ikh,309,82,1996,the,the,False,worthlessness,-0.008758086037017745,0.008758086037017745,0.4997957646846771,0.9105085134506226,0.35,1,1,600,FP32-token-IDs
MentalBERT,11q4ikh,309,83,2851,morning,morning,False,anger,-0.006666642790448598,0.006666642790448598,0.32392627000808716,0.39464816451072693,0.35,0,1,600,FP32-token-IDs
MentalBERT,11q4ikh,309,83,2851,morning,morning,False,brain dysfunction (forget),-0.0017090760711157185,0.0017090760711157185,0.23395347595214844,0.39547374844551086,0.35,1,1,600,FP32-token-IDs
MentalBERT,11q4ikh,309,83,2851,morning,morning,False,emptiness,0.00044623736122792414,0.00044623736122792414,0.2586143910884857,0.9857175350189209,0.35,1,1,600,FP32-token-IDs
MentalBERT,11q4ikh,309,83,2851,morning,morning,False,hopelessness,-0.0051829611543904655,0.0051829611543904655,0.4677259027957916,0.9842402935028076,0.35,1,1,600,FP32-token-IDs
MentalBERT,11q4ikh,309,83,2851,morning,morning,False,loneliness,0.003187361397695812,0.003187361397695812,0.616043746471405,0.9953562617301941,0.35,1,1,600,FP32-token-IDs
MentalBERT,11q4ikh,309,83,2851,morning,morning,False,sadness,-0.0034678568386218764,0.0034678568386218764,0.4391052722930908,0.9585488438606262,0.35,1,1,600,FP32-token-IDs
MentalBERT,11q4ikh,309,83,2851,morning,morning,False,suicide intent,-0.0010968509267761627,0.0010968509267761627,0.07946889847517014,0.28722327947616577,0.35,0,0,600,FP32-token-IDs
MentalBERT,11q4ikh,309,83,2851,morning,morning,False,worthlessness,-0.008758086037017745,0.008758086037017745,0.4997957646846771,0.9105085134506226,0.35,1,1,600,FP32-token-IDs
MentalBERT,11q4ikh,309,84,1012,.,.,False,anger,-0.0022546951680190185,0.0022546951680190185,0.32392627000808716,0.39464816451072693,0.35,0,1,600,FP32-token-IDs
MentalBERT,11q4ikh,309,84,1012,.,.,False,brain dysfunction (forget),-0.0006831129039214414,0.0006831129039214414,0.23395347595214844,0.39547374844551086,0.35,1,1,600,FP32-token-IDs
MentalBERT,11q4ikh,309,84,1012,.,.,False,emptiness,0.0004133784381503408,0.0004133784381503408,0.2586143910884857,0.9857175350189209,0.35,1,1,600,FP32-token-IDs
MentalBERT,11q4ikh,309,84,1012,.,.,False,hopelessness,-0.0009979504753242839,0.0009979504753242839,0.4677259027957916,0.9842402935028076,0.35,1,1,600,FP32-token-IDs
MentalBERT,11q4ikh,309,84,1012,.,.,False,loneliness,-0.0011429027738896283,0.0011429027738896283,0.616043746471405,0.9953562617301941,0.35,1,1,600,FP32-token-IDs
MentalBERT,11q4ikh,309,84,1012,.,.,False,sadness,-0.0014667519622228362,0.0014667519622228362,0.4391052722930908,0.9585488438606262,0.35,1,1,600,FP32-token-IDs
MentalBERT,11q4ikh,309,84,1012,.,.,False,suicide intent,0.00012554947540841313,0.00012554947540841313,0.07946889847517014,0.28722327947616577,0.35,0,0,600,FP32-token-IDs
MentalBERT,11q4ikh,309,84,1012,.,.,False,worthlessness,-0.0017870745748620144,0.0017870745748620144,0.4997957646846771,0.9105085134506226,0.35,1,1,600,FP32-token-IDs
MentalBERT,11q4ikh,309,85,2026,my,my,False,anger,0.011631167959421873,0.011631167959421873,0.32392627000808716,0.39464816451072693,0.35,0,1,600,FP32-token-IDs
MentalBERT,11q4ikh,309,85,2026,my,my,False,brain dysfunction (forget),-0.0007427414529956877,0.0007427414529956877,0.23395347595214844,0.39547374844551086,0.35,1,1,600,FP32-token-IDs
MentalBERT,11q4ikh,309,85,2026,my,my,False,emptiness,0.02637823938857764,0.02637823938857764,0.2586143910884857,0.9857175350189209,0.35,1,1,600,FP32-token-IDs
MentalBERT,11q4ikh,309,85,2026,my,my,False,hopelessness,0.012605367577634752,0.012605367577634752,0.4677259027957916,0.9842402935028076,0.35,1,1,600,FP32-token-IDs
MentalBERT,11q4ikh,309,85,2026,my,my,False,loneliness,0.011156659107655287,0.011156659107655287,0.616043746471405,0.9953562617301941,0.35,1,1,600,FP32-token-IDs
MentalBERT,11q4ikh,309,85,2026,my,my,False,sadness,0.018563392921350896,0.018563392921350896,0.4391052722930908,0.9585488438606262,0.35,1,1,600,FP32-token-IDs
MentalBERT,11q4ikh,309,85,2026,my,my,False,suicide intent,0.010654802405042574,0.010654802405042574,0.07946889847517014,0.28722327947616577,0.35,0,0,600,FP32-token-IDs
MentalBERT,11q4ikh,309,85,2026,my,my,False,worthlessness,0.009864055347861722,0.009864055347861722,0.4997957646846771,0.9105085134506226,0.35,1,1,600,FP32-token-IDs
MentalBERT,11q4ikh,309,86,2155,family,family,False,anger,0.011631167959421873,0.011631167959421873,0.32392627000808716,0.39464816451072693,0.35,0,1,600,FP32-token-IDs
MentalBERT,11q4ikh,309,86,2155,family,family,False,brain dysfunction (forget),-0.0007427414529956877,0.0007427414529956877,0.23395347595214844,0.39547374844551086,0.35,1,1,600,FP32-token-IDs
MentalBERT,11q4ikh,309,86,2155,family,family,False,emptiness,0.02637823938857764,0.02637823938857764,0.2586143910884857,0.9857175350189209,0.35,1,1,600,FP32-token-IDs
MentalBERT,11q4ikh,309,86,2155,family,family,False,hopelessness,0.012605367577634752,0.012605367577634752,0.4677259027957916,0.9842402935028076,0.35,1,1,600,FP32-token-IDs
MentalBERT,11q4ikh,309,86,2155,family,family,False,loneliness,0.011156659107655287,0.011156659107655287,0.616043746471405,0.9953562617301941,0.35,1,1,600,FP32-token-IDs
MentalBERT,11q4ikh,309,86,2155,family,family,False,sadness,0.018563392921350896,0.018563392921350896,0.4391052722930908,0.9585488438606262,0.35,1,1,600,FP32-token-IDs
MentalBERT,11q4ikh,309,86,2155,family,family,False,suicide intent,0.010654802405042574,0.010654802405042574,0.07946889847517014,0.28722327947616577,0.35,0,0,600,FP32-token-IDs
MentalBERT,11q4ikh,309,86,2155,family,family,False,worthlessness,0.009864055347861722,0.009864055347861722,0.4997957646846771,0.9105085134506226,0.35,1,1,600,FP32-token-IDs
MentalBERT,11q4ikh,309,87,21569,barley,barley,False,anger,0.022184123867191374,0.022184123867191374,0.32392627000808716,0.39464816451072693,0.35,0,1,600,FP32-token-IDs
MentalBERT,11q4ikh,309,87,21569,barley,barley,False,brain dysfunction (forget),0.01415252237347886,0.01415252237347886,0.23395347595214844,0.39547374844551086,0.35,1,1,600,FP32-token-IDs
MentalBERT,11q4ikh,309,87,21569,barley,barley,False,emptiness,0.041097763809375465,0.041097763809375465,0.2586143910884857,0.9857175350189209,0.35,1,1,600,FP32-token-IDs
MentalBERT,11q4ikh,309,87,21569,barley,barley,False,hopelessness,0.022884412319399416,0.022884412319399416,0.4677259027957916,0.9842402935028076,0.35,1,1,600,FP32-token-IDs
MentalBERT,11q4ikh,309,87,21569,barley,barley,False,loneliness,0.009198725689202547,0.009198725689202547,0.616043746471405,0.9953562617301941,0.35,1,1,600,FP32-token-IDs
MentalBERT,11q4ikh,309,87,21569,barley,barley,False,sadness,0.0173717726720497,0.0173717726720497,0.4391052722930908,0.9585488438606262,0.35,1,1,600,FP32-token-IDs
MentalBERT,11q4ikh,309,87,21569,barley,barley,False,suicide intent,0.009873425675323233,0.009873425675323233,0.07946889847517014,0.28722327947616577,0.35,0,0,600,FP32-token-IDs
MentalBERT,11q4ikh,309,87,21569,barley,barley,False,worthlessness,0.02985078637721017,0.02985078637721017,0.4997957646846771,0.9105085134506226,0.35,1,1,600,FP32-token-IDs
MentalBERT,11q4ikh,309,88,8847,speaks,speaks,False,anger,0.022184123867191374,0.022184123867191374,0.32392627000808716,0.39464816451072693,0.35,0,1,600,FP32-token-IDs
MentalBERT,11q4ikh,309,88,8847,speaks,speaks,False,brain dysfunction (forget),0.01415252237347886,0.01415252237347886,0.23395347595214844,0.39547374844551086,0.35,1,1,600,FP32-token-IDs
MentalBERT,11q4ikh,309,88,8847,speaks,speaks,False,emptiness,0.041097763809375465,0.041097763809375465,0.2586143910884857,0.9857175350189209,0.35,1,1,600,FP32-token-IDs
MentalBERT,11q4ikh,309,88,8847,speaks,speaks,False,hopelessness,0.022884412319399416,0.022884412319399416,0.4677259027957916,0.9842402935028076,0.35,1,1,600,FP32-token-IDs
MentalBERT,11q4ikh,309,88,8847,speaks,speaks,False,loneliness,0.009198725689202547,0.009198725689202547,0.616043746471405,0.9953562617301941,0.35,1,1,600,FP32-token-IDs
MentalBERT,11q4ikh,309,88,8847,speaks,speaks,False,sadness,0.0173717726720497,0.0173717726720497,0.4391052722930908,0.9585488438606262,0.35,1,1,600,FP32-token-IDs
MentalBERT,11q4ikh,309,88,8847,speaks,speaks,False,suicide intent,0.009873425675323233,0.009873425675323233,0.07946889847517014,0.28722327947616577,0.35,0,0,600,FP32-token-IDs
MentalBERT,11q4ikh,309,88,8847,speaks,speaks,False,worthlessness,0.02985078637721017,0.02985078637721017,0.4997957646846771,0.9105085134506226,0.35,1,1,600,FP32-token-IDs
MentalBERT,11q4ikh,309,89,2000,to,to,False,anger,0.014391212306994325,0.014391212306994325,0.32392627000808716,0.39464816451072693,0.35,0,1,600,FP32-token-IDs
MentalBERT,11q4ikh,309,89,2000,to,to,False,brain dysfunction (forget),0.005566973336196194,0.005566973336196194,0.23395347595214844,0.39547374844551086,0.35,1,1,600,FP32-token-IDs
MentalBERT,11q4ikh,309,89,2000,to,to,False,emptiness,0.014865191769786179,0.014865191769786179,0.2586143910884857,0.9857175350189209,0.35,1,1,600,FP32-token-IDs
MentalBERT,11q4ikh,309,89,2000,to,to,False,hopelessness,0.008347534807398915,0.008347534807398915,0.4677259027957916,0.9842402935028076,0.35,1,1,600,FP32-token-IDs
MentalBERT,11q4ikh,309,89,2000,to,to,False,loneliness,0.001884195643166701,0.001884195643166701,0.616043746471405,0.9953562617301941,0.35,1,1,600,FP32-token-IDs
MentalBERT,11q4ikh,309,89,2000,to,to,False,sadness,0.007164296267243723,0.007164296267243723,0.4391052722930908,0.9585488438606262,0.35,1,1,600,FP32-token-IDs
MentalBERT,11q4ikh,309,89,2000,to,to,False,suicide intent,0.005780558625701815,0.005780558625701815,0.07946889847517014,0.28722327947616577,0.35,0,0,600,FP32-token-IDs
MentalBERT,11q4ikh,309,89,2000,to,to,False,worthlessness,0.013485186156079484,0.013485186156079484,0.4997957646846771,0.9105085134506226,0.35,1,1,600,FP32-token-IDs
MentalBERT,11q4ikh,309,90,2000,to,to,False,anger,0.014391212306994325,0.014391212306994325,0.32392627000808716,0.39464816451072693,0.35,0,1,600,FP32-token-IDs
MentalBERT,11q4ikh,309,90,2000,to,to,False,brain dysfunction (forget),0.005566973336196194,0.005566973336196194,0.23395347595214844,0.39547374844551086,0.35,1,1,600,FP32-token-IDs
MentalBERT,11q4ikh,309,90,2000,to,to,False,emptiness,0.014865191769786179,0.014865191769786179,0.2586143910884857,0.9857175350189209,0.35,1,1,600,FP32-token-IDs
MentalBERT,11q4ikh,309,90,2000,to,to,False,hopelessness,0.008347534807398915,0.008347534807398915,0.4677259027957916,0.9842402935028076,0.35,1,1,600,FP32-token-IDs
MentalBERT,11q4ikh,309,90,2000,to,to,False,loneliness,0.001884195643166701,0.001884195643166701,0.616043746471405,0.9953562617301941,0.35,1,1,600,FP32-token-IDs
MentalBERT,11q4ikh,309,90,2000,to,to,False,sadness,0.007164296267243723,0.007164296267243723,0.4391052722930908,0.9585488438606262,0.35,1,1,600,FP32-token-IDs
MentalBERT,11q4ikh,309,90,2000,to,to,False,suicide intent,0.005780558625701815,0.005780558625701815,0.07946889847517014,0.28722327947616577,0.35,0,0,600,FP32-token-IDs
MentalBERT,11q4ikh,309,90,2000,to,to,False,worthlessness,0.013485186156079484,0.013485186156079484,0.4997957646846771,0.9105085134506226,0.35,1,1,600,FP32-token-IDs
MentalBERT,11q4ikh,309,91,2033,me,me,False,anger,0.014391212306994325,0.014391212306994325,0.32392627000808716,0.39464816451072693,0.35,0,1,600,FP32-token-IDs
MentalBERT,11q4ikh,309,91,2033,me,me,False,brain dysfunction (forget),0.005566973336196194,0.005566973336196194,0.23395347595214844,0.39547374844551086,0.35,1,1,600,FP32-token-IDs
MentalBERT,11q4ikh,309,91,2033,me,me,False,emptiness,0.014865191769786179,0.014865191769786179,0.2586143910884857,0.9857175350189209,0.35,1,1,600,FP32-token-IDs
MentalBERT,11q4ikh,309,91,2033,me,me,False,hopelessness,0.008347534807398915,0.008347534807398915,0.4677259027957916,0.9842402935028076,0.35,1,1,600,FP32-token-IDs
MentalBERT,11q4ikh,309,91,2033,me,me,False,loneliness,0.001884195643166701,0.001884195643166701,0.616043746471405,0.9953562617301941,0.35,1,1,600,FP32-token-IDs
MentalBERT,11q4ikh,309,91,2033,me,me,False,sadness,0.007164296267243723,0.007164296267243723,0.4391052722930908,0.9585488438606262,0.35,1,1,600,FP32-token-IDs
MentalBERT,11q4ikh,309,91,2033,me,me,False,suicide intent,0.005780558625701815,0.005780558625701815,0.07946889847517014,0.28722327947616577,0.35,0,0,600,FP32-token-IDs
MentalBERT,11q4ikh,309,91,2033,me,me,False,worthlessness,0.013485186156079484,0.013485186156079484,0.4997957646846771,0.9105085134506226,0.35,1,1,600,FP32-token-IDs
MentalBERT,11q4ikh,309,92,1012,.,.,False,anger,0.008119448641082272,0.008119448641082272,0.32392627000808716,0.39464816451072693,0.35,0,1,600,FP32-token-IDs
MentalBERT,11q4ikh,309,92,1012,.,.,False,brain dysfunction (forget),0.003851496090646833,0.003851496090646833,0.23395347595214844,0.39547374844551086,0.35,1,1,600,FP32-token-IDs
MentalBERT,11q4ikh,309,92,1012,.,.,False,emptiness,0.0194092906313017,0.0194092906313017,0.2586143910884857,0.9857175350189209,0.35,1,1,600,FP32-token-IDs
MentalBERT,11q4ikh,309,92,1012,.,.,False,hopelessness,0.014931586338207126,0.014931586338207126,0.4677259027957916,0.9842402935028076,0.35,1,1,600,FP32-token-IDs
MentalBERT,11q4ikh,309,92,1012,.,.,False,loneliness,0.0017559649422764778,0.0017559649422764778,0.616043746471405,0.9953562617301941,0.35,1,1,600,FP32-token-IDs
MentalBERT,11q4ikh,309,92,1012,.,.,False,sadness,0.011928872088901699,0.011928872088901699,0.4391052722930908,0.9585488438606262,0.35,1,1,600,FP32-token-IDs
MentalBERT,11q4ikh,309,92,1012,.,.,False,suicide intent,0.0045418087975122035,0.0045418087975122035,0.07946889847517014,0.28722327947616577,0.35,0,0,600,FP32-token-IDs
MentalBERT,11q4ikh,309,92,1012,.,.,False,worthlessness,0.012445908665540628,0.012445908665540628,0.4997957646846771,0.9105085134506226,0.35,1,1,600,FP32-token-IDs
MentalBERT,11q4ikh,309,93,2814,friends,friends,False,anger,0.007964132586494088,0.007964132586494088,0.32392627000808716,0.39464816451072693,0.35,0,1,600,FP32-token-IDs
MentalBERT,11q4ikh,309,93,2814,friends,friends,False,brain dysfunction (forget),0.0009030104265548289,0.0009030104265548289,0.23395347595214844,0.39547374844551086,0.35,1,1,600,FP32-token-IDs
MentalBERT,11q4ikh,309,93,2814,friends,friends,False,emptiness,0.025767830084078014,0.025767830084078014,0.2586143910884857,0.9857175350189209,0.35,1,1,600,FP32-token-IDs
MentalBERT,11q4ikh,309,93,2814,friends,friends,False,hopelessness,0.01653074979549274,0.01653074979549274,0.4677259027957916,0.9842402935028076,0.35,1,1,600,FP32-token-IDs
MentalBERT,11q4ikh,309,93,2814,friends,friends,False,loneliness,0.008377990685403347,0.008377990685403347,0.616043746471405,0.9953562617301941,0.35,1,1,600,FP32-token-IDs
MentalBERT,11q4ikh,309,93,2814,friends,friends,False,sadness,0.014876873465254903,0.014876873465254903,0.4391052722930908,0.9585488438606262,0.35,1,1,600,FP32-token-IDs
MentalBERT,11q4ikh,309,93,2814,friends,friends,False,suicide intent,0.0017941610858542845,0.0017941610858542845,0.07946889847517014,0.28722327947616577,0.35,0,0,600,FP32-token-IDs
MentalBERT,11q4ikh,309,93,2814,friends,friends,False,worthlessness,0.01792397172539495,0.01792397172539495,0.4997957646846771,0.9105085134506226,0.35,1,1,600,FP32-token-IDs
MentalBERT,11q4ikh,309,94,6684,hardly,hardly,False,anger,0.012392763106618077,0.012392763106618077,0.32392627000808716,0.39464816451072693,0.35,0,1,600,FP32-token-IDs
MentalBERT,11q4ikh,309,94,6684,hardly,hardly,False,brain dysfunction (forget),0.0018957992433570325,0.0018957992433570325,0.23395347595214844,0.39547374844551086,0.35,1,1,600,FP32-token-IDs
MentalBERT,11q4ikh,309,94,6684,hardly,hardly,False,emptiness,0.0319910243852064,0.0319910243852064,0.2586143910884857,0.9857175350189209,0.35,1,1,600,FP32-token-IDs
MentalBERT,11q4ikh,309,94,6684,hardly,hardly,False,hopelessness,0.026987092511262745,0.026987092511262745,0.4677259027957916,0.9842402935028076,0.35,1,1,600,FP32-token-IDs
MentalBERT,11q4ikh,309,94,6684,hardly,hardly,False,loneliness,0.008348977193236351,0.008348977193236351,0.616043746471405,0.9953562617301941,0.35,1,1,600,FP32-token-IDs
MentalBERT,11q4ikh,309,94,6684,hardly,hardly,False,sadness,0.021934712072834373,0.021934712072834373,0.4391052722930908,0.9585488438606262,0.35,1,1,600,FP32-token-IDs
MentalBERT,11q4ikh,309,94,6684,hardly,hardly,False,suicide intent,0.001737416154355742,0.001737416154355742,0.07946889847517014,0.28722327947616577,0.35,0,0,600,FP32-token-IDs
MentalBERT,11q4ikh,309,94,6684,hardly,hardly,False,worthlessness,0.02784819746739231,0.02784819746739231,0.4997957646846771,0.9105085134506226,0.35,1,1,600,FP32-token-IDs
MentalBERT,11q4ikh,309,95,2215,want,want,False,anger,0.011101788288215175,0.011101788288215175,0.32392627000808716,0.39464816451072693,0.35,0,1,600,FP32-token-IDs
MentalBERT,11q4ikh,309,95,2215,want,want,False,brain dysfunction (forget),0.0027137785218656063,0.0027137785218656063,0.23395347595214844,0.39547374844551086,0.35,1,1,600,FP32-token-IDs
MentalBERT,11q4ikh,309,95,2215,want,want,False,emptiness,0.006947361747734249,0.006947361747734249,0.2586143910884857,0.9857175350189209,0.35,1,1,600,FP32-token-IDs
MentalBERT,11q4ikh,309,95,2215,want,want,False,hopelessness,0.005658341746311635,0.005658341746311635,0.4677259027957916,0.9842402935028076,0.35,1,1,600,FP32-token-IDs
MentalBERT,11q4ikh,309,95,2215,want,want,False,loneliness,0.001870489213615656,0.001870489213615656,0.616043746471405,0.9953562617301941,0.35,1,1,600,FP32-token-IDs
MentalBERT,11q4ikh,309,95,2215,want,want,False,sadness,0.005504098255187273,0.005504098255187273,0.4391052722930908,0.9585488438606262,0.35,1,1,600,FP32-token-IDs
MentalBERT,11q4ikh,309,95,2215,want,want,False,suicide intent,0.0020238026627339423,0.0020238026627339423,0.07946889847517014,0.28722327947616577,0.35,0,0,600,FP32-token-IDs
MentalBERT,11q4ikh,309,95,2215,want,want,False,worthlessness,0.011649610562017187,0.011649610562017187,0.4997957646846771,0.9105085134506226,0.35,1,1,600,FP32-token-IDs
MentalBERT,11q4ikh,309,96,2000,to,to,False,anger,0.011101788288215175,0.011101788288215175,0.32392627000808716,0.39464816451072693,0.35,0,1,600,FP32-token-IDs
MentalBERT,11q4ikh,309,96,2000,to,to,False,brain dysfunction (forget),0.0027137785218656063,0.0027137785218656063,0.23395347595214844,0.39547374844551086,0.35,1,1,600,FP32-token-IDs
MentalBERT,11q4ikh,309,96,2000,to,to,False,emptiness,0.006947361747734249,0.006947361747734249,0.2586143910884857,0.9857175350189209,0.35,1,1,600,FP32-token-IDs
MentalBERT,11q4ikh,309,96,2000,to,to,False,hopelessness,0.005658341746311635,0.005658341746311635,0.4677259027957916,0.9842402935028076,0.35,1,1,600,FP32-token-IDs
MentalBERT,11q4ikh,309,96,2000,to,to,False,loneliness,0.001870489213615656,0.001870489213615656,0.616043746471405,0.9953562617301941,0.35,1,1,600,FP32-token-IDs
MentalBERT,11q4ikh,309,96,2000,to,to,False,sadness,0.005504098255187273,0.005504098255187273,0.4391052722930908,0.9585488438606262,0.35,1,1,600,FP32-token-IDs
MentalBERT,11q4ikh,309,96,2000,to,to,False,suicide intent,0.0020238026627339423,0.0020238026627339423,0.07946889847517014,0.28722327947616577,0.35,0,0,600,FP32-token-IDs
MentalBERT,11q4ikh,309,96,2000,to,to,False,worthlessness,0.011649610562017187,0.011649610562017187,0.4997957646846771,0.9105085134506226,0.35,1,1,600,FP32-token-IDs
MentalBERT,11q4ikh,309,97,2831,talk,talk,False,anger,0.0017213937535416335,0.0017213937535416335,0.32392627000808716,0.39464816451072693,0.35,0,1,600,FP32-token-IDs
MentalBERT,11q4ikh,309,97,2831,talk,talk,False,brain dysfunction (forget),-0.0017456470523029566,0.0017456470523029566,0.23395347595214844,0.39547374844551086,0.35,1,1,600,FP32-token-IDs
MentalBERT,11q4ikh,309,97,2831,talk,talk,False,emptiness,0.00828165642451495,0.00828165642451495,0.2586143910884857,0.9857175350189209,0.35,1,1,600,FP32-token-IDs
MentalBERT,11q4ikh,309,97,2831,talk,talk,False,hopelessness,0.002172684937249869,0.002172684937249869,0.4677259027957916,0.9842402935028076,0.35,1,1,600,FP32-token-IDs
MentalBERT,11q4ikh,309,97,2831,talk,talk,False,loneliness,0.0053173392079770565,0.0053173392079770565,0.616043746471405,0.9953562617301941,0.35,1,1,600,FP32-token-IDs
MentalBERT,11q4ikh,309,97,2831,talk,talk,False,sadness,0.00193633115850389,0.00193633115850389,0.4391052722930908,0.9585488438606262,0.35,1,1,600,FP32-token-IDs
MentalBERT,11q4ikh,309,97,2831,talk,talk,False,suicide intent,-0.00042262607894372195,0.00042262607894372195,0.07946889847517014,0.28722327947616577,0.35,0,0,600,FP32-token-IDs
MentalBERT,11q4ikh,309,97,2831,talk,talk,False,worthlessness,0.001010020001558587,0.001010020001558587,0.4997957646846771,0.9105085134506226,0.35,1,1,600,FP32-token-IDs
MentalBERT,11q4ikh,309,98,2000,to,to,False,anger,0.0017213937535416335,0.0017213937535416335,0.32392627000808716,0.39464816451072693,0.35,0,1,600,FP32-token-IDs
MentalBERT,11q4ikh,309,98,2000,to,to,False,brain dysfunction (forget),-0.0017456470523029566,0.0017456470523029566,0.23395347595214844,0.39547374844551086,0.35,1,1,600,FP32-token-IDs
MentalBERT,11q4ikh,309,98,2000,to,to,False,emptiness,0.00828165642451495,0.00828165642451495,0.2586143910884857,0.9857175350189209,0.35,1,1,600,FP32-token-IDs
MentalBERT,11q4ikh,309,98,2000,to,to,False,hopelessness,0.002172684937249869,0.002172684937249869,0.4677259027957916,0.9842402935028076,0.35,1,1,600,FP32-token-IDs
MentalBERT,11q4ikh,309,98,2000,to,to,False,loneliness,0.0053173392079770565,0.0053173392079770565,0.616043746471405,0.9953562617301941,0.35,1,1,600,FP32-token-IDs
MentalBERT,11q4ikh,309,98,2000,to,to,False,sadness,0.00193633115850389,0.00193633115850389,0.4391052722930908,0.9585488438606262,0.35,1,1,600,FP32-token-IDs
MentalBERT,11q4ikh,309,98,2000,to,to,False,suicide intent,-0.00042262607894372195,0.00042262607894372195,0.07946889847517014,0.28722327947616577,0.35,0,0,600,FP32-token-IDs
MentalBERT,11q4ikh,309,98,2000,to,to,False,worthlessness,0.001010020001558587,0.001010020001558587,0.4997957646846771,0.9105085134506226,0.35,1,1,600,FP32-token-IDs
MentalBERT,11q4ikh,309,99,2033,me,me,False,anger,0.0017213937535416335,0.0017213937535416335,0.32392627000808716,0.39464816451072693,0.35,0,1,600,FP32-token-IDs
MentalBERT,11q4ikh,309,99,2033,me,me,False,brain dysfunction (forget),-0.0017456470523029566,0.0017456470523029566,0.23395347595214844,0.39547374844551086,0.35,1,1,600,FP32-token-IDs
MentalBERT,11q4ikh,309,99,2033,me,me,False,emptiness,0.00828165642451495,0.00828165642451495,0.2586143910884857,0.9857175350189209,0.35,1,1,600,FP32-token-IDs
MentalBERT,11q4ikh,309,99,2033,me,me,False,hopelessness,0.002172684937249869,0.002172684937249869,0.4677259027957916,0.9842402935028076,0.35,1,1,600,FP32-token-IDs
MentalBERT,11q4ikh,309,99,2033,me,me,False,loneliness,0.0053173392079770565,0.0053173392079770565,0.616043746471405,0.9953562617301941,0.35,1,1,600,FP32-token-IDs
MentalBERT,11q4ikh,309,99,2033,me,me,False,sadness,0.00193633115850389,0.00193633115850389,0.4391052722930908,0.9585488438606262,0.35,1,1,600,FP32-token-IDs
MentalBERT,11q4ikh,309,99,2033,me,me,False,suicide intent,-0.00042262607894372195,0.00042262607894372195,0.07946889847517014,0.28722327947616577,0.35,0,0,600,FP32-token-IDs
MentalBERT,11q4ikh,309,99,2033,me,me,False,worthlessness,0.001010020001558587,0.001010020001558587,0.4997957646846771,0.9105085134506226,0.35,1,1,600,FP32-token-IDs
MentalBERT,11q4ikh,309,100,1012,.,.,False,anger,0.0017213937535416335,0.0017213937535416335,0.32392627000808716,0.39464816451072693,0.35,0,1,600,FP32-token-IDs
MentalBERT,11q4ikh,309,100,1012,.,.,False,brain dysfunction (forget),-0.0017456470523029566,0.0017456470523029566,0.23395347595214844,0.39547374844551086,0.35,1,1,600,FP32-token-IDs
MentalBERT,11q4ikh,309,100,1012,.,.,False,emptiness,0.00828165642451495,0.00828165642451495,0.2586143910884857,0.9857175350189209,0.35,1,1,600,FP32-token-IDs
MentalBERT,11q4ikh,309,100,1012,.,.,False,hopelessness,0.002172684937249869,0.002172684937249869,0.4677259027957916,0.9842402935028076,0.35,1,1,600,FP32-token-IDs
MentalBERT,11q4ikh,309,100,1012,.,.,False,loneliness,0.0053173392079770565,0.0053173392079770565,0.616043746471405,0.9953562617301941,0.35,1,1,600,FP32-token-IDs
MentalBERT,11q4ikh,309,100,1012,.,.,False,sadness,0.00193633115850389,0.00193633115850389,0.4391052722930908,0.9585488438606262,0.35,1,1,600,FP32-token-IDs
MentalBERT,11q4ikh,309,100,1012,.,.,False,suicide intent,-0.00042262607894372195,0.00042262607894372195,0.07946889847517014,0.28722327947616577,0.35,0,0,600,FP32-token-IDs
MentalBERT,11q4ikh,309,100,1012,.,.,False,worthlessness,0.001010020001558587,0.001010020001558587,0.4997957646846771,0.9105085134506226,0.35,1,1,600,FP32-token-IDs
MentalBERT,11q4ikh,309,101,2065,if,if,False,anger,0.0066250569361727685,0.0066250569361727685,0.32392627000808716,0.39464816451072693,0.35,0,1,600,FP32-token-IDs
MentalBERT,11q4ikh,309,101,2065,if,if,False,brain dysfunction (forget),0.005460678657982498,0.005460678657982498,0.23395347595214844,0.39547374844551086,0.35,1,1,600,FP32-token-IDs
MentalBERT,11q4ikh,309,101,2065,if,if,False,emptiness,0.0056052731815725565,0.0056052731815725565,0.2586143910884857,0.9857175350189209,0.35,1,1,600,FP32-token-IDs
MentalBERT,11q4ikh,309,101,2065,if,if,False,hopelessness,0.00721251597860828,0.00721251597860828,0.4677259027957916,0.9842402935028076,0.35,1,1,600,FP32-token-IDs
MentalBERT,11q4ikh,309,101,2065,if,if,False,loneliness,0.0021310457959771156,0.0021310457959771156,0.616043746471405,0.9953562617301941,0.35,1,1,600,FP32-token-IDs
MentalBERT,11q4ikh,309,101,2065,if,if,False,sadness,0.005839784746058285,0.005839784746058285,0.4391052722930908,0.9585488438606262,0.35,1,1,600,FP32-token-IDs
MentalBERT,11q4ikh,309,101,2065,if,if,False,suicide intent,0.007949514867505059,0.007949514867505059,0.07946889847517014,0.28722327947616577,0.35,0,0,600,FP32-token-IDs
MentalBERT,11q4ikh,309,101,2065,if,if,False,worthlessness,0.00870377046521753,0.00870377046521753,0.4997957646846771,0.9105085134506226,0.35,1,1,600,FP32-token-IDs
MentalBERT,11q4ikh,309,102,1045,i,i,False,anger,0.0066250569361727685,0.0066250569361727685,0.32392627000808716,0.39464816451072693,0.35,0,1,600,FP32-token-IDs
MentalBERT,11q4ikh,309,102,1045,i,i,False,brain dysfunction (forget),0.005460678657982498,0.005460678657982498,0.23395347595214844,0.39547374844551086,0.35,1,1,600,FP32-token-IDs
MentalBERT,11q4ikh,309,102,1045,i,i,False,emptiness,0.0056052731815725565,0.0056052731815725565,0.2586143910884857,0.9857175350189209,0.35,1,1,600,FP32-token-IDs
MentalBERT,11q4ikh,309,102,1045,i,i,False,hopelessness,0.00721251597860828,0.00721251597860828,0.4677259027957916,0.9842402935028076,0.35,1,1,600,FP32-token-IDs
MentalBERT,11q4ikh,309,102,1045,i,i,False,loneliness,0.0021310457959771156,0.0021310457959771156,0.616043746471405,0.9953562617301941,0.35,1,1,600,FP32-token-IDs
MentalBERT,11q4ikh,309,102,1045,i,i,False,sadness,0.005839784746058285,0.005839784746058285,0.4391052722930908,0.9585488438606262,0.35,1,1,600,FP32-token-IDs
MentalBERT,11q4ikh,309,102,1045,i,i,False,suicide intent,0.007949514867505059,0.007949514867505059,0.07946889847517014,0.28722327947616577,0.35,0,0,600,FP32-token-IDs
MentalBERT,11q4ikh,309,102,1045,i,i,False,worthlessness,0.00870377046521753,0.00870377046521753,0.4997957646846771,0.9105085134506226,0.35,1,1,600,FP32-token-IDs
MentalBERT,11q4ikh,309,103,2071,could,could,False,anger,0.0073214029835071415,0.0073214029835071415,0.32392627000808716,0.39464816451072693,0.35,0,1,600,FP32-token-IDs
MentalBERT,11q4ikh,309,103,2071,could,could,False,brain dysfunction (forget),0.005871145578566939,0.005871145578566939,0.23395347595214844,0.39547374844551086,0.35,1,1,600,FP32-token-IDs
MentalBERT,11q4ikh,309,103,2071,could,could,False,emptiness,0.008186643244698644,0.008186643244698644,0.2586143910884857,0.9857175350189209,0.35,1,1,600,FP32-token-IDs
MentalBERT,11q4ikh,309,103,2071,could,could,False,hopelessness,0.010566890763584524,0.010566890763584524,0.4677259027957916,0.9842402935028076,0.35,1,1,600,FP32-token-IDs
MentalBERT,11q4ikh,309,103,2071,could,could,False,loneliness,0.0016844747588038445,0.0016844747588038445,0.616043746471405,0.9953562617301941,0.35,1,1,600,FP32-token-IDs
MentalBERT,11q4ikh,309,103,2071,could,could,False,sadness,0.008491370943374932,0.008491370943374932,0.4391052722930908,0.9585488438606262,0.35,1,1,600,FP32-token-IDs
MentalBERT,11q4ikh,309,103,2071,could,could,False,suicide intent,0.00814324404927902,0.00814324404927902,0.07946889847517014,0.28722327947616577,0.35,0,0,600,FP32-token-IDs
MentalBERT,11q4ikh,309,103,2071,could,could,False,worthlessness,0.011852127267047763,0.011852127267047763,0.4997957646846771,0.9105085134506226,0.35,1,1,600,FP32-token-IDs
MentalBERT,11q4ikh,309,104,2130,even,even,False,anger,0.0073214029835071415,0.0073214029835071415,0.32392627000808716,0.39464816451072693,0.35,0,1,600,FP32-token-IDs
MentalBERT,11q4ikh,309,104,2130,even,even,False,brain dysfunction (forget),0.005871145578566939,0.005871145578566939,0.23395347595214844,0.39547374844551086,0.35,1,1,600,FP32-token-IDs
MentalBERT,11q4ikh,309,104,2130,even,even,False,emptiness,0.008186643244698644,0.008186643244698644,0.2586143910884857,0.9857175350189209,0.35,1,1,600,FP32-token-IDs
MentalBERT,11q4ikh,309,104,2130,even,even,False,hopelessness,0.010566890763584524,0.010566890763584524,0.4677259027957916,0.9842402935028076,0.35,1,1,600,FP32-token-IDs
MentalBERT,11q4ikh,309,104,2130,even,even,False,loneliness,0.0016844747588038445,0.0016844747588038445,0.616043746471405,0.9953562617301941,0.35,1,1,600,FP32-token-IDs
MentalBERT,11q4ikh,309,104,2130,even,even,False,sadness,0.008491370943374932,0.008491370943374932,0.4391052722930908,0.9585488438606262,0.35,1,1,600,FP32-token-IDs
MentalBERT,11q4ikh,309,104,2130,even,even,False,suicide intent,0.00814324404927902,0.00814324404927902,0.07946889847517014,0.28722327947616577,0.35,0,0,600,FP32-token-IDs
MentalBERT,11q4ikh,309,104,2130,even,even,False,worthlessness,0.011852127267047763,0.011852127267047763,0.4997957646846771,0.9105085134506226,0.35,1,1,600,FP32-token-IDs
MentalBERT,11q4ikh,309,105,2655,call,call,False,anger,0.0005391839561828723,0.0005391839561828723,0.32392627000808716,0.39464816451072693,0.35,0,1,600,FP32-token-IDs
MentalBERT,11q4ikh,309,105,2655,call,call,False,brain dysfunction (forget),-0.003661978815216571,0.003661978815216571,0.23395347595214844,0.39547374844551086,0.35,1,1,600,FP32-token-IDs
MentalBERT,11q4ikh,309,105,2655,call,call,False,emptiness,0.0014311137686794002,0.0014311137686794002,0.2586143910884857,0.9857175350189209,0.35,1,1,600,FP32-token-IDs
MentalBERT,11q4ikh,309,105,2655,call,call,False,hopelessness,-0.005565019305019329,0.005565019305019329,0.4677259027957916,0.9842402935028076,0.35,1,1,600,FP32-token-IDs
MentalBERT,11q4ikh,309,105,2655,call,call,False,loneliness,0.014130941436936459,0.014130941436936459,0.616043746471405,0.9953562617301941,0.35,1,1,600,FP32-token-IDs
MentalBERT,11q4ikh,309,105,2655,call,call,False,sadness,0.0012348150291169684,0.0012348150291169684,0.4391052722930908,0.9585488438606262,0.35,1,1,600,FP32-token-IDs
MentalBERT,11q4ikh,309,105,2655,call,call,False,suicide intent,-0.00016977304282287756,0.00016977304282287756,0.07946889847517014,0.28722327947616577,0.35,0,0,600,FP32-token-IDs
MentalBERT,11q4ikh,309,105,2655,call,call,False,worthlessness,-0.008196937793400139,0.008196937793400139,0.4997957646846771,0.9105085134506226,0.35,1,1,600,FP32-token-IDs
MentalBERT,11q4ikh,309,106,2068,them,them,False,anger,0.0005391839561828723,0.0005391839561828723,0.32392627000808716,0.39464816451072693,0.35,0,1,600,FP32-token-IDs
MentalBERT,11q4ikh,309,106,2068,them,them,False,brain dysfunction (forget),-0.003661978815216571,0.003661978815216571,0.23395347595214844,0.39547374844551086,0.35,1,1,600,FP32-token-IDs
MentalBERT,11q4ikh,309,106,2068,them,them,False,emptiness,0.0014311137686794002,0.0014311137686794002,0.2586143910884857,0.9857175350189209,0.35,1,1,600,FP32-token-IDs
MentalBERT,11q4ikh,309,106,2068,them,them,False,hopelessness,-0.005565019305019329,0.005565019305019329,0.4677259027957916,0.9842402935028076,0.35,1,1,600,FP32-token-IDs
MentalBERT,11q4ikh,309,106,2068,them,them,False,loneliness,0.014130941436936459,0.014130941436936459,0.616043746471405,0.9953562617301941,0.35,1,1,600,FP32-token-IDs
MentalBERT,11q4ikh,309,106,2068,them,them,False,sadness,0.0012348150291169684,0.0012348150291169684,0.4391052722930908,0.9585488438606262,0.35,1,1,600,FP32-token-IDs
MentalBERT,11q4ikh,309,106,2068,them,them,False,suicide intent,-0.00016977304282287756,0.00016977304282287756,0.07946889847517014,0.28722327947616577,0.35,0,0,600,FP32-token-IDs
MentalBERT,11q4ikh,309,106,2068,them,them,False,worthlessness,-0.008196937793400139,0.008196937793400139,0.4997957646846771,0.9105085134506226,0.35,1,1,600,FP32-token-IDs
MentalBERT,11q4ikh,309,107,2814,friends,friends,False,anger,0.0005391839561828723,0.0005391839561828723,0.32392627000808716,0.39464816451072693,0.35,0,1,600,FP32-token-IDs
MentalBERT,11q4ikh,309,107,2814,friends,friends,False,brain dysfunction (forget),-0.003661978815216571,0.003661978815216571,0.23395347595214844,0.39547374844551086,0.35,1,1,600,FP32-token-IDs
MentalBERT,11q4ikh,309,107,2814,friends,friends,False,emptiness,0.0014311137686794002,0.0014311137686794002,0.2586143910884857,0.9857175350189209,0.35,1,1,600,FP32-token-IDs
MentalBERT,11q4ikh,309,107,2814,friends,friends,False,hopelessness,-0.005565019305019329,0.005565019305019329,0.4677259027957916,0.9842402935028076,0.35,1,1,600,FP32-token-IDs
MentalBERT,11q4ikh,309,107,2814,friends,friends,False,loneliness,0.014130941436936459,0.014130941436936459,0.616043746471405,0.9953562617301941,0.35,1,1,600,FP32-token-IDs
MentalBERT,11q4ikh,309,107,2814,friends,friends,False,sadness,0.0012348150291169684,0.0012348150291169684,0.4391052722930908,0.9585488438606262,0.35,1,1,600,FP32-token-IDs
MentalBERT,11q4ikh,309,107,2814,friends,friends,False,suicide intent,-0.00016977304282287756,0.00016977304282287756,0.07946889847517014,0.28722327947616577,0.35,0,0,600,FP32-token-IDs
MentalBERT,11q4ikh,309,107,2814,friends,friends,False,worthlessness,-0.008196937793400139,0.008196937793400139,0.4997957646846771,0.9105085134506226,0.35,1,1,600,FP32-token-IDs
MentalBERT,11q4ikh,309,108,1012,.,.,False,anger,0.007224631059216335,0.007224631059216335,0.32392627000808716,0.39464816451072693,0.35,0,1,600,FP32-token-IDs
MentalBERT,11q4ikh,309,108,1012,.,.,False,brain dysfunction (forget),0.00010863755596801639,0.00010863755596801639,0.23395347595214844,0.39547374844551086,0.35,1,1,600,FP32-token-IDs
MentalBERT,11q4ikh,309,108,1012,.,.,False,emptiness,0.0028039513854309916,0.0028039513854309916,0.2586143910884857,0.9857175350189209,0.35,1,1,600,FP32-token-IDs
MentalBERT,11q4ikh,309,108,1012,.,.,False,hopelessness,0.002207355748396367,0.002207355748396367,0.4677259027957916,0.9842402935028076,0.35,1,1,600,FP32-token-IDs
MentalBERT,11q4ikh,309,108,1012,.,.,False,loneliness,0.006366200279444456,0.006366200279444456,0.616043746471405,0.9953562617301941,0.35,1,1,600,FP32-token-IDs
MentalBERT,11q4ikh,309,108,1012,.,.,False,sadness,0.0027776201022788882,0.0027776201022788882,0.4391052722930908,0.9585488438606262,0.35,1,1,600,FP32-token-IDs
MentalBERT,11q4ikh,309,108,1012,.,.,False,suicide intent,0.0016204299172386527,0.0016204299172386527,0.07946889847517014,0.28722327947616577,0.35,0,0,600,FP32-token-IDs
MentalBERT,11q4ikh,309,108,1012,.,.,False,worthlessness,0.002984210441354662,0.002984210441354662,0.4997957646846771,0.9105085134506226,0.35,1,1,600,FP32-token-IDs
MentalBERT,11q4ikh,309,109,1045,i,i,False,anger,0.008530986902769655,0.008530986902769655,0.32392627000808716,0.39464816451072693,0.35,0,1,600,FP32-token-IDs
MentalBERT,11q4ikh,309,109,1045,i,i,False,brain dysfunction (forget),0.0062692941864952445,0.0062692941864952445,0.23395347595214844,0.39547374844551086,0.35,1,1,600,FP32-token-IDs
MentalBERT,11q4ikh,309,109,1045,i,i,False,emptiness,-0.005277476506307721,0.005277476506307721,0.2586143910884857,0.9857175350189209,0.35,1,1,600,FP32-token-IDs
MentalBERT,11q4ikh,309,109,1045,i,i,False,hopelessness,0.005666408920660615,0.005666408920660615,0.4677259027957916,0.9842402935028076,0.35,1,1,600,FP32-token-IDs
MentalBERT,11q4ikh,309,109,1045,i,i,False,loneliness,-0.0032313684932887554,0.0032313684932887554,0.616043746471405,0.9953562617301941,0.35,1,1,600,FP32-token-IDs
MentalBERT,11q4ikh,309,109,1045,i,i,False,sadness,0.00675531814340502,0.00675531814340502,0.4391052722930908,0.9585488438606262,0.35,1,1,600,FP32-token-IDs
MentalBERT,11q4ikh,309,109,1045,i,i,False,suicide intent,0.007741422930848785,0.007741422930848785,0.07946889847517014,0.28722327947616577,0.35,0,0,600,FP32-token-IDs
MentalBERT,11q4ikh,309,109,1045,i,i,False,worthlessness,-0.0006589300610357895,0.0006589300610357895,0.4997957646846771,0.9105085134506226,0.35,1,1,600,FP32-token-IDs
MentalBERT,11q4ikh,309,110,2074,just,just,False,anger,0.008530986902769655,0.008530986902769655,0.32392627000808716,0.39464816451072693,0.35,0,1,600,FP32-token-IDs
MentalBERT,11q4ikh,309,110,2074,just,just,False,brain dysfunction (forget),0.0062692941864952445,0.0062692941864952445,0.23395347595214844,0.39547374844551086,0.35,1,1,600,FP32-token-IDs
MentalBERT,11q4ikh,309,110,2074,just,just,False,emptiness,-0.005277476506307721,0.005277476506307721,0.2586143910884857,0.9857175350189209,0.35,1,1,600,FP32-token-IDs
MentalBERT,11q4ikh,309,110,2074,just,just,False,hopelessness,0.005666408920660615,0.005666408920660615,0.4677259027957916,0.9842402935028076,0.35,1,1,600,FP32-token-IDs
MentalBERT,11q4ikh,309,110,2074,just,just,False,loneliness,-0.0032313684932887554,0.0032313684932887554,0.616043746471405,0.9953562617301941,0.35,1,1,600,FP32-token-IDs
MentalBERT,11q4ikh,309,110,2074,just,just,False,sadness,0.00675531814340502,0.00675531814340502,0.4391052722930908,0.9585488438606262,0.35,1,1,600,FP32-token-IDs
MentalBERT,11q4ikh,309,110,2074,just,just,False,suicide intent,0.007741422930848785,0.007741422930848785,0.07946889847517014,0.28722327947616577,0.35,0,0,600,FP32-token-IDs
MentalBERT,11q4ikh,309,110,2074,just,just,False,worthlessness,-0.0006589300610357895,0.0006589300610357895,0.4997957646846771,0.9105085134506226,0.35,1,1,600,FP32-token-IDs
MentalBERT,11q4ikh,309,111,2342,need,need,False,anger,0.008530986902769655,0.008530986902769655,0.32392627000808716,0.39464816451072693,0.35,0,1,600,FP32-token-IDs
MentalBERT,11q4ikh,309,111,2342,need,need,False,brain dysfunction (forget),0.0062692941864952445,0.0062692941864952445,0.23395347595214844,0.39547374844551086,0.35,1,1,600,FP32-token-IDs
MentalBERT,11q4ikh,309,111,2342,need,need,False,emptiness,-0.005277476506307721,0.005277476506307721,0.2586143910884857,0.9857175350189209,0.35,1,1,600,FP32-token-IDs
MentalBERT,11q4ikh,309,111,2342,need,need,False,hopelessness,0.005666408920660615,0.005666408920660615,0.4677259027957916,0.9842402935028076,0.35,1,1,600,FP32-token-IDs
MentalBERT,11q4ikh,309,111,2342,need,need,False,loneliness,-0.0032313684932887554,0.0032313684932887554,0.616043746471405,0.9953562617301941,0.35,1,1,600,FP32-token-IDs
MentalBERT,11q4ikh,309,111,2342,need,need,False,sadness,0.00675531814340502,0.00675531814340502,0.4391052722930908,0.9585488438606262,0.35,1,1,600,FP32-token-IDs
MentalBERT,11q4ikh,309,111,2342,need,need,False,suicide intent,0.007741422930848785,0.007741422930848785,0.07946889847517014,0.28722327947616577,0.35,0,0,600,FP32-token-IDs
MentalBERT,11q4ikh,309,111,2342,need,need,False,worthlessness,-0.0006589300610357895,0.0006589300610357895,0.4997957646846771,0.9105085134506226,0.35,1,1,600,FP32-token-IDs
MentalBERT,11q4ikh,309,112,2000,to,to,False,anger,0.008530986902769655,0.008530986902769655,0.32392627000808716,0.39464816451072693,0.35,0,1,600,FP32-token-IDs
MentalBERT,11q4ikh,309,112,2000,to,to,False,brain dysfunction (forget),0.0062692941864952445,0.0062692941864952445,0.23395347595214844,0.39547374844551086,0.35,1,1,600,FP32-token-IDs
MentalBERT,11q4ikh,309,112,2000,to,to,False,emptiness,-0.005277476506307721,0.005277476506307721,0.2586143910884857,0.9857175350189209,0.35,1,1,600,FP32-token-IDs
MentalBERT,11q4ikh,309,112,2000,to,to,False,hopelessness,0.005666408920660615,0.005666408920660615,0.4677259027957916,0.9842402935028076,0.35,1,1,600,FP32-token-IDs
MentalBERT,11q4ikh,309,112,2000,to,to,False,loneliness,-0.0032313684932887554,0.0032313684932887554,0.616043746471405,0.9953562617301941,0.35,1,1,600,FP32-token-IDs
MentalBERT,11q4ikh,309,112,2000,to,to,False,sadness,0.00675531814340502,0.00675531814340502,0.4391052722930908,0.9585488438606262,0.35,1,1,600,FP32-token-IDs
MentalBERT,11q4ikh,309,112,2000,to,to,False,suicide intent,0.007741422930848785,0.007741422930848785,0.07946889847517014,0.28722327947616577,0.35,0,0,600,FP32-token-IDs
MentalBERT,11q4ikh,309,112,2000,to,to,False,worthlessness,-0.0006589300610357895,0.0006589300610357895,0.4997957646846771,0.9105085134506226,0.35,1,1,600,FP32-token-IDs
MentalBERT,11q4ikh,309,113,2562,keep,keep,False,anger,0.03298688185896026,0.03298688185896026,0.32392627000808716,0.39464816451072693,0.35,0,1,600,FP32-token-IDs
MentalBERT,11q4ikh,309,113,2562,keep,keep,False,brain dysfunction (forget),0.019736204105096737,0.019736204105096737,0.23395347595214844,0.39547374844551086,0.35,1,1,600,FP32-token-IDs
MentalBERT,11q4ikh,309,113,2562,keep,keep,False,emptiness,0.00022526116143645983,0.00022526116143645983,0.2586143910884857,0.9857175350189209,0.35,1,1,600,FP32-token-IDs
MentalBERT,11q4ikh,309,113,2562,keep,keep,False,hopelessness,0.016658683598507196,0.016658683598507196,0.4677259027957916,0.9842402935028076,0.35,1,1,600,FP32-token-IDs
MentalBERT,11q4ikh,309,113,2562,keep,keep,False,loneliness,-0.003337873412030084,0.003337873412030084,0.616043746471405,0.9953562617301941,0.35,1,1,600,FP32-token-IDs
MentalBERT,11q4ikh,309,113,2562,keep,keep,False,sadness,0.015801696497614363,0.015801696497614363,0.4391052722930908,0.9585488438606262,0.35,1,1,600,FP32-token-IDs
MentalBERT,11q4ikh,309,113,2562,keep,keep,False,suicide intent,0.019865845044218337,0.019865845044218337,0.07946889847517014,0.28722327947616577,0.35,0,0,600,FP32-token-IDs
MentalBERT,11q4ikh,309,113,2562,keep,keep,False,worthlessness,0.023467022128378243,0.023467022128378243,0.4997957646846771,0.9105085134506226,0.35,1,1,600,FP32-token-IDs
MentalBERT,11q4ikh,309,114,2006,on,on,False,anger,0.03298688185896026,0.03298688185896026,0.32392627000808716,0.39464816451072693,0.35,0,1,600,FP32-token-IDs
MentalBERT,11q4ikh,309,114,2006,on,on,False,brain dysfunction (forget),0.019736204105096737,0.019736204105096737,0.23395347595214844,0.39547374844551086,0.35,1,1,600,FP32-token-IDs
MentalBERT,11q4ikh,309,114,2006,on,on,False,emptiness,0.00022526116143645983,0.00022526116143645983,0.2586143910884857,0.9857175350189209,0.35,1,1,600,FP32-token-IDs
MentalBERT,11q4ikh,309,114,2006,on,on,False,hopelessness,0.016658683598507196,0.016658683598507196,0.4677259027957916,0.9842402935028076,0.35,1,1,600,FP32-token-IDs
MentalBERT,11q4ikh,309,114,2006,on,on,False,loneliness,-0.003337873412030084,0.003337873412030084,0.616043746471405,0.9953562617301941,0.35,1,1,600,FP32-token-IDs
MentalBERT,11q4ikh,309,114,2006,on,on,False,sadness,0.015801696497614363,0.015801696497614363,0.4391052722930908,0.9585488438606262,0.35,1,1,600,FP32-token-IDs
MentalBERT,11q4ikh,309,114,2006,on,on,False,suicide intent,0.019865845044218337,0.019865845044218337,0.07946889847517014,0.28722327947616577,0.35,0,0,600,FP32-token-IDs
MentalBERT,11q4ikh,309,114,2006,on,on,False,worthlessness,0.023467022128378243,0.023467022128378243,0.4997957646846771,0.9105085134506226,0.35,1,1,600,FP32-token-IDs
MentalBERT,11q4ikh,309,115,3554,fighting,fighting,False,anger,0.03601481853547739,0.03601481853547739,0.32392627000808716,0.39464816451072693,0.35,0,1,600,FP32-token-IDs
MentalBERT,11q4ikh,309,115,3554,fighting,fighting,False,brain dysfunction (forget),0.020501715405511538,0.020501715405511538,0.23395347595214844,0.39547374844551086,0.35,1,1,600,FP32-token-IDs
MentalBERT,11q4ikh,309,115,3554,fighting,fighting,False,emptiness,0.0018512269764739487,0.0018512269764739487,0.2586143910884857,0.9857175350189209,0.35,1,1,600,FP32-token-IDs
MentalBERT,11q4ikh,309,115,3554,fighting,fighting,False,hopelessness,0.01793198735686019,0.01793198735686019,0.4677259027957916,0.9842402935028076,0.35,1,1,600,FP32-token-IDs
MentalBERT,11q4ikh,309,115,3554,fighting,fighting,False,loneliness,-0.0035166491621306966,0.0035166491621306966,0.616043746471405,0.9953562617301941,0.35,1,1,600,FP32-token-IDs
MentalBERT,11q4ikh,309,115,3554,fighting,fighting,False,sadness,0.01655354762416599,0.01655354762416599,0.4391052722930908,0.9585488438606262,0.35,1,1,600,FP32-token-IDs
MentalBERT,11q4ikh,309,115,3554,fighting,fighting,False,suicide intent,0.02011823459698852,0.02011823459698852,0.07946889847517014,0.28722327947616577,0.35,0,0,600,FP32-token-IDs
MentalBERT,11q4ikh,309,115,3554,fighting,fighting,False,worthlessness,0.026429711975132317,0.026429711975132317,0.4997957646846771,0.9105085134506226,0.35,1,1,600,FP32-token-IDs
MentalBERT,11q4ikh,309,116,2026,my,my,False,anger,0.03601481853547739,0.03601481853547739,0.32392627000808716,0.39464816451072693,0.35,0,1,600,FP32-token-IDs
MentalBERT,11q4ikh,309,116,2026,my,my,False,brain dysfunction (forget),0.020501715405511538,0.020501715405511538,0.23395347595214844,0.39547374844551086,0.35,1,1,600,FP32-token-IDs
MentalBERT,11q4ikh,309,116,2026,my,my,False,emptiness,0.0018512269764739487,0.0018512269764739487,0.2586143910884857,0.9857175350189209,0.35,1,1,600,FP32-token-IDs
MentalBERT,11q4ikh,309,116,2026,my,my,False,hopelessness,0.01793198735686019,0.01793198735686019,0.4677259027957916,0.9842402935028076,0.35,1,1,600,FP32-token-IDs
MentalBERT,11q4ikh,309,116,2026,my,my,False,loneliness,-0.0035166491621306966,0.0035166491621306966,0.616043746471405,0.9953562617301941,0.35,1,1,600,FP32-token-IDs
MentalBERT,11q4ikh,309,116,2026,my,my,False,sadness,0.01655354762416599,0.01655354762416599,0.4391052722930908,0.9585488438606262,0.35,1,1,600,FP32-token-IDs
MentalBERT,11q4ikh,309,116,2026,my,my,False,suicide intent,0.02011823459698852,0.02011823459698852,0.07946889847517014,0.28722327947616577,0.35,0,0,600,FP32-token-IDs
MentalBERT,11q4ikh,309,116,2026,my,my,False,worthlessness,0.026429711975132317,0.026429711975132317,0.4997957646846771,0.9105085134506226,0.35,1,1,600,FP32-token-IDs
MentalBERT,11q4ikh,309,117,5110,inner,inner,False,anger,0.03868519024884639,0.03868519024884639,0.32392627000808716,0.39464816451072693,0.35,0,1,600,FP32-token-IDs
MentalBERT,11q4ikh,309,117,5110,inner,inner,False,brain dysfunction (forget),0.050236852667737926,0.050236852667737926,0.23395347595214844,0.39547374844551086,0.35,1,1,600,FP32-token-IDs
MentalBERT,11q4ikh,309,117,5110,inner,inner,False,emptiness,0.004192194297155808,0.004192194297155808,0.2586143910884857,0.9857175350189209,0.35,1,1,600,FP32-token-IDs
MentalBERT,11q4ikh,309,117,5110,inner,inner,False,hopelessness,0.0326061868108809,0.0326061868108809,0.4677259027957916,0.9842402935028076,0.35,1,1,600,FP32-token-IDs
MentalBERT,11q4ikh,309,117,5110,inner,inner,False,loneliness,-0.005197210813916864,0.005197210813916864,0.616043746471405,0.9953562617301941,0.35,1,1,600,FP32-token-IDs
MentalBERT,11q4ikh,309,117,5110,inner,inner,False,sadness,0.027342837403661436,0.027342837403661436,0.4391052722930908,0.9585488438606262,0.35,1,1,600,FP32-token-IDs
MentalBERT,11q4ikh,309,117,5110,inner,inner,False,suicide intent,0.023789940967357582,0.023789940967357582,0.07946889847517014,0.28722327947616577,0.35,0,0,600,FP32-token-IDs
MentalBERT,11q4ikh,309,117,5110,inner,inner,False,worthlessness,0.039034522590338294,0.039034522590338294,0.4997957646846771,0.9105085134506226,0.35,1,1,600,FP32-token-IDs
MentalBERT,11q4ikh,309,118,7942,demons,demons,False,anger,0.03868519024884639,0.03868519024884639,0.32392627000808716,0.39464816451072693,0.35,0,1,600,FP32-token-IDs
MentalBERT,11q4ikh,309,118,7942,demons,demons,False,brain dysfunction (forget),0.050236852667737926,0.050236852667737926,0.23395347595214844,0.39547374844551086,0.35,1,1,600,FP32-token-IDs
MentalBERT,11q4ikh,309,118,7942,demons,demons,False,emptiness,0.004192194297155808,0.004192194297155808,0.2586143910884857,0.9857175350189209,0.35,1,1,600,FP32-token-IDs
MentalBERT,11q4ikh,309,118,7942,demons,demons,False,hopelessness,0.0326061868108809,0.0326061868108809,0.4677259027957916,0.9842402935028076,0.35,1,1,600,FP32-token-IDs
MentalBERT,11q4ikh,309,118,7942,demons,demons,False,loneliness,-0.005197210813916864,0.005197210813916864,0.616043746471405,0.9953562617301941,0.35,1,1,600,FP32-token-IDs
MentalBERT,11q4ikh,309,118,7942,demons,demons,False,sadness,0.027342837403661436,0.027342837403661436,0.4391052722930908,0.9585488438606262,0.35,1,1,600,FP32-token-IDs
MentalBERT,11q4ikh,309,118,7942,demons,demons,False,suicide intent,0.023789940967357582,0.023789940967357582,0.07946889847517014,0.28722327947616577,0.35,0,0,600,FP32-token-IDs
MentalBERT,11q4ikh,309,118,7942,demons,demons,False,worthlessness,0.039034522590338294,0.039034522590338294,0.4997957646846771,0.9105085134506226,0.35,1,1,600,FP32-token-IDs
MentalBERT,11q4ikh,309,119,102,[SEP],,True,anger,0.034557154159604885,0.034557154159604885,0.32392627000808716,0.39464816451072693,0.35,0,1,600,FP32-token-IDs
MentalBERT,11q4ikh,309,119,102,[SEP],,True,brain dysfunction (forget),0.0468700241208786,0.0468700241208786,0.23395347595214844,0.39547374844551086,0.35,1,1,600,FP32-token-IDs
MentalBERT,11q4ikh,309,119,102,[SEP],,True,emptiness,0.00211265960353471,0.00211265960353471,0.2586143910884857,0.9857175350189209,0.35,1,1,600,FP32-token-IDs
MentalBERT,11q4ikh,309,119,102,[SEP],,True,hopelessness,0.024289959343150258,0.024289959343150258,0.4677259027957916,0.9842402935028076,0.35,1,1,600,FP32-token-IDs
MentalBERT,11q4ikh,309,119,102,[SEP],,True,loneliness,-0.004559429007626715,0.004559429007626715,0.616043746471405,0.9953562617301941,0.35,1,1,600,FP32-token-IDs
MentalBERT,11q4ikh,309,119,102,[SEP],,True,sadness,0.020888968004978126,0.020888968004978126,0.4391052722930908,0.9585488438606262,0.35,1,1,600,FP32-token-IDs
MentalBERT,11q4ikh,309,119,102,[SEP],,True,suicide intent,0.023207801872298917,0.023207801872298917,0.07946889847517014,0.28722327947616577,0.35,0,0,600,FP32-token-IDs
MentalBERT,11q4ikh,309,119,102,[SEP],,True,worthlessness,0.033525281600997825,0.033525281600997825,0.4997957646846771,0.9105085134506226,0.35,1,1,600,FP32-token-IDs
