Model,Sample_ID,Test_Index,Token_Index,Token_ID,Raw_Token,Token,Is_Special_Token,Emotion,SHAP_Value,Abs_SHAP,Base_Value,Model_Probability,Threshold,True_Label,Predicted_Label,SHAP_Max_Evals,XAI_Inference
MentalBERT,oef5qe,171,0,101,[CLS],,True,anger,0.012731098118820228,0.012731098118820228,0.3234289884567261,0.016151538118720055,0.35,0,0,600,FP32-token-IDs
MentalBERT,oef5qe,171,0,101,[CLS],,True,brain dysfunction (forget),0.006813027530110308,0.006813027530110308,0.23197773098945618,0.3184247314929962,0.35,0,0,600,FP32-token-IDs
MentalBERT,oef5qe,171,0,101,[CLS],,True,emptiness,1.4531733800790124e-05,1.4531733800790124e-05,0.2675025165081024,0.04606017470359802,0.35,0,0,600,FP32-token-IDs
MentalBERT,oef5qe,171,0,101,[CLS],,True,hopelessness,0.018061921158472875,0.018061921158472875,0.4815284013748169,0.6533555388450623,0.35,0,1,600,FP32-token-IDs
MentalBERT,oef5qe,171,0,101,[CLS],,True,loneliness,-0.006302072017985796,0.006302072017985796,0.6294304728507996,0.0713418573141098,0.35,0,0,600,FP32-token-IDs
MentalBERT,oef5qe,171,0,101,[CLS],,True,sadness,0.010074987076222897,0.010074987076222897,0.4494190216064453,0.7564108371734619,0.35,1,1,600,FP32-token-IDs
MentalBERT,oef5qe,171,0,101,[CLS],,True,suicide intent,0.004737717933104639,0.004737717933104639,0.0790741816163063,0.02327849715948105,0.35,0,0,600,FP32-token-IDs
MentalBERT,oef5qe,171,0,101,[CLS],,True,worthlessness,0.014077777396388618,0.014077777396388618,0.5067859888076782,0.059368785470724106,0.35,0,0,600,FP32-token-IDs
MentalBERT,oef5qe,171,1,2183,going,going,False,anger,0.012731098118820228,0.012731098118820228,0.3234289884567261,0.016151538118720055,0.35,0,0,600,FP32-token-IDs
MentalBERT,oef5qe,171,1,2183,going,going,False,brain dysfunction (forget),0.006813027530110308,0.006813027530110308,0.23197773098945618,0.3184247314929962,0.35,0,0,600,FP32-token-IDs
MentalBERT,oef5qe,171,1,2183,going,going,False,emptiness,1.4531733800790124e-05,1.4531733800790124e-05,0.2675025165081024,0.04606017470359802,0.35,0,0,600,FP32-token-IDs
MentalBERT,oef5qe,171,1,2183,going,going,False,hopelessness,0.018061921158472875,0.018061921158472875,0.4815284013748169,0.6533555388450623,0.35,0,1,600,FP32-token-IDs
MentalBERT,oef5qe,171,1,2183,going,going,False,loneliness,-0.006302072017985796,0.006302072017985796,0.6294304728507996,0.0713418573141098,0.35,0,0,600,FP32-token-IDs
MentalBERT,oef5qe,171,1,2183,going,going,False,sadness,0.010074987076222897,0.010074987076222897,0.4494190216064453,0.7564108371734619,0.35,1,1,600,FP32-token-IDs
MentalBERT,oef5qe,171,1,2183,going,going,False,suicide intent,0.004737717933104639,0.004737717933104639,0.0790741816163063,0.02327849715948105,0.35,0,0,600,FP32-token-IDs
MentalBERT,oef5qe,171,1,2183,going,going,False,worthlessness,0.014077777396388618,0.014077777396388618,0.5067859888076782,0.059368785470724106,0.35,0,0,600,FP32-token-IDs
MentalBERT,oef5qe,171,2,2000,to,to,False,anger,0.026595755029120483,0.026595755029120483,0.3234289884567261,0.016151538118720055,0.35,0,0,600,FP32-token-IDs
MentalBERT,oef5qe,171,2,2000,to,to,False,brain dysfunction (forget),0.010186302109754512,0.010186302109754512,0.23197773098945618,0.3184247314929962,0.35,0,0,600,FP32-token-IDs
MentalBERT,oef5qe,171,2,2000,to,to,False,emptiness,0.0033619146145481083,0.0033619146145481083,0.2675025165081024,0.04606017470359802,0.35,0,0,600,FP32-token-IDs
MentalBERT,oef5qe,171,2,2000,to,to,False,hopelessness,0.0267983089849752,0.0267983089849752,0.4815284013748169,0.6533555388450623,0.35,0,1,600,FP32-token-IDs
MentalBERT,oef5qe,171,2,2000,to,to,False,loneliness,-0.012439779288667654,0.012439779288667654,0.6294304728507996,0.0713418573141098,0.35,0,0,600,FP32-token-IDs
MentalBERT,oef5qe,171,2,2000,to,to,False,sadness,0.015563311986625195,0.015563311986625195,0.4494190216064453,0.7564108371734619,0.35,1,1,600,FP32-token-IDs
MentalBERT,oef5qe,171,2,2000,to,to,False,suicide intent,0.006623455458403831,0.006623455458403831,0.0790741816163063,0.02327849715948105,0.35,0,0,600,FP32-token-IDs
MentalBERT,oef5qe,171,2,2000,to,to,False,worthlessness,0.02790531644547757,0.02790531644547757,0.5067859888076782,0.059368785470724106,0.35,0,0,600,FP32-token-IDs
MentalBERT,oef5qe,171,3,6449,admit,admit,False,anger,0.026595755029120483,0.026595755029120483,0.3234289884567261,0.016151538118720055,0.35,0,0,600,FP32-token-IDs
MentalBERT,oef5qe,171,3,6449,admit,admit,False,brain dysfunction (forget),0.010186302109754512,0.010186302109754512,0.23197773098945618,0.3184247314929962,0.35,0,0,600,FP32-token-IDs
MentalBERT,oef5qe,171,3,6449,admit,admit,False,emptiness,0.0033619146145481083,0.0033619146145481083,0.2675025165081024,0.04606017470359802,0.35,0,0,600,FP32-token-IDs
MentalBERT,oef5qe,171,3,6449,admit,admit,False,hopelessness,0.0267983089849752,0.0267983089849752,0.4815284013748169,0.6533555388450623,0.35,0,1,600,FP32-token-IDs
MentalBERT,oef5qe,171,3,6449,admit,admit,False,loneliness,-0.012439779288667654,0.012439779288667654,0.6294304728507996,0.0713418573141098,0.35,0,0,600,FP32-token-IDs
MentalBERT,oef5qe,171,3,6449,admit,admit,False,sadness,0.015563311986625195,0.015563311986625195,0.4494190216064453,0.7564108371734619,0.35,1,1,600,FP32-token-IDs
MentalBERT,oef5qe,171,3,6449,admit,admit,False,suicide intent,0.006623455458403831,0.006623455458403831,0.0790741816163063,0.02327849715948105,0.35,0,0,600,FP32-token-IDs
MentalBERT,oef5qe,171,3,6449,admit,admit,False,worthlessness,0.02790531644547757,0.02790531644547757,0.5067859888076782,0.059368785470724106,0.35,0,0,600,FP32-token-IDs
MentalBERT,oef5qe,171,4,2870,myself,myself,False,anger,-0.0013776116344767313,0.0013776116344767313,0.3234289884567261,0.016151538118720055,0.35,0,0,600,FP32-token-IDs
MentalBERT,oef5qe,171,4,2870,myself,myself,False,brain dysfunction (forget),0.0015161286019498392,0.0015161286019498392,0.23197773098945618,0.3184247314929962,0.35,0,0,600,FP32-token-IDs
MentalBERT,oef5qe,171,4,2870,myself,myself,False,emptiness,0.0009492079816049054,0.0009492079816049054,0.2675025165081024,0.04606017470359802,0.35,0,0,600,FP32-token-IDs
MentalBERT,oef5qe,171,4,2870,myself,myself,False,hopelessness,0.010584939526216615,0.010584939526216615,0.4815284013748169,0.6533555388450623,0.35,0,1,600,FP32-token-IDs
MentalBERT,oef5qe,171,4,2870,myself,myself,False,loneliness,0.0021302390267096817,0.0021302390267096817,0.6294304728507996,0.0713418573141098,0.35,0,0,600,FP32-token-IDs
MentalBERT,oef5qe,171,4,2870,myself,myself,False,sadness,0.009055864065885544,0.009055864065885544,0.4494190216064453,0.7564108371734619,0.35,1,1,600,FP32-token-IDs
MentalBERT,oef5qe,171,4,2870,myself,myself,False,suicide intent,0.0023653473222761284,0.0023653473222761284,0.0790741816163063,0.02327849715948105,0.35,0,0,600,FP32-token-IDs
MentalBERT,oef5qe,171,4,2870,myself,myself,False,worthlessness,0.004740041325844469,0.004740041325844469,0.5067859888076782,0.059368785470724106,0.35,0,0,600,FP32-token-IDs
MentalBERT,oef5qe,171,5,2000,to,to,False,anger,-0.0013776116344767313,0.0013776116344767313,0.3234289884567261,0.016151538118720055,0.35,0,0,600,FP32-token-IDs
MentalBERT,oef5qe,171,5,2000,to,to,False,brain dysfunction (forget),0.0015161286019498392,0.0015161286019498392,0.23197773098945618,0.3184247314929962,0.35,0,0,600,FP32-token-IDs
MentalBERT,oef5qe,171,5,2000,to,to,False,emptiness,0.0009492079816049054,0.0009492079816049054,0.2675025165081024,0.04606017470359802,0.35,0,0,600,FP32-token-IDs
MentalBERT,oef5qe,171,5,2000,to,to,False,hopelessness,0.010584939526216615,0.010584939526216615,0.4815284013748169,0.6533555388450623,0.35,0,1,600,FP32-token-IDs
MentalBERT,oef5qe,171,5,2000,to,to,False,loneliness,0.0021302390267096817,0.0021302390267096817,0.6294304728507996,0.0713418573141098,0.35,0,0,600,FP32-token-IDs
MentalBERT,oef5qe,171,5,2000,to,to,False,sadness,0.009055864065885544,0.009055864065885544,0.4494190216064453,0.7564108371734619,0.35,1,1,600,FP32-token-IDs
MentalBERT,oef5qe,171,5,2000,to,to,False,suicide intent,0.0023653473222761284,0.0023653473222761284,0.0790741816163063,0.02327849715948105,0.35,0,0,600,FP32-token-IDs
MentalBERT,oef5qe,171,5,2000,to,to,False,worthlessness,0.004740041325844469,0.004740041325844469,0.5067859888076782,0.059368785470724106,0.35,0,0,600,FP32-token-IDs
MentalBERT,oef5qe,171,6,1037,a,a,False,anger,-0.0013776116344767313,0.0013776116344767313,0.3234289884567261,0.016151538118720055,0.35,0,0,600,FP32-token-IDs
MentalBERT,oef5qe,171,6,1037,a,a,False,brain dysfunction (forget),0.0015161286019498392,0.0015161286019498392,0.23197773098945618,0.3184247314929962,0.35,0,0,600,FP32-token-IDs
MentalBERT,oef5qe,171,6,1037,a,a,False,emptiness,0.0009492079816049054,0.0009492079816049054,0.2675025165081024,0.04606017470359802,0.35,0,0,600,FP32-token-IDs
MentalBERT,oef5qe,171,6,1037,a,a,False,hopelessness,0.010584939526216615,0.010584939526216615,0.4815284013748169,0.6533555388450623,0.35,0,1,600,FP32-token-IDs
MentalBERT,oef5qe,171,6,1037,a,a,False,loneliness,0.0021302390267096817,0.0021302390267096817,0.6294304728507996,0.0713418573141098,0.35,0,0,600,FP32-token-IDs
MentalBERT,oef5qe,171,6,1037,a,a,False,sadness,0.009055864065885544,0.009055864065885544,0.4494190216064453,0.7564108371734619,0.35,1,1,600,FP32-token-IDs
MentalBERT,oef5qe,171,6,1037,a,a,False,suicide intent,0.0023653473222761284,0.0023653473222761284,0.0790741816163063,0.02327849715948105,0.35,0,0,600,FP32-token-IDs
MentalBERT,oef5qe,171,6,1037,a,a,False,worthlessness,0.004740041325844469,0.004740041325844469,0.5067859888076782,0.059368785470724106,0.35,0,0,600,FP32-token-IDs
MentalBERT,oef5qe,171,7,1049,m,m,False,anger,-0.023817376553779468,0.023817376553779468,0.3234289884567261,0.016151538118720055,0.35,0,0,600,FP32-token-IDs
MentalBERT,oef5qe,171,7,1049,m,m,False,brain dysfunction (forget),0.00032436820523192483,0.00032436820523192483,0.23197773098945618,0.3184247314929962,0.35,0,0,600,FP32-token-IDs
MentalBERT,oef5qe,171,7,1049,m,m,False,emptiness,-0.014231950452085584,0.014231950452085584,0.2675025165081024,0.04606017470359802,0.35,0,0,600,FP32-token-IDs
MentalBERT,oef5qe,171,7,1049,m,m,False,hopelessness,0.011184027922960619,0.011184027922960619,0.4815284013748169,0.6533555388450623,0.35,0,1,600,FP32-token-IDs
MentalBERT,oef5qe,171,7,1049,m,m,False,loneliness,-0.0217761662012587,0.0217761662012587,0.6294304728507996,0.0713418573141098,0.35,0,0,600,FP32-token-IDs
MentalBERT,oef5qe,171,7,1049,m,m,False,sadness,0.018379502308865387,0.018379502308865387,0.4494190216064453,0.7564108371734619,0.35,1,1,600,FP32-token-IDs
MentalBERT,oef5qe,171,7,1049,m,m,False,suicide intent,0.004342124826507643,0.004342124826507643,0.0790741816163063,0.02327849715948105,0.35,0,0,600,FP32-token-IDs
MentalBERT,oef5qe,171,7,1049,m,m,False,worthlessness,-0.015155419930427646,0.015155419930427646,0.5067859888076782,0.059368785470724106,0.35,0,0,600,FP32-token-IDs
MentalBERT,oef5qe,171,8,2232,##h,h,False,anger,-0.023817376553779468,0.023817376553779468,0.3234289884567261,0.016151538118720055,0.35,0,0,600,FP32-token-IDs
MentalBERT,oef5qe,171,8,2232,##h,h,False,brain dysfunction (forget),0.00032436820523192483,0.00032436820523192483,0.23197773098945618,0.3184247314929962,0.35,0,0,600,FP32-token-IDs
MentalBERT,oef5qe,171,8,2232,##h,h,False,emptiness,-0.014231950452085584,0.014231950452085584,0.2675025165081024,0.04606017470359802,0.35,0,0,600,FP32-token-IDs
MentalBERT,oef5qe,171,8,2232,##h,h,False,hopelessness,0.011184027922960619,0.011184027922960619,0.4815284013748169,0.6533555388450623,0.35,0,1,600,FP32-token-IDs
MentalBERT,oef5qe,171,8,2232,##h,h,False,loneliness,-0.0217761662012587,0.0217761662012587,0.6294304728507996,0.0713418573141098,0.35,0,0,600,FP32-token-IDs
MentalBERT,oef5qe,171,8,2232,##h,h,False,sadness,0.018379502308865387,0.018379502308865387,0.4494190216064453,0.7564108371734619,0.35,1,1,600,FP32-token-IDs
MentalBERT,oef5qe,171,8,2232,##h,h,False,suicide intent,0.004342124826507643,0.004342124826507643,0.0790741816163063,0.02327849715948105,0.35,0,0,600,FP32-token-IDs
MentalBERT,oef5qe,171,8,2232,##h,h,False,worthlessness,-0.015155419930427646,0.015155419930427646,0.5067859888076782,0.059368785470724106,0.35,0,0,600,FP32-token-IDs
MentalBERT,oef5qe,171,9,2902,hospital,hospital,False,anger,-0.023817376553779468,0.023817376553779468,0.3234289884567261,0.016151538118720055,0.35,0,0,600,FP32-token-IDs
MentalBERT,oef5qe,171,9,2902,hospital,hospital,False,brain dysfunction (forget),0.00032436820523192483,0.00032436820523192483,0.23197773098945618,0.3184247314929962,0.35,0,0,600,FP32-token-IDs
MentalBERT,oef5qe,171,9,2902,hospital,hospital,False,emptiness,-0.014231950452085584,0.014231950452085584,0.2675025165081024,0.04606017470359802,0.35,0,0,600,FP32-token-IDs
MentalBERT,oef5qe,171,9,2902,hospital,hospital,False,hopelessness,0.011184027922960619,0.011184027922960619,0.4815284013748169,0.6533555388450623,0.35,0,1,600,FP32-token-IDs
MentalBERT,oef5qe,171,9,2902,hospital,hospital,False,loneliness,-0.0217761662012587,0.0217761662012587,0.6294304728507996,0.0713418573141098,0.35,0,0,600,FP32-token-IDs
MentalBERT,oef5qe,171,9,2902,hospital,hospital,False,sadness,0.018379502308865387,0.018379502308865387,0.4494190216064453,0.7564108371734619,0.35,1,1,600,FP32-token-IDs
MentalBERT,oef5qe,171,9,2902,hospital,hospital,False,suicide intent,0.004342124826507643,0.004342124826507643,0.0790741816163063,0.02327849715948105,0.35,0,0,600,FP32-token-IDs
MentalBERT,oef5qe,171,9,2902,hospital,hospital,False,worthlessness,-0.015155419930427646,0.015155419930427646,0.5067859888076782,0.059368785470724106,0.35,0,0,600,FP32-token-IDs
MentalBERT,oef5qe,171,10,1012,.,.,False,anger,-0.001962658338015899,0.001962658338015899,0.3234289884567261,0.016151538118720055,0.35,0,0,600,FP32-token-IDs
MentalBERT,oef5qe,171,10,1012,.,.,False,brain dysfunction (forget),0.002328205737285316,0.002328205737285316,0.23197773098945618,0.3184247314929962,0.35,0,0,600,FP32-token-IDs
MentalBERT,oef5qe,171,10,1012,.,.,False,emptiness,-0.007541687635239214,0.007541687635239214,0.2675025165081024,0.04606017470359802,0.35,0,0,600,FP32-token-IDs
MentalBERT,oef5qe,171,10,1012,.,.,False,hopelessness,0.009800411644391716,0.009800411644391716,0.4815284013748169,0.6533555388450623,0.35,0,1,600,FP32-token-IDs
MentalBERT,oef5qe,171,10,1012,.,.,False,loneliness,-0.00551517098210752,0.00551517098210752,0.6294304728507996,0.0713418573141098,0.35,0,0,600,FP32-token-IDs
MentalBERT,oef5qe,171,10,1012,.,.,False,sadness,0.013155731372535229,0.013155731372535229,0.4494190216064453,0.7564108371734619,0.35,1,1,600,FP32-token-IDs
MentalBERT,oef5qe,171,10,1012,.,.,False,suicide intent,0.0012939721636939794,0.0012939721636939794,0.0790741816163063,0.02327849715948105,0.35,0,0,600,FP32-token-IDs
MentalBERT,oef5qe,171,10,1012,.,.,False,worthlessness,-0.007350462401518598,0.007350462401518598,0.5067859888076782,0.059368785470724106,0.35,0,0,600,FP32-token-IDs
MentalBERT,oef5qe,171,11,2054,what,what,False,anger,-0.010030857382974188,0.010030857382974188,0.3234289884567261,0.016151538118720055,0.35,0,0,600,FP32-token-IDs
MentalBERT,oef5qe,171,11,2054,what,what,False,brain dysfunction (forget),-0.000271578726824373,0.000271578726824373,0.23197773098945618,0.3184247314929962,0.35,0,0,600,FP32-token-IDs
MentalBERT,oef5qe,171,11,2054,what,what,False,emptiness,-0.004016449774748513,0.004016449774748513,0.2675025165081024,0.04606017470359802,0.35,0,0,600,FP32-token-IDs
MentalBERT,oef5qe,171,11,2054,what,what,False,hopelessness,0.00010856566950678825,0.00010856566950678825,0.4815284013748169,0.6533555388450623,0.35,0,1,600,FP32-token-IDs
MentalBERT,oef5qe,171,11,2054,what,what,False,loneliness,-0.014539107580536179,0.014539107580536179,0.6294304728507996,0.0713418573141098,0.35,0,0,600,FP32-token-IDs
MentalBERT,oef5qe,171,11,2054,what,what,False,sadness,-0.0055225988450859275,0.0055225988450859275,0.4494190216064453,0.7564108371734619,0.35,1,1,600,FP32-token-IDs
MentalBERT,oef5qe,171,11,2054,what,what,False,suicide intent,-0.0020237353933875313,0.0020237353933875313,0.0790741816163063,0.02327849715948105,0.35,0,0,600,FP32-token-IDs
MentalBERT,oef5qe,171,11,2054,what,what,False,worthlessness,-0.0008772127538187696,0.0008772127538187696,0.5067859888076782,0.059368785470724106,0.35,0,0,600,FP32-token-IDs
MentalBERT,oef5qe,171,12,2079,do,do,False,anger,-0.010030857382974188,0.010030857382974188,0.3234289884567261,0.016151538118720055,0.35,0,0,600,FP32-token-IDs
MentalBERT,oef5qe,171,12,2079,do,do,False,brain dysfunction (forget),-0.000271578726824373,0.000271578726824373,0.23197773098945618,0.3184247314929962,0.35,0,0,600,FP32-token-IDs
MentalBERT,oef5qe,171,12,2079,do,do,False,emptiness,-0.004016449774748513,0.004016449774748513,0.2675025165081024,0.04606017470359802,0.35,0,0,600,FP32-token-IDs
MentalBERT,oef5qe,171,12,2079,do,do,False,hopelessness,0.00010856566950678825,0.00010856566950678825,0.4815284013748169,0.6533555388450623,0.35,0,1,600,FP32-token-IDs
MentalBERT,oef5qe,171,12,2079,do,do,False,loneliness,-0.014539107580536179,0.014539107580536179,0.6294304728507996,0.0713418573141098,0.35,0,0,600,FP32-token-IDs
MentalBERT,oef5qe,171,12,2079,do,do,False,sadness,-0.0055225988450859275,0.0055225988450859275,0.4494190216064453,0.7564108371734619,0.35,1,1,600,FP32-token-IDs
MentalBERT,oef5qe,171,12,2079,do,do,False,suicide intent,-0.0020237353933875313,0.0020237353933875313,0.0790741816163063,0.02327849715948105,0.35,0,0,600,FP32-token-IDs
MentalBERT,oef5qe,171,12,2079,do,do,False,worthlessness,-0.0008772127538187696,0.0008772127538187696,0.5067859888076782,0.059368785470724106,0.35,0,0,600,FP32-token-IDs
MentalBERT,oef5qe,171,13,1045,i,i,False,anger,-0.0076577384981127185,0.0076577384981127185,0.3234289884567261,0.016151538118720055,0.35,0,0,600,FP32-token-IDs
MentalBERT,oef5qe,171,13,1045,i,i,False,brain dysfunction (forget),-0.00014005409320816398,0.00014005409320816398,0.23197773098945618,0.3184247314929962,0.35,0,0,600,FP32-token-IDs
MentalBERT,oef5qe,171,13,1045,i,i,False,emptiness,-0.004930959648585745,0.004930959648585745,0.2675025165081024,0.04606017470359802,0.35,0,0,600,FP32-token-IDs
MentalBERT,oef5qe,171,13,1045,i,i,False,hopelessness,0.0012303958646953106,0.0012303958646953106,0.4815284013748169,0.6533555388450623,0.35,0,1,600,FP32-token-IDs
MentalBERT,oef5qe,171,13,1045,i,i,False,loneliness,-0.013464974139684014,0.013464974139684014,0.6294304728507996,0.0713418573141098,0.35,0,0,600,FP32-token-IDs
MentalBERT,oef5qe,171,13,1045,i,i,False,sadness,-0.0034808082106922355,0.0034808082106922355,0.4494190216064453,0.7564108371734619,0.35,1,1,600,FP32-token-IDs
MentalBERT,oef5qe,171,13,1045,i,i,False,suicide intent,-0.0021438890440289727,0.0021438890440289727,0.0790741816163063,0.02327849715948105,0.35,0,0,600,FP32-token-IDs
MentalBERT,oef5qe,171,13,1045,i,i,False,worthlessness,-0.0006607510357363416,0.0006607510357363416,0.5067859888076782,0.059368785470724106,0.35,0,0,600,FP32-token-IDs
MentalBERT,oef5qe,171,14,2342,need,need,False,anger,-0.0076577384981127185,0.0076577384981127185,0.3234289884567261,0.016151538118720055,0.35,0,0,600,FP32-token-IDs
MentalBERT,oef5qe,171,14,2342,need,need,False,brain dysfunction (forget),-0.00014005409320816398,0.00014005409320816398,0.23197773098945618,0.3184247314929962,0.35,0,0,600,FP32-token-IDs
MentalBERT,oef5qe,171,14,2342,need,need,False,emptiness,-0.004930959648585745,0.004930959648585745,0.2675025165081024,0.04606017470359802,0.35,0,0,600,FP32-token-IDs
MentalBERT,oef5qe,171,14,2342,need,need,False,hopelessness,0.0012303958646953106,0.0012303958646953106,0.4815284013748169,0.6533555388450623,0.35,0,1,600,FP32-token-IDs
MentalBERT,oef5qe,171,14,2342,need,need,False,loneliness,-0.013464974139684014,0.013464974139684014,0.6294304728507996,0.0713418573141098,0.35,0,0,600,FP32-token-IDs
MentalBERT,oef5qe,171,14,2342,need,need,False,sadness,-0.0034808082106922355,0.0034808082106922355,0.4494190216064453,0.7564108371734619,0.35,1,1,600,FP32-token-IDs
MentalBERT,oef5qe,171,14,2342,need,need,False,suicide intent,-0.0021438890440289727,0.0021438890440289727,0.0790741816163063,0.02327849715948105,0.35,0,0,600,FP32-token-IDs
MentalBERT,oef5qe,171,14,2342,need,need,False,worthlessness,-0.0006607510357363416,0.0006607510357363416,0.5067859888076782,0.059368785470724106,0.35,0,0,600,FP32-token-IDs
MentalBERT,oef5qe,171,15,2000,to,to,False,anger,-0.01328405290509441,0.01328405290509441,0.3234289884567261,0.016151538118720055,0.35,0,0,600,FP32-token-IDs
MentalBERT,oef5qe,171,15,2000,to,to,False,brain dysfunction (forget),-0.00823505795172726,0.00823505795172726,0.23197773098945618,0.3184247314929962,0.35,0,0,600,FP32-token-IDs
MentalBERT,oef5qe,171,15,2000,to,to,False,emptiness,-0.011358061749931602,0.011358061749931602,0.2675025165081024,0.04606017470359802,0.35,0,0,600,FP32-token-IDs
MentalBERT,oef5qe,171,15,2000,to,to,False,hopelessness,0.004849525168538094,0.004849525168538094,0.4815284013748169,0.6533555388450623,0.35,0,1,600,FP32-token-IDs
MentalBERT,oef5qe,171,15,2000,to,to,False,loneliness,-0.012366202172069324,0.012366202172069324,0.6294304728507996,0.0713418573141098,0.35,0,0,600,FP32-token-IDs
MentalBERT,oef5qe,171,15,2000,to,to,False,sadness,-0.0017575111151451157,0.0017575111151451157,0.4494190216064453,0.7564108371734619,0.35,1,1,600,FP32-token-IDs
MentalBERT,oef5qe,171,15,2000,to,to,False,suicide intent,-0.005682130013675695,0.005682130013675695,0.0790741816163063,0.02327849715948105,0.35,0,0,600,FP32-token-IDs
MentalBERT,oef5qe,171,15,2000,to,to,False,worthlessness,-0.009541571811063304,0.009541571811063304,0.5067859888076782,0.059368785470724106,0.35,0,0,600,FP32-token-IDs
MentalBERT,oef5qe,171,16,5987,expect,expect,False,anger,-0.01328405290509441,0.01328405290509441,0.3234289884567261,0.016151538118720055,0.35,0,0,600,FP32-token-IDs
MentalBERT,oef5qe,171,16,5987,expect,expect,False,brain dysfunction (forget),-0.00823505795172726,0.00823505795172726,0.23197773098945618,0.3184247314929962,0.35,0,0,600,FP32-token-IDs
MentalBERT,oef5qe,171,16,5987,expect,expect,False,emptiness,-0.011358061749931602,0.011358061749931602,0.2675025165081024,0.04606017470359802,0.35,0,0,600,FP32-token-IDs
MentalBERT,oef5qe,171,16,5987,expect,expect,False,hopelessness,0.004849525168538094,0.004849525168538094,0.4815284013748169,0.6533555388450623,0.35,0,1,600,FP32-token-IDs
MentalBERT,oef5qe,171,16,5987,expect,expect,False,loneliness,-0.012366202172069324,0.012366202172069324,0.6294304728507996,0.0713418573141098,0.35,0,0,600,FP32-token-IDs
MentalBERT,oef5qe,171,16,5987,expect,expect,False,sadness,-0.0017575111151451157,0.0017575111151451157,0.4494190216064453,0.7564108371734619,0.35,1,1,600,FP32-token-IDs
MentalBERT,oef5qe,171,16,5987,expect,expect,False,suicide intent,-0.005682130013675695,0.005682130013675695,0.0790741816163063,0.02327849715948105,0.35,0,0,600,FP32-token-IDs
MentalBERT,oef5qe,171,16,5987,expect,expect,False,worthlessness,-0.009541571811063304,0.009541571811063304,0.5067859888076782,0.059368785470724106,0.35,0,0,600,FP32-token-IDs
MentalBERT,oef5qe,171,17,1029,?,?,False,anger,-0.016340786308449293,0.016340786308449293,0.3234289884567261,0.016151538118720055,0.35,0,0,600,FP32-token-IDs
MentalBERT,oef5qe,171,17,1029,?,?,False,brain dysfunction (forget),-0.0071604349262391525,0.0071604349262391525,0.23197773098945618,0.3184247314929962,0.35,0,0,600,FP32-token-IDs
MentalBERT,oef5qe,171,17,1029,?,?,False,emptiness,-0.007020791238617329,0.007020791238617329,0.2675025165081024,0.04606017470359802,0.35,0,0,600,FP32-token-IDs
MentalBERT,oef5qe,171,17,1029,?,?,False,hopelessness,0.001966000534594059,0.001966000534594059,0.4815284013748169,0.6533555388450623,0.35,0,1,600,FP32-token-IDs
MentalBERT,oef5qe,171,17,1029,?,?,False,loneliness,-0.009373917687861694,0.009373917687861694,0.6294304728507996,0.0713418573141098,0.35,0,0,600,FP32-token-IDs
MentalBERT,oef5qe,171,17,1029,?,?,False,sadness,-0.005090095280181794,0.005090095280181794,0.4494190216064453,0.7564108371734619,0.35,1,1,600,FP32-token-IDs
MentalBERT,oef5qe,171,17,1029,?,?,False,suicide intent,-0.007166827683769432,0.007166827683769432,0.0790741816163063,0.02327849715948105,0.35,0,0,600,FP32-token-IDs
MentalBERT,oef5qe,171,17,1029,?,?,False,worthlessness,-0.01097839113347055,0.01097839113347055,0.5067859888076782,0.059368785470724106,0.35,0,0,600,FP32-token-IDs
MentalBERT,oef5qe,171,18,1001,#,#,False,anger,-0.020425137810109715,0.020425137810109715,0.3234289884567261,0.016151538118720055,0.35,0,0,600,FP32-token-IDs
MentalBERT,oef5qe,171,18,1001,#,#,False,brain dysfunction (forget),-0.013651999495258287,0.013651999495258287,0.23197773098945618,0.3184247314929962,0.35,0,0,600,FP32-token-IDs
MentalBERT,oef5qe,171,18,1001,#,#,False,emptiness,-0.03255411359298575,0.03255411359298575,0.2675025165081024,0.04606017470359802,0.35,0,0,600,FP32-token-IDs
MentalBERT,oef5qe,171,18,1001,#,#,False,hopelessness,-0.007179497031583672,0.007179497031583672,0.4815284013748169,0.6533555388450623,0.35,0,1,600,FP32-token-IDs
MentalBERT,oef5qe,171,18,1001,#,#,False,loneliness,-0.022005268788364316,0.022005268788364316,0.6294304728507996,0.0713418573141098,0.35,0,0,600,FP32-token-IDs
MentalBERT,oef5qe,171,18,1001,#,#,False,sadness,-0.0031688202039471696,0.0031688202039471696,0.4494190216064453,0.7564108371734619,0.35,1,1,600,FP32-token-IDs
MentalBERT,oef5qe,171,18,1001,#,#,False,suicide intent,-0.012714597821329898,0.012714597821329898,0.0790741816163063,0.02327849715948105,0.35,0,0,600,FP32-token-IDs
MentalBERT,oef5qe,171,18,1001,#,#,False,worthlessness,-0.028756624522862866,0.028756624522862866,0.5067859888076782,0.059368785470724106,0.35,0,0,600,FP32-token-IDs
MentalBERT,oef5qe,171,19,1001,#,#,False,anger,-0.020425137810109715,0.020425137810109715,0.3234289884567261,0.016151538118720055,0.35,0,0,600,FP32-token-IDs
MentalBERT,oef5qe,171,19,1001,#,#,False,brain dysfunction (forget),-0.013651999495258287,0.013651999495258287,0.23197773098945618,0.3184247314929962,0.35,0,0,600,FP32-token-IDs
MentalBERT,oef5qe,171,19,1001,#,#,False,emptiness,-0.03255411359298575,0.03255411359298575,0.2675025165081024,0.04606017470359802,0.35,0,0,600,FP32-token-IDs
MentalBERT,oef5qe,171,19,1001,#,#,False,hopelessness,-0.007179497031583672,0.007179497031583672,0.4815284013748169,0.6533555388450623,0.35,0,1,600,FP32-token-IDs
MentalBERT,oef5qe,171,19,1001,#,#,False,loneliness,-0.022005268788364316,0.022005268788364316,0.6294304728507996,0.0713418573141098,0.35,0,0,600,FP32-token-IDs
MentalBERT,oef5qe,171,19,1001,#,#,False,sadness,-0.0031688202039471696,0.0031688202039471696,0.4494190216064453,0.7564108371734619,0.35,1,1,600,FP32-token-IDs
MentalBERT,oef5qe,171,19,1001,#,#,False,suicide intent,-0.012714597821329898,0.012714597821329898,0.0790741816163063,0.02327849715948105,0.35,0,0,600,FP32-token-IDs
MentalBERT,oef5qe,171,19,1001,#,#,False,worthlessness,-0.028756624522862866,0.028756624522862866,0.5067859888076782,0.059368785470724106,0.35,0,0,600,FP32-token-IDs
MentalBERT,oef5qe,171,20,1001,#,#,False,anger,-0.015945360916832994,0.015945360916832994,0.3234289884567261,0.016151538118720055,0.35,0,0,600,FP32-token-IDs
MentalBERT,oef5qe,171,20,1001,#,#,False,brain dysfunction (forget),-0.013386977919643477,0.013386977919643477,0.23197773098945618,0.3184247314929962,0.35,0,0,600,FP32-token-IDs
MentalBERT,oef5qe,171,20,1001,#,#,False,emptiness,-0.03305006373141493,0.03305006373141493,0.2675025165081024,0.04606017470359802,0.35,0,0,600,FP32-token-IDs
MentalBERT,oef5qe,171,20,1001,#,#,False,hopelessness,-0.0060850197804116065,0.0060850197804116065,0.4815284013748169,0.6533555388450623,0.35,0,1,600,FP32-token-IDs
MentalBERT,oef5qe,171,20,1001,#,#,False,loneliness,-0.02159472317102232,0.02159472317102232,0.6294304728507996,0.0713418573141098,0.35,0,0,600,FP32-token-IDs
MentalBERT,oef5qe,171,20,1001,#,#,False,sadness,-0.0023293265008500646,0.0023293265008500646,0.4494190216064453,0.7564108371734619,0.35,1,1,600,FP32-token-IDs
MentalBERT,oef5qe,171,20,1001,#,#,False,suicide intent,-0.012950011269865735,0.012950011269865735,0.0790741816163063,0.02327849715948105,0.35,0,0,600,FP32-token-IDs
MentalBERT,oef5qe,171,20,1001,#,#,False,worthlessness,-0.02732099869033499,0.02732099869033499,0.5067859888076782,0.059368785470724106,0.35,0,0,600,FP32-token-IDs
MentalBERT,oef5qe,171,21,1045,i,i,False,anger,0.00593550791277916,0.00593550791277916,0.3234289884567261,0.016151538118720055,0.35,0,0,600,FP32-token-IDs
MentalBERT,oef5qe,171,21,1045,i,i,False,brain dysfunction (forget),0.006983346368152914,0.006983346368152914,0.23197773098945618,0.3184247314929962,0.35,0,0,600,FP32-token-IDs
MentalBERT,oef5qe,171,21,1045,i,i,False,emptiness,-0.004052591025746162,0.004052591025746162,0.2675025165081024,0.04606017470359802,0.35,0,0,600,FP32-token-IDs
MentalBERT,oef5qe,171,21,1045,i,i,False,hopelessness,0.009539829616967057,0.009539829616967057,0.4815284013748169,0.6533555388450623,0.35,0,1,600,FP32-token-IDs
MentalBERT,oef5qe,171,21,1045,i,i,False,loneliness,-0.007801284439795251,0.007801284439795251,0.6294304728507996,0.0713418573141098,0.35,0,0,600,FP32-token-IDs
MentalBERT,oef5qe,171,21,1045,i,i,False,sadness,0.0070293577986636335,0.0070293577986636335,0.4494190216064453,0.7564108371734619,0.35,1,1,600,FP32-token-IDs
MentalBERT,oef5qe,171,21,1045,i,i,False,suicide intent,-0.000655773894063064,0.000655773894063064,0.0790741816163063,0.02327849715948105,0.35,0,0,600,FP32-token-IDs
MentalBERT,oef5qe,171,21,1045,i,i,False,worthlessness,0.003144853987448317,0.003144853987448317,0.5067859888076782,0.059368785470724106,0.35,0,0,600,FP32-token-IDs
MentalBERT,oef5qe,171,22,1005,',',False,anger,0.00593550791277916,0.00593550791277916,0.3234289884567261,0.016151538118720055,0.35,0,0,600,FP32-token-IDs
MentalBERT,oef5qe,171,22,1005,',',False,brain dysfunction (forget),0.006983346368152914,0.006983346368152914,0.23197773098945618,0.3184247314929962,0.35,0,0,600,FP32-token-IDs
MentalBERT,oef5qe,171,22,1005,',',False,emptiness,-0.004052591025746162,0.004052591025746162,0.2675025165081024,0.04606017470359802,0.35,0,0,600,FP32-token-IDs
MentalBERT,oef5qe,171,22,1005,',',False,hopelessness,0.009539829616967057,0.009539829616967057,0.4815284013748169,0.6533555388450623,0.35,0,1,600,FP32-token-IDs
MentalBERT,oef5qe,171,22,1005,',',False,loneliness,-0.007801284439795251,0.007801284439795251,0.6294304728507996,0.0713418573141098,0.35,0,0,600,FP32-token-IDs
MentalBERT,oef5qe,171,22,1005,',',False,sadness,0.0070293577986636335,0.0070293577986636335,0.4494190216064453,0.7564108371734619,0.35,1,1,600,FP32-token-IDs
MentalBERT,oef5qe,171,22,1005,',',False,suicide intent,-0.000655773894063064,0.000655773894063064,0.0790741816163063,0.02327849715948105,0.35,0,0,600,FP32-token-IDs
MentalBERT,oef5qe,171,22,1005,',',False,worthlessness,0.003144853987448317,0.003144853987448317,0.5067859888076782,0.059368785470724106,0.35,0,0,600,FP32-token-IDs
MentalBERT,oef5qe,171,23,1049,m,m,False,anger,0.02948453166650974,0.02948453166650974,0.3234289884567261,0.016151538118720055,0.35,0,0,600,FP32-token-IDs
MentalBERT,oef5qe,171,23,1049,m,m,False,brain dysfunction (forget),0.013712340096909819,0.013712340096909819,0.23197773098945618,0.3184247314929962,0.35,0,0,600,FP32-token-IDs
MentalBERT,oef5qe,171,23,1049,m,m,False,emptiness,0.008014189185424974,0.008014189185424974,0.2675025165081024,0.04606017470359802,0.35,0,0,600,FP32-token-IDs
MentalBERT,oef5qe,171,23,1049,m,m,False,hopelessness,0.04803906386119447,0.04803906386119447,0.4815284013748169,0.6533555388450623,0.35,0,1,600,FP32-token-IDs
MentalBERT,oef5qe,171,23,1049,m,m,False,loneliness,-0.0023250946043325317,0.0023250946043325317,0.6294304728507996,0.0713418573141098,0.35,0,0,600,FP32-token-IDs
MentalBERT,oef5qe,171,23,1049,m,m,False,sadness,0.029317355215815563,0.029317355215815563,0.4494190216064453,0.7564108371734619,0.35,1,1,600,FP32-token-IDs
MentalBERT,oef5qe,171,23,1049,m,m,False,suicide intent,-0.000198776089486533,0.000198776089486533,0.0790741816163063,0.02327849715948105,0.35,0,0,600,FP32-token-IDs
MentalBERT,oef5qe,171,23,1049,m,m,False,worthlessness,0.046796986606620655,0.046796986606620655,0.5067859888076782,0.059368785470724106,0.35,0,0,600,FP32-token-IDs
MentalBERT,oef5qe,171,24,7887,constantly,constantly,False,anger,0.04453147464560711,0.04453147464560711,0.3234289884567261,0.016151538118720055,0.35,0,0,600,FP32-token-IDs
MentalBERT,oef5qe,171,24,7887,constantly,constantly,False,brain dysfunction (forget),0.01575349347383183,0.01575349347383183,0.23197773098945618,0.3184247314929962,0.35,0,0,600,FP32-token-IDs
MentalBERT,oef5qe,171,24,7887,constantly,constantly,False,emptiness,0.009317164240720948,0.009317164240720948,0.2675025165081024,0.04606017470359802,0.35,0,0,600,FP32-token-IDs
MentalBERT,oef5qe,171,24,7887,constantly,constantly,False,hopelessness,0.06417870340270124,0.06417870340270124,0.4815284013748169,0.6533555388450623,0.35,0,1,600,FP32-token-IDs
MentalBERT,oef5qe,171,24,7887,constantly,constantly,False,loneliness,-0.008037701548476304,0.008037701548476304,0.6294304728507996,0.0713418573141098,0.35,0,0,600,FP32-token-IDs
MentalBERT,oef5qe,171,24,7887,constantly,constantly,False,sadness,0.03756099889454033,0.03756099889454033,0.4494190216064453,0.7564108371734619,0.35,1,1,600,FP32-token-IDs
MentalBERT,oef5qe,171,24,7887,constantly,constantly,False,suicide intent,3.4867365944332295e-05,3.4867365944332295e-05,0.0790741816163063,0.02327849715948105,0.35,0,0,600,FP32-token-IDs
MentalBERT,oef5qe,171,24,7887,constantly,constantly,False,worthlessness,0.06589198613697331,0.06589198613697331,0.5067859888076782,0.059368785470724106,0.35,0,0,600,FP32-token-IDs
MentalBERT,oef5qe,171,25,3241,thinking,thinking,False,anger,-0.03966665304324124,0.03966665304324124,0.3234289884567261,0.016151538118720055,0.35,0,0,600,FP32-token-IDs
MentalBERT,oef5qe,171,25,3241,thinking,thinking,False,brain dysfunction (forget),0.003199146784027107,0.003199146784027107,0.23197773098945618,0.3184247314929962,0.35,0,0,600,FP32-token-IDs
MentalBERT,oef5qe,171,25,3241,thinking,thinking,False,emptiness,0.004740875243442133,0.004740875243442133,0.2675025165081024,0.04606017470359802,0.35,0,0,600,FP32-token-IDs
MentalBERT,oef5qe,171,25,3241,thinking,thinking,False,hopelessness,0.00551188929239288,0.00551188929239288,0.4815284013748169,0.6533555388450623,0.35,0,1,600,FP32-token-IDs
MentalBERT,oef5qe,171,25,3241,thinking,thinking,False,loneliness,0.00541404215618968,0.00541404215618968,0.6294304728507996,0.0713418573141098,0.35,0,0,600,FP32-token-IDs
MentalBERT,oef5qe,171,25,3241,thinking,thinking,False,sadness,0.01995561388321221,0.01995561388321221,0.4494190216064453,0.7564108371734619,0.35,1,1,600,FP32-token-IDs
MentalBERT,oef5qe,171,25,3241,thinking,thinking,False,suicide intent,0.0023217807392938994,0.0023217807392938994,0.0790741816163063,0.02327849715948105,0.35,0,0,600,FP32-token-IDs
MentalBERT,oef5qe,171,25,3241,thinking,thinking,False,worthlessness,-0.010762694975710474,0.010762694975710474,0.5067859888076782,0.059368785470724106,0.35,0,0,600,FP32-token-IDs
MentalBERT,oef5qe,171,26,2055,about,about,False,anger,-0.03966665304324124,0.03966665304324124,0.3234289884567261,0.016151538118720055,0.35,0,0,600,FP32-token-IDs
MentalBERT,oef5qe,171,26,2055,about,about,False,brain dysfunction (forget),0.003199146784027107,0.003199146784027107,0.23197773098945618,0.3184247314929962,0.35,0,0,600,FP32-token-IDs
MentalBERT,oef5qe,171,26,2055,about,about,False,emptiness,0.004740875243442133,0.004740875243442133,0.2675025165081024,0.04606017470359802,0.35,0,0,600,FP32-token-IDs
MentalBERT,oef5qe,171,26,2055,about,about,False,hopelessness,0.00551188929239288,0.00551188929239288,0.4815284013748169,0.6533555388450623,0.35,0,1,600,FP32-token-IDs
MentalBERT,oef5qe,171,26,2055,about,about,False,loneliness,0.00541404215618968,0.00541404215618968,0.6294304728507996,0.0713418573141098,0.35,0,0,600,FP32-token-IDs
MentalBERT,oef5qe,171,26,2055,about,about,False,sadness,0.01995561388321221,0.01995561388321221,0.4494190216064453,0.7564108371734619,0.35,1,1,600,FP32-token-IDs
MentalBERT,oef5qe,171,26,2055,about,about,False,suicide intent,0.0023217807392938994,0.0023217807392938994,0.0790741816163063,0.02327849715948105,0.35,0,0,600,FP32-token-IDs
MentalBERT,oef5qe,171,26,2055,about,about,False,worthlessness,-0.010762694975710474,0.010762694975710474,0.5067859888076782,0.059368785470724106,0.35,0,0,600,FP32-token-IDs
MentalBERT,oef5qe,171,27,2025,not,not,False,anger,-0.0030357867217389867,0.0030357867217389867,0.3234289884567261,0.016151538118720055,0.35,0,0,600,FP32-token-IDs
MentalBERT,oef5qe,171,27,2025,not,not,False,brain dysfunction (forget),-0.009375666282721795,0.009375666282721795,0.23197773098945618,0.3184247314929962,0.35,0,0,600,FP32-token-IDs
MentalBERT,oef5qe,171,27,2025,not,not,False,emptiness,0.015368051856057718,0.015368051856057718,0.2675025165081024,0.04606017470359802,0.35,0,0,600,FP32-token-IDs
MentalBERT,oef5qe,171,27,2025,not,not,False,hopelessness,0.02388002077350393,0.02388002077350393,0.4815284013748169,0.6533555388450623,0.35,0,1,600,FP32-token-IDs
MentalBERT,oef5qe,171,27,2025,not,not,False,loneliness,0.0370578954461962,0.0370578954461962,0.6294304728507996,0.0713418573141098,0.35,0,0,600,FP32-token-IDs
MentalBERT,oef5qe,171,27,2025,not,not,False,sadness,0.044077966595068574,0.044077966595068574,0.4494190216064453,0.7564108371734619,0.35,1,1,600,FP32-token-IDs
MentalBERT,oef5qe,171,27,2025,not,not,False,suicide intent,0.0012617288084584288,0.0012617288084584288,0.0790741816163063,0.02327849715948105,0.35,0,0,600,FP32-token-IDs
MentalBERT,oef5qe,171,27,2025,not,not,False,worthlessness,0.007431486432324164,0.007431486432324164,0.5067859888076782,0.059368785470724106,0.35,0,0,600,FP32-token-IDs
MentalBERT,oef5qe,171,28,2108,being,being,False,anger,-0.0030357867217389867,0.0030357867217389867,0.3234289884567261,0.016151538118720055,0.35,0,0,600,FP32-token-IDs
MentalBERT,oef5qe,171,28,2108,being,being,False,brain dysfunction (forget),-0.009375666282721795,0.009375666282721795,0.23197773098945618,0.3184247314929962,0.35,0,0,600,FP32-token-IDs
MentalBERT,oef5qe,171,28,2108,being,being,False,emptiness,0.015368051856057718,0.015368051856057718,0.2675025165081024,0.04606017470359802,0.35,0,0,600,FP32-token-IDs
MentalBERT,oef5qe,171,28,2108,being,being,False,hopelessness,0.02388002077350393,0.02388002077350393,0.4815284013748169,0.6533555388450623,0.35,0,1,600,FP32-token-IDs
MentalBERT,oef5qe,171,28,2108,being,being,False,loneliness,0.0370578954461962,0.0370578954461962,0.6294304728507996,0.0713418573141098,0.35,0,0,600,FP32-token-IDs
MentalBERT,oef5qe,171,28,2108,being,being,False,sadness,0.044077966595068574,0.044077966595068574,0.4494190216064453,0.7564108371734619,0.35,1,1,600,FP32-token-IDs
MentalBERT,oef5qe,171,28,2108,being,being,False,suicide intent,0.0012617288084584288,0.0012617288084584288,0.0790741816163063,0.02327849715948105,0.35,0,0,600,FP32-token-IDs
MentalBERT,oef5qe,171,28,2108,being,being,False,worthlessness,0.007431486432324164,0.007431486432324164,0.5067859888076782,0.059368785470724106,0.35,0,0,600,FP32-token-IDs
MentalBERT,oef5qe,171,29,2182,here,here,False,anger,0.03164801888002936,0.03164801888002936,0.3234289884567261,0.016151538118720055,0.35,0,0,600,FP32-token-IDs
MentalBERT,oef5qe,171,29,2182,here,here,False,brain dysfunction (forget),-0.04027631093049422,0.04027631093049422,0.23197773098945618,0.3184247314929962,0.35,0,0,600,FP32-token-IDs
MentalBERT,oef5qe,171,29,2182,here,here,False,emptiness,0.03684038187687596,0.03684038187687596,0.2675025165081024,0.04606017470359802,0.35,0,0,600,FP32-token-IDs
MentalBERT,oef5qe,171,29,2182,here,here,False,hopelessness,0.0506745099555701,0.0506745099555701,0.4815284013748169,0.6533555388450623,0.35,0,1,600,FP32-token-IDs
MentalBERT,oef5qe,171,29,2182,here,here,False,loneliness,0.06697805637183289,0.06697805637183289,0.6294304728507996,0.0713418573141098,0.35,0,0,600,FP32-token-IDs
MentalBERT,oef5qe,171,29,2182,here,here,False,sadness,0.07230405905283988,0.07230405905283988,0.4494190216064453,0.7564108371734619,0.35,1,1,600,FP32-token-IDs
MentalBERT,oef5qe,171,29,2182,here,here,False,suicide intent,-0.00020191875470724585,0.00020191875470724585,0.0790741816163063,0.02327849715948105,0.35,0,0,600,FP32-token-IDs
MentalBERT,oef5qe,171,29,2182,here,here,False,worthlessness,0.023148428183048964,0.023148428183048964,0.5067859888076782,0.059368785470724106,0.35,0,0,600,FP32-token-IDs
MentalBERT,oef5qe,171,30,4902,anymore,anymore,False,anger,0.03164801888002936,0.03164801888002936,0.3234289884567261,0.016151538118720055,0.35,0,0,600,FP32-token-IDs
MentalBERT,oef5qe,171,30,4902,anymore,anymore,False,brain dysfunction (forget),-0.04027631093049422,0.04027631093049422,0.23197773098945618,0.3184247314929962,0.35,0,0,600,FP32-token-IDs
MentalBERT,oef5qe,171,30,4902,anymore,anymore,False,emptiness,0.03684038187687596,0.03684038187687596,0.2675025165081024,0.04606017470359802,0.35,0,0,600,FP32-token-IDs
MentalBERT,oef5qe,171,30,4902,anymore,anymore,False,hopelessness,0.0506745099555701,0.0506745099555701,0.4815284013748169,0.6533555388450623,0.35,0,1,600,FP32-token-IDs
MentalBERT,oef5qe,171,30,4902,anymore,anymore,False,loneliness,0.06697805637183289,0.06697805637183289,0.6294304728507996,0.0713418573141098,0.35,0,0,600,FP32-token-IDs
MentalBERT,oef5qe,171,30,4902,anymore,anymore,False,sadness,0.07230405905283988,0.07230405905283988,0.4494190216064453,0.7564108371734619,0.35,1,1,600,FP32-token-IDs
MentalBERT,oef5qe,171,30,4902,anymore,anymore,False,suicide intent,-0.00020191875470724585,0.00020191875470724585,0.0790741816163063,0.02327849715948105,0.35,0,0,600,FP32-token-IDs
MentalBERT,oef5qe,171,30,4902,anymore,anymore,False,worthlessness,0.023148428183048964,0.023148428183048964,0.5067859888076782,0.059368785470724106,0.35,0,0,600,FP32-token-IDs
MentalBERT,oef5qe,171,31,2021,but,but,False,anger,-0.01535371211260402,0.01535371211260402,0.3234289884567261,0.016151538118720055,0.35,0,0,600,FP32-token-IDs
MentalBERT,oef5qe,171,31,2021,but,but,False,brain dysfunction (forget),-0.027395836543291807,0.027395836543291807,0.23197773098945618,0.3184247314929962,0.35,0,0,600,FP32-token-IDs
MentalBERT,oef5qe,171,31,2021,but,but,False,emptiness,0.0012020002662514653,0.0012020002662514653,0.2675025165081024,0.04606017470359802,0.35,0,0,600,FP32-token-IDs
MentalBERT,oef5qe,171,31,2021,but,but,False,hopelessness,0.004247842123731971,0.004247842123731971,0.4815284013748169,0.6533555388450623,0.35,0,1,600,FP32-token-IDs
MentalBERT,oef5qe,171,31,2021,but,but,False,loneliness,0.023188184403503936,0.023188184403503936,0.6294304728507996,0.0713418573141098,0.35,0,0,600,FP32-token-IDs
MentalBERT,oef5qe,171,31,2021,but,but,False,sadness,0.01949091674759984,0.01949091674759984,0.4494190216064453,0.7564108371734619,0.35,1,1,600,FP32-token-IDs
MentalBERT,oef5qe,171,31,2021,but,but,False,suicide intent,-0.006130646618354755,0.006130646618354755,0.0790741816163063,0.02327849715948105,0.35,0,0,600,FP32-token-IDs
MentalBERT,oef5qe,171,31,2021,but,but,False,worthlessness,-0.018368841730989516,0.018368841730989516,0.5067859888076782,0.059368785470724106,0.35,0,0,600,FP32-token-IDs
MentalBERT,oef5qe,171,32,2008,that,that,False,anger,0.010195337839624178,0.010195337839624178,0.3234289884567261,0.016151538118720055,0.35,0,0,600,FP32-token-IDs
MentalBERT,oef5qe,171,32,2008,that,that,False,brain dysfunction (forget),-0.00460588739342278,0.00460588739342278,0.23197773098945618,0.3184247314929962,0.35,0,0,600,FP32-token-IDs
MentalBERT,oef5qe,171,32,2008,that,that,False,emptiness,0.002628056163943949,0.002628056163943949,0.2675025165081024,0.04606017470359802,0.35,0,0,600,FP32-token-IDs
MentalBERT,oef5qe,171,32,2008,that,that,False,hopelessness,0.008144474641552992,0.008144474641552992,0.4815284013748169,0.6533555388450623,0.35,0,1,600,FP32-token-IDs
MentalBERT,oef5qe,171,32,2008,that,that,False,loneliness,-0.004113562490480641,0.004113562490480641,0.6294304728507996,0.0713418573141098,0.35,0,0,600,FP32-token-IDs
MentalBERT,oef5qe,171,32,2008,that,that,False,sadness,0.0030519339034245124,0.0030519339034245124,0.4494190216064453,0.7564108371734619,0.35,1,1,600,FP32-token-IDs
MentalBERT,oef5qe,171,32,2008,that,that,False,suicide intent,-7.499366516380455e-06,7.499366516380455e-06,0.0790741816163063,0.02327849715948105,0.35,0,0,600,FP32-token-IDs
MentalBERT,oef5qe,171,32,2008,that,that,False,worthlessness,0.010794612234790944,0.010794612234790944,0.5067859888076782,0.059368785470724106,0.35,0,0,600,FP32-token-IDs
MentalBERT,oef5qe,171,33,1005,',',False,anger,0.010195337839624178,0.010195337839624178,0.3234289884567261,0.016151538118720055,0.35,0,0,600,FP32-token-IDs
MentalBERT,oef5qe,171,33,1005,',',False,brain dysfunction (forget),-0.00460588739342278,0.00460588739342278,0.23197773098945618,0.3184247314929962,0.35,0,0,600,FP32-token-IDs
MentalBERT,oef5qe,171,33,1005,',',False,emptiness,0.002628056163943949,0.002628056163943949,0.2675025165081024,0.04606017470359802,0.35,0,0,600,FP32-token-IDs
MentalBERT,oef5qe,171,33,1005,',',False,hopelessness,0.008144474641552992,0.008144474641552992,0.4815284013748169,0.6533555388450623,0.35,0,1,600,FP32-token-IDs
MentalBERT,oef5qe,171,33,1005,',',False,loneliness,-0.004113562490480641,0.004113562490480641,0.6294304728507996,0.0713418573141098,0.35,0,0,600,FP32-token-IDs
MentalBERT,oef5qe,171,33,1005,',',False,sadness,0.0030519339034245124,0.0030519339034245124,0.4494190216064453,0.7564108371734619,0.35,1,1,600,FP32-token-IDs
MentalBERT,oef5qe,171,33,1005,',',False,suicide intent,-7.499366516380455e-06,7.499366516380455e-06,0.0790741816163063,0.02327849715948105,0.35,0,0,600,FP32-token-IDs
MentalBERT,oef5qe,171,33,1005,',',False,worthlessness,0.010794612234790944,0.010794612234790944,0.5067859888076782,0.059368785470724106,0.35,0,0,600,FP32-token-IDs
MentalBERT,oef5qe,171,34,1055,s,s,False,anger,0.010195337839624178,0.010195337839624178,0.3234289884567261,0.016151538118720055,0.35,0,0,600,FP32-token-IDs
MentalBERT,oef5qe,171,34,1055,s,s,False,brain dysfunction (forget),-0.00460588739342278,0.00460588739342278,0.23197773098945618,0.3184247314929962,0.35,0,0,600,FP32-token-IDs
MentalBERT,oef5qe,171,34,1055,s,s,False,emptiness,0.002628056163943949,0.002628056163943949,0.2675025165081024,0.04606017470359802,0.35,0,0,600,FP32-token-IDs
MentalBERT,oef5qe,171,34,1055,s,s,False,hopelessness,0.008144474641552992,0.008144474641552992,0.4815284013748169,0.6533555388450623,0.35,0,1,600,FP32-token-IDs
MentalBERT,oef5qe,171,34,1055,s,s,False,loneliness,-0.004113562490480641,0.004113562490480641,0.6294304728507996,0.0713418573141098,0.35,0,0,600,FP32-token-IDs
MentalBERT,oef5qe,171,34,1055,s,s,False,sadness,0.0030519339034245124,0.0030519339034245124,0.4494190216064453,0.7564108371734619,0.35,1,1,600,FP32-token-IDs
MentalBERT,oef5qe,171,34,1055,s,s,False,suicide intent,-7.499366516380455e-06,7.499366516380455e-06,0.0790741816163063,0.02327849715948105,0.35,0,0,600,FP32-token-IDs
MentalBERT,oef5qe,171,34,1055,s,s,False,worthlessness,0.010794612234790944,0.010794612234790944,0.5067859888076782,0.059368785470724106,0.35,0,0,600,FP32-token-IDs
MentalBERT,oef5qe,171,35,2025,not,not,False,anger,0.01823887279634142,0.01823887279634142,0.3234289884567261,0.016151538118720055,0.35,0,0,600,FP32-token-IDs
MentalBERT,oef5qe,171,35,2025,not,not,False,brain dysfunction (forget),-0.004064223043886679,0.004064223043886679,0.23197773098945618,0.3184247314929962,0.35,0,0,600,FP32-token-IDs
MentalBERT,oef5qe,171,35,2025,not,not,False,emptiness,0.004133758897937479,0.004133758897937479,0.2675025165081024,0.04606017470359802,0.35,0,0,600,FP32-token-IDs
MentalBERT,oef5qe,171,35,2025,not,not,False,hopelessness,0.015298762101502645,0.015298762101502645,0.4815284013748169,0.6533555388450623,0.35,0,1,600,FP32-token-IDs
MentalBERT,oef5qe,171,35,2025,not,not,False,loneliness,-0.009614340735909839,0.009614340735909839,0.6294304728507996,0.0713418573141098,0.35,0,0,600,FP32-token-IDs
MentalBERT,oef5qe,171,35,2025,not,not,False,sadness,0.006112905833426685,0.006112905833426685,0.4494190216064453,0.7564108371734619,0.35,1,1,600,FP32-token-IDs
MentalBERT,oef5qe,171,35,2025,not,not,False,suicide intent,0.00021184212829601683,0.00021184212829601683,0.0790741816163063,0.02327849715948105,0.35,0,0,600,FP32-token-IDs
MentalBERT,oef5qe,171,35,2025,not,not,False,worthlessness,0.024771377002997766,0.024771377002997766,0.5067859888076782,0.059368785470724106,0.35,0,0,600,FP32-token-IDs
MentalBERT,oef5qe,171,36,2054,what,what,False,anger,0.01823887279634142,0.01823887279634142,0.3234289884567261,0.016151538118720055,0.35,0,0,600,FP32-token-IDs
MentalBERT,oef5qe,171,36,2054,what,what,False,brain dysfunction (forget),-0.004064223043886679,0.004064223043886679,0.23197773098945618,0.3184247314929962,0.35,0,0,600,FP32-token-IDs
MentalBERT,oef5qe,171,36,2054,what,what,False,emptiness,0.004133758897937479,0.004133758897937479,0.2675025165081024,0.04606017470359802,0.35,0,0,600,FP32-token-IDs
MentalBERT,oef5qe,171,36,2054,what,what,False,hopelessness,0.015298762101502645,0.015298762101502645,0.4815284013748169,0.6533555388450623,0.35,0,1,600,FP32-token-IDs
MentalBERT,oef5qe,171,36,2054,what,what,False,loneliness,-0.009614340735909839,0.009614340735909839,0.6294304728507996,0.0713418573141098,0.35,0,0,600,FP32-token-IDs
MentalBERT,oef5qe,171,36,2054,what,what,False,sadness,0.006112905833426685,0.006112905833426685,0.4494190216064453,0.7564108371734619,0.35,1,1,600,FP32-token-IDs
MentalBERT,oef5qe,171,36,2054,what,what,False,suicide intent,0.00021184212829601683,0.00021184212829601683,0.0790741816163063,0.02327849715948105,0.35,0,0,600,FP32-token-IDs
MentalBERT,oef5qe,171,36,2054,what,what,False,worthlessness,0.024771377002997766,0.024771377002997766,0.5067859888076782,0.059368785470724106,0.35,0,0,600,FP32-token-IDs
MentalBERT,oef5qe,171,37,1045,i,i,False,anger,0.01823887279634142,0.01823887279634142,0.3234289884567261,0.016151538118720055,0.35,0,0,600,FP32-token-IDs
MentalBERT,oef5qe,171,37,1045,i,i,False,brain dysfunction (forget),-0.004064223043886679,0.004064223043886679,0.23197773098945618,0.3184247314929962,0.35,0,0,600,FP32-token-IDs
MentalBERT,oef5qe,171,37,1045,i,i,False,emptiness,0.004133758897937479,0.004133758897937479,0.2675025165081024,0.04606017470359802,0.35,0,0,600,FP32-token-IDs
MentalBERT,oef5qe,171,37,1045,i,i,False,hopelessness,0.015298762101502645,0.015298762101502645,0.4815284013748169,0.6533555388450623,0.35,0,1,600,FP32-token-IDs
MentalBERT,oef5qe,171,37,1045,i,i,False,loneliness,-0.009614340735909839,0.009614340735909839,0.6294304728507996,0.0713418573141098,0.35,0,0,600,FP32-token-IDs
MentalBERT,oef5qe,171,37,1045,i,i,False,sadness,0.006112905833426685,0.006112905833426685,0.4494190216064453,0.7564108371734619,0.35,1,1,600,FP32-token-IDs
MentalBERT,oef5qe,171,37,1045,i,i,False,suicide intent,0.00021184212829601683,0.00021184212829601683,0.0790741816163063,0.02327849715948105,0.35,0,0,600,FP32-token-IDs
MentalBERT,oef5qe,171,37,1045,i,i,False,worthlessness,0.024771377002997766,0.024771377002997766,0.5067859888076782,0.059368785470724106,0.35,0,0,600,FP32-token-IDs
MentalBERT,oef5qe,171,38,2215,want,want,False,anger,0.01823887279634142,0.01823887279634142,0.3234289884567261,0.016151538118720055,0.35,0,0,600,FP32-token-IDs
MentalBERT,oef5qe,171,38,2215,want,want,False,brain dysfunction (forget),-0.004064223043886679,0.004064223043886679,0.23197773098945618,0.3184247314929962,0.35,0,0,600,FP32-token-IDs
MentalBERT,oef5qe,171,38,2215,want,want,False,emptiness,0.004133758897937479,0.004133758897937479,0.2675025165081024,0.04606017470359802,0.35,0,0,600,FP32-token-IDs
MentalBERT,oef5qe,171,38,2215,want,want,False,hopelessness,0.015298762101502645,0.015298762101502645,0.4815284013748169,0.6533555388450623,0.35,0,1,600,FP32-token-IDs
MentalBERT,oef5qe,171,38,2215,want,want,False,loneliness,-0.009614340735909839,0.009614340735909839,0.6294304728507996,0.0713418573141098,0.35,0,0,600,FP32-token-IDs
MentalBERT,oef5qe,171,38,2215,want,want,False,sadness,0.006112905833426685,0.006112905833426685,0.4494190216064453,0.7564108371734619,0.35,1,1,600,FP32-token-IDs
MentalBERT,oef5qe,171,38,2215,want,want,False,suicide intent,0.00021184212829601683,0.00021184212829601683,0.0790741816163063,0.02327849715948105,0.35,0,0,600,FP32-token-IDs
MentalBERT,oef5qe,171,38,2215,want,want,False,worthlessness,0.024771377002997766,0.024771377002997766,0.5067859888076782,0.059368785470724106,0.35,0,0,600,FP32-token-IDs
MentalBERT,oef5qe,171,39,2005,for,for,False,anger,0.0032966251485049727,0.0032966251485049727,0.3234289884567261,0.016151538118720055,0.35,0,0,600,FP32-token-IDs
MentalBERT,oef5qe,171,39,2005,for,for,False,brain dysfunction (forget),-0.003975546431805317,0.003975546431805317,0.23197773098945618,0.3184247314929962,0.35,0,0,600,FP32-token-IDs
MentalBERT,oef5qe,171,39,2005,for,for,False,emptiness,0.01003521253199627,0.01003521253199627,0.2675025165081024,0.04606017470359802,0.35,0,0,600,FP32-token-IDs
MentalBERT,oef5qe,171,39,2005,for,for,False,hopelessness,0.016875050527354083,0.016875050527354083,0.4815284013748169,0.6533555388450623,0.35,0,1,600,FP32-token-IDs
MentalBERT,oef5qe,171,39,2005,for,for,False,loneliness,-0.001171076910880705,0.001171076910880705,0.6294304728507996,0.0713418573141098,0.35,0,0,600,FP32-token-IDs
MentalBERT,oef5qe,171,39,2005,for,for,False,sadness,0.00919243050739169,0.00919243050739169,0.4494190216064453,0.7564108371734619,0.35,1,1,600,FP32-token-IDs
MentalBERT,oef5qe,171,39,2005,for,for,False,suicide intent,0.0011492990102851765,0.0011492990102851765,0.0790741816163063,0.02327849715948105,0.35,0,0,600,FP32-token-IDs
MentalBERT,oef5qe,171,39,2005,for,for,False,worthlessness,0.020811554925361027,0.020811554925361027,0.5067859888076782,0.059368785470724106,0.35,0,0,600,FP32-token-IDs
MentalBERT,oef5qe,171,40,2870,myself,myself,False,anger,0.0032966251485049727,0.0032966251485049727,0.3234289884567261,0.016151538118720055,0.35,0,0,600,FP32-token-IDs
MentalBERT,oef5qe,171,40,2870,myself,myself,False,brain dysfunction (forget),-0.003975546431805317,0.003975546431805317,0.23197773098945618,0.3184247314929962,0.35,0,0,600,FP32-token-IDs
MentalBERT,oef5qe,171,40,2870,myself,myself,False,emptiness,0.01003521253199627,0.01003521253199627,0.2675025165081024,0.04606017470359802,0.35,0,0,600,FP32-token-IDs
MentalBERT,oef5qe,171,40,2870,myself,myself,False,hopelessness,0.016875050527354083,0.016875050527354083,0.4815284013748169,0.6533555388450623,0.35,0,1,600,FP32-token-IDs
MentalBERT,oef5qe,171,40,2870,myself,myself,False,loneliness,-0.001171076910880705,0.001171076910880705,0.6294304728507996,0.0713418573141098,0.35,0,0,600,FP32-token-IDs
MentalBERT,oef5qe,171,40,2870,myself,myself,False,sadness,0.00919243050739169,0.00919243050739169,0.4494190216064453,0.7564108371734619,0.35,1,1,600,FP32-token-IDs
MentalBERT,oef5qe,171,40,2870,myself,myself,False,suicide intent,0.0011492990102851765,0.0011492990102851765,0.0790741816163063,0.02327849715948105,0.35,0,0,600,FP32-token-IDs
MentalBERT,oef5qe,171,40,2870,myself,myself,False,worthlessness,0.020811554925361027,0.020811554925361027,0.5067859888076782,0.059368785470724106,0.35,0,0,600,FP32-token-IDs
MentalBERT,oef5qe,171,41,2030,or,or,False,anger,0.00455781746422872,0.00455781746422872,0.3234289884567261,0.016151538118720055,0.35,0,0,600,FP32-token-IDs
MentalBERT,oef5qe,171,41,2030,or,or,False,brain dysfunction (forget),-0.0026055189742085834,0.0026055189742085834,0.23197773098945618,0.3184247314929962,0.35,0,0,600,FP32-token-IDs
MentalBERT,oef5qe,171,41,2030,or,or,False,emptiness,0.012263361628477772,0.012263361628477772,0.2675025165081024,0.04606017470359802,0.35,0,0,600,FP32-token-IDs
MentalBERT,oef5qe,171,41,2030,or,or,False,hopelessness,0.02068215006341537,0.02068215006341537,0.4815284013748169,0.6533555388450623,0.35,0,1,600,FP32-token-IDs
MentalBERT,oef5qe,171,41,2030,or,or,False,loneliness,-0.0009359305336450539,0.0009359305336450539,0.6294304728507996,0.0713418573141098,0.35,0,0,600,FP32-token-IDs
MentalBERT,oef5qe,171,41,2030,or,or,False,sadness,0.00962266568094492,0.00962266568094492,0.4494190216064453,0.7564108371734619,0.35,1,1,600,FP32-token-IDs
MentalBERT,oef5qe,171,41,2030,or,or,False,suicide intent,0.0012812670844141395,0.0012812670844141395,0.0790741816163063,0.02327849715948105,0.35,0,0,600,FP32-token-IDs
MentalBERT,oef5qe,171,41,2030,or,or,False,worthlessness,0.027230476793677856,0.027230476793677856,0.5067859888076782,0.059368785470724106,0.35,0,0,600,FP32-token-IDs
MentalBERT,oef5qe,171,42,1996,the,the,False,anger,-0.008294205138615021,0.008294205138615021,0.3234289884567261,0.016151538118720055,0.35,0,0,600,FP32-token-IDs
MentalBERT,oef5qe,171,42,1996,the,the,False,brain dysfunction (forget),-0.012617544888053089,0.012617544888053089,0.23197773098945618,0.3184247314929962,0.35,0,0,600,FP32-token-IDs
MentalBERT,oef5qe,171,42,1996,the,the,False,emptiness,-0.0075216197913202144,0.0075216197913202144,0.2675025165081024,0.04606017470359802,0.35,0,0,600,FP32-token-IDs
MentalBERT,oef5qe,171,42,1996,the,the,False,hopelessness,-0.0056114425727476665,0.0056114425727476665,0.4815284013748169,0.6533555388450623,0.35,0,1,600,FP32-token-IDs
MentalBERT,oef5qe,171,42,1996,the,the,False,loneliness,-0.0012830709417661033,0.0012830709417661033,0.6294304728507996,0.0713418573141098,0.35,0,0,600,FP32-token-IDs
MentalBERT,oef5qe,171,42,1996,the,the,False,sadness,0.00396761658291022,0.00396761658291022,0.4494190216064453,0.7564108371734619,0.35,1,1,600,FP32-token-IDs
MentalBERT,oef5qe,171,42,1996,the,the,False,suicide intent,-0.0030757284155697564,0.0030757284155697564,0.0790741816163063,0.02327849715948105,0.35,0,0,600,FP32-token-IDs
MentalBERT,oef5qe,171,42,1996,the,the,False,worthlessness,-0.01767446830441865,0.01767446830441865,0.5067859888076782,0.059368785470724106,0.35,0,0,600,FP32-token-IDs
MentalBERT,oef5qe,171,43,3924,ones,ones,False,anger,-0.008294205138615021,0.008294205138615021,0.3234289884567261,0.016151538118720055,0.35,0,0,600,FP32-token-IDs
MentalBERT,oef5qe,171,43,3924,ones,ones,False,brain dysfunction (forget),-0.012617544888053089,0.012617544888053089,0.23197773098945618,0.3184247314929962,0.35,0,0,600,FP32-token-IDs
MentalBERT,oef5qe,171,43,3924,ones,ones,False,emptiness,-0.0075216197913202144,0.0075216197913202144,0.2675025165081024,0.04606017470359802,0.35,0,0,600,FP32-token-IDs
MentalBERT,oef5qe,171,43,3924,ones,ones,False,hopelessness,-0.0056114425727476665,0.0056114425727476665,0.4815284013748169,0.6533555388450623,0.35,0,1,600,FP32-token-IDs
MentalBERT,oef5qe,171,43,3924,ones,ones,False,loneliness,-0.0012830709417661033,0.0012830709417661033,0.6294304728507996,0.0713418573141098,0.35,0,0,600,FP32-token-IDs
MentalBERT,oef5qe,171,43,3924,ones,ones,False,sadness,0.00396761658291022,0.00396761658291022,0.4494190216064453,0.7564108371734619,0.35,1,1,600,FP32-token-IDs
MentalBERT,oef5qe,171,43,3924,ones,ones,False,suicide intent,-0.0030757284155697564,0.0030757284155697564,0.0790741816163063,0.02327849715948105,0.35,0,0,600,FP32-token-IDs
MentalBERT,oef5qe,171,43,3924,ones,ones,False,worthlessness,-0.01767446830441865,0.01767446830441865,0.5067859888076782,0.059368785470724106,0.35,0,0,600,FP32-token-IDs
MentalBERT,oef5qe,171,44,1045,i,i,False,anger,-0.013023529741136977,0.013023529741136977,0.3234289884567261,0.016151538118720055,0.35,0,0,600,FP32-token-IDs
MentalBERT,oef5qe,171,44,1045,i,i,False,brain dysfunction (forget),-0.015237352933036163,0.015237352933036163,0.23197773098945618,0.3184247314929962,0.35,0,0,600,FP32-token-IDs
MentalBERT,oef5qe,171,44,1045,i,i,False,emptiness,-0.009840537972437838,0.009840537972437838,0.2675025165081024,0.04606017470359802,0.35,0,0,600,FP32-token-IDs
MentalBERT,oef5qe,171,44,1045,i,i,False,hopelessness,-0.030153335149710376,0.030153335149710376,0.4815284013748169,0.6533555388450623,0.35,0,1,600,FP32-token-IDs
MentalBERT,oef5qe,171,44,1045,i,i,False,loneliness,0.008901633384327094,0.008901633384327094,0.6294304728507996,0.0713418573141098,0.35,0,0,600,FP32-token-IDs
MentalBERT,oef5qe,171,44,1045,i,i,False,sadness,-0.0013324461256464322,0.0013324461256464322,0.4494190216064453,0.7564108371734619,0.35,1,1,600,FP32-token-IDs
MentalBERT,oef5qe,171,44,1045,i,i,False,suicide intent,-0.003987965418491513,0.003987965418491513,0.0790741816163063,0.02327849715948105,0.35,0,0,600,FP32-token-IDs
MentalBERT,oef5qe,171,44,1045,i,i,False,worthlessness,-0.0321424468633874,0.0321424468633874,0.5067859888076782,0.059368785470724106,0.35,0,0,600,FP32-token-IDs
MentalBERT,oef5qe,171,45,2293,love,love,False,anger,-0.017011735894872496,0.017011735894872496,0.3234289884567261,0.016151538118720055,0.35,0,0,600,FP32-token-IDs
MentalBERT,oef5qe,171,45,2293,love,love,False,brain dysfunction (forget),-0.018059466214617716,0.018059466214617716,0.23197773098945618,0.3184247314929962,0.35,0,0,600,FP32-token-IDs
MentalBERT,oef5qe,171,45,2293,love,love,False,emptiness,-0.014394234462330738,0.014394234462330738,0.2675025165081024,0.04606017470359802,0.35,0,0,600,FP32-token-IDs
MentalBERT,oef5qe,171,45,2293,love,love,False,hopelessness,-0.039005654941623405,0.039005654941623405,0.4815284013748169,0.6533555388450623,0.35,0,1,600,FP32-token-IDs
MentalBERT,oef5qe,171,45,2293,love,love,False,loneliness,0.011123275446395079,0.011123275446395079,0.6294304728507996,0.0713418573141098,0.35,0,0,600,FP32-token-IDs
MentalBERT,oef5qe,171,45,2293,love,love,False,sadness,-0.0022434360658129056,0.0022434360658129056,0.4494190216064453,0.7564108371734619,0.35,1,1,600,FP32-token-IDs
MentalBERT,oef5qe,171,45,2293,love,love,False,suicide intent,-0.0045258969155838715,0.0045258969155838715,0.0790741816163063,0.02327849715948105,0.35,0,0,600,FP32-token-IDs
MentalBERT,oef5qe,171,45,2293,love,love,False,worthlessness,-0.049622683574367936,0.049622683574367936,0.5067859888076782,0.059368785470724106,0.35,0,0,600,FP32-token-IDs
MentalBERT,oef5qe,171,46,1012,.,.,False,anger,0.0014643434978400666,0.0014643434978400666,0.3234289884567261,0.016151538118720055,0.35,0,0,600,FP32-token-IDs
MentalBERT,oef5qe,171,46,1012,.,.,False,brain dysfunction (forget),-0.007567660743370652,0.007567660743370652,0.23197773098945618,0.3184247314929962,0.35,0,0,600,FP32-token-IDs
MentalBERT,oef5qe,171,46,1012,.,.,False,emptiness,-0.0008358359957734741,0.0008358359957734741,0.2675025165081024,0.04606017470359802,0.35,0,0,600,FP32-token-IDs
MentalBERT,oef5qe,171,46,1012,.,.,False,hopelessness,0.0013694871837894125,0.0013694871837894125,0.4815284013748169,0.6533555388450623,0.35,0,1,600,FP32-token-IDs
MentalBERT,oef5qe,171,46,1012,.,.,False,loneliness,0.0011499489812801284,0.0011499489812801284,0.6294304728507996,0.0713418573141098,0.35,0,0,600,FP32-token-IDs
MentalBERT,oef5qe,171,46,1012,.,.,False,sadness,0.003524888182679812,0.003524888182679812,0.4494190216064453,0.7564108371734619,0.35,1,1,600,FP32-token-IDs
MentalBERT,oef5qe,171,46,1012,.,.,False,suicide intent,-0.001379176462069154,0.001379176462069154,0.0790741816163063,0.02327849715948105,0.35,0,0,600,FP32-token-IDs
MentalBERT,oef5qe,171,46,1012,.,.,False,worthlessness,0.005828535657686492,0.005828535657686492,0.5067859888076782,0.059368785470724106,0.35,0,0,600,FP32-token-IDs
MentalBERT,oef5qe,171,47,1045,i,i,False,anger,-0.0012864658128819428,0.0012864658128819428,0.3234289884567261,0.016151538118720055,0.35,0,0,600,FP32-token-IDs
MentalBERT,oef5qe,171,47,1045,i,i,False,brain dysfunction (forget),0.003828860651992727,0.003828860651992727,0.23197773098945618,0.3184247314929962,0.35,0,0,600,FP32-token-IDs
MentalBERT,oef5qe,171,47,1045,i,i,False,emptiness,-0.013236111532023642,0.013236111532023642,0.2675025165081024,0.04606017470359802,0.35,0,0,600,FP32-token-IDs
MentalBERT,oef5qe,171,47,1045,i,i,False,hopelessness,-0.007351916370680556,0.007351916370680556,0.4815284013748169,0.6533555388450623,0.35,0,1,600,FP32-token-IDs
MentalBERT,oef5qe,171,47,1045,i,i,False,loneliness,-0.021000042295781896,0.021000042295781896,0.6294304728507996,0.0713418573141098,0.35,0,0,600,FP32-token-IDs
MentalBERT,oef5qe,171,47,1045,i,i,False,sadness,-0.006219043105375022,0.006219043105375022,0.4494190216064453,0.7564108371734619,0.35,1,1,600,FP32-token-IDs
MentalBERT,oef5qe,171,47,1045,i,i,False,suicide intent,-0.001378477601974737,0.001378477601974737,0.0790741816163063,0.02327849715948105,0.35,0,0,600,FP32-token-IDs
MentalBERT,oef5qe,171,47,1045,i,i,False,worthlessness,-0.010875317209865898,0.010875317209865898,0.5067859888076782,0.059368785470724106,0.35,0,0,600,FP32-token-IDs
MentalBERT,oef5qe,171,48,2215,want,want,False,anger,-0.0012864658128819428,0.0012864658128819428,0.3234289884567261,0.016151538118720055,0.35,0,0,600,FP32-token-IDs
MentalBERT,oef5qe,171,48,2215,want,want,False,brain dysfunction (forget),0.003828860651992727,0.003828860651992727,0.23197773098945618,0.3184247314929962,0.35,0,0,600,FP32-token-IDs
MentalBERT,oef5qe,171,48,2215,want,want,False,emptiness,-0.013236111532023642,0.013236111532023642,0.2675025165081024,0.04606017470359802,0.35,0,0,600,FP32-token-IDs
MentalBERT,oef5qe,171,48,2215,want,want,False,hopelessness,-0.007351916370680556,0.007351916370680556,0.4815284013748169,0.6533555388450623,0.35,0,1,600,FP32-token-IDs
MentalBERT,oef5qe,171,48,2215,want,want,False,loneliness,-0.021000042295781896,0.021000042295781896,0.6294304728507996,0.0713418573141098,0.35,0,0,600,FP32-token-IDs
MentalBERT,oef5qe,171,48,2215,want,want,False,sadness,-0.006219043105375022,0.006219043105375022,0.4494190216064453,0.7564108371734619,0.35,1,1,600,FP32-token-IDs
MentalBERT,oef5qe,171,48,2215,want,want,False,suicide intent,-0.001378477601974737,0.001378477601974737,0.0790741816163063,0.02327849715948105,0.35,0,0,600,FP32-token-IDs
MentalBERT,oef5qe,171,48,2215,want,want,False,worthlessness,-0.010875317209865898,0.010875317209865898,0.5067859888076782,0.059368785470724106,0.35,0,0,600,FP32-token-IDs
MentalBERT,oef5qe,171,49,10232,crucial,crucial,False,anger,-0.0012864658128819428,0.0012864658128819428,0.3234289884567261,0.016151538118720055,0.35,0,0,600,FP32-token-IDs
MentalBERT,oef5qe,171,49,10232,crucial,crucial,False,brain dysfunction (forget),0.003828860651992727,0.003828860651992727,0.23197773098945618,0.3184247314929962,0.35,0,0,600,FP32-token-IDs
MentalBERT,oef5qe,171,49,10232,crucial,crucial,False,emptiness,-0.013236111532023642,0.013236111532023642,0.2675025165081024,0.04606017470359802,0.35,0,0,600,FP32-token-IDs
MentalBERT,oef5qe,171,49,10232,crucial,crucial,False,hopelessness,-0.007351916370680556,0.007351916370680556,0.4815284013748169,0.6533555388450623,0.35,0,1,600,FP32-token-IDs
MentalBERT,oef5qe,171,49,10232,crucial,crucial,False,loneliness,-0.021000042295781896,0.021000042295781896,0.6294304728507996,0.0713418573141098,0.35,0,0,600,FP32-token-IDs
MentalBERT,oef5qe,171,49,10232,crucial,crucial,False,sadness,-0.006219043105375022,0.006219043105375022,0.4494190216064453,0.7564108371734619,0.35,1,1,600,FP32-token-IDs
MentalBERT,oef5qe,171,49,10232,crucial,crucial,False,suicide intent,-0.001378477601974737,0.001378477601974737,0.0790741816163063,0.02327849715948105,0.35,0,0,600,FP32-token-IDs
MentalBERT,oef5qe,171,49,10232,crucial,crucial,False,worthlessness,-0.010875317209865898,0.010875317209865898,0.5067859888076782,0.059368785470724106,0.35,0,0,600,FP32-token-IDs
MentalBERT,oef5qe,171,50,2393,help,help,False,anger,-0.0012864658128819428,0.0012864658128819428,0.3234289884567261,0.016151538118720055,0.35,0,0,600,FP32-token-IDs
MentalBERT,oef5qe,171,50,2393,help,help,False,brain dysfunction (forget),0.003828860651992727,0.003828860651992727,0.23197773098945618,0.3184247314929962,0.35,0,0,600,FP32-token-IDs
MentalBERT,oef5qe,171,50,2393,help,help,False,emptiness,-0.013236111532023642,0.013236111532023642,0.2675025165081024,0.04606017470359802,0.35,0,0,600,FP32-token-IDs
MentalBERT,oef5qe,171,50,2393,help,help,False,hopelessness,-0.007351916370680556,0.007351916370680556,0.4815284013748169,0.6533555388450623,0.35,0,1,600,FP32-token-IDs
MentalBERT,oef5qe,171,50,2393,help,help,False,loneliness,-0.021000042295781896,0.021000042295781896,0.6294304728507996,0.0713418573141098,0.35,0,0,600,FP32-token-IDs
MentalBERT,oef5qe,171,50,2393,help,help,False,sadness,-0.006219043105375022,0.006219043105375022,0.4494190216064453,0.7564108371734619,0.35,1,1,600,FP32-token-IDs
MentalBERT,oef5qe,171,50,2393,help,help,False,suicide intent,-0.001378477601974737,0.001378477601974737,0.0790741816163063,0.02327849715948105,0.35,0,0,600,FP32-token-IDs
MentalBERT,oef5qe,171,50,2393,help,help,False,worthlessness,-0.010875317209865898,0.010875317209865898,0.5067859888076782,0.059368785470724106,0.35,0,0,600,FP32-token-IDs
MentalBERT,oef5qe,171,51,2077,before,before,False,anger,-0.0023755795482429676,0.0023755795482429676,0.3234289884567261,0.016151538118720055,0.35,0,0,600,FP32-token-IDs
MentalBERT,oef5qe,171,51,2077,before,before,False,brain dysfunction (forget),0.0026946959042106755,0.0026946959042106755,0.23197773098945618,0.3184247314929962,0.35,0,0,600,FP32-token-IDs
MentalBERT,oef5qe,171,51,2077,before,before,False,emptiness,-0.015114487592654768,0.015114487592654768,0.2675025165081024,0.04606017470359802,0.35,0,0,600,FP32-token-IDs
MentalBERT,oef5qe,171,51,2077,before,before,False,hopelessness,-0.007511944597354159,0.007511944597354159,0.4815284013748169,0.6533555388450623,0.35,0,1,600,FP32-token-IDs
MentalBERT,oef5qe,171,51,2077,before,before,False,loneliness,-0.02663904704968445,0.02663904704968445,0.6294304728507996,0.0713418573141098,0.35,0,0,600,FP32-token-IDs
MentalBERT,oef5qe,171,51,2077,before,before,False,sadness,-0.006946959707420319,0.006946959707420319,0.4494190216064453,0.7564108371734619,0.35,1,1,600,FP32-token-IDs
MentalBERT,oef5qe,171,51,2077,before,before,False,suicide intent,-0.0011628088759607635,0.0011628088759607635,0.0790741816163063,0.02327849715948105,0.35,0,0,600,FP32-token-IDs
MentalBERT,oef5qe,171,51,2077,before,before,False,worthlessness,-0.0069158756523393095,0.0069158756523393095,0.5067859888076782,0.059368785470724106,0.35,0,0,600,FP32-token-IDs
MentalBERT,oef5qe,171,52,2008,that,that,False,anger,-0.0023755795482429676,0.0023755795482429676,0.3234289884567261,0.016151538118720055,0.35,0,0,600,FP32-token-IDs
MentalBERT,oef5qe,171,52,2008,that,that,False,brain dysfunction (forget),0.0026946959042106755,0.0026946959042106755,0.23197773098945618,0.3184247314929962,0.35,0,0,600,FP32-token-IDs
MentalBERT,oef5qe,171,52,2008,that,that,False,emptiness,-0.015114487592654768,0.015114487592654768,0.2675025165081024,0.04606017470359802,0.35,0,0,600,FP32-token-IDs
MentalBERT,oef5qe,171,52,2008,that,that,False,hopelessness,-0.007511944597354159,0.007511944597354159,0.4815284013748169,0.6533555388450623,0.35,0,1,600,FP32-token-IDs
MentalBERT,oef5qe,171,52,2008,that,that,False,loneliness,-0.02663904704968445,0.02663904704968445,0.6294304728507996,0.0713418573141098,0.35,0,0,600,FP32-token-IDs
MentalBERT,oef5qe,171,52,2008,that,that,False,sadness,-0.006946959707420319,0.006946959707420319,0.4494190216064453,0.7564108371734619,0.35,1,1,600,FP32-token-IDs
MentalBERT,oef5qe,171,52,2008,that,that,False,suicide intent,-0.0011628088759607635,0.0011628088759607635,0.0790741816163063,0.02327849715948105,0.35,0,0,600,FP32-token-IDs
MentalBERT,oef5qe,171,52,2008,that,that,False,worthlessness,-0.0069158756523393095,0.0069158756523393095,0.5067859888076782,0.059368785470724106,0.35,0,0,600,FP32-token-IDs
MentalBERT,oef5qe,171,53,2204,good,good,False,anger,-0.0023755795482429676,0.0023755795482429676,0.3234289884567261,0.016151538118720055,0.35,0,0,600,FP32-token-IDs
MentalBERT,oef5qe,171,53,2204,good,good,False,brain dysfunction (forget),0.0026946959042106755,0.0026946959042106755,0.23197773098945618,0.3184247314929962,0.35,0,0,600,FP32-token-IDs
MentalBERT,oef5qe,171,53,2204,good,good,False,emptiness,-0.015114487592654768,0.015114487592654768,0.2675025165081024,0.04606017470359802,0.35,0,0,600,FP32-token-IDs
MentalBERT,oef5qe,171,53,2204,good,good,False,hopelessness,-0.007511944597354159,0.007511944597354159,0.4815284013748169,0.6533555388450623,0.35,0,1,600,FP32-token-IDs
MentalBERT,oef5qe,171,53,2204,good,good,False,loneliness,-0.02663904704968445,0.02663904704968445,0.6294304728507996,0.0713418573141098,0.35,0,0,600,FP32-token-IDs
MentalBERT,oef5qe,171,53,2204,good,good,False,sadness,-0.006946959707420319,0.006946959707420319,0.4494190216064453,0.7564108371734619,0.35,1,1,600,FP32-token-IDs
MentalBERT,oef5qe,171,53,2204,good,good,False,suicide intent,-0.0011628088759607635,0.0011628088759607635,0.0790741816163063,0.02327849715948105,0.35,0,0,600,FP32-token-IDs
MentalBERT,oef5qe,171,53,2204,good,good,False,worthlessness,-0.0069158756523393095,0.0069158756523393095,0.5067859888076782,0.059368785470724106,0.35,0,0,600,FP32-token-IDs
MentalBERT,oef5qe,171,54,2112,part,part,False,anger,-0.0023755795482429676,0.0023755795482429676,0.3234289884567261,0.016151538118720055,0.35,0,0,600,FP32-token-IDs
MentalBERT,oef5qe,171,54,2112,part,part,False,brain dysfunction (forget),0.0026946959042106755,0.0026946959042106755,0.23197773098945618,0.3184247314929962,0.35,0,0,600,FP32-token-IDs
MentalBERT,oef5qe,171,54,2112,part,part,False,emptiness,-0.015114487592654768,0.015114487592654768,0.2675025165081024,0.04606017470359802,0.35,0,0,600,FP32-token-IDs
MentalBERT,oef5qe,171,54,2112,part,part,False,hopelessness,-0.007511944597354159,0.007511944597354159,0.4815284013748169,0.6533555388450623,0.35,0,1,600,FP32-token-IDs
MentalBERT,oef5qe,171,54,2112,part,part,False,loneliness,-0.02663904704968445,0.02663904704968445,0.6294304728507996,0.0713418573141098,0.35,0,0,600,FP32-token-IDs
MentalBERT,oef5qe,171,54,2112,part,part,False,sadness,-0.006946959707420319,0.006946959707420319,0.4494190216064453,0.7564108371734619,0.35,1,1,600,FP32-token-IDs
MentalBERT,oef5qe,171,54,2112,part,part,False,suicide intent,-0.0011628088759607635,0.0011628088759607635,0.0790741816163063,0.02327849715948105,0.35,0,0,600,FP32-token-IDs
MentalBERT,oef5qe,171,54,2112,part,part,False,worthlessness,-0.0069158756523393095,0.0069158756523393095,0.5067859888076782,0.059368785470724106,0.35,0,0,600,FP32-token-IDs
MentalBERT,oef5qe,171,55,1997,of,of,False,anger,-0.0013491634745150805,0.0013491634745150805,0.3234289884567261,0.016151538118720055,0.35,0,0,600,FP32-token-IDs
MentalBERT,oef5qe,171,55,1997,of,of,False,brain dysfunction (forget),0.02574812409147853,0.02574812409147853,0.23197773098945618,0.3184247314929962,0.35,0,0,600,FP32-token-IDs
MentalBERT,oef5qe,171,55,1997,of,of,False,emptiness,0.014307669742265716,0.014307669742265716,0.2675025165081024,0.04606017470359802,0.35,0,0,600,FP32-token-IDs
MentalBERT,oef5qe,171,55,1997,of,of,False,hopelessness,0.013783228438114747,0.013783228438114747,0.4815284013748169,0.6533555388450623,0.35,0,1,600,FP32-token-IDs
MentalBERT,oef5qe,171,55,1997,of,of,False,loneliness,0.0015414059744216502,0.0015414059744216502,0.6294304728507996,0.0713418573141098,0.35,0,0,600,FP32-token-IDs
MentalBERT,oef5qe,171,55,1997,of,of,False,sadness,0.0008439476368948817,0.0008439476368948817,0.4494190216064453,0.7564108371734619,0.35,1,1,600,FP32-token-IDs
MentalBERT,oef5qe,171,55,1997,of,of,False,suicide intent,0.0014619442881667055,0.0014619442881667055,0.0790741816163063,0.02327849715948105,0.35,0,0,600,FP32-token-IDs
MentalBERT,oef5qe,171,55,1997,of,of,False,worthlessness,0.015939098157105036,0.015939098157105036,0.5067859888076782,0.059368785470724106,0.35,0,0,600,FP32-token-IDs
MentalBERT,oef5qe,171,56,2033,me,me,False,anger,-0.0013491634745150805,0.0013491634745150805,0.3234289884567261,0.016151538118720055,0.35,0,0,600,FP32-token-IDs
MentalBERT,oef5qe,171,56,2033,me,me,False,brain dysfunction (forget),0.02574812409147853,0.02574812409147853,0.23197773098945618,0.3184247314929962,0.35,0,0,600,FP32-token-IDs
MentalBERT,oef5qe,171,56,2033,me,me,False,emptiness,0.014307669742265716,0.014307669742265716,0.2675025165081024,0.04606017470359802,0.35,0,0,600,FP32-token-IDs
MentalBERT,oef5qe,171,56,2033,me,me,False,hopelessness,0.013783228438114747,0.013783228438114747,0.4815284013748169,0.6533555388450623,0.35,0,1,600,FP32-token-IDs
MentalBERT,oef5qe,171,56,2033,me,me,False,loneliness,0.0015414059744216502,0.0015414059744216502,0.6294304728507996,0.0713418573141098,0.35,0,0,600,FP32-token-IDs
MentalBERT,oef5qe,171,56,2033,me,me,False,sadness,0.0008439476368948817,0.0008439476368948817,0.4494190216064453,0.7564108371734619,0.35,1,1,600,FP32-token-IDs
MentalBERT,oef5qe,171,56,2033,me,me,False,suicide intent,0.0014619442881667055,0.0014619442881667055,0.0790741816163063,0.02327849715948105,0.35,0,0,600,FP32-token-IDs
MentalBERT,oef5qe,171,56,2033,me,me,False,worthlessness,0.015939098157105036,0.015939098157105036,0.5067859888076782,0.059368785470724106,0.35,0,0,600,FP32-token-IDs
MentalBERT,oef5qe,171,57,2003,is,is,False,anger,-0.0013491634745150805,0.0013491634745150805,0.3234289884567261,0.016151538118720055,0.35,0,0,600,FP32-token-IDs
MentalBERT,oef5qe,171,57,2003,is,is,False,brain dysfunction (forget),0.02574812409147853,0.02574812409147853,0.23197773098945618,0.3184247314929962,0.35,0,0,600,FP32-token-IDs
MentalBERT,oef5qe,171,57,2003,is,is,False,emptiness,0.014307669742265716,0.014307669742265716,0.2675025165081024,0.04606017470359802,0.35,0,0,600,FP32-token-IDs
MentalBERT,oef5qe,171,57,2003,is,is,False,hopelessness,0.013783228438114747,0.013783228438114747,0.4815284013748169,0.6533555388450623,0.35,0,1,600,FP32-token-IDs
MentalBERT,oef5qe,171,57,2003,is,is,False,loneliness,0.0015414059744216502,0.0015414059744216502,0.6294304728507996,0.0713418573141098,0.35,0,0,600,FP32-token-IDs
MentalBERT,oef5qe,171,57,2003,is,is,False,sadness,0.0008439476368948817,0.0008439476368948817,0.4494190216064453,0.7564108371734619,0.35,1,1,600,FP32-token-IDs
MentalBERT,oef5qe,171,57,2003,is,is,False,suicide intent,0.0014619442881667055,0.0014619442881667055,0.0790741816163063,0.02327849715948105,0.35,0,0,600,FP32-token-IDs
MentalBERT,oef5qe,171,57,2003,is,is,False,worthlessness,0.015939098157105036,0.015939098157105036,0.5067859888076782,0.059368785470724106,0.35,0,0,600,FP32-token-IDs
MentalBERT,oef5qe,171,58,3929,fully,fully,False,anger,-0.0013491634745150805,0.0013491634745150805,0.3234289884567261,0.016151538118720055,0.35,0,0,600,FP32-token-IDs
MentalBERT,oef5qe,171,58,3929,fully,fully,False,brain dysfunction (forget),0.02574812409147853,0.02574812409147853,0.23197773098945618,0.3184247314929962,0.35,0,0,600,FP32-token-IDs
MentalBERT,oef5qe,171,58,3929,fully,fully,False,emptiness,0.014307669742265716,0.014307669742265716,0.2675025165081024,0.04606017470359802,0.35,0,0,600,FP32-token-IDs
MentalBERT,oef5qe,171,58,3929,fully,fully,False,hopelessness,0.013783228438114747,0.013783228438114747,0.4815284013748169,0.6533555388450623,0.35,0,1,600,FP32-token-IDs
MentalBERT,oef5qe,171,58,3929,fully,fully,False,loneliness,0.0015414059744216502,0.0015414059744216502,0.6294304728507996,0.0713418573141098,0.35,0,0,600,FP32-token-IDs
MentalBERT,oef5qe,171,58,3929,fully,fully,False,sadness,0.0008439476368948817,0.0008439476368948817,0.4494190216064453,0.7564108371734619,0.35,1,1,600,FP32-token-IDs
MentalBERT,oef5qe,171,58,3929,fully,fully,False,suicide intent,0.0014619442881667055,0.0014619442881667055,0.0790741816163063,0.02327849715948105,0.35,0,0,600,FP32-token-IDs
MentalBERT,oef5qe,171,58,3929,fully,fully,False,worthlessness,0.015939098157105036,0.015939098157105036,0.5067859888076782,0.059368785470724106,0.35,0,0,600,FP32-token-IDs
MentalBERT,oef5qe,171,59,2908,gone,gone,False,anger,-0.009456554427742958,0.009456554427742958,0.3234289884567261,0.016151538118720055,0.35,0,0,600,FP32-token-IDs
MentalBERT,oef5qe,171,59,2908,gone,gone,False,brain dysfunction (forget),0.055397652213287074,0.055397652213287074,0.23197773098945618,0.3184247314929962,0.35,0,0,600,FP32-token-IDs
MentalBERT,oef5qe,171,59,2908,gone,gone,False,emptiness,0.018280303149367683,0.018280303149367683,0.2675025165081024,0.04606017470359802,0.35,0,0,600,FP32-token-IDs
MentalBERT,oef5qe,171,59,2908,gone,gone,False,hopelessness,0.009354233246995136,0.009354233246995136,0.4815284013748169,0.6533555388450623,0.35,0,1,600,FP32-token-IDs
MentalBERT,oef5qe,171,59,2908,gone,gone,False,loneliness,-0.0019425295758992434,0.0019425295758992434,0.6294304728507996,0.0713418573141098,0.35,0,0,600,FP32-token-IDs
MentalBERT,oef5qe,171,59,2908,gone,gone,False,sadness,-0.013387829530984163,0.013387829530984163,0.4494190216064453,0.7564108371734619,0.35,1,1,600,FP32-token-IDs
MentalBERT,oef5qe,171,59,2908,gone,gone,False,suicide intent,0.004002343259344343,0.004002343259344343,0.0790741816163063,0.02327849715948105,0.35,0,0,600,FP32-token-IDs
MentalBERT,oef5qe,171,59,2908,gone,gone,False,worthlessness,0.017357626449665986,0.017357626449665986,0.5067859888076782,0.059368785470724106,0.35,0,0,600,FP32-token-IDs
MentalBERT,oef5qe,171,60,2013,from,from,False,anger,-0.009456554427742958,0.009456554427742958,0.3234289884567261,0.016151538118720055,0.35,0,0,600,FP32-token-IDs
MentalBERT,oef5qe,171,60,2013,from,from,False,brain dysfunction (forget),0.055397652213287074,0.055397652213287074,0.23197773098945618,0.3184247314929962,0.35,0,0,600,FP32-token-IDs
MentalBERT,oef5qe,171,60,2013,from,from,False,emptiness,0.018280303149367683,0.018280303149367683,0.2675025165081024,0.04606017470359802,0.35,0,0,600,FP32-token-IDs
MentalBERT,oef5qe,171,60,2013,from,from,False,hopelessness,0.009354233246995136,0.009354233246995136,0.4815284013748169,0.6533555388450623,0.35,0,1,600,FP32-token-IDs
MentalBERT,oef5qe,171,60,2013,from,from,False,loneliness,-0.0019425295758992434,0.0019425295758992434,0.6294304728507996,0.0713418573141098,0.35,0,0,600,FP32-token-IDs
MentalBERT,oef5qe,171,60,2013,from,from,False,sadness,-0.013387829530984163,0.013387829530984163,0.4494190216064453,0.7564108371734619,0.35,1,1,600,FP32-token-IDs
MentalBERT,oef5qe,171,60,2013,from,from,False,suicide intent,0.004002343259344343,0.004002343259344343,0.0790741816163063,0.02327849715948105,0.35,0,0,600,FP32-token-IDs
MentalBERT,oef5qe,171,60,2013,from,from,False,worthlessness,0.017357626449665986,0.017357626449665986,0.5067859888076782,0.059368785470724106,0.35,0,0,600,FP32-token-IDs
MentalBERT,oef5qe,171,61,2026,my,my,False,anger,-0.009456554427742958,0.009456554427742958,0.3234289884567261,0.016151538118720055,0.35,0,0,600,FP32-token-IDs
MentalBERT,oef5qe,171,61,2026,my,my,False,brain dysfunction (forget),0.055397652213287074,0.055397652213287074,0.23197773098945618,0.3184247314929962,0.35,0,0,600,FP32-token-IDs
MentalBERT,oef5qe,171,61,2026,my,my,False,emptiness,0.018280303149367683,0.018280303149367683,0.2675025165081024,0.04606017470359802,0.35,0,0,600,FP32-token-IDs
MentalBERT,oef5qe,171,61,2026,my,my,False,hopelessness,0.009354233246995136,0.009354233246995136,0.4815284013748169,0.6533555388450623,0.35,0,1,600,FP32-token-IDs
MentalBERT,oef5qe,171,61,2026,my,my,False,loneliness,-0.0019425295758992434,0.0019425295758992434,0.6294304728507996,0.0713418573141098,0.35,0,0,600,FP32-token-IDs
MentalBERT,oef5qe,171,61,2026,my,my,False,sadness,-0.013387829530984163,0.013387829530984163,0.4494190216064453,0.7564108371734619,0.35,1,1,600,FP32-token-IDs
MentalBERT,oef5qe,171,61,2026,my,my,False,suicide intent,0.004002343259344343,0.004002343259344343,0.0790741816163063,0.02327849715948105,0.35,0,0,600,FP32-token-IDs
MentalBERT,oef5qe,171,61,2026,my,my,False,worthlessness,0.017357626449665986,0.017357626449665986,0.5067859888076782,0.059368785470724106,0.35,0,0,600,FP32-token-IDs
MentalBERT,oef5qe,171,62,2245,thought,thought,False,anger,-0.009456554427742958,0.009456554427742958,0.3234289884567261,0.016151538118720055,0.35,0,0,600,FP32-token-IDs
MentalBERT,oef5qe,171,62,2245,thought,thought,False,brain dysfunction (forget),0.055397652213287074,0.055397652213287074,0.23197773098945618,0.3184247314929962,0.35,0,0,600,FP32-token-IDs
MentalBERT,oef5qe,171,62,2245,thought,thought,False,emptiness,0.018280303149367683,0.018280303149367683,0.2675025165081024,0.04606017470359802,0.35,0,0,600,FP32-token-IDs
MentalBERT,oef5qe,171,62,2245,thought,thought,False,hopelessness,0.009354233246995136,0.009354233246995136,0.4815284013748169,0.6533555388450623,0.35,0,1,600,FP32-token-IDs
MentalBERT,oef5qe,171,62,2245,thought,thought,False,loneliness,-0.0019425295758992434,0.0019425295758992434,0.6294304728507996,0.0713418573141098,0.35,0,0,600,FP32-token-IDs
MentalBERT,oef5qe,171,62,2245,thought,thought,False,sadness,-0.013387829530984163,0.013387829530984163,0.4494190216064453,0.7564108371734619,0.35,1,1,600,FP32-token-IDs
MentalBERT,oef5qe,171,62,2245,thought,thought,False,suicide intent,0.004002343259344343,0.004002343259344343,0.0790741816163063,0.02327849715948105,0.35,0,0,600,FP32-token-IDs
MentalBERT,oef5qe,171,62,2245,thought,thought,False,worthlessness,0.017357626449665986,0.017357626449665986,0.5067859888076782,0.059368785470724106,0.35,0,0,600,FP32-token-IDs
MentalBERT,oef5qe,171,63,6194,processes,processes,False,anger,-0.008298553082568105,0.008298553082568105,0.3234289884567261,0.016151538118720055,0.35,0,0,600,FP32-token-IDs
MentalBERT,oef5qe,171,63,6194,processes,processes,False,brain dysfunction (forget),0.028871328569948673,0.028871328569948673,0.23197773098945618,0.3184247314929962,0.35,0,0,600,FP32-token-IDs
MentalBERT,oef5qe,171,63,6194,processes,processes,False,emptiness,-0.010365425288910046,0.010365425288910046,0.2675025165081024,0.04606017470359802,0.35,0,0,600,FP32-token-IDs
MentalBERT,oef5qe,171,63,6194,processes,processes,False,hopelessness,-0.022589807223994285,0.022589807223994285,0.4815284013748169,0.6533555388450623,0.35,0,1,600,FP32-token-IDs
MentalBERT,oef5qe,171,63,6194,processes,processes,False,loneliness,-0.017509838507976383,0.017509838507976383,0.6294304728507996,0.0713418573141098,0.35,0,0,600,FP32-token-IDs
MentalBERT,oef5qe,171,63,6194,processes,processes,False,sadness,-0.024457347230054438,0.024457347230054438,0.4494190216064453,0.7564108371734619,0.35,1,1,600,FP32-token-IDs
MentalBERT,oef5qe,171,63,6194,processes,processes,False,suicide intent,-0.0007884940423537046,0.0007884940423537046,0.0790741816163063,0.02327849715948105,0.35,0,0,600,FP32-token-IDs
MentalBERT,oef5qe,171,63,6194,processes,processes,False,worthlessness,-0.02340479177655652,0.02340479177655652,0.5067859888076782,0.059368785470724106,0.35,0,0,600,FP32-token-IDs
MentalBERT,oef5qe,171,64,2061,so,so,False,anger,-0.008298553082568105,0.008298553082568105,0.3234289884567261,0.016151538118720055,0.35,0,0,600,FP32-token-IDs
MentalBERT,oef5qe,171,64,2061,so,so,False,brain dysfunction (forget),0.028871328569948673,0.028871328569948673,0.23197773098945618,0.3184247314929962,0.35,0,0,600,FP32-token-IDs
MentalBERT,oef5qe,171,64,2061,so,so,False,emptiness,-0.010365425288910046,0.010365425288910046,0.2675025165081024,0.04606017470359802,0.35,0,0,600,FP32-token-IDs
MentalBERT,oef5qe,171,64,2061,so,so,False,hopelessness,-0.022589807223994285,0.022589807223994285,0.4815284013748169,0.6533555388450623,0.35,0,1,600,FP32-token-IDs
MentalBERT,oef5qe,171,64,2061,so,so,False,loneliness,-0.017509838507976383,0.017509838507976383,0.6294304728507996,0.0713418573141098,0.35,0,0,600,FP32-token-IDs
MentalBERT,oef5qe,171,64,2061,so,so,False,sadness,-0.024457347230054438,0.024457347230054438,0.4494190216064453,0.7564108371734619,0.35,1,1,600,FP32-token-IDs
MentalBERT,oef5qe,171,64,2061,so,so,False,suicide intent,-0.0007884940423537046,0.0007884940423537046,0.0790741816163063,0.02327849715948105,0.35,0,0,600,FP32-token-IDs
MentalBERT,oef5qe,171,64,2061,so,so,False,worthlessness,-0.02340479177655652,0.02340479177655652,0.5067859888076782,0.059368785470724106,0.35,0,0,600,FP32-token-IDs
MentalBERT,oef5qe,171,65,10047,im,im,False,anger,-0.0131102983650635,0.0131102983650635,0.3234289884567261,0.016151538118720055,0.35,0,0,600,FP32-token-IDs
MentalBERT,oef5qe,171,65,10047,im,im,False,brain dysfunction (forget),0.018019099661614746,0.018019099661614746,0.23197773098945618,0.3184247314929962,0.35,0,0,600,FP32-token-IDs
MentalBERT,oef5qe,171,65,10047,im,im,False,emptiness,-0.010960709390928969,0.010960709390928969,0.2675025165081024,0.04606017470359802,0.35,0,0,600,FP32-token-IDs
MentalBERT,oef5qe,171,65,10047,im,im,False,hopelessness,-0.031031241931486875,0.031031241931486875,0.4815284013748169,0.6533555388450623,0.35,0,1,600,FP32-token-IDs
MentalBERT,oef5qe,171,65,10047,im,im,False,loneliness,-0.006710072921123356,0.006710072921123356,0.6294304728507996,0.0713418573141098,0.35,0,0,600,FP32-token-IDs
MentalBERT,oef5qe,171,65,10047,im,im,False,sadness,-0.025431377929635346,0.025431377929635346,0.4494190216064453,0.7564108371734619,0.35,1,1,600,FP32-token-IDs
MentalBERT,oef5qe,171,65,10047,im,im,False,suicide intent,-0.00177847858867608,0.00177847858867608,0.0790741816163063,0.02327849715948105,0.35,0,0,600,FP32-token-IDs
MentalBERT,oef5qe,171,65,10047,im,im,False,worthlessness,-0.055057103221770376,0.055057103221770376,0.5067859888076782,0.059368785470724106,0.35,0,0,600,FP32-token-IDs
MentalBERT,oef5qe,171,66,9361,checking,checking,False,anger,-0.018445648885972332,0.018445648885972332,0.3234289884567261,0.016151538118720055,0.35,0,0,600,FP32-token-IDs
MentalBERT,oef5qe,171,66,9361,checking,checking,False,brain dysfunction (forget),0.01682467438513413,0.01682467438513413,0.23197773098945618,0.3184247314929962,0.35,0,0,600,FP32-token-IDs
MentalBERT,oef5qe,171,66,9361,checking,checking,False,emptiness,-0.014310601603938267,0.014310601603938267,0.2675025165081024,0.04606017470359802,0.35,0,0,600,FP32-token-IDs
MentalBERT,oef5qe,171,66,9361,checking,checking,False,hopelessness,-0.033297158137429506,0.033297158137429506,0.4815284013748169,0.6533555388450623,0.35,0,1,600,FP32-token-IDs
MentalBERT,oef5qe,171,66,9361,checking,checking,False,loneliness,-0.00839290110161528,0.00839290110161528,0.6294304728507996,0.0713418573141098,0.35,0,0,600,FP32-token-IDs
MentalBERT,oef5qe,171,66,9361,checking,checking,False,sadness,-0.02587962441612035,0.02587962441612035,0.4494190216064453,0.7564108371734619,0.35,1,1,600,FP32-token-IDs
MentalBERT,oef5qe,171,66,9361,checking,checking,False,suicide intent,-0.0027522776799742132,0.0027522776799742132,0.0790741816163063,0.02327849715948105,0.35,0,0,600,FP32-token-IDs
MentalBERT,oef5qe,171,66,9361,checking,checking,False,worthlessness,-0.06888124550459906,0.06888124550459906,0.5067859888076782,0.059368785470724106,0.35,0,0,600,FP32-token-IDs
MentalBERT,oef5qe,171,67,2870,myself,myself,False,anger,-0.0028829039923342257,0.0028829039923342257,0.3234289884567261,0.016151538118720055,0.35,0,0,600,FP32-token-IDs
MentalBERT,oef5qe,171,67,2870,myself,myself,False,brain dysfunction (forget),-0.004059783183038235,0.004059783183038235,0.23197773098945618,0.3184247314929962,0.35,0,0,600,FP32-token-IDs
MentalBERT,oef5qe,171,67,2870,myself,myself,False,emptiness,-0.00738367466450048,0.00738367466450048,0.2675025165081024,0.04606017470359802,0.35,0,0,600,FP32-token-IDs
MentalBERT,oef5qe,171,67,2870,myself,myself,False,hopelessness,-0.00021971876655394831,0.00021971876655394831,0.4815284013748169,0.6533555388450623,0.35,0,1,600,FP32-token-IDs
MentalBERT,oef5qe,171,67,2870,myself,myself,False,loneliness,0.0012530092887269955,0.0012530092887269955,0.6294304728507996,0.0713418573141098,0.35,0,0,600,FP32-token-IDs
MentalBERT,oef5qe,171,67,2870,myself,myself,False,sadness,0.007495404958414535,0.007495404958414535,0.4494190216064453,0.7564108371734619,0.35,1,1,600,FP32-token-IDs
MentalBERT,oef5qe,171,67,2870,myself,myself,False,suicide intent,8.449327045430739e-08,8.449327045430739e-08,0.0790741816163063,0.02327849715948105,0.35,0,0,600,FP32-token-IDs
MentalBERT,oef5qe,171,67,2870,myself,myself,False,worthlessness,-0.016689248383045197,0.016689248383045197,0.5067859888076782,0.059368785470724106,0.35,0,0,600,FP32-token-IDs
MentalBERT,oef5qe,171,68,1999,in,in,False,anger,-0.0028829039923342257,0.0028829039923342257,0.3234289884567261,0.016151538118720055,0.35,0,0,600,FP32-token-IDs
MentalBERT,oef5qe,171,68,1999,in,in,False,brain dysfunction (forget),-0.004059783183038235,0.004059783183038235,0.23197773098945618,0.3184247314929962,0.35,0,0,600,FP32-token-IDs
MentalBERT,oef5qe,171,68,1999,in,in,False,emptiness,-0.00738367466450048,0.00738367466450048,0.2675025165081024,0.04606017470359802,0.35,0,0,600,FP32-token-IDs
MentalBERT,oef5qe,171,68,1999,in,in,False,hopelessness,-0.00021971876655394831,0.00021971876655394831,0.4815284013748169,0.6533555388450623,0.35,0,1,600,FP32-token-IDs
MentalBERT,oef5qe,171,68,1999,in,in,False,loneliness,0.0012530092887269955,0.0012530092887269955,0.6294304728507996,0.0713418573141098,0.35,0,0,600,FP32-token-IDs
MentalBERT,oef5qe,171,68,1999,in,in,False,sadness,0.007495404958414535,0.007495404958414535,0.4494190216064453,0.7564108371734619,0.35,1,1,600,FP32-token-IDs
MentalBERT,oef5qe,171,68,1999,in,in,False,suicide intent,8.449327045430739e-08,8.449327045430739e-08,0.0790741816163063,0.02327849715948105,0.35,0,0,600,FP32-token-IDs
MentalBERT,oef5qe,171,68,1999,in,in,False,worthlessness,-0.016689248383045197,0.016689248383045197,0.5067859888076782,0.059368785470724106,0.35,0,0,600,FP32-token-IDs
MentalBERT,oef5qe,171,69,4826,tomorrow,tomorrow,False,anger,-0.0028829039923342257,0.0028829039923342257,0.3234289884567261,0.016151538118720055,0.35,0,0,600,FP32-token-IDs
MentalBERT,oef5qe,171,69,4826,tomorrow,tomorrow,False,brain dysfunction (forget),-0.004059783183038235,0.004059783183038235,0.23197773098945618,0.3184247314929962,0.35,0,0,600,FP32-token-IDs
MentalBERT,oef5qe,171,69,4826,tomorrow,tomorrow,False,emptiness,-0.00738367466450048,0.00738367466450048,0.2675025165081024,0.04606017470359802,0.35,0,0,600,FP32-token-IDs
MentalBERT,oef5qe,171,69,4826,tomorrow,tomorrow,False,hopelessness,-0.00021971876655394831,0.00021971876655394831,0.4815284013748169,0.6533555388450623,0.35,0,1,600,FP32-token-IDs
MentalBERT,oef5qe,171,69,4826,tomorrow,tomorrow,False,loneliness,0.0012530092887269955,0.0012530092887269955,0.6294304728507996,0.0713418573141098,0.35,0,0,600,FP32-token-IDs
MentalBERT,oef5qe,171,69,4826,tomorrow,tomorrow,False,sadness,0.007495404958414535,0.007495404958414535,0.4494190216064453,0.7564108371734619,0.35,1,1,600,FP32-token-IDs
MentalBERT,oef5qe,171,69,4826,tomorrow,tomorrow,False,suicide intent,8.449327045430739e-08,8.449327045430739e-08,0.0790741816163063,0.02327849715948105,0.35,0,0,600,FP32-token-IDs
MentalBERT,oef5qe,171,69,4826,tomorrow,tomorrow,False,worthlessness,-0.016689248383045197,0.016689248383045197,0.5067859888076782,0.059368785470724106,0.35,0,0,600,FP32-token-IDs
MentalBERT,oef5qe,171,70,1012,.,.,False,anger,-0.00010038517211796716,0.00010038517211796716,0.3234289884567261,0.016151538118720055,0.35,0,0,600,FP32-token-IDs
MentalBERT,oef5qe,171,70,1012,.,.,False,brain dysfunction (forget),-0.0035527916625142097,0.0035527916625142097,0.23197773098945618,0.3184247314929962,0.35,0,0,600,FP32-token-IDs
MentalBERT,oef5qe,171,70,1012,.,.,False,emptiness,-0.005785067070974037,0.005785067070974037,0.2675025165081024,0.04606017470359802,0.35,0,0,600,FP32-token-IDs
MentalBERT,oef5qe,171,70,1012,.,.,False,hopelessness,0.0007010879344306886,0.0007010879344306886,0.4815284013748169,0.6533555388450623,0.35,0,1,600,FP32-token-IDs
MentalBERT,oef5qe,171,70,1012,.,.,False,loneliness,0.001075895328540355,0.001075895328540355,0.6294304728507996,0.0713418573141098,0.35,0,0,600,FP32-token-IDs
MentalBERT,oef5qe,171,70,1012,.,.,False,sadness,0.007562968065030873,0.007562968065030873,0.4494190216064453,0.7564108371734619,0.35,1,1,600,FP32-token-IDs
MentalBERT,oef5qe,171,70,1012,.,.,False,suicide intent,0.00035455347097013146,0.00035455347097013146,0.0790741816163063,0.02327849715948105,0.35,0,0,600,FP32-token-IDs
MentalBERT,oef5qe,171,70,1012,.,.,False,worthlessness,-0.009604431688785553,0.009604431688785553,0.5067859888076782,0.059368785470724106,0.35,0,0,600,FP32-token-IDs
MentalBERT,oef5qe,171,71,1045,i,i,False,anger,-0.0009155557102834185,0.0009155557102834185,0.3234289884567261,0.016151538118720055,0.35,0,0,600,FP32-token-IDs
MentalBERT,oef5qe,171,71,1045,i,i,False,brain dysfunction (forget),0.0018677522169633044,0.0018677522169633044,0.23197773098945618,0.3184247314929962,0.35,0,0,600,FP32-token-IDs
MentalBERT,oef5qe,171,71,1045,i,i,False,emptiness,0.004475513333454729,0.004475513333454729,0.2675025165081024,0.04606017470359802,0.35,0,0,600,FP32-token-IDs
MentalBERT,oef5qe,171,71,1045,i,i,False,hopelessness,0.01005748092300362,0.01005748092300362,0.4815284013748169,0.6533555388450623,0.35,0,1,600,FP32-token-IDs
MentalBERT,oef5qe,171,71,1045,i,i,False,loneliness,-0.0009302918902701802,0.0009302918902701802,0.6294304728507996,0.0713418573141098,0.35,0,0,600,FP32-token-IDs
MentalBERT,oef5qe,171,71,1045,i,i,False,sadness,0.005526720939411057,0.005526720939411057,0.4494190216064453,0.7564108371734619,0.35,1,1,600,FP32-token-IDs
MentalBERT,oef5qe,171,71,1045,i,i,False,suicide intent,0.0009386452406437861,0.0009386452406437861,0.0790741816163063,0.02327849715948105,0.35,0,0,600,FP32-token-IDs
MentalBERT,oef5qe,171,71,1045,i,i,False,worthlessness,0.006973784437610043,0.006973784437610043,0.5067859888076782,0.059368785470724106,0.35,0,0,600,FP32-token-IDs
MentalBERT,oef5qe,171,72,2123,don,don,False,anger,-0.0009155557102834185,0.0009155557102834185,0.3234289884567261,0.016151538118720055,0.35,0,0,600,FP32-token-IDs
MentalBERT,oef5qe,171,72,2123,don,don,False,brain dysfunction (forget),0.0018677522169633044,0.0018677522169633044,0.23197773098945618,0.3184247314929962,0.35,0,0,600,FP32-token-IDs
MentalBERT,oef5qe,171,72,2123,don,don,False,emptiness,0.004475513333454729,0.004475513333454729,0.2675025165081024,0.04606017470359802,0.35,0,0,600,FP32-token-IDs
MentalBERT,oef5qe,171,72,2123,don,don,False,hopelessness,0.01005748092300362,0.01005748092300362,0.4815284013748169,0.6533555388450623,0.35,0,1,600,FP32-token-IDs
MentalBERT,oef5qe,171,72,2123,don,don,False,loneliness,-0.0009302918902701802,0.0009302918902701802,0.6294304728507996,0.0713418573141098,0.35,0,0,600,FP32-token-IDs
MentalBERT,oef5qe,171,72,2123,don,don,False,sadness,0.005526720939411057,0.005526720939411057,0.4494190216064453,0.7564108371734619,0.35,1,1,600,FP32-token-IDs
MentalBERT,oef5qe,171,72,2123,don,don,False,suicide intent,0.0009386452406437861,0.0009386452406437861,0.0790741816163063,0.02327849715948105,0.35,0,0,600,FP32-token-IDs
MentalBERT,oef5qe,171,72,2123,don,don,False,worthlessness,0.006973784437610043,0.006973784437610043,0.5067859888076782,0.059368785470724106,0.35,0,0,600,FP32-token-IDs
MentalBERT,oef5qe,171,73,2102,##t,t,False,anger,-0.0009155557102834185,0.0009155557102834185,0.3234289884567261,0.016151538118720055,0.35,0,0,600,FP32-token-IDs
MentalBERT,oef5qe,171,73,2102,##t,t,False,brain dysfunction (forget),0.0018677522169633044,0.0018677522169633044,0.23197773098945618,0.3184247314929962,0.35,0,0,600,FP32-token-IDs
MentalBERT,oef5qe,171,73,2102,##t,t,False,emptiness,0.004475513333454729,0.004475513333454729,0.2675025165081024,0.04606017470359802,0.35,0,0,600,FP32-token-IDs
MentalBERT,oef5qe,171,73,2102,##t,t,False,hopelessness,0.01005748092300362,0.01005748092300362,0.4815284013748169,0.6533555388450623,0.35,0,1,600,FP32-token-IDs
MentalBERT,oef5qe,171,73,2102,##t,t,False,loneliness,-0.0009302918902701802,0.0009302918902701802,0.6294304728507996,0.0713418573141098,0.35,0,0,600,FP32-token-IDs
MentalBERT,oef5qe,171,73,2102,##t,t,False,sadness,0.005526720939411057,0.005526720939411057,0.4494190216064453,0.7564108371734619,0.35,1,1,600,FP32-token-IDs
MentalBERT,oef5qe,171,73,2102,##t,t,False,suicide intent,0.0009386452406437861,0.0009386452406437861,0.0790741816163063,0.02327849715948105,0.35,0,0,600,FP32-token-IDs
MentalBERT,oef5qe,171,73,2102,##t,t,False,worthlessness,0.006973784437610043,0.006973784437610043,0.5067859888076782,0.059368785470724106,0.35,0,0,600,FP32-token-IDs
MentalBERT,oef5qe,171,74,2113,know,know,False,anger,-0.004913148586638272,0.004913148586638272,0.3234289884567261,0.016151538118720055,0.35,0,0,600,FP32-token-IDs
MentalBERT,oef5qe,171,74,2113,know,know,False,brain dysfunction (forget),0.0016974979131999944,0.0016974979131999944,0.23197773098945618,0.3184247314929962,0.35,0,0,600,FP32-token-IDs
MentalBERT,oef5qe,171,74,2113,know,know,False,emptiness,0.0021231481960664192,0.0021231481960664192,0.2675025165081024,0.04606017470359802,0.35,0,0,600,FP32-token-IDs
MentalBERT,oef5qe,171,74,2113,know,know,False,hopelessness,0.004602931512312757,0.004602931512312757,0.4815284013748169,0.6533555388450623,0.35,0,1,600,FP32-token-IDs
MentalBERT,oef5qe,171,74,2113,know,know,False,loneliness,-0.0013413398009207514,0.0013413398009207514,0.6294304728507996,0.0713418573141098,0.35,0,0,600,FP32-token-IDs
MentalBERT,oef5qe,171,74,2113,know,know,False,sadness,0.002045923926764064,0.002045923926764064,0.4494190216064453,0.7564108371734619,0.35,1,1,600,FP32-token-IDs
MentalBERT,oef5qe,171,74,2113,know,know,False,suicide intent,0.0005895413018556105,0.0005895413018556105,0.0790741816163063,0.02327849715948105,0.35,0,0,600,FP32-token-IDs
MentalBERT,oef5qe,171,74,2113,know,know,False,worthlessness,0.0012789297435018751,0.0012789297435018751,0.5067859888076782,0.059368785470724106,0.35,0,0,600,FP32-token-IDs
MentalBERT,oef5qe,171,75,2054,what,what,False,anger,-0.004913148586638272,0.004913148586638272,0.3234289884567261,0.016151538118720055,0.35,0,0,600,FP32-token-IDs
MentalBERT,oef5qe,171,75,2054,what,what,False,brain dysfunction (forget),0.0016974979131999944,0.0016974979131999944,0.23197773098945618,0.3184247314929962,0.35,0,0,600,FP32-token-IDs
MentalBERT,oef5qe,171,75,2054,what,what,False,emptiness,0.0021231481960664192,0.0021231481960664192,0.2675025165081024,0.04606017470359802,0.35,0,0,600,FP32-token-IDs
MentalBERT,oef5qe,171,75,2054,what,what,False,hopelessness,0.004602931512312757,0.004602931512312757,0.4815284013748169,0.6533555388450623,0.35,0,1,600,FP32-token-IDs
MentalBERT,oef5qe,171,75,2054,what,what,False,loneliness,-0.0013413398009207514,0.0013413398009207514,0.6294304728507996,0.0713418573141098,0.35,0,0,600,FP32-token-IDs
MentalBERT,oef5qe,171,75,2054,what,what,False,sadness,0.002045923926764064,0.002045923926764064,0.4494190216064453,0.7564108371734619,0.35,1,1,600,FP32-token-IDs
MentalBERT,oef5qe,171,75,2054,what,what,False,suicide intent,0.0005895413018556105,0.0005895413018556105,0.0790741816163063,0.02327849715948105,0.35,0,0,600,FP32-token-IDs
MentalBERT,oef5qe,171,75,2054,what,what,False,worthlessness,0.0012789297435018751,0.0012789297435018751,0.5067859888076782,0.059368785470724106,0.35,0,0,600,FP32-token-IDs
MentalBERT,oef5qe,171,76,2000,to,to,False,anger,-0.004260436719050631,0.004260436719050631,0.3234289884567261,0.016151538118720055,0.35,0,0,600,FP32-token-IDs
MentalBERT,oef5qe,171,76,2000,to,to,False,brain dysfunction (forget),-0.005531097535923537,0.005531097535923537,0.23197773098945618,0.3184247314929962,0.35,0,0,600,FP32-token-IDs
MentalBERT,oef5qe,171,76,2000,to,to,False,emptiness,-0.000316685550690939,0.000316685550690939,0.2675025165081024,0.04606017470359802,0.35,0,0,600,FP32-token-IDs
MentalBERT,oef5qe,171,76,2000,to,to,False,hopelessness,0.0002640288116203414,0.0002640288116203414,0.4815284013748169,0.6533555388450623,0.35,0,1,600,FP32-token-IDs
MentalBERT,oef5qe,171,76,2000,to,to,False,loneliness,-0.0019657769654360083,0.0019657769654360083,0.6294304728507996,0.0713418573141098,0.35,0,0,600,FP32-token-IDs
MentalBERT,oef5qe,171,76,2000,to,to,False,sadness,-0.0003215303748018212,0.0003215303748018212,0.4494190216064453,0.7564108371734619,0.35,1,1,600,FP32-token-IDs
MentalBERT,oef5qe,171,76,2000,to,to,False,suicide intent,-0.0026358032515013795,0.0026358032515013795,0.0790741816163063,0.02327849715948105,0.35,0,0,600,FP32-token-IDs
MentalBERT,oef5qe,171,76,2000,to,to,False,worthlessness,-0.0021481624054205087,0.0021481624054205087,0.5067859888076782,0.059368785470724106,0.35,0,0,600,FP32-token-IDs
MentalBERT,oef5qe,171,77,5987,expect,expect,False,anger,-0.004260436719050631,0.004260436719050631,0.3234289884567261,0.016151538118720055,0.35,0,0,600,FP32-token-IDs
MentalBERT,oef5qe,171,77,5987,expect,expect,False,brain dysfunction (forget),-0.005531097535923537,0.005531097535923537,0.23197773098945618,0.3184247314929962,0.35,0,0,600,FP32-token-IDs
MentalBERT,oef5qe,171,77,5987,expect,expect,False,emptiness,-0.000316685550690939,0.000316685550690939,0.2675025165081024,0.04606017470359802,0.35,0,0,600,FP32-token-IDs
MentalBERT,oef5qe,171,77,5987,expect,expect,False,hopelessness,0.0002640288116203414,0.0002640288116203414,0.4815284013748169,0.6533555388450623,0.35,0,1,600,FP32-token-IDs
MentalBERT,oef5qe,171,77,5987,expect,expect,False,loneliness,-0.0019657769654360083,0.0019657769654360083,0.6294304728507996,0.0713418573141098,0.35,0,0,600,FP32-token-IDs
MentalBERT,oef5qe,171,77,5987,expect,expect,False,sadness,-0.0003215303748018212,0.0003215303748018212,0.4494190216064453,0.7564108371734619,0.35,1,1,600,FP32-token-IDs
MentalBERT,oef5qe,171,77,5987,expect,expect,False,suicide intent,-0.0026358032515013795,0.0026358032515013795,0.0790741816163063,0.02327849715948105,0.35,0,0,600,FP32-token-IDs
MentalBERT,oef5qe,171,77,5987,expect,expect,False,worthlessness,-0.0021481624054205087,0.0021481624054205087,0.5067859888076782,0.059368785470724106,0.35,0,0,600,FP32-token-IDs
MentalBERT,oef5qe,171,78,2295,though,though,False,anger,-0.004260436719050631,0.004260436719050631,0.3234289884567261,0.016151538118720055,0.35,0,0,600,FP32-token-IDs
MentalBERT,oef5qe,171,78,2295,though,though,False,brain dysfunction (forget),-0.005531097535923537,0.005531097535923537,0.23197773098945618,0.3184247314929962,0.35,0,0,600,FP32-token-IDs
MentalBERT,oef5qe,171,78,2295,though,though,False,emptiness,-0.000316685550690939,0.000316685550690939,0.2675025165081024,0.04606017470359802,0.35,0,0,600,FP32-token-IDs
MentalBERT,oef5qe,171,78,2295,though,though,False,hopelessness,0.0002640288116203414,0.0002640288116203414,0.4815284013748169,0.6533555388450623,0.35,0,1,600,FP32-token-IDs
MentalBERT,oef5qe,171,78,2295,though,though,False,loneliness,-0.0019657769654360083,0.0019657769654360083,0.6294304728507996,0.0713418573141098,0.35,0,0,600,FP32-token-IDs
MentalBERT,oef5qe,171,78,2295,though,though,False,sadness,-0.0003215303748018212,0.0003215303748018212,0.4494190216064453,0.7564108371734619,0.35,1,1,600,FP32-token-IDs
MentalBERT,oef5qe,171,78,2295,though,though,False,suicide intent,-0.0026358032515013795,0.0026358032515013795,0.0790741816163063,0.02327849715948105,0.35,0,0,600,FP32-token-IDs
MentalBERT,oef5qe,171,78,2295,though,though,False,worthlessness,-0.0021481624054205087,0.0021481624054205087,0.5067859888076782,0.059368785470724106,0.35,0,0,600,FP32-token-IDs
MentalBERT,oef5qe,171,79,1012,.,.,False,anger,-0.004260436719050631,0.004260436719050631,0.3234289884567261,0.016151538118720055,0.35,0,0,600,FP32-token-IDs
MentalBERT,oef5qe,171,79,1012,.,.,False,brain dysfunction (forget),-0.005531097535923537,0.005531097535923537,0.23197773098945618,0.3184247314929962,0.35,0,0,600,FP32-token-IDs
MentalBERT,oef5qe,171,79,1012,.,.,False,emptiness,-0.000316685550690939,0.000316685550690939,0.2675025165081024,0.04606017470359802,0.35,0,0,600,FP32-token-IDs
MentalBERT,oef5qe,171,79,1012,.,.,False,hopelessness,0.0002640288116203414,0.0002640288116203414,0.4815284013748169,0.6533555388450623,0.35,0,1,600,FP32-token-IDs
MentalBERT,oef5qe,171,79,1012,.,.,False,loneliness,-0.0019657769654360083,0.0019657769654360083,0.6294304728507996,0.0713418573141098,0.35,0,0,600,FP32-token-IDs
MentalBERT,oef5qe,171,79,1012,.,.,False,sadness,-0.0003215303748018212,0.0003215303748018212,0.4494190216064453,0.7564108371734619,0.35,1,1,600,FP32-token-IDs
MentalBERT,oef5qe,171,79,1012,.,.,False,suicide intent,-0.0026358032515013795,0.0026358032515013795,0.0790741816163063,0.02327849715948105,0.35,0,0,600,FP32-token-IDs
MentalBERT,oef5qe,171,79,1012,.,.,False,worthlessness,-0.0021481624054205087,0.0021481624054205087,0.5067859888076782,0.059368785470724106,0.35,0,0,600,FP32-token-IDs
MentalBERT,oef5qe,171,80,2013,from,from,False,anger,-0.002315525873564184,0.002315525873564184,0.3234289884567261,0.016151538118720055,0.35,0,0,600,FP32-token-IDs
MentalBERT,oef5qe,171,80,2013,from,from,False,brain dysfunction (forget),-0.0010879873792873696,0.0010879873792873696,0.23197773098945618,0.3184247314929962,0.35,0,0,600,FP32-token-IDs
MentalBERT,oef5qe,171,80,2013,from,from,False,emptiness,-0.0018388896947726606,0.0018388896947726606,0.2675025165081024,0.04606017470359802,0.35,0,0,600,FP32-token-IDs
MentalBERT,oef5qe,171,80,2013,from,from,False,hopelessness,-0.001540098967961967,0.001540098967961967,0.4815284013748169,0.6533555388450623,0.35,0,1,600,FP32-token-IDs
MentalBERT,oef5qe,171,80,2013,from,from,False,loneliness,-0.005561323487199843,0.005561323487199843,0.6294304728507996,0.0713418573141098,0.35,0,0,600,FP32-token-IDs
MentalBERT,oef5qe,171,80,2013,from,from,False,sadness,-9.957223664969206e-05,9.957223664969206e-05,0.4494190216064453,0.7564108371734619,0.35,1,1,600,FP32-token-IDs
MentalBERT,oef5qe,171,80,2013,from,from,False,suicide intent,-0.00010979380895150825,0.00010979380895150825,0.0790741816163063,0.02327849715948105,0.35,0,0,600,FP32-token-IDs
MentalBERT,oef5qe,171,80,2013,from,from,False,worthlessness,-0.003757426061201841,0.003757426061201841,0.5067859888076782,0.059368785470724106,0.35,0,0,600,FP32-token-IDs
MentalBERT,oef5qe,171,81,1996,the,the,False,anger,-0.002315525873564184,0.002315525873564184,0.3234289884567261,0.016151538118720055,0.35,0,0,600,FP32-token-IDs
MentalBERT,oef5qe,171,81,1996,the,the,False,brain dysfunction (forget),-0.0010879873792873696,0.0010879873792873696,0.23197773098945618,0.3184247314929962,0.35,0,0,600,FP32-token-IDs
MentalBERT,oef5qe,171,81,1996,the,the,False,emptiness,-0.0018388896947726606,0.0018388896947726606,0.2675025165081024,0.04606017470359802,0.35,0,0,600,FP32-token-IDs
MentalBERT,oef5qe,171,81,1996,the,the,False,hopelessness,-0.001540098967961967,0.001540098967961967,0.4815284013748169,0.6533555388450623,0.35,0,1,600,FP32-token-IDs
MentalBERT,oef5qe,171,81,1996,the,the,False,loneliness,-0.005561323487199843,0.005561323487199843,0.6294304728507996,0.0713418573141098,0.35,0,0,600,FP32-token-IDs
MentalBERT,oef5qe,171,81,1996,the,the,False,sadness,-9.957223664969206e-05,9.957223664969206e-05,0.4494190216064453,0.7564108371734619,0.35,1,1,600,FP32-token-IDs
MentalBERT,oef5qe,171,81,1996,the,the,False,suicide intent,-0.00010979380895150825,0.00010979380895150825,0.0790741816163063,0.02327849715948105,0.35,0,0,600,FP32-token-IDs
MentalBERT,oef5qe,171,81,1996,the,the,False,worthlessness,-0.003757426061201841,0.003757426061201841,0.5067859888076782,0.059368785470724106,0.35,0,0,600,FP32-token-IDs
MentalBERT,oef5qe,171,82,3465,cost,cost,False,anger,-0.002315525873564184,0.002315525873564184,0.3234289884567261,0.016151538118720055,0.35,0,0,600,FP32-token-IDs
MentalBERT,oef5qe,171,82,3465,cost,cost,False,brain dysfunction (forget),-0.0010879873792873696,0.0010879873792873696,0.23197773098945618,0.3184247314929962,0.35,0,0,600,FP32-token-IDs
MentalBERT,oef5qe,171,82,3465,cost,cost,False,emptiness,-0.0018388896947726606,0.0018388896947726606,0.2675025165081024,0.04606017470359802,0.35,0,0,600,FP32-token-IDs
MentalBERT,oef5qe,171,82,3465,cost,cost,False,hopelessness,-0.001540098967961967,0.001540098967961967,0.4815284013748169,0.6533555388450623,0.35,0,1,600,FP32-token-IDs
MentalBERT,oef5qe,171,82,3465,cost,cost,False,loneliness,-0.005561323487199843,0.005561323487199843,0.6294304728507996,0.0713418573141098,0.35,0,0,600,FP32-token-IDs
MentalBERT,oef5qe,171,82,3465,cost,cost,False,sadness,-9.957223664969206e-05,9.957223664969206e-05,0.4494190216064453,0.7564108371734619,0.35,1,1,600,FP32-token-IDs
MentalBERT,oef5qe,171,82,3465,cost,cost,False,suicide intent,-0.00010979380895150825,0.00010979380895150825,0.0790741816163063,0.02327849715948105,0.35,0,0,600,FP32-token-IDs
MentalBERT,oef5qe,171,82,3465,cost,cost,False,worthlessness,-0.003757426061201841,0.003757426061201841,0.5067859888076782,0.059368785470724106,0.35,0,0,600,FP32-token-IDs
MentalBERT,oef5qe,171,83,2000,to,to,False,anger,-0.002315525873564184,0.002315525873564184,0.3234289884567261,0.016151538118720055,0.35,0,0,600,FP32-token-IDs
MentalBERT,oef5qe,171,83,2000,to,to,False,brain dysfunction (forget),-0.0010879873792873696,0.0010879873792873696,0.23197773098945618,0.3184247314929962,0.35,0,0,600,FP32-token-IDs
MentalBERT,oef5qe,171,83,2000,to,to,False,emptiness,-0.0018388896947726606,0.0018388896947726606,0.2675025165081024,0.04606017470359802,0.35,0,0,600,FP32-token-IDs
MentalBERT,oef5qe,171,83,2000,to,to,False,hopelessness,-0.001540098967961967,0.001540098967961967,0.4815284013748169,0.6533555388450623,0.35,0,1,600,FP32-token-IDs
MentalBERT,oef5qe,171,83,2000,to,to,False,loneliness,-0.005561323487199843,0.005561323487199843,0.6294304728507996,0.0713418573141098,0.35,0,0,600,FP32-token-IDs
MentalBERT,oef5qe,171,83,2000,to,to,False,sadness,-9.957223664969206e-05,9.957223664969206e-05,0.4494190216064453,0.7564108371734619,0.35,1,1,600,FP32-token-IDs
MentalBERT,oef5qe,171,83,2000,to,to,False,suicide intent,-0.00010979380895150825,0.00010979380895150825,0.0790741816163063,0.02327849715948105,0.35,0,0,600,FP32-token-IDs
MentalBERT,oef5qe,171,83,2000,to,to,False,worthlessness,-0.003757426061201841,0.003757426061201841,0.5067859888076782,0.059368785470724106,0.35,0,0,600,FP32-token-IDs
MentalBERT,oef5qe,171,84,2054,what,what,False,anger,-0.002315525873564184,0.002315525873564184,0.3234289884567261,0.016151538118720055,0.35,0,0,600,FP32-token-IDs
MentalBERT,oef5qe,171,84,2054,what,what,False,brain dysfunction (forget),-0.0010879873792873696,0.0010879873792873696,0.23197773098945618,0.3184247314929962,0.35,0,0,600,FP32-token-IDs
MentalBERT,oef5qe,171,84,2054,what,what,False,emptiness,-0.0018388896947726606,0.0018388896947726606,0.2675025165081024,0.04606017470359802,0.35,0,0,600,FP32-token-IDs
MentalBERT,oef5qe,171,84,2054,what,what,False,hopelessness,-0.001540098967961967,0.001540098967961967,0.4815284013748169,0.6533555388450623,0.35,0,1,600,FP32-token-IDs
MentalBERT,oef5qe,171,84,2054,what,what,False,loneliness,-0.005561323487199843,0.005561323487199843,0.6294304728507996,0.0713418573141098,0.35,0,0,600,FP32-token-IDs
MentalBERT,oef5qe,171,84,2054,what,what,False,sadness,-9.957223664969206e-05,9.957223664969206e-05,0.4494190216064453,0.7564108371734619,0.35,1,1,600,FP32-token-IDs
MentalBERT,oef5qe,171,84,2054,what,what,False,suicide intent,-0.00010979380895150825,0.00010979380895150825,0.0790741816163063,0.02327849715948105,0.35,0,0,600,FP32-token-IDs
MentalBERT,oef5qe,171,84,2054,what,what,False,worthlessness,-0.003757426061201841,0.003757426061201841,0.5067859888076782,0.059368785470724106,0.35,0,0,600,FP32-token-IDs
MentalBERT,oef5qe,171,85,1045,i,i,False,anger,-0.002315525873564184,0.002315525873564184,0.3234289884567261,0.016151538118720055,0.35,0,0,600,FP32-token-IDs
MentalBERT,oef5qe,171,85,1045,i,i,False,brain dysfunction (forget),-0.0010879873792873696,0.0010879873792873696,0.23197773098945618,0.3184247314929962,0.35,0,0,600,FP32-token-IDs
MentalBERT,oef5qe,171,85,1045,i,i,False,emptiness,-0.0018388896947726606,0.0018388896947726606,0.2675025165081024,0.04606017470359802,0.35,0,0,600,FP32-token-IDs
MentalBERT,oef5qe,171,85,1045,i,i,False,hopelessness,-0.001540098967961967,0.001540098967961967,0.4815284013748169,0.6533555388450623,0.35,0,1,600,FP32-token-IDs
MentalBERT,oef5qe,171,85,1045,i,i,False,loneliness,-0.005561323487199843,0.005561323487199843,0.6294304728507996,0.0713418573141098,0.35,0,0,600,FP32-token-IDs
MentalBERT,oef5qe,171,85,1045,i,i,False,sadness,-9.957223664969206e-05,9.957223664969206e-05,0.4494190216064453,0.7564108371734619,0.35,1,1,600,FP32-token-IDs
MentalBERT,oef5qe,171,85,1045,i,i,False,suicide intent,-0.00010979380895150825,0.00010979380895150825,0.0790741816163063,0.02327849715948105,0.35,0,0,600,FP32-token-IDs
MentalBERT,oef5qe,171,85,1045,i,i,False,worthlessness,-0.003757426061201841,0.003757426061201841,0.5067859888076782,0.059368785470724106,0.35,0,0,600,FP32-token-IDs
MentalBERT,oef5qe,171,86,2323,should,should,False,anger,-0.002315525873564184,0.002315525873564184,0.3234289884567261,0.016151538118720055,0.35,0,0,600,FP32-token-IDs
MentalBERT,oef5qe,171,86,2323,should,should,False,brain dysfunction (forget),-0.0010879873792873696,0.0010879873792873696,0.23197773098945618,0.3184247314929962,0.35,0,0,600,FP32-token-IDs
MentalBERT,oef5qe,171,86,2323,should,should,False,emptiness,-0.0018388896947726606,0.0018388896947726606,0.2675025165081024,0.04606017470359802,0.35,0,0,600,FP32-token-IDs
MentalBERT,oef5qe,171,86,2323,should,should,False,hopelessness,-0.001540098967961967,0.001540098967961967,0.4815284013748169,0.6533555388450623,0.35,0,1,600,FP32-token-IDs
MentalBERT,oef5qe,171,86,2323,should,should,False,loneliness,-0.005561323487199843,0.005561323487199843,0.6294304728507996,0.0713418573141098,0.35,0,0,600,FP32-token-IDs
MentalBERT,oef5qe,171,86,2323,should,should,False,sadness,-9.957223664969206e-05,9.957223664969206e-05,0.4494190216064453,0.7564108371734619,0.35,1,1,600,FP32-token-IDs
MentalBERT,oef5qe,171,86,2323,should,should,False,suicide intent,-0.00010979380895150825,0.00010979380895150825,0.0790741816163063,0.02327849715948105,0.35,0,0,600,FP32-token-IDs
MentalBERT,oef5qe,171,86,2323,should,should,False,worthlessness,-0.003757426061201841,0.003757426061201841,0.5067859888076782,0.059368785470724106,0.35,0,0,600,FP32-token-IDs
MentalBERT,oef5qe,171,87,5308,pack,pack,False,anger,-0.002315525873564184,0.002315525873564184,0.3234289884567261,0.016151538118720055,0.35,0,0,600,FP32-token-IDs
MentalBERT,oef5qe,171,87,5308,pack,pack,False,brain dysfunction (forget),-0.0010879873792873696,0.0010879873792873696,0.23197773098945618,0.3184247314929962,0.35,0,0,600,FP32-token-IDs
MentalBERT,oef5qe,171,87,5308,pack,pack,False,emptiness,-0.0018388896947726606,0.0018388896947726606,0.2675025165081024,0.04606017470359802,0.35,0,0,600,FP32-token-IDs
MentalBERT,oef5qe,171,87,5308,pack,pack,False,hopelessness,-0.001540098967961967,0.001540098967961967,0.4815284013748169,0.6533555388450623,0.35,0,1,600,FP32-token-IDs
MentalBERT,oef5qe,171,87,5308,pack,pack,False,loneliness,-0.005561323487199843,0.005561323487199843,0.6294304728507996,0.0713418573141098,0.35,0,0,600,FP32-token-IDs
MentalBERT,oef5qe,171,87,5308,pack,pack,False,sadness,-9.957223664969206e-05,9.957223664969206e-05,0.4494190216064453,0.7564108371734619,0.35,1,1,600,FP32-token-IDs
MentalBERT,oef5qe,171,87,5308,pack,pack,False,suicide intent,-0.00010979380895150825,0.00010979380895150825,0.0790741816163063,0.02327849715948105,0.35,0,0,600,FP32-token-IDs
MentalBERT,oef5qe,171,87,5308,pack,pack,False,worthlessness,-0.003757426061201841,0.003757426061201841,0.5067859888076782,0.059368785470724106,0.35,0,0,600,FP32-token-IDs
MentalBERT,oef5qe,171,88,2000,to,to,False,anger,-0.0023403874423820526,0.0023403874423820526,0.3234289884567261,0.016151538118720055,0.35,0,0,600,FP32-token-IDs
MentalBERT,oef5qe,171,88,2000,to,to,False,brain dysfunction (forget),-0.0003922205709386616,0.0003922205709386616,0.23197773098945618,0.3184247314929962,0.35,0,0,600,FP32-token-IDs
MentalBERT,oef5qe,171,88,2000,to,to,False,emptiness,-0.0004080976398351292,0.0004080976398351292,0.2675025165081024,0.04606017470359802,0.35,0,0,600,FP32-token-IDs
MentalBERT,oef5qe,171,88,2000,to,to,False,hopelessness,0.00010531224155177672,0.00010531224155177672,0.4815284013748169,0.6533555388450623,0.35,0,1,600,FP32-token-IDs
MentalBERT,oef5qe,171,88,2000,to,to,False,loneliness,-0.0040948492630074424,0.0040948492630074424,0.6294304728507996,0.0713418573141098,0.35,0,0,600,FP32-token-IDs
MentalBERT,oef5qe,171,88,2000,to,to,False,sadness,0.00029041594825685024,0.00029041594825685024,0.4494190216064453,0.7564108371734619,0.35,1,1,600,FP32-token-IDs
MentalBERT,oef5qe,171,88,2000,to,to,False,suicide intent,-0.0001110526102517421,0.0001110526102517421,0.0790741816163063,0.02327849715948105,0.35,0,0,600,FP32-token-IDs
MentalBERT,oef5qe,171,88,2000,to,to,False,worthlessness,-0.0013573002962705989,0.0013573002962705989,0.5067859888076782,0.059368785470724106,0.35,0,0,600,FP32-token-IDs
MentalBERT,oef5qe,171,89,2129,how,how,False,anger,-0.0023403874423820526,0.0023403874423820526,0.3234289884567261,0.016151538118720055,0.35,0,0,600,FP32-token-IDs
MentalBERT,oef5qe,171,89,2129,how,how,False,brain dysfunction (forget),-0.0003922205709386616,0.0003922205709386616,0.23197773098945618,0.3184247314929962,0.35,0,0,600,FP32-token-IDs
MentalBERT,oef5qe,171,89,2129,how,how,False,emptiness,-0.0004080976398351292,0.0004080976398351292,0.2675025165081024,0.04606017470359802,0.35,0,0,600,FP32-token-IDs
MentalBERT,oef5qe,171,89,2129,how,how,False,hopelessness,0.00010531224155177672,0.00010531224155177672,0.4815284013748169,0.6533555388450623,0.35,0,1,600,FP32-token-IDs
MentalBERT,oef5qe,171,89,2129,how,how,False,loneliness,-0.0040948492630074424,0.0040948492630074424,0.6294304728507996,0.0713418573141098,0.35,0,0,600,FP32-token-IDs
MentalBERT,oef5qe,171,89,2129,how,how,False,sadness,0.00029041594825685024,0.00029041594825685024,0.4494190216064453,0.7564108371734619,0.35,1,1,600,FP32-token-IDs
MentalBERT,oef5qe,171,89,2129,how,how,False,suicide intent,-0.0001110526102517421,0.0001110526102517421,0.0790741816163063,0.02327849715948105,0.35,0,0,600,FP32-token-IDs
MentalBERT,oef5qe,171,89,2129,how,how,False,worthlessness,-0.0013573002962705989,0.0013573002962705989,0.5067859888076782,0.059368785470724106,0.35,0,0,600,FP32-token-IDs
MentalBERT,oef5qe,171,90,2146,long,long,False,anger,-0.0023403874423820526,0.0023403874423820526,0.3234289884567261,0.016151538118720055,0.35,0,0,600,FP32-token-IDs
MentalBERT,oef5qe,171,90,2146,long,long,False,brain dysfunction (forget),-0.0003922205709386616,0.0003922205709386616,0.23197773098945618,0.3184247314929962,0.35,0,0,600,FP32-token-IDs
MentalBERT,oef5qe,171,90,2146,long,long,False,emptiness,-0.0004080976398351292,0.0004080976398351292,0.2675025165081024,0.04606017470359802,0.35,0,0,600,FP32-token-IDs
MentalBERT,oef5qe,171,90,2146,long,long,False,hopelessness,0.00010531224155177672,0.00010531224155177672,0.4815284013748169,0.6533555388450623,0.35,0,1,600,FP32-token-IDs
MentalBERT,oef5qe,171,90,2146,long,long,False,loneliness,-0.0040948492630074424,0.0040948492630074424,0.6294304728507996,0.0713418573141098,0.35,0,0,600,FP32-token-IDs
MentalBERT,oef5qe,171,90,2146,long,long,False,sadness,0.00029041594825685024,0.00029041594825685024,0.4494190216064453,0.7564108371734619,0.35,1,1,600,FP32-token-IDs
MentalBERT,oef5qe,171,90,2146,long,long,False,suicide intent,-0.0001110526102517421,0.0001110526102517421,0.0790741816163063,0.02327849715948105,0.35,0,0,600,FP32-token-IDs
MentalBERT,oef5qe,171,90,2146,long,long,False,worthlessness,-0.0013573002962705989,0.0013573002962705989,0.5067859888076782,0.059368785470724106,0.35,0,0,600,FP32-token-IDs
MentalBERT,oef5qe,171,91,1045,i,i,False,anger,-0.0023403874423820526,0.0023403874423820526,0.3234289884567261,0.016151538118720055,0.35,0,0,600,FP32-token-IDs
MentalBERT,oef5qe,171,91,1045,i,i,False,brain dysfunction (forget),-0.0003922205709386616,0.0003922205709386616,0.23197773098945618,0.3184247314929962,0.35,0,0,600,FP32-token-IDs
MentalBERT,oef5qe,171,91,1045,i,i,False,emptiness,-0.0004080976398351292,0.0004080976398351292,0.2675025165081024,0.04606017470359802,0.35,0,0,600,FP32-token-IDs
MentalBERT,oef5qe,171,91,1045,i,i,False,hopelessness,0.00010531224155177672,0.00010531224155177672,0.4815284013748169,0.6533555388450623,0.35,0,1,600,FP32-token-IDs
MentalBERT,oef5qe,171,91,1045,i,i,False,loneliness,-0.0040948492630074424,0.0040948492630074424,0.6294304728507996,0.0713418573141098,0.35,0,0,600,FP32-token-IDs
MentalBERT,oef5qe,171,91,1045,i,i,False,sadness,0.00029041594825685024,0.00029041594825685024,0.4494190216064453,0.7564108371734619,0.35,1,1,600,FP32-token-IDs
MentalBERT,oef5qe,171,91,1045,i,i,False,suicide intent,-0.0001110526102517421,0.0001110526102517421,0.0790741816163063,0.02327849715948105,0.35,0,0,600,FP32-token-IDs
MentalBERT,oef5qe,171,91,1045,i,i,False,worthlessness,-0.0013573002962705989,0.0013573002962705989,0.5067859888076782,0.059368785470724106,0.35,0,0,600,FP32-token-IDs
MentalBERT,oef5qe,171,92,2123,don,don,False,anger,-0.002340387442382052,0.002340387442382052,0.3234289884567261,0.016151538118720055,0.35,0,0,600,FP32-token-IDs
MentalBERT,oef5qe,171,92,2123,don,don,False,brain dysfunction (forget),-0.00039222057093866156,0.00039222057093866156,0.23197773098945618,0.3184247314929962,0.35,0,0,600,FP32-token-IDs
MentalBERT,oef5qe,171,92,2123,don,don,False,emptiness,-0.00040809763983512917,0.00040809763983512917,0.2675025165081024,0.04606017470359802,0.35,0,0,600,FP32-token-IDs
MentalBERT,oef5qe,171,92,2123,don,don,False,hopelessness,0.00010531224155177672,0.00010531224155177672,0.4815284013748169,0.6533555388450623,0.35,0,1,600,FP32-token-IDs
MentalBERT,oef5qe,171,92,2123,don,don,False,loneliness,-0.0040948492630074424,0.0040948492630074424,0.6294304728507996,0.0713418573141098,0.35,0,0,600,FP32-token-IDs
MentalBERT,oef5qe,171,92,2123,don,don,False,sadness,0.00029041594825685024,0.00029041594825685024,0.4494190216064453,0.7564108371734619,0.35,1,1,600,FP32-token-IDs
MentalBERT,oef5qe,171,92,2123,don,don,False,suicide intent,-0.0001110526102517421,0.0001110526102517421,0.0790741816163063,0.02327849715948105,0.35,0,0,600,FP32-token-IDs
MentalBERT,oef5qe,171,92,2123,don,don,False,worthlessness,-0.0013573002962705989,0.0013573002962705989,0.5067859888076782,0.059368785470724106,0.35,0,0,600,FP32-token-IDs
MentalBERT,oef5qe,171,93,1005,',',False,anger,-0.002340387442382052,0.002340387442382052,0.3234289884567261,0.016151538118720055,0.35,0,0,600,FP32-token-IDs
MentalBERT,oef5qe,171,93,1005,',',False,brain dysfunction (forget),-0.00039222057093866156,0.00039222057093866156,0.23197773098945618,0.3184247314929962,0.35,0,0,600,FP32-token-IDs
MentalBERT,oef5qe,171,93,1005,',',False,emptiness,-0.00040809763983512917,0.00040809763983512917,0.2675025165081024,0.04606017470359802,0.35,0,0,600,FP32-token-IDs
MentalBERT,oef5qe,171,93,1005,',',False,hopelessness,0.00010531224155177672,0.00010531224155177672,0.4815284013748169,0.6533555388450623,0.35,0,1,600,FP32-token-IDs
MentalBERT,oef5qe,171,93,1005,',',False,loneliness,-0.0040948492630074424,0.0040948492630074424,0.6294304728507996,0.0713418573141098,0.35,0,0,600,FP32-token-IDs
MentalBERT,oef5qe,171,93,1005,',',False,sadness,0.00029041594825685024,0.00029041594825685024,0.4494190216064453,0.7564108371734619,0.35,1,1,600,FP32-token-IDs
MentalBERT,oef5qe,171,93,1005,',',False,suicide intent,-0.0001110526102517421,0.0001110526102517421,0.0790741816163063,0.02327849715948105,0.35,0,0,600,FP32-token-IDs
MentalBERT,oef5qe,171,93,1005,',',False,worthlessness,-0.0013573002962705989,0.0013573002962705989,0.5067859888076782,0.059368785470724106,0.35,0,0,600,FP32-token-IDs
MentalBERT,oef5qe,171,94,1056,t,t,False,anger,-0.002340387442382052,0.002340387442382052,0.3234289884567261,0.016151538118720055,0.35,0,0,600,FP32-token-IDs
MentalBERT,oef5qe,171,94,1056,t,t,False,brain dysfunction (forget),-0.00039222057093866156,0.00039222057093866156,0.23197773098945618,0.3184247314929962,0.35,0,0,600,FP32-token-IDs
MentalBERT,oef5qe,171,94,1056,t,t,False,emptiness,-0.00040809763983512917,0.00040809763983512917,0.2675025165081024,0.04606017470359802,0.35,0,0,600,FP32-token-IDs
MentalBERT,oef5qe,171,94,1056,t,t,False,hopelessness,0.00010531224155177672,0.00010531224155177672,0.4815284013748169,0.6533555388450623,0.35,0,1,600,FP32-token-IDs
MentalBERT,oef5qe,171,94,1056,t,t,False,loneliness,-0.0040948492630074424,0.0040948492630074424,0.6294304728507996,0.0713418573141098,0.35,0,0,600,FP32-token-IDs
MentalBERT,oef5qe,171,94,1056,t,t,False,sadness,0.00029041594825685024,0.00029041594825685024,0.4494190216064453,0.7564108371734619,0.35,1,1,600,FP32-token-IDs
MentalBERT,oef5qe,171,94,1056,t,t,False,suicide intent,-0.0001110526102517421,0.0001110526102517421,0.0790741816163063,0.02327849715948105,0.35,0,0,600,FP32-token-IDs
MentalBERT,oef5qe,171,94,1056,t,t,False,worthlessness,-0.0013573002962705989,0.0013573002962705989,0.5067859888076782,0.059368785470724106,0.35,0,0,600,FP32-token-IDs
MentalBERT,oef5qe,171,95,2113,know,know,False,anger,-0.0023403874423820526,0.0023403874423820526,0.3234289884567261,0.016151538118720055,0.35,0,0,600,FP32-token-IDs
MentalBERT,oef5qe,171,95,2113,know,know,False,brain dysfunction (forget),-0.0003922205709386616,0.0003922205709386616,0.23197773098945618,0.3184247314929962,0.35,0,0,600,FP32-token-IDs
MentalBERT,oef5qe,171,95,2113,know,know,False,emptiness,-0.0004080976398351292,0.0004080976398351292,0.2675025165081024,0.04606017470359802,0.35,0,0,600,FP32-token-IDs
MentalBERT,oef5qe,171,95,2113,know,know,False,hopelessness,0.00010531224155177672,0.00010531224155177672,0.4815284013748169,0.6533555388450623,0.35,0,1,600,FP32-token-IDs
MentalBERT,oef5qe,171,95,2113,know,know,False,loneliness,-0.004094849263007442,0.004094849263007442,0.6294304728507996,0.0713418573141098,0.35,0,0,600,FP32-token-IDs
MentalBERT,oef5qe,171,95,2113,know,know,False,sadness,0.00029041594825685024,0.00029041594825685024,0.4494190216064453,0.7564108371734619,0.35,1,1,600,FP32-token-IDs
MentalBERT,oef5qe,171,95,2113,know,know,False,suicide intent,-0.00011105261025174212,0.00011105261025174212,0.0790741816163063,0.02327849715948105,0.35,0,0,600,FP32-token-IDs
MentalBERT,oef5qe,171,95,2113,know,know,False,worthlessness,-0.001357300296270599,0.001357300296270599,0.5067859888076782,0.059368785470724106,0.35,0,0,600,FP32-token-IDs
MentalBERT,oef5qe,171,96,2151,any,any,False,anger,-0.0023403874423820526,0.0023403874423820526,0.3234289884567261,0.016151538118720055,0.35,0,0,600,FP32-token-IDs
MentalBERT,oef5qe,171,96,2151,any,any,False,brain dysfunction (forget),-0.0003922205709386616,0.0003922205709386616,0.23197773098945618,0.3184247314929962,0.35,0,0,600,FP32-token-IDs
MentalBERT,oef5qe,171,96,2151,any,any,False,emptiness,-0.0004080976398351292,0.0004080976398351292,0.2675025165081024,0.04606017470359802,0.35,0,0,600,FP32-token-IDs
MentalBERT,oef5qe,171,96,2151,any,any,False,hopelessness,0.00010531224155177672,0.00010531224155177672,0.4815284013748169,0.6533555388450623,0.35,0,1,600,FP32-token-IDs
MentalBERT,oef5qe,171,96,2151,any,any,False,loneliness,-0.004094849263007442,0.004094849263007442,0.6294304728507996,0.0713418573141098,0.35,0,0,600,FP32-token-IDs
MentalBERT,oef5qe,171,96,2151,any,any,False,sadness,0.00029041594825685024,0.00029041594825685024,0.4494190216064453,0.7564108371734619,0.35,1,1,600,FP32-token-IDs
MentalBERT,oef5qe,171,96,2151,any,any,False,suicide intent,-0.00011105261025174212,0.00011105261025174212,0.0790741816163063,0.02327849715948105,0.35,0,0,600,FP32-token-IDs
MentalBERT,oef5qe,171,96,2151,any,any,False,worthlessness,-0.001357300296270599,0.001357300296270599,0.5067859888076782,0.059368785470724106,0.35,0,0,600,FP32-token-IDs
MentalBERT,oef5qe,171,97,1997,of,of,False,anger,-0.0023403874423820526,0.0023403874423820526,0.3234289884567261,0.016151538118720055,0.35,0,0,600,FP32-token-IDs
MentalBERT,oef5qe,171,97,1997,of,of,False,brain dysfunction (forget),-0.0003922205709386616,0.0003922205709386616,0.23197773098945618,0.3184247314929962,0.35,0,0,600,FP32-token-IDs
MentalBERT,oef5qe,171,97,1997,of,of,False,emptiness,-0.0004080976398351292,0.0004080976398351292,0.2675025165081024,0.04606017470359802,0.35,0,0,600,FP32-token-IDs
MentalBERT,oef5qe,171,97,1997,of,of,False,hopelessness,0.00010531224155177672,0.00010531224155177672,0.4815284013748169,0.6533555388450623,0.35,0,1,600,FP32-token-IDs
MentalBERT,oef5qe,171,97,1997,of,of,False,loneliness,-0.004094849263007442,0.004094849263007442,0.6294304728507996,0.0713418573141098,0.35,0,0,600,FP32-token-IDs
MentalBERT,oef5qe,171,97,1997,of,of,False,sadness,0.00029041594825685024,0.00029041594825685024,0.4494190216064453,0.7564108371734619,0.35,1,1,600,FP32-token-IDs
MentalBERT,oef5qe,171,97,1997,of,of,False,suicide intent,-0.00011105261025174212,0.00011105261025174212,0.0790741816163063,0.02327849715948105,0.35,0,0,600,FP32-token-IDs
MentalBERT,oef5qe,171,97,1997,of,of,False,worthlessness,-0.001357300296270599,0.001357300296270599,0.5067859888076782,0.059368785470724106,0.35,0,0,600,FP32-token-IDs
MentalBERT,oef5qe,171,98,2009,it,it,False,anger,-0.0023403874423820526,0.0023403874423820526,0.3234289884567261,0.016151538118720055,0.35,0,0,600,FP32-token-IDs
MentalBERT,oef5qe,171,98,2009,it,it,False,brain dysfunction (forget),-0.0003922205709386616,0.0003922205709386616,0.23197773098945618,0.3184247314929962,0.35,0,0,600,FP32-token-IDs
MentalBERT,oef5qe,171,98,2009,it,it,False,emptiness,-0.0004080976398351292,0.0004080976398351292,0.2675025165081024,0.04606017470359802,0.35,0,0,600,FP32-token-IDs
MentalBERT,oef5qe,171,98,2009,it,it,False,hopelessness,0.00010531224155177672,0.00010531224155177672,0.4815284013748169,0.6533555388450623,0.35,0,1,600,FP32-token-IDs
MentalBERT,oef5qe,171,98,2009,it,it,False,loneliness,-0.004094849263007442,0.004094849263007442,0.6294304728507996,0.0713418573141098,0.35,0,0,600,FP32-token-IDs
MentalBERT,oef5qe,171,98,2009,it,it,False,sadness,0.00029041594825685024,0.00029041594825685024,0.4494190216064453,0.7564108371734619,0.35,1,1,600,FP32-token-IDs
MentalBERT,oef5qe,171,98,2009,it,it,False,suicide intent,-0.00011105261025174212,0.00011105261025174212,0.0790741816163063,0.02327849715948105,0.35,0,0,600,FP32-token-IDs
MentalBERT,oef5qe,171,98,2009,it,it,False,worthlessness,-0.001357300296270599,0.001357300296270599,0.5067859888076782,0.059368785470724106,0.35,0,0,600,FP32-token-IDs
MentalBERT,oef5qe,171,99,1998,and,and,False,anger,-0.0023403874423820526,0.0023403874423820526,0.3234289884567261,0.016151538118720055,0.35,0,0,600,FP32-token-IDs
MentalBERT,oef5qe,171,99,1998,and,and,False,brain dysfunction (forget),-0.0003922205709386616,0.0003922205709386616,0.23197773098945618,0.3184247314929962,0.35,0,0,600,FP32-token-IDs
MentalBERT,oef5qe,171,99,1998,and,and,False,emptiness,-0.0004080976398351292,0.0004080976398351292,0.2675025165081024,0.04606017470359802,0.35,0,0,600,FP32-token-IDs
MentalBERT,oef5qe,171,99,1998,and,and,False,hopelessness,0.00010531224155177672,0.00010531224155177672,0.4815284013748169,0.6533555388450623,0.35,0,1,600,FP32-token-IDs
MentalBERT,oef5qe,171,99,1998,and,and,False,loneliness,-0.004094849263007442,0.004094849263007442,0.6294304728507996,0.0713418573141098,0.35,0,0,600,FP32-token-IDs
MentalBERT,oef5qe,171,99,1998,and,and,False,sadness,0.00029041594825685024,0.00029041594825685024,0.4494190216064453,0.7564108371734619,0.35,1,1,600,FP32-token-IDs
MentalBERT,oef5qe,171,99,1998,and,and,False,suicide intent,-0.00011105261025174212,0.00011105261025174212,0.0790741816163063,0.02327849715948105,0.35,0,0,600,FP32-token-IDs
MentalBERT,oef5qe,171,99,1998,and,and,False,worthlessness,-0.001357300296270599,0.001357300296270599,0.5067859888076782,0.059368785470724106,0.35,0,0,600,FP32-token-IDs
MentalBERT,oef5qe,171,100,8224,google,google,False,anger,-0.0007284691241188233,0.0007284691241188233,0.3234289884567261,0.016151538118720055,0.35,0,0,600,FP32-token-IDs
MentalBERT,oef5qe,171,100,8224,google,google,False,brain dysfunction (forget),0.003816997291222732,0.003816997291222732,0.23197773098945618,0.3184247314929962,0.35,0,0,600,FP32-token-IDs
MentalBERT,oef5qe,171,100,8224,google,google,False,emptiness,5.749479977465752e-05,5.749479977465752e-05,0.2675025165081024,0.04606017470359802,0.35,0,0,600,FP32-token-IDs
MentalBERT,oef5qe,171,100,8224,google,google,False,hopelessness,0.006779657230557253,0.006779657230557253,0.4815284013748169,0.6533555388450623,0.35,0,1,600,FP32-token-IDs
MentalBERT,oef5qe,171,100,8224,google,google,False,loneliness,-0.011325245173389299,0.011325245173389299,0.6294304728507996,0.0713418573141098,0.35,0,0,600,FP32-token-IDs
MentalBERT,oef5qe,171,100,8224,google,google,False,sadness,-2.029653276420303e-05,2.029653276420303e-05,0.4494190216064453,0.7564108371734619,0.35,1,1,600,FP32-token-IDs
MentalBERT,oef5qe,171,100,8224,google,google,False,suicide intent,-7.590426119147903e-05,7.590426119147903e-05,0.0790741816163063,0.02327849715948105,0.35,0,0,600,FP32-token-IDs
MentalBERT,oef5qe,171,100,8224,google,google,False,worthlessness,0.0045072508849746855,0.0045072508849746855,0.5067859888076782,0.059368785470724106,0.35,0,0,600,FP32-token-IDs
MentalBERT,oef5qe,171,101,1045,i,i,False,anger,-0.0007284691241188233,0.0007284691241188233,0.3234289884567261,0.016151538118720055,0.35,0,0,600,FP32-token-IDs
MentalBERT,oef5qe,171,101,1045,i,i,False,brain dysfunction (forget),0.003816997291222732,0.003816997291222732,0.23197773098945618,0.3184247314929962,0.35,0,0,600,FP32-token-IDs
MentalBERT,oef5qe,171,101,1045,i,i,False,emptiness,5.749479977465752e-05,5.749479977465752e-05,0.2675025165081024,0.04606017470359802,0.35,0,0,600,FP32-token-IDs
MentalBERT,oef5qe,171,101,1045,i,i,False,hopelessness,0.006779657230557253,0.006779657230557253,0.4815284013748169,0.6533555388450623,0.35,0,1,600,FP32-token-IDs
MentalBERT,oef5qe,171,101,1045,i,i,False,loneliness,-0.011325245173389299,0.011325245173389299,0.6294304728507996,0.0713418573141098,0.35,0,0,600,FP32-token-IDs
MentalBERT,oef5qe,171,101,1045,i,i,False,sadness,-2.029653276420303e-05,2.029653276420303e-05,0.4494190216064453,0.7564108371734619,0.35,1,1,600,FP32-token-IDs
MentalBERT,oef5qe,171,101,1045,i,i,False,suicide intent,-7.590426119147903e-05,7.590426119147903e-05,0.0790741816163063,0.02327849715948105,0.35,0,0,600,FP32-token-IDs
MentalBERT,oef5qe,171,101,1045,i,i,False,worthlessness,0.0045072508849746855,0.0045072508849746855,0.5067859888076782,0.059368785470724106,0.35,0,0,600,FP32-token-IDs
MentalBERT,oef5qe,171,102,2514,feel,feel,False,anger,-0.0007284691241188233,0.0007284691241188233,0.3234289884567261,0.016151538118720055,0.35,0,0,600,FP32-token-IDs
MentalBERT,oef5qe,171,102,2514,feel,feel,False,brain dysfunction (forget),0.003816997291222732,0.003816997291222732,0.23197773098945618,0.3184247314929962,0.35,0,0,600,FP32-token-IDs
MentalBERT,oef5qe,171,102,2514,feel,feel,False,emptiness,5.749479977465752e-05,5.749479977465752e-05,0.2675025165081024,0.04606017470359802,0.35,0,0,600,FP32-token-IDs
MentalBERT,oef5qe,171,102,2514,feel,feel,False,hopelessness,0.006779657230557253,0.006779657230557253,0.4815284013748169,0.6533555388450623,0.35,0,1,600,FP32-token-IDs
MentalBERT,oef5qe,171,102,2514,feel,feel,False,loneliness,-0.011325245173389299,0.011325245173389299,0.6294304728507996,0.0713418573141098,0.35,0,0,600,FP32-token-IDs
MentalBERT,oef5qe,171,102,2514,feel,feel,False,sadness,-2.029653276420303e-05,2.029653276420303e-05,0.4494190216064453,0.7564108371734619,0.35,1,1,600,FP32-token-IDs
MentalBERT,oef5qe,171,102,2514,feel,feel,False,suicide intent,-7.590426119147903e-05,7.590426119147903e-05,0.0790741816163063,0.02327849715948105,0.35,0,0,600,FP32-token-IDs
MentalBERT,oef5qe,171,102,2514,feel,feel,False,worthlessness,0.0045072508849746855,0.0045072508849746855,0.5067859888076782,0.059368785470724106,0.35,0,0,600,FP32-token-IDs
MentalBERT,oef5qe,171,103,4136,tells,tells,False,anger,-0.0007284691241188233,0.0007284691241188233,0.3234289884567261,0.016151538118720055,0.35,0,0,600,FP32-token-IDs
MentalBERT,oef5qe,171,103,4136,tells,tells,False,brain dysfunction (forget),0.003816997291222732,0.003816997291222732,0.23197773098945618,0.3184247314929962,0.35,0,0,600,FP32-token-IDs
MentalBERT,oef5qe,171,103,4136,tells,tells,False,emptiness,5.749479977465752e-05,5.749479977465752e-05,0.2675025165081024,0.04606017470359802,0.35,0,0,600,FP32-token-IDs
MentalBERT,oef5qe,171,103,4136,tells,tells,False,hopelessness,0.006779657230557253,0.006779657230557253,0.4815284013748169,0.6533555388450623,0.35,0,1,600,FP32-token-IDs
MentalBERT,oef5qe,171,103,4136,tells,tells,False,loneliness,-0.011325245173389299,0.011325245173389299,0.6294304728507996,0.0713418573141098,0.35,0,0,600,FP32-token-IDs
MentalBERT,oef5qe,171,103,4136,tells,tells,False,sadness,-2.029653276420303e-05,2.029653276420303e-05,0.4494190216064453,0.7564108371734619,0.35,1,1,600,FP32-token-IDs
MentalBERT,oef5qe,171,103,4136,tells,tells,False,suicide intent,-7.590426119147903e-05,7.590426119147903e-05,0.0790741816163063,0.02327849715948105,0.35,0,0,600,FP32-token-IDs
MentalBERT,oef5qe,171,103,4136,tells,tells,False,worthlessness,0.0045072508849746855,0.0045072508849746855,0.5067859888076782,0.059368785470724106,0.35,0,0,600,FP32-token-IDs
MentalBERT,oef5qe,171,104,2033,me,me,False,anger,-0.0007284691241188233,0.0007284691241188233,0.3234289884567261,0.016151538118720055,0.35,0,0,600,FP32-token-IDs
MentalBERT,oef5qe,171,104,2033,me,me,False,brain dysfunction (forget),0.003816997291222732,0.003816997291222732,0.23197773098945618,0.3184247314929962,0.35,0,0,600,FP32-token-IDs
MentalBERT,oef5qe,171,104,2033,me,me,False,emptiness,5.749479977465752e-05,5.749479977465752e-05,0.2675025165081024,0.04606017470359802,0.35,0,0,600,FP32-token-IDs
MentalBERT,oef5qe,171,104,2033,me,me,False,hopelessness,0.006779657230557253,0.006779657230557253,0.4815284013748169,0.6533555388450623,0.35,0,1,600,FP32-token-IDs
MentalBERT,oef5qe,171,104,2033,me,me,False,loneliness,-0.011325245173389299,0.011325245173389299,0.6294304728507996,0.0713418573141098,0.35,0,0,600,FP32-token-IDs
MentalBERT,oef5qe,171,104,2033,me,me,False,sadness,-2.029653276420303e-05,2.029653276420303e-05,0.4494190216064453,0.7564108371734619,0.35,1,1,600,FP32-token-IDs
MentalBERT,oef5qe,171,104,2033,me,me,False,suicide intent,-7.590426119147903e-05,7.590426119147903e-05,0.0790741816163063,0.02327849715948105,0.35,0,0,600,FP32-token-IDs
MentalBERT,oef5qe,171,104,2033,me,me,False,worthlessness,0.0045072508849746855,0.0045072508849746855,0.5067859888076782,0.059368785470724106,0.35,0,0,600,FP32-token-IDs
MentalBERT,oef5qe,171,105,1996,the,the,False,anger,-0.0007284691241188233,0.0007284691241188233,0.3234289884567261,0.016151538118720055,0.35,0,0,600,FP32-token-IDs
MentalBERT,oef5qe,171,105,1996,the,the,False,brain dysfunction (forget),0.003816997291222732,0.003816997291222732,0.23197773098945618,0.3184247314929962,0.35,0,0,600,FP32-token-IDs
MentalBERT,oef5qe,171,105,1996,the,the,False,emptiness,5.749479977465752e-05,5.749479977465752e-05,0.2675025165081024,0.04606017470359802,0.35,0,0,600,FP32-token-IDs
MentalBERT,oef5qe,171,105,1996,the,the,False,hopelessness,0.006779657230557253,0.006779657230557253,0.4815284013748169,0.6533555388450623,0.35,0,1,600,FP32-token-IDs
MentalBERT,oef5qe,171,105,1996,the,the,False,loneliness,-0.011325245173389299,0.011325245173389299,0.6294304728507996,0.0713418573141098,0.35,0,0,600,FP32-token-IDs
MentalBERT,oef5qe,171,105,1996,the,the,False,sadness,-2.029653276420303e-05,2.029653276420303e-05,0.4494190216064453,0.7564108371734619,0.35,1,1,600,FP32-token-IDs
MentalBERT,oef5qe,171,105,1996,the,the,False,suicide intent,-7.590426119147903e-05,7.590426119147903e-05,0.0790741816163063,0.02327849715948105,0.35,0,0,600,FP32-token-IDs
MentalBERT,oef5qe,171,105,1996,the,the,False,worthlessness,0.0045072508849746855,0.0045072508849746855,0.5067859888076782,0.059368785470724106,0.35,0,0,600,FP32-token-IDs
MentalBERT,oef5qe,171,106,5409,worst,worst,False,anger,-0.0007284691241188233,0.0007284691241188233,0.3234289884567261,0.016151538118720055,0.35,0,0,600,FP32-token-IDs
MentalBERT,oef5qe,171,106,5409,worst,worst,False,brain dysfunction (forget),0.003816997291222732,0.003816997291222732,0.23197773098945618,0.3184247314929962,0.35,0,0,600,FP32-token-IDs
MentalBERT,oef5qe,171,106,5409,worst,worst,False,emptiness,5.749479977465752e-05,5.749479977465752e-05,0.2675025165081024,0.04606017470359802,0.35,0,0,600,FP32-token-IDs
MentalBERT,oef5qe,171,106,5409,worst,worst,False,hopelessness,0.006779657230557253,0.006779657230557253,0.4815284013748169,0.6533555388450623,0.35,0,1,600,FP32-token-IDs
MentalBERT,oef5qe,171,106,5409,worst,worst,False,loneliness,-0.011325245173389299,0.011325245173389299,0.6294304728507996,0.0713418573141098,0.35,0,0,600,FP32-token-IDs
MentalBERT,oef5qe,171,106,5409,worst,worst,False,sadness,-2.029653276420303e-05,2.029653276420303e-05,0.4494190216064453,0.7564108371734619,0.35,1,1,600,FP32-token-IDs
MentalBERT,oef5qe,171,106,5409,worst,worst,False,suicide intent,-7.590426119147903e-05,7.590426119147903e-05,0.0790741816163063,0.02327849715948105,0.35,0,0,600,FP32-token-IDs
MentalBERT,oef5qe,171,106,5409,worst,worst,False,worthlessness,0.0045072508849746855,0.0045072508849746855,0.5067859888076782,0.059368785470724106,0.35,0,0,600,FP32-token-IDs
MentalBERT,oef5qe,171,107,2553,case,case,False,anger,-0.0007284691241188233,0.0007284691241188233,0.3234289884567261,0.016151538118720055,0.35,0,0,600,FP32-token-IDs
MentalBERT,oef5qe,171,107,2553,case,case,False,brain dysfunction (forget),0.003816997291222732,0.003816997291222732,0.23197773098945618,0.3184247314929962,0.35,0,0,600,FP32-token-IDs
MentalBERT,oef5qe,171,107,2553,case,case,False,emptiness,5.749479977465752e-05,5.749479977465752e-05,0.2675025165081024,0.04606017470359802,0.35,0,0,600,FP32-token-IDs
MentalBERT,oef5qe,171,107,2553,case,case,False,hopelessness,0.006779657230557253,0.006779657230557253,0.4815284013748169,0.6533555388450623,0.35,0,1,600,FP32-token-IDs
MentalBERT,oef5qe,171,107,2553,case,case,False,loneliness,-0.011325245173389299,0.011325245173389299,0.6294304728507996,0.0713418573141098,0.35,0,0,600,FP32-token-IDs
MentalBERT,oef5qe,171,107,2553,case,case,False,sadness,-2.029653276420303e-05,2.029653276420303e-05,0.4494190216064453,0.7564108371734619,0.35,1,1,600,FP32-token-IDs
MentalBERT,oef5qe,171,107,2553,case,case,False,suicide intent,-7.590426119147903e-05,7.590426119147903e-05,0.0790741816163063,0.02327849715948105,0.35,0,0,600,FP32-token-IDs
MentalBERT,oef5qe,171,107,2553,case,case,False,worthlessness,0.0045072508849746855,0.0045072508849746855,0.5067859888076782,0.059368785470724106,0.35,0,0,600,FP32-token-IDs
MentalBERT,oef5qe,171,108,2005,for,for,False,anger,-0.0010730956328592986,0.0010730956328592986,0.3234289884567261,0.016151538118720055,0.35,0,0,600,FP32-token-IDs
MentalBERT,oef5qe,171,108,2005,for,for,False,brain dysfunction (forget),-0.002927232883586031,0.002927232883586031,0.23197773098945618,0.3184247314929962,0.35,0,0,600,FP32-token-IDs
MentalBERT,oef5qe,171,108,2005,for,for,False,emptiness,-0.0024365089956619257,0.0024365089956619257,0.2675025165081024,0.04606017470359802,0.35,0,0,600,FP32-token-IDs
MentalBERT,oef5qe,171,108,2005,for,for,False,hopelessness,-0.0054308042085419094,0.0054308042085419094,0.4815284013748169,0.6533555388450623,0.35,0,1,600,FP32-token-IDs
MentalBERT,oef5qe,171,108,2005,for,for,False,loneliness,-0.002425369408188595,0.002425369408188595,0.6294304728507996,0.0713418573141098,0.35,0,0,600,FP32-token-IDs
MentalBERT,oef5qe,171,108,2005,for,for,False,sadness,-0.0012372000246412226,0.0012372000246412226,0.4494190216064453,0.7564108371734619,0.35,1,1,600,FP32-token-IDs
MentalBERT,oef5qe,171,108,2005,for,for,False,suicide intent,-0.0006477203687407179,0.0006477203687407179,0.0790741816163063,0.02327849715948105,0.35,0,0,600,FP32-token-IDs
MentalBERT,oef5qe,171,108,2005,for,for,False,worthlessness,-0.009448120979747425,0.009448120979747425,0.5067859888076782,0.059368785470724106,0.35,0,0,600,FP32-token-IDs
MentalBERT,oef5qe,171,109,2673,everything,everything,False,anger,-0.0010730956328592986,0.0010730956328592986,0.3234289884567261,0.016151538118720055,0.35,0,0,600,FP32-token-IDs
MentalBERT,oef5qe,171,109,2673,everything,everything,False,brain dysfunction (forget),-0.002927232883586031,0.002927232883586031,0.23197773098945618,0.3184247314929962,0.35,0,0,600,FP32-token-IDs
MentalBERT,oef5qe,171,109,2673,everything,everything,False,emptiness,-0.0024365089956619257,0.0024365089956619257,0.2675025165081024,0.04606017470359802,0.35,0,0,600,FP32-token-IDs
MentalBERT,oef5qe,171,109,2673,everything,everything,False,hopelessness,-0.0054308042085419094,0.0054308042085419094,0.4815284013748169,0.6533555388450623,0.35,0,1,600,FP32-token-IDs
MentalBERT,oef5qe,171,109,2673,everything,everything,False,loneliness,-0.002425369408188595,0.002425369408188595,0.6294304728507996,0.0713418573141098,0.35,0,0,600,FP32-token-IDs
MentalBERT,oef5qe,171,109,2673,everything,everything,False,sadness,-0.0012372000246412226,0.0012372000246412226,0.4494190216064453,0.7564108371734619,0.35,1,1,600,FP32-token-IDs
MentalBERT,oef5qe,171,109,2673,everything,everything,False,suicide intent,-0.0006477203687407179,0.0006477203687407179,0.0790741816163063,0.02327849715948105,0.35,0,0,600,FP32-token-IDs
MentalBERT,oef5qe,171,109,2673,everything,everything,False,worthlessness,-0.009448120979747425,0.009448120979747425,0.5067859888076782,0.059368785470724106,0.35,0,0,600,FP32-token-IDs
MentalBERT,oef5qe,171,110,2061,so,so,False,anger,-0.0010730956328592986,0.0010730956328592986,0.3234289884567261,0.016151538118720055,0.35,0,0,600,FP32-token-IDs
MentalBERT,oef5qe,171,110,2061,so,so,False,brain dysfunction (forget),-0.002927232883586031,0.002927232883586031,0.23197773098945618,0.3184247314929962,0.35,0,0,600,FP32-token-IDs
MentalBERT,oef5qe,171,110,2061,so,so,False,emptiness,-0.0024365089956619257,0.0024365089956619257,0.2675025165081024,0.04606017470359802,0.35,0,0,600,FP32-token-IDs
MentalBERT,oef5qe,171,110,2061,so,so,False,hopelessness,-0.0054308042085419094,0.0054308042085419094,0.4815284013748169,0.6533555388450623,0.35,0,1,600,FP32-token-IDs
MentalBERT,oef5qe,171,110,2061,so,so,False,loneliness,-0.002425369408188595,0.002425369408188595,0.6294304728507996,0.0713418573141098,0.35,0,0,600,FP32-token-IDs
MentalBERT,oef5qe,171,110,2061,so,so,False,sadness,-0.0012372000246412226,0.0012372000246412226,0.4494190216064453,0.7564108371734619,0.35,1,1,600,FP32-token-IDs
MentalBERT,oef5qe,171,110,2061,so,so,False,suicide intent,-0.0006477203687407179,0.0006477203687407179,0.0790741816163063,0.02327849715948105,0.35,0,0,600,FP32-token-IDs
MentalBERT,oef5qe,171,110,2061,so,so,False,worthlessness,-0.009448120979747425,0.009448120979747425,0.5067859888076782,0.059368785470724106,0.35,0,0,600,FP32-token-IDs
MentalBERT,oef5qe,171,111,2515,does,does,False,anger,-0.0010730956328592986,0.0010730956328592986,0.3234289884567261,0.016151538118720055,0.35,0,0,600,FP32-token-IDs
MentalBERT,oef5qe,171,111,2515,does,does,False,brain dysfunction (forget),-0.002927232883586031,0.002927232883586031,0.23197773098945618,0.3184247314929962,0.35,0,0,600,FP32-token-IDs
MentalBERT,oef5qe,171,111,2515,does,does,False,emptiness,-0.0024365089956619257,0.0024365089956619257,0.2675025165081024,0.04606017470359802,0.35,0,0,600,FP32-token-IDs
MentalBERT,oef5qe,171,111,2515,does,does,False,hopelessness,-0.0054308042085419094,0.0054308042085419094,0.4815284013748169,0.6533555388450623,0.35,0,1,600,FP32-token-IDs
MentalBERT,oef5qe,171,111,2515,does,does,False,loneliness,-0.002425369408188595,0.002425369408188595,0.6294304728507996,0.0713418573141098,0.35,0,0,600,FP32-token-IDs
MentalBERT,oef5qe,171,111,2515,does,does,False,sadness,-0.0012372000246412226,0.0012372000246412226,0.4494190216064453,0.7564108371734619,0.35,1,1,600,FP32-token-IDs
MentalBERT,oef5qe,171,111,2515,does,does,False,suicide intent,-0.0006477203687407179,0.0006477203687407179,0.0790741816163063,0.02327849715948105,0.35,0,0,600,FP32-token-IDs
MentalBERT,oef5qe,171,111,2515,does,does,False,worthlessness,-0.009448120979747425,0.009448120979747425,0.5067859888076782,0.059368785470724106,0.35,0,0,600,FP32-token-IDs
MentalBERT,oef5qe,171,112,3087,anyone,anyone,False,anger,-0.0045188506557476815,0.0045188506557476815,0.3234289884567261,0.016151538118720055,0.35,0,0,600,FP32-token-IDs
MentalBERT,oef5qe,171,112,3087,anyone,anyone,False,brain dysfunction (forget),-0.003785208999438004,0.003785208999438004,0.23197773098945618,0.3184247314929962,0.35,0,0,600,FP32-token-IDs
MentalBERT,oef5qe,171,112,3087,anyone,anyone,False,emptiness,-0.0041969037330192,0.0041969037330192,0.2675025165081024,0.04606017470359802,0.35,0,0,600,FP32-token-IDs
MentalBERT,oef5qe,171,112,3087,anyone,anyone,False,hopelessness,-0.00894039732714494,0.00894039732714494,0.4815284013748169,0.6533555388450623,0.35,0,1,600,FP32-token-IDs
MentalBERT,oef5qe,171,112,3087,anyone,anyone,False,loneliness,-0.0016853481893324192,0.0016853481893324192,0.6294304728507996,0.0713418573141098,0.35,0,0,600,FP32-token-IDs
MentalBERT,oef5qe,171,112,3087,anyone,anyone,False,sadness,-0.0023762608360913063,0.0023762608360913063,0.4494190216064453,0.7564108371734619,0.35,1,1,600,FP32-token-IDs
MentalBERT,oef5qe,171,112,3087,anyone,anyone,False,suicide intent,-0.000952997200915383,0.000952997200915383,0.0790741816163063,0.02327849715948105,0.35,0,0,600,FP32-token-IDs
MentalBERT,oef5qe,171,112,3087,anyone,anyone,False,worthlessness,-0.020162132991633067,0.020162132991633067,0.5067859888076782,0.059368785470724106,0.35,0,0,600,FP32-token-IDs
MentalBERT,oef5qe,171,113,2182,here,here,False,anger,-0.0045188506557476815,0.0045188506557476815,0.3234289884567261,0.016151538118720055,0.35,0,0,600,FP32-token-IDs
MentalBERT,oef5qe,171,113,2182,here,here,False,brain dysfunction (forget),-0.003785208999438004,0.003785208999438004,0.23197773098945618,0.3184247314929962,0.35,0,0,600,FP32-token-IDs
MentalBERT,oef5qe,171,113,2182,here,here,False,emptiness,-0.0041969037330192,0.0041969037330192,0.2675025165081024,0.04606017470359802,0.35,0,0,600,FP32-token-IDs
MentalBERT,oef5qe,171,113,2182,here,here,False,hopelessness,-0.00894039732714494,0.00894039732714494,0.4815284013748169,0.6533555388450623,0.35,0,1,600,FP32-token-IDs
MentalBERT,oef5qe,171,113,2182,here,here,False,loneliness,-0.0016853481893324192,0.0016853481893324192,0.6294304728507996,0.0713418573141098,0.35,0,0,600,FP32-token-IDs
MentalBERT,oef5qe,171,113,2182,here,here,False,sadness,-0.0023762608360913063,0.0023762608360913063,0.4494190216064453,0.7564108371734619,0.35,1,1,600,FP32-token-IDs
MentalBERT,oef5qe,171,113,2182,here,here,False,suicide intent,-0.000952997200915383,0.000952997200915383,0.0790741816163063,0.02327849715948105,0.35,0,0,600,FP32-token-IDs
MentalBERT,oef5qe,171,113,2182,here,here,False,worthlessness,-0.020162132991633067,0.020162132991633067,0.5067859888076782,0.059368785470724106,0.35,0,0,600,FP32-token-IDs
MentalBERT,oef5qe,171,114,2031,have,have,False,anger,-0.0045188506557476815,0.0045188506557476815,0.3234289884567261,0.016151538118720055,0.35,0,0,600,FP32-token-IDs
MentalBERT,oef5qe,171,114,2031,have,have,False,brain dysfunction (forget),-0.003785208999438004,0.003785208999438004,0.23197773098945618,0.3184247314929962,0.35,0,0,600,FP32-token-IDs
MentalBERT,oef5qe,171,114,2031,have,have,False,emptiness,-0.0041969037330192,0.0041969037330192,0.2675025165081024,0.04606017470359802,0.35,0,0,600,FP32-token-IDs
MentalBERT,oef5qe,171,114,2031,have,have,False,hopelessness,-0.00894039732714494,0.00894039732714494,0.4815284013748169,0.6533555388450623,0.35,0,1,600,FP32-token-IDs
MentalBERT,oef5qe,171,114,2031,have,have,False,loneliness,-0.0016853481893324192,0.0016853481893324192,0.6294304728507996,0.0713418573141098,0.35,0,0,600,FP32-token-IDs
MentalBERT,oef5qe,171,114,2031,have,have,False,sadness,-0.0023762608360913063,0.0023762608360913063,0.4494190216064453,0.7564108371734619,0.35,1,1,600,FP32-token-IDs
MentalBERT,oef5qe,171,114,2031,have,have,False,suicide intent,-0.000952997200915383,0.000952997200915383,0.0790741816163063,0.02327849715948105,0.35,0,0,600,FP32-token-IDs
MentalBERT,oef5qe,171,114,2031,have,have,False,worthlessness,-0.020162132991633067,0.020162132991633067,0.5067859888076782,0.059368785470724106,0.35,0,0,600,FP32-token-IDs
MentalBERT,oef5qe,171,115,3167,personal,personal,False,anger,-0.0045188506557476815,0.0045188506557476815,0.3234289884567261,0.016151538118720055,0.35,0,0,600,FP32-token-IDs
MentalBERT,oef5qe,171,115,3167,personal,personal,False,brain dysfunction (forget),-0.003785208999438004,0.003785208999438004,0.23197773098945618,0.3184247314929962,0.35,0,0,600,FP32-token-IDs
MentalBERT,oef5qe,171,115,3167,personal,personal,False,emptiness,-0.0041969037330192,0.0041969037330192,0.2675025165081024,0.04606017470359802,0.35,0,0,600,FP32-token-IDs
MentalBERT,oef5qe,171,115,3167,personal,personal,False,hopelessness,-0.00894039732714494,0.00894039732714494,0.4815284013748169,0.6533555388450623,0.35,0,1,600,FP32-token-IDs
MentalBERT,oef5qe,171,115,3167,personal,personal,False,loneliness,-0.0016853481893324192,0.0016853481893324192,0.6294304728507996,0.0713418573141098,0.35,0,0,600,FP32-token-IDs
MentalBERT,oef5qe,171,115,3167,personal,personal,False,sadness,-0.0023762608360913063,0.0023762608360913063,0.4494190216064453,0.7564108371734619,0.35,1,1,600,FP32-token-IDs
MentalBERT,oef5qe,171,115,3167,personal,personal,False,suicide intent,-0.000952997200915383,0.000952997200915383,0.0790741816163063,0.02327849715948105,0.35,0,0,600,FP32-token-IDs
MentalBERT,oef5qe,171,115,3167,personal,personal,False,worthlessness,-0.020162132991633067,0.020162132991633067,0.5067859888076782,0.059368785470724106,0.35,0,0,600,FP32-token-IDs
MentalBERT,oef5qe,171,116,3325,experience,experience,False,anger,-0.0045188506557476815,0.0045188506557476815,0.3234289884567261,0.016151538118720055,0.35,0,0,600,FP32-token-IDs
MentalBERT,oef5qe,171,116,3325,experience,experience,False,brain dysfunction (forget),-0.003785208999438004,0.003785208999438004,0.23197773098945618,0.3184247314929962,0.35,0,0,600,FP32-token-IDs
MentalBERT,oef5qe,171,116,3325,experience,experience,False,emptiness,-0.0041969037330192,0.0041969037330192,0.2675025165081024,0.04606017470359802,0.35,0,0,600,FP32-token-IDs
MentalBERT,oef5qe,171,116,3325,experience,experience,False,hopelessness,-0.00894039732714494,0.00894039732714494,0.4815284013748169,0.6533555388450623,0.35,0,1,600,FP32-token-IDs
MentalBERT,oef5qe,171,116,3325,experience,experience,False,loneliness,-0.0016853481893324192,0.0016853481893324192,0.6294304728507996,0.0713418573141098,0.35,0,0,600,FP32-token-IDs
MentalBERT,oef5qe,171,116,3325,experience,experience,False,sadness,-0.0023762608360913063,0.0023762608360913063,0.4494190216064453,0.7564108371734619,0.35,1,1,600,FP32-token-IDs
MentalBERT,oef5qe,171,116,3325,experience,experience,False,suicide intent,-0.000952997200915383,0.000952997200915383,0.0790741816163063,0.02327849715948105,0.35,0,0,600,FP32-token-IDs
MentalBERT,oef5qe,171,116,3325,experience,experience,False,worthlessness,-0.020162132991633067,0.020162132991633067,0.5067859888076782,0.059368785470724106,0.35,0,0,600,FP32-token-IDs
MentalBERT,oef5qe,171,117,1029,?,?,False,anger,-0.005820675516022472,0.005820675516022472,0.3234289884567261,0.016151538118720055,0.35,0,0,600,FP32-token-IDs
MentalBERT,oef5qe,171,117,1029,?,?,False,brain dysfunction (forget),-0.003990819901486652,0.003990819901486652,0.23197773098945618,0.3184247314929962,0.35,0,0,600,FP32-token-IDs
MentalBERT,oef5qe,171,117,1029,?,?,False,emptiness,-0.004897766299028363,0.004897766299028363,0.2675025165081024,0.04606017470359802,0.35,0,0,600,FP32-token-IDs
MentalBERT,oef5qe,171,117,1029,?,?,False,hopelessness,-0.009339795013268789,0.009339795013268789,0.4815284013748169,0.6533555388450623,0.35,0,1,600,FP32-token-IDs
MentalBERT,oef5qe,171,117,1029,?,?,False,loneliness,-0.0021761825670384696,0.0021761825670384696,0.6294304728507996,0.0713418573141098,0.35,0,0,600,FP32-token-IDs
MentalBERT,oef5qe,171,117,1029,?,?,False,sadness,-0.002436519828107622,0.002436519828107622,0.4494190216064453,0.7564108371734619,0.35,1,1,600,FP32-token-IDs
MentalBERT,oef5qe,171,117,1029,?,?,False,suicide intent,-0.0011457395009023862,0.0011457395009023862,0.0790741816163063,0.02327849715948105,0.35,0,0,600,FP32-token-IDs
MentalBERT,oef5qe,171,117,1029,?,?,False,worthlessness,-0.022345751667550453,0.022345751667550453,0.5067859888076782,0.059368785470724106,0.35,0,0,600,FP32-token-IDs
MentalBERT,oef5qe,171,118,1045,i,i,False,anger,-0.0070549587336634955,0.0070549587336634955,0.3234289884567261,0.016151538118720055,0.35,0,0,600,FP32-token-IDs
MentalBERT,oef5qe,171,118,1045,i,i,False,brain dysfunction (forget),-0.006970908573878529,0.006970908573878529,0.23197773098945618,0.3184247314929962,0.35,0,0,600,FP32-token-IDs
MentalBERT,oef5qe,171,118,1045,i,i,False,emptiness,-0.005921564306065973,0.005921564306065973,0.2675025165081024,0.04606017470359802,0.35,0,0,600,FP32-token-IDs
MentalBERT,oef5qe,171,118,1045,i,i,False,hopelessness,-0.023246232561567534,0.023246232561567534,0.4815284013748169,0.6533555388450623,0.35,0,1,600,FP32-token-IDs
MentalBERT,oef5qe,171,118,1045,i,i,False,loneliness,-0.0006872493540868163,0.0006872493540868163,0.6294304728507996,0.0713418573141098,0.35,0,0,600,FP32-token-IDs
MentalBERT,oef5qe,171,118,1045,i,i,False,sadness,-0.007899899118846017,0.007899899118846017,0.4494190216064453,0.7564108371734619,0.35,1,1,600,FP32-token-IDs
MentalBERT,oef5qe,171,118,1045,i,i,False,suicide intent,-0.0007791127593788717,0.0007791127593788717,0.0790741816163063,0.02327849715948105,0.35,0,0,600,FP32-token-IDs
MentalBERT,oef5qe,171,118,1045,i,i,False,worthlessness,-0.024097496901439235,0.024097496901439235,0.5067859888076782,0.059368785470724106,0.35,0,0,600,FP32-token-IDs
MentalBERT,oef5qe,171,119,1005,',',False,anger,-0.0070549587336634955,0.0070549587336634955,0.3234289884567261,0.016151538118720055,0.35,0,0,600,FP32-token-IDs
MentalBERT,oef5qe,171,119,1005,',',False,brain dysfunction (forget),-0.006970908573878529,0.006970908573878529,0.23197773098945618,0.3184247314929962,0.35,0,0,600,FP32-token-IDs
MentalBERT,oef5qe,171,119,1005,',',False,emptiness,-0.005921564306065973,0.005921564306065973,0.2675025165081024,0.04606017470359802,0.35,0,0,600,FP32-token-IDs
MentalBERT,oef5qe,171,119,1005,',',False,hopelessness,-0.023246232561567534,0.023246232561567534,0.4815284013748169,0.6533555388450623,0.35,0,1,600,FP32-token-IDs
MentalBERT,oef5qe,171,119,1005,',',False,loneliness,-0.0006872493540868163,0.0006872493540868163,0.6294304728507996,0.0713418573141098,0.35,0,0,600,FP32-token-IDs
MentalBERT,oef5qe,171,119,1005,',',False,sadness,-0.007899899118846017,0.007899899118846017,0.4494190216064453,0.7564108371734619,0.35,1,1,600,FP32-token-IDs
MentalBERT,oef5qe,171,119,1005,',',False,suicide intent,-0.0007791127593788717,0.0007791127593788717,0.0790741816163063,0.02327849715948105,0.35,0,0,600,FP32-token-IDs
MentalBERT,oef5qe,171,119,1005,',',False,worthlessness,-0.024097496901439235,0.024097496901439235,0.5067859888076782,0.059368785470724106,0.35,0,0,600,FP32-token-IDs
MentalBERT,oef5qe,171,120,1040,d,d,False,anger,-0.0070549587336634955,0.0070549587336634955,0.3234289884567261,0.016151538118720055,0.35,0,0,600,FP32-token-IDs
MentalBERT,oef5qe,171,120,1040,d,d,False,brain dysfunction (forget),-0.006970908573878529,0.006970908573878529,0.23197773098945618,0.3184247314929962,0.35,0,0,600,FP32-token-IDs
MentalBERT,oef5qe,171,120,1040,d,d,False,emptiness,-0.005921564306065973,0.005921564306065973,0.2675025165081024,0.04606017470359802,0.35,0,0,600,FP32-token-IDs
MentalBERT,oef5qe,171,120,1040,d,d,False,hopelessness,-0.023246232561567534,0.023246232561567534,0.4815284013748169,0.6533555388450623,0.35,0,1,600,FP32-token-IDs
MentalBERT,oef5qe,171,120,1040,d,d,False,loneliness,-0.0006872493540868163,0.0006872493540868163,0.6294304728507996,0.0713418573141098,0.35,0,0,600,FP32-token-IDs
MentalBERT,oef5qe,171,120,1040,d,d,False,sadness,-0.007899899118846017,0.007899899118846017,0.4494190216064453,0.7564108371734619,0.35,1,1,600,FP32-token-IDs
MentalBERT,oef5qe,171,120,1040,d,d,False,suicide intent,-0.0007791127593788717,0.0007791127593788717,0.0790741816163063,0.02327849715948105,0.35,0,0,600,FP32-token-IDs
MentalBERT,oef5qe,171,120,1040,d,d,False,worthlessness,-0.024097496901439235,0.024097496901439235,0.5067859888076782,0.059368785470724106,0.35,0,0,600,FP32-token-IDs
MentalBERT,oef5qe,171,121,3565,super,super,False,anger,-0.0070549587336634955,0.0070549587336634955,0.3234289884567261,0.016151538118720055,0.35,0,0,600,FP32-token-IDs
MentalBERT,oef5qe,171,121,3565,super,super,False,brain dysfunction (forget),-0.006970908573878529,0.006970908573878529,0.23197773098945618,0.3184247314929962,0.35,0,0,600,FP32-token-IDs
MentalBERT,oef5qe,171,121,3565,super,super,False,emptiness,-0.005921564306065973,0.005921564306065973,0.2675025165081024,0.04606017470359802,0.35,0,0,600,FP32-token-IDs
MentalBERT,oef5qe,171,121,3565,super,super,False,hopelessness,-0.023246232561567534,0.023246232561567534,0.4815284013748169,0.6533555388450623,0.35,0,1,600,FP32-token-IDs
MentalBERT,oef5qe,171,121,3565,super,super,False,loneliness,-0.0006872493540868163,0.0006872493540868163,0.6294304728507996,0.0713418573141098,0.35,0,0,600,FP32-token-IDs
MentalBERT,oef5qe,171,121,3565,super,super,False,sadness,-0.007899899118846017,0.007899899118846017,0.4494190216064453,0.7564108371734619,0.35,1,1,600,FP32-token-IDs
MentalBERT,oef5qe,171,121,3565,super,super,False,suicide intent,-0.0007791127593788717,0.0007791127593788717,0.0790741816163063,0.02327849715948105,0.35,0,0,600,FP32-token-IDs
MentalBERT,oef5qe,171,121,3565,super,super,False,worthlessness,-0.024097496901439235,0.024097496901439235,0.5067859888076782,0.059368785470724106,0.35,0,0,600,FP32-token-IDs
MentalBERT,oef5qe,171,122,9120,appreciate,appreciate,False,anger,-0.028853401588830388,0.028853401588830388,0.3234289884567261,0.016151538118720055,0.35,0,0,600,FP32-token-IDs
MentalBERT,oef5qe,171,122,9120,appreciate,appreciate,False,brain dysfunction (forget),-0.03926509078259447,0.03926509078259447,0.23197773098945618,0.3184247314929962,0.35,0,0,600,FP32-token-IDs
MentalBERT,oef5qe,171,122,9120,appreciate,appreciate,False,emptiness,-0.037007558827532365,0.037007558827532365,0.2675025165081024,0.04606017470359802,0.35,0,0,600,FP32-token-IDs
MentalBERT,oef5qe,171,122,9120,appreciate,appreciate,False,hopelessness,-0.10104541321994648,0.10104541321994648,0.4815284013748169,0.6533555388450623,0.35,0,1,600,FP32-token-IDs
MentalBERT,oef5qe,171,122,9120,appreciate,appreciate,False,loneliness,-0.012225003602604072,0.012225003602604072,0.6294304728507996,0.0713418573141098,0.35,0,0,600,FP32-token-IDs
MentalBERT,oef5qe,171,122,9120,appreciate,appreciate,False,sadness,-0.025674757902466115,0.025674757902466115,0.4494190216064453,0.7564108371734619,0.35,1,1,600,FP32-token-IDs
MentalBERT,oef5qe,171,122,9120,appreciate,appreciate,False,suicide intent,-0.006302181987502124,0.006302181987502124,0.0790741816163063,0.02327849715948105,0.35,0,0,600,FP32-token-IDs
MentalBERT,oef5qe,171,122,9120,appreciate,appreciate,False,worthlessness,-0.12734833777427584,0.12734833777427584,0.5067859888076782,0.059368785470724106,0.35,0,0,600,FP32-token-IDs
MentalBERT,oef5qe,171,123,2009,it,it,False,anger,-0.01105762068237666,0.01105762068237666,0.3234289884567261,0.016151538118720055,0.35,0,0,600,FP32-token-IDs
MentalBERT,oef5qe,171,123,2009,it,it,False,brain dysfunction (forget),-0.03554654192079657,0.03554654192079657,0.23197773098945618,0.3184247314929962,0.35,0,0,600,FP32-token-IDs
MentalBERT,oef5qe,171,123,2009,it,it,False,emptiness,-0.02337402544660671,0.02337402544660671,0.2675025165081024,0.04606017470359802,0.35,0,0,600,FP32-token-IDs
MentalBERT,oef5qe,171,123,2009,it,it,False,hopelessness,-0.0819919764042078,0.0819919764042078,0.4815284013748169,0.6533555388450623,0.35,0,1,600,FP32-token-IDs
MentalBERT,oef5qe,171,123,2009,it,it,False,loneliness,-0.008457404250899952,0.008457404250899952,0.6294304728507996,0.0713418573141098,0.35,0,0,600,FP32-token-IDs
MentalBERT,oef5qe,171,123,2009,it,it,False,sadness,-0.023791651596270856,0.023791651596270856,0.4494190216064453,0.7564108371734619,0.35,1,1,600,FP32-token-IDs
MentalBERT,oef5qe,171,123,2009,it,it,False,suicide intent,-0.003137262253966626,0.003137262253966626,0.0790741816163063,0.02327849715948105,0.35,0,0,600,FP32-token-IDs
MentalBERT,oef5qe,171,123,2009,it,it,False,worthlessness,-0.06891270609117955,0.06891270609117955,0.5067859888076782,0.059368785470724106,0.35,0,0,600,FP32-token-IDs
MentalBERT,oef5qe,171,124,1012,.,.,False,anger,0.006403202434913034,0.006403202434913034,0.3234289884567261,0.016151538118720055,0.35,0,0,600,FP32-token-IDs
MentalBERT,oef5qe,171,124,1012,.,.,False,brain dysfunction (forget),-0.0008667009616536766,0.0008667009616536766,0.23197773098945618,0.3184247314929962,0.35,0,0,600,FP32-token-IDs
MentalBERT,oef5qe,171,124,1012,.,.,False,emptiness,0.0034459710309636734,0.0034459710309636734,0.2675025165081024,0.04606017470359802,0.35,0,0,600,FP32-token-IDs
MentalBERT,oef5qe,171,124,1012,.,.,False,hopelessness,0.0009183657377780912,0.0009183657377780912,0.4815284013748169,0.6533555388450623,0.35,0,1,600,FP32-token-IDs
MentalBERT,oef5qe,171,124,1012,.,.,False,loneliness,-0.0023357711421946687,0.0023357711421946687,0.6294304728507996,0.0713418573141098,0.35,0,0,600,FP32-token-IDs
MentalBERT,oef5qe,171,124,1012,.,.,False,sadness,0.004366606584794465,0.004366606584794465,0.4494190216064453,0.7564108371734619,0.35,1,1,600,FP32-token-IDs
MentalBERT,oef5qe,171,124,1012,.,.,False,suicide intent,0.00227865113300227,0.00227865113300227,0.0790741816163063,0.02327849715948105,0.35,0,0,600,FP32-token-IDs
MentalBERT,oef5qe,171,124,1012,.,.,False,worthlessness,0.01330367040576502,0.01330367040576502,0.5067859888076782,0.059368785470724106,0.35,0,0,600,FP32-token-IDs
MentalBERT,oef5qe,171,125,102,[SEP],,True,anger,-3.14321368932724e-08,3.14321368932724e-08,0.3234289884567261,0.016151538118720055,0.35,0,0,600,FP32-token-IDs
MentalBERT,oef5qe,171,125,102,[SEP],,True,brain dysfunction (forget),-6.402842700481415e-09,6.402842700481415e-09,0.23197773098945618,0.3184247314929962,0.35,0,0,600,FP32-token-IDs
MentalBERT,oef5qe,171,125,102,[SEP],,True,emptiness,-4.1676685214042664e-08,4.1676685214042664e-08,0.2675025165081024,0.04606017470359802,0.35,0,0,600,FP32-token-IDs
MentalBERT,oef5qe,171,125,102,[SEP],,True,hopelessness,-4.237517714500427e-08,4.237517714500427e-08,0.4815284013748169,0.6533555388450623,0.35,0,1,600,FP32-token-IDs
MentalBERT,oef5qe,171,125,102,[SEP],,True,loneliness,-4.190951585769653e-08,4.190951585769653e-08,0.6294304728507996,0.0713418573141098,0.35,0,0,600,FP32-token-IDs
MentalBERT,oef5qe,171,125,102,[SEP],,True,sadness,-2.514570951461792e-08,2.514570951461792e-08,0.4494190216064453,0.7564108371734619,0.35,1,1,600,FP32-token-IDs
MentalBERT,oef5qe,171,125,102,[SEP],,True,suicide intent,1.1641532182693481e-10,1.1641532182693481e-10,0.0790741816163063,0.02327849715948105,0.35,0,0,600,FP32-token-IDs
MentalBERT,oef5qe,171,125,102,[SEP],,True,worthlessness,-7.543712854385376e-08,7.543712854385376e-08,0.5067859888076782,0.059368785470724106,0.35,0,0,600,FP32-token-IDs
