Model,Sample_ID,Test_Index,Token_Index,Token_ID,Raw_Token,Token,Is_Special_Token,Emotion,SHAP_Value,Abs_SHAP,Base_Value,Model_Probability,Threshold,True_Label,Predicted_Label,SHAP_Max_Evals,XAI_Inference
MentalBERT,j97g2f,444,0,101,[CLS],,True,anger,-0.0015134950246041019,0.0015134950246041019,0.2932449281215668,0.05900707468390465,0.35,0,0,901,FP32-token-IDs
MentalBERT,j97g2f,444,0,101,[CLS],,True,brain dysfunction (forget),0.0009282773942686617,0.0009282773942686617,0.23247233033180237,0.014720726758241653,0.35,0,0,901,FP32-token-IDs
MentalBERT,j97g2f,444,0,101,[CLS],,True,emptiness,-0.0013742807903327047,0.0013742807903327047,0.24864429235458374,0.06192978844046593,0.35,0,0,901,FP32-token-IDs
MentalBERT,j97g2f,444,0,101,[CLS],,True,hopelessness,-0.0010791195983377595,0.0010791195983377595,0.4583815634250641,0.3241725265979767,0.35,0,0,901,FP32-token-IDs
MentalBERT,j97g2f,444,0,101,[CLS],,True,loneliness,-0.005700351561730106,0.005700351561730106,0.6244892477989197,0.18737603724002838,0.35,0,0,901,FP32-token-IDs
MentalBERT,j97g2f,444,0,101,[CLS],,True,sadness,-0.0026819411509980758,0.0026819411509980758,0.4321674406528473,0.9576798677444458,0.35,1,1,901,FP32-token-IDs
MentalBERT,j97g2f,444,0,101,[CLS],,True,suicide intent,0.00023122460212713727,0.00023122460212713727,0.06991535425186157,0.01626262441277504,0.35,0,0,901,FP32-token-IDs
MentalBERT,j97g2f,444,0,101,[CLS],,True,worthlessness,-0.0023038946421972163,0.0023038946421972163,0.4828818440437317,0.04357760027050972,0.35,0,0,901,FP32-token-IDs
MentalBERT,j97g2f,444,1,2489,free,free,False,anger,-0.0015134950246041019,0.0015134950246041019,0.2932449281215668,0.05900707468390465,0.35,0,0,901,FP32-token-IDs
MentalBERT,j97g2f,444,1,2489,free,free,False,brain dysfunction (forget),0.0009282773942686617,0.0009282773942686617,0.23247233033180237,0.014720726758241653,0.35,0,0,901,FP32-token-IDs
MentalBERT,j97g2f,444,1,2489,free,free,False,emptiness,-0.0013742807903327047,0.0013742807903327047,0.24864429235458374,0.06192978844046593,0.35,0,0,901,FP32-token-IDs
MentalBERT,j97g2f,444,1,2489,free,free,False,hopelessness,-0.0010791195983377595,0.0010791195983377595,0.4583815634250641,0.3241725265979767,0.35,0,0,901,FP32-token-IDs
MentalBERT,j97g2f,444,1,2489,free,free,False,loneliness,-0.005700351561730106,0.005700351561730106,0.6244892477989197,0.18737603724002838,0.35,0,0,901,FP32-token-IDs
MentalBERT,j97g2f,444,1,2489,free,free,False,sadness,-0.0026819411509980758,0.0026819411509980758,0.4321674406528473,0.9576798677444458,0.35,1,1,901,FP32-token-IDs
MentalBERT,j97g2f,444,1,2489,free,free,False,suicide intent,0.00023122460212713727,0.00023122460212713727,0.06991535425186157,0.01626262441277504,0.35,0,0,901,FP32-token-IDs
MentalBERT,j97g2f,444,1,2489,free,free,False,worthlessness,-0.0023038946421972163,0.0023038946421972163,0.4828818440437317,0.04357760027050972,0.35,0,0,901,FP32-token-IDs
MentalBERT,j97g2f,444,2,3784,online,online,False,anger,-0.0022226231444316606,0.0022226231444316606,0.2932449281215668,0.05900707468390465,0.35,0,0,901,FP32-token-IDs
MentalBERT,j97g2f,444,2,3784,online,online,False,brain dysfunction (forget),0.002071934298146516,0.002071934298146516,0.23247233033180237,0.014720726758241653,0.35,0,0,901,FP32-token-IDs
MentalBERT,j97g2f,444,2,3784,online,online,False,emptiness,-0.0013729744357988238,0.0013729744357988238,0.24864429235458374,0.06192978844046593,0.35,0,0,901,FP32-token-IDs
MentalBERT,j97g2f,444,2,3784,online,online,False,hopelessness,0.00022724448159957923,0.00022724448159957923,0.4583815634250641,0.3241725265979767,0.35,0,0,901,FP32-token-IDs
MentalBERT,j97g2f,444,2,3784,online,online,False,loneliness,-0.009278843303521474,0.009278843303521474,0.6244892477989197,0.18737603724002838,0.35,0,0,901,FP32-token-IDs
MentalBERT,j97g2f,444,2,3784,online,online,False,sadness,-0.00189089709892869,0.00189089709892869,0.4321674406528473,0.9576798677444458,0.35,1,1,901,FP32-token-IDs
MentalBERT,j97g2f,444,2,3784,online,online,False,suicide intent,8.169960832068075e-05,8.169960832068075e-05,0.06991535425186157,0.01626262441277504,0.35,0,0,901,FP32-token-IDs
MentalBERT,j97g2f,444,2,3784,online,online,False,worthlessness,-0.0008153148170094937,0.0008153148170094937,0.4828818440437317,0.04357760027050972,0.35,0,0,901,FP32-token-IDs
MentalBERT,j97g2f,444,3,5177,mental,mental,False,anger,-0.0022226231444316606,0.0022226231444316606,0.2932449281215668,0.05900707468390465,0.35,0,0,901,FP32-token-IDs
MentalBERT,j97g2f,444,3,5177,mental,mental,False,brain dysfunction (forget),0.002071934298146516,0.002071934298146516,0.23247233033180237,0.014720726758241653,0.35,0,0,901,FP32-token-IDs
MentalBERT,j97g2f,444,3,5177,mental,mental,False,emptiness,-0.0013729744357988238,0.0013729744357988238,0.24864429235458374,0.06192978844046593,0.35,0,0,901,FP32-token-IDs
MentalBERT,j97g2f,444,3,5177,mental,mental,False,hopelessness,0.00022724448159957923,0.00022724448159957923,0.4583815634250641,0.3241725265979767,0.35,0,0,901,FP32-token-IDs
MentalBERT,j97g2f,444,3,5177,mental,mental,False,loneliness,-0.009278843303521474,0.009278843303521474,0.6244892477989197,0.18737603724002838,0.35,0,0,901,FP32-token-IDs
MentalBERT,j97g2f,444,3,5177,mental,mental,False,sadness,-0.00189089709892869,0.00189089709892869,0.4321674406528473,0.9576798677444458,0.35,1,1,901,FP32-token-IDs
MentalBERT,j97g2f,444,3,5177,mental,mental,False,suicide intent,8.169960832068075e-05,8.169960832068075e-05,0.06991535425186157,0.01626262441277504,0.35,0,0,901,FP32-token-IDs
MentalBERT,j97g2f,444,3,5177,mental,mental,False,worthlessness,-0.0008153148170094937,0.0008153148170094937,0.4828818440437317,0.04357760027050972,0.35,0,0,901,FP32-token-IDs
MentalBERT,j97g2f,444,4,2740,health,health,False,anger,-0.0022226231444316606,0.0022226231444316606,0.2932449281215668,0.05900707468390465,0.35,0,0,901,FP32-token-IDs
MentalBERT,j97g2f,444,4,2740,health,health,False,brain dysfunction (forget),0.002071934298146516,0.002071934298146516,0.23247233033180237,0.014720726758241653,0.35,0,0,901,FP32-token-IDs
MentalBERT,j97g2f,444,4,2740,health,health,False,emptiness,-0.0013729744357988238,0.0013729744357988238,0.24864429235458374,0.06192978844046593,0.35,0,0,901,FP32-token-IDs
MentalBERT,j97g2f,444,4,2740,health,health,False,hopelessness,0.00022724448159957923,0.00022724448159957923,0.4583815634250641,0.3241725265979767,0.35,0,0,901,FP32-token-IDs
MentalBERT,j97g2f,444,4,2740,health,health,False,loneliness,-0.009278843303521474,0.009278843303521474,0.6244892477989197,0.18737603724002838,0.35,0,0,901,FP32-token-IDs
MentalBERT,j97g2f,444,4,2740,health,health,False,sadness,-0.00189089709892869,0.00189089709892869,0.4321674406528473,0.9576798677444458,0.35,1,1,901,FP32-token-IDs
MentalBERT,j97g2f,444,4,2740,health,health,False,suicide intent,8.169960832068075e-05,8.169960832068075e-05,0.06991535425186157,0.01626262441277504,0.35,0,0,901,FP32-token-IDs
MentalBERT,j97g2f,444,4,2740,health,health,False,worthlessness,-0.0008153148170094937,0.0008153148170094937,0.4828818440437317,0.04357760027050972,0.35,0,0,901,FP32-token-IDs
MentalBERT,j97g2f,444,5,11834,chat,chat,False,anger,-0.0011397463746280188,0.0011397463746280188,0.2932449281215668,0.05900707468390465,0.35,0,0,901,FP32-token-IDs
MentalBERT,j97g2f,444,5,11834,chat,chat,False,brain dysfunction (forget),-0.0034162570705770384,0.0034162570705770384,0.23247233033180237,0.014720726758241653,0.35,0,0,901,FP32-token-IDs
MentalBERT,j97g2f,444,5,11834,chat,chat,False,emptiness,-0.0034885834278871436,0.0034885834278871436,0.24864429235458374,0.06192978844046593,0.35,0,0,901,FP32-token-IDs
MentalBERT,j97g2f,444,5,11834,chat,chat,False,hopelessness,-0.0030395997981984345,0.0030395997981984345,0.4583815634250641,0.3241725265979767,0.35,0,0,901,FP32-token-IDs
MentalBERT,j97g2f,444,5,11834,chat,chat,False,loneliness,-0.004985722890567213,0.004985722890567213,0.6244892477989197,0.18737603724002838,0.35,0,0,901,FP32-token-IDs
MentalBERT,j97g2f,444,5,11834,chat,chat,False,sadness,-0.0031948030588128382,0.0031948030588128382,0.4321674406528473,0.9576798677444458,0.35,1,1,901,FP32-token-IDs
MentalBERT,j97g2f,444,5,11834,chat,chat,False,suicide intent,-0.0009521074250750687,0.0009521074250750687,0.06991535425186157,0.01626262441277504,0.35,0,0,901,FP32-token-IDs
MentalBERT,j97g2f,444,5,11834,chat,chat,False,worthlessness,-0.004808197580998586,0.004808197580998586,0.4828818440437317,0.04357760027050972,0.35,0,0,901,FP32-token-IDs
MentalBERT,j97g2f,444,6,18384,##bot,bot,False,anger,-0.0011397463746280188,0.0011397463746280188,0.2932449281215668,0.05900707468390465,0.35,0,0,901,FP32-token-IDs
MentalBERT,j97g2f,444,6,18384,##bot,bot,False,brain dysfunction (forget),-0.0034162570705770384,0.0034162570705770384,0.23247233033180237,0.014720726758241653,0.35,0,0,901,FP32-token-IDs
MentalBERT,j97g2f,444,6,18384,##bot,bot,False,emptiness,-0.0034885834278871436,0.0034885834278871436,0.24864429235458374,0.06192978844046593,0.35,0,0,901,FP32-token-IDs
MentalBERT,j97g2f,444,6,18384,##bot,bot,False,hopelessness,-0.0030395997981984345,0.0030395997981984345,0.4583815634250641,0.3241725265979767,0.35,0,0,901,FP32-token-IDs
MentalBERT,j97g2f,444,6,18384,##bot,bot,False,loneliness,-0.004985722890567213,0.004985722890567213,0.6244892477989197,0.18737603724002838,0.35,0,0,901,FP32-token-IDs
MentalBERT,j97g2f,444,6,18384,##bot,bot,False,sadness,-0.0031948030588128382,0.0031948030588128382,0.4321674406528473,0.9576798677444458,0.35,1,1,901,FP32-token-IDs
MentalBERT,j97g2f,444,6,18384,##bot,bot,False,suicide intent,-0.0009521074250750687,0.0009521074250750687,0.06991535425186157,0.01626262441277504,0.35,0,0,901,FP32-token-IDs
MentalBERT,j97g2f,444,6,18384,##bot,bot,False,worthlessness,-0.004808197580998586,0.004808197580998586,0.4828818440437317,0.04357760027050972,0.35,0,0,901,FP32-token-IDs
MentalBERT,j97g2f,444,7,1001,#,#,False,anger,-0.0011397463746280188,0.0011397463746280188,0.2932449281215668,0.05900707468390465,0.35,0,0,901,FP32-token-IDs
MentalBERT,j97g2f,444,7,1001,#,#,False,brain dysfunction (forget),-0.0034162570705770384,0.0034162570705770384,0.23247233033180237,0.014720726758241653,0.35,0,0,901,FP32-token-IDs
MentalBERT,j97g2f,444,7,1001,#,#,False,emptiness,-0.0034885834278871436,0.0034885834278871436,0.24864429235458374,0.06192978844046593,0.35,0,0,901,FP32-token-IDs
MentalBERT,j97g2f,444,7,1001,#,#,False,hopelessness,-0.0030395997981984345,0.0030395997981984345,0.4583815634250641,0.3241725265979767,0.35,0,0,901,FP32-token-IDs
MentalBERT,j97g2f,444,7,1001,#,#,False,loneliness,-0.004985722890567213,0.004985722890567213,0.6244892477989197,0.18737603724002838,0.35,0,0,901,FP32-token-IDs
MentalBERT,j97g2f,444,7,1001,#,#,False,sadness,-0.0031948030588128382,0.0031948030588128382,0.4321674406528473,0.9576798677444458,0.35,1,1,901,FP32-token-IDs
MentalBERT,j97g2f,444,7,1001,#,#,False,suicide intent,-0.0009521074250750687,0.0009521074250750687,0.06991535425186157,0.01626262441277504,0.35,0,0,901,FP32-token-IDs
MentalBERT,j97g2f,444,7,1001,#,#,False,worthlessness,-0.004808197580998586,0.004808197580998586,0.4828818440437317,0.04357760027050972,0.35,0,0,901,FP32-token-IDs
MentalBERT,j97g2f,444,8,1001,#,#,False,anger,-0.0011397463746280188,0.0011397463746280188,0.2932449281215668,0.05900707468390465,0.35,0,0,901,FP32-token-IDs
MentalBERT,j97g2f,444,8,1001,#,#,False,brain dysfunction (forget),-0.0034162570705770384,0.0034162570705770384,0.23247233033180237,0.014720726758241653,0.35,0,0,901,FP32-token-IDs
MentalBERT,j97g2f,444,8,1001,#,#,False,emptiness,-0.0034885834278871436,0.0034885834278871436,0.24864429235458374,0.06192978844046593,0.35,0,0,901,FP32-token-IDs
MentalBERT,j97g2f,444,8,1001,#,#,False,hopelessness,-0.0030395997981984345,0.0030395997981984345,0.4583815634250641,0.3241725265979767,0.35,0,0,901,FP32-token-IDs
MentalBERT,j97g2f,444,8,1001,#,#,False,loneliness,-0.004985722890567213,0.004985722890567213,0.6244892477989197,0.18737603724002838,0.35,0,0,901,FP32-token-IDs
MentalBERT,j97g2f,444,8,1001,#,#,False,sadness,-0.0031948030588128382,0.0031948030588128382,0.4321674406528473,0.9576798677444458,0.35,1,1,901,FP32-token-IDs
MentalBERT,j97g2f,444,8,1001,#,#,False,suicide intent,-0.0009521074250750687,0.0009521074250750687,0.06991535425186157,0.01626262441277504,0.35,0,0,901,FP32-token-IDs
MentalBERT,j97g2f,444,8,1001,#,#,False,worthlessness,-0.004808197580998586,0.004808197580998586,0.4828818440437317,0.04357760027050972,0.35,0,0,901,FP32-token-IDs
MentalBERT,j97g2f,444,9,1001,#,#,False,anger,-0.0018467796783495163,0.0018467796783495163,0.2932449281215668,0.05900707468390465,0.35,0,0,901,FP32-token-IDs
MentalBERT,j97g2f,444,9,1001,#,#,False,brain dysfunction (forget),-0.003814897979498796,0.003814897979498796,0.23247233033180237,0.014720726758241653,0.35,0,0,901,FP32-token-IDs
MentalBERT,j97g2f,444,9,1001,#,#,False,emptiness,-0.0032254903787924416,0.0032254903787924416,0.24864429235458374,0.06192978844046593,0.35,0,0,901,FP32-token-IDs
MentalBERT,j97g2f,444,9,1001,#,#,False,hopelessness,-0.0027458267813060613,0.0027458267813060613,0.4583815634250641,0.3241725265979767,0.35,0,0,901,FP32-token-IDs
MentalBERT,j97g2f,444,9,1001,#,#,False,loneliness,-0.005083607221465735,0.005083607221465735,0.6244892477989197,0.18737603724002838,0.35,0,0,901,FP32-token-IDs
MentalBERT,j97g2f,444,9,1001,#,#,False,sadness,-0.0028307866859471516,0.0028307866859471516,0.4321674406528473,0.9576798677444458,0.35,1,1,901,FP32-token-IDs
MentalBERT,j97g2f,444,9,1001,#,#,False,suicide intent,-0.001092514751473486,0.001092514751473486,0.06991535425186157,0.01626262441277504,0.35,0,0,901,FP32-token-IDs
MentalBERT,j97g2f,444,9,1001,#,#,False,worthlessness,-0.004701269428811169,0.004701269428811169,0.4828818440437317,0.04357760027050972,0.35,0,0,901,FP32-token-IDs
MentalBERT,j97g2f,444,10,7592,hello,hello,False,anger,-0.0018467796783495163,0.0018467796783495163,0.2932449281215668,0.05900707468390465,0.35,0,0,901,FP32-token-IDs
MentalBERT,j97g2f,444,10,7592,hello,hello,False,brain dysfunction (forget),-0.003814897979498796,0.003814897979498796,0.23247233033180237,0.014720726758241653,0.35,0,0,901,FP32-token-IDs
MentalBERT,j97g2f,444,10,7592,hello,hello,False,emptiness,-0.0032254903787924416,0.0032254903787924416,0.24864429235458374,0.06192978844046593,0.35,0,0,901,FP32-token-IDs
MentalBERT,j97g2f,444,10,7592,hello,hello,False,hopelessness,-0.0027458267813060613,0.0027458267813060613,0.4583815634250641,0.3241725265979767,0.35,0,0,901,FP32-token-IDs
MentalBERT,j97g2f,444,10,7592,hello,hello,False,loneliness,-0.005083607221465735,0.005083607221465735,0.6244892477989197,0.18737603724002838,0.35,0,0,901,FP32-token-IDs
MentalBERT,j97g2f,444,10,7592,hello,hello,False,sadness,-0.0028307866859471516,0.0028307866859471516,0.4321674406528473,0.9576798677444458,0.35,1,1,901,FP32-token-IDs
MentalBERT,j97g2f,444,10,7592,hello,hello,False,suicide intent,-0.001092514751473486,0.001092514751473486,0.06991535425186157,0.01626262441277504,0.35,0,0,901,FP32-token-IDs
MentalBERT,j97g2f,444,10,7592,hello,hello,False,worthlessness,-0.004701269428811169,0.004701269428811169,0.4828818440437317,0.04357760027050972,0.35,0,0,901,FP32-token-IDs
MentalBERT,j97g2f,444,11,1010,",",",",False,anger,-0.0018467796783495163,0.0018467796783495163,0.2932449281215668,0.05900707468390465,0.35,0,0,901,FP32-token-IDs
MentalBERT,j97g2f,444,11,1010,",",",",False,brain dysfunction (forget),-0.003814897979498796,0.003814897979498796,0.23247233033180237,0.014720726758241653,0.35,0,0,901,FP32-token-IDs
MentalBERT,j97g2f,444,11,1010,",",",",False,emptiness,-0.0032254903787924416,0.0032254903787924416,0.24864429235458374,0.06192978844046593,0.35,0,0,901,FP32-token-IDs
MentalBERT,j97g2f,444,11,1010,",",",",False,hopelessness,-0.0027458267813060613,0.0027458267813060613,0.4583815634250641,0.3241725265979767,0.35,0,0,901,FP32-token-IDs
MentalBERT,j97g2f,444,11,1010,",",",",False,loneliness,-0.005083607221465735,0.005083607221465735,0.6244892477989197,0.18737603724002838,0.35,0,0,901,FP32-token-IDs
MentalBERT,j97g2f,444,11,1010,",",",",False,sadness,-0.0028307866859471516,0.0028307866859471516,0.4321674406528473,0.9576798677444458,0.35,1,1,901,FP32-token-IDs
MentalBERT,j97g2f,444,11,1010,",",",",False,suicide intent,-0.001092514751473486,0.001092514751473486,0.06991535425186157,0.01626262441277504,0.35,0,0,901,FP32-token-IDs
MentalBERT,j97g2f,444,11,1010,",",",",False,worthlessness,-0.004701269428811169,0.004701269428811169,0.4828818440437317,0.04357760027050972,0.35,0,0,901,FP32-token-IDs
MentalBERT,j97g2f,444,12,2026,my,my,False,anger,-0.005105777847347781,0.005105777847347781,0.2932449281215668,0.05900707468390465,0.35,0,0,901,FP32-token-IDs
MentalBERT,j97g2f,444,12,2026,my,my,False,brain dysfunction (forget),-0.001144058531887519,0.001144058531887519,0.23247233033180237,0.014720726758241653,0.35,0,0,901,FP32-token-IDs
MentalBERT,j97g2f,444,12,2026,my,my,False,emptiness,-0.00023344889632426202,0.00023344889632426202,0.24864429235458374,0.06192978844046593,0.35,0,0,901,FP32-token-IDs
MentalBERT,j97g2f,444,12,2026,my,my,False,hopelessness,-0.002809813445007118,0.002809813445007118,0.4583815634250641,0.3241725265979767,0.35,0,0,901,FP32-token-IDs
MentalBERT,j97g2f,444,12,2026,my,my,False,loneliness,0.0063268819358199835,0.0063268819358199835,0.6244892477989197,0.18737603724002838,0.35,0,0,901,FP32-token-IDs
MentalBERT,j97g2f,444,12,2026,my,my,False,sadness,-0.002638414637961735,0.002638414637961735,0.4321674406528473,0.9576798677444458,0.35,1,1,901,FP32-token-IDs
MentalBERT,j97g2f,444,12,2026,my,my,False,suicide intent,-2.8253627533558756e-05,2.8253627533558756e-05,0.06991535425186157,0.01626262441277504,0.35,0,0,901,FP32-token-IDs
MentalBERT,j97g2f,444,12,2026,my,my,False,worthlessness,-0.007733977744161772,0.007733977744161772,0.4828818440437317,0.04357760027050972,0.35,0,0,901,FP32-token-IDs
MentalBERT,j97g2f,444,13,2171,name,name,False,anger,-0.0065187054860871285,0.0065187054860871285,0.2932449281215668,0.05900707468390465,0.35,0,0,901,FP32-token-IDs
MentalBERT,j97g2f,444,13,2171,name,name,False,brain dysfunction (forget),-0.0010866532053720828,0.0010866532053720828,0.23247233033180237,0.014720726758241653,0.35,0,0,901,FP32-token-IDs
MentalBERT,j97g2f,444,13,2171,name,name,False,emptiness,-0.0008946008456405252,0.0008946008456405252,0.24864429235458374,0.06192978844046593,0.35,0,0,901,FP32-token-IDs
MentalBERT,j97g2f,444,13,2171,name,name,False,hopelessness,-0.005552402430718454,0.005552402430718454,0.4583815634250641,0.3241725265979767,0.35,0,0,901,FP32-token-IDs
MentalBERT,j97g2f,444,13,2171,name,name,False,loneliness,0.006832362851127982,0.006832362851127982,0.6244892477989197,0.18737603724002838,0.35,0,0,901,FP32-token-IDs
MentalBERT,j97g2f,444,13,2171,name,name,False,sadness,-0.004091142812588562,0.004091142812588562,0.4321674406528473,0.9576798677444458,0.35,1,1,901,FP32-token-IDs
MentalBERT,j97g2f,444,13,2171,name,name,False,suicide intent,1.2853553926106542e-05,1.2853553926106542e-05,0.06991535425186157,0.01626262441277504,0.35,0,0,901,FP32-token-IDs
MentalBERT,j97g2f,444,13,2171,name,name,False,worthlessness,-0.010914959357857393,0.010914959357857393,0.4828818440437317,0.04357760027050972,0.35,0,0,901,FP32-token-IDs
MentalBERT,j97g2f,444,14,2003,is,is,False,anger,-0.0006071077368687838,0.0006071077368687838,0.2932449281215668,0.05900707468390465,0.35,0,0,901,FP32-token-IDs
MentalBERT,j97g2f,444,14,2003,is,is,False,brain dysfunction (forget),-0.0003070839399394269,0.0003070839399394269,0.23247233033180237,0.014720726758241653,0.35,0,0,901,FP32-token-IDs
MentalBERT,j97g2f,444,14,2003,is,is,False,emptiness,0.0005848119326401502,0.0005848119326401502,0.24864429235458374,0.06192978844046593,0.35,0,0,901,FP32-token-IDs
MentalBERT,j97g2f,444,14,2003,is,is,False,hopelessness,0.000995727988386837,0.000995727988386837,0.4583815634250641,0.3241725265979767,0.35,0,0,901,FP32-token-IDs
MentalBERT,j97g2f,444,14,2003,is,is,False,loneliness,0.0022900959011167288,0.0022900959011167288,0.6244892477989197,0.18737603724002838,0.35,0,0,901,FP32-token-IDs
MentalBERT,j97g2f,444,14,2003,is,is,False,sadness,-0.0011785692962196965,0.0011785692962196965,0.4321674406528473,0.9576798677444458,0.35,1,1,901,FP32-token-IDs
MentalBERT,j97g2f,444,14,2003,is,is,False,suicide intent,0.0006189279883983545,0.0006189279883983545,0.06991535425186157,0.01626262441277504,0.35,0,0,901,FP32-token-IDs
MentalBERT,j97g2f,444,14,2003,is,is,False,worthlessness,-0.0017451551927175992,0.0017451551927175992,0.4828818440437317,0.04357760027050972,0.35,0,0,901,FP32-token-IDs
MentalBERT,j97g2f,444,15,2003,is,is,False,anger,0.0004416887939441949,0.0004416887939441949,0.2932449281215668,0.05900707468390465,0.35,0,0,901,FP32-token-IDs
MentalBERT,j97g2f,444,15,2003,is,is,False,brain dysfunction (forget),-0.00012239730276633053,0.00012239730276633053,0.23247233033180237,0.014720726758241653,0.35,0,0,901,FP32-token-IDs
MentalBERT,j97g2f,444,15,2003,is,is,False,emptiness,-0.0009501250635366886,0.0009501250635366886,0.24864429235458374,0.06192978844046593,0.35,0,0,901,FP32-token-IDs
MentalBERT,j97g2f,444,15,2003,is,is,False,hopelessness,-0.00026564360305201265,0.00026564360305201265,0.4583815634250641,0.3241725265979767,0.35,0,0,901,FP32-token-IDs
MentalBERT,j97g2f,444,15,2003,is,is,False,loneliness,-0.001309683034196496,0.001309683034196496,0.6244892477989197,0.18737603724002838,0.35,0,0,901,FP32-token-IDs
MentalBERT,j97g2f,444,15,2003,is,is,False,sadness,-0.0017585622263140976,0.0017585622263140976,0.4321674406528473,0.9576798677444458,0.35,1,1,901,FP32-token-IDs
MentalBERT,j97g2f,444,15,2003,is,is,False,suicide intent,0.00045039598335279153,0.00045039598335279153,0.06991535425186157,0.01626262441277504,0.35,0,0,901,FP32-token-IDs
MentalBERT,j97g2f,444,15,2003,is,is,False,worthlessness,-0.0016519124183105305,0.0016519124183105305,0.4828818440437317,0.04357760027050972,0.35,0,0,901,FP32-token-IDs
MentalBERT,j97g2f,444,16,3270,##ha,ha,False,anger,0.0004416887939441949,0.0004416887939441949,0.2932449281215668,0.05900707468390465,0.35,0,0,901,FP32-token-IDs
MentalBERT,j97g2f,444,16,3270,##ha,ha,False,brain dysfunction (forget),-0.00012239730276633053,0.00012239730276633053,0.23247233033180237,0.014720726758241653,0.35,0,0,901,FP32-token-IDs
MentalBERT,j97g2f,444,16,3270,##ha,ha,False,emptiness,-0.0009501250635366886,0.0009501250635366886,0.24864429235458374,0.06192978844046593,0.35,0,0,901,FP32-token-IDs
MentalBERT,j97g2f,444,16,3270,##ha,ha,False,hopelessness,-0.00026564360305201265,0.00026564360305201265,0.4583815634250641,0.3241725265979767,0.35,0,0,901,FP32-token-IDs
MentalBERT,j97g2f,444,16,3270,##ha,ha,False,loneliness,-0.001309683034196496,0.001309683034196496,0.6244892477989197,0.18737603724002838,0.35,0,0,901,FP32-token-IDs
MentalBERT,j97g2f,444,16,3270,##ha,ha,False,sadness,-0.0017585622263140976,0.0017585622263140976,0.4321674406528473,0.9576798677444458,0.35,1,1,901,FP32-token-IDs
MentalBERT,j97g2f,444,16,3270,##ha,ha,False,suicide intent,0.00045039598335279153,0.00045039598335279153,0.06991535425186157,0.01626262441277504,0.35,0,0,901,FP32-token-IDs
MentalBERT,j97g2f,444,16,3270,##ha,ha,False,worthlessness,-0.0016519124183105305,0.0016519124183105305,0.4828818440437317,0.04357760027050972,0.35,0,0,901,FP32-token-IDs
MentalBERT,j97g2f,444,17,2319,##an,an,False,anger,0.0004416887939441949,0.0004416887939441949,0.2932449281215668,0.05900707468390465,0.35,0,0,901,FP32-token-IDs
MentalBERT,j97g2f,444,17,2319,##an,an,False,brain dysfunction (forget),-0.00012239730276633053,0.00012239730276633053,0.23247233033180237,0.014720726758241653,0.35,0,0,901,FP32-token-IDs
MentalBERT,j97g2f,444,17,2319,##an,an,False,emptiness,-0.0009501250635366886,0.0009501250635366886,0.24864429235458374,0.06192978844046593,0.35,0,0,901,FP32-token-IDs
MentalBERT,j97g2f,444,17,2319,##an,an,False,hopelessness,-0.00026564360305201265,0.00026564360305201265,0.4583815634250641,0.3241725265979767,0.35,0,0,901,FP32-token-IDs
MentalBERT,j97g2f,444,17,2319,##an,an,False,loneliness,-0.001309683034196496,0.001309683034196496,0.6244892477989197,0.18737603724002838,0.35,0,0,901,FP32-token-IDs
MentalBERT,j97g2f,444,17,2319,##an,an,False,sadness,-0.0017585622263140976,0.0017585622263140976,0.4321674406528473,0.9576798677444458,0.35,1,1,901,FP32-token-IDs
MentalBERT,j97g2f,444,17,2319,##an,an,False,suicide intent,0.00045039598335279153,0.00045039598335279153,0.06991535425186157,0.01626262441277504,0.35,0,0,901,FP32-token-IDs
MentalBERT,j97g2f,444,17,2319,##an,an,False,worthlessness,-0.0016519124183105305,0.0016519124183105305,0.4828818440437317,0.04357760027050972,0.35,0,0,901,FP32-token-IDs
MentalBERT,j97g2f,444,18,5960,singh,singh,False,anger,0.0004416887939441949,0.0004416887939441949,0.2932449281215668,0.05900707468390465,0.35,0,0,901,FP32-token-IDs
MentalBERT,j97g2f,444,18,5960,singh,singh,False,brain dysfunction (forget),-0.00012239730276633053,0.00012239730276633053,0.23247233033180237,0.014720726758241653,0.35,0,0,901,FP32-token-IDs
MentalBERT,j97g2f,444,18,5960,singh,singh,False,emptiness,-0.0009501250635366887,0.0009501250635366887,0.24864429235458374,0.06192978844046593,0.35,0,0,901,FP32-token-IDs
MentalBERT,j97g2f,444,18,5960,singh,singh,False,hopelessness,-0.0002656436030520126,0.0002656436030520126,0.4583815634250641,0.3241725265979767,0.35,0,0,901,FP32-token-IDs
MentalBERT,j97g2f,444,18,5960,singh,singh,False,loneliness,-0.001309683034196496,0.001309683034196496,0.6244892477989197,0.18737603724002838,0.35,0,0,901,FP32-token-IDs
MentalBERT,j97g2f,444,18,5960,singh,singh,False,sadness,-0.0017585622263140976,0.0017585622263140976,0.4321674406528473,0.9576798677444458,0.35,1,1,901,FP32-token-IDs
MentalBERT,j97g2f,444,18,5960,singh,singh,False,suicide intent,0.00045039598335279153,0.00045039598335279153,0.06991535425186157,0.01626262441277504,0.35,0,0,901,FP32-token-IDs
MentalBERT,j97g2f,444,18,5960,singh,singh,False,worthlessness,-0.0016519124183105305,0.0016519124183105305,0.4828818440437317,0.04357760027050972,0.35,0,0,901,FP32-token-IDs
MentalBERT,j97g2f,444,19,1012,.,.,False,anger,0.0004416887939441949,0.0004416887939441949,0.2932449281215668,0.05900707468390465,0.35,0,0,901,FP32-token-IDs
MentalBERT,j97g2f,444,19,1012,.,.,False,brain dysfunction (forget),-0.00012239730276633053,0.00012239730276633053,0.23247233033180237,0.014720726758241653,0.35,0,0,901,FP32-token-IDs
MentalBERT,j97g2f,444,19,1012,.,.,False,emptiness,-0.0009501250635366887,0.0009501250635366887,0.24864429235458374,0.06192978844046593,0.35,0,0,901,FP32-token-IDs
MentalBERT,j97g2f,444,19,1012,.,.,False,hopelessness,-0.0002656436030520126,0.0002656436030520126,0.4583815634250641,0.3241725265979767,0.35,0,0,901,FP32-token-IDs
MentalBERT,j97g2f,444,19,1012,.,.,False,loneliness,-0.001309683034196496,0.001309683034196496,0.6244892477989197,0.18737603724002838,0.35,0,0,901,FP32-token-IDs
MentalBERT,j97g2f,444,19,1012,.,.,False,sadness,-0.0017585622263140976,0.0017585622263140976,0.4321674406528473,0.9576798677444458,0.35,1,1,901,FP32-token-IDs
MentalBERT,j97g2f,444,19,1012,.,.,False,suicide intent,0.00045039598335279153,0.00045039598335279153,0.06991535425186157,0.01626262441277504,0.35,0,0,901,FP32-token-IDs
MentalBERT,j97g2f,444,19,1012,.,.,False,worthlessness,-0.0016519124183105305,0.0016519124183105305,0.4828818440437317,0.04357760027050972,0.35,0,0,901,FP32-token-IDs
MentalBERT,j97g2f,444,20,1045,i,i,False,anger,-0.0013489504940419768,0.0013489504940419768,0.2932449281215668,0.05900707468390465,0.35,0,0,901,FP32-token-IDs
MentalBERT,j97g2f,444,20,1045,i,i,False,brain dysfunction (forget),-0.0004930685623548925,0.0004930685623548925,0.23247233033180237,0.014720726758241653,0.35,0,0,901,FP32-token-IDs
MentalBERT,j97g2f,444,20,1045,i,i,False,emptiness,0.00010010070167481899,0.00010010070167481899,0.24864429235458374,0.06192978844046593,0.35,0,0,901,FP32-token-IDs
MentalBERT,j97g2f,444,20,1045,i,i,False,hopelessness,0.0006788912116705129,0.0006788912116705129,0.4583815634250641,0.3241725265979767,0.35,0,0,901,FP32-token-IDs
MentalBERT,j97g2f,444,20,1045,i,i,False,loneliness,0.0014511577645316721,0.0014511577645316721,0.6244892477989197,0.18737603724002838,0.35,0,0,901,FP32-token-IDs
MentalBERT,j97g2f,444,20,1045,i,i,False,sadness,-0.0007958595780655741,0.0007958595780655741,0.4321674406528473,0.9576798677444458,0.35,1,1,901,FP32-token-IDs
MentalBERT,j97g2f,444,20,1045,i,i,False,suicide intent,-0.0002631401674201091,0.0002631401674201091,0.06991535425186157,0.01626262441277504,0.35,0,0,901,FP32-token-IDs
MentalBERT,j97g2f,444,20,1045,i,i,False,worthlessness,-0.0009512708669838807,0.0009512708669838807,0.4828818440437317,0.04357760027050972,0.35,0,0,901,FP32-token-IDs
MentalBERT,j97g2f,444,21,2572,am,am,False,anger,-0.0013489504940419768,0.0013489504940419768,0.2932449281215668,0.05900707468390465,0.35,0,0,901,FP32-token-IDs
MentalBERT,j97g2f,444,21,2572,am,am,False,brain dysfunction (forget),-0.0004930685623548925,0.0004930685623548925,0.23247233033180237,0.014720726758241653,0.35,0,0,901,FP32-token-IDs
MentalBERT,j97g2f,444,21,2572,am,am,False,emptiness,0.00010010070167481899,0.00010010070167481899,0.24864429235458374,0.06192978844046593,0.35,0,0,901,FP32-token-IDs
MentalBERT,j97g2f,444,21,2572,am,am,False,hopelessness,0.0006788912116705129,0.0006788912116705129,0.4583815634250641,0.3241725265979767,0.35,0,0,901,FP32-token-IDs
MentalBERT,j97g2f,444,21,2572,am,am,False,loneliness,0.0014511577645316721,0.0014511577645316721,0.6244892477989197,0.18737603724002838,0.35,0,0,901,FP32-token-IDs
MentalBERT,j97g2f,444,21,2572,am,am,False,sadness,-0.0007958595780655741,0.0007958595780655741,0.4321674406528473,0.9576798677444458,0.35,1,1,901,FP32-token-IDs
MentalBERT,j97g2f,444,21,2572,am,am,False,suicide intent,-0.0002631401674201091,0.0002631401674201091,0.06991535425186157,0.01626262441277504,0.35,0,0,901,FP32-token-IDs
MentalBERT,j97g2f,444,21,2572,am,am,False,worthlessness,-0.0009512708669838807,0.0009512708669838807,0.4828818440437317,0.04357760027050972,0.35,0,0,901,FP32-token-IDs
MentalBERT,j97g2f,444,22,1037,a,a,False,anger,-0.0013489504940419768,0.0013489504940419768,0.2932449281215668,0.05900707468390465,0.35,0,0,901,FP32-token-IDs
MentalBERT,j97g2f,444,22,1037,a,a,False,brain dysfunction (forget),-0.0004930685623548925,0.0004930685623548925,0.23247233033180237,0.014720726758241653,0.35,0,0,901,FP32-token-IDs
MentalBERT,j97g2f,444,22,1037,a,a,False,emptiness,0.00010010070167481899,0.00010010070167481899,0.24864429235458374,0.06192978844046593,0.35,0,0,901,FP32-token-IDs
MentalBERT,j97g2f,444,22,1037,a,a,False,hopelessness,0.0006788912116705129,0.0006788912116705129,0.4583815634250641,0.3241725265979767,0.35,0,0,901,FP32-token-IDs
MentalBERT,j97g2f,444,22,1037,a,a,False,loneliness,0.0014511577645316721,0.0014511577645316721,0.6244892477989197,0.18737603724002838,0.35,0,0,901,FP32-token-IDs
MentalBERT,j97g2f,444,22,1037,a,a,False,sadness,-0.0007958595780655741,0.0007958595780655741,0.4321674406528473,0.9576798677444458,0.35,1,1,901,FP32-token-IDs
MentalBERT,j97g2f,444,22,1037,a,a,False,suicide intent,-0.0002631401674201091,0.0002631401674201091,0.06991535425186157,0.01626262441277504,0.35,0,0,901,FP32-token-IDs
MentalBERT,j97g2f,444,22,1037,a,a,False,worthlessness,-0.0009512708669838807,0.0009512708669838807,0.4828818440437317,0.04357760027050972,0.35,0,0,901,FP32-token-IDs
MentalBERT,j97g2f,444,23,2385,16,16,False,anger,-0.0013489504940419768,0.0013489504940419768,0.2932449281215668,0.05900707468390465,0.35,0,0,901,FP32-token-IDs
MentalBERT,j97g2f,444,23,2385,16,16,False,brain dysfunction (forget),-0.0004930685623548925,0.0004930685623548925,0.23247233033180237,0.014720726758241653,0.35,0,0,901,FP32-token-IDs
MentalBERT,j97g2f,444,23,2385,16,16,False,emptiness,0.00010010070167481899,0.00010010070167481899,0.24864429235458374,0.06192978844046593,0.35,0,0,901,FP32-token-IDs
MentalBERT,j97g2f,444,23,2385,16,16,False,hopelessness,0.0006788912116705129,0.0006788912116705129,0.4583815634250641,0.3241725265979767,0.35,0,0,901,FP32-token-IDs
MentalBERT,j97g2f,444,23,2385,16,16,False,loneliness,0.0014511577645316721,0.0014511577645316721,0.6244892477989197,0.18737603724002838,0.35,0,0,901,FP32-token-IDs
MentalBERT,j97g2f,444,23,2385,16,16,False,sadness,-0.0007958595780655741,0.0007958595780655741,0.4321674406528473,0.9576798677444458,0.35,1,1,901,FP32-token-IDs
MentalBERT,j97g2f,444,23,2385,16,16,False,suicide intent,-0.0002631401674201091,0.0002631401674201091,0.06991535425186157,0.01626262441277504,0.35,0,0,901,FP32-token-IDs
MentalBERT,j97g2f,444,23,2385,16,16,False,worthlessness,-0.0009512708669838807,0.0009512708669838807,0.4828818440437317,0.04357760027050972,0.35,0,0,901,FP32-token-IDs
MentalBERT,j97g2f,444,24,1011,-,-,False,anger,-0.0013489504940419768,0.0013489504940419768,0.2932449281215668,0.05900707468390465,0.35,0,0,901,FP32-token-IDs
MentalBERT,j97g2f,444,24,1011,-,-,False,brain dysfunction (forget),-0.0004930685623548925,0.0004930685623548925,0.23247233033180237,0.014720726758241653,0.35,0,0,901,FP32-token-IDs
MentalBERT,j97g2f,444,24,1011,-,-,False,emptiness,0.00010010070167481899,0.00010010070167481899,0.24864429235458374,0.06192978844046593,0.35,0,0,901,FP32-token-IDs
MentalBERT,j97g2f,444,24,1011,-,-,False,hopelessness,0.0006788912116705129,0.0006788912116705129,0.4583815634250641,0.3241725265979767,0.35,0,0,901,FP32-token-IDs
MentalBERT,j97g2f,444,24,1011,-,-,False,loneliness,0.0014511577645316721,0.0014511577645316721,0.6244892477989197,0.18737603724002838,0.35,0,0,901,FP32-token-IDs
MentalBERT,j97g2f,444,24,1011,-,-,False,sadness,-0.0007958595780655741,0.0007958595780655741,0.4321674406528473,0.9576798677444458,0.35,1,1,901,FP32-token-IDs
MentalBERT,j97g2f,444,24,1011,-,-,False,suicide intent,-0.0002631401674201091,0.0002631401674201091,0.06991535425186157,0.01626262441277504,0.35,0,0,901,FP32-token-IDs
MentalBERT,j97g2f,444,24,1011,-,-,False,worthlessness,-0.0009512708669838807,0.0009512708669838807,0.4828818440437317,0.04357760027050972,0.35,0,0,901,FP32-token-IDs
MentalBERT,j97g2f,444,25,2095,year,year,False,anger,-0.0013489504940419768,0.0013489504940419768,0.2932449281215668,0.05900707468390465,0.35,0,0,901,FP32-token-IDs
MentalBERT,j97g2f,444,25,2095,year,year,False,brain dysfunction (forget),-0.0004930685623548925,0.0004930685623548925,0.23247233033180237,0.014720726758241653,0.35,0,0,901,FP32-token-IDs
MentalBERT,j97g2f,444,25,2095,year,year,False,emptiness,0.00010010070167481899,0.00010010070167481899,0.24864429235458374,0.06192978844046593,0.35,0,0,901,FP32-token-IDs
MentalBERT,j97g2f,444,25,2095,year,year,False,hopelessness,0.0006788912116705129,0.0006788912116705129,0.4583815634250641,0.3241725265979767,0.35,0,0,901,FP32-token-IDs
MentalBERT,j97g2f,444,25,2095,year,year,False,loneliness,0.0014511577645316721,0.0014511577645316721,0.6244892477989197,0.18737603724002838,0.35,0,0,901,FP32-token-IDs
MentalBERT,j97g2f,444,25,2095,year,year,False,sadness,-0.0007958595780655741,0.0007958595780655741,0.4321674406528473,0.9576798677444458,0.35,1,1,901,FP32-token-IDs
MentalBERT,j97g2f,444,25,2095,year,year,False,suicide intent,-0.0002631401674201091,0.0002631401674201091,0.06991535425186157,0.01626262441277504,0.35,0,0,901,FP32-token-IDs
MentalBERT,j97g2f,444,25,2095,year,year,False,worthlessness,-0.0009512708669838807,0.0009512708669838807,0.4828818440437317,0.04357760027050972,0.35,0,0,901,FP32-token-IDs
MentalBERT,j97g2f,444,26,1011,-,-,False,anger,-0.0013489504940419768,0.0013489504940419768,0.2932449281215668,0.05900707468390465,0.35,0,0,901,FP32-token-IDs
MentalBERT,j97g2f,444,26,1011,-,-,False,brain dysfunction (forget),-0.0004930685623548925,0.0004930685623548925,0.23247233033180237,0.014720726758241653,0.35,0,0,901,FP32-token-IDs
MentalBERT,j97g2f,444,26,1011,-,-,False,emptiness,0.00010010070167481899,0.00010010070167481899,0.24864429235458374,0.06192978844046593,0.35,0,0,901,FP32-token-IDs
MentalBERT,j97g2f,444,26,1011,-,-,False,hopelessness,0.0006788912116705129,0.0006788912116705129,0.4583815634250641,0.3241725265979767,0.35,0,0,901,FP32-token-IDs
MentalBERT,j97g2f,444,26,1011,-,-,False,loneliness,0.0014511577645316721,0.0014511577645316721,0.6244892477989197,0.18737603724002838,0.35,0,0,901,FP32-token-IDs
MentalBERT,j97g2f,444,26,1011,-,-,False,sadness,-0.0007958595780655741,0.0007958595780655741,0.4321674406528473,0.9576798677444458,0.35,1,1,901,FP32-token-IDs
MentalBERT,j97g2f,444,26,1011,-,-,False,suicide intent,-0.0002631401674201091,0.0002631401674201091,0.06991535425186157,0.01626262441277504,0.35,0,0,901,FP32-token-IDs
MentalBERT,j97g2f,444,26,1011,-,-,False,worthlessness,-0.0009512708669838807,0.0009512708669838807,0.4828818440437317,0.04357760027050972,0.35,0,0,901,FP32-token-IDs
MentalBERT,j97g2f,444,27,2214,old,old,False,anger,-0.0013489504940419768,0.0013489504940419768,0.2932449281215668,0.05900707468390465,0.35,0,0,901,FP32-token-IDs
MentalBERT,j97g2f,444,27,2214,old,old,False,brain dysfunction (forget),-0.0004930685623548925,0.0004930685623548925,0.23247233033180237,0.014720726758241653,0.35,0,0,901,FP32-token-IDs
MentalBERT,j97g2f,444,27,2214,old,old,False,emptiness,0.00010010070167481899,0.00010010070167481899,0.24864429235458374,0.06192978844046593,0.35,0,0,901,FP32-token-IDs
MentalBERT,j97g2f,444,27,2214,old,old,False,hopelessness,0.0006788912116705129,0.0006788912116705129,0.4583815634250641,0.3241725265979767,0.35,0,0,901,FP32-token-IDs
MentalBERT,j97g2f,444,27,2214,old,old,False,loneliness,0.0014511577645316721,0.0014511577645316721,0.6244892477989197,0.18737603724002838,0.35,0,0,901,FP32-token-IDs
MentalBERT,j97g2f,444,27,2214,old,old,False,sadness,-0.0007958595780655741,0.0007958595780655741,0.4321674406528473,0.9576798677444458,0.35,1,1,901,FP32-token-IDs
MentalBERT,j97g2f,444,27,2214,old,old,False,suicide intent,-0.0002631401674201091,0.0002631401674201091,0.06991535425186157,0.01626262441277504,0.35,0,0,901,FP32-token-IDs
MentalBERT,j97g2f,444,27,2214,old,old,False,worthlessness,-0.0009512708669838807,0.0009512708669838807,0.4828818440437317,0.04357760027050972,0.35,0,0,901,FP32-token-IDs
MentalBERT,j97g2f,444,28,3076,student,student,False,anger,-0.0019181330730983364,0.0019181330730983364,0.2932449281215668,0.05900707468390465,0.35,0,0,901,FP32-token-IDs
MentalBERT,j97g2f,444,28,3076,student,student,False,brain dysfunction (forget),-0.0006254999549128115,0.0006254999549128115,0.23247233033180237,0.014720726758241653,0.35,0,0,901,FP32-token-IDs
MentalBERT,j97g2f,444,28,3076,student,student,False,emptiness,-0.0005234644364099949,0.0005234644364099949,0.24864429235458374,0.06192978844046593,0.35,0,0,901,FP32-token-IDs
MentalBERT,j97g2f,444,28,3076,student,student,False,hopelessness,-0.0011341100787588708,0.0011341100787588708,0.4583815634250641,0.3241725265979767,0.35,0,0,901,FP32-token-IDs
MentalBERT,j97g2f,444,28,3076,student,student,False,loneliness,0.0018515220470726491,0.0018515220470726491,0.6244892477989197,0.18737603724002838,0.35,0,0,901,FP32-token-IDs
MentalBERT,j97g2f,444,28,3076,student,student,False,sadness,-0.002027779552154243,0.002027779552154243,0.4321674406528473,0.9576798677444458,0.35,1,1,901,FP32-token-IDs
MentalBERT,j97g2f,444,28,3076,student,student,False,suicide intent,-0.0003026078864544009,0.0003026078864544009,0.06991535425186157,0.01626262441277504,0.35,0,0,901,FP32-token-IDs
MentalBERT,j97g2f,444,28,3076,student,student,False,worthlessness,-0.002969825410594543,0.002969825410594543,0.4828818440437317,0.04357760027050972,0.35,0,0,901,FP32-token-IDs
MentalBERT,j97g2f,444,29,1999,in,in,False,anger,-0.0019181330730983364,0.0019181330730983364,0.2932449281215668,0.05900707468390465,0.35,0,0,901,FP32-token-IDs
MentalBERT,j97g2f,444,29,1999,in,in,False,brain dysfunction (forget),-0.0006254999549128115,0.0006254999549128115,0.23247233033180237,0.014720726758241653,0.35,0,0,901,FP32-token-IDs
MentalBERT,j97g2f,444,29,1999,in,in,False,emptiness,-0.0005234644364099949,0.0005234644364099949,0.24864429235458374,0.06192978844046593,0.35,0,0,901,FP32-token-IDs
MentalBERT,j97g2f,444,29,1999,in,in,False,hopelessness,-0.0011341100787588708,0.0011341100787588708,0.4583815634250641,0.3241725265979767,0.35,0,0,901,FP32-token-IDs
MentalBERT,j97g2f,444,29,1999,in,in,False,loneliness,0.0018515220470726491,0.0018515220470726491,0.6244892477989197,0.18737603724002838,0.35,0,0,901,FP32-token-IDs
MentalBERT,j97g2f,444,29,1999,in,in,False,sadness,-0.002027779552154243,0.002027779552154243,0.4321674406528473,0.9576798677444458,0.35,1,1,901,FP32-token-IDs
MentalBERT,j97g2f,444,29,1999,in,in,False,suicide intent,-0.0003026078864544009,0.0003026078864544009,0.06991535425186157,0.01626262441277504,0.35,0,0,901,FP32-token-IDs
MentalBERT,j97g2f,444,29,1999,in,in,False,worthlessness,-0.002969825410594543,0.002969825410594543,0.4828818440437317,0.04357760027050972,0.35,0,0,901,FP32-token-IDs
MentalBERT,j97g2f,444,30,8955,mumbai,mumbai,False,anger,-0.0019181330730983364,0.0019181330730983364,0.2932449281215668,0.05900707468390465,0.35,0,0,901,FP32-token-IDs
MentalBERT,j97g2f,444,30,8955,mumbai,mumbai,False,brain dysfunction (forget),-0.0006254999549128115,0.0006254999549128115,0.23247233033180237,0.014720726758241653,0.35,0,0,901,FP32-token-IDs
MentalBERT,j97g2f,444,30,8955,mumbai,mumbai,False,emptiness,-0.0005234644364099949,0.0005234644364099949,0.24864429235458374,0.06192978844046593,0.35,0,0,901,FP32-token-IDs
MentalBERT,j97g2f,444,30,8955,mumbai,mumbai,False,hopelessness,-0.0011341100787588708,0.0011341100787588708,0.4583815634250641,0.3241725265979767,0.35,0,0,901,FP32-token-IDs
MentalBERT,j97g2f,444,30,8955,mumbai,mumbai,False,loneliness,0.0018515220470726491,0.0018515220470726491,0.6244892477989197,0.18737603724002838,0.35,0,0,901,FP32-token-IDs
MentalBERT,j97g2f,444,30,8955,mumbai,mumbai,False,sadness,-0.002027779552154243,0.002027779552154243,0.4321674406528473,0.9576798677444458,0.35,1,1,901,FP32-token-IDs
MentalBERT,j97g2f,444,30,8955,mumbai,mumbai,False,suicide intent,-0.0003026078864544009,0.0003026078864544009,0.06991535425186157,0.01626262441277504,0.35,0,0,901,FP32-token-IDs
MentalBERT,j97g2f,444,30,8955,mumbai,mumbai,False,worthlessness,-0.002969825410594543,0.002969825410594543,0.4828818440437317,0.04357760027050972,0.35,0,0,901,FP32-token-IDs
MentalBERT,j97g2f,444,31,1012,.,.,False,anger,-0.0019181330730983367,0.0019181330730983367,0.2932449281215668,0.05900707468390465,0.35,0,0,901,FP32-token-IDs
MentalBERT,j97g2f,444,31,1012,.,.,False,brain dysfunction (forget),-0.0006254999549128115,0.0006254999549128115,0.23247233033180237,0.014720726758241653,0.35,0,0,901,FP32-token-IDs
MentalBERT,j97g2f,444,31,1012,.,.,False,emptiness,-0.0005234644364099949,0.0005234644364099949,0.24864429235458374,0.06192978844046593,0.35,0,0,901,FP32-token-IDs
MentalBERT,j97g2f,444,31,1012,.,.,False,hopelessness,-0.0011341100787588708,0.0011341100787588708,0.4583815634250641,0.3241725265979767,0.35,0,0,901,FP32-token-IDs
MentalBERT,j97g2f,444,31,1012,.,.,False,loneliness,0.0018515220470726491,0.0018515220470726491,0.6244892477989197,0.18737603724002838,0.35,0,0,901,FP32-token-IDs
MentalBERT,j97g2f,444,31,1012,.,.,False,sadness,-0.002027779552154243,0.002027779552154243,0.4321674406528473,0.9576798677444458,0.35,1,1,901,FP32-token-IDs
MentalBERT,j97g2f,444,31,1012,.,.,False,suicide intent,-0.0003026078864544009,0.0003026078864544009,0.06991535425186157,0.01626262441277504,0.35,0,0,901,FP32-token-IDs
MentalBERT,j97g2f,444,31,1012,.,.,False,worthlessness,-0.002969825410594543,0.002969825410594543,0.4828818440437317,0.04357760027050972,0.35,0,0,901,FP32-token-IDs
MentalBERT,j97g2f,444,32,1045,i,i,False,anger,-0.0007294441220493844,0.0007294441220493844,0.2932449281215668,0.05900707468390465,0.35,0,0,901,FP32-token-IDs
MentalBERT,j97g2f,444,32,1045,i,i,False,brain dysfunction (forget),-1.7010580855779953e-05,1.7010580855779953e-05,0.23247233033180237,0.014720726758241653,0.35,0,0,901,FP32-token-IDs
MentalBERT,j97g2f,444,32,1045,i,i,False,emptiness,-0.0005826703206492732,0.0005826703206492732,0.24864429235458374,0.06192978844046593,0.35,0,0,901,FP32-token-IDs
MentalBERT,j97g2f,444,32,1045,i,i,False,hopelessness,-0.000504028049763292,0.000504028049763292,0.4583815634250641,0.3241725265979767,0.35,0,0,901,FP32-token-IDs
MentalBERT,j97g2f,444,32,1045,i,i,False,loneliness,-0.0010889191839557428,0.0010889191839557428,0.6244892477989197,0.18737603724002838,0.35,0,0,901,FP32-token-IDs
MentalBERT,j97g2f,444,32,1045,i,i,False,sadness,-0.001865948490941754,0.001865948490941754,0.4321674406528473,0.9576798677444458,0.35,1,1,901,FP32-token-IDs
MentalBERT,j97g2f,444,32,1045,i,i,False,suicide intent,-0.00010998835164802865,0.00010998835164802865,0.06991535425186157,0.01626262441277504,0.35,0,0,901,FP32-token-IDs
MentalBERT,j97g2f,444,32,1045,i,i,False,worthlessness,-0.001099348020596573,0.001099348020596573,0.4828818440437317,0.04357760027050972,0.35,0,0,901,FP32-token-IDs
MentalBERT,j97g2f,444,33,2328,built,built,False,anger,-0.0007294441220493844,0.0007294441220493844,0.2932449281215668,0.05900707468390465,0.35,0,0,901,FP32-token-IDs
MentalBERT,j97g2f,444,33,2328,built,built,False,brain dysfunction (forget),-1.7010580855779953e-05,1.7010580855779953e-05,0.23247233033180237,0.014720726758241653,0.35,0,0,901,FP32-token-IDs
MentalBERT,j97g2f,444,33,2328,built,built,False,emptiness,-0.0005826703206492732,0.0005826703206492732,0.24864429235458374,0.06192978844046593,0.35,0,0,901,FP32-token-IDs
MentalBERT,j97g2f,444,33,2328,built,built,False,hopelessness,-0.000504028049763292,0.000504028049763292,0.4583815634250641,0.3241725265979767,0.35,0,0,901,FP32-token-IDs
MentalBERT,j97g2f,444,33,2328,built,built,False,loneliness,-0.0010889191839557428,0.0010889191839557428,0.6244892477989197,0.18737603724002838,0.35,0,0,901,FP32-token-IDs
MentalBERT,j97g2f,444,33,2328,built,built,False,sadness,-0.001865948490941754,0.001865948490941754,0.4321674406528473,0.9576798677444458,0.35,1,1,901,FP32-token-IDs
MentalBERT,j97g2f,444,33,2328,built,built,False,suicide intent,-0.00010998835164802865,0.00010998835164802865,0.06991535425186157,0.01626262441277504,0.35,0,0,901,FP32-token-IDs
MentalBERT,j97g2f,444,33,2328,built,built,False,worthlessness,-0.001099348020596573,0.001099348020596573,0.4828818440437317,0.04357760027050972,0.35,0,0,901,FP32-token-IDs
MentalBERT,j97g2f,444,34,1037,a,a,False,anger,-0.0007294441220493844,0.0007294441220493844,0.2932449281215668,0.05900707468390465,0.35,0,0,901,FP32-token-IDs
MentalBERT,j97g2f,444,34,1037,a,a,False,brain dysfunction (forget),-1.7010580855779953e-05,1.7010580855779953e-05,0.23247233033180237,0.014720726758241653,0.35,0,0,901,FP32-token-IDs
MentalBERT,j97g2f,444,34,1037,a,a,False,emptiness,-0.0005826703206492732,0.0005826703206492732,0.24864429235458374,0.06192978844046593,0.35,0,0,901,FP32-token-IDs
MentalBERT,j97g2f,444,34,1037,a,a,False,hopelessness,-0.000504028049763292,0.000504028049763292,0.4583815634250641,0.3241725265979767,0.35,0,0,901,FP32-token-IDs
MentalBERT,j97g2f,444,34,1037,a,a,False,loneliness,-0.0010889191839557428,0.0010889191839557428,0.6244892477989197,0.18737603724002838,0.35,0,0,901,FP32-token-IDs
MentalBERT,j97g2f,444,34,1037,a,a,False,sadness,-0.001865948490941754,0.001865948490941754,0.4321674406528473,0.9576798677444458,0.35,1,1,901,FP32-token-IDs
MentalBERT,j97g2f,444,34,1037,a,a,False,suicide intent,-0.00010998835164802865,0.00010998835164802865,0.06991535425186157,0.01626262441277504,0.35,0,0,901,FP32-token-IDs
MentalBERT,j97g2f,444,34,1037,a,a,False,worthlessness,-0.001099348020596573,0.001099348020596573,0.4828818440437317,0.04357760027050972,0.35,0,0,901,FP32-token-IDs
MentalBERT,j97g2f,444,35,2489,free,free,False,anger,-0.0007294441220493844,0.0007294441220493844,0.2932449281215668,0.05900707468390465,0.35,0,0,901,FP32-token-IDs
MentalBERT,j97g2f,444,35,2489,free,free,False,brain dysfunction (forget),-1.7010580855779953e-05,1.7010580855779953e-05,0.23247233033180237,0.014720726758241653,0.35,0,0,901,FP32-token-IDs
MentalBERT,j97g2f,444,35,2489,free,free,False,emptiness,-0.0005826703206492732,0.0005826703206492732,0.24864429235458374,0.06192978844046593,0.35,0,0,901,FP32-token-IDs
MentalBERT,j97g2f,444,35,2489,free,free,False,hopelessness,-0.000504028049763292,0.000504028049763292,0.4583815634250641,0.3241725265979767,0.35,0,0,901,FP32-token-IDs
MentalBERT,j97g2f,444,35,2489,free,free,False,loneliness,-0.0010889191839557428,0.0010889191839557428,0.6244892477989197,0.18737603724002838,0.35,0,0,901,FP32-token-IDs
MentalBERT,j97g2f,444,35,2489,free,free,False,sadness,-0.001865948490941754,0.001865948490941754,0.4321674406528473,0.9576798677444458,0.35,1,1,901,FP32-token-IDs
MentalBERT,j97g2f,444,35,2489,free,free,False,suicide intent,-0.00010998835164802865,0.00010998835164802865,0.06991535425186157,0.01626262441277504,0.35,0,0,901,FP32-token-IDs
MentalBERT,j97g2f,444,35,2489,free,free,False,worthlessness,-0.001099348020596573,0.001099348020596573,0.4828818440437317,0.04357760027050972,0.35,0,0,901,FP32-token-IDs
MentalBERT,j97g2f,444,36,9932,ai,ai,False,anger,-0.00040858076176900635,0.00040858076176900635,0.2932449281215668,0.05900707468390465,0.35,0,0,901,FP32-token-IDs
MentalBERT,j97g2f,444,36,9932,ai,ai,False,brain dysfunction (forget),0.0003902474742653405,0.0003902474742653405,0.23247233033180237,0.014720726758241653,0.35,0,0,901,FP32-token-IDs
MentalBERT,j97g2f,444,36,9932,ai,ai,False,emptiness,-0.0007067120296116442,0.0007067120296116442,0.24864429235458374,0.06192978844046593,0.35,0,0,901,FP32-token-IDs
MentalBERT,j97g2f,444,36,9932,ai,ai,False,hopelessness,-0.0004839779229627714,0.0004839779229627714,0.4583815634250641,0.3241725265979767,0.35,0,0,901,FP32-token-IDs
MentalBERT,j97g2f,444,36,9932,ai,ai,False,loneliness,-0.0011884243783150986,0.0011884243783150986,0.6244892477989197,0.18737603724002838,0.35,0,0,901,FP32-token-IDs
MentalBERT,j97g2f,444,36,9932,ai,ai,False,sadness,-0.0018804875487445768,0.0018804875487445768,0.4321674406528473,0.9576798677444458,0.35,1,1,901,FP32-token-IDs
MentalBERT,j97g2f,444,36,9932,ai,ai,False,suicide intent,-9.749602233895506e-05,9.749602233895506e-05,0.06991535425186157,0.01626262441277504,0.35,0,0,901,FP32-token-IDs
MentalBERT,j97g2f,444,36,9932,ai,ai,False,worthlessness,-0.0008158924021463617,0.0008158924021463617,0.4828818440437317,0.04357760027050972,0.35,0,0,901,FP32-token-IDs
MentalBERT,j97g2f,444,37,1011,-,-,False,anger,-0.00040858076176900635,0.00040858076176900635,0.2932449281215668,0.05900707468390465,0.35,0,0,901,FP32-token-IDs
MentalBERT,j97g2f,444,37,1011,-,-,False,brain dysfunction (forget),0.0003902474742653405,0.0003902474742653405,0.23247233033180237,0.014720726758241653,0.35,0,0,901,FP32-token-IDs
MentalBERT,j97g2f,444,37,1011,-,-,False,emptiness,-0.0007067120296116442,0.0007067120296116442,0.24864429235458374,0.06192978844046593,0.35,0,0,901,FP32-token-IDs
MentalBERT,j97g2f,444,37,1011,-,-,False,hopelessness,-0.0004839779229627714,0.0004839779229627714,0.4583815634250641,0.3241725265979767,0.35,0,0,901,FP32-token-IDs
MentalBERT,j97g2f,444,37,1011,-,-,False,loneliness,-0.0011884243783150986,0.0011884243783150986,0.6244892477989197,0.18737603724002838,0.35,0,0,901,FP32-token-IDs
MentalBERT,j97g2f,444,37,1011,-,-,False,sadness,-0.0018804875487445768,0.0018804875487445768,0.4321674406528473,0.9576798677444458,0.35,1,1,901,FP32-token-IDs
MentalBERT,j97g2f,444,37,1011,-,-,False,suicide intent,-9.749602233895506e-05,9.749602233895506e-05,0.06991535425186157,0.01626262441277504,0.35,0,0,901,FP32-token-IDs
MentalBERT,j97g2f,444,37,1011,-,-,False,worthlessness,-0.0008158924021463617,0.0008158924021463617,0.4828818440437317,0.04357760027050972,0.35,0,0,901,FP32-token-IDs
MentalBERT,j97g2f,444,38,6113,powered,powered,False,anger,-0.00040858076176900635,0.00040858076176900635,0.2932449281215668,0.05900707468390465,0.35,0,0,901,FP32-token-IDs
MentalBERT,j97g2f,444,38,6113,powered,powered,False,brain dysfunction (forget),0.0003902474742653405,0.0003902474742653405,0.23247233033180237,0.014720726758241653,0.35,0,0,901,FP32-token-IDs
MentalBERT,j97g2f,444,38,6113,powered,powered,False,emptiness,-0.0007067120296116442,0.0007067120296116442,0.24864429235458374,0.06192978844046593,0.35,0,0,901,FP32-token-IDs
MentalBERT,j97g2f,444,38,6113,powered,powered,False,hopelessness,-0.0004839779229627714,0.0004839779229627714,0.4583815634250641,0.3241725265979767,0.35,0,0,901,FP32-token-IDs
MentalBERT,j97g2f,444,38,6113,powered,powered,False,loneliness,-0.0011884243783150986,0.0011884243783150986,0.6244892477989197,0.18737603724002838,0.35,0,0,901,FP32-token-IDs
MentalBERT,j97g2f,444,38,6113,powered,powered,False,sadness,-0.0018804875487445768,0.0018804875487445768,0.4321674406528473,0.9576798677444458,0.35,1,1,901,FP32-token-IDs
MentalBERT,j97g2f,444,38,6113,powered,powered,False,suicide intent,-9.749602233895506e-05,9.749602233895506e-05,0.06991535425186157,0.01626262441277504,0.35,0,0,901,FP32-token-IDs
MentalBERT,j97g2f,444,38,6113,powered,powered,False,worthlessness,-0.0008158924021463617,0.0008158924021463617,0.4828818440437317,0.04357760027050972,0.35,0,0,901,FP32-token-IDs
MentalBERT,j97g2f,444,39,11834,chat,chat,False,anger,-0.00040858076176900635,0.00040858076176900635,0.2932449281215668,0.05900707468390465,0.35,0,0,901,FP32-token-IDs
MentalBERT,j97g2f,444,39,11834,chat,chat,False,brain dysfunction (forget),0.0003902474742653405,0.0003902474742653405,0.23247233033180237,0.014720726758241653,0.35,0,0,901,FP32-token-IDs
MentalBERT,j97g2f,444,39,11834,chat,chat,False,emptiness,-0.0007067120296116442,0.0007067120296116442,0.24864429235458374,0.06192978844046593,0.35,0,0,901,FP32-token-IDs
MentalBERT,j97g2f,444,39,11834,chat,chat,False,hopelessness,-0.0004839779229627714,0.0004839779229627714,0.4583815634250641,0.3241725265979767,0.35,0,0,901,FP32-token-IDs
MentalBERT,j97g2f,444,39,11834,chat,chat,False,loneliness,-0.0011884243783150986,0.0011884243783150986,0.6244892477989197,0.18737603724002838,0.35,0,0,901,FP32-token-IDs
MentalBERT,j97g2f,444,39,11834,chat,chat,False,sadness,-0.0018804875487445768,0.0018804875487445768,0.4321674406528473,0.9576798677444458,0.35,1,1,901,FP32-token-IDs
MentalBERT,j97g2f,444,39,11834,chat,chat,False,suicide intent,-9.749602233895506e-05,9.749602233895506e-05,0.06991535425186157,0.01626262441277504,0.35,0,0,901,FP32-token-IDs
MentalBERT,j97g2f,444,39,11834,chat,chat,False,worthlessness,-0.0008158924021463617,0.0008158924021463617,0.4828818440437317,0.04357760027050972,0.35,0,0,901,FP32-token-IDs
MentalBERT,j97g2f,444,40,18384,##bot,bot,False,anger,-0.00040858076176900635,0.00040858076176900635,0.2932449281215668,0.05900707468390465,0.35,0,0,901,FP32-token-IDs
MentalBERT,j97g2f,444,40,18384,##bot,bot,False,brain dysfunction (forget),0.0003902474742653405,0.0003902474742653405,0.23247233033180237,0.014720726758241653,0.35,0,0,901,FP32-token-IDs
MentalBERT,j97g2f,444,40,18384,##bot,bot,False,emptiness,-0.0007067120296116442,0.0007067120296116442,0.24864429235458374,0.06192978844046593,0.35,0,0,901,FP32-token-IDs
MentalBERT,j97g2f,444,40,18384,##bot,bot,False,hopelessness,-0.0004839779229627714,0.0004839779229627714,0.4583815634250641,0.3241725265979767,0.35,0,0,901,FP32-token-IDs
MentalBERT,j97g2f,444,40,18384,##bot,bot,False,loneliness,-0.0011884243783150986,0.0011884243783150986,0.6244892477989197,0.18737603724002838,0.35,0,0,901,FP32-token-IDs
MentalBERT,j97g2f,444,40,18384,##bot,bot,False,sadness,-0.0018804875487445768,0.0018804875487445768,0.4321674406528473,0.9576798677444458,0.35,1,1,901,FP32-token-IDs
MentalBERT,j97g2f,444,40,18384,##bot,bot,False,suicide intent,-9.749602233895506e-05,9.749602233895506e-05,0.06991535425186157,0.01626262441277504,0.35,0,0,901,FP32-token-IDs
MentalBERT,j97g2f,444,40,18384,##bot,bot,False,worthlessness,-0.0008158924021463617,0.0008158924021463617,0.4828818440437317,0.04357760027050972,0.35,0,0,901,FP32-token-IDs
MentalBERT,j97g2f,444,41,2170,called,called,False,anger,-0.00040858076176900635,0.00040858076176900635,0.2932449281215668,0.05900707468390465,0.35,0,0,901,FP32-token-IDs
MentalBERT,j97g2f,444,41,2170,called,called,False,brain dysfunction (forget),0.0003902474742653405,0.0003902474742653405,0.23247233033180237,0.014720726758241653,0.35,0,0,901,FP32-token-IDs
MentalBERT,j97g2f,444,41,2170,called,called,False,emptiness,-0.0007067120296116442,0.0007067120296116442,0.24864429235458374,0.06192978844046593,0.35,0,0,901,FP32-token-IDs
MentalBERT,j97g2f,444,41,2170,called,called,False,hopelessness,-0.0004839779229627714,0.0004839779229627714,0.4583815634250641,0.3241725265979767,0.35,0,0,901,FP32-token-IDs
MentalBERT,j97g2f,444,41,2170,called,called,False,loneliness,-0.0011884243783150986,0.0011884243783150986,0.6244892477989197,0.18737603724002838,0.35,0,0,901,FP32-token-IDs
MentalBERT,j97g2f,444,41,2170,called,called,False,sadness,-0.0018804875487445768,0.0018804875487445768,0.4321674406528473,0.9576798677444458,0.35,1,1,901,FP32-token-IDs
MentalBERT,j97g2f,444,41,2170,called,called,False,suicide intent,-9.749602233895506e-05,9.749602233895506e-05,0.06991535425186157,0.01626262441277504,0.35,0,0,901,FP32-token-IDs
MentalBERT,j97g2f,444,41,2170,called,called,False,worthlessness,-0.0008158924021463617,0.0008158924021463617,0.4828818440437317,0.04357760027050972,0.35,0,0,901,FP32-token-IDs
MentalBERT,j97g2f,444,42,27118,ina,ina,False,anger,-0.00040858076176900635,0.00040858076176900635,0.2932449281215668,0.05900707468390465,0.35,0,0,901,FP32-token-IDs
MentalBERT,j97g2f,444,42,27118,ina,ina,False,brain dysfunction (forget),0.0003902474742653405,0.0003902474742653405,0.23247233033180237,0.014720726758241653,0.35,0,0,901,FP32-token-IDs
MentalBERT,j97g2f,444,42,27118,ina,ina,False,emptiness,-0.0007067120296116442,0.0007067120296116442,0.24864429235458374,0.06192978844046593,0.35,0,0,901,FP32-token-IDs
MentalBERT,j97g2f,444,42,27118,ina,ina,False,hopelessness,-0.0004839779229627714,0.0004839779229627714,0.4583815634250641,0.3241725265979767,0.35,0,0,901,FP32-token-IDs
MentalBERT,j97g2f,444,42,27118,ina,ina,False,loneliness,-0.0011884243783150986,0.0011884243783150986,0.6244892477989197,0.18737603724002838,0.35,0,0,901,FP32-token-IDs
MentalBERT,j97g2f,444,42,27118,ina,ina,False,sadness,-0.0018804875487445768,0.0018804875487445768,0.4321674406528473,0.9576798677444458,0.35,1,1,901,FP32-token-IDs
MentalBERT,j97g2f,444,42,27118,ina,ina,False,suicide intent,-9.749602233895506e-05,9.749602233895506e-05,0.06991535425186157,0.01626262441277504,0.35,0,0,901,FP32-token-IDs
MentalBERT,j97g2f,444,42,27118,ina,ina,False,worthlessness,-0.0008158924021463617,0.0008158924021463617,0.4828818440437317,0.04357760027050972,0.35,0,0,901,FP32-token-IDs
MentalBERT,j97g2f,444,43,3148,##ya,ya,False,anger,-0.00040858076176900635,0.00040858076176900635,0.2932449281215668,0.05900707468390465,0.35,0,0,901,FP32-token-IDs
MentalBERT,j97g2f,444,43,3148,##ya,ya,False,brain dysfunction (forget),0.0003902474742653405,0.0003902474742653405,0.23247233033180237,0.014720726758241653,0.35,0,0,901,FP32-token-IDs
MentalBERT,j97g2f,444,43,3148,##ya,ya,False,emptiness,-0.0007067120296116442,0.0007067120296116442,0.24864429235458374,0.06192978844046593,0.35,0,0,901,FP32-token-IDs
MentalBERT,j97g2f,444,43,3148,##ya,ya,False,hopelessness,-0.0004839779229627714,0.0004839779229627714,0.4583815634250641,0.3241725265979767,0.35,0,0,901,FP32-token-IDs
MentalBERT,j97g2f,444,43,3148,##ya,ya,False,loneliness,-0.0011884243783150986,0.0011884243783150986,0.6244892477989197,0.18737603724002838,0.35,0,0,901,FP32-token-IDs
MentalBERT,j97g2f,444,43,3148,##ya,ya,False,sadness,-0.0018804875487445768,0.0018804875487445768,0.4321674406528473,0.9576798677444458,0.35,1,1,901,FP32-token-IDs
MentalBERT,j97g2f,444,43,3148,##ya,ya,False,suicide intent,-9.749602233895506e-05,9.749602233895506e-05,0.06991535425186157,0.01626262441277504,0.35,0,0,901,FP32-token-IDs
MentalBERT,j97g2f,444,43,3148,##ya,ya,False,worthlessness,-0.0008158924021463617,0.0008158924021463617,0.4828818440437317,0.04357760027050972,0.35,0,0,901,FP32-token-IDs
MentalBERT,j97g2f,444,44,1012,.,.,False,anger,-0.00040858076176900635,0.00040858076176900635,0.2932449281215668,0.05900707468390465,0.35,0,0,901,FP32-token-IDs
MentalBERT,j97g2f,444,44,1012,.,.,False,brain dysfunction (forget),0.0003902474742653405,0.0003902474742653405,0.23247233033180237,0.014720726758241653,0.35,0,0,901,FP32-token-IDs
MentalBERT,j97g2f,444,44,1012,.,.,False,emptiness,-0.0007067120296116442,0.0007067120296116442,0.24864429235458374,0.06192978844046593,0.35,0,0,901,FP32-token-IDs
MentalBERT,j97g2f,444,44,1012,.,.,False,hopelessness,-0.0004839779229627714,0.0004839779229627714,0.4583815634250641,0.3241725265979767,0.35,0,0,901,FP32-token-IDs
MentalBERT,j97g2f,444,44,1012,.,.,False,loneliness,-0.0011884243783150986,0.0011884243783150986,0.6244892477989197,0.18737603724002838,0.35,0,0,901,FP32-token-IDs
MentalBERT,j97g2f,444,44,1012,.,.,False,sadness,-0.0018804875487445768,0.0018804875487445768,0.4321674406528473,0.9576798677444458,0.35,1,1,901,FP32-token-IDs
MentalBERT,j97g2f,444,44,1012,.,.,False,suicide intent,-9.749602233895506e-05,9.749602233895506e-05,0.06991535425186157,0.01626262441277504,0.35,0,0,901,FP32-token-IDs
MentalBERT,j97g2f,444,44,1012,.,.,False,worthlessness,-0.0008158924021463617,0.0008158924021463617,0.4828818440437317,0.04357760027050972,0.35,0,0,901,FP32-token-IDs
MentalBERT,j97g2f,444,45,2009,it,it,False,anger,-0.0005948182515567169,0.0005948182515567169,0.2932449281215668,0.05900707468390465,0.35,0,0,901,FP32-token-IDs
MentalBERT,j97g2f,444,45,2009,it,it,False,brain dysfunction (forget),0.0008180664153769612,0.0008180664153769612,0.23247233033180237,0.014720726758241653,0.35,0,0,901,FP32-token-IDs
MentalBERT,j97g2f,444,45,2009,it,it,False,emptiness,-0.0004458688199520111,0.0004458688199520111,0.24864429235458374,0.06192978844046593,0.35,0,0,901,FP32-token-IDs
MentalBERT,j97g2f,444,45,2009,it,it,False,hopelessness,-0.0012811657215934247,0.0012811657215934247,0.4583815634250641,0.3241725265979767,0.35,0,0,901,FP32-token-IDs
MentalBERT,j97g2f,444,45,2009,it,it,False,loneliness,0.0023914132034406066,0.0023914132034406066,0.6244892477989197,0.18737603724002838,0.35,0,0,901,FP32-token-IDs
MentalBERT,j97g2f,444,45,2009,it,it,False,sadness,-0.0016486526292283088,0.0016486526292283088,0.4321674406528473,0.9576798677444458,0.35,1,1,901,FP32-token-IDs
MentalBERT,j97g2f,444,45,2009,it,it,False,suicide intent,1.4473782357526943e-05,1.4473782357526943e-05,0.06991535425186157,0.01626262441277504,0.35,0,0,901,FP32-token-IDs
MentalBERT,j97g2f,444,45,2009,it,it,False,worthlessness,-0.001236256241099909,0.001236256241099909,0.4828818440437317,0.04357760027050972,0.35,0,0,901,FP32-token-IDs
MentalBERT,j97g2f,444,46,4490,acts,acts,False,anger,-0.0005948182515567169,0.0005948182515567169,0.2932449281215668,0.05900707468390465,0.35,0,0,901,FP32-token-IDs
MentalBERT,j97g2f,444,46,4490,acts,acts,False,brain dysfunction (forget),0.0008180664153769612,0.0008180664153769612,0.23247233033180237,0.014720726758241653,0.35,0,0,901,FP32-token-IDs
MentalBERT,j97g2f,444,46,4490,acts,acts,False,emptiness,-0.0004458688199520111,0.0004458688199520111,0.24864429235458374,0.06192978844046593,0.35,0,0,901,FP32-token-IDs
MentalBERT,j97g2f,444,46,4490,acts,acts,False,hopelessness,-0.0012811657215934247,0.0012811657215934247,0.4583815634250641,0.3241725265979767,0.35,0,0,901,FP32-token-IDs
MentalBERT,j97g2f,444,46,4490,acts,acts,False,loneliness,0.0023914132034406066,0.0023914132034406066,0.6244892477989197,0.18737603724002838,0.35,0,0,901,FP32-token-IDs
MentalBERT,j97g2f,444,46,4490,acts,acts,False,sadness,-0.0016486526292283088,0.0016486526292283088,0.4321674406528473,0.9576798677444458,0.35,1,1,901,FP32-token-IDs
MentalBERT,j97g2f,444,46,4490,acts,acts,False,suicide intent,1.4473782357526943e-05,1.4473782357526943e-05,0.06991535425186157,0.01626262441277504,0.35,0,0,901,FP32-token-IDs
MentalBERT,j97g2f,444,46,4490,acts,acts,False,worthlessness,-0.001236256241099909,0.001236256241099909,0.4828818440437317,0.04357760027050972,0.35,0,0,901,FP32-token-IDs
MentalBERT,j97g2f,444,47,2004,as,as,False,anger,-0.0005948182515567169,0.0005948182515567169,0.2932449281215668,0.05900707468390465,0.35,0,0,901,FP32-token-IDs
MentalBERT,j97g2f,444,47,2004,as,as,False,brain dysfunction (forget),0.0008180664153769612,0.0008180664153769612,0.23247233033180237,0.014720726758241653,0.35,0,0,901,FP32-token-IDs
MentalBERT,j97g2f,444,47,2004,as,as,False,emptiness,-0.0004458688199520111,0.0004458688199520111,0.24864429235458374,0.06192978844046593,0.35,0,0,901,FP32-token-IDs
MentalBERT,j97g2f,444,47,2004,as,as,False,hopelessness,-0.0012811657215934247,0.0012811657215934247,0.4583815634250641,0.3241725265979767,0.35,0,0,901,FP32-token-IDs
MentalBERT,j97g2f,444,47,2004,as,as,False,loneliness,0.0023914132034406066,0.0023914132034406066,0.6244892477989197,0.18737603724002838,0.35,0,0,901,FP32-token-IDs
MentalBERT,j97g2f,444,47,2004,as,as,False,sadness,-0.0016486526292283088,0.0016486526292283088,0.4321674406528473,0.9576798677444458,0.35,1,1,901,FP32-token-IDs
MentalBERT,j97g2f,444,47,2004,as,as,False,suicide intent,1.4473782357526943e-05,1.4473782357526943e-05,0.06991535425186157,0.01626262441277504,0.35,0,0,901,FP32-token-IDs
MentalBERT,j97g2f,444,47,2004,as,as,False,worthlessness,-0.001236256241099909,0.001236256241099909,0.4828818440437317,0.04357760027050972,0.35,0,0,901,FP32-token-IDs
MentalBERT,j97g2f,444,48,1996,the,the,False,anger,-0.0005948182515567169,0.0005948182515567169,0.2932449281215668,0.05900707468390465,0.35,0,0,901,FP32-token-IDs
MentalBERT,j97g2f,444,48,1996,the,the,False,brain dysfunction (forget),0.0008180664153769612,0.0008180664153769612,0.23247233033180237,0.014720726758241653,0.35,0,0,901,FP32-token-IDs
MentalBERT,j97g2f,444,48,1996,the,the,False,emptiness,-0.0004458688199520111,0.0004458688199520111,0.24864429235458374,0.06192978844046593,0.35,0,0,901,FP32-token-IDs
MentalBERT,j97g2f,444,48,1996,the,the,False,hopelessness,-0.0012811657215934247,0.0012811657215934247,0.4583815634250641,0.3241725265979767,0.35,0,0,901,FP32-token-IDs
MentalBERT,j97g2f,444,48,1996,the,the,False,loneliness,0.0023914132034406066,0.0023914132034406066,0.6244892477989197,0.18737603724002838,0.35,0,0,901,FP32-token-IDs
MentalBERT,j97g2f,444,48,1996,the,the,False,sadness,-0.0016486526292283088,0.0016486526292283088,0.4321674406528473,0.9576798677444458,0.35,1,1,901,FP32-token-IDs
MentalBERT,j97g2f,444,48,1996,the,the,False,suicide intent,1.4473782357526943e-05,1.4473782357526943e-05,0.06991535425186157,0.01626262441277504,0.35,0,0,901,FP32-token-IDs
MentalBERT,j97g2f,444,48,1996,the,the,False,worthlessness,-0.001236256241099909,0.001236256241099909,0.4828818440437317,0.04357760027050972,0.35,0,0,901,FP32-token-IDs
MentalBERT,j97g2f,444,49,2034,first,first,False,anger,-0.0005948182515567169,0.0005948182515567169,0.2932449281215668,0.05900707468390465,0.35,0,0,901,FP32-token-IDs
MentalBERT,j97g2f,444,49,2034,first,first,False,brain dysfunction (forget),0.0008180664153769612,0.0008180664153769612,0.23247233033180237,0.014720726758241653,0.35,0,0,901,FP32-token-IDs
MentalBERT,j97g2f,444,49,2034,first,first,False,emptiness,-0.0004458688199520111,0.0004458688199520111,0.24864429235458374,0.06192978844046593,0.35,0,0,901,FP32-token-IDs
MentalBERT,j97g2f,444,49,2034,first,first,False,hopelessness,-0.0012811657215934247,0.0012811657215934247,0.4583815634250641,0.3241725265979767,0.35,0,0,901,FP32-token-IDs
MentalBERT,j97g2f,444,49,2034,first,first,False,loneliness,0.0023914132034406066,0.0023914132034406066,0.6244892477989197,0.18737603724002838,0.35,0,0,901,FP32-token-IDs
MentalBERT,j97g2f,444,49,2034,first,first,False,sadness,-0.0016486526292283088,0.0016486526292283088,0.4321674406528473,0.9576798677444458,0.35,1,1,901,FP32-token-IDs
MentalBERT,j97g2f,444,49,2034,first,first,False,suicide intent,1.4473782357526943e-05,1.4473782357526943e-05,0.06991535425186157,0.01626262441277504,0.35,0,0,901,FP32-token-IDs
MentalBERT,j97g2f,444,49,2034,first,first,False,worthlessness,-0.001236256241099909,0.001236256241099909,0.4828818440437317,0.04357760027050972,0.35,0,0,901,FP32-token-IDs
MentalBERT,j97g2f,444,50,2391,point,point,False,anger,-0.0005948182515567169,0.0005948182515567169,0.2932449281215668,0.05900707468390465,0.35,0,0,901,FP32-token-IDs
MentalBERT,j97g2f,444,50,2391,point,point,False,brain dysfunction (forget),0.0008180664153769612,0.0008180664153769612,0.23247233033180237,0.014720726758241653,0.35,0,0,901,FP32-token-IDs
MentalBERT,j97g2f,444,50,2391,point,point,False,emptiness,-0.0004458688199520111,0.0004458688199520111,0.24864429235458374,0.06192978844046593,0.35,0,0,901,FP32-token-IDs
MentalBERT,j97g2f,444,50,2391,point,point,False,hopelessness,-0.0012811657215934247,0.0012811657215934247,0.4583815634250641,0.3241725265979767,0.35,0,0,901,FP32-token-IDs
MentalBERT,j97g2f,444,50,2391,point,point,False,loneliness,0.0023914132034406066,0.0023914132034406066,0.6244892477989197,0.18737603724002838,0.35,0,0,901,FP32-token-IDs
MentalBERT,j97g2f,444,50,2391,point,point,False,sadness,-0.0016486526292283088,0.0016486526292283088,0.4321674406528473,0.9576798677444458,0.35,1,1,901,FP32-token-IDs
MentalBERT,j97g2f,444,50,2391,point,point,False,suicide intent,1.4473782357526943e-05,1.4473782357526943e-05,0.06991535425186157,0.01626262441277504,0.35,0,0,901,FP32-token-IDs
MentalBERT,j97g2f,444,50,2391,point,point,False,worthlessness,-0.001236256241099909,0.001236256241099909,0.4828818440437317,0.04357760027050972,0.35,0,0,901,FP32-token-IDs
MentalBERT,j97g2f,444,51,1997,of,of,False,anger,-0.0005948182515567169,0.0005948182515567169,0.2932449281215668,0.05900707468390465,0.35,0,0,901,FP32-token-IDs
MentalBERT,j97g2f,444,51,1997,of,of,False,brain dysfunction (forget),0.0008180664153769612,0.0008180664153769612,0.23247233033180237,0.014720726758241653,0.35,0,0,901,FP32-token-IDs
MentalBERT,j97g2f,444,51,1997,of,of,False,emptiness,-0.0004458688199520111,0.0004458688199520111,0.24864429235458374,0.06192978844046593,0.35,0,0,901,FP32-token-IDs
MentalBERT,j97g2f,444,51,1997,of,of,False,hopelessness,-0.0012811657215934247,0.0012811657215934247,0.4583815634250641,0.3241725265979767,0.35,0,0,901,FP32-token-IDs
MentalBERT,j97g2f,444,51,1997,of,of,False,loneliness,0.0023914132034406066,0.0023914132034406066,0.6244892477989197,0.18737603724002838,0.35,0,0,901,FP32-token-IDs
MentalBERT,j97g2f,444,51,1997,of,of,False,sadness,-0.0016486526292283088,0.0016486526292283088,0.4321674406528473,0.9576798677444458,0.35,1,1,901,FP32-token-IDs
MentalBERT,j97g2f,444,51,1997,of,of,False,suicide intent,1.4473782357526943e-05,1.4473782357526943e-05,0.06991535425186157,0.01626262441277504,0.35,0,0,901,FP32-token-IDs
MentalBERT,j97g2f,444,51,1997,of,of,False,worthlessness,-0.001236256241099909,0.001236256241099909,0.4828818440437317,0.04357760027050972,0.35,0,0,901,FP32-token-IDs
MentalBERT,j97g2f,444,52,3967,contact,contact,False,anger,-0.0005948182515567169,0.0005948182515567169,0.2932449281215668,0.05900707468390465,0.35,0,0,901,FP32-token-IDs
MentalBERT,j97g2f,444,52,3967,contact,contact,False,brain dysfunction (forget),0.0008180664153769612,0.0008180664153769612,0.23247233033180237,0.014720726758241653,0.35,0,0,901,FP32-token-IDs
MentalBERT,j97g2f,444,52,3967,contact,contact,False,emptiness,-0.0004458688199520111,0.0004458688199520111,0.24864429235458374,0.06192978844046593,0.35,0,0,901,FP32-token-IDs
MentalBERT,j97g2f,444,52,3967,contact,contact,False,hopelessness,-0.0012811657215934247,0.0012811657215934247,0.4583815634250641,0.3241725265979767,0.35,0,0,901,FP32-token-IDs
MentalBERT,j97g2f,444,52,3967,contact,contact,False,loneliness,0.0023914132034406066,0.0023914132034406066,0.6244892477989197,0.18737603724002838,0.35,0,0,901,FP32-token-IDs
MentalBERT,j97g2f,444,52,3967,contact,contact,False,sadness,-0.0016486526292283088,0.0016486526292283088,0.4321674406528473,0.9576798677444458,0.35,1,1,901,FP32-token-IDs
MentalBERT,j97g2f,444,52,3967,contact,contact,False,suicide intent,1.4473782357526943e-05,1.4473782357526943e-05,0.06991535425186157,0.01626262441277504,0.35,0,0,901,FP32-token-IDs
MentalBERT,j97g2f,444,52,3967,contact,contact,False,worthlessness,-0.001236256241099909,0.001236256241099909,0.4828818440437317,0.04357760027050972,0.35,0,0,901,FP32-token-IDs
MentalBERT,j97g2f,444,53,2005,for,for,False,anger,-0.00037492990668397397,0.00037492990668397397,0.2932449281215668,0.05900707468390465,0.35,0,0,901,FP32-token-IDs
MentalBERT,j97g2f,444,53,2005,for,for,False,brain dysfunction (forget),0.0005369958089431748,0.0005369958089431748,0.23247233033180237,0.014720726758241653,0.35,0,0,901,FP32-token-IDs
MentalBERT,j97g2f,444,53,2005,for,for,False,emptiness,-0.0012283112155273557,0.0012283112155273557,0.24864429235458374,0.06192978844046593,0.35,0,0,901,FP32-token-IDs
MentalBERT,j97g2f,444,53,2005,for,for,False,hopelessness,-0.001320919589488767,0.001320919589488767,0.4583815634250641,0.3241725265979767,0.35,0,0,901,FP32-token-IDs
MentalBERT,j97g2f,444,53,2005,for,for,False,loneliness,-0.0015406588790938258,0.0015406588790938258,0.6244892477989197,0.18737603724002838,0.35,0,0,901,FP32-token-IDs
MentalBERT,j97g2f,444,53,2005,for,for,False,sadness,-0.0009962624462787062,0.0009962624462787062,0.4321674406528473,0.9576798677444458,0.35,1,1,901,FP32-token-IDs
MentalBERT,j97g2f,444,53,2005,for,for,False,suicide intent,-2.880471947719343e-05,2.880471947719343e-05,0.06991535425186157,0.01626262441277504,0.35,0,0,901,FP32-token-IDs
MentalBERT,j97g2f,444,53,2005,for,for,False,worthlessness,-0.0009606112143956125,0.0009606112143956125,0.4828818440437317,0.04357760027050972,0.35,0,0,901,FP32-token-IDs
MentalBERT,j97g2f,444,54,2111,people,people,False,anger,-0.00037492990668397397,0.00037492990668397397,0.2932449281215668,0.05900707468390465,0.35,0,0,901,FP32-token-IDs
MentalBERT,j97g2f,444,54,2111,people,people,False,brain dysfunction (forget),0.0005369958089431748,0.0005369958089431748,0.23247233033180237,0.014720726758241653,0.35,0,0,901,FP32-token-IDs
MentalBERT,j97g2f,444,54,2111,people,people,False,emptiness,-0.0012283112155273557,0.0012283112155273557,0.24864429235458374,0.06192978844046593,0.35,0,0,901,FP32-token-IDs
MentalBERT,j97g2f,444,54,2111,people,people,False,hopelessness,-0.001320919589488767,0.001320919589488767,0.4583815634250641,0.3241725265979767,0.35,0,0,901,FP32-token-IDs
MentalBERT,j97g2f,444,54,2111,people,people,False,loneliness,-0.0015406588790938258,0.0015406588790938258,0.6244892477989197,0.18737603724002838,0.35,0,0,901,FP32-token-IDs
MentalBERT,j97g2f,444,54,2111,people,people,False,sadness,-0.0009962624462787062,0.0009962624462787062,0.4321674406528473,0.9576798677444458,0.35,1,1,901,FP32-token-IDs
MentalBERT,j97g2f,444,54,2111,people,people,False,suicide intent,-2.880471947719343e-05,2.880471947719343e-05,0.06991535425186157,0.01626262441277504,0.35,0,0,901,FP32-token-IDs
MentalBERT,j97g2f,444,54,2111,people,people,False,worthlessness,-0.0009606112143956125,0.0009606112143956125,0.4828818440437317,0.04357760027050972,0.35,0,0,901,FP32-token-IDs
MentalBERT,j97g2f,444,55,6114,suffering,suffering,False,anger,-0.00037492990668397397,0.00037492990668397397,0.2932449281215668,0.05900707468390465,0.35,0,0,901,FP32-token-IDs
MentalBERT,j97g2f,444,55,6114,suffering,suffering,False,brain dysfunction (forget),0.0005369958089431748,0.0005369958089431748,0.23247233033180237,0.014720726758241653,0.35,0,0,901,FP32-token-IDs
MentalBERT,j97g2f,444,55,6114,suffering,suffering,False,emptiness,-0.0012283112155273557,0.0012283112155273557,0.24864429235458374,0.06192978844046593,0.35,0,0,901,FP32-token-IDs
MentalBERT,j97g2f,444,55,6114,suffering,suffering,False,hopelessness,-0.001320919589488767,0.001320919589488767,0.4583815634250641,0.3241725265979767,0.35,0,0,901,FP32-token-IDs
MentalBERT,j97g2f,444,55,6114,suffering,suffering,False,loneliness,-0.0015406588790938258,0.0015406588790938258,0.6244892477989197,0.18737603724002838,0.35,0,0,901,FP32-token-IDs
MentalBERT,j97g2f,444,55,6114,suffering,suffering,False,sadness,-0.0009962624462787062,0.0009962624462787062,0.4321674406528473,0.9576798677444458,0.35,1,1,901,FP32-token-IDs
MentalBERT,j97g2f,444,55,6114,suffering,suffering,False,suicide intent,-2.880471947719343e-05,2.880471947719343e-05,0.06991535425186157,0.01626262441277504,0.35,0,0,901,FP32-token-IDs
MentalBERT,j97g2f,444,55,6114,suffering,suffering,False,worthlessness,-0.0009606112143956125,0.0009606112143956125,0.4828818440437317,0.04357760027050972,0.35,0,0,901,FP32-token-IDs
MentalBERT,j97g2f,444,56,2013,from,from,False,anger,-0.00037492990668397397,0.00037492990668397397,0.2932449281215668,0.05900707468390465,0.35,0,0,901,FP32-token-IDs
MentalBERT,j97g2f,444,56,2013,from,from,False,brain dysfunction (forget),0.0005369958089431748,0.0005369958089431748,0.23247233033180237,0.014720726758241653,0.35,0,0,901,FP32-token-IDs
MentalBERT,j97g2f,444,56,2013,from,from,False,emptiness,-0.0012283112155273557,0.0012283112155273557,0.24864429235458374,0.06192978844046593,0.35,0,0,901,FP32-token-IDs
MentalBERT,j97g2f,444,56,2013,from,from,False,hopelessness,-0.001320919589488767,0.001320919589488767,0.4583815634250641,0.3241725265979767,0.35,0,0,901,FP32-token-IDs
MentalBERT,j97g2f,444,56,2013,from,from,False,loneliness,-0.0015406588790938258,0.0015406588790938258,0.6244892477989197,0.18737603724002838,0.35,0,0,901,FP32-token-IDs
MentalBERT,j97g2f,444,56,2013,from,from,False,sadness,-0.0009962624462787062,0.0009962624462787062,0.4321674406528473,0.9576798677444458,0.35,1,1,901,FP32-token-IDs
MentalBERT,j97g2f,444,56,2013,from,from,False,suicide intent,-2.880471947719343e-05,2.880471947719343e-05,0.06991535425186157,0.01626262441277504,0.35,0,0,901,FP32-token-IDs
MentalBERT,j97g2f,444,56,2013,from,from,False,worthlessness,-0.0009606112143956125,0.0009606112143956125,0.4828818440437317,0.04357760027050972,0.35,0,0,901,FP32-token-IDs
MentalBERT,j97g2f,444,57,5177,mental,mental,False,anger,-0.00037492990668397397,0.00037492990668397397,0.2932449281215668,0.05900707468390465,0.35,0,0,901,FP32-token-IDs
MentalBERT,j97g2f,444,57,5177,mental,mental,False,brain dysfunction (forget),0.0005369958089431748,0.0005369958089431748,0.23247233033180237,0.014720726758241653,0.35,0,0,901,FP32-token-IDs
MentalBERT,j97g2f,444,57,5177,mental,mental,False,emptiness,-0.0012283112155273557,0.0012283112155273557,0.24864429235458374,0.06192978844046593,0.35,0,0,901,FP32-token-IDs
MentalBERT,j97g2f,444,57,5177,mental,mental,False,hopelessness,-0.001320919589488767,0.001320919589488767,0.4583815634250641,0.3241725265979767,0.35,0,0,901,FP32-token-IDs
MentalBERT,j97g2f,444,57,5177,mental,mental,False,loneliness,-0.0015406588790938258,0.0015406588790938258,0.6244892477989197,0.18737603724002838,0.35,0,0,901,FP32-token-IDs
MentalBERT,j97g2f,444,57,5177,mental,mental,False,sadness,-0.0009962624462787062,0.0009962624462787062,0.4321674406528473,0.9576798677444458,0.35,1,1,901,FP32-token-IDs
MentalBERT,j97g2f,444,57,5177,mental,mental,False,suicide intent,-2.880471947719343e-05,2.880471947719343e-05,0.06991535425186157,0.01626262441277504,0.35,0,0,901,FP32-token-IDs
MentalBERT,j97g2f,444,57,5177,mental,mental,False,worthlessness,-0.0009606112143956125,0.0009606112143956125,0.4828818440437317,0.04357760027050972,0.35,0,0,901,FP32-token-IDs
MentalBERT,j97g2f,444,58,2740,health,health,False,anger,-0.00037492990668397397,0.00037492990668397397,0.2932449281215668,0.05900707468390465,0.35,0,0,901,FP32-token-IDs
MentalBERT,j97g2f,444,58,2740,health,health,False,brain dysfunction (forget),0.0005369958089431748,0.0005369958089431748,0.23247233033180237,0.014720726758241653,0.35,0,0,901,FP32-token-IDs
MentalBERT,j97g2f,444,58,2740,health,health,False,emptiness,-0.0012283112155273557,0.0012283112155273557,0.24864429235458374,0.06192978844046593,0.35,0,0,901,FP32-token-IDs
MentalBERT,j97g2f,444,58,2740,health,health,False,hopelessness,-0.001320919589488767,0.001320919589488767,0.4583815634250641,0.3241725265979767,0.35,0,0,901,FP32-token-IDs
MentalBERT,j97g2f,444,58,2740,health,health,False,loneliness,-0.0015406588790938258,0.0015406588790938258,0.6244892477989197,0.18737603724002838,0.35,0,0,901,FP32-token-IDs
MentalBERT,j97g2f,444,58,2740,health,health,False,sadness,-0.0009962624462787062,0.0009962624462787062,0.4321674406528473,0.9576798677444458,0.35,1,1,901,FP32-token-IDs
MentalBERT,j97g2f,444,58,2740,health,health,False,suicide intent,-2.880471947719343e-05,2.880471947719343e-05,0.06991535425186157,0.01626262441277504,0.35,0,0,901,FP32-token-IDs
MentalBERT,j97g2f,444,58,2740,health,health,False,worthlessness,-0.0009606112143956125,0.0009606112143956125,0.4828818440437317,0.04357760027050972,0.35,0,0,901,FP32-token-IDs
MentalBERT,j97g2f,444,59,24757,illnesses,illnesses,False,anger,-0.00037492990668397397,0.00037492990668397397,0.2932449281215668,0.05900707468390465,0.35,0,0,901,FP32-token-IDs
MentalBERT,j97g2f,444,59,24757,illnesses,illnesses,False,brain dysfunction (forget),0.0005369958089431748,0.0005369958089431748,0.23247233033180237,0.014720726758241653,0.35,0,0,901,FP32-token-IDs
MentalBERT,j97g2f,444,59,24757,illnesses,illnesses,False,emptiness,-0.0012283112155273557,0.0012283112155273557,0.24864429235458374,0.06192978844046593,0.35,0,0,901,FP32-token-IDs
MentalBERT,j97g2f,444,59,24757,illnesses,illnesses,False,hopelessness,-0.001320919589488767,0.001320919589488767,0.4583815634250641,0.3241725265979767,0.35,0,0,901,FP32-token-IDs
MentalBERT,j97g2f,444,59,24757,illnesses,illnesses,False,loneliness,-0.0015406588790938258,0.0015406588790938258,0.6244892477989197,0.18737603724002838,0.35,0,0,901,FP32-token-IDs
MentalBERT,j97g2f,444,59,24757,illnesses,illnesses,False,sadness,-0.0009962624462787062,0.0009962624462787062,0.4321674406528473,0.9576798677444458,0.35,1,1,901,FP32-token-IDs
MentalBERT,j97g2f,444,59,24757,illnesses,illnesses,False,suicide intent,-2.880471947719343e-05,2.880471947719343e-05,0.06991535425186157,0.01626262441277504,0.35,0,0,901,FP32-token-IDs
MentalBERT,j97g2f,444,59,24757,illnesses,illnesses,False,worthlessness,-0.0009606112143956125,0.0009606112143956125,0.4828818440437317,0.04357760027050972,0.35,0,0,901,FP32-token-IDs
MentalBERT,j97g2f,444,60,1012,.,.,False,anger,-0.00037492990668397397,0.00037492990668397397,0.2932449281215668,0.05900707468390465,0.35,0,0,901,FP32-token-IDs
MentalBERT,j97g2f,444,60,1012,.,.,False,brain dysfunction (forget),0.0005369958089431748,0.0005369958089431748,0.23247233033180237,0.014720726758241653,0.35,0,0,901,FP32-token-IDs
MentalBERT,j97g2f,444,60,1012,.,.,False,emptiness,-0.0012283112155273557,0.0012283112155273557,0.24864429235458374,0.06192978844046593,0.35,0,0,901,FP32-token-IDs
MentalBERT,j97g2f,444,60,1012,.,.,False,hopelessness,-0.001320919589488767,0.001320919589488767,0.4583815634250641,0.3241725265979767,0.35,0,0,901,FP32-token-IDs
MentalBERT,j97g2f,444,60,1012,.,.,False,loneliness,-0.0015406588790938258,0.0015406588790938258,0.6244892477989197,0.18737603724002838,0.35,0,0,901,FP32-token-IDs
MentalBERT,j97g2f,444,60,1012,.,.,False,sadness,-0.0009962624462787062,0.0009962624462787062,0.4321674406528473,0.9576798677444458,0.35,1,1,901,FP32-token-IDs
MentalBERT,j97g2f,444,60,1012,.,.,False,suicide intent,-2.880471947719343e-05,2.880471947719343e-05,0.06991535425186157,0.01626262441277504,0.35,0,0,901,FP32-token-IDs
MentalBERT,j97g2f,444,60,1012,.,.,False,worthlessness,-0.0009606112143956125,0.0009606112143956125,0.4828818440437317,0.04357760027050972,0.35,0,0,901,FP32-token-IDs
MentalBERT,j97g2f,444,61,2009,it,it,False,anger,-0.0031161161605268717,0.0031161161605268717,0.2932449281215668,0.05900707468390465,0.35,0,0,901,FP32-token-IDs
MentalBERT,j97g2f,444,61,2009,it,it,False,brain dysfunction (forget),-0.0008288695166508358,0.0008288695166508358,0.23247233033180237,0.014720726758241653,0.35,0,0,901,FP32-token-IDs
MentalBERT,j97g2f,444,61,2009,it,it,False,emptiness,-0.002520941511639172,0.002520941511639172,0.24864429235458374,0.06192978844046593,0.35,0,0,901,FP32-token-IDs
MentalBERT,j97g2f,444,61,2009,it,it,False,hopelessness,-0.00232940443148393,0.00232940443148393,0.4583815634250641,0.3241725265979767,0.35,0,0,901,FP32-token-IDs
MentalBERT,j97g2f,444,61,2009,it,it,False,loneliness,-0.002537225710139388,0.002537225710139388,0.6244892477989197,0.18737603724002838,0.35,0,0,901,FP32-token-IDs
MentalBERT,j97g2f,444,61,2009,it,it,False,sadness,-0.0008919902234559967,0.0008919902234559967,0.4321674406528473,0.9576798677444458,0.35,1,1,901,FP32-token-IDs
MentalBERT,j97g2f,444,61,2009,it,it,False,suicide intent,-7.240389379495313e-05,7.240389379495313e-05,0.06991535425186157,0.01626262441277504,0.35,0,0,901,FP32-token-IDs
MentalBERT,j97g2f,444,61,2009,it,it,False,worthlessness,-0.004590815714272183,0.004590815714272183,0.4828818440437317,0.04357760027050972,0.35,0,0,901,FP32-token-IDs
MentalBERT,j97g2f,444,62,2003,is,is,False,anger,-0.0031161161605268717,0.0031161161605268717,0.2932449281215668,0.05900707468390465,0.35,0,0,901,FP32-token-IDs
MentalBERT,j97g2f,444,62,2003,is,is,False,brain dysfunction (forget),-0.0008288695166508358,0.0008288695166508358,0.23247233033180237,0.014720726758241653,0.35,0,0,901,FP32-token-IDs
MentalBERT,j97g2f,444,62,2003,is,is,False,emptiness,-0.002520941511639172,0.002520941511639172,0.24864429235458374,0.06192978844046593,0.35,0,0,901,FP32-token-IDs
MentalBERT,j97g2f,444,62,2003,is,is,False,hopelessness,-0.00232940443148393,0.00232940443148393,0.4583815634250641,0.3241725265979767,0.35,0,0,901,FP32-token-IDs
MentalBERT,j97g2f,444,62,2003,is,is,False,loneliness,-0.002537225710139388,0.002537225710139388,0.6244892477989197,0.18737603724002838,0.35,0,0,901,FP32-token-IDs
MentalBERT,j97g2f,444,62,2003,is,is,False,sadness,-0.0008919902234559967,0.0008919902234559967,0.4321674406528473,0.9576798677444458,0.35,1,1,901,FP32-token-IDs
MentalBERT,j97g2f,444,62,2003,is,is,False,suicide intent,-7.240389379495313e-05,7.240389379495313e-05,0.06991535425186157,0.01626262441277504,0.35,0,0,901,FP32-token-IDs
MentalBERT,j97g2f,444,62,2003,is,is,False,worthlessness,-0.004590815714272183,0.004590815714272183,0.4828818440437317,0.04357760027050972,0.35,0,0,901,FP32-token-IDs
MentalBERT,j97g2f,444,63,1037,a,a,False,anger,-0.0031161161605268717,0.0031161161605268717,0.2932449281215668,0.05900707468390465,0.35,0,0,901,FP32-token-IDs
MentalBERT,j97g2f,444,63,1037,a,a,False,brain dysfunction (forget),-0.0008288695166508358,0.0008288695166508358,0.23247233033180237,0.014720726758241653,0.35,0,0,901,FP32-token-IDs
MentalBERT,j97g2f,444,63,1037,a,a,False,emptiness,-0.002520941511639172,0.002520941511639172,0.24864429235458374,0.06192978844046593,0.35,0,0,901,FP32-token-IDs
MentalBERT,j97g2f,444,63,1037,a,a,False,hopelessness,-0.00232940443148393,0.00232940443148393,0.4583815634250641,0.3241725265979767,0.35,0,0,901,FP32-token-IDs
MentalBERT,j97g2f,444,63,1037,a,a,False,loneliness,-0.002537225710139388,0.002537225710139388,0.6244892477989197,0.18737603724002838,0.35,0,0,901,FP32-token-IDs
MentalBERT,j97g2f,444,63,1037,a,a,False,sadness,-0.0008919902234559967,0.0008919902234559967,0.4321674406528473,0.9576798677444458,0.35,1,1,901,FP32-token-IDs
MentalBERT,j97g2f,444,63,1037,a,a,False,suicide intent,-7.240389379495313e-05,7.240389379495313e-05,0.06991535425186157,0.01626262441277504,0.35,0,0,901,FP32-token-IDs
MentalBERT,j97g2f,444,63,1037,a,a,False,worthlessness,-0.004590815714272183,0.004590815714272183,0.4828818440437317,0.04357760027050972,0.35,0,0,901,FP32-token-IDs
MentalBERT,j97g2f,444,64,2489,free,free,False,anger,-0.0031161161605268717,0.0031161161605268717,0.2932449281215668,0.05900707468390465,0.35,0,0,901,FP32-token-IDs
MentalBERT,j97g2f,444,64,2489,free,free,False,brain dysfunction (forget),-0.0008288695166508358,0.0008288695166508358,0.23247233033180237,0.014720726758241653,0.35,0,0,901,FP32-token-IDs
MentalBERT,j97g2f,444,64,2489,free,free,False,emptiness,-0.002520941511639172,0.002520941511639172,0.24864429235458374,0.06192978844046593,0.35,0,0,901,FP32-token-IDs
MentalBERT,j97g2f,444,64,2489,free,free,False,hopelessness,-0.00232940443148393,0.00232940443148393,0.4583815634250641,0.3241725265979767,0.35,0,0,901,FP32-token-IDs
MentalBERT,j97g2f,444,64,2489,free,free,False,loneliness,-0.002537225710139388,0.002537225710139388,0.6244892477989197,0.18737603724002838,0.35,0,0,901,FP32-token-IDs
MentalBERT,j97g2f,444,64,2489,free,free,False,sadness,-0.0008919902234559967,0.0008919902234559967,0.4321674406528473,0.9576798677444458,0.35,1,1,901,FP32-token-IDs
MentalBERT,j97g2f,444,64,2489,free,free,False,suicide intent,-7.240389379495313e-05,7.240389379495313e-05,0.06991535425186157,0.01626262441277504,0.35,0,0,901,FP32-token-IDs
MentalBERT,j97g2f,444,64,2489,free,free,False,worthlessness,-0.004590815714272183,0.004590815714272183,0.4828818440437317,0.04357760027050972,0.35,0,0,901,FP32-token-IDs
MentalBERT,j97g2f,444,65,1010,",",",",False,anger,-0.0031161161605268717,0.0031161161605268717,0.2932449281215668,0.05900707468390465,0.35,0,0,901,FP32-token-IDs
MentalBERT,j97g2f,444,65,1010,",",",",False,brain dysfunction (forget),-0.0008288695166508358,0.0008288695166508358,0.23247233033180237,0.014720726758241653,0.35,0,0,901,FP32-token-IDs
MentalBERT,j97g2f,444,65,1010,",",",",False,emptiness,-0.002520941511639172,0.002520941511639172,0.24864429235458374,0.06192978844046593,0.35,0,0,901,FP32-token-IDs
MentalBERT,j97g2f,444,65,1010,",",",",False,hopelessness,-0.00232940443148393,0.00232940443148393,0.4583815634250641,0.3241725265979767,0.35,0,0,901,FP32-token-IDs
MentalBERT,j97g2f,444,65,1010,",",",",False,loneliness,-0.002537225710139388,0.002537225710139388,0.6244892477989197,0.18737603724002838,0.35,0,0,901,FP32-token-IDs
MentalBERT,j97g2f,444,65,1010,",",",",False,sadness,-0.0008919902234559967,0.0008919902234559967,0.4321674406528473,0.9576798677444458,0.35,1,1,901,FP32-token-IDs
MentalBERT,j97g2f,444,65,1010,",",",",False,suicide intent,-7.240389379495313e-05,7.240389379495313e-05,0.06991535425186157,0.01626262441277504,0.35,0,0,901,FP32-token-IDs
MentalBERT,j97g2f,444,65,1010,",",",",False,worthlessness,-0.004590815714272183,0.004590815714272183,0.4828818440437317,0.04357760027050972,0.35,0,0,901,FP32-token-IDs
MentalBERT,j97g2f,444,66,3795,global,global,False,anger,-0.00027014652732759714,0.00027014652732759714,0.2932449281215668,0.05900707468390465,0.35,0,0,901,FP32-token-IDs
MentalBERT,j97g2f,444,66,3795,global,global,False,brain dysfunction (forget),-0.0005640240366725873,0.0005640240366725873,0.23247233033180237,0.014720726758241653,0.35,0,0,901,FP32-token-IDs
MentalBERT,j97g2f,444,66,3795,global,global,False,emptiness,-0.0011495922337330525,0.0011495922337330525,0.24864429235458374,0.06192978844046593,0.35,0,0,901,FP32-token-IDs
MentalBERT,j97g2f,444,66,3795,global,global,False,hopelessness,-0.001112174580893701,0.001112174580893701,0.4583815634250641,0.3241725265979767,0.35,0,0,901,FP32-token-IDs
MentalBERT,j97g2f,444,66,3795,global,global,False,loneliness,-0.0022844153101600354,0.0022844153101600354,0.6244892477989197,0.18737603724002838,0.35,0,0,901,FP32-token-IDs
MentalBERT,j97g2f,444,66,3795,global,global,False,sadness,-0.0008736507124489263,0.0008736507124489263,0.4321674406528473,0.9576798677444458,0.35,1,1,901,FP32-token-IDs
MentalBERT,j97g2f,444,66,3795,global,global,False,suicide intent,0.00012082846522042971,0.00012082846522042971,0.06991535425186157,0.01626262441277504,0.35,0,0,901,FP32-token-IDs
MentalBERT,j97g2f,444,66,3795,global,global,False,worthlessness,-0.000708971208604496,0.000708971208604496,0.4828818440437317,0.04357760027050972,0.35,0,0,901,FP32-token-IDs
MentalBERT,j97g2f,444,67,1010,",",",",False,anger,-0.00027014652732759714,0.00027014652732759714,0.2932449281215668,0.05900707468390465,0.35,0,0,901,FP32-token-IDs
MentalBERT,j97g2f,444,67,1010,",",",",False,brain dysfunction (forget),-0.0005640240366725873,0.0005640240366725873,0.23247233033180237,0.014720726758241653,0.35,0,0,901,FP32-token-IDs
MentalBERT,j97g2f,444,67,1010,",",",",False,emptiness,-0.0011495922337330525,0.0011495922337330525,0.24864429235458374,0.06192978844046593,0.35,0,0,901,FP32-token-IDs
MentalBERT,j97g2f,444,67,1010,",",",",False,hopelessness,-0.001112174580893701,0.001112174580893701,0.4583815634250641,0.3241725265979767,0.35,0,0,901,FP32-token-IDs
MentalBERT,j97g2f,444,67,1010,",",",",False,loneliness,-0.0022844153101600354,0.0022844153101600354,0.6244892477989197,0.18737603724002838,0.35,0,0,901,FP32-token-IDs
MentalBERT,j97g2f,444,67,1010,",",",",False,sadness,-0.0008736507124489263,0.0008736507124489263,0.4321674406528473,0.9576798677444458,0.35,1,1,901,FP32-token-IDs
MentalBERT,j97g2f,444,67,1010,",",",",False,suicide intent,0.00012082846522042971,0.00012082846522042971,0.06991535425186157,0.01626262441277504,0.35,0,0,901,FP32-token-IDs
MentalBERT,j97g2f,444,67,1010,",",",",False,worthlessness,-0.000708971208604496,0.000708971208604496,0.4828818440437317,0.04357760027050972,0.35,0,0,901,FP32-token-IDs
MentalBERT,j97g2f,444,68,2484,24,24,False,anger,-0.001930144349379199,0.001930144349379199,0.2932449281215668,0.05900707468390465,0.35,0,0,901,FP32-token-IDs
MentalBERT,j97g2f,444,68,2484,24,24,False,brain dysfunction (forget),-0.0008453111194761559,0.0008453111194761559,0.23247233033180237,0.014720726758241653,0.35,0,0,901,FP32-token-IDs
MentalBERT,j97g2f,444,68,2484,24,24,False,emptiness,-0.0019063699070275537,0.0019063699070275537,0.24864429235458374,0.06192978844046593,0.35,0,0,901,FP32-token-IDs
MentalBERT,j97g2f,444,68,2484,24,24,False,hopelessness,-0.002723754854828474,0.002723754854828474,0.4583815634250641,0.3241725265979767,0.35,0,0,901,FP32-token-IDs
MentalBERT,j97g2f,444,68,2484,24,24,False,loneliness,-9.380045923448752e-05,9.380045923448752e-05,0.6244892477989197,0.18737603724002838,0.35,0,0,901,FP32-token-IDs
MentalBERT,j97g2f,444,68,2484,24,24,False,sadness,-0.0009792914303640525,0.0009792914303640525,0.4321674406528473,0.9576798677444458,0.35,1,1,901,FP32-token-IDs
MentalBERT,j97g2f,444,68,2484,24,24,False,suicide intent,-0.0002463000723981254,0.0002463000723981254,0.06991535425186157,0.01626262441277504,0.35,0,0,901,FP32-token-IDs
MentalBERT,j97g2f,444,68,2484,24,24,False,worthlessness,-0.005411556259440702,0.005411556259440702,0.4828818440437317,0.04357760027050972,0.35,0,0,901,FP32-token-IDs
MentalBERT,j97g2f,444,69,1013,/,/,False,anger,-0.001930144349379199,0.001930144349379199,0.2932449281215668,0.05900707468390465,0.35,0,0,901,FP32-token-IDs
MentalBERT,j97g2f,444,69,1013,/,/,False,brain dysfunction (forget),-0.0008453111194761559,0.0008453111194761559,0.23247233033180237,0.014720726758241653,0.35,0,0,901,FP32-token-IDs
MentalBERT,j97g2f,444,69,1013,/,/,False,emptiness,-0.0019063699070275537,0.0019063699070275537,0.24864429235458374,0.06192978844046593,0.35,0,0,901,FP32-token-IDs
MentalBERT,j97g2f,444,69,1013,/,/,False,hopelessness,-0.002723754854828474,0.002723754854828474,0.4583815634250641,0.3241725265979767,0.35,0,0,901,FP32-token-IDs
MentalBERT,j97g2f,444,69,1013,/,/,False,loneliness,-9.380045923448752e-05,9.380045923448752e-05,0.6244892477989197,0.18737603724002838,0.35,0,0,901,FP32-token-IDs
MentalBERT,j97g2f,444,69,1013,/,/,False,sadness,-0.0009792914303640525,0.0009792914303640525,0.4321674406528473,0.9576798677444458,0.35,1,1,901,FP32-token-IDs
MentalBERT,j97g2f,444,69,1013,/,/,False,suicide intent,-0.0002463000723981254,0.0002463000723981254,0.06991535425186157,0.01626262441277504,0.35,0,0,901,FP32-token-IDs
MentalBERT,j97g2f,444,69,1013,/,/,False,worthlessness,-0.005411556259440702,0.005411556259440702,0.4828818440437317,0.04357760027050972,0.35,0,0,901,FP32-token-IDs
MentalBERT,j97g2f,444,70,1021,7,7,False,anger,-0.001930144349379199,0.001930144349379199,0.2932449281215668,0.05900707468390465,0.35,0,0,901,FP32-token-IDs
MentalBERT,j97g2f,444,70,1021,7,7,False,brain dysfunction (forget),-0.0008453111194761559,0.0008453111194761559,0.23247233033180237,0.014720726758241653,0.35,0,0,901,FP32-token-IDs
MentalBERT,j97g2f,444,70,1021,7,7,False,emptiness,-0.0019063699070275537,0.0019063699070275537,0.24864429235458374,0.06192978844046593,0.35,0,0,901,FP32-token-IDs
MentalBERT,j97g2f,444,70,1021,7,7,False,hopelessness,-0.002723754854828474,0.002723754854828474,0.4583815634250641,0.3241725265979767,0.35,0,0,901,FP32-token-IDs
MentalBERT,j97g2f,444,70,1021,7,7,False,loneliness,-9.380045923448752e-05,9.380045923448752e-05,0.6244892477989197,0.18737603724002838,0.35,0,0,901,FP32-token-IDs
MentalBERT,j97g2f,444,70,1021,7,7,False,sadness,-0.0009792914303640525,0.0009792914303640525,0.4321674406528473,0.9576798677444458,0.35,1,1,901,FP32-token-IDs
MentalBERT,j97g2f,444,70,1021,7,7,False,suicide intent,-0.0002463000723981254,0.0002463000723981254,0.06991535425186157,0.01626262441277504,0.35,0,0,901,FP32-token-IDs
MentalBERT,j97g2f,444,70,1021,7,7,False,worthlessness,-0.005411556259440702,0.005411556259440702,0.4828818440437317,0.04357760027050972,0.35,0,0,901,FP32-token-IDs
MentalBERT,j97g2f,444,71,11834,chat,chat,False,anger,-0.001930144349379199,0.001930144349379199,0.2932449281215668,0.05900707468390465,0.35,0,0,901,FP32-token-IDs
MentalBERT,j97g2f,444,71,11834,chat,chat,False,brain dysfunction (forget),-0.0008453111194761559,0.0008453111194761559,0.23247233033180237,0.014720726758241653,0.35,0,0,901,FP32-token-IDs
MentalBERT,j97g2f,444,71,11834,chat,chat,False,emptiness,-0.001906369907027554,0.001906369907027554,0.24864429235458374,0.06192978844046593,0.35,0,0,901,FP32-token-IDs
MentalBERT,j97g2f,444,71,11834,chat,chat,False,hopelessness,-0.002723754854828474,0.002723754854828474,0.4583815634250641,0.3241725265979767,0.35,0,0,901,FP32-token-IDs
MentalBERT,j97g2f,444,71,11834,chat,chat,False,loneliness,-9.380045923448753e-05,9.380045923448753e-05,0.6244892477989197,0.18737603724002838,0.35,0,0,901,FP32-token-IDs
MentalBERT,j97g2f,444,71,11834,chat,chat,False,sadness,-0.0009792914303640525,0.0009792914303640525,0.4321674406528473,0.9576798677444458,0.35,1,1,901,FP32-token-IDs
MentalBERT,j97g2f,444,71,11834,chat,chat,False,suicide intent,-0.00024630007239812544,0.00024630007239812544,0.06991535425186157,0.01626262441277504,0.35,0,0,901,FP32-token-IDs
MentalBERT,j97g2f,444,71,11834,chat,chat,False,worthlessness,-0.005411556259440702,0.005411556259440702,0.4828818440437317,0.04357760027050972,0.35,0,0,901,FP32-token-IDs
MentalBERT,j97g2f,444,72,18384,##bot,bot,False,anger,-0.001930144349379199,0.001930144349379199,0.2932449281215668,0.05900707468390465,0.35,0,0,901,FP32-token-IDs
MentalBERT,j97g2f,444,72,18384,##bot,bot,False,brain dysfunction (forget),-0.0008453111194761559,0.0008453111194761559,0.23247233033180237,0.014720726758241653,0.35,0,0,901,FP32-token-IDs
MentalBERT,j97g2f,444,72,18384,##bot,bot,False,emptiness,-0.001906369907027554,0.001906369907027554,0.24864429235458374,0.06192978844046593,0.35,0,0,901,FP32-token-IDs
MentalBERT,j97g2f,444,72,18384,##bot,bot,False,hopelessness,-0.002723754854828474,0.002723754854828474,0.4583815634250641,0.3241725265979767,0.35,0,0,901,FP32-token-IDs
MentalBERT,j97g2f,444,72,18384,##bot,bot,False,loneliness,-9.380045923448753e-05,9.380045923448753e-05,0.6244892477989197,0.18737603724002838,0.35,0,0,901,FP32-token-IDs
MentalBERT,j97g2f,444,72,18384,##bot,bot,False,sadness,-0.0009792914303640525,0.0009792914303640525,0.4321674406528473,0.9576798677444458,0.35,1,1,901,FP32-token-IDs
MentalBERT,j97g2f,444,72,18384,##bot,bot,False,suicide intent,-0.00024630007239812544,0.00024630007239812544,0.06991535425186157,0.01626262441277504,0.35,0,0,901,FP32-token-IDs
MentalBERT,j97g2f,444,72,18384,##bot,bot,False,worthlessness,-0.005411556259440702,0.005411556259440702,0.4828818440437317,0.04357760027050972,0.35,0,0,901,FP32-token-IDs
MentalBERT,j97g2f,444,73,2008,that,that,False,anger,-0.001930144349379199,0.001930144349379199,0.2932449281215668,0.05900707468390465,0.35,0,0,901,FP32-token-IDs
MentalBERT,j97g2f,444,73,2008,that,that,False,brain dysfunction (forget),-0.0008453111194761559,0.0008453111194761559,0.23247233033180237,0.014720726758241653,0.35,0,0,901,FP32-token-IDs
MentalBERT,j97g2f,444,73,2008,that,that,False,emptiness,-0.001906369907027554,0.001906369907027554,0.24864429235458374,0.06192978844046593,0.35,0,0,901,FP32-token-IDs
MentalBERT,j97g2f,444,73,2008,that,that,False,hopelessness,-0.002723754854828474,0.002723754854828474,0.4583815634250641,0.3241725265979767,0.35,0,0,901,FP32-token-IDs
MentalBERT,j97g2f,444,73,2008,that,that,False,loneliness,-9.380045923448753e-05,9.380045923448753e-05,0.6244892477989197,0.18737603724002838,0.35,0,0,901,FP32-token-IDs
MentalBERT,j97g2f,444,73,2008,that,that,False,sadness,-0.0009792914303640525,0.0009792914303640525,0.4321674406528473,0.9576798677444458,0.35,1,1,901,FP32-token-IDs
MentalBERT,j97g2f,444,73,2008,that,that,False,suicide intent,-0.00024630007239812544,0.00024630007239812544,0.06991535425186157,0.01626262441277504,0.35,0,0,901,FP32-token-IDs
MentalBERT,j97g2f,444,73,2008,that,that,False,worthlessness,-0.005411556259440702,0.005411556259440702,0.4828818440437317,0.04357760027050972,0.35,0,0,901,FP32-token-IDs
MentalBERT,j97g2f,444,74,2064,can,can,False,anger,-0.001930144349379199,0.001930144349379199,0.2932449281215668,0.05900707468390465,0.35,0,0,901,FP32-token-IDs
MentalBERT,j97g2f,444,74,2064,can,can,False,brain dysfunction (forget),-0.0008453111194761559,0.0008453111194761559,0.23247233033180237,0.014720726758241653,0.35,0,0,901,FP32-token-IDs
MentalBERT,j97g2f,444,74,2064,can,can,False,emptiness,-0.001906369907027554,0.001906369907027554,0.24864429235458374,0.06192978844046593,0.35,0,0,901,FP32-token-IDs
MentalBERT,j97g2f,444,74,2064,can,can,False,hopelessness,-0.002723754854828474,0.002723754854828474,0.4583815634250641,0.3241725265979767,0.35,0,0,901,FP32-token-IDs
MentalBERT,j97g2f,444,74,2064,can,can,False,loneliness,-9.380045923448753e-05,9.380045923448753e-05,0.6244892477989197,0.18737603724002838,0.35,0,0,901,FP32-token-IDs
MentalBERT,j97g2f,444,74,2064,can,can,False,sadness,-0.0009792914303640525,0.0009792914303640525,0.4321674406528473,0.9576798677444458,0.35,1,1,901,FP32-token-IDs
MentalBERT,j97g2f,444,74,2064,can,can,False,suicide intent,-0.00024630007239812544,0.00024630007239812544,0.06991535425186157,0.01626262441277504,0.35,0,0,901,FP32-token-IDs
MentalBERT,j97g2f,444,74,2064,can,can,False,worthlessness,-0.005411556259440702,0.005411556259440702,0.4828818440437317,0.04357760027050972,0.35,0,0,901,FP32-token-IDs
MentalBERT,j97g2f,444,75,2467,always,always,False,anger,-0.00154790175812585,0.00154790175812585,0.2932449281215668,0.05900707468390465,0.35,0,0,901,FP32-token-IDs
MentalBERT,j97g2f,444,75,2467,always,always,False,brain dysfunction (forget),-0.0010013101952305685,0.0010013101952305685,0.23247233033180237,0.014720726758241653,0.35,0,0,901,FP32-token-IDs
MentalBERT,j97g2f,444,75,2467,always,always,False,emptiness,-0.0019952408980489487,0.0019952408980489487,0.24864429235458374,0.06192978844046593,0.35,0,0,901,FP32-token-IDs
MentalBERT,j97g2f,444,75,2467,always,always,False,hopelessness,-0.001698026439130661,0.001698026439130661,0.4583815634250641,0.3241725265979767,0.35,0,0,901,FP32-token-IDs
MentalBERT,j97g2f,444,75,2467,always,always,False,loneliness,-0.0023646482843018716,0.0023646482843018716,0.6244892477989197,0.18737603724002838,0.35,0,0,901,FP32-token-IDs
MentalBERT,j97g2f,444,75,2467,always,always,False,sadness,-0.00037254927502501585,0.00037254927502501585,0.4321674406528473,0.9576798677444458,0.35,1,1,901,FP32-token-IDs
MentalBERT,j97g2f,444,75,2467,always,always,False,suicide intent,-5.085763959435835e-05,5.085763959435835e-05,0.06991535425186157,0.01626262441277504,0.35,0,0,901,FP32-token-IDs
MentalBERT,j97g2f,444,75,2467,always,always,False,worthlessness,-0.0029512763583278727,0.0029512763583278727,0.4828818440437317,0.04357760027050972,0.35,0,0,901,FP32-token-IDs
MentalBERT,j97g2f,444,76,2022,be,be,False,anger,-0.00154790175812585,0.00154790175812585,0.2932449281215668,0.05900707468390465,0.35,0,0,901,FP32-token-IDs
MentalBERT,j97g2f,444,76,2022,be,be,False,brain dysfunction (forget),-0.0010013101952305685,0.0010013101952305685,0.23247233033180237,0.014720726758241653,0.35,0,0,901,FP32-token-IDs
MentalBERT,j97g2f,444,76,2022,be,be,False,emptiness,-0.0019952408980489487,0.0019952408980489487,0.24864429235458374,0.06192978844046593,0.35,0,0,901,FP32-token-IDs
MentalBERT,j97g2f,444,76,2022,be,be,False,hopelessness,-0.001698026439130661,0.001698026439130661,0.4583815634250641,0.3241725265979767,0.35,0,0,901,FP32-token-IDs
MentalBERT,j97g2f,444,76,2022,be,be,False,loneliness,-0.0023646482843018716,0.0023646482843018716,0.6244892477989197,0.18737603724002838,0.35,0,0,901,FP32-token-IDs
MentalBERT,j97g2f,444,76,2022,be,be,False,sadness,-0.00037254927502501585,0.00037254927502501585,0.4321674406528473,0.9576798677444458,0.35,1,1,901,FP32-token-IDs
MentalBERT,j97g2f,444,76,2022,be,be,False,suicide intent,-5.085763959435835e-05,5.085763959435835e-05,0.06991535425186157,0.01626262441277504,0.35,0,0,901,FP32-token-IDs
MentalBERT,j97g2f,444,76,2022,be,be,False,worthlessness,-0.0029512763583278727,0.0029512763583278727,0.4828818440437317,0.04357760027050972,0.35,0,0,901,FP32-token-IDs
MentalBERT,j97g2f,444,77,2109,used,used,False,anger,-0.00154790175812585,0.00154790175812585,0.2932449281215668,0.05900707468390465,0.35,0,0,901,FP32-token-IDs
MentalBERT,j97g2f,444,77,2109,used,used,False,brain dysfunction (forget),-0.0010013101952305685,0.0010013101952305685,0.23247233033180237,0.014720726758241653,0.35,0,0,901,FP32-token-IDs
MentalBERT,j97g2f,444,77,2109,used,used,False,emptiness,-0.0019952408980489487,0.0019952408980489487,0.24864429235458374,0.06192978844046593,0.35,0,0,901,FP32-token-IDs
MentalBERT,j97g2f,444,77,2109,used,used,False,hopelessness,-0.001698026439130661,0.001698026439130661,0.4583815634250641,0.3241725265979767,0.35,0,0,901,FP32-token-IDs
MentalBERT,j97g2f,444,77,2109,used,used,False,loneliness,-0.0023646482843018716,0.0023646482843018716,0.6244892477989197,0.18737603724002838,0.35,0,0,901,FP32-token-IDs
MentalBERT,j97g2f,444,77,2109,used,used,False,sadness,-0.00037254927502501585,0.00037254927502501585,0.4321674406528473,0.9576798677444458,0.35,1,1,901,FP32-token-IDs
MentalBERT,j97g2f,444,77,2109,used,used,False,suicide intent,-5.085763959435835e-05,5.085763959435835e-05,0.06991535425186157,0.01626262441277504,0.35,0,0,901,FP32-token-IDs
MentalBERT,j97g2f,444,77,2109,used,used,False,worthlessness,-0.0029512763583278727,0.0029512763583278727,0.4828818440437317,0.04357760027050972,0.35,0,0,901,FP32-token-IDs
MentalBERT,j97g2f,444,78,2000,to,to,False,anger,-0.00154790175812585,0.00154790175812585,0.2932449281215668,0.05900707468390465,0.35,0,0,901,FP32-token-IDs
MentalBERT,j97g2f,444,78,2000,to,to,False,brain dysfunction (forget),-0.0010013101952305685,0.0010013101952305685,0.23247233033180237,0.014720726758241653,0.35,0,0,901,FP32-token-IDs
MentalBERT,j97g2f,444,78,2000,to,to,False,emptiness,-0.0019952408980489487,0.0019952408980489487,0.24864429235458374,0.06192978844046593,0.35,0,0,901,FP32-token-IDs
MentalBERT,j97g2f,444,78,2000,to,to,False,hopelessness,-0.001698026439130661,0.001698026439130661,0.4583815634250641,0.3241725265979767,0.35,0,0,901,FP32-token-IDs
MentalBERT,j97g2f,444,78,2000,to,to,False,loneliness,-0.0023646482843018716,0.0023646482843018716,0.6244892477989197,0.18737603724002838,0.35,0,0,901,FP32-token-IDs
MentalBERT,j97g2f,444,78,2000,to,to,False,sadness,-0.00037254927502501585,0.00037254927502501585,0.4321674406528473,0.9576798677444458,0.35,1,1,901,FP32-token-IDs
MentalBERT,j97g2f,444,78,2000,to,to,False,suicide intent,-5.085763959435835e-05,5.085763959435835e-05,0.06991535425186157,0.01626262441277504,0.35,0,0,901,FP32-token-IDs
MentalBERT,j97g2f,444,78,2000,to,to,False,worthlessness,-0.0029512763583278727,0.0029512763583278727,0.4828818440437317,0.04357760027050972,0.35,0,0,901,FP32-token-IDs
MentalBERT,j97g2f,444,79,2393,help,help,False,anger,-0.0015479017581258503,0.0015479017581258503,0.2932449281215668,0.05900707468390465,0.35,0,0,901,FP32-token-IDs
MentalBERT,j97g2f,444,79,2393,help,help,False,brain dysfunction (forget),-0.0010013101952305685,0.0010013101952305685,0.23247233033180237,0.014720726758241653,0.35,0,0,901,FP32-token-IDs
MentalBERT,j97g2f,444,79,2393,help,help,False,emptiness,-0.0019952408980489487,0.0019952408980489487,0.24864429235458374,0.06192978844046593,0.35,0,0,901,FP32-token-IDs
MentalBERT,j97g2f,444,79,2393,help,help,False,hopelessness,-0.001698026439130661,0.001698026439130661,0.4583815634250641,0.3241725265979767,0.35,0,0,901,FP32-token-IDs
MentalBERT,j97g2f,444,79,2393,help,help,False,loneliness,-0.0023646482843018716,0.0023646482843018716,0.6244892477989197,0.18737603724002838,0.35,0,0,901,FP32-token-IDs
MentalBERT,j97g2f,444,79,2393,help,help,False,sadness,-0.0003725492750250158,0.0003725492750250158,0.4321674406528473,0.9576798677444458,0.35,1,1,901,FP32-token-IDs
MentalBERT,j97g2f,444,79,2393,help,help,False,suicide intent,-5.085763959435835e-05,5.085763959435835e-05,0.06991535425186157,0.01626262441277504,0.35,0,0,901,FP32-token-IDs
MentalBERT,j97g2f,444,79,2393,help,help,False,worthlessness,-0.002951276358327873,0.002951276358327873,0.4828818440437317,0.04357760027050972,0.35,0,0,901,FP32-token-IDs
MentalBERT,j97g2f,444,80,2111,people,people,False,anger,-0.0015479017581258503,0.0015479017581258503,0.2932449281215668,0.05900707468390465,0.35,0,0,901,FP32-token-IDs
MentalBERT,j97g2f,444,80,2111,people,people,False,brain dysfunction (forget),-0.0010013101952305685,0.0010013101952305685,0.23247233033180237,0.014720726758241653,0.35,0,0,901,FP32-token-IDs
MentalBERT,j97g2f,444,80,2111,people,people,False,emptiness,-0.0019952408980489487,0.0019952408980489487,0.24864429235458374,0.06192978844046593,0.35,0,0,901,FP32-token-IDs
MentalBERT,j97g2f,444,80,2111,people,people,False,hopelessness,-0.001698026439130661,0.001698026439130661,0.4583815634250641,0.3241725265979767,0.35,0,0,901,FP32-token-IDs
MentalBERT,j97g2f,444,80,2111,people,people,False,loneliness,-0.0023646482843018716,0.0023646482843018716,0.6244892477989197,0.18737603724002838,0.35,0,0,901,FP32-token-IDs
MentalBERT,j97g2f,444,80,2111,people,people,False,sadness,-0.0003725492750250158,0.0003725492750250158,0.4321674406528473,0.9576798677444458,0.35,1,1,901,FP32-token-IDs
MentalBERT,j97g2f,444,80,2111,people,people,False,suicide intent,-5.085763959435835e-05,5.085763959435835e-05,0.06991535425186157,0.01626262441277504,0.35,0,0,901,FP32-token-IDs
MentalBERT,j97g2f,444,80,2111,people,people,False,worthlessness,-0.002951276358327873,0.002951276358327873,0.4828818440437317,0.04357760027050972,0.35,0,0,901,FP32-token-IDs
MentalBERT,j97g2f,444,81,1012,.,.,False,anger,-0.0015479017581258503,0.0015479017581258503,0.2932449281215668,0.05900707468390465,0.35,0,0,901,FP32-token-IDs
MentalBERT,j97g2f,444,81,1012,.,.,False,brain dysfunction (forget),-0.0010013101952305685,0.0010013101952305685,0.23247233033180237,0.014720726758241653,0.35,0,0,901,FP32-token-IDs
MentalBERT,j97g2f,444,81,1012,.,.,False,emptiness,-0.0019952408980489487,0.0019952408980489487,0.24864429235458374,0.06192978844046593,0.35,0,0,901,FP32-token-IDs
MentalBERT,j97g2f,444,81,1012,.,.,False,hopelessness,-0.001698026439130661,0.001698026439130661,0.4583815634250641,0.3241725265979767,0.35,0,0,901,FP32-token-IDs
MentalBERT,j97g2f,444,81,1012,.,.,False,loneliness,-0.0023646482843018716,0.0023646482843018716,0.6244892477989197,0.18737603724002838,0.35,0,0,901,FP32-token-IDs
MentalBERT,j97g2f,444,81,1012,.,.,False,sadness,-0.0003725492750250158,0.0003725492750250158,0.4321674406528473,0.9576798677444458,0.35,1,1,901,FP32-token-IDs
MentalBERT,j97g2f,444,81,1012,.,.,False,suicide intent,-5.085763959435835e-05,5.085763959435835e-05,0.06991535425186157,0.01626262441277504,0.35,0,0,901,FP32-token-IDs
MentalBERT,j97g2f,444,81,1012,.,.,False,worthlessness,-0.002951276358327873,0.002951276358327873,0.4828818440437317,0.04357760027050972,0.35,0,0,901,FP32-token-IDs
MentalBERT,j97g2f,444,82,1045,i,i,False,anger,-0.0018965646672945518,0.0018965646672945518,0.2932449281215668,0.05900707468390465,0.35,0,0,901,FP32-token-IDs
MentalBERT,j97g2f,444,82,1045,i,i,False,brain dysfunction (forget),-0.0011018401659920296,0.0011018401659920296,0.23247233033180237,0.014720726758241653,0.35,0,0,901,FP32-token-IDs
MentalBERT,j97g2f,444,82,1045,i,i,False,emptiness,-0.0034342776037534915,0.0034342776037534915,0.24864429235458374,0.06192978844046593,0.35,0,0,901,FP32-token-IDs
MentalBERT,j97g2f,444,82,1045,i,i,False,hopelessness,-0.0014724589887304934,0.0014724589887304934,0.4583815634250641,0.3241725265979767,0.35,0,0,901,FP32-token-IDs
MentalBERT,j97g2f,444,82,1045,i,i,False,loneliness,-0.007038010586682078,0.007038010586682078,0.6244892477989197,0.18737603724002838,0.35,0,0,901,FP32-token-IDs
MentalBERT,j97g2f,444,82,1045,i,i,False,sadness,-0.0007983937061258724,0.0007983937061258724,0.4321674406528473,0.9576798677444458,0.35,1,1,901,FP32-token-IDs
MentalBERT,j97g2f,444,82,1045,i,i,False,suicide intent,2.1568704870210967e-05,2.1568704870210967e-05,0.06991535425186157,0.01626262441277504,0.35,0,0,901,FP32-token-IDs
MentalBERT,j97g2f,444,82,1045,i,i,False,worthlessness,-0.002798058947566413,0.002798058947566413,0.4828818440437317,0.04357760027050972,0.35,0,0,901,FP32-token-IDs
MentalBERT,j97g2f,444,83,2580,created,created,False,anger,-0.0018965646672945518,0.0018965646672945518,0.2932449281215668,0.05900707468390465,0.35,0,0,901,FP32-token-IDs
MentalBERT,j97g2f,444,83,2580,created,created,False,brain dysfunction (forget),-0.0011018401659920296,0.0011018401659920296,0.23247233033180237,0.014720726758241653,0.35,0,0,901,FP32-token-IDs
MentalBERT,j97g2f,444,83,2580,created,created,False,emptiness,-0.0034342776037534915,0.0034342776037534915,0.24864429235458374,0.06192978844046593,0.35,0,0,901,FP32-token-IDs
MentalBERT,j97g2f,444,83,2580,created,created,False,hopelessness,-0.0014724589887304934,0.0014724589887304934,0.4583815634250641,0.3241725265979767,0.35,0,0,901,FP32-token-IDs
MentalBERT,j97g2f,444,83,2580,created,created,False,loneliness,-0.007038010586682078,0.007038010586682078,0.6244892477989197,0.18737603724002838,0.35,0,0,901,FP32-token-IDs
MentalBERT,j97g2f,444,83,2580,created,created,False,sadness,-0.0007983937061258724,0.0007983937061258724,0.4321674406528473,0.9576798677444458,0.35,1,1,901,FP32-token-IDs
MentalBERT,j97g2f,444,83,2580,created,created,False,suicide intent,2.1568704870210967e-05,2.1568704870210967e-05,0.06991535425186157,0.01626262441277504,0.35,0,0,901,FP32-token-IDs
MentalBERT,j97g2f,444,83,2580,created,created,False,worthlessness,-0.002798058947566413,0.002798058947566413,0.4828818440437317,0.04357760027050972,0.35,0,0,901,FP32-token-IDs
MentalBERT,j97g2f,444,84,1996,the,the,False,anger,-0.0018965646672945518,0.0018965646672945518,0.2932449281215668,0.05900707468390465,0.35,0,0,901,FP32-token-IDs
MentalBERT,j97g2f,444,84,1996,the,the,False,brain dysfunction (forget),-0.0011018401659920296,0.0011018401659920296,0.23247233033180237,0.014720726758241653,0.35,0,0,901,FP32-token-IDs
MentalBERT,j97g2f,444,84,1996,the,the,False,emptiness,-0.0034342776037534915,0.0034342776037534915,0.24864429235458374,0.06192978844046593,0.35,0,0,901,FP32-token-IDs
MentalBERT,j97g2f,444,84,1996,the,the,False,hopelessness,-0.0014724589887304934,0.0014724589887304934,0.4583815634250641,0.3241725265979767,0.35,0,0,901,FP32-token-IDs
MentalBERT,j97g2f,444,84,1996,the,the,False,loneliness,-0.007038010586682078,0.007038010586682078,0.6244892477989197,0.18737603724002838,0.35,0,0,901,FP32-token-IDs
MentalBERT,j97g2f,444,84,1996,the,the,False,sadness,-0.0007983937061258724,0.0007983937061258724,0.4321674406528473,0.9576798677444458,0.35,1,1,901,FP32-token-IDs
MentalBERT,j97g2f,444,84,1996,the,the,False,suicide intent,2.1568704870210967e-05,2.1568704870210967e-05,0.06991535425186157,0.01626262441277504,0.35,0,0,901,FP32-token-IDs
MentalBERT,j97g2f,444,84,1996,the,the,False,worthlessness,-0.002798058947566413,0.002798058947566413,0.4828818440437317,0.04357760027050972,0.35,0,0,901,FP32-token-IDs
MentalBERT,j97g2f,444,85,11834,chat,chat,False,anger,-0.0013128800133194824,0.0013128800133194824,0.2932449281215668,0.05900707468390465,0.35,0,0,901,FP32-token-IDs
MentalBERT,j97g2f,444,85,11834,chat,chat,False,brain dysfunction (forget),-0.001812609385335425,0.001812609385335425,0.23247233033180237,0.014720726758241653,0.35,0,0,901,FP32-token-IDs
MentalBERT,j97g2f,444,85,11834,chat,chat,False,emptiness,-0.0031343090798488103,0.0031343090798488103,0.24864429235458374,0.06192978844046593,0.35,0,0,901,FP32-token-IDs
MentalBERT,j97g2f,444,85,11834,chat,chat,False,hopelessness,-0.0042481911255276535,0.0042481911255276535,0.4583815634250641,0.3241725265979767,0.35,0,0,901,FP32-token-IDs
MentalBERT,j97g2f,444,85,11834,chat,chat,False,loneliness,-0.00246679906237435,0.00246679906237435,0.6244892477989197,0.18737603724002838,0.35,0,0,901,FP32-token-IDs
MentalBERT,j97g2f,444,85,11834,chat,chat,False,sadness,-0.0019479620636307768,0.0019479620636307768,0.4321674406528473,0.9576798677444458,0.35,1,1,901,FP32-token-IDs
MentalBERT,j97g2f,444,85,11834,chat,chat,False,suicide intent,-0.0005613478383861252,0.0005613478383861252,0.06991535425186157,0.01626262441277504,0.35,0,0,901,FP32-token-IDs
MentalBERT,j97g2f,444,85,11834,chat,chat,False,worthlessness,-0.0063236550595792765,0.0063236550595792765,0.4828818440437317,0.04357760027050972,0.35,0,0,901,FP32-token-IDs
MentalBERT,j97g2f,444,86,18384,##bot,bot,False,anger,-0.0013128800133194824,0.0013128800133194824,0.2932449281215668,0.05900707468390465,0.35,0,0,901,FP32-token-IDs
MentalBERT,j97g2f,444,86,18384,##bot,bot,False,brain dysfunction (forget),-0.001812609385335425,0.001812609385335425,0.23247233033180237,0.014720726758241653,0.35,0,0,901,FP32-token-IDs
MentalBERT,j97g2f,444,86,18384,##bot,bot,False,emptiness,-0.0031343090798488103,0.0031343090798488103,0.24864429235458374,0.06192978844046593,0.35,0,0,901,FP32-token-IDs
MentalBERT,j97g2f,444,86,18384,##bot,bot,False,hopelessness,-0.0042481911255276535,0.0042481911255276535,0.4583815634250641,0.3241725265979767,0.35,0,0,901,FP32-token-IDs
MentalBERT,j97g2f,444,86,18384,##bot,bot,False,loneliness,-0.00246679906237435,0.00246679906237435,0.6244892477989197,0.18737603724002838,0.35,0,0,901,FP32-token-IDs
MentalBERT,j97g2f,444,86,18384,##bot,bot,False,sadness,-0.0019479620636307768,0.0019479620636307768,0.4321674406528473,0.9576798677444458,0.35,1,1,901,FP32-token-IDs
MentalBERT,j97g2f,444,86,18384,##bot,bot,False,suicide intent,-0.0005613478383861252,0.0005613478383861252,0.06991535425186157,0.01626262441277504,0.35,0,0,901,FP32-token-IDs
MentalBERT,j97g2f,444,86,18384,##bot,bot,False,worthlessness,-0.0063236550595792765,0.0063236550595792765,0.4828818440437317,0.04357760027050972,0.35,0,0,901,FP32-token-IDs
MentalBERT,j97g2f,444,87,2005,for,for,False,anger,-0.0013128800133194824,0.0013128800133194824,0.2932449281215668,0.05900707468390465,0.35,0,0,901,FP32-token-IDs
MentalBERT,j97g2f,444,87,2005,for,for,False,brain dysfunction (forget),-0.001812609385335425,0.001812609385335425,0.23247233033180237,0.014720726758241653,0.35,0,0,901,FP32-token-IDs
MentalBERT,j97g2f,444,87,2005,for,for,False,emptiness,-0.0031343090798488103,0.0031343090798488103,0.24864429235458374,0.06192978844046593,0.35,0,0,901,FP32-token-IDs
MentalBERT,j97g2f,444,87,2005,for,for,False,hopelessness,-0.0042481911255276535,0.0042481911255276535,0.4583815634250641,0.3241725265979767,0.35,0,0,901,FP32-token-IDs
MentalBERT,j97g2f,444,87,2005,for,for,False,loneliness,-0.00246679906237435,0.00246679906237435,0.6244892477989197,0.18737603724002838,0.35,0,0,901,FP32-token-IDs
MentalBERT,j97g2f,444,87,2005,for,for,False,sadness,-0.0019479620636307768,0.0019479620636307768,0.4321674406528473,0.9576798677444458,0.35,1,1,901,FP32-token-IDs
MentalBERT,j97g2f,444,87,2005,for,for,False,suicide intent,-0.0005613478383861252,0.0005613478383861252,0.06991535425186157,0.01626262441277504,0.35,0,0,901,FP32-token-IDs
MentalBERT,j97g2f,444,87,2005,for,for,False,worthlessness,-0.0063236550595792765,0.0063236550595792765,0.4828818440437317,0.04357760027050972,0.35,0,0,901,FP32-token-IDs
MentalBERT,j97g2f,444,88,1037,a,a,False,anger,-0.0013128800133194824,0.0013128800133194824,0.2932449281215668,0.05900707468390465,0.35,0,0,901,FP32-token-IDs
MentalBERT,j97g2f,444,88,1037,a,a,False,brain dysfunction (forget),-0.001812609385335425,0.001812609385335425,0.23247233033180237,0.014720726758241653,0.35,0,0,901,FP32-token-IDs
MentalBERT,j97g2f,444,88,1037,a,a,False,emptiness,-0.0031343090798488103,0.0031343090798488103,0.24864429235458374,0.06192978844046593,0.35,0,0,901,FP32-token-IDs
MentalBERT,j97g2f,444,88,1037,a,a,False,hopelessness,-0.0042481911255276535,0.0042481911255276535,0.4583815634250641,0.3241725265979767,0.35,0,0,901,FP32-token-IDs
MentalBERT,j97g2f,444,88,1037,a,a,False,loneliness,-0.00246679906237435,0.00246679906237435,0.6244892477989197,0.18737603724002838,0.35,0,0,901,FP32-token-IDs
MentalBERT,j97g2f,444,88,1037,a,a,False,sadness,-0.0019479620636307768,0.0019479620636307768,0.4321674406528473,0.9576798677444458,0.35,1,1,901,FP32-token-IDs
MentalBERT,j97g2f,444,88,1037,a,a,False,suicide intent,-0.0005613478383861252,0.0005613478383861252,0.06991535425186157,0.01626262441277504,0.35,0,0,901,FP32-token-IDs
MentalBERT,j97g2f,444,88,1037,a,a,False,worthlessness,-0.0063236550595792765,0.0063236550595792765,0.4828818440437317,0.04357760027050972,0.35,0,0,901,FP32-token-IDs
MentalBERT,j97g2f,444,89,2200,very,very,False,anger,0.004673439459028569,0.004673439459028569,0.2932449281215668,0.05900707468390465,0.35,0,0,901,FP32-token-IDs
MentalBERT,j97g2f,444,89,2200,very,very,False,brain dysfunction (forget),-0.0010474020058278588,0.0010474020058278588,0.23247233033180237,0.014720726758241653,0.35,0,0,901,FP32-token-IDs
MentalBERT,j97g2f,444,89,2200,very,very,False,emptiness,0.0006104723116467621,0.0006104723116467621,0.24864429235458374,0.06192978844046593,0.35,0,0,901,FP32-token-IDs
MentalBERT,j97g2f,444,89,2200,very,very,False,hopelessness,0.0015638020651584322,0.0015638020651584322,0.4583815634250641,0.3241725265979767,0.35,0,0,901,FP32-token-IDs
MentalBERT,j97g2f,444,89,2200,very,very,False,loneliness,-0.0017246258741414004,0.0017246258741414004,0.6244892477989197,0.18737603724002838,0.35,0,0,901,FP32-token-IDs
MentalBERT,j97g2f,444,89,2200,very,very,False,sadness,0.00024238729383796453,0.00024238729383796453,0.4321674406528473,0.9576798677444458,0.35,1,1,901,FP32-token-IDs
MentalBERT,j97g2f,444,89,2200,very,very,False,suicide intent,0.0002174591665441932,0.0002174591665441932,0.06991535425186157,0.01626262441277504,0.35,0,0,901,FP32-token-IDs
MentalBERT,j97g2f,444,89,2200,very,very,False,worthlessness,0.0033285043001259596,0.0033285043001259596,0.4828818440437317,0.04357760027050972,0.35,0,0,901,FP32-token-IDs
MentalBERT,j97g2f,444,90,3167,personal,personal,False,anger,0.004673439459028569,0.004673439459028569,0.2932449281215668,0.05900707468390465,0.35,0,0,901,FP32-token-IDs
MentalBERT,j97g2f,444,90,3167,personal,personal,False,brain dysfunction (forget),-0.0010474020058278588,0.0010474020058278588,0.23247233033180237,0.014720726758241653,0.35,0,0,901,FP32-token-IDs
MentalBERT,j97g2f,444,90,3167,personal,personal,False,emptiness,0.0006104723116467621,0.0006104723116467621,0.24864429235458374,0.06192978844046593,0.35,0,0,901,FP32-token-IDs
MentalBERT,j97g2f,444,90,3167,personal,personal,False,hopelessness,0.0015638020651584322,0.0015638020651584322,0.4583815634250641,0.3241725265979767,0.35,0,0,901,FP32-token-IDs
MentalBERT,j97g2f,444,90,3167,personal,personal,False,loneliness,-0.0017246258741414004,0.0017246258741414004,0.6244892477989197,0.18737603724002838,0.35,0,0,901,FP32-token-IDs
MentalBERT,j97g2f,444,90,3167,personal,personal,False,sadness,0.00024238729383796453,0.00024238729383796453,0.4321674406528473,0.9576798677444458,0.35,1,1,901,FP32-token-IDs
MentalBERT,j97g2f,444,90,3167,personal,personal,False,suicide intent,0.0002174591665441932,0.0002174591665441932,0.06991535425186157,0.01626262441277504,0.35,0,0,901,FP32-token-IDs
MentalBERT,j97g2f,444,90,3167,personal,personal,False,worthlessness,0.0033285043001259596,0.0033285043001259596,0.4828818440437317,0.04357760027050972,0.35,0,0,901,FP32-token-IDs
MentalBERT,j97g2f,444,91,3114,reason,reason,False,anger,0.004673439459028569,0.004673439459028569,0.2932449281215668,0.05900707468390465,0.35,0,0,901,FP32-token-IDs
MentalBERT,j97g2f,444,91,3114,reason,reason,False,brain dysfunction (forget),-0.0010474020058278588,0.0010474020058278588,0.23247233033180237,0.014720726758241653,0.35,0,0,901,FP32-token-IDs
MentalBERT,j97g2f,444,91,3114,reason,reason,False,emptiness,0.0006104723116467621,0.0006104723116467621,0.24864429235458374,0.06192978844046593,0.35,0,0,901,FP32-token-IDs
MentalBERT,j97g2f,444,91,3114,reason,reason,False,hopelessness,0.0015638020651584322,0.0015638020651584322,0.4583815634250641,0.3241725265979767,0.35,0,0,901,FP32-token-IDs
MentalBERT,j97g2f,444,91,3114,reason,reason,False,loneliness,-0.0017246258741414004,0.0017246258741414004,0.6244892477989197,0.18737603724002838,0.35,0,0,901,FP32-token-IDs
MentalBERT,j97g2f,444,91,3114,reason,reason,False,sadness,0.00024238729383796453,0.00024238729383796453,0.4321674406528473,0.9576798677444458,0.35,1,1,901,FP32-token-IDs
MentalBERT,j97g2f,444,91,3114,reason,reason,False,suicide intent,0.0002174591665441932,0.0002174591665441932,0.06991535425186157,0.01626262441277504,0.35,0,0,901,FP32-token-IDs
MentalBERT,j97g2f,444,91,3114,reason,reason,False,worthlessness,0.0033285043001259596,0.0033285043001259596,0.4828818440437317,0.04357760027050972,0.35,0,0,901,FP32-token-IDs
MentalBERT,j97g2f,444,92,1012,.,.,False,anger,0.004673439459028569,0.004673439459028569,0.2932449281215668,0.05900707468390465,0.35,0,0,901,FP32-token-IDs
MentalBERT,j97g2f,444,92,1012,.,.,False,brain dysfunction (forget),-0.0010474020058278588,0.0010474020058278588,0.23247233033180237,0.014720726758241653,0.35,0,0,901,FP32-token-IDs
MentalBERT,j97g2f,444,92,1012,.,.,False,emptiness,0.0006104723116467621,0.0006104723116467621,0.24864429235458374,0.06192978844046593,0.35,0,0,901,FP32-token-IDs
MentalBERT,j97g2f,444,92,1012,.,.,False,hopelessness,0.0015638020651584322,0.0015638020651584322,0.4583815634250641,0.3241725265979767,0.35,0,0,901,FP32-token-IDs
MentalBERT,j97g2f,444,92,1012,.,.,False,loneliness,-0.0017246258741414004,0.0017246258741414004,0.6244892477989197,0.18737603724002838,0.35,0,0,901,FP32-token-IDs
MentalBERT,j97g2f,444,92,1012,.,.,False,sadness,0.00024238729383796453,0.00024238729383796453,0.4321674406528473,0.9576798677444458,0.35,1,1,901,FP32-token-IDs
MentalBERT,j97g2f,444,92,1012,.,.,False,suicide intent,0.00021745916654419324,0.00021745916654419324,0.06991535425186157,0.01626262441277504,0.35,0,0,901,FP32-token-IDs
MentalBERT,j97g2f,444,92,1012,.,.,False,worthlessness,0.003328504300125959,0.003328504300125959,0.4828818440437317,0.04357760027050972,0.35,0,0,901,FP32-token-IDs
MentalBERT,j97g2f,444,93,2026,my,my,False,anger,-0.00546635375039408,0.00546635375039408,0.2932449281215668,0.05900707468390465,0.35,0,0,901,FP32-token-IDs
MentalBERT,j97g2f,444,93,2026,my,my,False,brain dysfunction (forget),-0.0025202400318535398,0.0025202400318535398,0.23247233033180237,0.014720726758241653,0.35,0,0,901,FP32-token-IDs
MentalBERT,j97g2f,444,93,2026,my,my,False,emptiness,0.002056665345980224,0.002056665345980224,0.24864429235458374,0.06192978844046593,0.35,0,0,901,FP32-token-IDs
MentalBERT,j97g2f,444,93,2026,my,my,False,hopelessness,6.879151785849698e-05,6.879151785849698e-05,0.4583815634250641,0.3241725265979767,0.35,0,0,901,FP32-token-IDs
MentalBERT,j97g2f,444,93,2026,my,my,False,loneliness,0.008087751107282996,0.008087751107282996,0.6244892477989197,0.18737603724002838,0.35,0,0,901,FP32-token-IDs
MentalBERT,j97g2f,444,93,2026,my,my,False,sadness,0.003846324702155673,0.003846324702155673,0.4321674406528473,0.9576798677444458,0.35,1,1,901,FP32-token-IDs
MentalBERT,j97g2f,444,93,2026,my,my,False,suicide intent,-0.0005995440385179661,0.0005995440385179661,0.06991535425186157,0.01626262441277504,0.35,0,0,901,FP32-token-IDs
MentalBERT,j97g2f,444,93,2026,my,my,False,worthlessness,-0.0030194239657176363,0.0030194239657176363,0.4828818440437317,0.04357760027050972,0.35,0,0,901,FP32-token-IDs
MentalBERT,j97g2f,444,94,2814,friends,friends,False,anger,-0.00546635375039408,0.00546635375039408,0.2932449281215668,0.05900707468390465,0.35,0,0,901,FP32-token-IDs
MentalBERT,j97g2f,444,94,2814,friends,friends,False,brain dysfunction (forget),-0.0025202400318535398,0.0025202400318535398,0.23247233033180237,0.014720726758241653,0.35,0,0,901,FP32-token-IDs
MentalBERT,j97g2f,444,94,2814,friends,friends,False,emptiness,0.002056665345980224,0.002056665345980224,0.24864429235458374,0.06192978844046593,0.35,0,0,901,FP32-token-IDs
MentalBERT,j97g2f,444,94,2814,friends,friends,False,hopelessness,6.879151785849698e-05,6.879151785849698e-05,0.4583815634250641,0.3241725265979767,0.35,0,0,901,FP32-token-IDs
MentalBERT,j97g2f,444,94,2814,friends,friends,False,loneliness,0.008087751107282996,0.008087751107282996,0.6244892477989197,0.18737603724002838,0.35,0,0,901,FP32-token-IDs
MentalBERT,j97g2f,444,94,2814,friends,friends,False,sadness,0.003846324702155673,0.003846324702155673,0.4321674406528473,0.9576798677444458,0.35,1,1,901,FP32-token-IDs
MentalBERT,j97g2f,444,94,2814,friends,friends,False,suicide intent,-0.0005995440385179661,0.0005995440385179661,0.06991535425186157,0.01626262441277504,0.35,0,0,901,FP32-token-IDs
MentalBERT,j97g2f,444,94,2814,friends,friends,False,worthlessness,-0.0030194239657176363,0.0030194239657176363,0.4828818440437317,0.04357760027050972,0.35,0,0,901,FP32-token-IDs
MentalBERT,j97g2f,444,95,2031,have,have,False,anger,-0.00546635375039408,0.00546635375039408,0.2932449281215668,0.05900707468390465,0.35,0,0,901,FP32-token-IDs
MentalBERT,j97g2f,444,95,2031,have,have,False,brain dysfunction (forget),-0.0025202400318535398,0.0025202400318535398,0.23247233033180237,0.014720726758241653,0.35,0,0,901,FP32-token-IDs
MentalBERT,j97g2f,444,95,2031,have,have,False,emptiness,0.002056665345980224,0.002056665345980224,0.24864429235458374,0.06192978844046593,0.35,0,0,901,FP32-token-IDs
MentalBERT,j97g2f,444,95,2031,have,have,False,hopelessness,6.879151785849698e-05,6.879151785849698e-05,0.4583815634250641,0.3241725265979767,0.35,0,0,901,FP32-token-IDs
MentalBERT,j97g2f,444,95,2031,have,have,False,loneliness,0.008087751107282996,0.008087751107282996,0.6244892477989197,0.18737603724002838,0.35,0,0,901,FP32-token-IDs
MentalBERT,j97g2f,444,95,2031,have,have,False,sadness,0.003846324702155673,0.003846324702155673,0.4321674406528473,0.9576798677444458,0.35,1,1,901,FP32-token-IDs
MentalBERT,j97g2f,444,95,2031,have,have,False,suicide intent,-0.0005995440385179661,0.0005995440385179661,0.06991535425186157,0.01626262441277504,0.35,0,0,901,FP32-token-IDs
MentalBERT,j97g2f,444,95,2031,have,have,False,worthlessness,-0.0030194239657176363,0.0030194239657176363,0.4828818440437317,0.04357760027050972,0.35,0,0,901,FP32-token-IDs
MentalBERT,j97g2f,444,96,2908,gone,gone,False,anger,-0.00546635375039408,0.00546635375039408,0.2932449281215668,0.05900707468390465,0.35,0,0,901,FP32-token-IDs
MentalBERT,j97g2f,444,96,2908,gone,gone,False,brain dysfunction (forget),-0.0025202400318535398,0.0025202400318535398,0.23247233033180237,0.014720726758241653,0.35,0,0,901,FP32-token-IDs
MentalBERT,j97g2f,444,96,2908,gone,gone,False,emptiness,0.002056665345980224,0.002056665345980224,0.24864429235458374,0.06192978844046593,0.35,0,0,901,FP32-token-IDs
MentalBERT,j97g2f,444,96,2908,gone,gone,False,hopelessness,6.879151785849698e-05,6.879151785849698e-05,0.4583815634250641,0.3241725265979767,0.35,0,0,901,FP32-token-IDs
MentalBERT,j97g2f,444,96,2908,gone,gone,False,loneliness,0.008087751107282996,0.008087751107282996,0.6244892477989197,0.18737603724002838,0.35,0,0,901,FP32-token-IDs
MentalBERT,j97g2f,444,96,2908,gone,gone,False,sadness,0.003846324702155673,0.003846324702155673,0.4321674406528473,0.9576798677444458,0.35,1,1,901,FP32-token-IDs
MentalBERT,j97g2f,444,96,2908,gone,gone,False,suicide intent,-0.0005995440385179661,0.0005995440385179661,0.06991535425186157,0.01626262441277504,0.35,0,0,901,FP32-token-IDs
MentalBERT,j97g2f,444,96,2908,gone,gone,False,worthlessness,-0.0030194239657176363,0.0030194239657176363,0.4828818440437317,0.04357760027050972,0.35,0,0,901,FP32-token-IDs
MentalBERT,j97g2f,444,97,2083,through,through,False,anger,-0.005110465577759204,0.005110465577759204,0.2932449281215668,0.05900707468390465,0.35,0,0,901,FP32-token-IDs
MentalBERT,j97g2f,444,97,2083,through,through,False,brain dysfunction (forget),0.0002859326306774858,0.0002859326306774858,0.23247233033180237,0.014720726758241653,0.35,0,0,901,FP32-token-IDs
MentalBERT,j97g2f,444,97,2083,through,through,False,emptiness,-0.0021864445094713974,0.0021864445094713974,0.24864429235458374,0.06192978844046593,0.35,0,0,901,FP32-token-IDs
MentalBERT,j97g2f,444,97,2083,through,through,False,hopelessness,-0.0018360561936990253,0.0018360561936990253,0.4583815634250641,0.3241725265979767,0.35,0,0,901,FP32-token-IDs
MentalBERT,j97g2f,444,97,2083,through,through,False,loneliness,0.0011586846909411846,0.0011586846909411846,0.6244892477989197,0.18737603724002838,0.35,0,0,901,FP32-token-IDs
MentalBERT,j97g2f,444,97,2083,through,through,False,sadness,-0.00237438642523355,0.00237438642523355,0.4321674406528473,0.9576798677444458,0.35,1,1,901,FP32-token-IDs
MentalBERT,j97g2f,444,97,2083,through,through,False,suicide intent,-0.0007767362499310236,0.0007767362499310236,0.06991535425186157,0.01626262441277504,0.35,0,0,901,FP32-token-IDs
MentalBERT,j97g2f,444,97,2083,through,through,False,worthlessness,-0.001725705933760822,0.001725705933760822,0.4828818440437317,0.04357760027050972,0.35,0,0,901,FP32-token-IDs
MentalBERT,j97g2f,444,98,5729,severe,severe,False,anger,-0.005110465577759204,0.005110465577759204,0.2932449281215668,0.05900707468390465,0.35,0,0,901,FP32-token-IDs
MentalBERT,j97g2f,444,98,5729,severe,severe,False,brain dysfunction (forget),0.0002859326306774858,0.0002859326306774858,0.23247233033180237,0.014720726758241653,0.35,0,0,901,FP32-token-IDs
MentalBERT,j97g2f,444,98,5729,severe,severe,False,emptiness,-0.0021864445094713974,0.0021864445094713974,0.24864429235458374,0.06192978844046593,0.35,0,0,901,FP32-token-IDs
MentalBERT,j97g2f,444,98,5729,severe,severe,False,hopelessness,-0.0018360561936990253,0.0018360561936990253,0.4583815634250641,0.3241725265979767,0.35,0,0,901,FP32-token-IDs
MentalBERT,j97g2f,444,98,5729,severe,severe,False,loneliness,0.0011586846909411846,0.0011586846909411846,0.6244892477989197,0.18737603724002838,0.35,0,0,901,FP32-token-IDs
MentalBERT,j97g2f,444,98,5729,severe,severe,False,sadness,-0.00237438642523355,0.00237438642523355,0.4321674406528473,0.9576798677444458,0.35,1,1,901,FP32-token-IDs
MentalBERT,j97g2f,444,98,5729,severe,severe,False,suicide intent,-0.0007767362499310236,0.0007767362499310236,0.06991535425186157,0.01626262441277504,0.35,0,0,901,FP32-token-IDs
MentalBERT,j97g2f,444,98,5729,severe,severe,False,worthlessness,-0.001725705933760822,0.001725705933760822,0.4828818440437317,0.04357760027050972,0.35,0,0,901,FP32-token-IDs
MentalBERT,j97g2f,444,99,5177,mental,mental,False,anger,-0.005110465577759204,0.005110465577759204,0.2932449281215668,0.05900707468390465,0.35,0,0,901,FP32-token-IDs
MentalBERT,j97g2f,444,99,5177,mental,mental,False,brain dysfunction (forget),0.0002859326306774858,0.0002859326306774858,0.23247233033180237,0.014720726758241653,0.35,0,0,901,FP32-token-IDs
MentalBERT,j97g2f,444,99,5177,mental,mental,False,emptiness,-0.0021864445094713974,0.0021864445094713974,0.24864429235458374,0.06192978844046593,0.35,0,0,901,FP32-token-IDs
MentalBERT,j97g2f,444,99,5177,mental,mental,False,hopelessness,-0.0018360561936990253,0.0018360561936990253,0.4583815634250641,0.3241725265979767,0.35,0,0,901,FP32-token-IDs
MentalBERT,j97g2f,444,99,5177,mental,mental,False,loneliness,0.0011586846909411844,0.0011586846909411844,0.6244892477989197,0.18737603724002838,0.35,0,0,901,FP32-token-IDs
MentalBERT,j97g2f,444,99,5177,mental,mental,False,sadness,-0.00237438642523355,0.00237438642523355,0.4321674406528473,0.9576798677444458,0.35,1,1,901,FP32-token-IDs
MentalBERT,j97g2f,444,99,5177,mental,mental,False,suicide intent,-0.0007767362499310236,0.0007767362499310236,0.06991535425186157,0.01626262441277504,0.35,0,0,901,FP32-token-IDs
MentalBERT,j97g2f,444,99,5177,mental,mental,False,worthlessness,-0.001725705933760822,0.001725705933760822,0.4828818440437317,0.04357760027050972,0.35,0,0,901,FP32-token-IDs
MentalBERT,j97g2f,444,100,2740,health,health,False,anger,-0.005110465577759204,0.005110465577759204,0.2932449281215668,0.05900707468390465,0.35,0,0,901,FP32-token-IDs
MentalBERT,j97g2f,444,100,2740,health,health,False,brain dysfunction (forget),0.0002859326306774858,0.0002859326306774858,0.23247233033180237,0.014720726758241653,0.35,0,0,901,FP32-token-IDs
MentalBERT,j97g2f,444,100,2740,health,health,False,emptiness,-0.0021864445094713974,0.0021864445094713974,0.24864429235458374,0.06192978844046593,0.35,0,0,901,FP32-token-IDs
MentalBERT,j97g2f,444,100,2740,health,health,False,hopelessness,-0.0018360561936990253,0.0018360561936990253,0.4583815634250641,0.3241725265979767,0.35,0,0,901,FP32-token-IDs
MentalBERT,j97g2f,444,100,2740,health,health,False,loneliness,0.0011586846909411844,0.0011586846909411844,0.6244892477989197,0.18737603724002838,0.35,0,0,901,FP32-token-IDs
MentalBERT,j97g2f,444,100,2740,health,health,False,sadness,-0.00237438642523355,0.00237438642523355,0.4321674406528473,0.9576798677444458,0.35,1,1,901,FP32-token-IDs
MentalBERT,j97g2f,444,100,2740,health,health,False,suicide intent,-0.0007767362499310236,0.0007767362499310236,0.06991535425186157,0.01626262441277504,0.35,0,0,901,FP32-token-IDs
MentalBERT,j97g2f,444,100,2740,health,health,False,worthlessness,-0.001725705933760822,0.001725705933760822,0.4828818440437317,0.04357760027050972,0.35,0,0,901,FP32-token-IDs
MentalBERT,j97g2f,444,101,24757,illnesses,illnesses,False,anger,-0.005110465577759204,0.005110465577759204,0.2932449281215668,0.05900707468390465,0.35,0,0,901,FP32-token-IDs
MentalBERT,j97g2f,444,101,24757,illnesses,illnesses,False,brain dysfunction (forget),0.0002859326306774858,0.0002859326306774858,0.23247233033180237,0.014720726758241653,0.35,0,0,901,FP32-token-IDs
MentalBERT,j97g2f,444,101,24757,illnesses,illnesses,False,emptiness,-0.0021864445094713974,0.0021864445094713974,0.24864429235458374,0.06192978844046593,0.35,0,0,901,FP32-token-IDs
MentalBERT,j97g2f,444,101,24757,illnesses,illnesses,False,hopelessness,-0.0018360561936990253,0.0018360561936990253,0.4583815634250641,0.3241725265979767,0.35,0,0,901,FP32-token-IDs
MentalBERT,j97g2f,444,101,24757,illnesses,illnesses,False,loneliness,0.0011586846909411844,0.0011586846909411844,0.6244892477989197,0.18737603724002838,0.35,0,0,901,FP32-token-IDs
MentalBERT,j97g2f,444,101,24757,illnesses,illnesses,False,sadness,-0.00237438642523355,0.00237438642523355,0.4321674406528473,0.9576798677444458,0.35,1,1,901,FP32-token-IDs
MentalBERT,j97g2f,444,101,24757,illnesses,illnesses,False,suicide intent,-0.0007767362499310236,0.0007767362499310236,0.06991535425186157,0.01626262441277504,0.35,0,0,901,FP32-token-IDs
MentalBERT,j97g2f,444,101,24757,illnesses,illnesses,False,worthlessness,-0.001725705933760822,0.001725705933760822,0.4828818440437317,0.04357760027050972,0.35,0,0,901,FP32-token-IDs
MentalBERT,j97g2f,444,102,1998,and,and,False,anger,0.0005967131583068719,0.0005967131583068719,0.2932449281215668,0.05900707468390465,0.35,0,0,901,FP32-token-IDs
MentalBERT,j97g2f,444,102,1998,and,and,False,brain dysfunction (forget),-0.002036511650991314,0.002036511650991314,0.23247233033180237,0.014720726758241653,0.35,0,0,901,FP32-token-IDs
MentalBERT,j97g2f,444,102,1998,and,and,False,emptiness,0.0050737927084066655,0.0050737927084066655,0.24864429235458374,0.06192978844046593,0.35,0,0,901,FP32-token-IDs
MentalBERT,j97g2f,444,102,1998,and,and,False,hopelessness,0.011212399276824428,0.011212399276824428,0.4583815634250641,0.3241725265979767,0.35,0,0,901,FP32-token-IDs
MentalBERT,j97g2f,444,102,1998,and,and,False,loneliness,0.0007305387560427564,0.0007305387560427564,0.6244892477989197,0.18737603724002838,0.35,0,0,901,FP32-token-IDs
MentalBERT,j97g2f,444,102,1998,and,and,False,sadness,0.00989158292510683,0.00989158292510683,0.4321674406528473,0.9576798677444458,0.35,1,1,901,FP32-token-IDs
MentalBERT,j97g2f,444,102,1998,and,and,False,suicide intent,-0.0005245155840083655,0.0005245155840083655,0.06991535425186157,0.01626262441277504,0.35,0,0,901,FP32-token-IDs
MentalBERT,j97g2f,444,102,1998,and,and,False,worthlessness,0.00835627244817328,0.00835627244817328,0.4828818440437317,0.04357760027050972,0.35,0,0,901,FP32-token-IDs
MentalBERT,j97g2f,444,103,2134,didn,didn,False,anger,0.0005967131583068719,0.0005967131583068719,0.2932449281215668,0.05900707468390465,0.35,0,0,901,FP32-token-IDs
MentalBERT,j97g2f,444,103,2134,didn,didn,False,brain dysfunction (forget),-0.002036511650991314,0.002036511650991314,0.23247233033180237,0.014720726758241653,0.35,0,0,901,FP32-token-IDs
MentalBERT,j97g2f,444,103,2134,didn,didn,False,emptiness,0.0050737927084066655,0.0050737927084066655,0.24864429235458374,0.06192978844046593,0.35,0,0,901,FP32-token-IDs
MentalBERT,j97g2f,444,103,2134,didn,didn,False,hopelessness,0.011212399276824428,0.011212399276824428,0.4583815634250641,0.3241725265979767,0.35,0,0,901,FP32-token-IDs
MentalBERT,j97g2f,444,103,2134,didn,didn,False,loneliness,0.0007305387560427564,0.0007305387560427564,0.6244892477989197,0.18737603724002838,0.35,0,0,901,FP32-token-IDs
MentalBERT,j97g2f,444,103,2134,didn,didn,False,sadness,0.00989158292510683,0.00989158292510683,0.4321674406528473,0.9576798677444458,0.35,1,1,901,FP32-token-IDs
MentalBERT,j97g2f,444,103,2134,didn,didn,False,suicide intent,-0.0005245155840083655,0.0005245155840083655,0.06991535425186157,0.01626262441277504,0.35,0,0,901,FP32-token-IDs
MentalBERT,j97g2f,444,103,2134,didn,didn,False,worthlessness,0.00835627244817328,0.00835627244817328,0.4828818440437317,0.04357760027050972,0.35,0,0,901,FP32-token-IDs
MentalBERT,j97g2f,444,104,1521,’,’,False,anger,0.0005967131583068719,0.0005967131583068719,0.2932449281215668,0.05900707468390465,0.35,0,0,901,FP32-token-IDs
MentalBERT,j97g2f,444,104,1521,’,’,False,brain dysfunction (forget),-0.002036511650991314,0.002036511650991314,0.23247233033180237,0.014720726758241653,0.35,0,0,901,FP32-token-IDs
MentalBERT,j97g2f,444,104,1521,’,’,False,emptiness,0.0050737927084066655,0.0050737927084066655,0.24864429235458374,0.06192978844046593,0.35,0,0,901,FP32-token-IDs
MentalBERT,j97g2f,444,104,1521,’,’,False,hopelessness,0.011212399276824428,0.011212399276824428,0.4583815634250641,0.3241725265979767,0.35,0,0,901,FP32-token-IDs
MentalBERT,j97g2f,444,104,1521,’,’,False,loneliness,0.0007305387560427564,0.0007305387560427564,0.6244892477989197,0.18737603724002838,0.35,0,0,901,FP32-token-IDs
MentalBERT,j97g2f,444,104,1521,’,’,False,sadness,0.00989158292510683,0.00989158292510683,0.4321674406528473,0.9576798677444458,0.35,1,1,901,FP32-token-IDs
MentalBERT,j97g2f,444,104,1521,’,’,False,suicide intent,-0.0005245155840083655,0.0005245155840083655,0.06991535425186157,0.01626262441277504,0.35,0,0,901,FP32-token-IDs
MentalBERT,j97g2f,444,104,1521,’,’,False,worthlessness,0.00835627244817328,0.00835627244817328,0.4828818440437317,0.04357760027050972,0.35,0,0,901,FP32-token-IDs
MentalBERT,j97g2f,444,105,1056,t,t,False,anger,0.0005967131583068719,0.0005967131583068719,0.2932449281215668,0.05900707468390465,0.35,0,0,901,FP32-token-IDs
MentalBERT,j97g2f,444,105,1056,t,t,False,brain dysfunction (forget),-0.002036511650991314,0.002036511650991314,0.23247233033180237,0.014720726758241653,0.35,0,0,901,FP32-token-IDs
MentalBERT,j97g2f,444,105,1056,t,t,False,emptiness,0.0050737927084066655,0.0050737927084066655,0.24864429235458374,0.06192978844046593,0.35,0,0,901,FP32-token-IDs
MentalBERT,j97g2f,444,105,1056,t,t,False,hopelessness,0.011212399276824428,0.011212399276824428,0.4583815634250641,0.3241725265979767,0.35,0,0,901,FP32-token-IDs
MentalBERT,j97g2f,444,105,1056,t,t,False,loneliness,0.0007305387560427564,0.0007305387560427564,0.6244892477989197,0.18737603724002838,0.35,0,0,901,FP32-token-IDs
MentalBERT,j97g2f,444,105,1056,t,t,False,sadness,0.00989158292510683,0.00989158292510683,0.4321674406528473,0.9576798677444458,0.35,1,1,901,FP32-token-IDs
MentalBERT,j97g2f,444,105,1056,t,t,False,suicide intent,-0.0005245155840083655,0.0005245155840083655,0.06991535425186157,0.01626262441277504,0.35,0,0,901,FP32-token-IDs
MentalBERT,j97g2f,444,105,1056,t,t,False,worthlessness,0.00835627244817328,0.00835627244817328,0.4828818440437317,0.04357760027050972,0.35,0,0,901,FP32-token-IDs
MentalBERT,j97g2f,444,106,2031,have,have,False,anger,0.0005967131583068719,0.0005967131583068719,0.2932449281215668,0.05900707468390465,0.35,0,0,901,FP32-token-IDs
MentalBERT,j97g2f,444,106,2031,have,have,False,brain dysfunction (forget),-0.002036511650991314,0.002036511650991314,0.23247233033180237,0.014720726758241653,0.35,0,0,901,FP32-token-IDs
MentalBERT,j97g2f,444,106,2031,have,have,False,emptiness,0.0050737927084066655,0.0050737927084066655,0.24864429235458374,0.06192978844046593,0.35,0,0,901,FP32-token-IDs
MentalBERT,j97g2f,444,106,2031,have,have,False,hopelessness,0.011212399276824428,0.011212399276824428,0.4583815634250641,0.3241725265979767,0.35,0,0,901,FP32-token-IDs
MentalBERT,j97g2f,444,106,2031,have,have,False,loneliness,0.0007305387560427564,0.0007305387560427564,0.6244892477989197,0.18737603724002838,0.35,0,0,901,FP32-token-IDs
MentalBERT,j97g2f,444,106,2031,have,have,False,sadness,0.00989158292510683,0.00989158292510683,0.4321674406528473,0.9576798677444458,0.35,1,1,901,FP32-token-IDs
MentalBERT,j97g2f,444,106,2031,have,have,False,suicide intent,-0.0005245155840083655,0.0005245155840083655,0.06991535425186157,0.01626262441277504,0.35,0,0,901,FP32-token-IDs
MentalBERT,j97g2f,444,106,2031,have,have,False,worthlessness,0.00835627244817328,0.00835627244817328,0.4828818440437317,0.04357760027050972,0.35,0,0,901,FP32-token-IDs
MentalBERT,j97g2f,444,107,11706,adequate,adequate,False,anger,0.00020480364474255702,0.00020480364474255702,0.2932449281215668,0.05900707468390465,0.35,0,0,901,FP32-token-IDs
MentalBERT,j97g2f,444,107,11706,adequate,adequate,False,brain dysfunction (forget),-0.002331478402235233,0.002331478402235233,0.23247233033180237,0.014720726758241653,0.35,0,0,901,FP32-token-IDs
MentalBERT,j97g2f,444,107,11706,adequate,adequate,False,emptiness,0.0028233219751366166,0.0028233219751366166,0.24864429235458374,0.06192978844046593,0.35,0,0,901,FP32-token-IDs
MentalBERT,j97g2f,444,107,11706,adequate,adequate,False,hopelessness,0.009550458919816877,0.009550458919816877,0.4583815634250641,0.3241725265979767,0.35,0,0,901,FP32-token-IDs
MentalBERT,j97g2f,444,107,11706,adequate,adequate,False,loneliness,-0.0013709312151968106,0.0013709312151968106,0.6244892477989197,0.18737603724002838,0.35,0,0,901,FP32-token-IDs
MentalBERT,j97g2f,444,107,11706,adequate,adequate,False,sadness,0.010092130313628784,0.010092130313628784,0.4321674406528473,0.9576798677444458,0.35,1,1,901,FP32-token-IDs
MentalBERT,j97g2f,444,107,11706,adequate,adequate,False,suicide intent,-0.000619558934674312,0.000619558934674312,0.06991535425186157,0.01626262441277504,0.35,0,0,901,FP32-token-IDs
MentalBERT,j97g2f,444,107,11706,adequate,adequate,False,worthlessness,0.006078499476307792,0.006078499476307792,0.4828818440437317,0.04357760027050972,0.35,0,0,901,FP32-token-IDs
MentalBERT,j97g2f,444,108,2490,support,support,False,anger,0.00020480364474255702,0.00020480364474255702,0.2932449281215668,0.05900707468390465,0.35,0,0,901,FP32-token-IDs
MentalBERT,j97g2f,444,108,2490,support,support,False,brain dysfunction (forget),-0.002331478402235233,0.002331478402235233,0.23247233033180237,0.014720726758241653,0.35,0,0,901,FP32-token-IDs
MentalBERT,j97g2f,444,108,2490,support,support,False,emptiness,0.0028233219751366166,0.0028233219751366166,0.24864429235458374,0.06192978844046593,0.35,0,0,901,FP32-token-IDs
MentalBERT,j97g2f,444,108,2490,support,support,False,hopelessness,0.009550458919816877,0.009550458919816877,0.4583815634250641,0.3241725265979767,0.35,0,0,901,FP32-token-IDs
MentalBERT,j97g2f,444,108,2490,support,support,False,loneliness,-0.0013709312151968106,0.0013709312151968106,0.6244892477989197,0.18737603724002838,0.35,0,0,901,FP32-token-IDs
MentalBERT,j97g2f,444,108,2490,support,support,False,sadness,0.010092130313628784,0.010092130313628784,0.4321674406528473,0.9576798677444458,0.35,1,1,901,FP32-token-IDs
MentalBERT,j97g2f,444,108,2490,support,support,False,suicide intent,-0.000619558934674312,0.000619558934674312,0.06991535425186157,0.01626262441277504,0.35,0,0,901,FP32-token-IDs
MentalBERT,j97g2f,444,108,2490,support,support,False,worthlessness,0.006078499476307792,0.006078499476307792,0.4828818440437317,0.04357760027050972,0.35,0,0,901,FP32-token-IDs
MentalBERT,j97g2f,444,109,3001,systems,systems,False,anger,0.00020480364474255702,0.00020480364474255702,0.2932449281215668,0.05900707468390465,0.35,0,0,901,FP32-token-IDs
MentalBERT,j97g2f,444,109,3001,systems,systems,False,brain dysfunction (forget),-0.002331478402235233,0.002331478402235233,0.23247233033180237,0.014720726758241653,0.35,0,0,901,FP32-token-IDs
MentalBERT,j97g2f,444,109,3001,systems,systems,False,emptiness,0.0028233219751366166,0.0028233219751366166,0.24864429235458374,0.06192978844046593,0.35,0,0,901,FP32-token-IDs
MentalBERT,j97g2f,444,109,3001,systems,systems,False,hopelessness,0.009550458919816877,0.009550458919816877,0.4583815634250641,0.3241725265979767,0.35,0,0,901,FP32-token-IDs
MentalBERT,j97g2f,444,109,3001,systems,systems,False,loneliness,-0.0013709312151968106,0.0013709312151968106,0.6244892477989197,0.18737603724002838,0.35,0,0,901,FP32-token-IDs
MentalBERT,j97g2f,444,109,3001,systems,systems,False,sadness,0.010092130313628784,0.010092130313628784,0.4321674406528473,0.9576798677444458,0.35,1,1,901,FP32-token-IDs
MentalBERT,j97g2f,444,109,3001,systems,systems,False,suicide intent,-0.000619558934674312,0.000619558934674312,0.06991535425186157,0.01626262441277504,0.35,0,0,901,FP32-token-IDs
MentalBERT,j97g2f,444,109,3001,systems,systems,False,worthlessness,0.006078499476307792,0.006078499476307792,0.4828818440437317,0.04357760027050972,0.35,0,0,901,FP32-token-IDs
MentalBERT,j97g2f,444,110,2105,around,around,False,anger,0.00020480364474255702,0.00020480364474255702,0.2932449281215668,0.05900707468390465,0.35,0,0,901,FP32-token-IDs
MentalBERT,j97g2f,444,110,2105,around,around,False,brain dysfunction (forget),-0.002331478402235233,0.002331478402235233,0.23247233033180237,0.014720726758241653,0.35,0,0,901,FP32-token-IDs
MentalBERT,j97g2f,444,110,2105,around,around,False,emptiness,0.0028233219751366166,0.0028233219751366166,0.24864429235458374,0.06192978844046593,0.35,0,0,901,FP32-token-IDs
MentalBERT,j97g2f,444,110,2105,around,around,False,hopelessness,0.009550458919816877,0.009550458919816877,0.4583815634250641,0.3241725265979767,0.35,0,0,901,FP32-token-IDs
MentalBERT,j97g2f,444,110,2105,around,around,False,loneliness,-0.0013709312151968106,0.0013709312151968106,0.6244892477989197,0.18737603724002838,0.35,0,0,901,FP32-token-IDs
MentalBERT,j97g2f,444,110,2105,around,around,False,sadness,0.010092130313628784,0.010092130313628784,0.4321674406528473,0.9576798677444458,0.35,1,1,901,FP32-token-IDs
MentalBERT,j97g2f,444,110,2105,around,around,False,suicide intent,-0.000619558934674312,0.000619558934674312,0.06991535425186157,0.01626262441277504,0.35,0,0,901,FP32-token-IDs
MentalBERT,j97g2f,444,110,2105,around,around,False,worthlessness,0.006078499476307792,0.006078499476307792,0.4828818440437317,0.04357760027050972,0.35,0,0,901,FP32-token-IDs
MentalBERT,j97g2f,444,111,2068,them,them,False,anger,-0.0019577680938155915,0.0019577680938155915,0.2932449281215668,0.05900707468390465,0.35,0,0,901,FP32-token-IDs
MentalBERT,j97g2f,444,111,2068,them,them,False,brain dysfunction (forget),-0.002218080673557601,0.002218080673557601,0.23247233033180237,0.014720726758241653,0.35,0,0,901,FP32-token-IDs
MentalBERT,j97g2f,444,111,2068,them,them,False,emptiness,5.307795494773845e-05,5.307795494773845e-05,0.24864429235458374,0.06192978844046593,0.35,0,0,901,FP32-token-IDs
MentalBERT,j97g2f,444,111,2068,them,them,False,hopelessness,0.0017074319630287084,0.0017074319630287084,0.4583815634250641,0.3241725265979767,0.35,0,0,901,FP32-token-IDs
MentalBERT,j97g2f,444,111,2068,them,them,False,loneliness,-0.005079326974017951,0.005079326974017951,0.6244892477989197,0.18737603724002838,0.35,0,0,901,FP32-token-IDs
MentalBERT,j97g2f,444,111,2068,them,them,False,sadness,0.005323617519719764,0.005323617519719764,0.4321674406528473,0.9576798677444458,0.35,1,1,901,FP32-token-IDs
MentalBERT,j97g2f,444,111,2068,them,them,False,suicide intent,-0.00013425953617744862,0.00013425953617744862,0.06991535425186157,0.01626262441277504,0.35,0,0,901,FP32-token-IDs
MentalBERT,j97g2f,444,111,2068,them,them,False,worthlessness,0.00041755539310625155,0.00041755539310625155,0.4828818440437317,0.04357760027050972,0.35,0,0,901,FP32-token-IDs
MentalBERT,j97g2f,444,112,2000,to,to,False,anger,-0.0019577680938155915,0.0019577680938155915,0.2932449281215668,0.05900707468390465,0.35,0,0,901,FP32-token-IDs
MentalBERT,j97g2f,444,112,2000,to,to,False,brain dysfunction (forget),-0.002218080673557601,0.002218080673557601,0.23247233033180237,0.014720726758241653,0.35,0,0,901,FP32-token-IDs
MentalBERT,j97g2f,444,112,2000,to,to,False,emptiness,5.307795494773845e-05,5.307795494773845e-05,0.24864429235458374,0.06192978844046593,0.35,0,0,901,FP32-token-IDs
MentalBERT,j97g2f,444,112,2000,to,to,False,hopelessness,0.0017074319630287084,0.0017074319630287084,0.4583815634250641,0.3241725265979767,0.35,0,0,901,FP32-token-IDs
MentalBERT,j97g2f,444,112,2000,to,to,False,loneliness,-0.005079326974017951,0.005079326974017951,0.6244892477989197,0.18737603724002838,0.35,0,0,901,FP32-token-IDs
MentalBERT,j97g2f,444,112,2000,to,to,False,sadness,0.005323617519719764,0.005323617519719764,0.4321674406528473,0.9576798677444458,0.35,1,1,901,FP32-token-IDs
MentalBERT,j97g2f,444,112,2000,to,to,False,suicide intent,-0.00013425953617744862,0.00013425953617744862,0.06991535425186157,0.01626262441277504,0.35,0,0,901,FP32-token-IDs
MentalBERT,j97g2f,444,112,2000,to,to,False,worthlessness,0.00041755539310625155,0.00041755539310625155,0.4828818440437317,0.04357760027050972,0.35,0,0,901,FP32-token-IDs
MentalBERT,j97g2f,444,113,2393,help,help,False,anger,-0.0019577680938155915,0.0019577680938155915,0.2932449281215668,0.05900707468390465,0.35,0,0,901,FP32-token-IDs
MentalBERT,j97g2f,444,113,2393,help,help,False,brain dysfunction (forget),-0.002218080673557601,0.002218080673557601,0.23247233033180237,0.014720726758241653,0.35,0,0,901,FP32-token-IDs
MentalBERT,j97g2f,444,113,2393,help,help,False,emptiness,5.307795494773845e-05,5.307795494773845e-05,0.24864429235458374,0.06192978844046593,0.35,0,0,901,FP32-token-IDs
MentalBERT,j97g2f,444,113,2393,help,help,False,hopelessness,0.0017074319630287084,0.0017074319630287084,0.4583815634250641,0.3241725265979767,0.35,0,0,901,FP32-token-IDs
MentalBERT,j97g2f,444,113,2393,help,help,False,loneliness,-0.005079326974017951,0.005079326974017951,0.6244892477989197,0.18737603724002838,0.35,0,0,901,FP32-token-IDs
MentalBERT,j97g2f,444,113,2393,help,help,False,sadness,0.005323617519719764,0.005323617519719764,0.4321674406528473,0.9576798677444458,0.35,1,1,901,FP32-token-IDs
MentalBERT,j97g2f,444,113,2393,help,help,False,suicide intent,-0.00013425953617744862,0.00013425953617744862,0.06991535425186157,0.01626262441277504,0.35,0,0,901,FP32-token-IDs
MentalBERT,j97g2f,444,113,2393,help,help,False,worthlessness,0.00041755539310625155,0.00041755539310625155,0.4828818440437317,0.04357760027050972,0.35,0,0,901,FP32-token-IDs
MentalBERT,j97g2f,444,114,2068,them,them,False,anger,-0.0019577680938155915,0.0019577680938155915,0.2932449281215668,0.05900707468390465,0.35,0,0,901,FP32-token-IDs
MentalBERT,j97g2f,444,114,2068,them,them,False,brain dysfunction (forget),-0.002218080673557601,0.002218080673557601,0.23247233033180237,0.014720726758241653,0.35,0,0,901,FP32-token-IDs
MentalBERT,j97g2f,444,114,2068,them,them,False,emptiness,5.307795494773845e-05,5.307795494773845e-05,0.24864429235458374,0.06192978844046593,0.35,0,0,901,FP32-token-IDs
MentalBERT,j97g2f,444,114,2068,them,them,False,hopelessness,0.0017074319630287084,0.0017074319630287084,0.4583815634250641,0.3241725265979767,0.35,0,0,901,FP32-token-IDs
MentalBERT,j97g2f,444,114,2068,them,them,False,loneliness,-0.005079326974017951,0.005079326974017951,0.6244892477989197,0.18737603724002838,0.35,0,0,901,FP32-token-IDs
MentalBERT,j97g2f,444,114,2068,them,them,False,sadness,0.005323617519719764,0.005323617519719764,0.4321674406528473,0.9576798677444458,0.35,1,1,901,FP32-token-IDs
MentalBERT,j97g2f,444,114,2068,them,them,False,suicide intent,-0.00013425953617744862,0.00013425953617744862,0.06991535425186157,0.01626262441277504,0.35,0,0,901,FP32-token-IDs
MentalBERT,j97g2f,444,114,2068,them,them,False,worthlessness,0.00041755539310625155,0.00041755539310625155,0.4828818440437317,0.04357760027050972,0.35,0,0,901,FP32-token-IDs
MentalBERT,j97g2f,444,115,2083,through,through,False,anger,-0.0019577680938155915,0.0019577680938155915,0.2932449281215668,0.05900707468390465,0.35,0,0,901,FP32-token-IDs
MentalBERT,j97g2f,444,115,2083,through,through,False,brain dysfunction (forget),-0.002218080673557601,0.002218080673557601,0.23247233033180237,0.014720726758241653,0.35,0,0,901,FP32-token-IDs
MentalBERT,j97g2f,444,115,2083,through,through,False,emptiness,5.307795494773845e-05,5.307795494773845e-05,0.24864429235458374,0.06192978844046593,0.35,0,0,901,FP32-token-IDs
MentalBERT,j97g2f,444,115,2083,through,through,False,hopelessness,0.0017074319630287084,0.0017074319630287084,0.4583815634250641,0.3241725265979767,0.35,0,0,901,FP32-token-IDs
MentalBERT,j97g2f,444,115,2083,through,through,False,loneliness,-0.005079326974017951,0.005079326974017951,0.6244892477989197,0.18737603724002838,0.35,0,0,901,FP32-token-IDs
MentalBERT,j97g2f,444,115,2083,through,through,False,sadness,0.005323617519719764,0.005323617519719764,0.4321674406528473,0.9576798677444458,0.35,1,1,901,FP32-token-IDs
MentalBERT,j97g2f,444,115,2083,through,through,False,suicide intent,-0.00013425953617744862,0.00013425953617744862,0.06991535425186157,0.01626262441277504,0.35,0,0,901,FP32-token-IDs
MentalBERT,j97g2f,444,115,2083,through,through,False,worthlessness,0.0004175553931062516,0.0004175553931062516,0.4828818440437317,0.04357760027050972,0.35,0,0,901,FP32-token-IDs
MentalBERT,j97g2f,444,116,2037,their,their,False,anger,-0.0019577680938155915,0.0019577680938155915,0.2932449281215668,0.05900707468390465,0.35,0,0,901,FP32-token-IDs
MentalBERT,j97g2f,444,116,2037,their,their,False,brain dysfunction (forget),-0.002218080673557601,0.002218080673557601,0.23247233033180237,0.014720726758241653,0.35,0,0,901,FP32-token-IDs
MentalBERT,j97g2f,444,116,2037,their,their,False,emptiness,5.307795494773845e-05,5.307795494773845e-05,0.24864429235458374,0.06192978844046593,0.35,0,0,901,FP32-token-IDs
MentalBERT,j97g2f,444,116,2037,their,their,False,hopelessness,0.0017074319630287084,0.0017074319630287084,0.4583815634250641,0.3241725265979767,0.35,0,0,901,FP32-token-IDs
MentalBERT,j97g2f,444,116,2037,their,their,False,loneliness,-0.005079326974017951,0.005079326974017951,0.6244892477989197,0.18737603724002838,0.35,0,0,901,FP32-token-IDs
MentalBERT,j97g2f,444,116,2037,their,their,False,sadness,0.005323617519719764,0.005323617519719764,0.4321674406528473,0.9576798677444458,0.35,1,1,901,FP32-token-IDs
MentalBERT,j97g2f,444,116,2037,their,their,False,suicide intent,-0.00013425953617744862,0.00013425953617744862,0.06991535425186157,0.01626262441277504,0.35,0,0,901,FP32-token-IDs
MentalBERT,j97g2f,444,116,2037,their,their,False,worthlessness,0.0004175553931062516,0.0004175553931062516,0.4828818440437317,0.04357760027050972,0.35,0,0,901,FP32-token-IDs
MentalBERT,j97g2f,444,117,3255,pain,pain,False,anger,-0.0019577680938155915,0.0019577680938155915,0.2932449281215668,0.05900707468390465,0.35,0,0,901,FP32-token-IDs
MentalBERT,j97g2f,444,117,3255,pain,pain,False,brain dysfunction (forget),-0.002218080673557601,0.002218080673557601,0.23247233033180237,0.014720726758241653,0.35,0,0,901,FP32-token-IDs
MentalBERT,j97g2f,444,117,3255,pain,pain,False,emptiness,5.307795494773845e-05,5.307795494773845e-05,0.24864429235458374,0.06192978844046593,0.35,0,0,901,FP32-token-IDs
MentalBERT,j97g2f,444,117,3255,pain,pain,False,hopelessness,0.0017074319630287084,0.0017074319630287084,0.4583815634250641,0.3241725265979767,0.35,0,0,901,FP32-token-IDs
MentalBERT,j97g2f,444,117,3255,pain,pain,False,loneliness,-0.005079326974017951,0.005079326974017951,0.6244892477989197,0.18737603724002838,0.35,0,0,901,FP32-token-IDs
MentalBERT,j97g2f,444,117,3255,pain,pain,False,sadness,0.005323617519719764,0.005323617519719764,0.4321674406528473,0.9576798677444458,0.35,1,1,901,FP32-token-IDs
MentalBERT,j97g2f,444,117,3255,pain,pain,False,suicide intent,-0.00013425953617744862,0.00013425953617744862,0.06991535425186157,0.01626262441277504,0.35,0,0,901,FP32-token-IDs
MentalBERT,j97g2f,444,117,3255,pain,pain,False,worthlessness,0.0004175553931062516,0.0004175553931062516,0.4828818440437317,0.04357760027050972,0.35,0,0,901,FP32-token-IDs
MentalBERT,j97g2f,444,118,1998,and,and,False,anger,-0.001961305567394839,0.001961305567394839,0.2932449281215668,0.05900707468390465,0.35,0,0,901,FP32-token-IDs
MentalBERT,j97g2f,444,118,1998,and,and,False,brain dysfunction (forget),-0.002268437964256437,0.002268437964256437,0.23247233033180237,0.014720726758241653,0.35,0,0,901,FP32-token-IDs
MentalBERT,j97g2f,444,118,1998,and,and,False,emptiness,2.2196110508948596e-05,2.2196110508948596e-05,0.24864429235458374,0.06192978844046593,0.35,0,0,901,FP32-token-IDs
MentalBERT,j97g2f,444,118,1998,and,and,False,hopelessness,0.0017982506156457884,0.0017982506156457884,0.4583815634250641,0.3241725265979767,0.35,0,0,901,FP32-token-IDs
MentalBERT,j97g2f,444,118,1998,and,and,False,loneliness,-0.005377580179134966,0.005377580179134966,0.6244892477989197,0.18737603724002838,0.35,0,0,901,FP32-token-IDs
MentalBERT,j97g2f,444,118,1998,and,and,False,sadness,0.005373958077101985,0.005373958077101985,0.4321674406528473,0.9576798677444458,0.35,1,1,901,FP32-token-IDs
MentalBERT,j97g2f,444,118,1998,and,and,False,suicide intent,-0.00011511378503829954,0.00011511378503829954,0.06991535425186157,0.01626262441277504,0.35,0,0,901,FP32-token-IDs
MentalBERT,j97g2f,444,118,1998,and,and,False,worthlessness,0.00044446026702206644,0.00044446026702206644,0.4828818440437317,0.04357760027050972,0.35,0,0,901,FP32-token-IDs
MentalBERT,j97g2f,444,119,6114,suffering,suffering,False,anger,-0.001961305567394839,0.001961305567394839,0.2932449281215668,0.05900707468390465,0.35,0,0,901,FP32-token-IDs
MentalBERT,j97g2f,444,119,6114,suffering,suffering,False,brain dysfunction (forget),-0.002268437964256437,0.002268437964256437,0.23247233033180237,0.014720726758241653,0.35,0,0,901,FP32-token-IDs
MentalBERT,j97g2f,444,119,6114,suffering,suffering,False,emptiness,2.2196110508948596e-05,2.2196110508948596e-05,0.24864429235458374,0.06192978844046593,0.35,0,0,901,FP32-token-IDs
MentalBERT,j97g2f,444,119,6114,suffering,suffering,False,hopelessness,0.0017982506156457884,0.0017982506156457884,0.4583815634250641,0.3241725265979767,0.35,0,0,901,FP32-token-IDs
MentalBERT,j97g2f,444,119,6114,suffering,suffering,False,loneliness,-0.005377580179134966,0.005377580179134966,0.6244892477989197,0.18737603724002838,0.35,0,0,901,FP32-token-IDs
MentalBERT,j97g2f,444,119,6114,suffering,suffering,False,sadness,0.005373958077101985,0.005373958077101985,0.4321674406528473,0.9576798677444458,0.35,1,1,901,FP32-token-IDs
MentalBERT,j97g2f,444,119,6114,suffering,suffering,False,suicide intent,-0.00011511378503829954,0.00011511378503829954,0.06991535425186157,0.01626262441277504,0.35,0,0,901,FP32-token-IDs
MentalBERT,j97g2f,444,119,6114,suffering,suffering,False,worthlessness,0.00044446026702206644,0.00044446026702206644,0.4828818440437317,0.04357760027050972,0.35,0,0,901,FP32-token-IDs
MentalBERT,j97g2f,444,120,1012,.,.,False,anger,-0.001961305567394839,0.001961305567394839,0.2932449281215668,0.05900707468390465,0.35,0,0,901,FP32-token-IDs
MentalBERT,j97g2f,444,120,1012,.,.,False,brain dysfunction (forget),-0.002268437964256437,0.002268437964256437,0.23247233033180237,0.014720726758241653,0.35,0,0,901,FP32-token-IDs
MentalBERT,j97g2f,444,120,1012,.,.,False,emptiness,2.2196110508948596e-05,2.2196110508948596e-05,0.24864429235458374,0.06192978844046593,0.35,0,0,901,FP32-token-IDs
MentalBERT,j97g2f,444,120,1012,.,.,False,hopelessness,0.0017982506156457884,0.0017982506156457884,0.4583815634250641,0.3241725265979767,0.35,0,0,901,FP32-token-IDs
MentalBERT,j97g2f,444,120,1012,.,.,False,loneliness,-0.005377580179134966,0.005377580179134966,0.6244892477989197,0.18737603724002838,0.35,0,0,901,FP32-token-IDs
MentalBERT,j97g2f,444,120,1012,.,.,False,sadness,0.005373958077101985,0.005373958077101985,0.4321674406528473,0.9576798677444458,0.35,1,1,901,FP32-token-IDs
MentalBERT,j97g2f,444,120,1012,.,.,False,suicide intent,-0.00011511378503829954,0.00011511378503829954,0.06991535425186157,0.01626262441277504,0.35,0,0,901,FP32-token-IDs
MentalBERT,j97g2f,444,120,1012,.,.,False,worthlessness,0.00044446026702206644,0.00044446026702206644,0.4828818440437317,0.04357760027050972,0.35,0,0,901,FP32-token-IDs
MentalBERT,j97g2f,444,121,2043,when,when,False,anger,0.0062543169187847525,0.0062543169187847525,0.2932449281215668,0.05900707468390465,0.35,0,0,901,FP32-token-IDs
MentalBERT,j97g2f,444,121,2043,when,when,False,brain dysfunction (forget),-0.000672649810439907,0.000672649810439907,0.23247233033180237,0.014720726758241653,0.35,0,0,901,FP32-token-IDs
MentalBERT,j97g2f,444,121,2043,when,when,False,emptiness,0.0012645178067032248,0.0012645178067032248,0.24864429235458374,0.06192978844046593,0.35,0,0,901,FP32-token-IDs
MentalBERT,j97g2f,444,121,2043,when,when,False,hopelessness,0.005211280680669006,0.005211280680669006,0.4583815634250641,0.3241725265979767,0.35,0,0,901,FP32-token-IDs
MentalBERT,j97g2f,444,121,2043,when,when,False,loneliness,-0.0022615206544287503,0.0022615206544287503,0.6244892477989197,0.18737603724002838,0.35,0,0,901,FP32-token-IDs
MentalBERT,j97g2f,444,121,2043,when,when,False,sadness,0.003601947071729228,0.003601947071729228,0.4321674406528473,0.9576798677444458,0.35,1,1,901,FP32-token-IDs
MentalBERT,j97g2f,444,121,2043,when,when,False,suicide intent,-0.00022621892276220024,0.00022621892276220024,0.06991535425186157,0.01626262441277504,0.35,0,0,901,FP32-token-IDs
MentalBERT,j97g2f,444,121,2043,when,when,False,worthlessness,0.005270523528452031,0.005270523528452031,0.4828818440437317,0.04357760027050972,0.35,0,0,901,FP32-token-IDs
MentalBERT,j97g2f,444,122,2027,they,they,False,anger,0.0062543169187847525,0.0062543169187847525,0.2932449281215668,0.05900707468390465,0.35,0,0,901,FP32-token-IDs
MentalBERT,j97g2f,444,122,2027,they,they,False,brain dysfunction (forget),-0.000672649810439907,0.000672649810439907,0.23247233033180237,0.014720726758241653,0.35,0,0,901,FP32-token-IDs
MentalBERT,j97g2f,444,122,2027,they,they,False,emptiness,0.0012645178067032248,0.0012645178067032248,0.24864429235458374,0.06192978844046593,0.35,0,0,901,FP32-token-IDs
MentalBERT,j97g2f,444,122,2027,they,they,False,hopelessness,0.005211280680669006,0.005211280680669006,0.4583815634250641,0.3241725265979767,0.35,0,0,901,FP32-token-IDs
MentalBERT,j97g2f,444,122,2027,they,they,False,loneliness,-0.0022615206544287503,0.0022615206544287503,0.6244892477989197,0.18737603724002838,0.35,0,0,901,FP32-token-IDs
MentalBERT,j97g2f,444,122,2027,they,they,False,sadness,0.003601947071729228,0.003601947071729228,0.4321674406528473,0.9576798677444458,0.35,1,1,901,FP32-token-IDs
MentalBERT,j97g2f,444,122,2027,they,they,False,suicide intent,-0.00022621892276220024,0.00022621892276220024,0.06991535425186157,0.01626262441277504,0.35,0,0,901,FP32-token-IDs
MentalBERT,j97g2f,444,122,2027,they,they,False,worthlessness,0.005270523528452031,0.005270523528452031,0.4828818440437317,0.04357760027050972,0.35,0,0,901,FP32-token-IDs
MentalBERT,j97g2f,444,123,4207,shared,shared,False,anger,0.0062543169187847525,0.0062543169187847525,0.2932449281215668,0.05900707468390465,0.35,0,0,901,FP32-token-IDs
MentalBERT,j97g2f,444,123,4207,shared,shared,False,brain dysfunction (forget),-0.000672649810439907,0.000672649810439907,0.23247233033180237,0.014720726758241653,0.35,0,0,901,FP32-token-IDs
MentalBERT,j97g2f,444,123,4207,shared,shared,False,emptiness,0.0012645178067032248,0.0012645178067032248,0.24864429235458374,0.06192978844046593,0.35,0,0,901,FP32-token-IDs
MentalBERT,j97g2f,444,123,4207,shared,shared,False,hopelessness,0.005211280680669006,0.005211280680669006,0.4583815634250641,0.3241725265979767,0.35,0,0,901,FP32-token-IDs
MentalBERT,j97g2f,444,123,4207,shared,shared,False,loneliness,-0.0022615206544287503,0.0022615206544287503,0.6244892477989197,0.18737603724002838,0.35,0,0,901,FP32-token-IDs
MentalBERT,j97g2f,444,123,4207,shared,shared,False,sadness,0.003601947071729228,0.003601947071729228,0.4321674406528473,0.9576798677444458,0.35,1,1,901,FP32-token-IDs
MentalBERT,j97g2f,444,123,4207,shared,shared,False,suicide intent,-0.00022621892276220024,0.00022621892276220024,0.06991535425186157,0.01626262441277504,0.35,0,0,901,FP32-token-IDs
MentalBERT,j97g2f,444,123,4207,shared,shared,False,worthlessness,0.005270523528452031,0.005270523528452031,0.4828818440437317,0.04357760027050972,0.35,0,0,901,FP32-token-IDs
MentalBERT,j97g2f,444,124,2037,their,their,False,anger,0.0062543169187847525,0.0062543169187847525,0.2932449281215668,0.05900707468390465,0.35,0,0,901,FP32-token-IDs
MentalBERT,j97g2f,444,124,2037,their,their,False,brain dysfunction (forget),-0.000672649810439907,0.000672649810439907,0.23247233033180237,0.014720726758241653,0.35,0,0,901,FP32-token-IDs
MentalBERT,j97g2f,444,124,2037,their,their,False,emptiness,0.0012645178067032248,0.0012645178067032248,0.24864429235458374,0.06192978844046593,0.35,0,0,901,FP32-token-IDs
MentalBERT,j97g2f,444,124,2037,their,their,False,hopelessness,0.005211280680669006,0.005211280680669006,0.4583815634250641,0.3241725265979767,0.35,0,0,901,FP32-token-IDs
MentalBERT,j97g2f,444,124,2037,their,their,False,loneliness,-0.0022615206544287503,0.0022615206544287503,0.6244892477989197,0.18737603724002838,0.35,0,0,901,FP32-token-IDs
MentalBERT,j97g2f,444,124,2037,their,their,False,sadness,0.003601947071729228,0.003601947071729228,0.4321674406528473,0.9576798677444458,0.35,1,1,901,FP32-token-IDs
MentalBERT,j97g2f,444,124,2037,their,their,False,suicide intent,-0.00022621892276220024,0.00022621892276220024,0.06991535425186157,0.01626262441277504,0.35,0,0,901,FP32-token-IDs
MentalBERT,j97g2f,444,124,2037,their,their,False,worthlessness,0.005270523528452031,0.005270523528452031,0.4828818440437317,0.04357760027050972,0.35,0,0,901,FP32-token-IDs
MentalBERT,j97g2f,444,125,3441,stories,stories,False,anger,0.0010279047914082185,0.0010279047914082185,0.2932449281215668,0.05900707468390465,0.35,0,0,901,FP32-token-IDs
MentalBERT,j97g2f,444,125,3441,stories,stories,False,brain dysfunction (forget),-0.002692700639454415,0.002692700639454415,0.23247233033180237,0.014720726758241653,0.35,0,0,901,FP32-token-IDs
MentalBERT,j97g2f,444,125,3441,stories,stories,False,emptiness,0.0012244261568412184,0.0012244261568412184,0.24864429235458374,0.06192978844046593,0.35,0,0,901,FP32-token-IDs
MentalBERT,j97g2f,444,125,3441,stories,stories,False,hopelessness,0.0030545973015250636,0.0030545973015250636,0.4583815634250641,0.3241725265979767,0.35,0,0,901,FP32-token-IDs
MentalBERT,j97g2f,444,125,3441,stories,stories,False,loneliness,-0.004655350651592016,0.004655350651592016,0.6244892477989197,0.18737603724002838,0.35,0,0,901,FP32-token-IDs
MentalBERT,j97g2f,444,125,3441,stories,stories,False,sadness,0.0053805400850251315,0.0053805400850251315,0.4321674406528473,0.9576798677444458,0.35,1,1,901,FP32-token-IDs
MentalBERT,j97g2f,444,125,3441,stories,stories,False,suicide intent,-0.0004446738967089914,0.0004446738967089914,0.06991535425186157,0.01626262441277504,0.35,0,0,901,FP32-token-IDs
MentalBERT,j97g2f,444,125,3441,stories,stories,False,worthlessness,0.0007314932008739561,0.0007314932008739561,0.4828818440437317,0.04357760027050972,0.35,0,0,901,FP32-token-IDs
MentalBERT,j97g2f,444,126,2007,with,with,False,anger,0.0010279047914082185,0.0010279047914082185,0.2932449281215668,0.05900707468390465,0.35,0,0,901,FP32-token-IDs
MentalBERT,j97g2f,444,126,2007,with,with,False,brain dysfunction (forget),-0.002692700639454415,0.002692700639454415,0.23247233033180237,0.014720726758241653,0.35,0,0,901,FP32-token-IDs
MentalBERT,j97g2f,444,126,2007,with,with,False,emptiness,0.0012244261568412184,0.0012244261568412184,0.24864429235458374,0.06192978844046593,0.35,0,0,901,FP32-token-IDs
MentalBERT,j97g2f,444,126,2007,with,with,False,hopelessness,0.0030545973015250636,0.0030545973015250636,0.4583815634250641,0.3241725265979767,0.35,0,0,901,FP32-token-IDs
MentalBERT,j97g2f,444,126,2007,with,with,False,loneliness,-0.004655350651592016,0.004655350651592016,0.6244892477989197,0.18737603724002838,0.35,0,0,901,FP32-token-IDs
MentalBERT,j97g2f,444,126,2007,with,with,False,sadness,0.0053805400850251315,0.0053805400850251315,0.4321674406528473,0.9576798677444458,0.35,1,1,901,FP32-token-IDs
MentalBERT,j97g2f,444,126,2007,with,with,False,suicide intent,-0.0004446738967089914,0.0004446738967089914,0.06991535425186157,0.01626262441277504,0.35,0,0,901,FP32-token-IDs
MentalBERT,j97g2f,444,126,2007,with,with,False,worthlessness,0.0007314932008739561,0.0007314932008739561,0.4828818440437317,0.04357760027050972,0.35,0,0,901,FP32-token-IDs
MentalBERT,j97g2f,444,127,2033,me,me,False,anger,0.0010279047914082183,0.0010279047914082183,0.2932449281215668,0.05900707468390465,0.35,0,0,901,FP32-token-IDs
MentalBERT,j97g2f,444,127,2033,me,me,False,brain dysfunction (forget),-0.0026927006394544153,0.0026927006394544153,0.23247233033180237,0.014720726758241653,0.35,0,0,901,FP32-token-IDs
MentalBERT,j97g2f,444,127,2033,me,me,False,emptiness,0.0012244261568412184,0.0012244261568412184,0.24864429235458374,0.06192978844046593,0.35,0,0,901,FP32-token-IDs
MentalBERT,j97g2f,444,127,2033,me,me,False,hopelessness,0.003054597301525064,0.003054597301525064,0.4583815634250641,0.3241725265979767,0.35,0,0,901,FP32-token-IDs
MentalBERT,j97g2f,444,127,2033,me,me,False,loneliness,-0.004655350651592016,0.004655350651592016,0.6244892477989197,0.18737603724002838,0.35,0,0,901,FP32-token-IDs
MentalBERT,j97g2f,444,127,2033,me,me,False,sadness,0.0053805400850251315,0.0053805400850251315,0.4321674406528473,0.9576798677444458,0.35,1,1,901,FP32-token-IDs
MentalBERT,j97g2f,444,127,2033,me,me,False,suicide intent,-0.0004446738967089914,0.0004446738967089914,0.06991535425186157,0.01626262441277504,0.35,0,0,901,FP32-token-IDs
MentalBERT,j97g2f,444,127,2033,me,me,False,worthlessness,0.0007314932008739561,0.0007314932008739561,0.4828818440437317,0.04357760027050972,0.35,0,0,901,FP32-token-IDs
MentalBERT,j97g2f,444,128,1045,i,i,False,anger,0.0010279047914082183,0.0010279047914082183,0.2932449281215668,0.05900707468390465,0.35,0,0,901,FP32-token-IDs
MentalBERT,j97g2f,444,128,1045,i,i,False,brain dysfunction (forget),-0.0026927006394544153,0.0026927006394544153,0.23247233033180237,0.014720726758241653,0.35,0,0,901,FP32-token-IDs
MentalBERT,j97g2f,444,128,1045,i,i,False,emptiness,0.0012244261568412184,0.0012244261568412184,0.24864429235458374,0.06192978844046593,0.35,0,0,901,FP32-token-IDs
MentalBERT,j97g2f,444,128,1045,i,i,False,hopelessness,0.003054597301525064,0.003054597301525064,0.4583815634250641,0.3241725265979767,0.35,0,0,901,FP32-token-IDs
MentalBERT,j97g2f,444,128,1045,i,i,False,loneliness,-0.004655350651592016,0.004655350651592016,0.6244892477989197,0.18737603724002838,0.35,0,0,901,FP32-token-IDs
MentalBERT,j97g2f,444,128,1045,i,i,False,sadness,0.0053805400850251315,0.0053805400850251315,0.4321674406528473,0.9576798677444458,0.35,1,1,901,FP32-token-IDs
MentalBERT,j97g2f,444,128,1045,i,i,False,suicide intent,-0.0004446738967089914,0.0004446738967089914,0.06991535425186157,0.01626262441277504,0.35,0,0,901,FP32-token-IDs
MentalBERT,j97g2f,444,128,1045,i,i,False,worthlessness,0.0007314932008739561,0.0007314932008739561,0.4828818440437317,0.04357760027050972,0.35,0,0,901,FP32-token-IDs
MentalBERT,j97g2f,444,129,2001,was,was,False,anger,0.0010279047914082183,0.0010279047914082183,0.2932449281215668,0.05900707468390465,0.35,0,0,901,FP32-token-IDs
MentalBERT,j97g2f,444,129,2001,was,was,False,brain dysfunction (forget),-0.0026927006394544153,0.0026927006394544153,0.23247233033180237,0.014720726758241653,0.35,0,0,901,FP32-token-IDs
MentalBERT,j97g2f,444,129,2001,was,was,False,emptiness,0.0012244261568412184,0.0012244261568412184,0.24864429235458374,0.06192978844046593,0.35,0,0,901,FP32-token-IDs
MentalBERT,j97g2f,444,129,2001,was,was,False,hopelessness,0.003054597301525064,0.003054597301525064,0.4583815634250641,0.3241725265979767,0.35,0,0,901,FP32-token-IDs
MentalBERT,j97g2f,444,129,2001,was,was,False,loneliness,-0.004655350651592016,0.004655350651592016,0.6244892477989197,0.18737603724002838,0.35,0,0,901,FP32-token-IDs
MentalBERT,j97g2f,444,129,2001,was,was,False,sadness,0.0053805400850251315,0.0053805400850251315,0.4321674406528473,0.9576798677444458,0.35,1,1,901,FP32-token-IDs
MentalBERT,j97g2f,444,129,2001,was,was,False,suicide intent,-0.0004446738967089914,0.0004446738967089914,0.06991535425186157,0.01626262441277504,0.35,0,0,901,FP32-token-IDs
MentalBERT,j97g2f,444,129,2001,was,was,False,worthlessness,0.0007314932008739561,0.0007314932008739561,0.4828818440437317,0.04357760027050972,0.35,0,0,901,FP32-token-IDs
MentalBERT,j97g2f,444,130,2540,heart,heart,False,anger,0.024123986935592256,0.024123986935592256,0.2932449281215668,0.05900707468390465,0.35,0,0,901,FP32-token-IDs
MentalBERT,j97g2f,444,130,2540,heart,heart,False,brain dysfunction (forget),-0.020004774698463734,0.020004774698463734,0.23247233033180237,0.014720726758241653,0.35,0,0,901,FP32-token-IDs
MentalBERT,j97g2f,444,130,2540,heart,heart,False,emptiness,0.03540614355006255,0.03540614355006255,0.24864429235458374,0.06192978844046593,0.35,0,0,901,FP32-token-IDs
MentalBERT,j97g2f,444,130,2540,heart,heart,False,hopelessness,0.1338194995720793,0.1338194995720793,0.4583815634250641,0.3241725265979767,0.35,0,0,901,FP32-token-IDs
MentalBERT,j97g2f,444,130,2540,heart,heart,False,loneliness,0.029446160837930318,0.029446160837930318,0.6244892477989197,0.18737603724002838,0.35,0,0,901,FP32-token-IDs
MentalBERT,j97g2f,444,130,2540,heart,heart,False,sadness,0.22002568075064724,0.22002568075064724,0.4321674406528473,0.9576798677444458,0.35,1,1,901,FP32-token-IDs
MentalBERT,j97g2f,444,130,2540,heart,heart,False,suicide intent,-0.0021291554027508632,0.0021291554027508632,0.06991535425186157,0.01626262441277504,0.35,0,0,901,FP32-token-IDs
MentalBERT,j97g2f,444,130,2540,heart,heart,False,worthlessness,0.05180037306611969,0.05180037306611969,0.4828818440437317,0.04357760027050972,0.35,0,0,901,FP32-token-IDs
MentalBERT,j97g2f,444,131,29162,##broken,broken,False,anger,0.024123986935592256,0.024123986935592256,0.2932449281215668,0.05900707468390465,0.35,0,0,901,FP32-token-IDs
MentalBERT,j97g2f,444,131,29162,##broken,broken,False,brain dysfunction (forget),-0.020004774698463734,0.020004774698463734,0.23247233033180237,0.014720726758241653,0.35,0,0,901,FP32-token-IDs
MentalBERT,j97g2f,444,131,29162,##broken,broken,False,emptiness,0.03540614355006255,0.03540614355006255,0.24864429235458374,0.06192978844046593,0.35,0,0,901,FP32-token-IDs
MentalBERT,j97g2f,444,131,29162,##broken,broken,False,hopelessness,0.1338194995720793,0.1338194995720793,0.4583815634250641,0.3241725265979767,0.35,0,0,901,FP32-token-IDs
MentalBERT,j97g2f,444,131,29162,##broken,broken,False,loneliness,0.029446160837930318,0.029446160837930318,0.6244892477989197,0.18737603724002838,0.35,0,0,901,FP32-token-IDs
MentalBERT,j97g2f,444,131,29162,##broken,broken,False,sadness,0.22002568075064724,0.22002568075064724,0.4321674406528473,0.9576798677444458,0.35,1,1,901,FP32-token-IDs
MentalBERT,j97g2f,444,131,29162,##broken,broken,False,suicide intent,-0.0021291554027508632,0.0021291554027508632,0.06991535425186157,0.01626262441277504,0.35,0,0,901,FP32-token-IDs
MentalBERT,j97g2f,444,131,29162,##broken,broken,False,worthlessness,0.05180037306611969,0.05180037306611969,0.4828818440437317,0.04357760027050972,0.35,0,0,901,FP32-token-IDs
MentalBERT,j97g2f,444,132,1998,and,and,False,anger,0.009025414896314032,0.009025414896314032,0.2932449281215668,0.05900707468390465,0.35,0,0,901,FP32-token-IDs
MentalBERT,j97g2f,444,132,1998,and,and,False,brain dysfunction (forget),-0.004065070857905084,0.004065070857905084,0.23247233033180237,0.014720726758241653,0.35,0,0,901,FP32-token-IDs
MentalBERT,j97g2f,444,132,1998,and,and,False,emptiness,0.016747452202253044,0.016747452202253044,0.24864429235458374,0.06192978844046593,0.35,0,0,901,FP32-token-IDs
MentalBERT,j97g2f,444,132,1998,and,and,False,hopelessness,0.04430007506258941,0.04430007506258941,0.4583815634250641,0.3241725265979767,0.35,0,0,901,FP32-token-IDs
MentalBERT,j97g2f,444,132,1998,and,and,False,loneliness,0.016043164165845763,0.016043164165845763,0.6244892477989197,0.18737603724002838,0.35,0,0,901,FP32-token-IDs
MentalBERT,j97g2f,444,132,1998,and,and,False,sadness,0.06168092130489337,0.06168092130489337,0.4321674406528473,0.9576798677444458,0.35,1,1,901,FP32-token-IDs
MentalBERT,j97g2f,444,132,1998,and,and,False,suicide intent,0.0006681760108525243,0.0006681760108525243,0.06991535425186157,0.01626262441277504,0.35,0,0,901,FP32-token-IDs
MentalBERT,j97g2f,444,132,1998,and,and,False,worthlessness,0.015003076933984023,0.015003076933984023,0.4828818440437317,0.04357760027050972,0.35,0,0,901,FP32-token-IDs
MentalBERT,j97g2f,444,133,2354,knew,knew,False,anger,0.00011341714133251164,0.00011341714133251164,0.2932449281215668,0.05900707468390465,0.35,0,0,901,FP32-token-IDs
MentalBERT,j97g2f,444,133,2354,knew,knew,False,brain dysfunction (forget),-0.002322454608426932,0.002322454608426932,0.23247233033180237,0.014720726758241653,0.35,0,0,901,FP32-token-IDs
MentalBERT,j97g2f,444,133,2354,knew,knew,False,emptiness,-0.003748843953201829,0.003748843953201829,0.24864429235458374,0.06192978844046593,0.35,0,0,901,FP32-token-IDs
MentalBERT,j97g2f,444,133,2354,knew,knew,False,hopelessness,-0.0004925412500405831,0.0004925412500405831,0.4583815634250641,0.3241725265979767,0.35,0,0,901,FP32-token-IDs
MentalBERT,j97g2f,444,133,2354,knew,knew,False,loneliness,-0.008643043950494183,0.008643043950494183,0.6244892477989197,0.18737603724002838,0.35,0,0,901,FP32-token-IDs
MentalBERT,j97g2f,444,133,2354,knew,knew,False,sadness,0.005645761671506702,0.005645761671506702,0.4321674406528473,0.9576798677444458,0.35,1,1,901,FP32-token-IDs
MentalBERT,j97g2f,444,133,2354,knew,knew,False,suicide intent,-0.00025400103310714356,0.00025400103310714356,0.06991535425186157,0.01626262441277504,0.35,0,0,901,FP32-token-IDs
MentalBERT,j97g2f,444,133,2354,knew,knew,False,worthlessness,-0.0020740269207492118,0.0020740269207492118,0.4828818440437317,0.04357760027050972,0.35,0,0,901,FP32-token-IDs
MentalBERT,j97g2f,444,134,1045,i,i,False,anger,0.00011341714133251164,0.00011341714133251164,0.2932449281215668,0.05900707468390465,0.35,0,0,901,FP32-token-IDs
MentalBERT,j97g2f,444,134,1045,i,i,False,brain dysfunction (forget),-0.002322454608426932,0.002322454608426932,0.23247233033180237,0.014720726758241653,0.35,0,0,901,FP32-token-IDs
MentalBERT,j97g2f,444,134,1045,i,i,False,emptiness,-0.003748843953201829,0.003748843953201829,0.24864429235458374,0.06192978844046593,0.35,0,0,901,FP32-token-IDs
MentalBERT,j97g2f,444,134,1045,i,i,False,hopelessness,-0.0004925412500405831,0.0004925412500405831,0.4583815634250641,0.3241725265979767,0.35,0,0,901,FP32-token-IDs
MentalBERT,j97g2f,444,134,1045,i,i,False,loneliness,-0.008643043950494183,0.008643043950494183,0.6244892477989197,0.18737603724002838,0.35,0,0,901,FP32-token-IDs
MentalBERT,j97g2f,444,134,1045,i,i,False,sadness,0.005645761671506702,0.005645761671506702,0.4321674406528473,0.9576798677444458,0.35,1,1,901,FP32-token-IDs
MentalBERT,j97g2f,444,134,1045,i,i,False,suicide intent,-0.00025400103310714356,0.00025400103310714356,0.06991535425186157,0.01626262441277504,0.35,0,0,901,FP32-token-IDs
MentalBERT,j97g2f,444,134,1045,i,i,False,worthlessness,-0.0020740269207492118,0.0020740269207492118,0.4828818440437317,0.04357760027050972,0.35,0,0,901,FP32-token-IDs
MentalBERT,j97g2f,444,135,2018,had,had,False,anger,0.00011341714133251164,0.00011341714133251164,0.2932449281215668,0.05900707468390465,0.35,0,0,901,FP32-token-IDs
MentalBERT,j97g2f,444,135,2018,had,had,False,brain dysfunction (forget),-0.002322454608426932,0.002322454608426932,0.23247233033180237,0.014720726758241653,0.35,0,0,901,FP32-token-IDs
MentalBERT,j97g2f,444,135,2018,had,had,False,emptiness,-0.003748843953201829,0.003748843953201829,0.24864429235458374,0.06192978844046593,0.35,0,0,901,FP32-token-IDs
MentalBERT,j97g2f,444,135,2018,had,had,False,hopelessness,-0.0004925412500405831,0.0004925412500405831,0.4583815634250641,0.3241725265979767,0.35,0,0,901,FP32-token-IDs
MentalBERT,j97g2f,444,135,2018,had,had,False,loneliness,-0.008643043950494183,0.008643043950494183,0.6244892477989197,0.18737603724002838,0.35,0,0,901,FP32-token-IDs
MentalBERT,j97g2f,444,135,2018,had,had,False,sadness,0.005645761671506702,0.005645761671506702,0.4321674406528473,0.9576798677444458,0.35,1,1,901,FP32-token-IDs
MentalBERT,j97g2f,444,135,2018,had,had,False,suicide intent,-0.00025400103310714356,0.00025400103310714356,0.06991535425186157,0.01626262441277504,0.35,0,0,901,FP32-token-IDs
MentalBERT,j97g2f,444,135,2018,had,had,False,worthlessness,-0.0020740269207492118,0.0020740269207492118,0.4828818440437317,0.04357760027050972,0.35,0,0,901,FP32-token-IDs
MentalBERT,j97g2f,444,136,2000,to,to,False,anger,0.00011341714133251164,0.00011341714133251164,0.2932449281215668,0.05900707468390465,0.35,0,0,901,FP32-token-IDs
MentalBERT,j97g2f,444,136,2000,to,to,False,brain dysfunction (forget),-0.002322454608426932,0.002322454608426932,0.23247233033180237,0.014720726758241653,0.35,0,0,901,FP32-token-IDs
MentalBERT,j97g2f,444,136,2000,to,to,False,emptiness,-0.003748843953201829,0.003748843953201829,0.24864429235458374,0.06192978844046593,0.35,0,0,901,FP32-token-IDs
MentalBERT,j97g2f,444,136,2000,to,to,False,hopelessness,-0.0004925412500405831,0.0004925412500405831,0.4583815634250641,0.3241725265979767,0.35,0,0,901,FP32-token-IDs
MentalBERT,j97g2f,444,136,2000,to,to,False,loneliness,-0.008643043950494183,0.008643043950494183,0.6244892477989197,0.18737603724002838,0.35,0,0,901,FP32-token-IDs
MentalBERT,j97g2f,444,136,2000,to,to,False,sadness,0.005645761671506702,0.005645761671506702,0.4321674406528473,0.9576798677444458,0.35,1,1,901,FP32-token-IDs
MentalBERT,j97g2f,444,136,2000,to,to,False,suicide intent,-0.00025400103310714356,0.00025400103310714356,0.06991535425186157,0.01626262441277504,0.35,0,0,901,FP32-token-IDs
MentalBERT,j97g2f,444,136,2000,to,to,False,worthlessness,-0.0020740269207492118,0.0020740269207492118,0.4828818440437317,0.04357760027050972,0.35,0,0,901,FP32-token-IDs
MentalBERT,j97g2f,444,137,2191,make,make,False,anger,0.00011341714133251164,0.00011341714133251164,0.2932449281215668,0.05900707468390465,0.35,0,0,901,FP32-token-IDs
MentalBERT,j97g2f,444,137,2191,make,make,False,brain dysfunction (forget),-0.002322454608426932,0.002322454608426932,0.23247233033180237,0.014720726758241653,0.35,0,0,901,FP32-token-IDs
MentalBERT,j97g2f,444,137,2191,make,make,False,emptiness,-0.003748843953201829,0.003748843953201829,0.24864429235458374,0.06192978844046593,0.35,0,0,901,FP32-token-IDs
MentalBERT,j97g2f,444,137,2191,make,make,False,hopelessness,-0.0004925412500405831,0.0004925412500405831,0.4583815634250641,0.3241725265979767,0.35,0,0,901,FP32-token-IDs
MentalBERT,j97g2f,444,137,2191,make,make,False,loneliness,-0.008643043950494183,0.008643043950494183,0.6244892477989197,0.18737603724002838,0.35,0,0,901,FP32-token-IDs
MentalBERT,j97g2f,444,137,2191,make,make,False,sadness,0.005645761671506702,0.005645761671506702,0.4321674406528473,0.9576798677444458,0.35,1,1,901,FP32-token-IDs
MentalBERT,j97g2f,444,137,2191,make,make,False,suicide intent,-0.00025400103310714356,0.00025400103310714356,0.06991535425186157,0.01626262441277504,0.35,0,0,901,FP32-token-IDs
MentalBERT,j97g2f,444,137,2191,make,make,False,worthlessness,-0.0020740269207492118,0.0020740269207492118,0.4828818440437317,0.04357760027050972,0.35,0,0,901,FP32-token-IDs
MentalBERT,j97g2f,444,138,2070,some,some,False,anger,0.00011341714133251164,0.00011341714133251164,0.2932449281215668,0.05900707468390465,0.35,0,0,901,FP32-token-IDs
MentalBERT,j97g2f,444,138,2070,some,some,False,brain dysfunction (forget),-0.002322454608426932,0.002322454608426932,0.23247233033180237,0.014720726758241653,0.35,0,0,901,FP32-token-IDs
MentalBERT,j97g2f,444,138,2070,some,some,False,emptiness,-0.003748843953201829,0.003748843953201829,0.24864429235458374,0.06192978844046593,0.35,0,0,901,FP32-token-IDs
MentalBERT,j97g2f,444,138,2070,some,some,False,hopelessness,-0.0004925412500405831,0.0004925412500405831,0.4583815634250641,0.3241725265979767,0.35,0,0,901,FP32-token-IDs
MentalBERT,j97g2f,444,138,2070,some,some,False,loneliness,-0.008643043950494183,0.008643043950494183,0.6244892477989197,0.18737603724002838,0.35,0,0,901,FP32-token-IDs
MentalBERT,j97g2f,444,138,2070,some,some,False,sadness,0.005645761671506702,0.005645761671506702,0.4321674406528473,0.9576798677444458,0.35,1,1,901,FP32-token-IDs
MentalBERT,j97g2f,444,138,2070,some,some,False,suicide intent,-0.00025400103310714356,0.00025400103310714356,0.06991535425186157,0.01626262441277504,0.35,0,0,901,FP32-token-IDs
MentalBERT,j97g2f,444,138,2070,some,some,False,worthlessness,-0.0020740269207492118,0.0020740269207492118,0.4828818440437317,0.04357760027050972,0.35,0,0,901,FP32-token-IDs
MentalBERT,j97g2f,444,139,4489,difference,difference,False,anger,0.00011341714133251164,0.00011341714133251164,0.2932449281215668,0.05900707468390465,0.35,0,0,901,FP32-token-IDs
MentalBERT,j97g2f,444,139,4489,difference,difference,False,brain dysfunction (forget),-0.002322454608426932,0.002322454608426932,0.23247233033180237,0.014720726758241653,0.35,0,0,901,FP32-token-IDs
MentalBERT,j97g2f,444,139,4489,difference,difference,False,emptiness,-0.003748843953201829,0.003748843953201829,0.24864429235458374,0.06192978844046593,0.35,0,0,901,FP32-token-IDs
MentalBERT,j97g2f,444,139,4489,difference,difference,False,hopelessness,-0.0004925412500405831,0.0004925412500405831,0.4583815634250641,0.3241725265979767,0.35,0,0,901,FP32-token-IDs
MentalBERT,j97g2f,444,139,4489,difference,difference,False,loneliness,-0.008643043950494183,0.008643043950494183,0.6244892477989197,0.18737603724002838,0.35,0,0,901,FP32-token-IDs
MentalBERT,j97g2f,444,139,4489,difference,difference,False,sadness,0.005645761671506702,0.005645761671506702,0.4321674406528473,0.9576798677444458,0.35,1,1,901,FP32-token-IDs
MentalBERT,j97g2f,444,139,4489,difference,difference,False,suicide intent,-0.00025400103310714356,0.00025400103310714356,0.06991535425186157,0.01626262441277504,0.35,0,0,901,FP32-token-IDs
MentalBERT,j97g2f,444,139,4489,difference,difference,False,worthlessness,-0.0020740269207492118,0.0020740269207492118,0.4828818440437317,0.04357760027050972,0.35,0,0,901,FP32-token-IDs
MentalBERT,j97g2f,444,140,2000,to,to,False,anger,0.00011341714133251164,0.00011341714133251164,0.2932449281215668,0.05900707468390465,0.35,0,0,901,FP32-token-IDs
MentalBERT,j97g2f,444,140,2000,to,to,False,brain dysfunction (forget),-0.002322454608426932,0.002322454608426932,0.23247233033180237,0.014720726758241653,0.35,0,0,901,FP32-token-IDs
MentalBERT,j97g2f,444,140,2000,to,to,False,emptiness,-0.003748843953201829,0.003748843953201829,0.24864429235458374,0.06192978844046593,0.35,0,0,901,FP32-token-IDs
MentalBERT,j97g2f,444,140,2000,to,to,False,hopelessness,-0.0004925412500405831,0.0004925412500405831,0.4583815634250641,0.3241725265979767,0.35,0,0,901,FP32-token-IDs
MentalBERT,j97g2f,444,140,2000,to,to,False,loneliness,-0.008643043950494183,0.008643043950494183,0.6244892477989197,0.18737603724002838,0.35,0,0,901,FP32-token-IDs
MentalBERT,j97g2f,444,140,2000,to,to,False,sadness,0.005645761671506702,0.005645761671506702,0.4321674406528473,0.9576798677444458,0.35,1,1,901,FP32-token-IDs
MentalBERT,j97g2f,444,140,2000,to,to,False,suicide intent,-0.00025400103310714356,0.00025400103310714356,0.06991535425186157,0.01626262441277504,0.35,0,0,901,FP32-token-IDs
MentalBERT,j97g2f,444,140,2000,to,to,False,worthlessness,-0.0020740269207492118,0.0020740269207492118,0.4828818440437317,0.04357760027050972,0.35,0,0,901,FP32-token-IDs
MentalBERT,j97g2f,444,141,5676,ensure,ensure,False,anger,7.887659165518064e-05,7.887659165518064e-05,0.2932449281215668,0.05900707468390465,0.35,0,0,901,FP32-token-IDs
MentalBERT,j97g2f,444,141,5676,ensure,ensure,False,brain dysfunction (forget),-0.001567981386491494,0.001567981386491494,0.23247233033180237,0.014720726758241653,0.35,0,0,901,FP32-token-IDs
MentalBERT,j97g2f,444,141,5676,ensure,ensure,False,emptiness,-0.0018685138961199992,0.0018685138961199992,0.24864429235458374,0.06192978844046593,0.35,0,0,901,FP32-token-IDs
MentalBERT,j97g2f,444,141,5676,ensure,ensure,False,hopelessness,0.00022576937678105166,0.00022576937678105166,0.4583815634250641,0.3241725265979767,0.35,0,0,901,FP32-token-IDs
MentalBERT,j97g2f,444,141,5676,ensure,ensure,False,loneliness,-0.0024620326988969406,0.0024620326988969406,0.6244892477989197,0.18737603724002838,0.35,0,0,901,FP32-token-IDs
MentalBERT,j97g2f,444,141,5676,ensure,ensure,False,sadness,0.005006360950095481,0.005006360950095481,0.4321674406528473,0.9576798677444458,0.35,1,1,901,FP32-token-IDs
MentalBERT,j97g2f,444,141,5676,ensure,ensure,False,suicide intent,-0.0001167556611151528,0.0001167556611151528,0.06991535425186157,0.01626262441277504,0.35,0,0,901,FP32-token-IDs
MentalBERT,j97g2f,444,141,5676,ensure,ensure,False,worthlessness,-0.0016720788343781692,0.0016720788343781692,0.4828818440437317,0.04357760027050972,0.35,0,0,901,FP32-token-IDs
MentalBERT,j97g2f,444,142,2053,no,no,False,anger,7.887659165518064e-05,7.887659165518064e-05,0.2932449281215668,0.05900707468390465,0.35,0,0,901,FP32-token-IDs
MentalBERT,j97g2f,444,142,2053,no,no,False,brain dysfunction (forget),-0.001567981386491494,0.001567981386491494,0.23247233033180237,0.014720726758241653,0.35,0,0,901,FP32-token-IDs
MentalBERT,j97g2f,444,142,2053,no,no,False,emptiness,-0.0018685138961199992,0.0018685138961199992,0.24864429235458374,0.06192978844046593,0.35,0,0,901,FP32-token-IDs
MentalBERT,j97g2f,444,142,2053,no,no,False,hopelessness,0.00022576937678105166,0.00022576937678105166,0.4583815634250641,0.3241725265979767,0.35,0,0,901,FP32-token-IDs
MentalBERT,j97g2f,444,142,2053,no,no,False,loneliness,-0.0024620326988969406,0.0024620326988969406,0.6244892477989197,0.18737603724002838,0.35,0,0,901,FP32-token-IDs
MentalBERT,j97g2f,444,142,2053,no,no,False,sadness,0.005006360950095481,0.005006360950095481,0.4321674406528473,0.9576798677444458,0.35,1,1,901,FP32-token-IDs
MentalBERT,j97g2f,444,142,2053,no,no,False,suicide intent,-0.0001167556611151528,0.0001167556611151528,0.06991535425186157,0.01626262441277504,0.35,0,0,901,FP32-token-IDs
MentalBERT,j97g2f,444,142,2053,no,no,False,worthlessness,-0.0016720788343781692,0.0016720788343781692,0.4828818440437317,0.04357760027050972,0.35,0,0,901,FP32-token-IDs
MentalBERT,j97g2f,444,143,2028,one,one,False,anger,7.887659165518064e-05,7.887659165518064e-05,0.2932449281215668,0.05900707468390465,0.35,0,0,901,FP32-token-IDs
MentalBERT,j97g2f,444,143,2028,one,one,False,brain dysfunction (forget),-0.001567981386491494,0.001567981386491494,0.23247233033180237,0.014720726758241653,0.35,0,0,901,FP32-token-IDs
MentalBERT,j97g2f,444,143,2028,one,one,False,emptiness,-0.0018685138961199992,0.0018685138961199992,0.24864429235458374,0.06192978844046593,0.35,0,0,901,FP32-token-IDs
MentalBERT,j97g2f,444,143,2028,one,one,False,hopelessness,0.00022576937678105166,0.00022576937678105166,0.4583815634250641,0.3241725265979767,0.35,0,0,901,FP32-token-IDs
MentalBERT,j97g2f,444,143,2028,one,one,False,loneliness,-0.0024620326988969406,0.0024620326988969406,0.6244892477989197,0.18737603724002838,0.35,0,0,901,FP32-token-IDs
MentalBERT,j97g2f,444,143,2028,one,one,False,sadness,0.005006360950095481,0.005006360950095481,0.4321674406528473,0.9576798677444458,0.35,1,1,901,FP32-token-IDs
MentalBERT,j97g2f,444,143,2028,one,one,False,suicide intent,-0.0001167556611151528,0.0001167556611151528,0.06991535425186157,0.01626262441277504,0.35,0,0,901,FP32-token-IDs
MentalBERT,j97g2f,444,143,2028,one,one,False,worthlessness,-0.0016720788343781692,0.0016720788343781692,0.4828818440437317,0.04357760027050972,0.35,0,0,901,FP32-token-IDs
MentalBERT,j97g2f,444,144,2842,else,else,False,anger,7.887659165518064e-05,7.887659165518064e-05,0.2932449281215668,0.05900707468390465,0.35,0,0,901,FP32-token-IDs
MentalBERT,j97g2f,444,144,2842,else,else,False,brain dysfunction (forget),-0.001567981386491494,0.001567981386491494,0.23247233033180237,0.014720726758241653,0.35,0,0,901,FP32-token-IDs
MentalBERT,j97g2f,444,144,2842,else,else,False,emptiness,-0.0018685138961199992,0.0018685138961199992,0.24864429235458374,0.06192978844046593,0.35,0,0,901,FP32-token-IDs
MentalBERT,j97g2f,444,144,2842,else,else,False,hopelessness,0.00022576937678105166,0.00022576937678105166,0.4583815634250641,0.3241725265979767,0.35,0,0,901,FP32-token-IDs
MentalBERT,j97g2f,444,144,2842,else,else,False,loneliness,-0.0024620326988969406,0.0024620326988969406,0.6244892477989197,0.18737603724002838,0.35,0,0,901,FP32-token-IDs
MentalBERT,j97g2f,444,144,2842,else,else,False,sadness,0.005006360950095481,0.005006360950095481,0.4321674406528473,0.9576798677444458,0.35,1,1,901,FP32-token-IDs
MentalBERT,j97g2f,444,144,2842,else,else,False,suicide intent,-0.0001167556611151528,0.0001167556611151528,0.06991535425186157,0.01626262441277504,0.35,0,0,901,FP32-token-IDs
MentalBERT,j97g2f,444,144,2842,else,else,False,worthlessness,-0.0016720788343781692,0.0016720788343781692,0.4828818440437317,0.04357760027050972,0.35,0,0,901,FP32-token-IDs
MentalBERT,j97g2f,444,145,3632,goes,goes,False,anger,7.887659165518064e-05,7.887659165518064e-05,0.2932449281215668,0.05900707468390465,0.35,0,0,901,FP32-token-IDs
MentalBERT,j97g2f,444,145,3632,goes,goes,False,brain dysfunction (forget),-0.001567981386491494,0.001567981386491494,0.23247233033180237,0.014720726758241653,0.35,0,0,901,FP32-token-IDs
MentalBERT,j97g2f,444,145,3632,goes,goes,False,emptiness,-0.0018685138961199992,0.0018685138961199992,0.24864429235458374,0.06192978844046593,0.35,0,0,901,FP32-token-IDs
MentalBERT,j97g2f,444,145,3632,goes,goes,False,hopelessness,0.00022576937678105166,0.00022576937678105166,0.4583815634250641,0.3241725265979767,0.35,0,0,901,FP32-token-IDs
MentalBERT,j97g2f,444,145,3632,goes,goes,False,loneliness,-0.0024620326988969406,0.0024620326988969406,0.6244892477989197,0.18737603724002838,0.35,0,0,901,FP32-token-IDs
MentalBERT,j97g2f,444,145,3632,goes,goes,False,sadness,0.005006360950095481,0.005006360950095481,0.4321674406528473,0.9576798677444458,0.35,1,1,901,FP32-token-IDs
MentalBERT,j97g2f,444,145,3632,goes,goes,False,suicide intent,-0.00011675566111515282,0.00011675566111515282,0.06991535425186157,0.01626262441277504,0.35,0,0,901,FP32-token-IDs
MentalBERT,j97g2f,444,145,3632,goes,goes,False,worthlessness,-0.0016720788343781694,0.0016720788343781694,0.4828818440437317,0.04357760027050972,0.35,0,0,901,FP32-token-IDs
MentalBERT,j97g2f,444,146,2083,through,through,False,anger,7.887659165518064e-05,7.887659165518064e-05,0.2932449281215668,0.05900707468390465,0.35,0,0,901,FP32-token-IDs
MentalBERT,j97g2f,444,146,2083,through,through,False,brain dysfunction (forget),-0.001567981386491494,0.001567981386491494,0.23247233033180237,0.014720726758241653,0.35,0,0,901,FP32-token-IDs
MentalBERT,j97g2f,444,146,2083,through,through,False,emptiness,-0.0018685138961199992,0.0018685138961199992,0.24864429235458374,0.06192978844046593,0.35,0,0,901,FP32-token-IDs
MentalBERT,j97g2f,444,146,2083,through,through,False,hopelessness,0.00022576937678105166,0.00022576937678105166,0.4583815634250641,0.3241725265979767,0.35,0,0,901,FP32-token-IDs
MentalBERT,j97g2f,444,146,2083,through,through,False,loneliness,-0.0024620326988969406,0.0024620326988969406,0.6244892477989197,0.18737603724002838,0.35,0,0,901,FP32-token-IDs
MentalBERT,j97g2f,444,146,2083,through,through,False,sadness,0.005006360950095481,0.005006360950095481,0.4321674406528473,0.9576798677444458,0.35,1,1,901,FP32-token-IDs
MentalBERT,j97g2f,444,146,2083,through,through,False,suicide intent,-0.00011675566111515282,0.00011675566111515282,0.06991535425186157,0.01626262441277504,0.35,0,0,901,FP32-token-IDs
MentalBERT,j97g2f,444,146,2083,through,through,False,worthlessness,-0.0016720788343781694,0.0016720788343781694,0.4828818440437317,0.04357760027050972,0.35,0,0,901,FP32-token-IDs
MentalBERT,j97g2f,444,147,2054,what,what,False,anger,7.887659165518064e-05,7.887659165518064e-05,0.2932449281215668,0.05900707468390465,0.35,0,0,901,FP32-token-IDs
MentalBERT,j97g2f,444,147,2054,what,what,False,brain dysfunction (forget),-0.001567981386491494,0.001567981386491494,0.23247233033180237,0.014720726758241653,0.35,0,0,901,FP32-token-IDs
MentalBERT,j97g2f,444,147,2054,what,what,False,emptiness,-0.0018685138961199992,0.0018685138961199992,0.24864429235458374,0.06192978844046593,0.35,0,0,901,FP32-token-IDs
MentalBERT,j97g2f,444,147,2054,what,what,False,hopelessness,0.00022576937678105166,0.00022576937678105166,0.4583815634250641,0.3241725265979767,0.35,0,0,901,FP32-token-IDs
MentalBERT,j97g2f,444,147,2054,what,what,False,loneliness,-0.0024620326988969406,0.0024620326988969406,0.6244892477989197,0.18737603724002838,0.35,0,0,901,FP32-token-IDs
MentalBERT,j97g2f,444,147,2054,what,what,False,sadness,0.005006360950095481,0.005006360950095481,0.4321674406528473,0.9576798677444458,0.35,1,1,901,FP32-token-IDs
MentalBERT,j97g2f,444,147,2054,what,what,False,suicide intent,-0.00011675566111515282,0.00011675566111515282,0.06991535425186157,0.01626262441277504,0.35,0,0,901,FP32-token-IDs
MentalBERT,j97g2f,444,147,2054,what,what,False,worthlessness,-0.0016720788343781694,0.0016720788343781694,0.4828818440437317,0.04357760027050972,0.35,0,0,901,FP32-token-IDs
MentalBERT,j97g2f,444,148,2027,they,they,False,anger,7.887659165518064e-05,7.887659165518064e-05,0.2932449281215668,0.05900707468390465,0.35,0,0,901,FP32-token-IDs
MentalBERT,j97g2f,444,148,2027,they,they,False,brain dysfunction (forget),-0.001567981386491494,0.001567981386491494,0.23247233033180237,0.014720726758241653,0.35,0,0,901,FP32-token-IDs
MentalBERT,j97g2f,444,148,2027,they,they,False,emptiness,-0.0018685138961199992,0.0018685138961199992,0.24864429235458374,0.06192978844046593,0.35,0,0,901,FP32-token-IDs
MentalBERT,j97g2f,444,148,2027,they,they,False,hopelessness,0.00022576937678105166,0.00022576937678105166,0.4583815634250641,0.3241725265979767,0.35,0,0,901,FP32-token-IDs
MentalBERT,j97g2f,444,148,2027,they,they,False,loneliness,-0.0024620326988969406,0.0024620326988969406,0.6244892477989197,0.18737603724002838,0.35,0,0,901,FP32-token-IDs
MentalBERT,j97g2f,444,148,2027,they,they,False,sadness,0.005006360950095481,0.005006360950095481,0.4321674406528473,0.9576798677444458,0.35,1,1,901,FP32-token-IDs
MentalBERT,j97g2f,444,148,2027,they,they,False,suicide intent,-0.00011675566111515282,0.00011675566111515282,0.06991535425186157,0.01626262441277504,0.35,0,0,901,FP32-token-IDs
MentalBERT,j97g2f,444,148,2027,they,they,False,worthlessness,-0.0016720788343781694,0.0016720788343781694,0.4828818440437317,0.04357760027050972,0.35,0,0,901,FP32-token-IDs
MentalBERT,j97g2f,444,149,2253,went,went,False,anger,7.887659165518064e-05,7.887659165518064e-05,0.2932449281215668,0.05900707468390465,0.35,0,0,901,FP32-token-IDs
MentalBERT,j97g2f,444,149,2253,went,went,False,brain dysfunction (forget),-0.001567981386491494,0.001567981386491494,0.23247233033180237,0.014720726758241653,0.35,0,0,901,FP32-token-IDs
MentalBERT,j97g2f,444,149,2253,went,went,False,emptiness,-0.0018685138961199992,0.0018685138961199992,0.24864429235458374,0.06192978844046593,0.35,0,0,901,FP32-token-IDs
MentalBERT,j97g2f,444,149,2253,went,went,False,hopelessness,0.00022576937678105166,0.00022576937678105166,0.4583815634250641,0.3241725265979767,0.35,0,0,901,FP32-token-IDs
MentalBERT,j97g2f,444,149,2253,went,went,False,loneliness,-0.0024620326988969406,0.0024620326988969406,0.6244892477989197,0.18737603724002838,0.35,0,0,901,FP32-token-IDs
MentalBERT,j97g2f,444,149,2253,went,went,False,sadness,0.00500636095009548,0.00500636095009548,0.4321674406528473,0.9576798677444458,0.35,1,1,901,FP32-token-IDs
MentalBERT,j97g2f,444,149,2253,went,went,False,suicide intent,-0.00011675566111515282,0.00011675566111515282,0.06991535425186157,0.01626262441277504,0.35,0,0,901,FP32-token-IDs
MentalBERT,j97g2f,444,149,2253,went,went,False,worthlessness,-0.0016720788343781694,0.0016720788343781694,0.4828818440437317,0.04357760027050972,0.35,0,0,901,FP32-token-IDs
MentalBERT,j97g2f,444,150,2083,through,through,False,anger,7.887659165518064e-05,7.887659165518064e-05,0.2932449281215668,0.05900707468390465,0.35,0,0,901,FP32-token-IDs
MentalBERT,j97g2f,444,150,2083,through,through,False,brain dysfunction (forget),-0.001567981386491494,0.001567981386491494,0.23247233033180237,0.014720726758241653,0.35,0,0,901,FP32-token-IDs
MentalBERT,j97g2f,444,150,2083,through,through,False,emptiness,-0.0018685138961199992,0.0018685138961199992,0.24864429235458374,0.06192978844046593,0.35,0,0,901,FP32-token-IDs
MentalBERT,j97g2f,444,150,2083,through,through,False,hopelessness,0.00022576937678105166,0.00022576937678105166,0.4583815634250641,0.3241725265979767,0.35,0,0,901,FP32-token-IDs
MentalBERT,j97g2f,444,150,2083,through,through,False,loneliness,-0.0024620326988969406,0.0024620326988969406,0.6244892477989197,0.18737603724002838,0.35,0,0,901,FP32-token-IDs
MentalBERT,j97g2f,444,150,2083,through,through,False,sadness,0.00500636095009548,0.00500636095009548,0.4321674406528473,0.9576798677444458,0.35,1,1,901,FP32-token-IDs
MentalBERT,j97g2f,444,150,2083,through,through,False,suicide intent,-0.00011675566111515282,0.00011675566111515282,0.06991535425186157,0.01626262441277504,0.35,0,0,901,FP32-token-IDs
MentalBERT,j97g2f,444,150,2083,through,through,False,worthlessness,-0.0016720788343781694,0.0016720788343781694,0.4828818440437317,0.04357760027050972,0.35,0,0,901,FP32-token-IDs
MentalBERT,j97g2f,444,151,1012,.,.,False,anger,7.887659165518064e-05,7.887659165518064e-05,0.2932449281215668,0.05900707468390465,0.35,0,0,901,FP32-token-IDs
MentalBERT,j97g2f,444,151,1012,.,.,False,brain dysfunction (forget),-0.001567981386491494,0.001567981386491494,0.23247233033180237,0.014720726758241653,0.35,0,0,901,FP32-token-IDs
MentalBERT,j97g2f,444,151,1012,.,.,False,emptiness,-0.0018685138961199992,0.0018685138961199992,0.24864429235458374,0.06192978844046593,0.35,0,0,901,FP32-token-IDs
MentalBERT,j97g2f,444,151,1012,.,.,False,hopelessness,0.00022576937678105166,0.00022576937678105166,0.4583815634250641,0.3241725265979767,0.35,0,0,901,FP32-token-IDs
MentalBERT,j97g2f,444,151,1012,.,.,False,loneliness,-0.0024620326988969406,0.0024620326988969406,0.6244892477989197,0.18737603724002838,0.35,0,0,901,FP32-token-IDs
MentalBERT,j97g2f,444,151,1012,.,.,False,sadness,0.00500636095009548,0.00500636095009548,0.4321674406528473,0.9576798677444458,0.35,1,1,901,FP32-token-IDs
MentalBERT,j97g2f,444,151,1012,.,.,False,suicide intent,-0.00011675566111515282,0.00011675566111515282,0.06991535425186157,0.01626262441277504,0.35,0,0,901,FP32-token-IDs
MentalBERT,j97g2f,444,151,1012,.,.,False,worthlessness,-0.0016720788343781694,0.0016720788343781694,0.4828818440437317,0.04357760027050972,0.35,0,0,901,FP32-token-IDs
MentalBERT,j97g2f,444,152,1996,the,the,False,anger,0.00011111267245660864,0.00011111267245660864,0.2932449281215668,0.05900707468390465,0.35,0,0,901,FP32-token-IDs
MentalBERT,j97g2f,444,152,1996,the,the,False,brain dysfunction (forget),-0.0013071057262343609,0.0013071057262343609,0.23247233033180237,0.014720726758241653,0.35,0,0,901,FP32-token-IDs
MentalBERT,j97g2f,444,152,1996,the,the,False,emptiness,-0.002964666411099206,0.002964666411099206,0.24864429235458374,0.06192978844046593,0.35,0,0,901,FP32-token-IDs
MentalBERT,j97g2f,444,152,1996,the,the,False,hopelessness,-0.010109409031728323,0.010109409031728323,0.4583815634250641,0.3241725265979767,0.35,0,0,901,FP32-token-IDs
MentalBERT,j97g2f,444,152,1996,the,the,False,loneliness,-0.0010051910213126247,0.0010051910213126247,0.6244892477989197,0.18737603724002838,0.35,0,0,901,FP32-token-IDs
MentalBERT,j97g2f,444,152,1996,the,the,False,sadness,-0.006727319263179839,0.006727319263179839,0.4321674406528473,0.9576798677444458,0.35,1,1,901,FP32-token-IDs
MentalBERT,j97g2f,444,152,1996,the,the,False,suicide intent,-0.0008109254946224634,0.0008109254946224634,0.06991535425186157,0.01626262441277504,0.35,0,0,901,FP32-token-IDs
MentalBERT,j97g2f,444,152,1996,the,the,False,worthlessness,-0.006453422698478549,0.006453422698478549,0.4828818440437317,0.04357760027050972,0.35,0,0,901,FP32-token-IDs
MentalBERT,j97g2f,444,153,11834,chat,chat,False,anger,-0.0016015658517432646,0.0016015658517432646,0.2932449281215668,0.05900707468390465,0.35,0,0,901,FP32-token-IDs
MentalBERT,j97g2f,444,153,11834,chat,chat,False,brain dysfunction (forget),-0.001634153850979849,0.001634153850979849,0.23247233033180237,0.014720726758241653,0.35,0,0,901,FP32-token-IDs
MentalBERT,j97g2f,444,153,11834,chat,chat,False,emptiness,-0.004056891840701174,0.004056891840701174,0.24864429235458374,0.06192978844046593,0.35,0,0,901,FP32-token-IDs
MentalBERT,j97g2f,444,153,11834,chat,chat,False,hopelessness,-0.013589043967230286,0.013589043967230286,0.4583815634250641,0.3241725265979767,0.35,0,0,901,FP32-token-IDs
MentalBERT,j97g2f,444,153,11834,chat,chat,False,loneliness,0.00011757655004724797,0.00011757655004724797,0.6244892477989197,0.18737603724002838,0.35,0,0,901,FP32-token-IDs
MentalBERT,j97g2f,444,153,11834,chat,chat,False,sadness,-0.00915424868583405,0.00915424868583405,0.4321674406528473,0.9576798677444458,0.35,1,1,901,FP32-token-IDs
MentalBERT,j97g2f,444,153,11834,chat,chat,False,suicide intent,-0.0009711703993138169,0.0009711703993138169,0.06991535425186157,0.01626262441277504,0.35,0,0,901,FP32-token-IDs
MentalBERT,j97g2f,444,153,11834,chat,chat,False,worthlessness,-0.01010432605101481,0.01010432605101481,0.4828818440437317,0.04357760027050972,0.35,0,0,901,FP32-token-IDs
MentalBERT,j97g2f,444,154,18384,##bot,bot,False,anger,-0.0016015658517432646,0.0016015658517432646,0.2932449281215668,0.05900707468390465,0.35,0,0,901,FP32-token-IDs
MentalBERT,j97g2f,444,154,18384,##bot,bot,False,brain dysfunction (forget),-0.001634153850979849,0.001634153850979849,0.23247233033180237,0.014720726758241653,0.35,0,0,901,FP32-token-IDs
MentalBERT,j97g2f,444,154,18384,##bot,bot,False,emptiness,-0.004056891840701174,0.004056891840701174,0.24864429235458374,0.06192978844046593,0.35,0,0,901,FP32-token-IDs
MentalBERT,j97g2f,444,154,18384,##bot,bot,False,hopelessness,-0.013589043967230286,0.013589043967230286,0.4583815634250641,0.3241725265979767,0.35,0,0,901,FP32-token-IDs
MentalBERT,j97g2f,444,154,18384,##bot,bot,False,loneliness,0.00011757655004724797,0.00011757655004724797,0.6244892477989197,0.18737603724002838,0.35,0,0,901,FP32-token-IDs
MentalBERT,j97g2f,444,154,18384,##bot,bot,False,sadness,-0.00915424868583405,0.00915424868583405,0.4321674406528473,0.9576798677444458,0.35,1,1,901,FP32-token-IDs
MentalBERT,j97g2f,444,154,18384,##bot,bot,False,suicide intent,-0.0009711703993138169,0.0009711703993138169,0.06991535425186157,0.01626262441277504,0.35,0,0,901,FP32-token-IDs
MentalBERT,j97g2f,444,154,18384,##bot,bot,False,worthlessness,-0.01010432605101481,0.01010432605101481,0.4828818440437317,0.04357760027050972,0.35,0,0,901,FP32-token-IDs
MentalBERT,j97g2f,444,155,2038,has,has,False,anger,0.000711870341570806,0.000711870341570806,0.2932449281215668,0.05900707468390465,0.35,0,0,901,FP32-token-IDs
MentalBERT,j97g2f,444,155,2038,has,has,False,brain dysfunction (forget),-0.0018595313165199268,0.0018595313165199268,0.23247233033180237,0.014720726758241653,0.35,0,0,901,FP32-token-IDs
MentalBERT,j97g2f,444,155,2038,has,has,False,emptiness,-0.0018036894102629224,0.0018036894102629224,0.24864429235458374,0.06192978844046593,0.35,0,0,901,FP32-token-IDs
MentalBERT,j97g2f,444,155,2038,has,has,False,hopelessness,-0.008402591805554346,0.008402591805554346,0.4583815634250641,0.3241725265979767,0.35,0,0,901,FP32-token-IDs
MentalBERT,j97g2f,444,155,2038,has,has,False,loneliness,0.0004385726302620265,0.0004385726302620265,0.6244892477989197,0.18737603724002838,0.35,0,0,901,FP32-token-IDs
MentalBERT,j97g2f,444,155,2038,has,has,False,sadness,-0.004230906210942556,0.004230906210942556,0.4321674406528473,0.9576798677444458,0.35,1,1,901,FP32-token-IDs
MentalBERT,j97g2f,444,155,2038,has,has,False,suicide intent,-0.0008720674619302395,0.0008720674619302395,0.06991535425186157,0.01626262441277504,0.35,0,0,901,FP32-token-IDs
MentalBERT,j97g2f,444,155,2038,has,has,False,worthlessness,-0.005410924985514978,0.005410924985514978,0.4828818440437317,0.04357760027050972,0.35,0,0,901,FP32-token-IDs
MentalBERT,j97g2f,444,156,2144,since,since,False,anger,0.000711870341570806,0.000711870341570806,0.2932449281215668,0.05900707468390465,0.35,0,0,901,FP32-token-IDs
MentalBERT,j97g2f,444,156,2144,since,since,False,brain dysfunction (forget),-0.0018595313165199268,0.0018595313165199268,0.23247233033180237,0.014720726758241653,0.35,0,0,901,FP32-token-IDs
MentalBERT,j97g2f,444,156,2144,since,since,False,emptiness,-0.0018036894102629224,0.0018036894102629224,0.24864429235458374,0.06192978844046593,0.35,0,0,901,FP32-token-IDs
MentalBERT,j97g2f,444,156,2144,since,since,False,hopelessness,-0.008402591805554346,0.008402591805554346,0.4583815634250641,0.3241725265979767,0.35,0,0,901,FP32-token-IDs
MentalBERT,j97g2f,444,156,2144,since,since,False,loneliness,0.0004385726302620265,0.0004385726302620265,0.6244892477989197,0.18737603724002838,0.35,0,0,901,FP32-token-IDs
MentalBERT,j97g2f,444,156,2144,since,since,False,sadness,-0.004230906210942556,0.004230906210942556,0.4321674406528473,0.9576798677444458,0.35,1,1,901,FP32-token-IDs
MentalBERT,j97g2f,444,156,2144,since,since,False,suicide intent,-0.0008720674619302395,0.0008720674619302395,0.06991535425186157,0.01626262441277504,0.35,0,0,901,FP32-token-IDs
MentalBERT,j97g2f,444,156,2144,since,since,False,worthlessness,-0.005410924985514978,0.005410924985514978,0.4828818440437317,0.04357760027050972,0.35,0,0,901,FP32-token-IDs
MentalBERT,j97g2f,444,157,2042,been,been,False,anger,-0.0047538598100564065,0.0047538598100564065,0.2932449281215668,0.05900707468390465,0.35,0,0,901,FP32-token-IDs
MentalBERT,j97g2f,444,157,2042,been,been,False,brain dysfunction (forget),-0.0027612132478018548,0.0027612132478018548,0.23247233033180237,0.014720726758241653,0.35,0,0,901,FP32-token-IDs
MentalBERT,j97g2f,444,157,2042,been,been,False,emptiness,-0.0048418404835324684,0.0048418404835324684,0.24864429235458374,0.06192978844046593,0.35,0,0,901,FP32-token-IDs
MentalBERT,j97g2f,444,157,2042,been,been,False,hopelessness,-0.019262844814568178,0.019262844814568178,0.4583815634250641,0.3241725265979767,0.35,0,0,901,FP32-token-IDs
MentalBERT,j97g2f,444,157,2042,been,been,False,loneliness,0.0023643132541086766,0.0023643132541086766,0.6244892477989197,0.18737603724002838,0.35,0,0,901,FP32-token-IDs
MentalBERT,j97g2f,444,157,2042,been,been,False,sadness,-0.009984654795481255,0.009984654795481255,0.4321674406528473,0.9576798677444458,0.35,1,1,901,FP32-token-IDs
MentalBERT,j97g2f,444,157,2042,been,been,False,suicide intent,-0.0008436427402533832,0.0008436427402533832,0.06991535425186157,0.01626262441277504,0.35,0,0,901,FP32-token-IDs
MentalBERT,j97g2f,444,157,2042,been,been,False,worthlessness,-0.015076731006590674,0.015076731006590674,0.4828818440437317,0.04357760027050972,0.35,0,0,901,FP32-token-IDs
MentalBERT,j97g2f,444,158,12404,partnered,partnered,False,anger,-0.0047538598100564065,0.0047538598100564065,0.2932449281215668,0.05900707468390465,0.35,0,0,901,FP32-token-IDs
MentalBERT,j97g2f,444,158,12404,partnered,partnered,False,brain dysfunction (forget),-0.0027612132478018548,0.0027612132478018548,0.23247233033180237,0.014720726758241653,0.35,0,0,901,FP32-token-IDs
MentalBERT,j97g2f,444,158,12404,partnered,partnered,False,emptiness,-0.0048418404835324684,0.0048418404835324684,0.24864429235458374,0.06192978844046593,0.35,0,0,901,FP32-token-IDs
MentalBERT,j97g2f,444,158,12404,partnered,partnered,False,hopelessness,-0.019262844814568178,0.019262844814568178,0.4583815634250641,0.3241725265979767,0.35,0,0,901,FP32-token-IDs
MentalBERT,j97g2f,444,158,12404,partnered,partnered,False,loneliness,0.0023643132541086766,0.0023643132541086766,0.6244892477989197,0.18737603724002838,0.35,0,0,901,FP32-token-IDs
MentalBERT,j97g2f,444,158,12404,partnered,partnered,False,sadness,-0.009984654795481255,0.009984654795481255,0.4321674406528473,0.9576798677444458,0.35,1,1,901,FP32-token-IDs
MentalBERT,j97g2f,444,158,12404,partnered,partnered,False,suicide intent,-0.0008436427402533832,0.0008436427402533832,0.06991535425186157,0.01626262441277504,0.35,0,0,901,FP32-token-IDs
MentalBERT,j97g2f,444,158,12404,partnered,partnered,False,worthlessness,-0.015076731006590674,0.015076731006590674,0.4828818440437317,0.04357760027050972,0.35,0,0,901,FP32-token-IDs
MentalBERT,j97g2f,444,159,2007,with,with,False,anger,0.0006508002856703984,0.0006508002856703984,0.2932449281215668,0.05900707468390465,0.35,0,0,901,FP32-token-IDs
MentalBERT,j97g2f,444,159,2007,with,with,False,brain dysfunction (forget),-0.00155511611294721,0.00155511611294721,0.23247233033180237,0.014720726758241653,0.35,0,0,901,FP32-token-IDs
MentalBERT,j97g2f,444,159,2007,with,with,False,emptiness,-0.0008325031402901831,0.0008325031402901831,0.24864429235458374,0.06192978844046593,0.35,0,0,901,FP32-token-IDs
MentalBERT,j97g2f,444,159,2007,with,with,False,hopelessness,-0.0013593933518594977,0.0013593933518594977,0.4583815634250641,0.3241725265979767,0.35,0,0,901,FP32-token-IDs
MentalBERT,j97g2f,444,159,2007,with,with,False,loneliness,-0.0003913290989161892,0.0003913290989161892,0.6244892477989197,0.18737603724002838,0.35,0,0,901,FP32-token-IDs
MentalBERT,j97g2f,444,159,2007,with,with,False,sadness,0.0004937311697920616,0.0004937311697920616,0.4321674406528473,0.9576798677444458,0.35,1,1,901,FP32-token-IDs
MentalBERT,j97g2f,444,159,2007,with,with,False,suicide intent,-0.0006500377434845591,0.0006500377434845591,0.06991535425186157,0.01626262441277504,0.35,0,0,901,FP32-token-IDs
MentalBERT,j97g2f,444,159,2007,with,with,False,worthlessness,-0.002586830918020992,0.002586830918020992,0.4828818440437317,0.04357760027050972,0.35,0,0,901,FP32-token-IDs
MentalBERT,j97g2f,444,160,2028,one,one,False,anger,0.0006508002856703984,0.0006508002856703984,0.2932449281215668,0.05900707468390465,0.35,0,0,901,FP32-token-IDs
MentalBERT,j97g2f,444,160,2028,one,one,False,brain dysfunction (forget),-0.00155511611294721,0.00155511611294721,0.23247233033180237,0.014720726758241653,0.35,0,0,901,FP32-token-IDs
MentalBERT,j97g2f,444,160,2028,one,one,False,emptiness,-0.0008325031402901831,0.0008325031402901831,0.24864429235458374,0.06192978844046593,0.35,0,0,901,FP32-token-IDs
MentalBERT,j97g2f,444,160,2028,one,one,False,hopelessness,-0.0013593933518594977,0.0013593933518594977,0.4583815634250641,0.3241725265979767,0.35,0,0,901,FP32-token-IDs
MentalBERT,j97g2f,444,160,2028,one,one,False,loneliness,-0.0003913290989161892,0.0003913290989161892,0.6244892477989197,0.18737603724002838,0.35,0,0,901,FP32-token-IDs
MentalBERT,j97g2f,444,160,2028,one,one,False,sadness,0.0004937311697920616,0.0004937311697920616,0.4321674406528473,0.9576798677444458,0.35,1,1,901,FP32-token-IDs
MentalBERT,j97g2f,444,160,2028,one,one,False,suicide intent,-0.0006500377434845591,0.0006500377434845591,0.06991535425186157,0.01626262441277504,0.35,0,0,901,FP32-token-IDs
MentalBERT,j97g2f,444,160,2028,one,one,False,worthlessness,-0.002586830918020992,0.002586830918020992,0.4828818440437317,0.04357760027050972,0.35,0,0,901,FP32-token-IDs
MentalBERT,j97g2f,444,161,1997,of,of,False,anger,0.00054663395117545,0.00054663395117545,0.2932449281215668,0.05900707468390465,0.35,0,0,901,FP32-token-IDs
MentalBERT,j97g2f,444,161,1997,of,of,False,brain dysfunction (forget),-0.0015612049544208937,0.0015612049544208937,0.23247233033180237,0.014720726758241653,0.35,0,0,901,FP32-token-IDs
MentalBERT,j97g2f,444,161,1997,of,of,False,emptiness,-0.0013612175270364705,0.0013612175270364705,0.24864429235458374,0.06192978844046593,0.35,0,0,901,FP32-token-IDs
MentalBERT,j97g2f,444,161,1997,of,of,False,hopelessness,-0.0015426841538018462,0.0015426841538018462,0.4583815634250641,0.3241725265979767,0.35,0,0,901,FP32-token-IDs
MentalBERT,j97g2f,444,161,1997,of,of,False,loneliness,-0.001821766067719595,0.001821766067719595,0.6244892477989197,0.18737603724002838,0.35,0,0,901,FP32-token-IDs
MentalBERT,j97g2f,444,161,1997,of,of,False,sadness,0.00046660546848381113,0.00046660546848381113,0.4321674406528473,0.9576798677444458,0.35,1,1,901,FP32-token-IDs
MentalBERT,j97g2f,444,161,1997,of,of,False,suicide intent,-0.0006441987001876855,0.0006441987001876855,0.06991535425186157,0.01626262441277504,0.35,0,0,901,FP32-token-IDs
MentalBERT,j97g2f,444,161,1997,of,of,False,worthlessness,-0.002404084008462219,0.002404084008462219,0.4828818440437317,0.04357760027050972,0.35,0,0,901,FP32-token-IDs
MentalBERT,j97g2f,444,162,1996,the,the,False,anger,0.00054663395117545,0.00054663395117545,0.2932449281215668,0.05900707468390465,0.35,0,0,901,FP32-token-IDs
MentalBERT,j97g2f,444,162,1996,the,the,False,brain dysfunction (forget),-0.0015612049544208937,0.0015612049544208937,0.23247233033180237,0.014720726758241653,0.35,0,0,901,FP32-token-IDs
MentalBERT,j97g2f,444,162,1996,the,the,False,emptiness,-0.0013612175270364705,0.0013612175270364705,0.24864429235458374,0.06192978844046593,0.35,0,0,901,FP32-token-IDs
MentalBERT,j97g2f,444,162,1996,the,the,False,hopelessness,-0.0015426841538018462,0.0015426841538018462,0.4583815634250641,0.3241725265979767,0.35,0,0,901,FP32-token-IDs
MentalBERT,j97g2f,444,162,1996,the,the,False,loneliness,-0.001821766067719595,0.001821766067719595,0.6244892477989197,0.18737603724002838,0.35,0,0,901,FP32-token-IDs
MentalBERT,j97g2f,444,162,1996,the,the,False,sadness,0.00046660546848381113,0.00046660546848381113,0.4321674406528473,0.9576798677444458,0.35,1,1,901,FP32-token-IDs
MentalBERT,j97g2f,444,162,1996,the,the,False,suicide intent,-0.0006441987001876855,0.0006441987001876855,0.06991535425186157,0.01626262441277504,0.35,0,0,901,FP32-token-IDs
MentalBERT,j97g2f,444,162,1996,the,the,False,worthlessness,-0.002404084008462219,0.002404084008462219,0.4828818440437317,0.04357760027050972,0.35,0,0,901,FP32-token-IDs
MentalBERT,j97g2f,444,163,2922,largest,largest,False,anger,-0.004100578529427626,0.004100578529427626,0.2932449281215668,0.05900707468390465,0.35,0,0,901,FP32-token-IDs
MentalBERT,j97g2f,444,163,2922,largest,largest,False,brain dysfunction (forget),-0.00038575371477885976,0.00038575371477885976,0.23247233033180237,0.014720726758241653,0.35,0,0,901,FP32-token-IDs
MentalBERT,j97g2f,444,163,2922,largest,largest,False,emptiness,-0.0027300669462420046,0.0027300669462420046,0.24864429235458374,0.06192978844046593,0.35,0,0,901,FP32-token-IDs
MentalBERT,j97g2f,444,163,2922,largest,largest,False,hopelessness,-0.007809335931337306,0.007809335931337306,0.4583815634250641,0.3241725265979767,0.35,0,0,901,FP32-token-IDs
MentalBERT,j97g2f,444,163,2922,largest,largest,False,loneliness,-0.004664568430078881,0.004664568430078881,0.6244892477989197,0.18737603724002838,0.35,0,0,901,FP32-token-IDs
MentalBERT,j97g2f,444,163,2922,largest,largest,False,sadness,-0.0033700638450682163,0.0033700638450682163,0.4321674406528473,0.9576798677444458,0.35,1,1,901,FP32-token-IDs
MentalBERT,j97g2f,444,163,2922,largest,largest,False,suicide intent,-0.0002780038225215061,0.0002780038225215061,0.06991535425186157,0.01626262441277504,0.35,0,0,901,FP32-token-IDs
MentalBERT,j97g2f,444,163,2922,largest,largest,False,worthlessness,-0.008463488683836269,0.008463488683836269,0.4828818440437317,0.04357760027050972,0.35,0,0,901,FP32-token-IDs
MentalBERT,j97g2f,444,164,2796,indian,indian,False,anger,-0.004100578529427626,0.004100578529427626,0.2932449281215668,0.05900707468390465,0.35,0,0,901,FP32-token-IDs
MentalBERT,j97g2f,444,164,2796,indian,indian,False,brain dysfunction (forget),-0.00038575371477885976,0.00038575371477885976,0.23247233033180237,0.014720726758241653,0.35,0,0,901,FP32-token-IDs
MentalBERT,j97g2f,444,164,2796,indian,indian,False,emptiness,-0.0027300669462420046,0.0027300669462420046,0.24864429235458374,0.06192978844046593,0.35,0,0,901,FP32-token-IDs
MentalBERT,j97g2f,444,164,2796,indian,indian,False,hopelessness,-0.007809335931337306,0.007809335931337306,0.4583815634250641,0.3241725265979767,0.35,0,0,901,FP32-token-IDs
MentalBERT,j97g2f,444,164,2796,indian,indian,False,loneliness,-0.004664568430078881,0.004664568430078881,0.6244892477989197,0.18737603724002838,0.35,0,0,901,FP32-token-IDs
MentalBERT,j97g2f,444,164,2796,indian,indian,False,sadness,-0.0033700638450682163,0.0033700638450682163,0.4321674406528473,0.9576798677444458,0.35,1,1,901,FP32-token-IDs
MentalBERT,j97g2f,444,164,2796,indian,indian,False,suicide intent,-0.0002780038225215061,0.0002780038225215061,0.06991535425186157,0.01626262441277504,0.35,0,0,901,FP32-token-IDs
MentalBERT,j97g2f,444,164,2796,indian,indian,False,worthlessness,-0.008463488683836269,0.008463488683836269,0.4828818440437317,0.04357760027050972,0.35,0,0,901,FP32-token-IDs
MentalBERT,j97g2f,444,165,22165,ngos,ngos,False,anger,-0.0020675373213764814,0.0020675373213764814,0.2932449281215668,0.05900707468390465,0.35,0,0,901,FP32-token-IDs
MentalBERT,j97g2f,444,165,22165,ngos,ngos,False,brain dysfunction (forget),-0.0012519213986316963,0.0012519213986316963,0.23247233033180237,0.014720726758241653,0.35,0,0,901,FP32-token-IDs
MentalBERT,j97g2f,444,165,22165,ngos,ngos,False,emptiness,-0.003285990620497614,0.003285990620497614,0.24864429235458374,0.06192978844046593,0.35,0,0,901,FP32-token-IDs
MentalBERT,j97g2f,444,165,22165,ngos,ngos,False,hopelessness,-0.007474398805892893,0.007474398805892893,0.4583815634250641,0.3241725265979767,0.35,0,0,901,FP32-token-IDs
MentalBERT,j97g2f,444,165,22165,ngos,ngos,False,loneliness,-0.006556090167058366,0.006556090167058366,0.6244892477989197,0.18737603724002838,0.35,0,0,901,FP32-token-IDs
MentalBERT,j97g2f,444,165,22165,ngos,ngos,False,sadness,-0.001167787704616785,0.001167787704616785,0.4321674406528473,0.9576798677444458,0.35,1,1,901,FP32-token-IDs
MentalBERT,j97g2f,444,165,22165,ngos,ngos,False,suicide intent,-2.36988011498137e-05,2.36988011498137e-05,0.06991535425186157,0.01626262441277504,0.35,0,0,901,FP32-token-IDs
MentalBERT,j97g2f,444,165,22165,ngos,ngos,False,worthlessness,-0.005424009311744677,0.005424009311744677,0.4828818440437317,0.04357760027050972,0.35,0,0,901,FP32-token-IDs
MentalBERT,j97g2f,444,166,2005,for,for,False,anger,-0.0020675373213764814,0.0020675373213764814,0.2932449281215668,0.05900707468390465,0.35,0,0,901,FP32-token-IDs
MentalBERT,j97g2f,444,166,2005,for,for,False,brain dysfunction (forget),-0.0012519213986316963,0.0012519213986316963,0.23247233033180237,0.014720726758241653,0.35,0,0,901,FP32-token-IDs
MentalBERT,j97g2f,444,166,2005,for,for,False,emptiness,-0.003285990620497614,0.003285990620497614,0.24864429235458374,0.06192978844046593,0.35,0,0,901,FP32-token-IDs
MentalBERT,j97g2f,444,166,2005,for,for,False,hopelessness,-0.007474398805892893,0.007474398805892893,0.4583815634250641,0.3241725265979767,0.35,0,0,901,FP32-token-IDs
MentalBERT,j97g2f,444,166,2005,for,for,False,loneliness,-0.006556090167058366,0.006556090167058366,0.6244892477989197,0.18737603724002838,0.35,0,0,901,FP32-token-IDs
MentalBERT,j97g2f,444,166,2005,for,for,False,sadness,-0.001167787704616785,0.001167787704616785,0.4321674406528473,0.9576798677444458,0.35,1,1,901,FP32-token-IDs
MentalBERT,j97g2f,444,166,2005,for,for,False,suicide intent,-2.36988011498137e-05,2.36988011498137e-05,0.06991535425186157,0.01626262441277504,0.35,0,0,901,FP32-token-IDs
MentalBERT,j97g2f,444,166,2005,for,for,False,worthlessness,-0.005424009311744677,0.005424009311744677,0.4828818440437317,0.04357760027050972,0.35,0,0,901,FP32-token-IDs
MentalBERT,j97g2f,444,167,5177,mental,mental,False,anger,-0.007137635977761376,0.007137635977761376,0.2932449281215668,0.05900707468390465,0.35,0,0,901,FP32-token-IDs
MentalBERT,j97g2f,444,167,5177,mental,mental,False,brain dysfunction (forget),0.005165061320266908,0.005165061320266908,0.23247233033180237,0.014720726758241653,0.35,0,0,901,FP32-token-IDs
MentalBERT,j97g2f,444,167,5177,mental,mental,False,emptiness,-0.0022579767295004176,0.0022579767295004176,0.24864429235458374,0.06192978844046593,0.35,0,0,901,FP32-token-IDs
MentalBERT,j97g2f,444,167,5177,mental,mental,False,hopelessness,-0.003011847325112848,0.003011847325112848,0.4583815634250641,0.3241725265979767,0.35,0,0,901,FP32-token-IDs
MentalBERT,j97g2f,444,167,5177,mental,mental,False,loneliness,-0.011405866792691606,0.011405866792691606,0.6244892477989197,0.18737603724002838,0.35,0,0,901,FP32-token-IDs
MentalBERT,j97g2f,444,167,5177,mental,mental,False,sadness,-0.004359219184455772,0.004359219184455772,0.4321674406528473,0.9576798677444458,0.35,1,1,901,FP32-token-IDs
MentalBERT,j97g2f,444,167,5177,mental,mental,False,suicide intent,-0.00030273916560136487,0.00030273916560136487,0.06991535425186157,0.01626262441277504,0.35,0,0,901,FP32-token-IDs
MentalBERT,j97g2f,444,167,5177,mental,mental,False,worthlessness,-0.002994229149494675,0.002994229149494675,0.4828818440437317,0.04357760027050972,0.35,0,0,901,FP32-token-IDs
MentalBERT,j97g2f,444,168,2740,health,health,False,anger,-0.007137635977761376,0.007137635977761376,0.2932449281215668,0.05900707468390465,0.35,0,0,901,FP32-token-IDs
MentalBERT,j97g2f,444,168,2740,health,health,False,brain dysfunction (forget),0.005165061320266908,0.005165061320266908,0.23247233033180237,0.014720726758241653,0.35,0,0,901,FP32-token-IDs
MentalBERT,j97g2f,444,168,2740,health,health,False,emptiness,-0.0022579767295004176,0.0022579767295004176,0.24864429235458374,0.06192978844046593,0.35,0,0,901,FP32-token-IDs
MentalBERT,j97g2f,444,168,2740,health,health,False,hopelessness,-0.003011847325112848,0.003011847325112848,0.4583815634250641,0.3241725265979767,0.35,0,0,901,FP32-token-IDs
MentalBERT,j97g2f,444,168,2740,health,health,False,loneliness,-0.011405866792691606,0.011405866792691606,0.6244892477989197,0.18737603724002838,0.35,0,0,901,FP32-token-IDs
MentalBERT,j97g2f,444,168,2740,health,health,False,sadness,-0.004359219184455772,0.004359219184455772,0.4321674406528473,0.9576798677444458,0.35,1,1,901,FP32-token-IDs
MentalBERT,j97g2f,444,168,2740,health,health,False,suicide intent,-0.00030273916560136487,0.00030273916560136487,0.06991535425186157,0.01626262441277504,0.35,0,0,901,FP32-token-IDs
MentalBERT,j97g2f,444,168,2740,health,health,False,worthlessness,-0.002994229149494675,0.002994229149494675,0.4828818440437317,0.04357760027050972,0.35,0,0,901,FP32-token-IDs
MentalBERT,j97g2f,444,169,1010,",",",",False,anger,-0.005872836358667839,0.005872836358667839,0.2932449281215668,0.05900707468390465,0.35,0,0,901,FP32-token-IDs
MentalBERT,j97g2f,444,169,1010,",",",",False,brain dysfunction (forget),0.004347998055718129,0.004347998055718129,0.23247233033180237,0.014720726758241653,0.35,0,0,901,FP32-token-IDs
MentalBERT,j97g2f,444,169,1010,",",",",False,emptiness,-0.0017192339485821624,0.0017192339485821624,0.24864429235458374,0.06192978844046593,0.35,0,0,901,FP32-token-IDs
MentalBERT,j97g2f,444,169,1010,",",",",False,hopelessness,-0.002892293446209459,0.002892293446209459,0.4583815634250641,0.3241725265979767,0.35,0,0,901,FP32-token-IDs
MentalBERT,j97g2f,444,169,1010,",",",",False,loneliness,-0.008096840897841113,0.008096840897841113,0.6244892477989197,0.18737603724002838,0.35,0,0,901,FP32-token-IDs
MentalBERT,j97g2f,444,169,1010,",",",",False,sadness,-0.004850807677333553,0.004850807677333553,0.4321674406528473,0.9576798677444458,0.35,1,1,901,FP32-token-IDs
MentalBERT,j97g2f,444,169,1010,",",",",False,suicide intent,-7.474435620852523e-05,7.474435620852523e-05,0.06991535425186157,0.01626262441277504,0.35,0,0,901,FP32-token-IDs
MentalBERT,j97g2f,444,169,1010,",",",",False,worthlessness,-0.0028503795675489875,0.0028503795675489875,0.4828818440437317,0.04357760027050972,0.35,0,0,901,FP32-token-IDs
MentalBERT,j97g2f,444,170,3158,van,van,False,anger,-0.0033874587936545994,0.0033874587936545994,0.2932449281215668,0.05900707468390465,0.35,0,0,901,FP32-token-IDs
MentalBERT,j97g2f,444,170,3158,van,van,False,brain dysfunction (forget),-0.0009147173456428802,0.0009147173456428802,0.23247233033180237,0.014720726758241653,0.35,0,0,901,FP32-token-IDs
MentalBERT,j97g2f,444,170,3158,van,van,False,emptiness,-0.0029746804710514114,0.0029746804710514114,0.24864429235458374,0.06192978844046593,0.35,0,0,901,FP32-token-IDs
MentalBERT,j97g2f,444,170,3158,van,van,False,hopelessness,-0.004649315483858992,0.004649315483858992,0.4583815634250641,0.3241725265979767,0.35,0,0,901,FP32-token-IDs
MentalBERT,j97g2f,444,170,3158,van,van,False,loneliness,-0.006571899359023162,0.006571899359023162,0.6244892477989197,0.18737603724002838,0.35,0,0,901,FP32-token-IDs
MentalBERT,j97g2f,444,170,3158,van,van,False,sadness,0.002158844506130645,0.002158844506130645,0.4321674406528473,0.9576798677444458,0.35,1,1,901,FP32-token-IDs
MentalBERT,j97g2f,444,170,3158,van,van,False,suicide intent,-0.0006025667889808377,0.0006025667889808377,0.06991535425186157,0.01626262441277504,0.35,0,0,901,FP32-token-IDs
MentalBERT,j97g2f,444,170,3158,van,van,False,worthlessness,-0.004539294265308783,0.004539294265308783,0.4828818440437317,0.04357760027050972,0.35,0,0,901,FP32-token-IDs
MentalBERT,j97g2f,444,171,16200,##dre,dre,False,anger,-0.0033874587936545994,0.0033874587936545994,0.2932449281215668,0.05900707468390465,0.35,0,0,901,FP32-token-IDs
MentalBERT,j97g2f,444,171,16200,##dre,dre,False,brain dysfunction (forget),-0.0009147173456428802,0.0009147173456428802,0.23247233033180237,0.014720726758241653,0.35,0,0,901,FP32-token-IDs
MentalBERT,j97g2f,444,171,16200,##dre,dre,False,emptiness,-0.0029746804710514114,0.0029746804710514114,0.24864429235458374,0.06192978844046593,0.35,0,0,901,FP32-token-IDs
MentalBERT,j97g2f,444,171,16200,##dre,dre,False,hopelessness,-0.004649315483858992,0.004649315483858992,0.4583815634250641,0.3241725265979767,0.35,0,0,901,FP32-token-IDs
MentalBERT,j97g2f,444,171,16200,##dre,dre,False,loneliness,-0.006571899359023162,0.006571899359023162,0.6244892477989197,0.18737603724002838,0.35,0,0,901,FP32-token-IDs
MentalBERT,j97g2f,444,171,16200,##dre,dre,False,sadness,0.002158844506130645,0.002158844506130645,0.4321674406528473,0.9576798677444458,0.35,1,1,901,FP32-token-IDs
MentalBERT,j97g2f,444,171,16200,##dre,dre,False,suicide intent,-0.0006025667889808377,0.0006025667889808377,0.06991535425186157,0.01626262441277504,0.35,0,0,901,FP32-token-IDs
MentalBERT,j97g2f,444,171,16200,##dre,dre,False,worthlessness,-0.004539294265308783,0.004539294265308783,0.4828818440437317,0.04357760027050972,0.35,0,0,901,FP32-token-IDs
MentalBERT,j97g2f,444,172,10175,##val,val,False,anger,-0.0033874587936545994,0.0033874587936545994,0.2932449281215668,0.05900707468390465,0.35,0,0,901,FP32-token-IDs
MentalBERT,j97g2f,444,172,10175,##val,val,False,brain dysfunction (forget),-0.0009147173456428802,0.0009147173456428802,0.23247233033180237,0.014720726758241653,0.35,0,0,901,FP32-token-IDs
MentalBERT,j97g2f,444,172,10175,##val,val,False,emptiness,-0.0029746804710514114,0.0029746804710514114,0.24864429235458374,0.06192978844046593,0.35,0,0,901,FP32-token-IDs
MentalBERT,j97g2f,444,172,10175,##val,val,False,hopelessness,-0.004649315483858992,0.004649315483858992,0.4583815634250641,0.3241725265979767,0.35,0,0,901,FP32-token-IDs
MentalBERT,j97g2f,444,172,10175,##val,val,False,loneliness,-0.006571899359023162,0.006571899359023162,0.6244892477989197,0.18737603724002838,0.35,0,0,901,FP32-token-IDs
MentalBERT,j97g2f,444,172,10175,##val,val,False,sadness,0.002158844506130645,0.002158844506130645,0.4321674406528473,0.9576798677444458,0.35,1,1,901,FP32-token-IDs
MentalBERT,j97g2f,444,172,10175,##val,val,False,suicide intent,-0.0006025667889808377,0.0006025667889808377,0.06991535425186157,0.01626262441277504,0.35,0,0,901,FP32-token-IDs
MentalBERT,j97g2f,444,172,10175,##val,val,False,worthlessness,-0.004539294265308783,0.004539294265308783,0.4828818440437317,0.04357760027050972,0.35,0,0,901,FP32-token-IDs
MentalBERT,j97g2f,444,173,2050,##a,a,False,anger,-0.0033874587936545994,0.0033874587936545994,0.2932449281215668,0.05900707468390465,0.35,0,0,901,FP32-token-IDs
MentalBERT,j97g2f,444,173,2050,##a,a,False,brain dysfunction (forget),-0.0009147173456428802,0.0009147173456428802,0.23247233033180237,0.014720726758241653,0.35,0,0,901,FP32-token-IDs
MentalBERT,j97g2f,444,173,2050,##a,a,False,emptiness,-0.0029746804710514114,0.0029746804710514114,0.24864429235458374,0.06192978844046593,0.35,0,0,901,FP32-token-IDs
MentalBERT,j97g2f,444,173,2050,##a,a,False,hopelessness,-0.004649315483858992,0.004649315483858992,0.4583815634250641,0.3241725265979767,0.35,0,0,901,FP32-token-IDs
MentalBERT,j97g2f,444,173,2050,##a,a,False,loneliness,-0.006571899359023162,0.006571899359023162,0.6244892477989197,0.18737603724002838,0.35,0,0,901,FP32-token-IDs
MentalBERT,j97g2f,444,173,2050,##a,a,False,sadness,0.002158844506130645,0.002158844506130645,0.4321674406528473,0.9576798677444458,0.35,1,1,901,FP32-token-IDs
MentalBERT,j97g2f,444,173,2050,##a,a,False,suicide intent,-0.0006025667889808377,0.0006025667889808377,0.06991535425186157,0.01626262441277504,0.35,0,0,901,FP32-token-IDs
MentalBERT,j97g2f,444,173,2050,##a,a,False,worthlessness,-0.004539294265308783,0.004539294265308783,0.4828818440437317,0.04357760027050972,0.35,0,0,901,FP32-token-IDs
MentalBERT,j97g2f,444,174,3192,foundation,foundation,False,anger,-0.009620467372074285,0.009620467372074285,0.2932449281215668,0.05900707468390465,0.35,0,0,901,FP32-token-IDs
MentalBERT,j97g2f,444,174,3192,foundation,foundation,False,brain dysfunction (forget),-0.000718489771009213,0.000718489771009213,0.23247233033180237,0.014720726758241653,0.35,0,0,901,FP32-token-IDs
MentalBERT,j97g2f,444,174,3192,foundation,foundation,False,emptiness,-0.006211843944437729,0.006211843944437729,0.24864429235458374,0.06192978844046593,0.35,0,0,901,FP32-token-IDs
MentalBERT,j97g2f,444,174,3192,foundation,foundation,False,hopelessness,-0.01922801083465125,0.01922801083465125,0.4583815634250641,0.3241725265979767,0.35,0,0,901,FP32-token-IDs
MentalBERT,j97g2f,444,174,3192,foundation,foundation,False,loneliness,-0.011231741593128033,0.011231741593128033,0.6244892477989197,0.18737603724002838,0.35,0,0,901,FP32-token-IDs
MentalBERT,j97g2f,444,174,3192,foundation,foundation,False,sadness,-0.0002905775208537488,0.0002905775208537488,0.4321674406528473,0.9576798677444458,0.35,1,1,901,FP32-token-IDs
MentalBERT,j97g2f,444,174,3192,foundation,foundation,False,suicide intent,-0.0007953935701116992,0.0007953935701116992,0.06991535425186157,0.01626262441277504,0.35,0,0,901,FP32-token-IDs
MentalBERT,j97g2f,444,174,3192,foundation,foundation,False,worthlessness,-0.014151743259029828,0.014151743259029828,0.4828818440437317,0.04357760027050972,0.35,0,0,901,FP32-token-IDs
MentalBERT,j97g2f,444,175,1010,",",",",False,anger,-0.007135539021178642,0.007135539021178642,0.2932449281215668,0.05900707468390465,0.35,0,0,901,FP32-token-IDs
MentalBERT,j97g2f,444,175,1010,",",",",False,brain dysfunction (forget),-0.0007131171165954085,0.0007131171165954085,0.23247233033180237,0.014720726758241653,0.35,0,0,901,FP32-token-IDs
MentalBERT,j97g2f,444,175,1010,",",",",False,emptiness,-0.004937662763804125,0.004937662763804125,0.24864429235458374,0.06192978844046593,0.35,0,0,901,FP32-token-IDs
MentalBERT,j97g2f,444,175,1010,",",",",False,hopelessness,-0.01169657933105733,0.01169657933105733,0.4583815634250641,0.3241725265979767,0.35,0,0,901,FP32-token-IDs
MentalBERT,j97g2f,444,175,1010,",",",",False,loneliness,-0.009762773481106348,0.009762773481106348,0.6244892477989197,0.18737603724002838,0.35,0,0,901,FP32-token-IDs
MentalBERT,j97g2f,444,175,1010,",",",",False,sadness,-1.3455038196316226e-05,1.3455038196316226e-05,0.4321674406528473,0.9576798677444458,0.35,1,1,901,FP32-token-IDs
MentalBERT,j97g2f,444,175,1010,",",",",False,suicide intent,-0.0008238764703456385,0.0008238764703456385,0.06991535425186157,0.01626262441277504,0.35,0,0,901,FP32-token-IDs
MentalBERT,j97g2f,444,175,1010,",",",",False,worthlessness,-0.009550269804643833,0.009550269804643833,0.4828818440437317,0.04357760027050972,0.35,0,0,901,FP32-token-IDs
MentalBERT,j97g2f,444,176,2004,as,as,False,anger,-0.0017376009651058006,0.0017376009651058006,0.2932449281215668,0.05900707468390465,0.35,0,0,901,FP32-token-IDs
MentalBERT,j97g2f,444,176,2004,as,as,False,brain dysfunction (forget),-0.0008789125777148715,0.0008789125777148715,0.23247233033180237,0.014720726758241653,0.35,0,0,901,FP32-token-IDs
MentalBERT,j97g2f,444,176,2004,as,as,False,emptiness,-0.0018830816469191773,0.0018830816469191773,0.24864429235458374,0.06192978844046593,0.35,0,0,901,FP32-token-IDs
MentalBERT,j97g2f,444,176,2004,as,as,False,hopelessness,-0.005971769946307748,0.005971769946307748,0.4583815634250641,0.3241725265979767,0.35,0,0,901,FP32-token-IDs
MentalBERT,j97g2f,444,176,2004,as,as,False,loneliness,-0.0027769900593614463,0.0027769900593614463,0.6244892477989197,0.18737603724002838,0.35,0,0,901,FP32-token-IDs
MentalBERT,j97g2f,444,176,2004,as,as,False,sadness,-0.0008294502697775469,0.0008294502697775469,0.4321674406528473,0.9576798677444458,0.35,1,1,901,FP32-token-IDs
MentalBERT,j97g2f,444,176,2004,as,as,False,suicide intent,-0.00031378499412562183,0.00031378499412562183,0.06991535425186157,0.01626262441277504,0.35,0,0,901,FP32-token-IDs
MentalBERT,j97g2f,444,176,2004,as,as,False,worthlessness,-0.004472834547963359,0.004472834547963359,0.4828818440437317,0.04357760027050972,0.35,0,0,901,FP32-token-IDs
MentalBERT,j97g2f,444,177,2092,well,well,False,anger,-0.0017376009651058006,0.0017376009651058006,0.2932449281215668,0.05900707468390465,0.35,0,0,901,FP32-token-IDs
MentalBERT,j97g2f,444,177,2092,well,well,False,brain dysfunction (forget),-0.0008789125777148715,0.0008789125777148715,0.23247233033180237,0.014720726758241653,0.35,0,0,901,FP32-token-IDs
MentalBERT,j97g2f,444,177,2092,well,well,False,emptiness,-0.0018830816469191773,0.0018830816469191773,0.24864429235458374,0.06192978844046593,0.35,0,0,901,FP32-token-IDs
MentalBERT,j97g2f,444,177,2092,well,well,False,hopelessness,-0.005971769946307748,0.005971769946307748,0.4583815634250641,0.3241725265979767,0.35,0,0,901,FP32-token-IDs
MentalBERT,j97g2f,444,177,2092,well,well,False,loneliness,-0.0027769900593614463,0.0027769900593614463,0.6244892477989197,0.18737603724002838,0.35,0,0,901,FP32-token-IDs
MentalBERT,j97g2f,444,177,2092,well,well,False,sadness,-0.0008294502697775469,0.0008294502697775469,0.4321674406528473,0.9576798677444458,0.35,1,1,901,FP32-token-IDs
MentalBERT,j97g2f,444,177,2092,well,well,False,suicide intent,-0.00031378499412562183,0.00031378499412562183,0.06991535425186157,0.01626262441277504,0.35,0,0,901,FP32-token-IDs
MentalBERT,j97g2f,444,177,2092,well,well,False,worthlessness,-0.004472834547963359,0.004472834547963359,0.4828818440437317,0.04357760027050972,0.35,0,0,901,FP32-token-IDs
MentalBERT,j97g2f,444,178,2004,as,as,False,anger,-0.0017376009651058006,0.0017376009651058006,0.2932449281215668,0.05900707468390465,0.35,0,0,901,FP32-token-IDs
MentalBERT,j97g2f,444,178,2004,as,as,False,brain dysfunction (forget),-0.0008789125777148715,0.0008789125777148715,0.23247233033180237,0.014720726758241653,0.35,0,0,901,FP32-token-IDs
MentalBERT,j97g2f,444,178,2004,as,as,False,emptiness,-0.0018830816469191773,0.0018830816469191773,0.24864429235458374,0.06192978844046593,0.35,0,0,901,FP32-token-IDs
MentalBERT,j97g2f,444,178,2004,as,as,False,hopelessness,-0.005971769946307748,0.005971769946307748,0.4583815634250641,0.3241725265979767,0.35,0,0,901,FP32-token-IDs
MentalBERT,j97g2f,444,178,2004,as,as,False,loneliness,-0.0027769900593614463,0.0027769900593614463,0.6244892477989197,0.18737603724002838,0.35,0,0,901,FP32-token-IDs
MentalBERT,j97g2f,444,178,2004,as,as,False,sadness,-0.0008294502697775469,0.0008294502697775469,0.4321674406528473,0.9576798677444458,0.35,1,1,901,FP32-token-IDs
MentalBERT,j97g2f,444,178,2004,as,as,False,suicide intent,-0.00031378499412562183,0.00031378499412562183,0.06991535425186157,0.01626262441277504,0.35,0,0,901,FP32-token-IDs
MentalBERT,j97g2f,444,178,2004,as,as,False,worthlessness,-0.004472834547963359,0.004472834547963359,0.4828818440437317,0.04357760027050972,0.35,0,0,901,FP32-token-IDs
MentalBERT,j97g2f,444,179,1010,",",",",False,anger,-0.0015812772291931597,0.0015812772291931597,0.2932449281215668,0.05900707468390465,0.35,0,0,901,FP32-token-IDs
MentalBERT,j97g2f,444,179,1010,",",",",False,brain dysfunction (forget),-0.0008711351222968112,0.0008711351222968112,0.23247233033180237,0.014720726758241653,0.35,0,0,901,FP32-token-IDs
MentalBERT,j97g2f,444,179,1010,",",",",False,emptiness,-0.0016634964281419182,0.0016634964281419182,0.24864429235458374,0.06192978844046593,0.35,0,0,901,FP32-token-IDs
MentalBERT,j97g2f,444,179,1010,",",",",False,hopelessness,-0.005042500627528438,0.005042500627528438,0.4583815634250641,0.3241725265979767,0.35,0,0,901,FP32-token-IDs
MentalBERT,j97g2f,444,179,1010,",",",",False,loneliness,-0.0021291710792438073,0.0021291710792438073,0.6244892477989197,0.18737603724002838,0.35,0,0,901,FP32-token-IDs
MentalBERT,j97g2f,444,179,1010,",",",",False,sadness,-0.0008091586135218248,0.0008091586135218248,0.4321674406528473,0.9576798677444458,0.35,1,1,901,FP32-token-IDs
MentalBERT,j97g2f,444,179,1010,",",",",False,suicide intent,-0.0003224623981890652,0.0003224623981890652,0.06991535425186157,0.01626262441277504,0.35,0,0,901,FP32-token-IDs
MentalBERT,j97g2f,444,179,1010,",",",",False,worthlessness,-0.003742540434605497,0.003742540434605497,0.4828818440437317,0.04357760027050972,0.35,0,0,901,FP32-token-IDs
MentalBERT,j97g2f,444,180,20788,juno,juno,False,anger,-0.0077065508390375065,0.0077065508390375065,0.2932449281215668,0.05900707468390465,0.35,0,0,901,FP32-token-IDs
MentalBERT,j97g2f,444,180,20788,juno,juno,False,brain dysfunction (forget),-0.0016894835605124972,0.0016894835605124972,0.23247233033180237,0.014720726758241653,0.35,0,0,901,FP32-token-IDs
MentalBERT,j97g2f,444,180,20788,juno,juno,False,emptiness,-0.0021188405455880555,0.0021188405455880555,0.24864429235458374,0.06192978844046593,0.35,0,0,901,FP32-token-IDs
MentalBERT,j97g2f,444,180,20788,juno,juno,False,hopelessness,-0.010063739720124136,0.010063739720124136,0.4583815634250641,0.3241725265979767,0.35,0,0,901,FP32-token-IDs
MentalBERT,j97g2f,444,180,20788,juno,juno,False,loneliness,0.004812144924800436,0.004812144924800436,0.6244892477989197,0.18737603724002838,0.35,0,0,901,FP32-token-IDs
MentalBERT,j97g2f,444,180,20788,juno,juno,False,sadness,-0.0009004869002650599,0.0009004869002650599,0.4321674406528473,0.9576798677444458,0.35,1,1,901,FP32-token-IDs
MentalBERT,j97g2f,444,180,20788,juno,juno,False,suicide intent,-0.0005437380735989379,0.0005437380735989379,0.06991535425186157,0.01626262441277504,0.35,0,0,901,FP32-token-IDs
MentalBERT,j97g2f,444,180,20788,juno,juno,False,worthlessness,-0.01197276828081428,0.01197276828081428,0.4828818440437317,0.04357760027050972,0.35,0,0,901,FP32-token-IDs
MentalBERT,j97g2f,444,181,9349,clinic,clinic,False,anger,-0.0077065508390375065,0.0077065508390375065,0.2932449281215668,0.05900707468390465,0.35,0,0,901,FP32-token-IDs
MentalBERT,j97g2f,444,181,9349,clinic,clinic,False,brain dysfunction (forget),-0.0016894835605124972,0.0016894835605124972,0.23247233033180237,0.014720726758241653,0.35,0,0,901,FP32-token-IDs
MentalBERT,j97g2f,444,181,9349,clinic,clinic,False,emptiness,-0.0021188405455880555,0.0021188405455880555,0.24864429235458374,0.06192978844046593,0.35,0,0,901,FP32-token-IDs
MentalBERT,j97g2f,444,181,9349,clinic,clinic,False,hopelessness,-0.010063739720124136,0.010063739720124136,0.4583815634250641,0.3241725265979767,0.35,0,0,901,FP32-token-IDs
MentalBERT,j97g2f,444,181,9349,clinic,clinic,False,loneliness,0.004812144924800436,0.004812144924800436,0.6244892477989197,0.18737603724002838,0.35,0,0,901,FP32-token-IDs
MentalBERT,j97g2f,444,181,9349,clinic,clinic,False,sadness,-0.0009004869002650599,0.0009004869002650599,0.4321674406528473,0.9576798677444458,0.35,1,1,901,FP32-token-IDs
MentalBERT,j97g2f,444,181,9349,clinic,clinic,False,suicide intent,-0.0005437380735989379,0.0005437380735989379,0.06991535425186157,0.01626262441277504,0.35,0,0,901,FP32-token-IDs
MentalBERT,j97g2f,444,181,9349,clinic,clinic,False,worthlessness,-0.01197276828081428,0.01197276828081428,0.4828818440437317,0.04357760027050972,0.35,0,0,901,FP32-token-IDs
MentalBERT,j97g2f,444,182,1998,and,and,False,anger,-0.002305046205554961,0.002305046205554961,0.2932449281215668,0.05900707468390465,0.35,0,0,901,FP32-token-IDs
MentalBERT,j97g2f,444,182,1998,and,and,False,brain dysfunction (forget),-0.0014338093348850525,0.0014338093348850525,0.23247233033180237,0.014720726758241653,0.35,0,0,901,FP32-token-IDs
MentalBERT,j97g2f,444,182,1998,and,and,False,emptiness,-0.0017929621619962844,0.0017929621619962844,0.24864429235458374,0.06192978844046593,0.35,0,0,901,FP32-token-IDs
MentalBERT,j97g2f,444,182,1998,and,and,False,hopelessness,-0.0052267658695088134,0.0052267658695088134,0.4583815634250641,0.3241725265979767,0.35,0,0,901,FP32-token-IDs
MentalBERT,j97g2f,444,182,1998,and,and,False,loneliness,0.0016700171575951975,0.0016700171575951975,0.6244892477989197,0.18737603724002838,0.35,0,0,901,FP32-token-IDs
MentalBERT,j97g2f,444,182,1998,and,and,False,sadness,-9.914016982420486e-05,9.914016982420486e-05,0.4321674406528473,0.9576798677444458,0.35,1,1,901,FP32-token-IDs
MentalBERT,j97g2f,444,182,1998,and,and,False,suicide intent,-0.0002495121428969966,0.0002495121428969966,0.06991535425186157,0.01626262441277504,0.35,0,0,901,FP32-token-IDs
MentalBERT,j97g2f,444,182,1998,and,and,False,worthlessness,-0.005440674421536614,0.005440674421536614,0.4828818440437317,0.04357760027050972,0.35,0,0,901,FP32-token-IDs
MentalBERT,j97g2f,444,183,9617,ana,ana,False,anger,-0.0008692189939228781,0.0008692189939228781,0.2932449281215668,0.05900707468390465,0.35,0,0,901,FP32-token-IDs
MentalBERT,j97g2f,444,183,9617,ana,ana,False,brain dysfunction (forget),-0.0006061363756573166,0.0006061363756573166,0.23247233033180237,0.014720726758241653,0.35,0,0,901,FP32-token-IDs
MentalBERT,j97g2f,444,183,9617,ana,ana,False,emptiness,-0.0019521153723059289,0.0019521153723059289,0.24864429235458374,0.06192978844046593,0.35,0,0,901,FP32-token-IDs
MentalBERT,j97g2f,444,183,9617,ana,ana,False,hopelessness,-0.006327571224744748,0.006327571224744748,0.4583815634250641,0.3241725265979767,0.35,0,0,901,FP32-token-IDs
MentalBERT,j97g2f,444,183,9617,ana,ana,False,loneliness,0.002089129235198935,0.002089129235198935,0.6244892477989197,0.18737603724002838,0.35,0,0,901,FP32-token-IDs
MentalBERT,j97g2f,444,183,9617,ana,ana,False,sadness,-0.000722860557441952,0.000722860557441952,0.4321674406528473,0.9576798677444458,0.35,1,1,901,FP32-token-IDs
MentalBERT,j97g2f,444,183,9617,ana,ana,False,suicide intent,-0.00025833217028159314,0.00025833217028159314,0.06991535425186157,0.01626262441277504,0.35,0,0,901,FP32-token-IDs
MentalBERT,j97g2f,444,183,9617,ana,ana,False,worthlessness,-0.006333243771304874,0.006333243771304874,0.4828818440437317,0.04357760027050972,0.35,0,0,901,FP32-token-IDs
MentalBERT,j97g2f,444,184,2696,##ta,ta,False,anger,-0.0008692189939228781,0.0008692189939228781,0.2932449281215668,0.05900707468390465,0.35,0,0,901,FP32-token-IDs
MentalBERT,j97g2f,444,184,2696,##ta,ta,False,brain dysfunction (forget),-0.0006061363756573166,0.0006061363756573166,0.23247233033180237,0.014720726758241653,0.35,0,0,901,FP32-token-IDs
MentalBERT,j97g2f,444,184,2696,##ta,ta,False,emptiness,-0.0019521153723059289,0.0019521153723059289,0.24864429235458374,0.06192978844046593,0.35,0,0,901,FP32-token-IDs
MentalBERT,j97g2f,444,184,2696,##ta,ta,False,hopelessness,-0.006327571224744748,0.006327571224744748,0.4583815634250641,0.3241725265979767,0.35,0,0,901,FP32-token-IDs
MentalBERT,j97g2f,444,184,2696,##ta,ta,False,loneliness,0.002089129235198935,0.002089129235198935,0.6244892477989197,0.18737603724002838,0.35,0,0,901,FP32-token-IDs
MentalBERT,j97g2f,444,184,2696,##ta,ta,False,sadness,-0.000722860557441952,0.000722860557441952,0.4321674406528473,0.9576798677444458,0.35,1,1,901,FP32-token-IDs
MentalBERT,j97g2f,444,184,2696,##ta,ta,False,suicide intent,-0.00025833217028159314,0.00025833217028159314,0.06991535425186157,0.01626262441277504,0.35,0,0,901,FP32-token-IDs
MentalBERT,j97g2f,444,184,2696,##ta,ta,False,worthlessness,-0.006333243771304874,0.006333243771304874,0.4828818440437317,0.04357760027050972,0.35,0,0,901,FP32-token-IDs
MentalBERT,j97g2f,444,185,2522,co,co,False,anger,-0.0008692189939228781,0.0008692189939228781,0.2932449281215668,0.05900707468390465,0.35,0,0,901,FP32-token-IDs
MentalBERT,j97g2f,444,185,2522,co,co,False,brain dysfunction (forget),-0.0006061363756573166,0.0006061363756573166,0.23247233033180237,0.014720726758241653,0.35,0,0,901,FP32-token-IDs
MentalBERT,j97g2f,444,185,2522,co,co,False,emptiness,-0.0019521153723059289,0.0019521153723059289,0.24864429235458374,0.06192978844046593,0.35,0,0,901,FP32-token-IDs
MentalBERT,j97g2f,444,185,2522,co,co,False,hopelessness,-0.006327571224744748,0.006327571224744748,0.4583815634250641,0.3241725265979767,0.35,0,0,901,FP32-token-IDs
MentalBERT,j97g2f,444,185,2522,co,co,False,loneliness,0.002089129235198935,0.002089129235198935,0.6244892477989197,0.18737603724002838,0.35,0,0,901,FP32-token-IDs
MentalBERT,j97g2f,444,185,2522,co,co,False,sadness,-0.000722860557441952,0.000722860557441952,0.4321674406528473,0.9576798677444458,0.35,1,1,901,FP32-token-IDs
MentalBERT,j97g2f,444,185,2522,co,co,False,suicide intent,-0.00025833217028159314,0.00025833217028159314,0.06991535425186157,0.01626262441277504,0.35,0,0,901,FP32-token-IDs
MentalBERT,j97g2f,444,185,2522,co,co,False,worthlessness,-0.006333243771304874,0.006333243771304874,0.4828818440437317,0.04357760027050972,0.35,0,0,901,FP32-token-IDs
MentalBERT,j97g2f,444,186,1012,.,.,False,anger,5.287013824700434e-05,5.287013824700434e-05,0.2932449281215668,0.05900707468390465,0.35,0,0,901,FP32-token-IDs
MentalBERT,j97g2f,444,186,1012,.,.,False,brain dysfunction (forget),-0.00059125991391425,0.00059125991391425,0.23247233033180237,0.014720726758241653,0.35,0,0,901,FP32-token-IDs
MentalBERT,j97g2f,444,186,1012,.,.,False,emptiness,-0.001157186075285891,0.001157186075285891,0.24864429235458374,0.06192978844046593,0.35,0,0,901,FP32-token-IDs
MentalBERT,j97g2f,444,186,1012,.,.,False,hopelessness,-0.004444160686508447,0.004444160686508447,0.4583815634250641,0.3241725265979767,0.35,0,0,901,FP32-token-IDs
MentalBERT,j97g2f,444,186,1012,.,.,False,loneliness,0.0030457682618010443,0.0030457682618010443,0.6244892477989197,0.18737603724002838,0.35,0,0,901,FP32-token-IDs
MentalBERT,j97g2f,444,186,1012,.,.,False,sadness,-0.0006716527169992944,0.0006716527169992944,0.4321674406528473,0.9576798677444458,0.35,1,1,901,FP32-token-IDs
MentalBERT,j97g2f,444,186,1012,.,.,False,suicide intent,-0.00022214745548495066,0.00022214745548495066,0.06991535425186157,0.01626262441277504,0.35,0,0,901,FP32-token-IDs
MentalBERT,j97g2f,444,186,1012,.,.,False,worthlessness,-0.0039045215914996355,0.0039045215914996355,0.4828818440437317,0.04357760027050972,0.35,0,0,901,FP32-token-IDs
MentalBERT,j97g2f,444,187,3531,please,please,False,anger,-0.004859814420342445,0.004859814420342445,0.2932449281215668,0.05900707468390465,0.35,0,0,901,FP32-token-IDs
MentalBERT,j97g2f,444,187,3531,please,please,False,brain dysfunction (forget),0.0005342864897102118,0.0005342864897102118,0.23247233033180237,0.014720726758241653,0.35,0,0,901,FP32-token-IDs
MentalBERT,j97g2f,444,187,3531,please,please,False,emptiness,-0.003340988710988313,0.003340988710988313,0.24864429235458374,0.06192978844046593,0.35,0,0,901,FP32-token-IDs
MentalBERT,j97g2f,444,187,3531,please,please,False,hopelessness,-0.01244607413536869,0.01244607413536869,0.4583815634250641,0.3241725265979767,0.35,0,0,901,FP32-token-IDs
MentalBERT,j97g2f,444,187,3531,please,please,False,loneliness,-0.006508633377961814,0.006508633377961814,0.6244892477989197,0.18737603724002838,0.35,0,0,901,FP32-token-IDs
MentalBERT,j97g2f,444,187,3531,please,please,False,sadness,-0.0040237532230094075,0.0040237532230094075,0.4321674406528473,0.9576798677444458,0.35,1,1,901,FP32-token-IDs
MentalBERT,j97g2f,444,187,3531,please,please,False,suicide intent,7.138954242691398e-05,7.138954242691398e-05,0.06991535425186157,0.01626262441277504,0.35,0,0,901,FP32-token-IDs
MentalBERT,j97g2f,444,187,3531,please,please,False,worthlessness,-0.008230297302361578,0.008230297302361578,0.4828818440437317,0.04357760027050972,0.35,0,0,901,FP32-token-IDs
MentalBERT,j97g2f,444,188,3046,try,try,False,anger,-0.004859814420342445,0.004859814420342445,0.2932449281215668,0.05900707468390465,0.35,0,0,901,FP32-token-IDs
MentalBERT,j97g2f,444,188,3046,try,try,False,brain dysfunction (forget),0.0005342864897102118,0.0005342864897102118,0.23247233033180237,0.014720726758241653,0.35,0,0,901,FP32-token-IDs
MentalBERT,j97g2f,444,188,3046,try,try,False,emptiness,-0.003340988710988313,0.003340988710988313,0.24864429235458374,0.06192978844046593,0.35,0,0,901,FP32-token-IDs
MentalBERT,j97g2f,444,188,3046,try,try,False,hopelessness,-0.01244607413536869,0.01244607413536869,0.4583815634250641,0.3241725265979767,0.35,0,0,901,FP32-token-IDs
MentalBERT,j97g2f,444,188,3046,try,try,False,loneliness,-0.006508633377961814,0.006508633377961814,0.6244892477989197,0.18737603724002838,0.35,0,0,901,FP32-token-IDs
MentalBERT,j97g2f,444,188,3046,try,try,False,sadness,-0.0040237532230094075,0.0040237532230094075,0.4321674406528473,0.9576798677444458,0.35,1,1,901,FP32-token-IDs
MentalBERT,j97g2f,444,188,3046,try,try,False,suicide intent,7.138954242691398e-05,7.138954242691398e-05,0.06991535425186157,0.01626262441277504,0.35,0,0,901,FP32-token-IDs
MentalBERT,j97g2f,444,188,3046,try,try,False,worthlessness,-0.008230297302361578,0.008230297302361578,0.4828818440437317,0.04357760027050972,0.35,0,0,901,FP32-token-IDs
MentalBERT,j97g2f,444,189,2009,it,it,False,anger,-0.00232305855024606,0.00232305855024606,0.2932449281215668,0.05900707468390465,0.35,0,0,901,FP32-token-IDs
MentalBERT,j97g2f,444,189,2009,it,it,False,brain dysfunction (forget),0.0006049031508155167,0.0006049031508155167,0.23247233033180237,0.014720726758241653,0.35,0,0,901,FP32-token-IDs
MentalBERT,j97g2f,444,189,2009,it,it,False,emptiness,-0.002021312539000064,0.002021312539000064,0.24864429235458374,0.06192978844046593,0.35,0,0,901,FP32-token-IDs
MentalBERT,j97g2f,444,189,2009,it,it,False,hopelessness,-0.007820645667379722,0.007820645667379722,0.4583815634250641,0.3241725265979767,0.35,0,0,901,FP32-token-IDs
MentalBERT,j97g2f,444,189,2009,it,it,False,loneliness,-0.006082499749027193,0.006082499749027193,0.6244892477989197,0.18737603724002838,0.35,0,0,901,FP32-token-IDs
MentalBERT,j97g2f,444,189,2009,it,it,False,sadness,-0.002986745093949139,0.002986745093949139,0.4321674406528473,0.9576798677444458,0.35,1,1,901,FP32-token-IDs
MentalBERT,j97g2f,444,189,2009,it,it,False,suicide intent,-2.920490805990994e-05,2.920490805990994e-05,0.06991535425186157,0.01626262441277504,0.35,0,0,901,FP32-token-IDs
MentalBERT,j97g2f,444,189,2009,it,it,False,worthlessness,-0.003276898933108896,0.003276898933108896,0.4828818440437317,0.04357760027050972,0.35,0,0,901,FP32-token-IDs
MentalBERT,j97g2f,444,190,2041,out,out,False,anger,-0.00232305855024606,0.00232305855024606,0.2932449281215668,0.05900707468390465,0.35,0,0,901,FP32-token-IDs
MentalBERT,j97g2f,444,190,2041,out,out,False,brain dysfunction (forget),0.0006049031508155167,0.0006049031508155167,0.23247233033180237,0.014720726758241653,0.35,0,0,901,FP32-token-IDs
MentalBERT,j97g2f,444,190,2041,out,out,False,emptiness,-0.002021312539000064,0.002021312539000064,0.24864429235458374,0.06192978844046593,0.35,0,0,901,FP32-token-IDs
MentalBERT,j97g2f,444,190,2041,out,out,False,hopelessness,-0.007820645667379722,0.007820645667379722,0.4583815634250641,0.3241725265979767,0.35,0,0,901,FP32-token-IDs
MentalBERT,j97g2f,444,190,2041,out,out,False,loneliness,-0.006082499749027193,0.006082499749027193,0.6244892477989197,0.18737603724002838,0.35,0,0,901,FP32-token-IDs
MentalBERT,j97g2f,444,190,2041,out,out,False,sadness,-0.002986745093949139,0.002986745093949139,0.4321674406528473,0.9576798677444458,0.35,1,1,901,FP32-token-IDs
MentalBERT,j97g2f,444,190,2041,out,out,False,suicide intent,-2.920490805990994e-05,2.920490805990994e-05,0.06991535425186157,0.01626262441277504,0.35,0,0,901,FP32-token-IDs
MentalBERT,j97g2f,444,190,2041,out,out,False,worthlessness,-0.003276898933108896,0.003276898933108896,0.4828818440437317,0.04357760027050972,0.35,0,0,901,FP32-token-IDs
MentalBERT,j97g2f,444,191,2012,at,at,False,anger,-0.005588122313686957,0.005588122313686957,0.2932449281215668,0.05900707468390465,0.35,0,0,901,FP32-token-IDs
MentalBERT,j97g2f,444,191,2012,at,at,False,brain dysfunction (forget),0.0006371541821863502,0.0006371541821863502,0.23247233033180237,0.014720726758241653,0.35,0,0,901,FP32-token-IDs
MentalBERT,j97g2f,444,191,2012,at,at,False,emptiness,-0.0017583224495562415,0.0017583224495562415,0.24864429235458374,0.06192978844046593,0.35,0,0,901,FP32-token-IDs
MentalBERT,j97g2f,444,191,2012,at,at,False,hopelessness,-0.00954593664694888,0.00954593664694888,0.4583815634250641,0.3241725265979767,0.35,0,0,901,FP32-token-IDs
MentalBERT,j97g2f,444,191,2012,at,at,False,loneliness,-0.0010516924085095525,0.0010516924085095525,0.6244892477989197,0.18737603724002838,0.35,0,0,901,FP32-token-IDs
MentalBERT,j97g2f,444,191,2012,at,at,False,sadness,-0.0031182897510007024,0.0031182897510007024,0.4321674406528473,0.9576798677444458,0.35,1,1,901,FP32-token-IDs
MentalBERT,j97g2f,444,191,2012,at,at,False,suicide intent,0.00016417498409282416,0.00016417498409282416,0.06991535425186157,0.01626262441277504,0.35,0,0,901,FP32-token-IDs
MentalBERT,j97g2f,444,191,2012,at,at,False,worthlessness,-0.00849877189223965,0.00849877189223965,0.4828818440437317,0.04357760027050972,0.35,0,0,901,FP32-token-IDs
MentalBERT,j97g2f,444,192,1031,[,[,False,anger,-0.005588122313686957,0.005588122313686957,0.2932449281215668,0.05900707468390465,0.35,0,0,901,FP32-token-IDs
MentalBERT,j97g2f,444,192,1031,[,[,False,brain dysfunction (forget),0.0006371541821863502,0.0006371541821863502,0.23247233033180237,0.014720726758241653,0.35,0,0,901,FP32-token-IDs
MentalBERT,j97g2f,444,192,1031,[,[,False,emptiness,-0.0017583224495562415,0.0017583224495562415,0.24864429235458374,0.06192978844046593,0.35,0,0,901,FP32-token-IDs
MentalBERT,j97g2f,444,192,1031,[,[,False,hopelessness,-0.00954593664694888,0.00954593664694888,0.4583815634250641,0.3241725265979767,0.35,0,0,901,FP32-token-IDs
MentalBERT,j97g2f,444,192,1031,[,[,False,loneliness,-0.0010516924085095525,0.0010516924085095525,0.6244892477989197,0.18737603724002838,0.35,0,0,901,FP32-token-IDs
MentalBERT,j97g2f,444,192,1031,[,[,False,sadness,-0.0031182897510007024,0.0031182897510007024,0.4321674406528473,0.9576798677444458,0.35,1,1,901,FP32-token-IDs
MentalBERT,j97g2f,444,192,1031,[,[,False,suicide intent,0.00016417498409282416,0.00016417498409282416,0.06991535425186157,0.01626262441277504,0.35,0,0,901,FP32-token-IDs
MentalBERT,j97g2f,444,192,1031,[,[,False,worthlessness,-0.00849877189223965,0.00849877189223965,0.4828818440437317,0.04357760027050972,0.35,0,0,901,FP32-token-IDs
MentalBERT,j97g2f,444,193,7479,www,www,False,anger,-0.005588122313686957,0.005588122313686957,0.2932449281215668,0.05900707468390465,0.35,0,0,901,FP32-token-IDs
MentalBERT,j97g2f,444,193,7479,www,www,False,brain dysfunction (forget),0.0006371541821863502,0.0006371541821863502,0.23247233033180237,0.014720726758241653,0.35,0,0,901,FP32-token-IDs
MentalBERT,j97g2f,444,193,7479,www,www,False,emptiness,-0.0017583224495562415,0.0017583224495562415,0.24864429235458374,0.06192978844046593,0.35,0,0,901,FP32-token-IDs
MentalBERT,j97g2f,444,193,7479,www,www,False,hopelessness,-0.00954593664694888,0.00954593664694888,0.4583815634250641,0.3241725265979767,0.35,0,0,901,FP32-token-IDs
MentalBERT,j97g2f,444,193,7479,www,www,False,loneliness,-0.0010516924085095525,0.0010516924085095525,0.6244892477989197,0.18737603724002838,0.35,0,0,901,FP32-token-IDs
MentalBERT,j97g2f,444,193,7479,www,www,False,sadness,-0.0031182897510007024,0.0031182897510007024,0.4321674406528473,0.9576798677444458,0.35,1,1,901,FP32-token-IDs
MentalBERT,j97g2f,444,193,7479,www,www,False,suicide intent,0.00016417498409282416,0.00016417498409282416,0.06991535425186157,0.01626262441277504,0.35,0,0,901,FP32-token-IDs
MentalBERT,j97g2f,444,193,7479,www,www,False,worthlessness,-0.00849877189223965,0.00849877189223965,0.4828818440437317,0.04357760027050972,0.35,0,0,901,FP32-token-IDs
MentalBERT,j97g2f,444,194,1012,.,.,False,anger,-0.0022704362054355443,0.0022704362054355443,0.2932449281215668,0.05900707468390465,0.35,0,0,901,FP32-token-IDs
MentalBERT,j97g2f,444,194,1012,.,.,False,brain dysfunction (forget),0.0003856662951875478,0.0003856662951875478,0.23247233033180237,0.014720726758241653,0.35,0,0,901,FP32-token-IDs
MentalBERT,j97g2f,444,194,1012,.,.,False,emptiness,-0.00020646787015721202,0.00020646787015721202,0.24864429235458374,0.06192978844046593,0.35,0,0,901,FP32-token-IDs
MentalBERT,j97g2f,444,194,1012,.,.,False,hopelessness,-0.003775749442866072,0.003775749442866072,0.4583815634250641,0.3241725265979767,0.35,0,0,901,FP32-token-IDs
MentalBERT,j97g2f,444,194,1012,.,.,False,loneliness,-0.0006398615660145879,0.0006398615660145879,0.6244892477989197,0.18737603724002838,0.35,0,0,901,FP32-token-IDs
MentalBERT,j97g2f,444,194,1012,.,.,False,sadness,-0.001452481490559876,0.001452481490559876,0.4321674406528473,0.9576798677444458,0.35,1,1,901,FP32-token-IDs
MentalBERT,j97g2f,444,194,1012,.,.,False,suicide intent,0.00010741384176071733,0.00010741384176071733,0.06991535425186157,0.01626262441277504,0.35,0,0,901,FP32-token-IDs
MentalBERT,j97g2f,444,194,1012,.,.,False,worthlessness,-0.0017499590758234262,0.0017499590758234262,0.4828818440437317,0.04357760027050972,0.35,0,0,901,FP32-token-IDs
MentalBERT,j97g2f,444,195,27118,ina,ina,False,anger,0.0009419406220937768,0.0009419406220937768,0.2932449281215668,0.05900707468390465,0.35,0,0,901,FP32-token-IDs
MentalBERT,j97g2f,444,195,27118,ina,ina,False,brain dysfunction (forget),0.0011060255856136791,0.0011060255856136791,0.23247233033180237,0.014720726758241653,0.35,0,0,901,FP32-token-IDs
MentalBERT,j97g2f,444,195,27118,ina,ina,False,emptiness,-0.0003620313946157694,0.0003620313946157694,0.24864429235458374,0.06192978844046593,0.35,0,0,901,FP32-token-IDs
MentalBERT,j97g2f,444,195,27118,ina,ina,False,hopelessness,-0.0009651205327827483,0.0009651205327827483,0.4583815634250641,0.3241725265979767,0.35,0,0,901,FP32-token-IDs
MentalBERT,j97g2f,444,195,27118,ina,ina,False,loneliness,-0.004268881127548715,0.004268881127548715,0.6244892477989197,0.18737603724002838,0.35,0,0,901,FP32-token-IDs
MentalBERT,j97g2f,444,195,27118,ina,ina,False,sadness,-6.63861089075605e-05,6.63861089075605e-05,0.4321674406528473,0.9576798677444458,0.35,1,1,901,FP32-token-IDs
MentalBERT,j97g2f,444,195,27118,ina,ina,False,suicide intent,9.58630844252184e-05,9.58630844252184e-05,0.06991535425186157,0.01626262441277504,0.35,0,0,901,FP32-token-IDs
MentalBERT,j97g2f,444,195,27118,ina,ina,False,worthlessness,2.2272210723410048e-05,2.2272210723410048e-05,0.4828818440437317,0.04357760027050972,0.35,0,0,901,FP32-token-IDs
MentalBERT,j97g2f,444,196,3148,##ya,ya,False,anger,0.0009419406220937768,0.0009419406220937768,0.2932449281215668,0.05900707468390465,0.35,0,0,901,FP32-token-IDs
MentalBERT,j97g2f,444,196,3148,##ya,ya,False,brain dysfunction (forget),0.0011060255856136791,0.0011060255856136791,0.23247233033180237,0.014720726758241653,0.35,0,0,901,FP32-token-IDs
MentalBERT,j97g2f,444,196,3148,##ya,ya,False,emptiness,-0.0003620313946157694,0.0003620313946157694,0.24864429235458374,0.06192978844046593,0.35,0,0,901,FP32-token-IDs
MentalBERT,j97g2f,444,196,3148,##ya,ya,False,hopelessness,-0.0009651205327827483,0.0009651205327827483,0.4583815634250641,0.3241725265979767,0.35,0,0,901,FP32-token-IDs
MentalBERT,j97g2f,444,196,3148,##ya,ya,False,loneliness,-0.004268881127548715,0.004268881127548715,0.6244892477989197,0.18737603724002838,0.35,0,0,901,FP32-token-IDs
MentalBERT,j97g2f,444,196,3148,##ya,ya,False,sadness,-6.63861089075605e-05,6.63861089075605e-05,0.4321674406528473,0.9576798677444458,0.35,1,1,901,FP32-token-IDs
MentalBERT,j97g2f,444,196,3148,##ya,ya,False,suicide intent,9.58630844252184e-05,9.58630844252184e-05,0.06991535425186157,0.01626262441277504,0.35,0,0,901,FP32-token-IDs
MentalBERT,j97g2f,444,196,3148,##ya,ya,False,worthlessness,2.2272210723410048e-05,2.2272210723410048e-05,0.4828818440437317,0.04357760027050972,0.35,0,0,901,FP32-token-IDs
MentalBERT,j97g2f,444,197,8663,##con,con,False,anger,0.0009419406220937768,0.0009419406220937768,0.2932449281215668,0.05900707468390465,0.35,0,0,901,FP32-token-IDs
MentalBERT,j97g2f,444,197,8663,##con,con,False,brain dysfunction (forget),0.0011060255856136791,0.0011060255856136791,0.23247233033180237,0.014720726758241653,0.35,0,0,901,FP32-token-IDs
MentalBERT,j97g2f,444,197,8663,##con,con,False,emptiness,-0.0003620313946157694,0.0003620313946157694,0.24864429235458374,0.06192978844046593,0.35,0,0,901,FP32-token-IDs
MentalBERT,j97g2f,444,197,8663,##con,con,False,hopelessness,-0.0009651205327827483,0.0009651205327827483,0.4583815634250641,0.3241725265979767,0.35,0,0,901,FP32-token-IDs
MentalBERT,j97g2f,444,197,8663,##con,con,False,loneliness,-0.004268881127548714,0.004268881127548714,0.6244892477989197,0.18737603724002838,0.35,0,0,901,FP32-token-IDs
MentalBERT,j97g2f,444,197,8663,##con,con,False,sadness,-6.638610890756051e-05,6.638610890756051e-05,0.4321674406528473,0.9576798677444458,0.35,1,1,901,FP32-token-IDs
MentalBERT,j97g2f,444,197,8663,##con,con,False,suicide intent,9.58630844252184e-05,9.58630844252184e-05,0.06991535425186157,0.01626262441277504,0.35,0,0,901,FP32-token-IDs
MentalBERT,j97g2f,444,197,8663,##con,con,False,worthlessness,2.227221072341005e-05,2.227221072341005e-05,0.4828818440437317,0.04357760027050972,0.35,0,0,901,FP32-token-IDs
MentalBERT,j97g2f,444,198,2638,##ne,ne,False,anger,0.0009419406220937768,0.0009419406220937768,0.2932449281215668,0.05900707468390465,0.35,0,0,901,FP32-token-IDs
MentalBERT,j97g2f,444,198,2638,##ne,ne,False,brain dysfunction (forget),0.0011060255856136791,0.0011060255856136791,0.23247233033180237,0.014720726758241653,0.35,0,0,901,FP32-token-IDs
MentalBERT,j97g2f,444,198,2638,##ne,ne,False,emptiness,-0.0003620313946157694,0.0003620313946157694,0.24864429235458374,0.06192978844046593,0.35,0,0,901,FP32-token-IDs
MentalBERT,j97g2f,444,198,2638,##ne,ne,False,hopelessness,-0.0009651205327827483,0.0009651205327827483,0.4583815634250641,0.3241725265979767,0.35,0,0,901,FP32-token-IDs
MentalBERT,j97g2f,444,198,2638,##ne,ne,False,loneliness,-0.004268881127548714,0.004268881127548714,0.6244892477989197,0.18737603724002838,0.35,0,0,901,FP32-token-IDs
MentalBERT,j97g2f,444,198,2638,##ne,ne,False,sadness,-6.638610890756051e-05,6.638610890756051e-05,0.4321674406528473,0.9576798677444458,0.35,1,1,901,FP32-token-IDs
MentalBERT,j97g2f,444,198,2638,##ne,ne,False,suicide intent,9.58630844252184e-05,9.58630844252184e-05,0.06991535425186157,0.01626262441277504,0.35,0,0,901,FP32-token-IDs
MentalBERT,j97g2f,444,198,2638,##ne,ne,False,worthlessness,2.227221072341005e-05,2.227221072341005e-05,0.4828818440437317,0.04357760027050972,0.35,0,0,901,FP32-token-IDs
MentalBERT,j97g2f,444,199,6593,##ct,ct,False,anger,0.0009419406220937768,0.0009419406220937768,0.2932449281215668,0.05900707468390465,0.35,0,0,901,FP32-token-IDs
MentalBERT,j97g2f,444,199,6593,##ct,ct,False,brain dysfunction (forget),0.0011060255856136791,0.0011060255856136791,0.23247233033180237,0.014720726758241653,0.35,0,0,901,FP32-token-IDs
MentalBERT,j97g2f,444,199,6593,##ct,ct,False,emptiness,-0.0003620313946157694,0.0003620313946157694,0.24864429235458374,0.06192978844046593,0.35,0,0,901,FP32-token-IDs
MentalBERT,j97g2f,444,199,6593,##ct,ct,False,hopelessness,-0.0009651205327827483,0.0009651205327827483,0.4583815634250641,0.3241725265979767,0.35,0,0,901,FP32-token-IDs
MentalBERT,j97g2f,444,199,6593,##ct,ct,False,loneliness,-0.004268881127548714,0.004268881127548714,0.6244892477989197,0.18737603724002838,0.35,0,0,901,FP32-token-IDs
MentalBERT,j97g2f,444,199,6593,##ct,ct,False,sadness,-6.638610890756051e-05,6.638610890756051e-05,0.4321674406528473,0.9576798677444458,0.35,1,1,901,FP32-token-IDs
MentalBERT,j97g2f,444,199,6593,##ct,ct,False,suicide intent,9.58630844252184e-05,9.58630844252184e-05,0.06991535425186157,0.01626262441277504,0.35,0,0,901,FP32-token-IDs
MentalBERT,j97g2f,444,199,6593,##ct,ct,False,worthlessness,2.227221072341005e-05,2.227221072341005e-05,0.4828818440437317,0.04357760027050972,0.35,0,0,901,FP32-token-IDs
MentalBERT,j97g2f,444,200,1012,.,.,False,anger,0.0009419406220937768,0.0009419406220937768,0.2932449281215668,0.05900707468390465,0.35,0,0,901,FP32-token-IDs
MentalBERT,j97g2f,444,200,1012,.,.,False,brain dysfunction (forget),0.0011060255856136791,0.0011060255856136791,0.23247233033180237,0.014720726758241653,0.35,0,0,901,FP32-token-IDs
MentalBERT,j97g2f,444,200,1012,.,.,False,emptiness,-0.0003620313946157694,0.0003620313946157694,0.24864429235458374,0.06192978844046593,0.35,0,0,901,FP32-token-IDs
MentalBERT,j97g2f,444,200,1012,.,.,False,hopelessness,-0.0009651205327827483,0.0009651205327827483,0.4583815634250641,0.3241725265979767,0.35,0,0,901,FP32-token-IDs
MentalBERT,j97g2f,444,200,1012,.,.,False,loneliness,-0.004268881127548714,0.004268881127548714,0.6244892477989197,0.18737603724002838,0.35,0,0,901,FP32-token-IDs
MentalBERT,j97g2f,444,200,1012,.,.,False,sadness,-6.638610890756051e-05,6.638610890756051e-05,0.4321674406528473,0.9576798677444458,0.35,1,1,901,FP32-token-IDs
MentalBERT,j97g2f,444,200,1012,.,.,False,suicide intent,9.58630844252184e-05,9.58630844252184e-05,0.06991535425186157,0.01626262441277504,0.35,0,0,901,FP32-token-IDs
MentalBERT,j97g2f,444,200,1012,.,.,False,worthlessness,2.227221072341005e-05,2.227221072341005e-05,0.4828818440437317,0.04357760027050972,0.35,0,0,901,FP32-token-IDs
MentalBERT,j97g2f,444,201,4012,com,com,False,anger,-0.008176955743692815,0.008176955743692815,0.2932449281215668,0.05900707468390465,0.35,0,0,901,FP32-token-IDs
MentalBERT,j97g2f,444,201,4012,com,com,False,brain dysfunction (forget),-0.001279619689739775,0.001279619689739775,0.23247233033180237,0.014720726758241653,0.35,0,0,901,FP32-token-IDs
MentalBERT,j97g2f,444,201,4012,com,com,False,emptiness,-0.0033668566029518843,0.0033668566029518843,0.24864429235458374,0.06192978844046593,0.35,0,0,901,FP32-token-IDs
MentalBERT,j97g2f,444,201,4012,com,com,False,hopelessness,-0.013437317014904693,0.013437317014904693,0.4583815634250641,0.3241725265979767,0.35,0,0,901,FP32-token-IDs
MentalBERT,j97g2f,444,201,4012,com,com,False,loneliness,-0.002156435395590961,0.002156435395590961,0.6244892477989197,0.18737603724002838,0.35,0,0,901,FP32-token-IDs
MentalBERT,j97g2f,444,201,4012,com,com,False,sadness,-0.0027656633174046874,0.0027656633174046874,0.4321674406528473,0.9576798677444458,0.35,1,1,901,FP32-token-IDs
MentalBERT,j97g2f,444,201,4012,com,com,False,suicide intent,-0.0003555137518560514,0.0003555137518560514,0.06991535425186157,0.01626262441277504,0.35,0,0,901,FP32-token-IDs
MentalBERT,j97g2f,444,201,4012,com,com,False,worthlessness,-0.014303374162409455,0.014303374162409455,0.4828818440437317,0.04357760027050972,0.35,0,0,901,FP32-token-IDs
MentalBERT,j97g2f,444,202,1033,],],False,anger,-0.006717132753692567,0.006717132753692567,0.2932449281215668,0.05900707468390465,0.35,0,0,901,FP32-token-IDs
MentalBERT,j97g2f,444,202,1033,],],False,brain dysfunction (forget),0.0002079884652630426,0.0002079884652630426,0.23247233033180237,0.014720726758241653,0.35,0,0,901,FP32-token-IDs
MentalBERT,j97g2f,444,202,1033,],],False,emptiness,-0.003950048005208373,0.003950048005208373,0.24864429235458374,0.06192978844046593,0.35,0,0,901,FP32-token-IDs
MentalBERT,j97g2f,444,202,1033,],],False,hopelessness,-0.011376229376764968,0.011376229376764968,0.4583815634250641,0.3241725265979767,0.35,0,0,901,FP32-token-IDs
MentalBERT,j97g2f,444,202,1033,],],False,loneliness,-0.003157273749820888,0.003157273749820888,0.6244892477989197,0.18737603724002838,0.35,0,0,901,FP32-token-IDs
MentalBERT,j97g2f,444,202,1033,],],False,sadness,-0.0032410373678430915,0.0032410373678430915,0.4321674406528473,0.9576798677444458,0.35,1,1,901,FP32-token-IDs
MentalBERT,j97g2f,444,202,1033,],],False,suicide intent,-0.0004896632599411532,0.0004896632599411532,0.06991535425186157,0.01626262441277504,0.35,0,0,901,FP32-token-IDs
MentalBERT,j97g2f,444,202,1033,],],False,worthlessness,-0.011925548373255879,0.011925548373255879,0.4828818440437317,0.04357760027050972,0.35,0,0,901,FP32-token-IDs
MentalBERT,j97g2f,444,203,1006,(,(,False,anger,-0.0008971797596175401,0.0008971797596175401,0.2932449281215668,0.05900707468390465,0.35,0,0,901,FP32-token-IDs
MentalBERT,j97g2f,444,203,1006,(,(,False,brain dysfunction (forget),-9.644308617377344e-05,9.644308617377344e-05,0.23247233033180237,0.014720726758241653,0.35,0,0,901,FP32-token-IDs
MentalBERT,j97g2f,444,203,1006,(,(,False,emptiness,-0.0007885861511264617,0.0007885861511264617,0.24864429235458374,0.06192978844046593,0.35,0,0,901,FP32-token-IDs
MentalBERT,j97g2f,444,203,1006,(,(,False,hopelessness,-0.00283609503198282,0.00283609503198282,0.4583815634250641,0.3241725265979767,0.35,0,0,901,FP32-token-IDs
MentalBERT,j97g2f,444,203,1006,(,(,False,loneliness,-0.002396757875214375,0.002396757875214375,0.6244892477989197,0.18737603724002838,0.35,0,0,901,FP32-token-IDs
MentalBERT,j97g2f,444,203,1006,(,(,False,sadness,-0.0005555772998680671,0.0005555772998680671,0.4321674406528473,0.9576798677444458,0.35,1,1,901,FP32-token-IDs
MentalBERT,j97g2f,444,203,1006,(,(,False,suicide intent,-6.44867491029713e-05,6.44867491029713e-05,0.06991535425186157,0.01626262441277504,0.35,0,0,901,FP32-token-IDs
MentalBERT,j97g2f,444,203,1006,(,(,False,worthlessness,-0.002914269250357479,0.002914269250357479,0.4828818440437317,0.04357760027050972,0.35,0,0,901,FP32-token-IDs
MentalBERT,j97g2f,444,204,8299,http,http,False,anger,-0.0008971797596175401,0.0008971797596175401,0.2932449281215668,0.05900707468390465,0.35,0,0,901,FP32-token-IDs
MentalBERT,j97g2f,444,204,8299,http,http,False,brain dysfunction (forget),-9.644308617377344e-05,9.644308617377344e-05,0.23247233033180237,0.014720726758241653,0.35,0,0,901,FP32-token-IDs
MentalBERT,j97g2f,444,204,8299,http,http,False,emptiness,-0.0007885861511264617,0.0007885861511264617,0.24864429235458374,0.06192978844046593,0.35,0,0,901,FP32-token-IDs
MentalBERT,j97g2f,444,204,8299,http,http,False,hopelessness,-0.00283609503198282,0.00283609503198282,0.4583815634250641,0.3241725265979767,0.35,0,0,901,FP32-token-IDs
MentalBERT,j97g2f,444,204,8299,http,http,False,loneliness,-0.002396757875214375,0.002396757875214375,0.6244892477989197,0.18737603724002838,0.35,0,0,901,FP32-token-IDs
MentalBERT,j97g2f,444,204,8299,http,http,False,sadness,-0.0005555772998680671,0.0005555772998680671,0.4321674406528473,0.9576798677444458,0.35,1,1,901,FP32-token-IDs
MentalBERT,j97g2f,444,204,8299,http,http,False,suicide intent,-6.44867491029713e-05,6.44867491029713e-05,0.06991535425186157,0.01626262441277504,0.35,0,0,901,FP32-token-IDs
MentalBERT,j97g2f,444,204,8299,http,http,False,worthlessness,-0.002914269250357479,0.002914269250357479,0.4828818440437317,0.04357760027050972,0.35,0,0,901,FP32-token-IDs
MentalBERT,j97g2f,444,205,1024,:,:,False,anger,-0.0008971797596175401,0.0008971797596175401,0.2932449281215668,0.05900707468390465,0.35,0,0,901,FP32-token-IDs
MentalBERT,j97g2f,444,205,1024,:,:,False,brain dysfunction (forget),-9.644308617377344e-05,9.644308617377344e-05,0.23247233033180237,0.014720726758241653,0.35,0,0,901,FP32-token-IDs
MentalBERT,j97g2f,444,205,1024,:,:,False,emptiness,-0.0007885861511264617,0.0007885861511264617,0.24864429235458374,0.06192978844046593,0.35,0,0,901,FP32-token-IDs
MentalBERT,j97g2f,444,205,1024,:,:,False,hopelessness,-0.00283609503198282,0.00283609503198282,0.4583815634250641,0.3241725265979767,0.35,0,0,901,FP32-token-IDs
MentalBERT,j97g2f,444,205,1024,:,:,False,loneliness,-0.002396757875214375,0.002396757875214375,0.6244892477989197,0.18737603724002838,0.35,0,0,901,FP32-token-IDs
MentalBERT,j97g2f,444,205,1024,:,:,False,sadness,-0.0005555772998680671,0.0005555772998680671,0.4321674406528473,0.9576798677444458,0.35,1,1,901,FP32-token-IDs
MentalBERT,j97g2f,444,205,1024,:,:,False,suicide intent,-6.44867491029713e-05,6.44867491029713e-05,0.06991535425186157,0.01626262441277504,0.35,0,0,901,FP32-token-IDs
MentalBERT,j97g2f,444,205,1024,:,:,False,worthlessness,-0.002914269250357479,0.002914269250357479,0.4828818440437317,0.04357760027050972,0.35,0,0,901,FP32-token-IDs
MentalBERT,j97g2f,444,206,1013,/,/,False,anger,-0.0008578849706931839,0.0008578849706931839,0.2932449281215668,0.05900707468390465,0.35,0,0,901,FP32-token-IDs
MentalBERT,j97g2f,444,206,1013,/,/,False,brain dysfunction (forget),-0.0003490772760414984,0.0003490772760414984,0.23247233033180237,0.014720726758241653,0.35,0,0,901,FP32-token-IDs
MentalBERT,j97g2f,444,206,1013,/,/,False,emptiness,-0.0007260560669237748,0.0007260560669237748,0.24864429235458374,0.06192978844046593,0.35,0,0,901,FP32-token-IDs
MentalBERT,j97g2f,444,206,1013,/,/,False,hopelessness,-0.002693138180932562,0.002693138180932562,0.4583815634250641,0.3241725265979767,0.35,0,0,901,FP32-token-IDs
MentalBERT,j97g2f,444,206,1013,/,/,False,loneliness,-0.0024047308501654436,0.0024047308501654436,0.6244892477989197,0.18737603724002838,0.35,0,0,901,FP32-token-IDs
MentalBERT,j97g2f,444,206,1013,/,/,False,sadness,-0.0005235252901911736,0.0005235252901911736,0.4321674406528473,0.9576798677444458,0.35,1,1,901,FP32-token-IDs
MentalBERT,j97g2f,444,206,1013,/,/,False,suicide intent,-0.00011346086934541486,0.00011346086934541486,0.06991535425186157,0.01626262441277504,0.35,0,0,901,FP32-token-IDs
MentalBERT,j97g2f,444,206,1013,/,/,False,worthlessness,-0.0024379252468601665,0.0024379252468601665,0.4828818440437317,0.04357760027050972,0.35,0,0,901,FP32-token-IDs
MentalBERT,j97g2f,444,207,1013,/,/,False,anger,-0.0008578849706931839,0.0008578849706931839,0.2932449281215668,0.05900707468390465,0.35,0,0,901,FP32-token-IDs
MentalBERT,j97g2f,444,207,1013,/,/,False,brain dysfunction (forget),-0.0003490772760414984,0.0003490772760414984,0.23247233033180237,0.014720726758241653,0.35,0,0,901,FP32-token-IDs
MentalBERT,j97g2f,444,207,1013,/,/,False,emptiness,-0.0007260560669237748,0.0007260560669237748,0.24864429235458374,0.06192978844046593,0.35,0,0,901,FP32-token-IDs
MentalBERT,j97g2f,444,207,1013,/,/,False,hopelessness,-0.002693138180932562,0.002693138180932562,0.4583815634250641,0.3241725265979767,0.35,0,0,901,FP32-token-IDs
MentalBERT,j97g2f,444,207,1013,/,/,False,loneliness,-0.0024047308501654436,0.0024047308501654436,0.6244892477989197,0.18737603724002838,0.35,0,0,901,FP32-token-IDs
MentalBERT,j97g2f,444,207,1013,/,/,False,sadness,-0.0005235252901911736,0.0005235252901911736,0.4321674406528473,0.9576798677444458,0.35,1,1,901,FP32-token-IDs
MentalBERT,j97g2f,444,207,1013,/,/,False,suicide intent,-0.00011346086934541486,0.00011346086934541486,0.06991535425186157,0.01626262441277504,0.35,0,0,901,FP32-token-IDs
MentalBERT,j97g2f,444,207,1013,/,/,False,worthlessness,-0.0024379252468601665,0.0024379252468601665,0.4828818440437317,0.04357760027050972,0.35,0,0,901,FP32-token-IDs
MentalBERT,j97g2f,444,208,7479,www,www,False,anger,-0.0008578849706931839,0.0008578849706931839,0.2932449281215668,0.05900707468390465,0.35,0,0,901,FP32-token-IDs
MentalBERT,j97g2f,444,208,7479,www,www,False,brain dysfunction (forget),-0.0003490772760414984,0.0003490772760414984,0.23247233033180237,0.014720726758241653,0.35,0,0,901,FP32-token-IDs
MentalBERT,j97g2f,444,208,7479,www,www,False,emptiness,-0.0007260560669237748,0.0007260560669237748,0.24864429235458374,0.06192978844046593,0.35,0,0,901,FP32-token-IDs
MentalBERT,j97g2f,444,208,7479,www,www,False,hopelessness,-0.002693138180932562,0.002693138180932562,0.4583815634250641,0.3241725265979767,0.35,0,0,901,FP32-token-IDs
MentalBERT,j97g2f,444,208,7479,www,www,False,loneliness,-0.0024047308501654436,0.0024047308501654436,0.6244892477989197,0.18737603724002838,0.35,0,0,901,FP32-token-IDs
MentalBERT,j97g2f,444,208,7479,www,www,False,sadness,-0.0005235252901911736,0.0005235252901911736,0.4321674406528473,0.9576798677444458,0.35,1,1,901,FP32-token-IDs
MentalBERT,j97g2f,444,208,7479,www,www,False,suicide intent,-0.00011346086934541486,0.00011346086934541486,0.06991535425186157,0.01626262441277504,0.35,0,0,901,FP32-token-IDs
MentalBERT,j97g2f,444,208,7479,www,www,False,worthlessness,-0.0024379252468601665,0.0024379252468601665,0.4828818440437317,0.04357760027050972,0.35,0,0,901,FP32-token-IDs
MentalBERT,j97g2f,444,209,1012,.,.,False,anger,-0.0008578849706931838,0.0008578849706931838,0.2932449281215668,0.05900707468390465,0.35,0,0,901,FP32-token-IDs
MentalBERT,j97g2f,444,209,1012,.,.,False,brain dysfunction (forget),-0.0003490772760414984,0.0003490772760414984,0.23247233033180237,0.014720726758241653,0.35,0,0,901,FP32-token-IDs
MentalBERT,j97g2f,444,209,1012,.,.,False,emptiness,-0.0007260560669237748,0.0007260560669237748,0.24864429235458374,0.06192978844046593,0.35,0,0,901,FP32-token-IDs
MentalBERT,j97g2f,444,209,1012,.,.,False,hopelessness,-0.002693138180932562,0.002693138180932562,0.4583815634250641,0.3241725265979767,0.35,0,0,901,FP32-token-IDs
MentalBERT,j97g2f,444,209,1012,.,.,False,loneliness,-0.0024047308501654436,0.0024047308501654436,0.6244892477989197,0.18737603724002838,0.35,0,0,901,FP32-token-IDs
MentalBERT,j97g2f,444,209,1012,.,.,False,sadness,-0.0005235252901911736,0.0005235252901911736,0.4321674406528473,0.9576798677444458,0.35,1,1,901,FP32-token-IDs
MentalBERT,j97g2f,444,209,1012,.,.,False,suicide intent,-0.00011346086934541486,0.00011346086934541486,0.06991535425186157,0.01626262441277504,0.35,0,0,901,FP32-token-IDs
MentalBERT,j97g2f,444,209,1012,.,.,False,worthlessness,-0.0024379252468601665,0.0024379252468601665,0.4828818440437317,0.04357760027050972,0.35,0,0,901,FP32-token-IDs
MentalBERT,j97g2f,444,210,27118,ina,ina,False,anger,0.0005546426012491186,0.0005546426012491186,0.2932449281215668,0.05900707468390465,0.35,0,0,901,FP32-token-IDs
MentalBERT,j97g2f,444,210,27118,ina,ina,False,brain dysfunction (forget),8.820466812014478e-05,8.820466812014478e-05,0.23247233033180237,0.014720726758241653,0.35,0,0,901,FP32-token-IDs
MentalBERT,j97g2f,444,210,27118,ina,ina,False,emptiness,-0.0005067238703809886,0.0005067238703809886,0.24864429235458374,0.06192978844046593,0.35,0,0,901,FP32-token-IDs
MentalBERT,j97g2f,444,210,27118,ina,ina,False,hopelessness,-0.0011923423379711392,0.0011923423379711392,0.4583815634250641,0.3241725265979767,0.35,0,0,901,FP32-token-IDs
MentalBERT,j97g2f,444,210,27118,ina,ina,False,loneliness,-0.0033950686532383165,0.0033950686532383165,0.6244892477989197,0.18737603724002838,0.35,0,0,901,FP32-token-IDs
MentalBERT,j97g2f,444,210,27118,ina,ina,False,sadness,-4.1100015449855075e-05,4.1100015449855075e-05,0.4321674406528473,0.9576798677444458,0.35,1,1,901,FP32-token-IDs
MentalBERT,j97g2f,444,210,27118,ina,ina,False,suicide intent,-1.7006237612804398e-05,1.7006237612804398e-05,0.06991535425186157,0.01626262441277504,0.35,0,0,901,FP32-token-IDs
MentalBERT,j97g2f,444,210,27118,ina,ina,False,worthlessness,-0.0007067672187177879,0.0007067672187177879,0.4828818440437317,0.04357760027050972,0.35,0,0,901,FP32-token-IDs
MentalBERT,j97g2f,444,211,3148,##ya,ya,False,anger,0.0005546426012491186,0.0005546426012491186,0.2932449281215668,0.05900707468390465,0.35,0,0,901,FP32-token-IDs
MentalBERT,j97g2f,444,211,3148,##ya,ya,False,brain dysfunction (forget),8.820466812014478e-05,8.820466812014478e-05,0.23247233033180237,0.014720726758241653,0.35,0,0,901,FP32-token-IDs
MentalBERT,j97g2f,444,211,3148,##ya,ya,False,emptiness,-0.0005067238703809886,0.0005067238703809886,0.24864429235458374,0.06192978844046593,0.35,0,0,901,FP32-token-IDs
MentalBERT,j97g2f,444,211,3148,##ya,ya,False,hopelessness,-0.0011923423379711392,0.0011923423379711392,0.4583815634250641,0.3241725265979767,0.35,0,0,901,FP32-token-IDs
MentalBERT,j97g2f,444,211,3148,##ya,ya,False,loneliness,-0.0033950686532383165,0.0033950686532383165,0.6244892477989197,0.18737603724002838,0.35,0,0,901,FP32-token-IDs
MentalBERT,j97g2f,444,211,3148,##ya,ya,False,sadness,-4.1100015449855075e-05,4.1100015449855075e-05,0.4321674406528473,0.9576798677444458,0.35,1,1,901,FP32-token-IDs
MentalBERT,j97g2f,444,211,3148,##ya,ya,False,suicide intent,-1.7006237612804398e-05,1.7006237612804398e-05,0.06991535425186157,0.01626262441277504,0.35,0,0,901,FP32-token-IDs
MentalBERT,j97g2f,444,211,3148,##ya,ya,False,worthlessness,-0.0007067672187177879,0.0007067672187177879,0.4828818440437317,0.04357760027050972,0.35,0,0,901,FP32-token-IDs
MentalBERT,j97g2f,444,212,8663,##con,con,False,anger,0.0005546426012491187,0.0005546426012491187,0.2932449281215668,0.05900707468390465,0.35,0,0,901,FP32-token-IDs
MentalBERT,j97g2f,444,212,8663,##con,con,False,brain dysfunction (forget),8.820466812014476e-05,8.820466812014476e-05,0.23247233033180237,0.014720726758241653,0.35,0,0,901,FP32-token-IDs
MentalBERT,j97g2f,444,212,8663,##con,con,False,emptiness,-0.0005067238703809886,0.0005067238703809886,0.24864429235458374,0.06192978844046593,0.35,0,0,901,FP32-token-IDs
MentalBERT,j97g2f,444,212,8663,##con,con,False,hopelessness,-0.0011923423379711392,0.0011923423379711392,0.4583815634250641,0.3241725265979767,0.35,0,0,901,FP32-token-IDs
MentalBERT,j97g2f,444,212,8663,##con,con,False,loneliness,-0.0033950686532383165,0.0033950686532383165,0.6244892477989197,0.18737603724002838,0.35,0,0,901,FP32-token-IDs
MentalBERT,j97g2f,444,212,8663,##con,con,False,sadness,-4.110001544985507e-05,4.110001544985507e-05,0.4321674406528473,0.9576798677444458,0.35,1,1,901,FP32-token-IDs
MentalBERT,j97g2f,444,212,8663,##con,con,False,suicide intent,-1.7006237612804398e-05,1.7006237612804398e-05,0.06991535425186157,0.01626262441277504,0.35,0,0,901,FP32-token-IDs
MentalBERT,j97g2f,444,212,8663,##con,con,False,worthlessness,-0.0007067672187177879,0.0007067672187177879,0.4828818440437317,0.04357760027050972,0.35,0,0,901,FP32-token-IDs
MentalBERT,j97g2f,444,213,2638,##ne,ne,False,anger,0.0005546426012491187,0.0005546426012491187,0.2932449281215668,0.05900707468390465,0.35,0,0,901,FP32-token-IDs
MentalBERT,j97g2f,444,213,2638,##ne,ne,False,brain dysfunction (forget),8.820466812014476e-05,8.820466812014476e-05,0.23247233033180237,0.014720726758241653,0.35,0,0,901,FP32-token-IDs
MentalBERT,j97g2f,444,213,2638,##ne,ne,False,emptiness,-0.0005067238703809886,0.0005067238703809886,0.24864429235458374,0.06192978844046593,0.35,0,0,901,FP32-token-IDs
MentalBERT,j97g2f,444,213,2638,##ne,ne,False,hopelessness,-0.0011923423379711392,0.0011923423379711392,0.4583815634250641,0.3241725265979767,0.35,0,0,901,FP32-token-IDs
MentalBERT,j97g2f,444,213,2638,##ne,ne,False,loneliness,-0.0033950686532383165,0.0033950686532383165,0.6244892477989197,0.18737603724002838,0.35,0,0,901,FP32-token-IDs
MentalBERT,j97g2f,444,213,2638,##ne,ne,False,sadness,-4.110001544985507e-05,4.110001544985507e-05,0.4321674406528473,0.9576798677444458,0.35,1,1,901,FP32-token-IDs
MentalBERT,j97g2f,444,213,2638,##ne,ne,False,suicide intent,-1.7006237612804398e-05,1.7006237612804398e-05,0.06991535425186157,0.01626262441277504,0.35,0,0,901,FP32-token-IDs
MentalBERT,j97g2f,444,213,2638,##ne,ne,False,worthlessness,-0.0007067672187177879,0.0007067672187177879,0.4828818440437317,0.04357760027050972,0.35,0,0,901,FP32-token-IDs
MentalBERT,j97g2f,444,214,6593,##ct,ct,False,anger,0.0005546426012491187,0.0005546426012491187,0.2932449281215668,0.05900707468390465,0.35,0,0,901,FP32-token-IDs
MentalBERT,j97g2f,444,214,6593,##ct,ct,False,brain dysfunction (forget),8.820466812014476e-05,8.820466812014476e-05,0.23247233033180237,0.014720726758241653,0.35,0,0,901,FP32-token-IDs
MentalBERT,j97g2f,444,214,6593,##ct,ct,False,emptiness,-0.0005067238703809886,0.0005067238703809886,0.24864429235458374,0.06192978844046593,0.35,0,0,901,FP32-token-IDs
MentalBERT,j97g2f,444,214,6593,##ct,ct,False,hopelessness,-0.0011923423379711392,0.0011923423379711392,0.4583815634250641,0.3241725265979767,0.35,0,0,901,FP32-token-IDs
MentalBERT,j97g2f,444,214,6593,##ct,ct,False,loneliness,-0.0033950686532383165,0.0033950686532383165,0.6244892477989197,0.18737603724002838,0.35,0,0,901,FP32-token-IDs
MentalBERT,j97g2f,444,214,6593,##ct,ct,False,sadness,-4.110001544985507e-05,4.110001544985507e-05,0.4321674406528473,0.9576798677444458,0.35,1,1,901,FP32-token-IDs
MentalBERT,j97g2f,444,214,6593,##ct,ct,False,suicide intent,-1.7006237612804398e-05,1.7006237612804398e-05,0.06991535425186157,0.01626262441277504,0.35,0,0,901,FP32-token-IDs
MentalBERT,j97g2f,444,214,6593,##ct,ct,False,worthlessness,-0.0007067672187177879,0.0007067672187177879,0.4828818440437317,0.04357760027050972,0.35,0,0,901,FP32-token-IDs
MentalBERT,j97g2f,444,215,1012,.,.,False,anger,0.0005546426012491187,0.0005546426012491187,0.2932449281215668,0.05900707468390465,0.35,0,0,901,FP32-token-IDs
MentalBERT,j97g2f,444,215,1012,.,.,False,brain dysfunction (forget),8.820466812014476e-05,8.820466812014476e-05,0.23247233033180237,0.014720726758241653,0.35,0,0,901,FP32-token-IDs
MentalBERT,j97g2f,444,215,1012,.,.,False,emptiness,-0.0005067238703809886,0.0005067238703809886,0.24864429235458374,0.06192978844046593,0.35,0,0,901,FP32-token-IDs
MentalBERT,j97g2f,444,215,1012,.,.,False,hopelessness,-0.0011923423379711392,0.0011923423379711392,0.4583815634250641,0.3241725265979767,0.35,0,0,901,FP32-token-IDs
MentalBERT,j97g2f,444,215,1012,.,.,False,loneliness,-0.0033950686532383165,0.0033950686532383165,0.6244892477989197,0.18737603724002838,0.35,0,0,901,FP32-token-IDs
MentalBERT,j97g2f,444,215,1012,.,.,False,sadness,-4.110001544985507e-05,4.110001544985507e-05,0.4321674406528473,0.9576798677444458,0.35,1,1,901,FP32-token-IDs
MentalBERT,j97g2f,444,215,1012,.,.,False,suicide intent,-1.7006237612804398e-05,1.7006237612804398e-05,0.06991535425186157,0.01626262441277504,0.35,0,0,901,FP32-token-IDs
MentalBERT,j97g2f,444,215,1012,.,.,False,worthlessness,-0.0007067672187177879,0.0007067672187177879,0.4828818440437317,0.04357760027050972,0.35,0,0,901,FP32-token-IDs
MentalBERT,j97g2f,444,216,4012,com,com,False,anger,-0.0004476950077029566,0.0004476950077029566,0.2932449281215668,0.05900707468390465,0.35,0,0,901,FP32-token-IDs
MentalBERT,j97g2f,444,216,4012,com,com,False,brain dysfunction (forget),6.759400720410567e-05,6.759400720410567e-05,0.23247233033180237,0.014720726758241653,0.35,0,0,901,FP32-token-IDs
MentalBERT,j97g2f,444,216,4012,com,com,False,emptiness,-0.0007249445075608998,0.0007249445075608998,0.24864429235458374,0.06192978844046593,0.35,0,0,901,FP32-token-IDs
MentalBERT,j97g2f,444,216,4012,com,com,False,hopelessness,-0.002528397214417863,0.002528397214417863,0.4583815634250641,0.3241725265979767,0.35,0,0,901,FP32-token-IDs
MentalBERT,j97g2f,444,216,4012,com,com,False,loneliness,-0.003930978127755225,0.003930978127755225,0.6244892477989197,0.18737603724002838,0.35,0,0,901,FP32-token-IDs
MentalBERT,j97g2f,444,216,4012,com,com,False,sadness,-9.840708743366931e-05,9.840708743366931e-05,0.4321674406528473,0.9576798677444458,0.35,1,1,901,FP32-token-IDs
MentalBERT,j97g2f,444,216,4012,com,com,False,suicide intent,-2.250166653539054e-05,2.250166653539054e-05,0.06991535425186157,0.01626262441277504,0.35,0,0,901,FP32-token-IDs
MentalBERT,j97g2f,444,216,4012,com,com,False,worthlessness,-0.0017943806225149373,0.0017943806225149373,0.4828818440437317,0.04357760027050972,0.35,0,0,901,FP32-token-IDs
MentalBERT,j97g2f,444,217,1013,/,/,False,anger,-0.0004476950077029566,0.0004476950077029566,0.2932449281215668,0.05900707468390465,0.35,0,0,901,FP32-token-IDs
MentalBERT,j97g2f,444,217,1013,/,/,False,brain dysfunction (forget),6.759400720410567e-05,6.759400720410567e-05,0.23247233033180237,0.014720726758241653,0.35,0,0,901,FP32-token-IDs
MentalBERT,j97g2f,444,217,1013,/,/,False,emptiness,-0.0007249445075608998,0.0007249445075608998,0.24864429235458374,0.06192978844046593,0.35,0,0,901,FP32-token-IDs
MentalBERT,j97g2f,444,217,1013,/,/,False,hopelessness,-0.002528397214417863,0.002528397214417863,0.4583815634250641,0.3241725265979767,0.35,0,0,901,FP32-token-IDs
MentalBERT,j97g2f,444,217,1013,/,/,False,loneliness,-0.003930978127755225,0.003930978127755225,0.6244892477989197,0.18737603724002838,0.35,0,0,901,FP32-token-IDs
MentalBERT,j97g2f,444,217,1013,/,/,False,sadness,-9.840708743366931e-05,9.840708743366931e-05,0.4321674406528473,0.9576798677444458,0.35,1,1,901,FP32-token-IDs
MentalBERT,j97g2f,444,217,1013,/,/,False,suicide intent,-2.250166653539054e-05,2.250166653539054e-05,0.06991535425186157,0.01626262441277504,0.35,0,0,901,FP32-token-IDs
MentalBERT,j97g2f,444,217,1013,/,/,False,worthlessness,-0.0017943806225149373,0.0017943806225149373,0.4828818440437317,0.04357760027050972,0.35,0,0,901,FP32-token-IDs
MentalBERT,j97g2f,444,218,1007,),),False,anger,-0.0004476950077029566,0.0004476950077029566,0.2932449281215668,0.05900707468390465,0.35,0,0,901,FP32-token-IDs
MentalBERT,j97g2f,444,218,1007,),),False,brain dysfunction (forget),6.759400720410567e-05,6.759400720410567e-05,0.23247233033180237,0.014720726758241653,0.35,0,0,901,FP32-token-IDs
MentalBERT,j97g2f,444,218,1007,),),False,emptiness,-0.0007249445075608998,0.0007249445075608998,0.24864429235458374,0.06192978844046593,0.35,0,0,901,FP32-token-IDs
MentalBERT,j97g2f,444,218,1007,),),False,hopelessness,-0.002528397214417863,0.002528397214417863,0.4583815634250641,0.3241725265979767,0.35,0,0,901,FP32-token-IDs
MentalBERT,j97g2f,444,218,1007,),),False,loneliness,-0.003930978127755225,0.003930978127755225,0.6244892477989197,0.18737603724002838,0.35,0,0,901,FP32-token-IDs
MentalBERT,j97g2f,444,218,1007,),),False,sadness,-9.840708743366931e-05,9.840708743366931e-05,0.4321674406528473,0.9576798677444458,0.35,1,1,901,FP32-token-IDs
MentalBERT,j97g2f,444,218,1007,),),False,suicide intent,-2.250166653539054e-05,2.250166653539054e-05,0.06991535425186157,0.01626262441277504,0.35,0,0,901,FP32-token-IDs
MentalBERT,j97g2f,444,218,1007,),),False,worthlessness,-0.0017943806225149373,0.0017943806225149373,0.4828818440437317,0.04357760027050972,0.35,0,0,901,FP32-token-IDs
MentalBERT,j97g2f,444,219,1998,and,and,False,anger,-0.0031642888206988573,0.0031642888206988573,0.2932449281215668,0.05900707468390465,0.35,0,0,901,FP32-token-IDs
MentalBERT,j97g2f,444,219,1998,and,and,False,brain dysfunction (forget),-0.0021275690960465,0.0021275690960465,0.23247233033180237,0.014720726758241653,0.35,0,0,901,FP32-token-IDs
MentalBERT,j97g2f,444,219,1998,and,and,False,emptiness,-0.003231487974214057,0.003231487974214057,0.24864429235458374,0.06192978844046593,0.35,0,0,901,FP32-token-IDs
MentalBERT,j97g2f,444,219,1998,and,and,False,hopelessness,-0.00842300841274361,0.00842300841274361,0.4583815634250641,0.3241725265979767,0.35,0,0,901,FP32-token-IDs
MentalBERT,j97g2f,444,219,1998,and,and,False,loneliness,-0.004846007252732913,0.004846007252732913,0.6244892477989197,0.18737603724002838,0.35,0,0,901,FP32-token-IDs
MentalBERT,j97g2f,444,219,1998,and,and,False,sadness,-0.0023436304181814194,0.0023436304181814194,0.4321674406528473,0.9576798677444458,0.35,1,1,901,FP32-token-IDs
MentalBERT,j97g2f,444,219,1998,and,and,False,suicide intent,-0.0002628409517152856,0.0002628409517152856,0.06991535425186157,0.01626262441277504,0.35,0,0,901,FP32-token-IDs
MentalBERT,j97g2f,444,219,1998,and,and,False,worthlessness,-0.0071494473377242684,0.0071494473377242684,0.4828818440437317,0.04357760027050972,0.35,0,0,901,FP32-token-IDs
MentalBERT,j97g2f,444,220,2507,give,give,False,anger,-0.0025544653180986643,0.0025544653180986643,0.2932449281215668,0.05900707468390465,0.35,0,0,901,FP32-token-IDs
MentalBERT,j97g2f,444,220,2507,give,give,False,brain dysfunction (forget),-0.002119983262673486,0.002119983262673486,0.23247233033180237,0.014720726758241653,0.35,0,0,901,FP32-token-IDs
MentalBERT,j97g2f,444,220,2507,give,give,False,emptiness,-0.0026289988697196045,0.0026289988697196045,0.24864429235458374,0.06192978844046593,0.35,0,0,901,FP32-token-IDs
MentalBERT,j97g2f,444,220,2507,give,give,False,hopelessness,-0.007077333439762394,0.007077333439762394,0.4583815634250641,0.3241725265979767,0.35,0,0,901,FP32-token-IDs
MentalBERT,j97g2f,444,220,2507,give,give,False,loneliness,-0.004257785777250926,0.004257785777250926,0.6244892477989197,0.18737603724002838,0.35,0,0,901,FP32-token-IDs
MentalBERT,j97g2f,444,220,2507,give,give,False,sadness,-0.0023000063374638557,0.0023000063374638557,0.4321674406528473,0.9576798677444458,0.35,1,1,901,FP32-token-IDs
MentalBERT,j97g2f,444,220,2507,give,give,False,suicide intent,-0.00025176352452641976,0.00025176352452641976,0.06991535425186157,0.01626262441277504,0.35,0,0,901,FP32-token-IDs
MentalBERT,j97g2f,444,220,2507,give,give,False,worthlessness,-0.0055179992923513055,0.0055179992923513055,0.4828818440437317,0.04357760027050972,0.35,0,0,901,FP32-token-IDs
MentalBERT,j97g2f,444,221,2033,me,me,False,anger,-0.0025544653180986643,0.0025544653180986643,0.2932449281215668,0.05900707468390465,0.35,0,0,901,FP32-token-IDs
MentalBERT,j97g2f,444,221,2033,me,me,False,brain dysfunction (forget),-0.002119983262673486,0.002119983262673486,0.23247233033180237,0.014720726758241653,0.35,0,0,901,FP32-token-IDs
MentalBERT,j97g2f,444,221,2033,me,me,False,emptiness,-0.0026289988697196045,0.0026289988697196045,0.24864429235458374,0.06192978844046593,0.35,0,0,901,FP32-token-IDs
MentalBERT,j97g2f,444,221,2033,me,me,False,hopelessness,-0.007077333439762394,0.007077333439762394,0.4583815634250641,0.3241725265979767,0.35,0,0,901,FP32-token-IDs
MentalBERT,j97g2f,444,221,2033,me,me,False,loneliness,-0.004257785777250926,0.004257785777250926,0.6244892477989197,0.18737603724002838,0.35,0,0,901,FP32-token-IDs
MentalBERT,j97g2f,444,221,2033,me,me,False,sadness,-0.0023000063374638557,0.0023000063374638557,0.4321674406528473,0.9576798677444458,0.35,1,1,901,FP32-token-IDs
MentalBERT,j97g2f,444,221,2033,me,me,False,suicide intent,-0.00025176352452641976,0.00025176352452641976,0.06991535425186157,0.01626262441277504,0.35,0,0,901,FP32-token-IDs
MentalBERT,j97g2f,444,221,2033,me,me,False,worthlessness,-0.0055179992923513055,0.0055179992923513055,0.4828818440437317,0.04357760027050972,0.35,0,0,901,FP32-token-IDs
MentalBERT,j97g2f,444,222,2115,your,your,False,anger,-0.004651872906833887,0.004651872906833887,0.2932449281215668,0.05900707468390465,0.35,0,0,901,FP32-token-IDs
MentalBERT,j97g2f,444,222,2115,your,your,False,brain dysfunction (forget),-0.0014471406878631872,0.0014471406878631872,0.23247233033180237,0.014720726758241653,0.35,0,0,901,FP32-token-IDs
MentalBERT,j97g2f,444,222,2115,your,your,False,emptiness,-0.005109001280895123,0.005109001280895123,0.24864429235458374,0.06192978844046593,0.35,0,0,901,FP32-token-IDs
MentalBERT,j97g2f,444,222,2115,your,your,False,hopelessness,-0.01980903938723107,0.01980903938723107,0.4583815634250641,0.3241725265979767,0.35,0,0,901,FP32-token-IDs
MentalBERT,j97g2f,444,222,2115,your,your,False,loneliness,-0.011049825077255566,0.011049825077255566,0.6244892477989197,0.18737603724002838,0.35,0,0,901,FP32-token-IDs
MentalBERT,j97g2f,444,222,2115,your,your,False,sadness,-0.0055140875435123835,0.0055140875435123835,0.4321674406528473,0.9576798677444458,0.35,1,1,901,FP32-token-IDs
MentalBERT,j97g2f,444,222,2115,your,your,False,suicide intent,-9.083769449110454e-05,9.083769449110454e-05,0.06991535425186157,0.01626262441277504,0.35,0,0,901,FP32-token-IDs
MentalBERT,j97g2f,444,222,2115,your,your,False,worthlessness,-0.011986768532854816,0.011986768532854816,0.4828818440437317,0.04357760027050972,0.35,0,0,901,FP32-token-IDs
MentalBERT,j97g2f,444,223,12247,feedback,feedback,False,anger,-0.005451289936900139,0.005451289936900139,0.2932449281215668,0.05900707468390465,0.35,0,0,901,FP32-token-IDs
MentalBERT,j97g2f,444,223,12247,feedback,feedback,False,brain dysfunction (forget),-0.0014360369071558428,0.0014360369071558428,0.23247233033180237,0.014720726758241653,0.35,0,0,901,FP32-token-IDs
MentalBERT,j97g2f,444,223,12247,feedback,feedback,False,emptiness,-0.005237985965019712,0.005237985965019712,0.24864429235458374,0.06192978844046593,0.35,0,0,901,FP32-token-IDs
MentalBERT,j97g2f,444,223,12247,feedback,feedback,False,hopelessness,-0.02118087567699452,0.02118087567699452,0.4583815634250641,0.3241725265979767,0.35,0,0,901,FP32-token-IDs
MentalBERT,j97g2f,444,223,12247,feedback,feedback,False,loneliness,-0.01058397286882003,0.01058397286882003,0.6244892477989197,0.18737603724002838,0.35,0,0,901,FP32-token-IDs
MentalBERT,j97g2f,444,223,12247,feedback,feedback,False,sadness,-0.00558339098157982,0.00558339098157982,0.4321674406528473,0.9576798677444458,0.35,1,1,901,FP32-token-IDs
MentalBERT,j97g2f,444,223,12247,feedback,feedback,False,suicide intent,-9.576604982915646e-05,9.576604982915646e-05,0.06991535425186157,0.01626262441277504,0.35,0,0,901,FP32-token-IDs
MentalBERT,j97g2f,444,223,12247,feedback,feedback,False,worthlessness,-0.012977555122536918,0.012977555122536918,0.4828818440437317,0.04357760027050972,0.35,0,0,901,FP32-token-IDs
MentalBERT,j97g2f,444,224,102,[SEP],,True,anger,-0.0010946381371468306,0.0010946381371468306,0.2932449281215668,0.05900707468390465,0.35,0,0,901,FP32-token-IDs
MentalBERT,j97g2f,444,224,102,[SEP],,True,brain dysfunction (forget),-0.0013785981039594237,0.0013785981039594237,0.23247233033180237,0.014720726758241653,0.35,0,0,901,FP32-token-IDs
MentalBERT,j97g2f,444,224,102,[SEP],,True,emptiness,-0.0020756203836450973,0.0020756203836450973,0.24864429235458374,0.06192978844046593,0.35,0,0,901,FP32-token-IDs
MentalBERT,j97g2f,444,224,102,[SEP],,True,hopelessness,-0.00636936731946965,0.00636936731946965,0.4583815634250641,0.3241725265979767,0.35,0,0,901,FP32-token-IDs
MentalBERT,j97g2f,444,224,102,[SEP],,True,loneliness,-0.0070732928191622095,0.0070732928191622095,0.6244892477989197,0.18737603724002838,0.35,0,0,901,FP32-token-IDs
MentalBERT,j97g2f,444,224,102,[SEP],,True,sadness,-0.0030963413106898465,0.0030963413106898465,0.4321674406528473,0.9576798677444458,0.35,1,1,901,FP32-token-IDs
MentalBERT,j97g2f,444,224,102,[SEP],,True,suicide intent,-0.00012856629230858138,0.00012856629230858138,0.06991535425186157,0.01626262441277504,0.35,0,0,901,FP32-token-IDs
MentalBERT,j97g2f,444,224,102,[SEP],,True,worthlessness,-0.00300477115282168,0.00300477115282168,0.4828818440437317,0.04357760027050972,0.35,0,0,901,FP32-token-IDs
